score,categories,platform,comment_text,engagement_likes,reply_count,content_url,comment_id,source_actor,source_run_id
11.086,strategy_rules|education_gap,youtube,"Thanks for adding 1000 in my debt, i meant this as a joke. Tho ORB is useless most of the time you never get the retracement you want or when you get it price reverses. Liquidity grabs and other kinda bs. I like 8 am CRT better and has way better winrate than whatever this bs of strategy has.",1791,65,https://www.youtube.com/shorts/I29peidTQxU,UgzAKfBz0cPtWg3OL8Z4AaABAg,youtube-data-api-v3/commentThreads.list,
10.772,risk_management|education_gap,youtube,"Man, you've genuinely changed my life. I was a college dropout, down to my last bit of savings, and decided to teach myself trading from scratch. I’ve watched all your 230 videos (231 including this one), and those lessons became the foundation for my own trading style. Today, my stop loss alone matches what my former teachers make in a year. I've built my capital independently, without any funding. You’re the only one out here who truly cares about teaching us the real deal. Thank you for everything!",1298,66,https://www.youtube.com/shorts/JD_sWSjIiJE,Ugws86EZv-1Iqm7Dwgx4AaABAg,youtube-data-api-v3/commentThreads.list,
9.29,education_gap,youtube,"I'm actually really good at this TDA. My problem is dicipline. I do not stick to my plan. It almost always does what I think it will when I am planning.then I see a move on the lower time frame,which I trade, and I take the trade instead of being patient. I'm so close to being profitable!",232,23,https://www.youtube.com/shorts/GKN-iVjJpyA,UgwlM_C1qIFY2vrr51t4AaABAg,youtube-data-api-v3/commentThreads.list,
8.815,other_question_or_pain,youtube,"One of the books that made me profitable was 44 trading powers by lucian, I mean it helped me with so much investing andtrading stuff, hope you all guys find it that valuable, hit me up I will hook you with free pdf",204,11,https://www.youtube.com/shorts/990oOC-bHxA,UgwL2SK4HMRozIreaCh4AaABAg,youtube-data-api-v3/commentThreads.list,
8.808,risk_management|strategy_rules,youtube,"Robots are better than me because they can trade for me while I'm sleeping. They have better strategies, and they follow the strategy, which sometimes I don't because of emotion, Al is taking over the world 💀",235,39,https://www.youtube.com/shorts/TvWks6oJ-9U,Ugz4_FOd2jvXuiA5vN14AaABAg,youtube-data-api-v3/commentThreads.list,
8.704,entry_timing|education_gap,youtube,"Before entering into any trade, study and understand the market with a trading simulator before diving in with real cash. it's really helpful. However, my portfolio has been stalling this year. I have approximately $150k stagnant in my reserve that needs growth, any suggestions  to grow my portfolio will be highly appreciated.",201,5,https://www.youtube.com/shorts/JD_sWSjIiJE,Ugxi2h2OOg1WglpybOl4AaABAg,youtube-data-api-v3/commentThreads.list,
8.532,strategy_rules|education_gap,youtube,"I swear I’ve tried every timeframe and pattern out there 😩. 1H, 15M, 5M  nothing ever feels consistent. Every time I think I found the setup, the market flips on me. What’s so special about this 1H pattern everyone’s talking about?",100,16,https://www.youtube.com/shorts/JD_sWSjIiJE,UgyE0W--P_PmxXxFusd4AaABAg,youtube-data-api-v3/commentThreads.list,
8.47,strategy_rules,youtube,Nowadays isee young people crazy wanna complex strategy like SMC ICT wcykoff setup without strengthen the basic of market...basic is king guys...even JEA make this video to help out ..please don't skip n understand really well of this valuable video... master market structure -SnR-SnD before look for a advance strategy... Always great content bratha 🤝,189,6,https://www.youtube.com/shorts/LclxDYccla8,UgyUIYU3DEoROf2wb2R4AaABAg,youtube-data-api-v3/commentThreads.list,
8.469,education_gap,youtube,"Great video, one that folks really need to watch. I could have made a fortune as a day trader shorting almost every stock/Crypto 've bought. I have an uncanny ability to buy stocks at the highest price they will sell for months at a time. I have no idea how I do it.",787,2,https://www.youtube.com/shorts/JD_sWSjIiJE,UgxwqEvv_LjvcgG9OKR4AaABAg,youtube-data-api-v3/commentThreads.list,
8.265,risk_management|strategy_rules,youtube,"1. have winning bigger than your losses.
2. have filters
3. think in probabilities and not in certainty
4. take breaks instead of quitting 
5. create a strategy that fits your personality
6. don't chase
7. work on yourself
8. make sure you understand the bigger picture
9.ask for help
10. get enough sleep,",67,21,https://www.youtube.com/shorts/I29peidTQxU,UgyDiM1OyWIPWRIT3WF4AaABAg,youtube-data-api-v3/commentThreads.list,
8.158,strategy_rules|education_gap,youtube,"Every ICT model is a gem, but this strategy is something else.....I'm doing paper trading and i never lost a trade in the last month, you explained it very well",188,16,https://www.youtube.com/shorts/0xygpCMwxbQ,UgzQCOORyx7T8s_Nh7F4AaABAg,youtube-data-api-v3/commentThreads.list,
8.149,risk_management,youtube,"When it comes to investing, we want our money to grow with the highest rate of returns and the lowest risk possible. While there are not shortcuts to getting Rich,  they're smart way to go about it I invested 10k and made up to 36k as weekly profit I appreciate the help of your channel",109,10,https://www.youtube.com/shorts/m-G1ag77aVc,UgxXFHVeuIHf06K84ON4AaABAg,youtube-data-api-v3/commentThreads.list,
8.145,education_gap,youtube,"This video is exactly why I’ll never be mad at anyone who creates and sells a course. 

Everyone is teaching the exact same shit in their courses, but I always say you’re not paying for the “strategies” in the course but instead, you’re paying for a mentor to simplify your learning curve. 

Been trading for a few years and something so simple as this will drastically change my view on the charts.

Good stuff TTrades! 🔥",328,8,https://www.youtube.com/shorts/6zTz7WMdMWg,UgwfL_fzTdUcR32qslp4AaABAg,youtube-data-api-v3/commentThreads.list,
8.114,strategy_rules|education_gap,youtube,"This is a great video, I can see how this video will add to my strategy and make it stronger. Thank for sharing all strategies and taking time to help others to understand and learn and win also",96,7,https://www.youtube.com/shorts/B_dVwXYQ-oc,UgyBw1ehyXLrKSIOMmN4AaABAg,youtube-data-api-v3/commentThreads.list,
8.113,risk_management|education_gap,youtube,"This actually works, I wait for the candlestick to touch back my OB and guess what BOMB, it fall 50 pips in less than a min, hit my SL",214,11,https://www.youtube.com/shorts/I29peidTQxU,UgxPz404tA-b41jwYSp4AaABAg,youtube-data-api-v3/commentThreads.list,
8.111,risk_management,youtube,"I have a slightly more refined idea to objectively define a displacement. Instead of only looking for a FVG, make sure that the body of middle candle of the FVG is bigger than the left candle's and the right candle's body. Hope this can help someone :)",110,9,https://www.youtube.com/shorts/_94CPMjWi9E,UgxGzXpT1blFxkscnHx4AaABAg,youtube-data-api-v3/commentThreads.list,
7.992,strategy_rules,youtube,"hey man i love ur content is there a chnance i can join your group im tired of trading by myself since my friend gave up and i would like to have some feedback of my setups im 2,5+ in this and so obseessed and seeing no other way for me... but i have a really big problem with my ego and self control.. maybe u have tipps..",89,11,https://www.youtube.com/shorts/9nRFcetXqkA,UgyRVOKa_Uj2w8YJyVB4AaABAg,youtube-data-api-v3/commentThreads.list,
7.889,education_gap,youtube,You don’t realize how this one video really changed my trading life. I’ve become so much more consistent in profitability. Explosive and profound.,311,5,https://www.youtube.com/shorts/JD_sWSjIiJE,Ugx5HDnwmlWKd5aaZg54AaABAg,youtube-data-api-v3/commentThreads.list,
7.829,education_gap,youtube,"I stepped into trading thinking I could learn as I >go. and while I loved the ><Challenge, the reality hit Hard. YouTube wasn't enough, and the constant ups and downs left me >Guessing. I lost more than I won, but it taught me what I was missing.",216,10,https://www.youtube.com/shorts/m-G1ag77aVc,UgwO0gaeSd5T-B9xtxZ4AaABAg,youtube-data-api-v3/commentThreads.list,
7.775,risk_management|psychology,youtube,"overcomplicating strategies
2:52 risk management + stop loss discipline
8:35 emotional decisions + revenge trading
13:20 lack of patience + discipline
18:20 mental barriers + external distractions
21:53 the funding trap
23:56 information overload
26:22 the consistency",167,9,https://www.youtube.com/shorts/ygleB1CLhUE,UgwsEnrKrC6QPImNicp4AaABAg,youtube-data-api-v3/commentThreads.list,
7.773,strategy_rules,youtube,"This is everything you need to be profitable trade, forget about indicators etc. Have a good day guys.",130,26,https://www.youtube.com/shorts/JhBX0TQ41H8,UgyavWN4o3levfOk7Bl4AaABAg,youtube-data-api-v3/commentThreads.list,
7.724,psychology,youtube,"I’m just starting out. And truly you’re my mentor. I’ll start from scratch and one day I could hit my first 100k. Patient, Discipline, Time .",215,8,https://www.youtube.com/shorts/JD_sWSjIiJE,Ugy6C6AkpC29FSOwbTZ4AaABAg,youtube-data-api-v3/commentThreads.list,
7.659,strategy_rules|education_gap,youtube,"Dude !!!!! I hope you know when you wake up every morning you’re helping people who want/need this information. Thank you for showing up every week, because I appreciate you. You have changed the way I look and know charts !!! I’m coming up with my personal strategy I can use daily. I didn’t even have to ask about the pdf’s lol. Printing tomorrow 🙌🏾",70,5,https://www.youtube.com/shorts/YESqIoA7Wyg,UgxevHIitEPxSo-1LZd4AaABAg,youtube-data-api-v3/commentThreads.list,
7.618,risk_management|entry_timing|psychology,youtube,"big tip is to physically place a SL and TP on the chart as soon as you enter. and DONT move them unless your trialing the stop loss or taking profit earlier because of retracement, ect. never move you take profit for more and never move the stop loss lower than you have it set. will help toward becoming disciplined",91,1,https://www.youtube.com/shorts/THCxYD853JE,Ugxr80F1TJPRhrCOJVt4AaABAg,youtube-data-api-v3/commentThreads.list,
7.553,strategy_rules|education_gap,youtube,"I've been paper trading for a few weeks now after spending a ridiculous amount of time studying strategies and market structure. its been easy for me to understand and place successful trades on the higher time frames because i expect to hold those trades until they play out. I've struggled with position sizing and confidence in placing trades on lower timeframes. the pace and frequent trend changes in the market makes it hard for me to understand my opportunities on lower timeframes because, of course, it doesn't make sense to wait for a trade placed on a 5m, 30m, or 1h chart to play out over 4 days. after watching this video i understand how to analyze the lower charts and look for trades. its finally clicked. this is good information. thank you!",69,4,https://www.youtube.com/shorts/ygleB1CLhUE,Ugx0ez05kyxTDxd4zuR4AaABAg,youtube-data-api-v3/commentThreads.list,
7.543,strategy_rules,youtube,"he is doing this on the 1-hour time frame, but this setup also works on lower time frames. I trade this setup on the 5-minute. The higher the time frame, the stronger the setup.",149,12,https://www.youtube.com/shorts/nkMzaQqpFbw,UgxlfJNLf7OxpSaW5yJ4AaABAg,youtube-data-api-v3/commentThreads.list,
7.54,education_gap,youtube,"Been trading for 3 going on 4 years, so I dont need help. but  I like to watch videos just to consistently learn and stay sharp. I have to say, I do like how simple you keep things. trading is already hard enough, no need to complicate it more. this is why the simple Strats are the best",74,6,https://www.youtube.com/shorts/GKN-iVjJpyA,UgyDwLZgSXHcVcuOuhx4AaABAg,youtube-data-api-v3/commentThreads.list,
7.47,entry_timing|education_gap,youtube,"It took me four years to discover that forecasting the market based on charts is pointless; you never know what will happen.I have a little over 70k i wanted to put in the markets since last month, but the largest obstacle is the absence of clear entry and exit plans. Any guidance in this regard would be much valued.",147,6,https://www.youtube.com/shorts/GKN-iVjJpyA,UgzTEO68VthNjEsZKc94AaABAg,youtube-data-api-v3/commentThreads.list,
7.462,strategy_rules,youtube,"Forex trading for beginners isn’t easy. But with the right skills and strategy, you’ll be profiting in no time. Getting into a trade is the easy part, but where you get out determines your profit or loss.",143,11,https://www.youtube.com/shorts/JD_sWSjIiJE,UgxlyUBX4eN6UW6CR354AaABAg,youtube-data-api-v3/commentThreads.list,
7.46,strategy_rules,youtube,this strategy actually works way better and simpler than order blocks but when combined with like liquidity imbalances OH my god thanks bro,149,10,https://www.youtube.com/shorts/m-G1ag77aVc,Ugw_R4g-eWqNk-ObZG94AaABAg,youtube-data-api-v3/commentThreads.list,
7.437,education_gap,youtube,I’ve tried like 6 different 1-minute scalping strategies and always get stopped out or overtrade. How do these guys make it look so effortless? Is there anyone who actually teaches how to do this the right way  in real time?,79,4,https://www.youtube.com/shorts/yaCM_cr5BXo,UgzlUrSTkuIrLCgMqS94AaABAg,youtube-data-api-v3/commentThreads.list,
7.341,education_gap,youtube,"That will sometimes work if the price is already bottomed out and on the brink of a reversal or during a strong up-trend, but most of the time, in the set-up being shown which is in a down trend, what you're seeing at the beginning would be a pullback before the price drops to make a new low...so you'd either lose a lot or a little depending on your stop. You cannot use the first 15 minutes to determine anything because there's a lot more at play than just whether the price moves above or below the first 15 minute candle. That's why the example used is one of a reversal that could be seen a mile away and not one of the 95 out of 100 times that this wouldn't work at all or would net a very small profit.",48,10,https://www.youtube.com/shorts/I29peidTQxU,UgxTP07Q4LC_oXR8wXx4AaABAg,youtube-data-api-v3/commentThreads.list,
7.329,education_gap,youtube,How can I start making solid profit as a beginner in market,164,6,https://www.youtube.com/shorts/9nRFcetXqkA,Ugx7lzWW5viJJMtj_ep4AaABAg,youtube-data-api-v3/commentThreads.list,
7.318,strategy_rules,youtube,"This dude is a damn legend, I learned everything from him after I stop using indicators.",143,8,https://www.youtube.com/shorts/yaCM_cr5BXo,Ugz-m8LdbCV8QH-bxsN4AaABAg,youtube-data-api-v3/commentThreads.list,
7.288,strategy_rules,youtube,"Forex trading for beginners isn’t easy. But with the right skills and strategy, you’ll be profiting in no time. Getting into a trade is the easy part, but where you get out determines your profit or loss.",120,11,https://www.youtube.com/shorts/JhBX0TQ41H8,Ugw2e9kPNM_AI63KrIx4AaABAg,youtube-data-api-v3/commentThreads.list,
7.288,risk_management,youtube,"I always thought ICT concept was a complex way to trade until i found your videos...Seriously you deserve every subscriber and more. Straight to the point, no messing around way of teaching. You are a legend",170,5,https://www.youtube.com/shorts/0xygpCMwxbQ,UgxW2YmKGcYuennWDAB4AaABAg,youtube-data-api-v3/commentThreads.list,
7.211,strategy_rules,youtube,"Trading advice for anyone new to crypto: try not to focus too much on the 1-minute charts. When I first started trading, I made the mistake of reacting to every small price movement, and it cost me a lot of money. Constantly watching the smallest timeframes can create unnecessary stress and lead to impulsive decisions.",88,18,https://www.youtube.com/shorts/990oOC-bHxA,UgwLfcc_dbKFCoIojup4AaABAg,youtube-data-api-v3/commentThreads.list,
7.206,other_question_or_pain,youtube,Honestly the best Daily Bias video I have seen. Biggest struggle for me is the daily bias and you made it so simple to understand. Thank you and much success to you. This is gold 💯,81,2,https://www.youtube.com/shorts/g3oDYq4P9ZE,UgwfwF48I1bkxouHExt4AaABAg,youtube-data-api-v3/commentThreads.list,
7.102,education_gap,youtube,Nobody so far explained why we miss traders due to the reason as explained by you.... Hats off,173,3,https://www.youtube.com/shorts/m-G1ag77aVc,Ugy8hv-qVB0MsOhGrgl4AaABAg,youtube-data-api-v3/commentThreads.list,
7.046,education_gap,youtube,How can I make good profit as a beginner starting with $10k.,103,9,https://www.youtube.com/shorts/JD_sWSjIiJE,Ugyy2Lw3s_fF377Nsal4AaABAg,youtube-data-api-v3/commentThreads.list,
6.867,risk_management,youtube,"As a newbie about to invest, you must have these four things in mind 
1. Have a long term mindset.
2. Be willing to take risk.
3. Be careful on money usage, if you're not spending to earn back, then stop spending.
4. Never claim to know - Ask questions and it's best you work with a financial advisor Like Rolando Diaz",103,6,https://www.youtube.com/shorts/m-G1ag77aVc,UgwqRmFsRnW4PKSAk0V4AaABAg,youtube-data-api-v3/commentThreads.list,
6.741,education_gap,youtube,In 20 minutes I learnt what I haven't learned in over 6 months. Thanks a lot.,139,2,https://www.youtube.com/shorts/JhBX0TQ41H8,UgzV3XVKFphy1Ug9IA14AaABAg,youtube-data-api-v3/commentThreads.list,
6.739,risk_management,youtube,Today i have put an end following anyone on youtube and choose to stick ONLY with YOU my mentor. Every time i get notified of your new video i am the one of the first to watch it. You have changed my way of trading and slowly i am becoming profitable because of you my brother. All i need is to get some good capital to go for a prop firm. That will be my life changing story. Thank you for all you do for people like me and in their names i say BIG THANKS.,120,3,https://www.youtube.com/shorts/JhBX0TQ41H8,UgwVVbgkht8VWh7-3BJ4AaABAg,youtube-data-api-v3/commentThreads.list,
6.653,risk_management,youtube,doing a small account. the psychology with real money would translate better than demo i think. Even if its just 100 or 200.,110,3,https://www.youtube.com/shorts/THCxYD853JE,UgxHr22nz5wlkbToS3t4AaABAg,youtube-data-api-v3/commentThreads.list,
6.644,strategy_rules,youtube,"For anyone new to crypto: stop looking at the 1-minute charts. I lost so much money early on because I was reacting to every tiny wiggle. Once I started looking at the higher timeframes and understanding institutional flow, my stress levels dropped and my hits started landing. Trading is 90% patience and 10% execution.",54,15,https://www.youtube.com/shorts/GKN-iVjJpyA,UgyOGJAyRhI0XvAQplt4AaABAg,youtube-data-api-v3/commentThreads.list,
6.615,risk_management|psychology,youtube,"overcomplicating strategies
2:52 risk management + stop loss discipline
8:35 emotional decisions + revenge trading
13:20 lack of patience + discipline
18:20 mental barriers + external distractions
21:53 the funding trap
23:56 information overload
26:22 the consistency",67,5,https://www.youtube.com/shorts/m-G1ag77aVc,UgyXStKg7yqoIWAmjnt4AaABAg,youtube-data-api-v3/commentThreads.list,
6.523,strategy_rules|education_gap,youtube,"Ok, I admit it, this is the simplest explanation of Market structure and how it relates to supply & demand trading strategy I've ever seen",61,5,https://www.youtube.com/shorts/ygleB1CLhUE,UgwBxz1OI-p88JkZCbJ4AaABAg,youtube-data-api-v3/commentThreads.list,
6.517,education_gap,youtube,"This is by far THE BEST video I've seen to explain the daily bias. Well done TTrades, you've created a gem for the struggling ones. 👏👏👏",136,1,https://www.youtube.com/shorts/g3oDYq4P9ZE,Ugx2GxY7Noz7ZXY0d5J4AaABAg,youtube-data-api-v3/commentThreads.list,
6.513,entry_timing,youtube,"Mad respect bro , such a value from all the videos u post , i prefer your channel to ict himself, quick short and no bs , no time wastage ,just pure value... I wish u make all the icy entry set up videos with examples like this .",72,6,https://www.youtube.com/shorts/0xygpCMwxbQ,UgyO5LbVHAXo00fW93l4AaABAg,youtube-data-api-v3/commentThreads.list,
6.483,entry_timing|education_gap,youtube,"As a beginner trader (for 3 years now), I’m starting to see the advantages of bots over human traders, especially in the early stages. Bots eliminate emotions, don’t worry about account balance or the 'perfect' timing – they simply react to market opportunities. Most importantly, they remove stress, which, to be honest, has cost me more than I’d like to admit. Overtrading is one of the biggest reasons for losses, and bots operate purely mechanically, following their programmed rules without overreacting. That’s what I like about them, and I’m ready to fully embrace their potential because they eliminate one of the biggest issues – human error.",30,2,https://www.youtube.com/shorts/TvWks6oJ-9U,UgzztRgogWuKxwHahcF4AaABAg,youtube-data-api-v3/commentThreads.list,
6.463,risk_management,youtube,"Ever since I watched this video, my win rate has increased and my confidence also tremendously. 😊 God bless you.",105,2,https://www.youtube.com/shorts/g3oDYq4P9ZE,UgyRFfe8gz0mETnHYTJ4AaABAg,youtube-data-api-v3/commentThreads.list,
6.437,psychology,youtube,Best to practice on prop firms as well if you have extra money...learn the rules and get used to it. Discipline is just as important.,79,4,https://www.youtube.com/shorts/THCxYD853JE,UgxesHRPPauhWxAGagl4AaABAg,youtube-data-api-v3/commentThreads.list,
6.376,education_gap,youtube,How can I start making solid profit as a beginner in market,118,1,https://www.youtube.com/shorts/JD_sWSjIiJE,UgznV1IoMdxIul4EfaR4AaABAg,youtube-data-api-v3/commentThreads.list,
6.341,strategy_rules,youtube,Bro i backtested your strategy on 150trades i got 45.67% winrate with avg rr of 2 and there is little modification in strategy that one two big candles are enough zone strength. I passed one 10k funded account with this strategy. Thank you bro for teach us this strategy.,48,10,https://www.youtube.com/shorts/nkMzaQqpFbw,Ugzm78GrcXeEpfCYaEl4AaABAg,youtube-data-api-v3/commentThreads.list,
6.333,strategy_rules,youtube,"For anyone new to TRADING: stop looking at the 1-minute charts. I lost so much money early on because I was reacting to every tiny wiggle. Once I started looking at the higher timeframes and understanding institutional flow, my stress levels dropped and my hits started landing. Trading is 90% patience and 10% execution.",37,17,https://www.youtube.com/shorts/wIyZcY6kNuo,UgyufYXisvi00p-GLkN4AaABAg,youtube-data-api-v3/commentThreads.list,
6.324,other_question_or_pain,youtube,"Trading looked easy from the outside…> until I actually started. The price swings and nonstop mixed opinions just made everything confusing. I’ve tried a bunch of strategies, but nothing’s really clicking. Watching others win while I struggle is honestly frustrating. Is there anyone out there who actually teaches you step by step instead of repeating the same stuff?",5,12,https://www.youtube.com/shorts/JhBX0TQ41H8,UgzfLO5IaMbSkKS_mpt4AaABAg,youtube-data-api-v3/commentThreads.list,
6.31,other_question_or_pain,youtube,"this has got to be the most simple explanation of daily bias i could have gotten..
you may have rescued traders from a ton of issues with this video...

🔥🔥",28,3,https://www.youtube.com/shorts/g3oDYq4P9ZE,UgycFMKYUx-PKwStVmB4AaABAg,youtube-data-api-v3/commentThreads.list,
6.293,other_question_or_pain,youtube,"Amazing you dropped (Master Market Structure in 68 Minutes (Step-by-Step Course)) and now (ULTIMATE Supply and Demand Masterclass (Beginner to Pro)).

❤Thanks a lot for your are help, the African community are glad to listen to you.

maybe liquidity concept is to be dropped!. your the GOAT thanks.

Thanks Thanks Thanks Thanks Thanks
Thanks Thanks Thanks Thanks Thanks
Thanks Thanks Thanks Thanks Thanks.👍👍👍",56,0,https://www.youtube.com/shorts/yaCM_cr5BXo,UgySnFczl_Y96RLp5954AaABAg,youtube-data-api-v3/commentThreads.list,
6.139,strategy_rules,youtube,"Trading advice for anyone new to crypto: try not to focus too much on the 1-minute charts. When I first started trading, I made the mistake of reacting to every small price movement, and it cost me a lot of money. Constantly watching the smallest timeframes can create unnecessary stress and lead to impulsive decisions.",41,9,https://www.youtube.com/shorts/GKN-iVjJpyA,UgxBmcjbtdgdBvgqvlF4AaABAg,youtube-data-api-v3/commentThreads.list,
6.132,education_gap,youtube,"Brother, can you please make a video on how we can use the Forex Fury on prop firm accounts and challenges?  Some of us don't have $10k to put into an account. Much appreciated",27,2,https://www.youtube.com/shorts/TvWks6oJ-9U,UgzTpITJb4GFpR4nXM54AaABAg,youtube-data-api-v3/commentThreads.list,
6.057,other_question_or_pain,youtube,"This kind of video is very useful. It's not about memorizing patterns, but understanding the psychology behind the charts. This is real learning, not memorizing patterns, which is useless if you don't understand the underlying psychology.",44,0,https://www.youtube.com/shorts/JhBX0TQ41H8,Ugx5-a_W1RgDODL14E54AaABAg,youtube-data-api-v3/commentThreads.list,
6.034,education_gap,youtube,"In my 2.5 years of learning to trade this is by far the best and most comprehensive video I have come across on Daily bias, and I have seen a lot! And best of all, it works really well. Many thanks, and this should be a great help to myself and others whatever model is being traded.",21,3,https://www.youtube.com/shorts/g3oDYq4P9ZE,UgxnQ_fOhlFENy3sigd4AaABAg,youtube-data-api-v3/commentThreads.list,
5.992,risk_management|entry_timing|education_gap,youtube,"OTE is my JAM! I have a specialty entry method that gives me smaller SL sizes while allowing the OTE area to show its hand first b4 i enter...i like smaller risk so this works on lower tfs beautifully.  i usually run the 1&2m for my trades while using confluences from the 1, 2, 5, 15, 30, 60, 4hr, daily, weekly, and monthly...if anythiny peaks my interest and the SL is within my parameters, its go time! 🙌🙌🙌",21,9,https://www.youtube.com/shorts/1YRs4Z1lMws,Ugw4-vWqnsDUj4xvG0p4AaABAg,youtube-data-api-v3/commentThreads.list,
5.986,risk_management,youtube,"2:21 SL + Buy order = BSL
5:03 SL + Sell order =SSL
9:48 IDC Zone + EQH = $$$
12:56 HTF+LTF agreement to prevent liquidated
13:44 Take extreme zone
17:52 Example
18:46 Always take extreme zone is the safest
22:23 Final breakdown",56,3,https://www.youtube.com/shorts/9nRFcetXqkA,UgyTipTWJE4PrrA0FtR4AaABAg,youtube-data-api-v3/commentThreads.list,
5.975,education_gap,youtube,"I started trading to pay bills. 
No other source of income.
Do or die. 
Now I make about $400-$500 per day on small pre-market moves. Yes, I trade the trend on the 5 minute chart using 9 EMA and VWAP. I learned the hard way how to take a small profit. It’s ok to close a small trade and be done for the day. it’s all about the psychology. When I stopped trying to turn a $300 trade into a $1,000 trade, I started winning. Thank you, Gary Anderson!",33,10,https://www.youtube.com/shorts/9nRFcetXqkA,Ugz51U8Lj6a4LqkJsTd4AaABAg,youtube-data-api-v3/commentThreads.list,
5.861,other_question_or_pain,youtube,your style of teaching makes me understand that markets are not the problem.... but sometimes the individual behind the chart is. i appreciate this and i believe because of you my perspective continues to get better and all these losses begin to make me more self aware,36,0,https://www.youtube.com/shorts/JD_sWSjIiJE,Ugy91dbJyFigHVy1t5p4AaABAg,youtube-data-api-v3/commentThreads.list,
5.86,education_gap,youtube,"I started trading to pay bills. 
No other source of income.
Do or die. 
Now I make about $400-$500 per day on small pre-market moves. Yes, I trade the trend on the 5 minute chart using 9 EMA and VWAP. I learned the hard way how to take a small profit. It’s ok to close a small trade and be done for the day. it’s all about the psychology. When I stopped trying to turn a $300 trade into a $1,000 trade, I started winning. Thank you, Chris James",28,11,https://www.youtube.com/shorts/g3oDYq4P9ZE,Ugx0KWI1UFJAcslxmgJ4AaABAg,youtube-data-api-v3/commentThreads.list,
5.835,entry_timing,youtube,When you hit the first take profit you are meant to put your other open positions at your entry point,48,3,https://www.youtube.com/shorts/G2THP1LGPB0,UgzCIhn8uEkCxN5HYUJ4AaABAg,youtube-data-api-v3/commentThreads.list,
5.834,broker_platform,youtube,Post a 1099/broker statement.,36,6,https://www.youtube.com/shorts/rBLL6lm0vkk,UgwSFOhBUAHg-0sM9t14AaABAg,youtube-data-api-v3/commentThreads.list,
5.772,risk_management,youtube,"My life completely turned around after joining this channel. Glory be to God. I just turned 43 today, and I have reached $657K.Two years ago, I was sleeping in a basement apartment with zero savings and mounting debt. I stopped chasing 'get rich quick' schemes and started focusing on risk management and developing one solid edge. Today, I have achieved my 2026 financial goal. It's not about where you start, it's about trusting the process."" 💯📈",22,15,https://www.youtube.com/shorts/wIyZcY6kNuo,Ugz-QT_l-VWKZt8lLRd4AaABAg,youtube-data-api-v3/commentThreads.list,
5.758,risk_management|strategy_rules,youtube,"Obviously, you can get lost down the ICT rabbit hole if you want - but this is such a simple ,solid framework to build a logical narrative - The most important aspect to nail - where is price reaching for ? - Then choose your preferred setup/confirmations - Premium, no BS content - 💎💎💎 Big Thanks Man",12,3,https://www.youtube.com/shorts/g3oDYq4P9ZE,Ugz5TwIWiR3zkTNgeYJ4AaABAg,youtube-data-api-v3/commentThreads.list,
5.749,strategy_rules,youtube,I backtested this strategy 78% win rate 1 trade per day,33,6,https://www.youtube.com/shorts/nkMzaQqpFbw,Ugykuh1sWlRsDpaz0SV4AaABAg,youtube-data-api-v3/commentThreads.list,
5.732,other_question_or_pain,youtube,"The structure of this video is very helpful. The walkthrough of the PDF theory without real candles, then real examples on D chart, and then top down examples, it is a very easy-to-follow way of learning. Thanks ! 🙏🏼❤",22,1,https://www.youtube.com/shorts/g3oDYq4P9ZE,UgzQhNTfx9fQg4xPCk94AaABAg,youtube-data-api-v3/commentThreads.list,
5.727,education_gap,youtube,"It marvels me to see James share for free what most mentorships charge ALOT for!

You're appreciated here in Nigeri🇳🇬❤",87,0,https://www.youtube.com/shorts/ygleB1CLhUE,UgwLr-9R6QUisdxu9gt4AaABAg,youtube-data-api-v3/commentThreads.list,
5.691,education_gap,youtube,"Hi JeaFX. WOW! THIS IS THE REAL BEST video I see in YouTube until now! WELL EXPLAINED, simple, direct to the point, clean! Loved the way you present things! This is GOLD for FREE! ❤❤",59,1,https://www.youtube.com/shorts/990oOC-bHxA,UgxirLj6ckC76YAMyKd4AaABAg,youtube-data-api-v3/commentThreads.list,
5.69,education_gap,youtube,So clear! The part on liquidity forming around supply & demand zones changed how I view fakeouts. Practicing this with FastBull’s free replay mode helped me stop chasing false breaks.,17,2,https://www.youtube.com/shorts/9nRFcetXqkA,UgxZrtHTS6Bd8wABa5R4AaABAg,youtube-data-api-v3/commentThreads.list,
5.688,strategy_rules|psychology,youtube,"I can adapt to market conditions, news, and sudden volatility—something a bot can't always do. Plus, I understand context better and avoid dumb trades a bot might take blindly
Robots have no emotions never hesitate and execute trades with perfect discipline. They don’t get greedy or scared which gives them an edge in sticking to a strategy",13,2,https://www.youtube.com/shorts/TvWks6oJ-9U,UgwrpnBsduXCWKyDdH14AaABAg,youtube-data-api-v3/commentThreads.list,
5.657,entry_timing,youtube,"some time ago, i learned that the key component for a high probability trade (besides the liquidity) is displacement, its crazy the amount of trades that i started winning once i started focusing more and more on displacement and lack of displacement... Really good for entrys and for identifying liquidity sweeps... So displacement and liquidity my 2 golden rules that MUST be there for a trade",40,3,https://www.youtube.com/shorts/_94CPMjWi9E,UgzAJpLAQC-hV4i5YHV4AaABAg,youtube-data-api-v3/commentThreads.list,
5.581,broker_platform,youtube,I admire your good heart. You literally gave it out free of charge. This is all that is needed to become profitable. Your teaching skills is amazing. Your English accent is adorable. Thank you for the teaching. I will spread this video to as many trader as I can find. God bless you,33,4,https://www.youtube.com/shorts/GKN-iVjJpyA,UgyH-qKy9iwZYPaHNJl4AaABAg,youtube-data-api-v3/commentThreads.list,
5.581,education_gap,youtube,09:30am is new York market open. 10am is 4-hour time rotation. Most markets show trap & shift patterns which one can use to grab easy 50 to 100 pips.,37,3,https://www.youtube.com/shorts/I29peidTQxU,Ugzqaz_PRdxFY5c_JUF4AaABAg,youtube-data-api-v3/commentThreads.list,
5.553,strategy_rules,youtube,"The reason he teaches is because he CAN'T make money from trading. Didn't you get the memo? lol. If a strategy exists that consistently makes money year on year, it would be worth billions and not for free on youtube lol.",9,0,https://www.youtube.com/shorts/yaCM_cr5BXo,Ugz6Ldttbnut5_S-aA54AaABAg.AJv8oJYVXovAQwuz5Wq0b3,youtube-data-api-v3/commentThreads.list,
5.455,risk_management,youtube,Stop losses please,66,0,https://www.youtube.com/shorts/I29peidTQxU,UgzAKfBz0cPtWg3OL8Z4AaABAg.AMLrMnWN52CAN6-7Yqz2FB,youtube-data-api-v3/commentThreads.list,
5.447,education_gap,youtube,"Man you're great, honest and to the point. Finally i found someone who shows example on real charts not on screenshots.",46,1,https://www.youtube.com/shorts/9nRFcetXqkA,UgyrEX-ePRL7iDp6Cs94AaABAg,youtube-data-api-v3/commentThreads.list,
5.42,education_gap,youtube,Thanks so much! Can you do another video on DOL please? I'm having a hard time reading how price moves from internal to external for day traders.,8,6,https://www.youtube.com/shorts/1YRs4Z1lMws,UgwUOMVQcIexREXB6vF4AaABAg,youtube-data-api-v3/commentThreads.list,
5.409,other_question_or_pain,youtube,So trend relevancy has been my problem all along? Damn. Thanks Jea,4,2,https://www.youtube.com/shorts/GKN-iVjJpyA,UgxH6CbfR5bar1mxC8h4AaABAg,youtube-data-api-v3/commentThreads.list,
5.403,entry_timing,youtube,The most important lesson for from this video was adjusting the entry point closer to the invalidation point rather than the other way around. Thank you so much for this Ttrades.,44,1,https://www.youtube.com/shorts/DMUiDBnTYc8,UgwK-0tngDzgFdTn8R54AaABAg,youtube-data-api-v3/commentThreads.list,
5.31,strategy_rules,youtube,My 1st SMC Mentor i came accross on youtube. You ve been trading the same strategy ever since i met ur channel. I like ur consistancy and systematic approach,40,1,https://www.youtube.com/shorts/GKN-iVjJpyA,UgxVQit3bNrf0XFqNL94AaABAg,youtube-data-api-v3/commentThreads.list,
5.249,entry_timing|strategy_rules,youtube,I think this is a classic A+ setup for all who trade ICT. The difficult part is to build that Narrative in context with the HTF and confirm it in LTF for Entry,18,4,https://www.youtube.com/shorts/0xygpCMwxbQ,UgwLwdZK35OB0lwh8Zx4AaABAg,youtube-data-api-v3/commentThreads.list,
5.248,strategy_rules|education_gap,youtube,"This video is what I would want to start with if I were to start over learning ICT.  If you're new to ICT, this is it guys.  Mastering this will get you profitable.  Hold off on the other concepts and start with finding these setups on the charts.",29,1,https://www.youtube.com/shorts/0xygpCMwxbQ,UgyN1-Z1XS4aG_1sfdV4AaABAg,youtube-data-api-v3/commentThreads.list,
5.246,education_gap,youtube,"We have a similar story, I’m not just too over exited yet, let me be sure I’m not dreaming, or am I about to become profitable trader just before December? If yes, my funded account is what I should be looking towards first week of next year. ❤❤❤❤❤🇳🇬🇳🇬",19,0,https://www.youtube.com/shorts/JD_sWSjIiJE,Ugws86EZv-1Iqm7Dwgx4AaABAg.AAZk511UgN1AAa3K9bu0Sf,youtube-data-api-v3/commentThreads.list,
5.239,strategy_rules,youtube,It's so refreshing to see the timeframes. Influencers so often hide them!,26,3,https://www.youtube.com/shorts/m-G1ag77aVc,UgxhYvqLRa3jLcRLG7B4AaABAg,youtube-data-api-v3/commentThreads.list,
5.225,strategy_rules,youtube,That trailing indicator you used has most definitely changed the game! Allowing my me to take more on my TP🔥🔥🔥🔥 keep your videos coming! They are insanely helpful 💯💯,7,5,https://www.youtube.com/shorts/nkMzaQqpFbw,UgzsNtLNwFxGzplZCAx4AaABAg,youtube-data-api-v3/commentThreads.list,
5.208,strategy_rules|education_gap,youtube,"I feel the same way. Like, how did I never notice this simple strategy? lol",14,0,https://www.youtube.com/shorts/g3oDYq4P9ZE,Ugw_KNf4KHMzJFs6Sjp4AaABAg.9stmxpouLps9t6wSci5nHF,youtube-data-api-v3/commentThreads.list,
5.194,other_question_or_pain,youtube,Please if a candle closed below or above a swing high or low and the next candle closed back inside the range. Do we have a confirmation of continuation in that case or it is weep of Lq?,18,0,https://www.youtube.com/shorts/JD_sWSjIiJE,Ugws86EZv-1Iqm7Dwgx4AaABAg.AAZk511UgN1AA_x_lYEryO,youtube-data-api-v3/commentThreads.list,
5.162,other_question_or_pain,youtube,"Nice man! Can you start putting all this together and make backtesting videos? Like AMD strategies with deviation, fvg, OB, breakers, etc. Thanks for the value my man!",12,1,https://www.youtube.com/shorts/uDJI2AbyyCs,UgwIE2fFJ2WaFGq5_9x4AaABAg,youtube-data-api-v3/commentThreads.list,
5.162,other_question_or_pain,youtube,Are you looking at the higher time frames to see overall trend to know you're looking for a sell?,12,1,https://www.youtube.com/shorts/JhBX0TQ41H8,UgzAfUF0u_0x0clztDV4AaABAg,youtube-data-api-v3/commentThreads.list,
5.148,broker_platform|education_gap,youtube,"For what it's worth, I found this useful and helpful! So when you trade, how many screens do you use, and do you trade with the ES on one and the NQ on another, on the same screen, or just switch back and forth occasionally? Also, how do you draw the multi-colored square/rectangle on Tradingview like you do at the 6:30 time frame? Lastly, as another video suggestion, and I'm still getting caught up on you older ones, so maybe you've already presented it, how do I know when to discard a liquidity point or Fair Value Gap?",2,2,https://www.youtube.com/shorts/q1NmxUTm4n4,UgxC3T2vCZPrp1y-PVN4AaABAg,youtube-data-api-v3/commentThreads.list,
5.14,education_gap,youtube,"Trading prop firms is much harder than trading your own account... especially if you're a profitable trader and not affiliated with them.  They will flag your accounts for being profitable, and then copy your trades to oblivian while hedging it in the live markets.  Good luck getting the trades going in your direction when this happens.  (Hint: Why do you think most props encourage copy trading accounts? - it increases failure rate exponentially) Trade your own account where no one copies your trades at the exact moment/time - you will be more profitable this way (assuming you have a valid edge).",17,0,https://www.youtube.com/shorts/THCxYD853JE,UgxFeWKCJF3L6EwHh7V4AaABAg,youtube-data-api-v3/commentThreads.list,
5.079,entry_timing,youtube,Use fair value gaps for reentry,22,3,https://www.youtube.com/shorts/I29peidTQxU,Ugwud9o7t82cUBwxdZh4AaABAg,youtube-data-api-v3/commentThreads.list,
5.065,strategy_rules|education_gap,youtube,"u cant blame them. most of us went through it. not everyone a genius can read market structure well through first year of trading. we try to find indicators, strategies patterns concepts or whatever to help us easily understand the seemingly complex charts because we are tought to use them in the first place. and it is essential to balance the market and benefit the big player to take our cash. before we realize wow all of that are bullsheet and all of the beginner courses were made so the big players can take our money. not only that, it took time our eyes can see the market structure as what can we see right now.",12,0,https://www.youtube.com/shorts/LclxDYccla8,UgyUIYU3DEoROf2wb2R4AaABAg.9vp-hQHf6YEA8MwKMPqJrm,youtube-data-api-v3/commentThreads.list,
5.062,education_gap,youtube,Even mmxmtrader did not explain it like this in his course. This was so good. The daily bias video and this.,31,1,https://www.youtube.com/shorts/6zTz7WMdMWg,UgzVocRejQSSwuIT0L54AaABAg,youtube-data-api-v3/commentThreads.list,
5.042,risk_management,youtube,"Great! Thanks JeaFX, I have been watching you for some time and now, and must say that your videos are VERY informative.

Thank you for this video, I had some queries regarding the indecision candle which you have answered. Thank you for these knowledgeable videos, please continue to help us intermediate traders; they are very useful. I shall continue to plug into your content.

I add, can you please do a video on market manipulation, it's causes, affects and effects and if this is fully conveyed to us as retail traders, i.e., are we consenting ambiguously or ambiguously. I did some research and found that market manipulation does not hold integrity within and of the market itself; do you find this to be a true statement?

Peace",5,0,https://www.youtube.com/shorts/990oOC-bHxA,UgzQfu14UvUNUYIheCp4AaABAg,youtube-data-api-v3/commentThreads.list,
5.034,strategy_rules,youtube,"Our charts are uncluttered. No indicators. And we are doing just fine thanks to your immense mentoring... Candle closures, very important. Thank you.",43,0,https://www.youtube.com/shorts/JD_sWSjIiJE,UgyhsTnagZHRUNdYicJ4AaABAg,youtube-data-api-v3/commentThreads.list,
5.023,education_gap,youtube,"I had problem comprehending trading in general. I tried watching other YouTube trading channels, but they made the concepts more complicated. I was almost giving up until when i discovered content and explain everything in detail. The videos are easy to follow",3,15,https://www.youtube.com/shorts/JhBX0TQ41H8,UgwkGY8MPf_DCzZrLYV4AaABAg,youtube-data-api-v3/commentThreads.list,
4.994,other_question_or_pain,youtube,Best video. I started trading & the moves were opposite. I never understood market structure just chasing trends. Watched 1000 videos confused. This is the best video & I’m starting over. I tried it on replay and WOAH. It’s not hard as we make it. Thank you,10,1,https://www.youtube.com/shorts/ygleB1CLhUE,UgwMVm2nzi__uoJOI_94AaABAg,youtube-data-api-v3/commentThreads.list,
4.994,education_gap,youtube,"From 2026/06/13 After One year watching you videos and training in demo i officially start Making 25 dollars per day thank to your videos and you knowledge – i can't thank you enough, you are really the best compares to other don't understand anything or show false info or just partial info so they can make you to buy their courses, which is totally useless compare to your videos , thank you again and keep going you are helping a lot of people interested in becoming traders and make money , god bless you and god will return everything you are doing in good ways and you will be very happy in your life , 

but just noticed something you need to distinguish the difference between the BOS and CHoCH because both have different directions, or maybe just a mistake when you mention them in your videos",10,1,https://www.youtube.com/shorts/JhBX0TQ41H8,UgwzaAoKfrgMzydhGQt4AaABAg,youtube-data-api-v3/commentThreads.list,
4.988,education_gap,youtube,"besides, it is so insane once you start realising every single move, literally every single move in price can be explained, financial crashes and all, all explained trough price action, crazy world. fun to live in",41,0,https://www.youtube.com/shorts/1YRs4Z1lMws,UgyLwJSNb6oWw-_tzsh4AaABAg,youtube-data-api-v3/commentThreads.list,
4.935,risk_management,youtube,I came out from drawdown because of your system...  Big love from Nigeria 🇳🇬,22,2,https://www.youtube.com/shorts/9nRFcetXqkA,UgxfN5ePvJ1B5HMotHN4AaABAg,youtube-data-api-v3/commentThreads.list,
4.929,education_gap,youtube,"After 7 years of trading, after watching your videos, I realized that the market moves very logically and what was my mistake in recognizing the path of the chart. I owe you and you are so awesome and amazing. I haven't stopped since I watched all your YouTube videos. I am also surprised.😍🤩🥰",27,1,https://www.youtube.com/shorts/JD_sWSjIiJE,Ugw2vHKQFnyYh7b_BHF4AaABAg,youtube-data-api-v3/commentThreads.list,
4.929,strategy_rules,youtube,"This is it ! The missing piece of my strategy. I'll use these candles, Instead of looking Choch/mss/cisd in lower timeframe for confirmation. Its more clear confirmation for me. Your goat bro!!",27,1,https://www.youtube.com/shorts/990oOC-bHxA,Ugx6pKY4NJ56Y07fPd54AaABAg,youtube-data-api-v3/commentThreads.list,
4.899,other_question_or_pain,youtube,"Thanks!☕ Have a great new year! Hope you know that your leassons are helping a lot of people. 

God bless you and thanks for your valuable lessons. Greetings from México.",9,1,https://www.youtube.com/shorts/DMUiDBnTYc8,UgyawUYbtRLjn5Byquh4AaABAg,youtube-data-api-v3/commentThreads.list,
4.844,education_gap,youtube,"I dont know how many times ive watched this video since it came out. This can give u monthly bias, weekly bias and daily bias. 

With this video u can be swing trader and day trader easily",20,2,https://www.youtube.com/shorts/g3oDYq4P9ZE,UgzImCPuwMMZ6K18OWd4AaABAg,youtube-data-api-v3/commentThreads.list,
4.841,risk_management|strategy_rules|education_gap,youtube,"Here’s the thing  Evan Dennis always says the pattern itself isn’t the magic, it’s what the pattern reveals about you. When you trade the 1H setup properly, you’re not reacting anymore  you’re observing. The pattern forces you to slow down, to let the market come to you. That’s when you realize trading isn’t about prediction; it’s about alignment. Evan Dennis words stuck with me: “Once you stop trying to control the candle, you start controlling yourself  and that’s when consistency starts.” That’s what changed my trading forever.",21,0,https://www.youtube.com/shorts/JD_sWSjIiJE,UgyE0W--P_PmxXxFusd4AaABAg.APDuI4Lh7CAAPDumJcRQQu,youtube-data-api-v3/commentThreads.list,
4.795,education_gap,youtube,"So much to absorb in this! Even though it makes the videos longer, I like going candle by candle and seeing what's going to happen. Yes, it's repetitious, but that's what I need and this was perfect!",19,2,https://www.youtube.com/shorts/g3oDYq4P9ZE,Ugy2uaO3iB5azj7drsZ4AaABAg,youtube-data-api-v3/commentThreads.list,
4.794,other_question_or_pain,youtube,"If anyone wants to learn trading, then they have to look at your channel.. highly recommend.

I use to mark every single high and low and gets confused but life become a lot easier after coming to your channel",8,1,https://www.youtube.com/shorts/yaCM_cr5BXo,Ugwge1NpY44pzUQ7WAx4AaABAg,youtube-data-api-v3/commentThreads.list,
4.794,other_question_or_pain,youtube,"In the next three months I would like to see some consistency in my trades, not crazy amounts of money but enough to make me be able to help my parents with my college funds",8,1,https://www.youtube.com/shorts/nkMzaQqpFbw,Ugxd2mqT9xYTRfot6Xx4AaABAg,youtube-data-api-v3/commentThreads.list,
4.792,psychology|education_gap,youtube,"If you are better than a robot, why are you better than a robot?
Because I have instincts… and coffee. A bot won’t skip a bad trade just because ‘something feels off,’ but I can. Plus I don’t crash when the WiFi dies!
If robots are better than you, why are robots better than you?
They don’t revenge trade get FOMO or randomly decide ‘just one more trade’ at 2 AM. A bot sticks to the plan—I stick to my emotions.",6,1,https://www.youtube.com/shorts/TvWks6oJ-9U,UgwLUuUfMvzDRHQTgJF4AaABAg,youtube-data-api-v3/commentThreads.list,
4.791,entry_timing|education_gap,youtube,"Another out-of-the-box and clear explanation . What I value most in your explanations is when you go from BIAS to the entry point, your videos are great. You should be hired by ICT to teach us 😁.",18,1,https://www.youtube.com/shorts/uDJI2AbyyCs,UgwqNFgPTfO1vf3056t4AaABAg,youtube-data-api-v3/commentThreads.list,
4.747,psychology,youtube,"Because I have instincts… and coffee. A bot won’t skip a bad trade just because something feels off but I can. Plus I don’t crash when the WiFi dies!
They don’t revenge trade, get FOMO, or randomly decide just one more trade at 2 AM. A bot sticks to the plan—I stick to my emotions.",32,0,https://www.youtube.com/shorts/TvWks6oJ-9U,UgxVwwlzxxX_3TrAA214AaABAg,youtube-data-api-v3/commentThreads.list,
4.747,education_gap,youtube,This explanation would’ve saved me a lot of money early on. As a beginner I kept oversizing and paying tuition. I’ve been rebuilding with a rules-based approach and documenting what actually works for a small account.,32,0,https://www.youtube.com/shorts/I29peidTQxU,Ugztrulx3CDPJ9fPyZJ4AaABAg,youtube-data-api-v3/commentThreads.list,
4.735,other_question_or_pain,youtube,My ex boyfriend tried to teach me these basic trading fundamentals for years and could never understand. Literally two of  your videos and everything? Make sense. Thank you.,5,3,https://www.youtube.com/shorts/wIyZcY6kNuo,Ugx0d592N9F-WbK-rs94AaABAg,youtube-data-api-v3/commentThreads.list,
4.735,education_gap,youtube,Honestly the reason why the robot is better than me is because school is usually over whelming and i dont have time to practice but if i get the robot it would help me alot 😢,11,0,https://www.youtube.com/shorts/TvWks6oJ-9U,UgyAKQ9WIJe8DPTDYYN4AaABAg,youtube-data-api-v3/commentThreads.list,
4.706,strategy_rules|psychology|education_gap,youtube,its about 3 years i am stuck in the dead end cycle of finding new strategy. but since i saw you james i decided to just stick your channel. i watched nearly 50 videos of you and still i have fear of not being successful in the market when i open the chart and then i get lost. though i know what to do in the market. so what i'm guessing is that it would be awesome if make a series of videos talking about your problems that you had before you become profitable and a video trading in the live market to showing us your the step by step thoughts and live market decision you make. thank you,4,1,https://www.youtube.com/shorts/ygleB1CLhUE,UgxhBED05OJioJd4IAR4AaABAg,youtube-data-api-v3/commentThreads.list,
4.695,other_question_or_pain,youtube,"Good day pay...am new to trading and i would like to join your community so that i can learn from you,  can you help me please....?",2,1,https://www.youtube.com/shorts/B_dVwXYQ-oc,Ugyl1ejdS2ZfV6Qe__l4AaABAg,youtube-data-api-v3/commentThreads.list,
4.684,strategy_rules,youtube,"The strategy works though, but works most if you add it with market structure",30,0,https://www.youtube.com/shorts/I29peidTQxU,UgwdYXZiOxQA6pFHThh4AaABAg.AJIJPxcah1ZAJO6jlkh2N-,youtube-data-api-v3/commentThreads.list,
4.68,strategy_rules|education_gap,youtube,"I cottoned onto you on Friday and spent the whole weekend watching your videos. I've learned more from you in 3 days than in the 3 months since I started. I've not liked indicators from the start, because they tell me nothing about why a trend is going one way or the other or whether it's likely to reverse. I needed to know why to place a buy or sell trade and where, not just jump in and hope, and you've filled in those gaps. I finally have something logical to work with. :) In fact, I won a trade yesterday and am in what looks like a winner right now, thanks to following what you've shown.",16,1,https://www.youtube.com/shorts/m-G1ag77aVc,UgxuSInFeXL-4o7xKc54AaABAg,youtube-data-api-v3/commentThreads.list,
4.676,education_gap,youtube,Just realized that just because you understand the concepts doesn't mean you understand top-down analysis. Great video. Going to watch all TDA videos along with rewatching in the course. The backtesting has helped me know what I need to fix and reconsider. Thanks,7,1,https://www.youtube.com/shorts/GKN-iVjJpyA,UgwnlScXC5nvpJXnMRh4AaABAg,youtube-data-api-v3/commentThreads.list,
4.676,other_question_or_pain,youtube,"Awesome video, so much value in here. I love your channel and all your work simplifying ICT teachings, very straight forward. You've helped me a lot understanding a few concepts that I had a bunch doubt and my trading improved drastically. As well as the cheat sheets you have shared with some of the ICT models. I even shared some of your videos to my brother that he trades retail and it even helped him improving his edge dramatically. Keep up the good work!! ❤❤❤❤",7,1,https://www.youtube.com/shorts/YESqIoA7Wyg,Ugyq257suvE_mCku92x4AaABAg,youtube-data-api-v3/commentThreads.list,
4.648,education_gap,youtube,"As long as you are paying attention to the patterns and you’re focused on the wicks and the candles, you’re not gonna have any problem, reading these charts and being able to predict what’s going on as long as you are well-versed in the possibilities",10,0,https://www.youtube.com/shorts/I29peidTQxU,UgxZDvJ4VQdjnQqufKV4AaABAg,youtube-data-api-v3/commentThreads.list,
4.648,other_question_or_pain,youtube,"@TradewithPat  I just don't think demo trading helps at all. There's no emotional aspect to demo trading, and as you're probably aware, trading is mostly about emotion and mentality. I agree that buying prop accounts is useless if you think you're gonna be able to manage 50k+ as a beginner. But this is my opinion",10,0,https://www.youtube.com/shorts/THCxYD853JE,Ugy618KXMAzC6OIdloF4AaABAg.A8SSuWEdXr7A8SYWswL_AX,youtube-data-api-v3/commentThreads.list,
4.648,other_question_or_pain,youtube,"TT you are so good to a point where i dropped a tear after watching this;it has been a long 5 years of ICT but i was unprofitable because i really struggled with BIAS, you made my day, this will get me out of this mud, god loves you, god will bless you.",10,0,https://www.youtube.com/shorts/g3oDYq4P9ZE,UgzSQeL_QaLOKibdouh4AaABAg,youtube-data-api-v3/commentThreads.list,
4.641,risk_management,youtube,"Seriously, the knowledge you've provided through your channel is priceless. Thank you.",20,1,https://www.youtube.com/shorts/uDJI2AbyyCs,UgxhF2tOvmOspHz4ihp4AaABAg,youtube-data-api-v3/commentThreads.list,
4.64,entry_timing|strategy_rules|education_gap,youtube,"I wanted to learn about supply and demand but something was always missing when I watched other videos from other content creators. You explained everything so well, I was able to execute a trade today on EURUSD, London Session using the 1min timeframe, only looking for a short setup from a supply zone as we were still down trending and I used the 15s timeframe for confirmation entry (MSS) resulting in a +3R trade. Thank you for the golden nuggets of information you have provided for free, I've had my first proper profitable day. I know how to draw these zones properly now. Thank you!",17,0,https://www.youtube.com/shorts/yaCM_cr5BXo,Ugw43nfLBf6onhQoQyl4AaABAg,youtube-data-api-v3/commentThreads.list,
4.638,entry_timing|education_gap,youtube,I´m new to trading and I have a few questions. 1) What time frame do you use to trade? 2)do you have one on one mentorship? 3) What platforms do you use to analyze data and enter trades? Thank You,5,1,https://www.youtube.com/shorts/JhBX0TQ41H8,UgyS3zCQqCSQX6JA_SV4AaABAg,youtube-data-api-v3/commentThreads.list,
4.591,education_gap,youtube,"guys, ive installed the second bot just like pat showed it in the video. but how do i know that the bot works? bc it didnt start one trade yet..",5,2,https://www.youtube.com/shorts/TvWks6oJ-9U,UgwDfcofEaUELGo9Pkd4AaABAg,youtube-data-api-v3/commentThreads.list,
4.572,entry_timing,youtube,took a sniper entry on gold and I'm in profits,15,2,https://www.youtube.com/shorts/m-G1ag77aVc,UgxmWi9hfSoPejISWbV4AaABAg,youtube-data-api-v3/commentThreads.list,
4.542,other_question_or_pain,youtube,your   simplicity in  teaching is awesome  & very helpful  to implement on charts,6,1,https://www.youtube.com/shorts/m-G1ag77aVc,UgxN-kXhc-Wcc8qIK754AaABAg,youtube-data-api-v3/commentThreads.list,
4.542,education_gap,youtube,"Love your videos, bro. Been using these recently to help reinforce concepts I've already been using for quite some time but still need better refinement of my trading system. Your ability to distill these concepts down and CLEARLY AND SUCCINCTLY explain them without going into a two-hour rant is exactly what is needed. You do a great job, keep it up!",6,1,https://www.youtube.com/shorts/_94CPMjWi9E,UgypvhWTVix-9IYHM294AaABAg,youtube-data-api-v3/commentThreads.list,
4.508,risk_management,youtube,"You are my Defacto ICT trainer after ICT himself. Your ability to seamlessly blend these concepts is truly impressive.. I commend you for your expertise. With great respect, I would like to request that you consider taking the relay when the legendary ICT himself retires in November 2023. Your knowledge and skill make you a fitting successor. Please consider this heartfelt appeal.",12,3,https://www.youtube.com/shorts/0xygpCMwxbQ,Ugw1o59Ww5Gf_8zbKaB4AaABAg,youtube-data-api-v3/commentThreads.list,
4.487,education_gap,youtube,Best video I seen so far on explaining each candlestick and showing you how to read them on a chart 👏🏾👏🏾👏🏾 I will watch this video ten + more times… Thank You..,17,1,https://www.youtube.com/shorts/990oOC-bHxA,UgyRBTAy5aZWnWI1VeF4AaABAg,youtube-data-api-v3/commentThreads.list,
4.469,education_gap,youtube,It's not this simple.  I'd love to see this explained against the countless examples on the daily chart where price doesn't move like this.,24,0,https://www.youtube.com/shorts/g3oDYq4P9ZE,UgzU343-e_1zRwy1jhF4AaABAg.9wc9sJ4oTQfAF8C53AF4gL,youtube-data-api-v3/commentThreads.list,
4.469,psychology,youtube,"If it were only that easy. I think you have to be on the charts for some time to see these situations present themself over time. As you very well know we start out in control ans we get caught up in the moment looking at something else. ""IF WECAN STAY DISCIPLINED AND TRADE JUST THIS ONE SYSTEM"" There is hope for us 🍾🍾👏🏻👏🏻",24,0,https://www.youtube.com/shorts/g3oDYq4P9ZE,Ugzh9P8gCLPUSw8HNTJ4AaABAg.9ssfykA3wj-9stHKHEtY72,youtube-data-api-v3/commentThreads.list,
4.458,strategy_rules|psychology|education_gap,youtube,"1. One undisciplined action can ruin a week, a month, or even a year of gains. So be disciplined at all times ❤
2 Overconfidence is a big reason why even the most experienced traders fail. We learn from our victories, but never let them cloud your judgment.
3. Each trade is random in the short term. Only by focusing on thinking with the scale of larger trades will it be enough data for you to determine whether that strategy is effective or not.
4. Making a trade outside of the plan but unexpectedly making a profit is not a good trade, nor is it necessarily a good thing. If you consider it a strategy, it is considered as creating a bad habit for yourself, a habit of losing money in the future.",14,0,https://www.youtube.com/shorts/JD_sWSjIiJE,UgzSP3uCMbvesf939Md4AaABAg,youtube-data-api-v3/commentThreads.list,
4.456,strategy_rules|psychology,youtube,"I can think outside the box. Robots follow rules but I can spot opportunities they might miss especially when the market isn’t moving in a textbook way.
They don’t get tired or emotional. I might hesitate or second-guess a trade but a bot executes without fear or doubt which helps in sticking to a strict strategy",4,1,https://www.youtube.com/shorts/TvWks6oJ-9U,UgygYERY0gYMqiAisgp4AaABAg,youtube-data-api-v3/commentThreads.list,
4.446,strategy_rules|education_gap,youtube,"You define Swing Trading as holding as short as 24 hours, yet the examples given are all day trades. You say to use 1 day,  4 hour, and 1 hou r timeframes, but in the examples only use the  1 hour candles. Yes I know that day traders use faster candles, but what am I missing here? Watching hourly candles for the duration of the trade feels more like daytrading than swing trading.",6,0,https://www.youtube.com/shorts/JL7HdUKRxfI,Ugxk1wGWmO_RmpBGhJh4AaABAg,youtube-data-api-v3/commentThreads.list,
4.444,strategy_rules|education_gap,youtube,So simple to understand. Many traders use this strategy but you have explained it in the best way. I have also seen you do it live so i know your not just faking past results. Excellent work!,18,0,https://www.youtube.com/shorts/B_dVwXYQ-oc,Ugxy0PzHTaQkjCgH4gp4AaABAg,youtube-data-api-v3/commentThreads.list,
4.43,education_gap,youtube,"I love trading the macd! Im still working out all the bugs, and I jump in too early sometimes, but I'm learning to be more patient and wait for a clear move up or down and trade options. I've had some 2k up days and some 2k down days. But im learning more every day, and that's what matters!",16,1,https://www.youtube.com/shorts/I29peidTQxU,Ugxiwu_ljQCHKqG6GQh4AaABAg,youtube-data-api-v3/commentThreads.list,
4.428,entry_timing,youtube,"Traded down into 15m OB and FVG. Could’ve jumped long right after target for Turtle Soup entry long, using the sick sister concepts. The possibilities are endless. From PD array to PD array. The rabbit hole is so deep. Infinite money glitch. I love it! Nice video bud.",11,3,https://www.youtube.com/shorts/q1NmxUTm4n4,UgwOLarSZ3uMEXDQwbF4AaABAg,youtube-data-api-v3/commentThreads.list,
4.428,strategy_rules,youtube,"supply and demand strategy like that has worked well for me over the years too, always good to see the details in action. yeah i do that on my ERA wallet",23,0,https://www.youtube.com/shorts/nkMzaQqpFbw,Ugx2RxYexY0ejFi-AWd4AaABAg,youtube-data-api-v3/commentThreads.list,
4.428,strategy_rules,youtube,"this is the ORB (open range breakout) strategy, works great also on BTC",11,3,https://www.youtube.com/shorts/I29peidTQxU,UgxDopIOdK6GxONhEZt4AaABAg,youtube-data-api-v3/commentThreads.list,
4.428,strategy_rules,youtube,"Dude this was the best video on order block, now I'm just going to order block as my strategy and cut out all the noise",23,0,https://www.youtube.com/shorts/DMUiDBnTYc8,UgxTXYIjIQxoNHU_hb54AaABAg,youtube-data-api-v3/commentThreads.list,
4.399,risk_management|strategy_rules|psychology,youtube,"Robots are better then us because
Speed – Bots react way faster than any human ever could. They execute trades in milliseconds!
 No Emotions – No fear, no greed, no second-guessing—just pure logic.
 24/7 Trading – While humans need sleep, bots keep grinding.
 Data Processing – They analyze insane amounts of data instantly.
 Discipline – Bots stick to the strategy, no impulsive decisions.
 Multi-Market Action – They can trade multiple markets at once, something no human can do efficiently.

Of course, they’re not magic bad strategies = bad results. But with the right setup, bots can be absolute game changers",9,1,https://www.youtube.com/shorts/TvWks6oJ-9U,Ugz_oXOJy4eY2jghP7J4AaABAg,youtube-data-api-v3/commentThreads.list,
4.388,other_question_or_pain,youtube,Woah! This was OUTSTANDING. I absolutely loved the endless repetition. It really helped to get candle after candle after candle. By the end I feel like I got it! Thank you.,5,1,https://www.youtube.com/shorts/g3oDYq4P9ZE,Ugw0KBM-3Tqnxm4xXm54AaABAg,youtube-data-api-v3/commentThreads.list,
4.388,education_gap,youtube,2nd day learning 2nd tutorial video. Im guessing this is the best tutorials to start with for beginners.  Cheers bro. Im only doing this to help others in need of support. Letsgo 💪,5,1,https://www.youtube.com/shorts/990oOC-bHxA,UgwfCVLu71o193CrFKp4AaABAg,youtube-data-api-v3/commentThreads.list,
4.388,education_gap,youtube,@26:24 But this last marked indecision candle is being invaded by  a bottom wick. How is that an imbalance of confident well by zone?,5,1,https://www.youtube.com/shorts/yaCM_cr5BXo,UgxUwmUwtzA8zMp8oph4AaABAg,youtube-data-api-v3/commentThreads.list,
4.388,strategy_rules,youtube,This video helps me a lot. My goal is to finally finalize my trading strategy and be at least 70% profitable.,5,1,https://www.youtube.com/shorts/nkMzaQqpFbw,Ugy8xJc-TyrKzR5aXZd4AaABAg,youtube-data-api-v3/commentThreads.list,
4.385,education_gap,youtube,It is better to miss the trade than to over trade. You explain this so good!,22,0,https://www.youtube.com/shorts/m-G1ag77aVc,UgwXRWFXCZjh5m5hJ_14AaABAg,youtube-data-api-v3/commentThreads.list,
4.369,entry_timing,youtube,"Been struggling with this recently, great timing!",15,1,https://www.youtube.com/shorts/U8xH2dEgH5A,UgwMNVxvQ93s6jBlY094AaABAg,youtube-data-api-v3/commentThreads.list,
4.369,education_gap,youtube,"i love the genuine care you have for your viewers' understanding of your teachings.
i especially like your breakdown of a complete set-up, in other words- the top down analysis.
i have commented about this before too, i believe you can extend the time you give to the top down analysis or have separate elongated video, like ""how to backtest these concepts"" or simply ""top down analysis"" but with a lot more than just two-three examples.",15,1,https://www.youtube.com/shorts/6zTz7WMdMWg,UgyUJ_m-jtD4T4qZn0d4AaABAg,youtube-data-api-v3/commentThreads.list,
4.341,education_gap,youtube,I am really grateful to you man! 🙏 Has never seen someone explaining price action or candles so simply and effectively. Thank you so much you are awesome❤🙏🙏🙏,21,0,https://www.youtube.com/shorts/990oOC-bHxA,UgyMY4PoKaJx_R9HzDJ4AaABAg,youtube-data-api-v3/commentThreads.list,
4.329,other_question_or_pain,youtube,Everytime I watch your videos I get revised through the concepts and it help me a lot. Thank you !!😊,7,0,https://www.youtube.com/shorts/JD_sWSjIiJE,Ugx5wtO6dwOJHu5d-_14AaABAg,youtube-data-api-v3/commentThreads.list,
4.329,other_question_or_pain,youtube,@riyas28 You'll struggle as a trader of u taking that root .. himself says that .. there's no short cuts to this game bro,7,0,https://www.youtube.com/shorts/0xygpCMwxbQ,UgyO5LbVHAXo00fW93l4AaABAg.9qIfvzd6nqV9qLh5DlC2cn,youtube-data-api-v3/commentThreads.list,
4.329,education_gap,youtube,"Dammm , I finally understood trading clearly from this video. I watched many other traders before, but I always ended up confused. This video explained everything in a simple way and helped me a lot. I'll definitely be watching more of your videos to keep learning. Thanks, mate!
- Love from India ❤",7,0,https://www.youtube.com/shorts/ygleB1CLhUE,Ugydy4iNrtBamHYPPqF4AaABAg,youtube-data-api-v3/commentThreads.list,
4.305,education_gap,youtube,This is the first and only video in fact the first and only channel I've seen that actually teaches and explains everything about trading. That's amazing.,14,1,https://www.youtube.com/shorts/990oOC-bHxA,Ugy_SSC9aJikDqLyu5t4AaABAg,youtube-data-api-v3/commentThreads.list,
4.295,broker_platform,youtube,This guy is a 100% right with this theory. This was one of the very first things that caught my attention on tradingview bar replay.,20,0,https://www.youtube.com/shorts/JD_sWSjIiJE,UgzZRQb9fhyFXbE3UF94AaABAg,youtube-data-api-v3/commentThreads.list,
4.292,strategy_rules|education_gap,youtube,What is the name of the indicator please?,5,0,https://www.youtube.com/shorts/U8xH2dEgH5A,Ugwqlht6Yu7Od1yIVgt4AaABAg.9rVthwuvvw_9t-FY1G4EQD,youtube-data-api-v3/commentThreads.list,
4.246,education_gap,youtube,"I have to say I have watched many of these videos, but.... This is the greatest TDA videos I have ever seen. Well done to you sir, it has completely opened my eyes to how the market takes out liquidity. And you explain it so clearly and simply. Awesome video mate.",19,0,https://www.youtube.com/shorts/GKN-iVjJpyA,Ugz5po53RSHLlAk4B_J4AaABAg,youtube-data-api-v3/commentThreads.list,
4.208,risk_management|education_gap,youtube,"Mate!!! I studied Supply and Demand this weekend. Watched this and your other SD videos, practiced quite a few trades on the TV replay, journaled them and now just landed my first TP SD trade with +70pts on the 5m chart of the GER40 during the usually slow Asian session. Your videos are so structured and you explain everything essential so well. Thank YOU so MUCH 🙏",14,0,https://www.youtube.com/shorts/yaCM_cr5BXo,UgxAjixTZCjFo2pzgX14AaABAg,youtube-data-api-v3/commentThreads.list,
4.206,other_question_or_pain,youtube,"this is farrr easier said than done. i’ve been trading this for a while now, and the problem is, you never know which of your zones price is gonna react from. So you end up taking trades think that it is gonna react from this level and then market just continues and stops you out. And in other cases you just miss trades. If you do hit though, you’ll end up getting atleast a 3RR.",4,1,https://www.youtube.com/shorts/yaCM_cr5BXo,Ugx6LAJgCIfKQsPiY_94AaABAg,youtube-data-api-v3/commentThreads.list,
4.206,risk_management,youtube,"We can't thank you enough. Trading is difficult but you made it super easy. 

Your video on trailing SL has helped limited losses. Thanks",4,1,https://www.youtube.com/shorts/JhBX0TQ41H8,UgxU1ya2etYJUo36YSR4AaABAg,youtube-data-api-v3/commentThreads.list,
4.206,education_gap,youtube,"At 12:35 you mark Out the 2nd demand Zone, and use it in a trade later (and win🎉). But why did you take it? There is a demand Zone below and you taught us before, that the lowest one is the strongest?",4,1,https://www.youtube.com/shorts/nkMzaQqpFbw,Ugyb8TAKMjjWdPE252l4AaABAg,youtube-data-api-v3/commentThreads.list,
4.196,other_question_or_pain,youtube,I trade evals and performance accounts on apex with already multiple payouts. Learning trading rules makes you a better trader long term. Can't speak for other firms,6,0,https://www.youtube.com/shorts/THCxYD853JE,UgwMcdBUBax0Y6v1lb54AaABAg,youtube-data-api-v3/commentThreads.list,
4.196,education_gap,youtube,"What I'm grabbing in this channel is better from the paid class I have attended,
Thank you sir for knowledge,
You are really a good person ❤
Sir please can you help us on how to create a perfect trading journal for beginners.",6,0,https://www.youtube.com/shorts/990oOC-bHxA,UgwfRjsA-dzLLhEfnnV4AaABAg,youtube-data-api-v3/commentThreads.list,
4.196,other_question_or_pain,youtube,"I first invested 4 years just in demo accounts... and it helps a lot, but now prop firms are a gamechanger",6,0,https://www.youtube.com/shorts/THCxYD853JE,Ugwr7abxCIlDt1ojWKR4AaABAg.A2LflZkRWzNA85oROWFWHK,youtube-data-api-v3/commentThreads.list,
4.194,strategy_rules,youtube,"OTE is everything! After watching so much of ICT's concepts it took me so long to figure out which Strategy worked best for me. Once getting a better understanding of Institutional Order Flow, Market Structure shifts, Liquidity Runs, and PD Arrays the whole game changed. Great video and as always best of luck in the Markets! (also trade indices, mostly Dow Futures)",18,0,https://www.youtube.com/shorts/0xygpCMwxbQ,Ugx6iL_6jfFb6t5Lq_14AaABAg,youtube-data-api-v3/commentThreads.list,
4.186,strategy_rules,youtube,Do you often trade this way on the 5-10 minute timeframe? Or is this method best suited for the 1-hour and 4-hour timeframes?,3,2,https://www.youtube.com/shorts/m-G1ag77aVc,UgyS18DNm_rex8OaLIl4AaABAg,youtube-data-api-v3/commentThreads.list,
4.162,education_gap,youtube,"This is probably the best trading video I’ve ever watched. Imo TDA is the most important concept to apply in trading but I’m not even talking about that, the way u explained it all and focused on the key areas was great",12,1,https://www.youtube.com/shorts/GKN-iVjJpyA,UgxpRZSwZmQsAnh8MCZ4AaABAg,youtube-data-api-v3/commentThreads.list,
4.162,entry_timing,youtube,"You truly are the best ICT educator on YouTube..I hope you have plans to expand your enterprise..I would really like to be part of a mentorship program that you might consider offering…you really are a champion. Thanks for all the hard work and such clear, concise educational content!",12,1,https://www.youtube.com/shorts/_94CPMjWi9E,UgyWuNGbzo2DWy5qB_h4AaABAg,youtube-data-api-v3/commentThreads.list,
4.148,strategy_rules|psychology|education_gap,youtube,"1. I’m better than a robot because I can adapt, think critically, and make decisions based on more than just numbers. A robot follows a set of rules, but I can recognize when the market is shifting in ways data alone can’t predict. I understand emotion, news events, and market psychology, things that can’t always be coded into an algorithm. That flexibility gives me an edge. But in all honestly in this day and age I don't really think I'm better than a robot

2. Robots are better than me at speed and discipline. They don’t hesitate, second guess, or get emotional. They stick to the plan no matter what. But here’s the thing, robots only do what they’re programmed to do. The real power isnt in the bot itself, it’s in the person who builds the strategy behind it. A great trader knows how to use automation as a tool, not a crutch.",10,0,https://www.youtube.com/shorts/TvWks6oJ-9U,Ugxkwj2drpcxBk3z-TZ4AaABAg,youtube-data-api-v3/commentThreads.list,
4.129,entry_timing|education_gap,youtube,"This looks so simple thanks to your wonderful explanation. Everything is at top level: simple explanation from the PDF THEN demosntration on different market day per day.
And at the end, two demonstration or how to use to get an entry or two different session. Wonderful.",7,2,https://www.youtube.com/shorts/g3oDYq4P9ZE,Ugx1C5xYJdbq_zbJdSR4AaABAg,youtube-data-api-v3/commentThreads.list,
4.042,other_question_or_pain,youtube,"Skip keh 
A gold digger should skip gold?",5,0,https://www.youtube.com/shorts/9nRFcetXqkA,UgxlI4BVIJvtp7Il4r94AaABAg.AJLcQaHd2pLAJLhQn32300,youtube-data-api-v3/commentThreads.list,
4.042,other_question_or_pain,youtube,"I'm not profitable yet. From the first time I watched your video,   i feel inspired and hopeful.

It's easy for me to identify change of character, demand and supply zones now.

I'm currently working on being patience and flawless execution.

You're a Messiah in this industry. I can't wait to make my first withdrawal and joing your academy as a mentee.

Thank you sir ❤",5,0,https://www.youtube.com/shorts/9nRFcetXqkA,UgyLq2kBX6v-h1EjE014AaABAg,youtube-data-api-v3/commentThreads.list,
4.042,other_question_or_pain,youtube,"Congrats on you pp account. It helps boost confidence and you will
Be very happy with your outcome once you do take a live trade. Congrats on advance",5,0,https://www.youtube.com/shorts/0xygpCMwxbQ,UgzQCOORyx7T8s_Nh7F4AaABAg.9qVDWM0jQ9D9va9Koe3Q6P,youtube-data-api-v3/commentThreads.list,
4.042,other_question_or_pain,youtube,"Ever since I met you, when I journal to my old chart I'm laughing and crying at the same time, I can't believe it's me  whose busy scamming myself 😂😭.  From you I'm learning and improving every day. All the way from Technical Analysis to Psychological trading. . I'm blessed to have a Mentor like you 🙏🏽🥰🤞🏽💙💙💙🇿🇦",5,0,https://www.youtube.com/shorts/yaCM_cr5BXo,Ugzk3qVq_jxHi67DRe14AaABAg,youtube-data-api-v3/commentThreads.list,
4.023,strategy_rules,youtube,"If technical analysis and indicators worked, everyone would be rich.",7,3,https://www.youtube.com/shorts/I29peidTQxU,UgwNaMEeh_GPh76xfY94AaABAg,youtube-data-api-v3/commentThreads.list,
4.023,strategy_rules,youtube,"It is the simple opening range 15m trading strategy, some do it 5minute range. I learnt it like 5 years ago from the trader who was around 65 years old retiree. But this strategy also has its own advantages and disadvantages just like others, none is perfect.",15,0,https://www.youtube.com/shorts/I29peidTQxU,Ugy8eMiRtymx2yjhVz14AaABAg,youtube-data-api-v3/commentThreads.list,
4.001,education_gap,youtube,"U see what u have just taught now, even if all the youtube trading channels can be closed and only this video left, it enough.

This is for begginers, intermediate and advanced trader

After watching this i never wana watch another video in my life, it will confuse me😅",6,4,https://www.youtube.com/shorts/g3oDYq4P9ZE,UgylT3JI7CXlPa-2he54AaABAg,youtube-data-api-v3/commentThreads.list,
3.994,education_gap,youtube,Finally! You're the only Youtuber I found that explains clearly about automated bot trading.  Thank you ❤🎉,10,1,https://www.youtube.com/shorts/TvWks6oJ-9U,Ugw_JA9eJvh94MSxH5Z4AaABAg,youtube-data-api-v3/commentThreads.list,
3.994,education_gap,youtube,"Chapters (Don't Skip Any!!):
00:00 - Why Market Structure Matters SO MUCH
00:30 - Trend Basics
01:46 - Highs & Lows
4:00 - Reversals Basics
05:28 - Structure Mapping (Highs & Lows)
11:25 - Impulses vs Corrections
17:38 - Impulse/Correction Example
22:55 - Break of Structure (BoS / ChoCh)
25:59 - BoS Mapping on Chart
33:19 - Internal Structure
38:55 - Liquidity Sweep vs BoS
41:55 - Trading Structure with Supply & Demand 
45:43 - Supply & Demand Trend Examples
54:11 - Confirmation Entries
59:08 - Sub Structure vs Swing Structure
1:01:30 - Sub vs Swing Structure Example
1:08:40 - FREE TRADING COURSE

---",10,1,https://www.youtube.com/shorts/ygleB1CLhUE,UgxlPHJ38NFvzOdzkg14AaABAg,youtube-data-api-v3/commentThreads.list,
3.983,strategy_rules,youtube,I already became profitable in three months 🤪 love the videos though they keep me balanced and help me flesh out my strategy.,3,1,https://www.youtube.com/shorts/nkMzaQqpFbw,UgxRyKLKOksUDzdE1pN4AaABAg,youtube-data-api-v3/commentThreads.list,
3.983,education_gap,youtube,"Unfortunately, most will never reach the consistently profitable stage. Why?
Because they do not have the right tools and they do not have the right training. It can change if they find the right teacher.",3,1,https://www.youtube.com/shorts/THCxYD853JE,UgxXnC0sR0SF8Kfp9d54AaABAg,youtube-data-api-v3/commentThreads.list,
3.983,strategy_rules,youtube,Just tried out the strategy today on my demo account and all 3 trades came through. Just from watching your video. You really made it easy to understand after being confused for months. Keep it up. 💯,3,1,https://www.youtube.com/shorts/nkMzaQqpFbw,UgxxpB8UTxBVhKQoxD54AaABAg,youtube-data-api-v3/commentThreads.list,
3.983,education_gap,youtube,"Hey, what's that calendar that showed the profits and losses?",3,1,https://www.youtube.com/shorts/THCxYD853JE,UgyzOL3Wah7PWt9pBVx4AaABAg,youtube-data-api-v3/commentThreads.list,
3.983,education_gap,youtube,What is the calendar that you show that’s says each days pips?,3,1,https://www.youtube.com/shorts/THCxYD853JE,UgzmUpfzD_LAeHC0nFZ4AaABAg,youtube-data-api-v3/commentThreads.list,
3.958,education_gap,youtube,"Your channel has proven that trading isn’t hard, someone just need to get the understanding of how trading actually works, when you understands forex market, you will make money from the market",14,0,https://www.youtube.com/shorts/990oOC-bHxA,Ugx5Q5bNDeZXVapbHk54AaABAg,youtube-data-api-v3/commentThreads.list,
3.958,risk_management,youtube,Bro seriously I'm changing everything this is amazing bro you saved my life,14,0,https://www.youtube.com/shorts/JD_sWSjIiJE,UgycBWb2fXZERHG8KI94AaABAg,youtube-data-api-v3/commentThreads.list,
3.945,strategy_rules|education_gap,youtube,"To TTrades,

I just wanted to take a moment to sincerely thank you for everything you've shared through your content. You’ve not only taught me valuable concepts like ICT and SMC in a way that truly clicks, but you also did something that most people wouldn’t dare to do — you gave away your own setup, your knowledge, your hard-earned experience… for free, just to help others grow.

That level of generosity and transparency is rare, and I can’t even begin to express how much I respect you for it. Because of you, I've grown in ways I never thought possible. Your passion, patience, and dedication have lit a fire in me, and I know I’m not the only one.

Please keep going, even when it gets tough. You’ve already changed lives, and you're building something way bigger than you might even realize right now. Your work matters. You matter.

Thank you for being real. Thank you for leading with value. And thank you for being a mentor to so many of us, even from behind a screen.

Much love and endless respect.
– A grateful learner",2,1,https://www.youtube.com/shorts/0xygpCMwxbQ,UgyLHzNQEMlMDcdQJlJ4AaABAg,youtube-data-api-v3/commentThreads.list,
3.943,education_gap,youtube,"You're a great teacher JEA❤ this few days I came across your YouTube channel I've got learn a lot. Though I've not started trading with real $$$, I'm still playing with my demo account😅. But you're actually motivating me real good, I can't wait to start trading with real account. 

How can I get your full course and how about I want you to mentor me?
Hoping to hear from you🙏🙏",1,0,https://www.youtube.com/shorts/LclxDYccla8,UgwASHwjJm16BHGCaph4AaABAg,youtube-data-api-v3/commentThreads.list,
3.943,other_question_or_pain,youtube,"When will you do another backtesting video of some sort? really enjoyed the silver bullet one, and it helps alot, great video btw!",1,0,https://www.youtube.com/shorts/uDJI2AbyyCs,UgwRa5BK4-58i64hBah4AaABAg,youtube-data-api-v3/commentThreads.list,
3.943,psychology,youtube,"I disagree. Props helps developing traders to be disciplined and patience. Do you know demo really teaches you nothing coz you don't lose anything? Learning should be painful and it comes from failure, in this case, from losing your hard earned money. Losses are lessons. Demo should for people getting to trading the first year learning.",1,0,https://www.youtube.com/shorts/THCxYD853JE,Ugxv649z6dgeny86_HF4AaABAg,youtube-data-api-v3/commentThreads.list,
3.899,entry_timing,youtube,"This is probably one of your best ones. Incorporating the most fundamental ict concept to actually pull the trigger for a live fund entry. 
Manipulation+FVG+OTE+OB+BB ✨️",9,1,https://www.youtube.com/shorts/0xygpCMwxbQ,UgzegrEbGNTij5XHOEB4AaABAg,youtube-data-api-v3/commentThreads.list,
3.886,entry_timing|broker_platform,youtube,"I'm happy for you. Like you, I'm more comfortable being a swing trader. So I use the higher time frames to identify key areas and trend, while I usually use the 1-Hr time frame to find entry signals. Then  I've found the 1-min time frame beneficial for taking sniper entries that could easily cater for the spreads. So that helps me to leave the red figures (loss) and enter the blue figures (profit) very quickly 😁. 

But if your method works perfectly for you, just stick with it 👍.",3,0,https://www.youtube.com/shorts/ygleB1CLhUE,Ugx0ez05kyxTDxd4zuR4AaABAg.AKhNX1CQcyQAKy0jPo2FLg,youtube-data-api-v3/commentThreads.list,
3.859,education_gap,youtube,This made liquidity feel way simpler than how it’s usually explained. The sweep + confirmation part especially helped.,4,0,https://www.youtube.com/shorts/sclIAK3x2dw,Ugwc6zdf72RKZ83MFcx4AaABAg,youtube-data-api-v3/commentThreads.list,
3.859,other_question_or_pain,youtube,"listen carefully to this teacher,if you can't make profit after learning from this teacher  you have your own problem",4,0,https://www.youtube.com/shorts/JD_sWSjIiJE,UgwnsC6Rdl0mdPx9n6N4AaABAg,youtube-data-api-v3/commentThreads.list,
3.859,education_gap,youtube,Curious how this works for btc since crypto market is 24/7??  Or you still trade at corresponding trad market opening?,4,0,https://www.youtube.com/shorts/I29peidTQxU,UgxDopIOdK6GxONhEZt4AaABAg.AJfbD1Y1EW6AKmkd84Ryz5,youtube-data-api-v3/commentThreads.list,
3.859,education_gap,youtube,"Yeah man, I am so grateful to ICT for his willingness to share all of his golden insights, but he could edit out all of his boasting and defensive commentary. It draws out his videos to forever and makes him really hard to watch. He literally drives me nuts with all that, and then I can't even say anything because he has the comments turned off, lmao. Additionally, while he clearly has the passkey to understanding how these markets work, he isn't as gifted in terms of conveying it all in a clear and digestible way. Sometimes it feels like I have to sit through an hour and a half of content to find the 5 or 6 minutes of pure gold, but it's gold of such purity as to make it worth the wait. So thank God for guys like you, whose gift is in the ability to provide a clear and focused treatment of ICT's concepts and techniques. So yeah, thanx man..",4,0,https://www.youtube.com/shorts/U8xH2dEgH5A,UgxmXtOhH3ZZEaL8iDx4AaABAg.9rWVhrzVVe-AC2Wt189ER3,youtube-data-api-v3/commentThreads.list,
3.859,other_question_or_pain,youtube,"Am massive fan of your work ... watching all the way from Zambia Africa.... your videos have helped my trading journey 
I've greatly improved since I came across your YouTube channel 💯
But I was wondering if you could do some of us a favour 
By doing a fully detailed video of 
Combining SMC + RSI  divergence..... am curious guy and it's been bugging for quite some time now 😅 I hope this comment gets to the team behind this channel....",4,0,https://www.youtube.com/shorts/q1NmxUTm4n4,UgxyWIMdfyobKrNTXDt4AaABAg,youtube-data-api-v3/commentThreads.list,
3.859,other_question_or_pain,youtube,This help me ALOT wit my understandin of this...thank u bro,4,0,https://www.youtube.com/shorts/LclxDYccla8,Ugy5W1KyrMfFp2GCkbN4AaABAg,youtube-data-api-v3/commentThreads.list,
3.859,education_gap,youtube,It's insane how we get such golden information free...James we sure can't thank you enough,4,0,https://www.youtube.com/shorts/JhBX0TQ41H8,UgyJ76cS0DkJ4Rn_dMh4AaABAg,youtube-data-api-v3/commentThreads.list,
3.859,other_question_or_pain,youtube,"Hi Pat, are you going to make a bot that trades crypto or memecoins?",4,0,https://www.youtube.com/shorts/TvWks6oJ-9U,Ugyl_F3oo6AYy5lUq4x4AaABAg,youtube-data-api-v3/commentThreads.list,
3.859,other_question_or_pain,youtube,Breakout & Retest! Problem is it will breakout but often times it keeps going & never turns back to retest.,4,0,https://www.youtube.com/shorts/I29peidTQxU,UgzlQWhUn6a0wGHUq-F4AaABAg,youtube-data-api-v3/commentThreads.list,
3.849,risk_management|entry_timing|education_gap,youtube,"At 12:35 the green candle confirmation determined your entry, below the last swing low determined your stop, but how did you determine your take profit? was your take profit just 3 times what you risked?",2,0,https://www.youtube.com/shorts/JL7HdUKRxfI,Ugze7o5Gew1Kyg_BBDF4AaABAg,youtube-data-api-v3/commentThreads.list,
3.847,entry_timing|education_gap,youtube,"Hey, Great content its helped alot on the ICT concepts.  I like you direct and unpretentious style.  I find most of the ICT concepts are a counter candle or counter move type of thinking.  At times this counter way of thinking gets me into trouble fighting the short term trend or move or waiting for a pull back that never comes.  I was curious what your thoughts were on when do you think your wrong or maybe when you think you should flip?.  I know,  hit your stop and thats when your wrong  but seems we always emphasize  the entry and profit target.  Maybe Failed plays might be a good presentation.  Thanks man, appreciate ya.",0,1,https://www.youtube.com/shorts/1YRs4Z1lMws,UgwMQ6mNFQX6OYtucep4AaABAg,youtube-data-api-v3/commentThreads.list,
3.847,broker_platform|education_gap,youtube,Thanks for the amazing videos.  I can't find a video where they explain how to set multiple take profits in tradingview. Can someone help me?,0,1,https://www.youtube.com/shorts/YESqIoA7Wyg,UgxSlpaJdlT8kHllCmJ4AaABAg,youtube-data-api-v3/commentThreads.list,
3.841,entry_timing|education_gap,youtube,Please make a video on how to take entry in LTF ❤️,5,2,https://www.youtube.com/shorts/GKN-iVjJpyA,Ugw8o1BpfdK_DCkip_t4AaABAg,youtube-data-api-v3/commentThreads.list,
3.815,education_gap,youtube,"Very simple way to explain how the market moves and how trades can take advantage of it, clean screen with the necessary marks of supply and demand areas , well done, you are the best out there.",12,0,https://www.youtube.com/shorts/GKN-iVjJpyA,UgxKO0kjy2F-4Bxaj9R4AaABAg,youtube-data-api-v3/commentThreads.list,
3.815,education_gap,youtube,​@Vwxkla that means you didn't understand how to trade😂,12,0,https://www.youtube.com/shorts/yaCM_cr5BXo,Ugz6Ldttbnut5_S-aA54AaABAg.AJv8oJYVXovARL-K9sXb5D,youtube-data-api-v3/commentThreads.list,
3.803,entry_timing|education_gap,youtube,"Love how you project MTs as trade entries to get a better RR. I use the same principle as well and when you identify valid OBs, you can use it as your 2nd entry when your tp is not yet hit. Awesome video as always @ttrades",9,0,https://www.youtube.com/shorts/DMUiDBnTYc8,Ugy0wOsrZBdsBnNQmct4AaABAg,youtube-data-api-v3/commentThreads.list,
3.803,strategy_rules|education_gap,youtube,"By far, this is the best tutorial for any strategy I've ever seen. Hardly ever leave comments on videos, but this was incredibly well done. Thank you",9,0,https://www.youtube.com/shorts/yaCM_cr5BXo,Ugzn6BTEmLeHqp8HJbt4AaABAg,youtube-data-api-v3/commentThreads.list,
3.799,other_question_or_pain,youtube,"Yet another set of great insights! Cool... I was wondering whether in your series of educational videos there would be s.t. around ""high and low resistance runs"". Can u help? Cheers!",0,2,https://www.youtube.com/shorts/q1NmxUTm4n4,UgxhwZaS-I5MNtG05P94AaABAg,youtube-data-api-v3/commentThreads.list,
3.799,other_question_or_pain,youtube,"Hey Pat, I been on a birthday vacation. Awesome video. You have helped me on scalping and I have been pulled to also swing trade. Is your win strike live still going? Everyone much love.",0,2,https://www.youtube.com/shorts/R9yZSDpdCGE,Ugy9zoyoFEa6mBeZoWF4AaABAg,youtube-data-api-v3/commentThreads.list,
3.794,strategy_rules,youtube,10 years to learn the ORB strategy is crazy lol,8,1,https://www.youtube.com/shorts/I29peidTQxU,Ugwp1JxcbWbWl1MwaA94AaABAg,youtube-data-api-v3/commentThreads.list,
3.794,risk_management,youtube,Robots are better because I over trade I do good for awhile then slowly start loosing everything.,8,1,https://www.youtube.com/shorts/TvWks6oJ-9U,UgyltfH2jV_-Is3BEwF4AaABAg,youtube-data-api-v3/commentThreads.list,
3.75,risk_management|strategy_rules|education_gap,youtube,"​@WankitttAnother Stupid thinking that I don't know about stop loss, stupid, you're talking to a well off trader here! Unlike these attention seeking traders who show off, I trade for myself, I create wealth for myself, obviously I know about setting stop loss on my limit orders. Secondly, I am both a technical & fundamental analysist. So my comment about ""Expectations being blown"" yes, that used to be me thinking about ""last down candle stick before the impulse"" and I applied stop losses along with it and guess what... EXPECTATION WAS ALWAYS BLOWN! Because I used to think that now I know about the last candlestick before the impulse(order blocks) I'm all set now which I was wrong like this guy who thinks now that he knows about the last candles before the impulse, everything is set to his path. 

By the way, Fundamental is where most money is made, I only approach technical when I feel like shutting off people who think just because I'm into fundamentals, I don't know about SMC: Liquidity Sweeps, Fvgs, SmT, 9:30 EST set up by ICT... I started trading with all that before Fundamental... I'm god to the technical analysis, now I'm about to become all with Fundamental...while y'all be waiting Break of Structure, Then An Imbalance, Followed by Orderblock, and Nearby resting Liquidity near the orderblock setup before taking a trade😂😂😂predictable hence easy!!! 

What do you know about fundamental setup.. hm? Nothing cause real money making setups can't be shown the way money losing setups are shown like SMC orderblocks that y'all love so much",0,0,https://www.youtube.com/shorts/yaCM_cr5BXo,UgxOUqaU0IYmjLaoSU14AaABAg.AQtI7OYn24DARqE4F2UMvd,youtube-data-api-v3/commentThreads.list,
3.745,education_gap,youtube,"Excellent! Honestly, I would watch you for hours just tracking price action and explaining what you're thinking, win or lose. Maybe even with something like FXReplay. I really learn a lot just by observing. Heck, I'd pay for that. You are the only creator I really pay any attention to other than ICT any more because your work compliments his so well. 

The only thing I have found myself regularly wondering is what time frame you're on. I know it doesn't always matter, or it's just ""long term"" vs ""short term,"" but it would be cool if there was a stamp somewhere that was clearly visible, quick and easy to see. No big deal, just an idea. :)",6,2,https://www.youtube.com/shorts/_94CPMjWi9E,UgwvELcUrIrkN-JYIrh4AaABAg,youtube-data-api-v3/commentThreads.list,
3.745,risk_management,youtube,"i have been looking for a good, slow, novice explanation of this liquidity concept and you have done it. appreciate it man.",6,2,https://www.youtube.com/shorts/U8xH2dEgH5A,UgyQJSNJeGlNuHC0P_h4AaABAg,youtube-data-api-v3/commentThreads.list,
3.745,strategy_rules,youtube,"Yes true..trust me as you see this...not every demand and supply are valid, but if you want your demand and supply to be valid use the higher timeframe to spot S&D levels..never trade a demand in the lowest of timeframe 

If you say timeframe doesn't matter, they are the big deals to your trading setups for A+ trades, if not your strategies are useless",6,2,https://www.youtube.com/shorts/nkMzaQqpFbw,UgzOvrAz5LQVwtzV3s94AaABAg,youtube-data-api-v3/commentThreads.list,
3.742,entry_timing|education_gap,youtube,Awesome video Pat!! ⭐️ Thank you so much for your education! I’ll definitely try this out on demo. 😉 I’m learning so much from your videos and your live streams. I’m finally green for the third week in a row. 😊 Even though I don’t copy your trades in the stream I just watch you trade and learn how you decide which one to take where to enter and where to exit. You’re helping me because a better trader! 🥰 Honestly thank you!! Much love from Germany 🇩🇪 and see you on Monday… ❤,1,2,https://www.youtube.com/shorts/B_dVwXYQ-oc,Ugzz73TGEZcDGIZJla54AaABAg,youtube-data-api-v3/commentThreads.list,
3.735,education_gap,youtube,"Thank you for this, now teach us how to use the trading tools for fresh learners",11,0,https://www.youtube.com/shorts/wIyZcY6kNuo,Ugwy0HO9NmYvRZifgxN4AaABAg,youtube-data-api-v3/commentThreads.list,
3.735,risk_management,youtube,"I believe this to be true as I have been trading prop firms for the past 3 months and have only passed one… i feel as if I just need to pass which leads me to taking bigger risk, taking poor trades, trying to make up losses and just over trading in general. These all lead to blowing up your account. Even after telling myself all these things, it still comes down to having the right mindset. I will now be starting a small account to overcome the mental side of trading. Good luck to all!",11,0,https://www.youtube.com/shorts/THCxYD853JE,UgxHr22nz5wlkbToS3t4AaABAg.A2MJb7VnZ7IA2OC31DlI2q,youtube-data-api-v3/commentThreads.list,
3.697,strategy_rules|education_gap,youtube,"You explain really clearly, and I appreciate it mate! Been studying trading for a year now and it’s neat to come back to find little tools to apply to my strategy.",8,0,https://www.youtube.com/shorts/LclxDYccla8,UgzAfKprxWVlVxq3ScR4AaABAg,youtube-data-api-v3/commentThreads.list,
3.696,risk_management|entry_timing|education_gap,youtube,"This was what happened to me yesterday, I entered the trade after seeing the weak candle crossing which I later realised was a mistake after it hitted my stop loss and went up then crossed with the body , thanks that am coming across this video at the right time",6,0,https://www.youtube.com/shorts/JD_sWSjIiJE,Ugzvrytz12ljOy8zVqR4AaABAg,youtube-data-api-v3/commentThreads.list,
3.695,other_question_or_pain,youtube,I can't believe Ttrade is still liking comment from this video after 1 year ❤❤,2,1,https://www.youtube.com/shorts/0xygpCMwxbQ,UgwKubWiW8ixa2jpkiN4AaABAg,youtube-data-api-v3/commentThreads.list,
3.695,education_gap,youtube,You got my follow. I understand ICT concepts but when. I backtest it's like I don't understand what I'm looking for and you just explained.,2,1,https://www.youtube.com/shorts/0xygpCMwxbQ,UgxEAlqbjKH2UzY4-G14AaABAg,youtube-data-api-v3/commentThreads.list,
3.695,other_question_or_pain,youtube,This is absolutely insane. This is a massive help man 🙏. If say you're playing a 4H candle would advise to wait for a new one to play. Was messing around with already forming candles and getting stopped out,2,1,https://www.youtube.com/shorts/6zTz7WMdMWg,UgydhNsquLa4Tcbs7Ch4AaABAg,youtube-data-api-v3/commentThreads.list,
3.648,strategy_rules,youtube,"Looking forward to the updated SWING Trading strategy by you, sir!! Thanks!!",10,0,https://www.youtube.com/shorts/GKN-iVjJpyA,Ugw9gSG_kmrKD2UKqdx4AaABAg,youtube-data-api-v3/commentThreads.list,
3.648,risk_management,youtube,"Wow , that double top or bottom on demand zone took my stop loss all the time that , shift in structure I was lacking, thanks again",10,0,https://www.youtube.com/shorts/9nRFcetXqkA,UgxAR1-haZcVqLZ8g_F4AaABAg,youtube-data-api-v3/commentThreads.list,
3.648,strategy_rules,youtube,"For real ,G's.indicators cause  lots of confusion,Welcome to our world Pure price action traders..",10,0,https://www.youtube.com/shorts/yaCM_cr5BXo,Ugz-m8LdbCV8QH-bxsN4AaABAg.AJwp7xcWoRgAK4_NPJc28y,youtube-data-api-v3/commentThreads.list,
3.636,other_question_or_pain,youtube,God bless you for sharing the most important information and helping the traders.,3,0,https://www.youtube.com/shorts/JD_sWSjIiJE,UgwAIXSV827b3QZLp9R4AaABAg,youtube-data-api-v3/commentThreads.list,
3.636,other_question_or_pain,youtube,Do you have free mobile trading bots?😭😭😭,3,0,https://www.youtube.com/shorts/TvWks6oJ-9U,UgwCpxu2Xekgz9mWrYR4AaABAg,youtube-data-api-v3/commentThreads.list,
3.636,education_gap,youtube,"What I’ve found that helps as I was having the same problem trying to figure out where the next candle is going to go. Try the 4hr and use his same tactic of DOL, more candles so it gives you a better view on if price is bullish or bearish, hope that helps 👍🏽",3,0,https://www.youtube.com/shorts/1YRs4Z1lMws,UgwUOMVQcIexREXB6vF4AaABAg.9uZhme2I4cx9u_1Wiqw0_S,youtube-data-api-v3/commentThreads.list,
3.636,education_gap,youtube,Yo I’m from SA. How was your first month trading with pat?,3,0,https://www.youtube.com/shorts/G2THP1LGPB0,UgwiK2Wb3tPEN15PWvl4AaABAg.9qiPNtXIkwl9s0Oi6Ki0FX,youtube-data-api-v3/commentThreads.list,
3.636,other_question_or_pain,youtube,Hi James hope you good. Your videos really help me out a lot.,3,0,https://www.youtube.com/shorts/m-G1ag77aVc,UgxKqlO1fQ_9bF_sP3N4AaABAg,youtube-data-api-v3/commentThreads.list,
3.636,education_gap,youtube,How do they know what color to make the indecision candle?,3,0,https://www.youtube.com/shorts/990oOC-bHxA,UgxfxQdg2ayoHOR-fvl4AaABAg,youtube-data-api-v3/commentThreads.list,
3.636,other_question_or_pain,youtube,"for me... the psychology was actually vice versa... I opened a small live account with ninja trader, and my mind, since I can get paid that same day, I could not help but gamble... With prop firms, I know it takes a while to see a payout, and so I took my time",3,0,https://www.youtube.com/shorts/THCxYD853JE,UgyaHmv-1WEGeYj1nUt4AaABAg.AHfurjCb2HlAJxq7Q3_WIH,youtube-data-api-v3/commentThreads.list,
3.636,other_question_or_pain,youtube,Pretty incredible - I can't believe I've never seen candle price action described like this in over 6 months of study and literally hundreds of videos!,3,0,https://www.youtube.com/shorts/g3oDYq4P9ZE,UgzUqItukg9JaF_Y17B4AaABAg,youtube-data-api-v3/commentThreads.list,
3.599,strategy_rules|education_gap,youtube,"Absolutely Purest content with the simplest explanation seen in the YouTube.
PERIOD 
Never thought trading would look that easy.
Great Great work mate.
Just a quick question if you can answer 
What's the best timeframe to trade this model mate?",2,0,https://www.youtube.com/shorts/JhBX0TQ41H8,UgyzWtM0oF-tUgaU_9x4AaABAg,youtube-data-api-v3/commentThreads.list,
3.591,strategy_rules,youtube,"i prayed to God for a good winning strategy,  boom, then i saw this. Thank you so much Pat.",5,2,https://www.youtube.com/shorts/R9yZSDpdCGE,UgxfjjEFtGuZ20s6YC94AaABAg,youtube-data-api-v3/commentThreads.list,
3.579,risk_management|strategy_rules,youtube,"look at yesterday example S&P500 it said nope twice up and down, using this strategy will hit your SL defenantly.",7,0,https://www.youtube.com/shorts/I29peidTQxU,UgxPz404tA-b41jwYSp4AaABAg.ALke9XGCnljAMdfVLQnwyT,youtube-data-api-v3/commentThreads.list,
3.579,entry_timing|education_gap,youtube,He enters at the bearish rejection candle. That long wick down finishing with a small hammer green candle shows that the buyers power over powered the sellers and the price will reverse.,7,0,https://www.youtube.com/shorts/rBLL6lm0vkk,UgyMHhuhB7s4vPQqvf54AaABAg.AO23cXHpgqyAUKGjIr8Jg-,youtube-data-api-v3/commentThreads.list,
3.553,strategy_rules,youtube,"That's none of your business. You shoukd NEVER ask for a person's financial information. 

I'm blown away by this new generation that is bold enough to demand another man's financial statements. 

You would gotten got back in the day when you weren't protected by a system that monitors everything if you asked another grown man about his money. 

Remember, no one owes you anything. Homeboy already gave you the foundation for the strategy. Either you back test and or front test it or not. No one has anything ro prove to you.",9,0,https://www.youtube.com/shorts/rBLL6lm0vkk,UgwSFOhBUAHg-0sM9t14AaABAg.AR1fmIT4QSJAUtx_kaHl93,youtube-data-api-v3/commentThreads.list,
3.553,education_gap,youtube,"Video idea 
If possible,Implement every confluence in one example 
Or try add more confluences in one each example, 
Take a trade and show how many possible perspective are there , 
For example if u take a trade using fib retracment level , there is a possibility it can have a ob and fvg at the same level , 
Like that , 
Daily basis + killzone + silver bullet + etc ...",9,0,https://www.youtube.com/shorts/1YRs4Z1lMws,UgxRkK0lzE-w6ZnQxwt4AaABAg.9u_XQh-voO79uaG1oUhUwy,youtube-data-api-v3/commentThreads.list,
3.542,risk_management|strategy_rules|education_gap,youtube,PRICELESS. Understanding this will shorten the learning curve of a newbie by YEARS!!!!!! And also keep you away from the million indicator videos and two million gurus on YT claiming to have THE way to profitability. This is all you need…really. Many thanks for creating this and explaining it so slowly and so well. ✌🏾NEW SUB (w/notifications on) HERE!!,5,0,https://www.youtube.com/shorts/ygleB1CLhUE,Ugwu4X3w_Bu-y3-MP9N4AaABAg,youtube-data-api-v3/commentThreads.list,
3.542,risk_management|broker_platform|education_gap,youtube,"Pat I’d like to know what source you use within TradingView if you use Hankotrade as a broker, given Hankotrade isn’t a source. Spreads when scalping could be misleading based on different source tickers. Thanks",5,0,https://www.youtube.com/shorts/G2THP1LGPB0,UgxXbh4ZnRf4hf55R3R4AaABAg,youtube-data-api-v3/commentThreads.list,
3.542,risk_management,youtube,Brilliant. Most of them I use too depending upon the RR. Just want to add that after a Breaker Block one can try for Propulsion Block (ICT Core Content Month 4 Episode 8) which gives another chance to take positions and with less risk.,6,1,https://www.youtube.com/shorts/0xygpCMwxbQ,UgySp2P0ACTrye-qGmx4AaABAg,youtube-data-api-v3/commentThreads.list,
3.54,broker_platform|education_gap,youtube,"At time mark 8:04, you stated:

8:04 this high so if this high is going to
8:06 hold then I want to see price displaced
8:08 below the Asia low

Why is this the case?
What tool in Tradingview did you use to draw the project?

Thanks for your good work!",1,1,https://www.youtube.com/shorts/YESqIoA7Wyg,UgykyckQuhFX9VTvPmB4AaABAg,youtube-data-api-v3/commentThreads.list,
3.492,other_question_or_pain,youtube,First three 5 minute candles after NY open?,1,2,https://www.youtube.com/shorts/rBLL6lm0vkk,Ugz3V7-ba7OCzRHzlwB4AaABAg,youtube-data-api-v3/commentThreads.list,
3.492,other_question_or_pain,youtube,"Most helpful  and easy to understand.
Thank`s a lot :)",1,2,https://www.youtube.com/shorts/_94CPMjWi9E,UgzX7HtJWFmG9fhdm5J4AaABAg,youtube-data-api-v3/commentThreads.list,
3.447,education_gap,youtube,"This is how markets move, driven by liquidity. when you master market movement, you have mastered the game",8,0,https://www.youtube.com/shorts/YESqIoA7Wyg,UgwEoxD9fV8kSE2-qYp4AaABAg,youtube-data-api-v3/commentThreads.list,
3.447,education_gap,youtube,I like how you explain everything in detail especially for beginners. A lot of these guys will miss steps in explaining details and your left not knowing anything than when u first watched the video ha,8,0,https://www.youtube.com/shorts/JD_sWSjIiJE,UgzYgFSCNwSL6YdAHGB4AaABAg,youtube-data-api-v3/commentThreads.list,
3.446,strategy_rules|education_gap,youtube,"Support for the Channel & Praise for Accurate Market Interpretation

I want to sincerely commend the work and educational value this channel provides.
The way chart reading and market reaction execution are explained is on a high level and very precise.

Of course, there are many more layers to consider—such as additional confirmations that come with time, experience, and deeper understanding of market movement—but the foundation presented here is correct and well-structured.

In a world where most chase indicators and false signals, it’s rare to come across an explanation based on true market logic and how price actually moves.

All in all—very well explained, and more importantly—executed correctly.",6,0,https://www.youtube.com/shorts/m-G1ag77aVc,UgwMNeJ16yhZ4-PT0Ix4AaABAg,youtube-data-api-v3/commentThreads.list,
3.443,risk_management|entry_timing|psychology,youtube,"i love these videos and have build really good trading practices. my only problem left to work through is the take profit. i tend to still moving to trailing stop to early and to close where im only getting about half of the target profit. my win rate is very high but profit takes are slow growing because of this fear of big candle taking it back down to entry price and potential stop loss. if you have some videos on the exit price practice i would love to see more of that focus, more than just a 1:1.5 profit to loss",1,0,https://www.youtube.com/shorts/nkMzaQqpFbw,UgxCjZo0nGEQbkdD3N14AaABAg,youtube-data-api-v3/commentThreads.list,
3.443,risk_management|strategy_rules|education_gap,youtube,"RETESTING THE EXTREME ZONE & THE LOGIC BEHIND BANK MOVEMENTS

The market didn’t revisit the extreme zone by accident—it returned to close a banking order that was positioned around the 50% mark of a wick. On the lower timeframes, we can spot liquidity within the wick, but on the higher timeframes, like the Daily, the story becomes clearer: the market shifted direction and formed a new Higher High (HH).

Here's the key: the market always pulls back to the last order that pushed it forward—the one that caused the recent HH or LL—before continuing the move. That’s why we must analyze higher timeframes first and then fine-tune entries on lower ones. Only when we combine both can we see the true narrative unfold.

Smaller timeframes always follow the structure of the higher ones. Banks move capital, revisit their positions to reinvest, and then drive the market where they want it to go. Our job is not to predict—it’s to respond to their inevitable reactions, once we truly understand how the market breathes.

Meanwhile, banks continuously bait retail traders, luring them into traps to collect the liquidity they need for their next move—one that’s often already telegraphed on the higher timeframes.

So what do we do?

We study. We stay present. We train our eyes. We learn to read what the banks are saying—without saying it. Because banks don’t speak with headlines—they speak through the chart, and with each candle, they negotiate.

Final word:
Follow the money—not the noise. Play their game—but play it against them.
Because that’s the only true way to trade like the banks.

And remember—this isn’t just a market.
It’s not a battlefield, and it's not a casino.

It’s a coordinated operation of capital—
Led by those who orchestrate the game.",1,0,https://www.youtube.com/shorts/m-G1ag77aVc,UgxLIDroccje6V8cul54AaABAg.AIckJ2DvWSjAInAuXu2RS7,youtube-data-api-v3/commentThreads.list,
3.443,risk_management|strategy_rules|education_gap,youtube,"RETESTING THE EXTREME ZONE & THE LOGIC BEHIND BANK MOVEMENTS

The market didn’t revisit the extreme zone by accident—it returned to close a banking order that was positioned around the 50% mark of a wick. On the lower timeframes, we can spot liquidity within the wick, but on the higher timeframes, like the Daily, the story becomes clearer: the market shifted direction and formed a new Higher High (HH).

Here's the key: the market always pulls back to the last order that pushed it forward—the one that caused the recent HH or LL—before continuing the move. That’s why we must analyze higher timeframes first and then fine-tune entries on lower ones. Only when we combine both can we see the true narrative unfold.

Smaller timeframes always follow the structure of the higher ones. Banks move capital, revisit their positions to reinvest, and then drive the market where they want it to go. Our job is not to predict—it’s to respond to their inevitable reactions, once we truly understand how the market breathes.

Meanwhile, banks continuously bait retail traders, luring them into traps to collect the liquidity they need for their next move—one that’s often already telegraphed on the higher timeframes.

So what do we do?

We study. We stay present. We train our eyes. We learn to read what the banks are saying—without saying it. Because banks don’t speak with headlines—they speak through the chart, and with each candle, they negotiate.

Final word:
Follow the money—not the noise. Play their game—but play it against them.
Because that’s the only true way to trade like the banks.

And remember—this isn’t just a market.
It’s not a battlefield, and it's not a casino.

It’s a coordinated operation of capital—
Led by those who orchestrate the game.",1,0,https://www.youtube.com/shorts/m-G1ag77aVc,UgxLIDroccje6V8cul54AaABAg.AIckJ2DvWSjAInBcQYbWI0,youtube-data-api-v3/commentThreads.list,
3.409,risk_management,youtube,SL of 888 pips🤯 9:55,4,2,https://www.youtube.com/shorts/TvWks6oJ-9U,UgyMYjoZxaoGNPYSR7V4AaABAg,youtube-data-api-v3/commentThreads.list,
3.388,education_gap,youtube,"Thanks TTrades for this Video. 

I have been hearing ICT saying that SMT is for Confirmation to an already existing model, and my early interpretation to this has been, that SMT comes 'last' to my Trading set-up, as its 'Confriming the set-up'. 

However, what you have just demonstrated makes for easier application of His SMT. Thanks for the Insight  brother.",5,1,https://www.youtube.com/shorts/q1NmxUTm4n4,UgwBo8Qaaty-UOwbD3N4AaABAg,youtube-data-api-v3/commentThreads.list,
3.388,risk_management,youtube,Robots are better than me because of these main reasons: 1. They trade with zero emotion. 2. They can trade while I am asleep. 3. They can follow the set algorithm / coding 100% to the tea,5,1,https://www.youtube.com/shorts/TvWks6oJ-9U,Ugx2fJIDjvmD4dAwn894AaABAg,youtube-data-api-v3/commentThreads.list,
3.388,education_gap,youtube,I always felt like charts are telling me stories or doing commentaries of real time action through candles but i always ridicule such thoughts by corrupting because  i consumed a lot technical analysis videos on yt of institutions are big enemy against whom we all retail trader has win some with losses of few fellow troops😂 thanks for letting  me know that only present matters be it in life or in trading charts.. love you through roofs.. i will always keep you in my goodnes whatever good i will do in my life you will be directly part of it and you are the real influencer ❤,5,1,https://www.youtube.com/shorts/990oOC-bHxA,UgzlL8hQKk1xwMh4m1d4AaABAg,youtube-data-api-v3/commentThreads.list,
3.359,entry_timing|strategy_rules|education_gap,youtube,"Yeah spot on bro, I used to enter Buy limits at 15Min Pullbacks and used to wonder why price would reverse half way not realising that the HTF pullback zones below that hold the most volume so price would induce me into going long at the 15 min breakout just to liquidate me to tap into 1H demand. 😂. Just like you said, Always trade extreme zones such as 1H,4H, Daily + Pullback zones and target Either A Higher Timeframe Zone or previous highs for a safer trade. Only recently I realised that trend lines are a no go for entries as 90% of the time they’re just institutional manipulation.",4,0,https://www.youtube.com/shorts/9nRFcetXqkA,UgyTipTWJE4PrrA0FtR4AaABAg.AKpG8qn-ZnYAN8Dh1fUv54,youtube-data-api-v3/commentThreads.list,
3.349,education_gap,youtube,How long do you hold trades and do you trade on the 1 hr time frame?,2,0,https://www.youtube.com/shorts/JL7HdUKRxfI,Ugw-bt7ejhnnSQ1TCtd4AaABAg,youtube-data-api-v3/commentThreads.list,
3.349,other_question_or_pain,youtube,awesome explanation of S&D. I notice u like to markup and trade from higher time frames. is this true?,2,0,https://www.youtube.com/shorts/yaCM_cr5BXo,UgwMLCxEz2YaFa3Er254AaABAg.AMzOpF_DTtUANei5jVu8dD,youtube-data-api-v3/commentThreads.list,
3.349,education_gap,youtube,"Sometimes on the higher time frames there is no imbalance before the SZ so we don't sell from there as you say, but going down  to a Lower time zone Imbalance may appear so how do you trade  that now ? can you then sell from that SZ.....Thanks for all your teachings by the way, Insights is a great channel and highly recommended",2,0,https://www.youtube.com/shorts/yaCM_cr5BXo,UgwMLCxEz2YaFa3Er254AaABAg.AMzOpF_DTtUAP8eHAhkL3K,youtube-data-api-v3/commentThreads.list,
3.349,other_question_or_pain,youtube,"Hey Pat! I see you are on an hour chart, but you are swing trading. I am new to all of this but I thought you swing trade on a daily or higher. If you are on this hour chart, are you getting in and out on the same day? If so, isn't that day trading. I thought swing trading was a day or longer in a trade. Again I am new and trying to learn. TIA",2,0,https://www.youtube.com/shorts/JL7HdUKRxfI,UgwS0VRhKE32ZHegGxl4AaABAg,youtube-data-api-v3/commentThreads.list,
3.349,other_question_or_pain,youtube,"Me finding this video in 2025 is a sign. Thank You Man, This is Life changing Daily Bias is one of the most difficult aspects of trading and you made it like Abc's. It can't be any easier than this.",2,0,https://www.youtube.com/shorts/g3oDYq4P9ZE,UgwkedXpFD1kKXe0a8d4AaABAg,youtube-data-api-v3/commentThreads.list,
3.349,education_gap,youtube,What if there's no MARUBOZU CANDLE ON M1?,2,0,https://www.youtube.com/shorts/B_dVwXYQ-oc,UgwwGHXo2RuqbqC9o-14AaABAg,youtube-data-api-v3/commentThreads.list,
3.349,other_question_or_pain,youtube,So traders are influencers too??🙄,2,0,https://www.youtube.com/shorts/m-G1ag77aVc,UgxhYvqLRa3jLcRLG7B4AaABAg.AIbreS-5HPYAMCFLBAbQ3H,youtube-data-api-v3/commentThreads.list,
3.349,entry_timing,youtube,For the last examples you entered the trade when there’s no break of structure. Do you see other things for further confirmation? Thanks!,2,0,https://www.youtube.com/shorts/nkMzaQqpFbw,UgyKvcf4wnxXeCipDmV4AaABAg,youtube-data-api-v3/commentThreads.list,
3.349,other_question_or_pain,youtube,"Hey man am following yours videos from few days really helpful to my trading, thanks for being straight forward clean trader",2,0,https://www.youtube.com/shorts/JhBX0TQ41H8,UgyQaGUgdnV0-sqfBF54AaABAg,youtube-data-api-v3/commentThreads.list,
3.349,other_question_or_pain,youtube,"liquidity sweep concept finally samajh aaya, false breakout wali explanation kaafi helpful thi 🔥",2,0,https://www.youtube.com/shorts/9nRFcetXqkA,UgyUwZQCt6xe0kVyvhV4AaABAg,youtube-data-api-v3/commentThreads.list,
3.349,other_question_or_pain,youtube,​@TradewithPat hey can i plesse get vip for 1 week please i am really poor only have 8$ in my account please i want my balance to grow its stuck please help md 😢,2,0,https://www.youtube.com/shorts/R9yZSDpdCGE,UgyVbtO46KNKa387kpV4AaABAg.AJsHf7CryKuAJsLpOyZ0Oo,youtube-data-api-v3/commentThreads.list,
3.349,risk_management,youtube,The first step to successful investing is figuring out your goals and risk tolerance either on your own or with the help of a financial professional but is very advisable you make use of a professional.,2,0,https://www.youtube.com/shorts/m-G1ag77aVc,UgyXStKg7yqoIWAmjnt4AaABAg.APYGkOeKs5vAPYHbdmdbKI,youtube-data-api-v3/commentThreads.list,
3.349,other_question_or_pain,youtube,Are his signals good?,2,0,https://www.youtube.com/shorts/G2THP1LGPB0,UgyrlfBtE1WrDtpotLl4AaABAg.A23Mk926nEsABGC8HoBkAG,youtube-data-api-v3/commentThreads.list,
3.349,strategy_rules,youtube,"I 3months i want to learn your strategy bro 
Hopefully i wilk profitable like you bro ..i want to stop working as un overseas bro .. i want to be like you financial freedom time freedom and i provide anything for my family hope i can go inside to your vip and learn some of ur strategy bro to became profitable like you bro ..💪💪💪one strategy that can help me bro ..💪💪💪",2,0,https://www.youtube.com/shorts/nkMzaQqpFbw,Ugz-6AOfBvlP3VgtQkl4AaABAg.AO8Nj1HkRtTAO8UDOdzAiL,youtube-data-api-v3/commentThreads.list,
3.349,education_gap,youtube,"Sir I am from India . And I am very thankful for the knowledge u are sharing . Even the paid people won't teach us this much . Thankyou so much sir. Lots of love from India . And I got a question too , if there is no imbalance in 5mins chart but in 3mins it's showing a imbalance should we consider the 3 min imbalance??? ..... Thankyou once again sir for educating us . Keep rocking and keep teaching us 😊",2,0,https://www.youtube.com/shorts/JhBX0TQ41H8,UgzJ2jPIqBQMl6ElbpR4AaABAg,youtube-data-api-v3/commentThreads.list,
3.329,education_gap,youtube,"Seems easy for you to explain, not so easy to understand and not easy at all to trade in real market. Anyway thanks a lot for the masterclass!",7,0,https://www.youtube.com/shorts/yaCM_cr5BXo,Ugw9zJxUbzijSGtrRZd4AaABAg,youtube-data-api-v3/commentThreads.list,
3.329,strategy_rules,youtube,"Learned the strategy today, executed 2 trades and both were profitable.",7,0,https://www.youtube.com/shorts/nkMzaQqpFbw,UgwhNb0RzskguFdUTdV4AaABAg,youtube-data-api-v3/commentThreads.list,
3.329,education_gap,youtube,I don't know how to thank you but your information has brought me growth a lot since 2023,3,3,https://www.youtube.com/shorts/TvWks6oJ-9U,UgwzeSyyLvHVSJp3Suh4AaABAg,youtube-data-api-v3/commentThreads.list,
3.329,education_gap,youtube,"Hey man, I mean no disrespect but I don't get how people can be so hyped about this. I backtested this whole year (January - August 2023) to get Daily Bias on EURUSD and even though you say this happens MOSTLY, if not always, I beg to differ. I may be wrong but results show an accuracy of 40% (+/- 2%) when used to get Daily Bias. Now before people jump in with guns blazing, one can still be profitable with a 40% Daily Bias accuracy, I know that. However, I'm here to see if you had better numbers. I appreciate all that you're doing for the community, however, would love to know your data regarding this pair for this year if you sat down backtesting. Kudos to you!",7,0,https://www.youtube.com/shorts/g3oDYq4P9ZE,UgxdS9pSydTG0dfc96B4AaABAg.9ssWSQtkwjp9tHUBtLdcxU,youtube-data-api-v3/commentThreads.list,
3.329,education_gap,youtube,I’m speechless on how easy you explained daily bias! This changes everything! I have been able to receive two payouts so far in this seven month journey of trading. I’m so excited to see what I can do next. Thank you so much for the video and I will definitely be studying the next day model and your other lessons. Thank you again. 🍻,7,0,https://www.youtube.com/shorts/g3oDYq4P9ZE,Ugzv_Apv_qjX5nuUdP94AaABAg,youtube-data-api-v3/commentThreads.list,
3.292,risk_management|education_gap,youtube,"This happened to me yesterday in gold
I had spotted the liquidity zone, knew the market will fill the imb, but ........ 
I forgot and man got caught out of the with a wick

It was then I remembered your video on how to set stop loss😂😂",5,0,https://www.youtube.com/shorts/JhBX0TQ41H8,UgyNsWOSNuXZNMOsCdN4AaABAg,youtube-data-api-v3/commentThreads.list,
3.29,other_question_or_pain,youtube,"Thank you for all your work, for me the best YouTuber of all ICT community, keep doing this type of videos and you will change many people lives, this single video has helped me more than lots of videos",1,1,https://www.youtube.com/shorts/6zTz7WMdMWg,Ugw-Lbg3OK_rVFktXUl4AaABAg,youtube-data-api-v3/commentThreads.list,
3.29,other_question_or_pain,youtube,Thank you very much! These classes help a lot!😃😃😃,1,1,https://www.youtube.com/shorts/_94CPMjWi9E,Ugw41wChSsnkTH18k394AaABAg,youtube-data-api-v3/commentThreads.list,
3.29,other_question_or_pain,youtube,"Amazing video Pat! 
Do you have any strategies for trading Asia?",1,1,https://www.youtube.com/shorts/B_dVwXYQ-oc,UgwKBtw__g4ovKF_Bkh4AaABAg,youtube-data-api-v3/commentThreads.list,
3.29,other_question_or_pain,youtube,Love the PDFs they help a lot thank you,1,1,https://www.youtube.com/shorts/_94CPMjWi9E,UgwSDjg0T4GCSW22bnh4AaABAg,youtube-data-api-v3/commentThreads.list,
3.29,education_gap,youtube,Don't you just love when you watch a trading video that explains the same mistake you made in the market today? Well done. I missed a good trade because I over refined my trade. Thank you.,1,1,https://www.youtube.com/shorts/m-G1ag77aVc,UgwZIa47hp-sqWHgaEZ4AaABAg,youtube-data-api-v3/commentThreads.list,
3.29,education_gap,youtube,Absolutely fantastic. You are a good man. You know how to help people. I will backtest and adopt for sure.,1,1,https://www.youtube.com/shorts/6zTz7WMdMWg,UgxUEKEzkYJbjRF1Xft4AaABAg,youtube-data-api-v3/commentThreads.list,
3.29,entry_timing,youtube,Thanks pat for the clear and concise explanation. Helps a lot in understanding the technical and basis to enter a trading position,1,1,https://www.youtube.com/shorts/JL7HdUKRxfI,UgxZ85pCCjWJ4sqkWL14AaABAg,youtube-data-api-v3/commentThreads.list,
3.29,other_question_or_pain,youtube,"ABSOLUTELY a fan of your work. the way you present and organize ICTs magic is second to none. Thanks TTrades, you helped me a lot. Thanks ICT, forever grateful,",1,1,https://www.youtube.com/shorts/_94CPMjWi9E,UgzIGJZcvlvDVXbUhch4AaABAg,youtube-data-api-v3/commentThreads.list,
3.29,other_question_or_pain,youtube,"Oh i did enjoy it, I enjoyed the crap out of it! I'm blown away by such easy to understand concepts and cant wait to test all this out. I am still super confused about when I should be sticking to the basic PDH PDL for bias vs when price respects a PD array. I've used the respect of a PD array sway me away from a PDL bias that did displace past PDL to watch price blow past said PD array. I know I wont always be correct but when I see that happen then I start second guessing. I missed the discord stream, DAM YOU FAMILY OBLIGATIONS :D I plan on watching it next. Thank you again Mr TTrades. Remember if you start some sort of paid membership I'm the guy whos always trying to throw money at you!",1,1,https://www.youtube.com/shorts/6zTz7WMdMWg,UgzPuRu02-BQhIoZiiV4AaABAg,youtube-data-api-v3/commentThreads.list,
3.25,other_question_or_pain,youtube,Can you help me be great with trading?,0,0,https://www.youtube.com/shorts/TvWks6oJ-9U,Ugw7FM-lHGVtN6crCrJ4AaABAg.AQ8XUwZCaiOAQnsaE7Crz8,youtube-data-api-v3/commentThreads.list,
3.25,education_gap,youtube,"How please?? 
Please help me I really need to gain 
My losses back",0,0,https://www.youtube.com/shorts/pq9qObptK9E,UgwR6PfPfz9fafApe-14AaABAg.AbM88oWpXQ7AbM8lugeJm-,youtube-data-api-v3/commentThreads.list,
3.25,education_gap,youtube,"Great video. I’m learning swing trading and practicing on Robinhood. One thing I’m still confused about is setting up buy calls. How do you figure out the right price for the future? For example, if I’m looking at the weekly chart, it might not hit the strike price within that time. How would I plan a call option for the following week?",0,0,https://www.youtube.com/shorts/JL7HdUKRxfI,UgwS1xoIcaKgp691FQt4AaABAg,youtube-data-api-v3/commentThreads.list,
3.25,education_gap,youtube,I've been making a lot of looses trying to make profit trading. I thought trading on a demo account is just like trading the real market. Can anyone help me out or at least advise me on what to do?,0,0,https://www.youtube.com/shorts/JhBX0TQ41H8,UgwkGY8MPf_DCzZrLYV4AaABAg.AGMtE-j90dJAGMuD4jYeR9,youtube-data-api-v3/commentThreads.list,
3.25,education_gap,youtube,"@TTrades_edu Thank you! The screens explanation was also helpful. Discarding a liquidity point or FVG... On your screen you have liquidity targets, and you've drawn in Fair Value Gaps - how long do you keep them for? Once they've been pierced, do you get rid of them? Do you keep them until the end of the day in case they might get hit again? Longer? etc.",0,0,https://www.youtube.com/shorts/q1NmxUTm4n4,UgxC3T2vCZPrp1y-PVN4AaABAg.9nDw3b9qVHJ9njbeZjy0qE,youtube-data-api-v3/commentThreads.list,
3.25,entry_timing,youtube,"​@TTrades_edu I have a question sir. I'll be glad if you see my comment and reply me. I'm struggling to become successful in Forex since years. I don't even have the money to join your premium course. But I want you as my mentor, please help me sir. 
If a draw on liquidity of 4H candle High/Low is already taken before getting entry, should I hold the Bias for entry? Or should I look for opposite Bias entry?? 
❤ from India",0,0,https://www.youtube.com/shorts/6zTz7WMdMWg,UgxCJeWeX0Ojdiet5CV4AaABAg.9tDXkI5iPrzA6JPlGbBM1t,youtube-data-api-v3/commentThreads.list,
3.25,education_gap,youtube,"so the videos he makes, Give you enough knowledge? What exactly are you thanking him for. I’m a beginner in Options and i want you to basically summarize what important information, he said in this Video that Is going to help you and make you profitable while trading. if you decide to respond* it will be helping me, i love learning, i think everybody should ask questions. its the only way you learn yk? Good luck bro",0,0,https://www.youtube.com/shorts/JD_sWSjIiJE,UgxYTfjWjGPDCEXCOU94AaABAg.AU_weT0NdzeAVPztXEYUVd,youtube-data-api-v3/commentThreads.list,
3.25,education_gap,youtube,"that's great, but I'm still confised as to how to determine the swing highs and swing lows, can anyone help, please?",0,0,https://www.youtube.com/shorts/JL7HdUKRxfI,Ugxs0zcSAE4FP8zqTxR4AaABAg,youtube-data-api-v3/commentThreads.list,
3.25,other_question_or_pain,youtube,"First am very great-full for the videos your making, it helped me a lot.
And I would be more grateful if you tell me more about ""Inversions with in a Trend"" and ""Propulsion OB""?

Thank you so much 🙏",0,0,https://www.youtube.com/shorts/uDJI2AbyyCs,UgzTZTu4xWH4_DiYg6B4AaABAg,youtube-data-api-v3/commentThreads.list,
3.233,risk_management|education_gap,youtube,"Thanks for a great video... you are a true hero of the game! I used to lose money and have no idea why... now I lose money and can explain exactly why ! Next step, losing slightly less money!",3,1,https://www.youtube.com/shorts/_94CPMjWi9E,Ugw2ezVSy3eUvApWy9l4AaABAg,youtube-data-api-v3/commentThreads.list,
3.233,strategy_rules|education_gap,youtube,hello bro i had a confusion if your strategy is really 73% win rate then why you are uploading video on YouTube rather than earning with your own strategy,3,1,https://www.youtube.com/shorts/nkMzaQqpFbw,Ugw6uLAJ_YZI7jB3_R94AaABAg,youtube-data-api-v3/commentThreads.list,
3.206,strategy_rules,youtube,This is the most simplest and really best strategy wow i am one who does the breakout and retest strategy,4,1,https://www.youtube.com/shorts/B_dVwXYQ-oc,Ugx3NA_UFEVFNwYjUXB4AaABAg,youtube-data-api-v3/commentThreads.list,
3.206,strategy_rules,youtube,S&D + Liquidity is the only way to read the tape. No indicators needed when you see the footprints,4,1,https://www.youtube.com/shorts/yaCM_cr5BXo,UgxoUdFyHW100-VohSZ4AaABAg,youtube-data-api-v3/commentThreads.list,
3.206,education_gap,youtube,"keep up your work man love your simplifying ICT teaching cuz it gets a bit confusing for some people since i found your channel my ict understanding increased even more thanks for that my G.
And if you dont mind me asking whats your chart colors,thanks if you reply appreciate it fam,keep up the good work!! ❤",4,1,https://www.youtube.com/shorts/YESqIoA7Wyg,UgxxHr9vjz6ujG9P_XR4AaABAg,youtube-data-api-v3/commentThreads.list,
3.206,education_gap,youtube,"It’s been such a long journey, after 5 years I moved to ICT Concepts. But I don’t have the same energy to assimilate all the content.

Even though it’s not ICT explaining. It gathers a lot of information that I got from ICT’s videos that were not concluded yet. 

Tks a lot bro, god bless you!",4,1,https://www.youtube.com/shorts/g3oDYq4P9ZE,Ugy2_hfTNhuCilWYZ0t4AaABAg,youtube-data-api-v3/commentThreads.list,
3.206,education_gap,youtube,I noticed We started with H1 time frame and then took most of the trades on M5 time frame . Kindly explain more,4,1,https://www.youtube.com/shorts/nkMzaQqpFbw,UgyBavhMJ2BzhFk3LER4AaABAg,youtube-data-api-v3/commentThreads.list,
3.206,entry_timing,youtube,FIRE AS ALWAYS! LAST ONE example really did it for me with working from the daily all the way down to the 5min for the entry! fuego,4,1,https://www.youtube.com/shorts/0xygpCMwxbQ,UgyiPyqkIxRzQtFb5St4AaABAg,youtube-data-api-v3/commentThreads.list,
3.206,risk_management,youtube,Awesome content... and your calm  explanation come as a slap in the face of so-called guru traders/influencers...,4,1,https://www.youtube.com/shorts/6zTz7WMdMWg,UgzMjvrOsrDu3SWKUTZ4AaABAg,youtube-data-api-v3/commentThreads.list,
3.196,risk_management,youtube,DAM i remember watching this when i was newbie to trading didn't have a clue im 4 months in and i can say im doing good. i did paper trading for two months did alot of studying and research its a hassle not going to lie but its fucken worth it i finally got a funded account this week i made 580 in an hour!! anything is possible you guys dont give up !,6,0,https://www.youtube.com/shorts/nkMzaQqpFbw,UgwzED09wPVUIvt68Yl4AaABAg,youtube-data-api-v3/commentThreads.list,
3.196,risk_management,youtube,Or just practice on a prop account. Your main objective should be to pass it slowly and build consistency. No wonder these props make millions,6,0,https://www.youtube.com/shorts/THCxYD853JE,UgxNELDWV5mb3vBGq3t4AaABAg,youtube-data-api-v3/commentThreads.list,
3.196,education_gap,youtube,​@StephenThantsi that's why it's important to have a Stoploss so as not to have 'YOUR EXPECTATIONS BLOWN IN SECONDS',6,0,https://www.youtube.com/shorts/yaCM_cr5BXo,UgxOUqaU0IYmjLaoSU14AaABAg.AQtI7OYn24DARq9XrNz4x4,youtube-data-api-v3/commentThreads.list,
3.196,risk_management,youtube,"1. Get at least 300 backtested trades 
2. Go paper trading for a week
3. Open a small live account and use 0.5% risk per trade",6,0,https://www.youtube.com/shorts/THCxYD853JE,Ugxv-wQgjjeaqlH6TUN4AaABAg,youtube-data-api-v3/commentThreads.list,
3.196,education_gap,youtube,"@TradewithPat Of course if you can’t profit on demo there is no point to go for the real one. But no matter how good you are on demo and how profitable, this doesn’t mean you will be same on real one, cause here comes the factor I mentioned before - emotions. They play huge role and are the main reason people lose money.",6,0,https://www.youtube.com/shorts/THCxYD853JE,UgygWWV2v0_ny4WV9v14AaABAg.A2clvKfRlnXA2cwHK2zbSY,youtube-data-api-v3/commentThreads.list,
3.196,education_gap,youtube,"I like how you kept it simple with highs and lows instead of overcomplicating it with trendlines and random tools. The way you broke down impulses vs corrections and BOS makes it way clearer when structure actually shifts and when it’s just internal noise. I’ve been pairing that kind of structure mapping with first light beacon to spot when we’re expanding out of a real break instead of just wicking liquidity. When structure, order flow, and expansion all line up, the trades feel a lot more intentional instead of forced.",6,0,https://www.youtube.com/shorts/ygleB1CLhUE,Ugz8Pu7O50mfpruO6xN4AaABAg,youtube-data-api-v3/commentThreads.list,
3.193,strategy_rules|education_gap,youtube,"how do I know the timeframe brothers, i joined a lot gc on telegram but there's no timeframe, pls help🙏🙏🙏",1,0,https://www.youtube.com/shorts/G2THP1LGPB0,UgwbWV-J8ly4ss29AM14AaABAg,youtube-data-api-v3/commentThreads.list,
3.193,risk_management|education_gap,youtube,How do you calculate your take profit and stop loss?,1,0,https://www.youtube.com/shorts/JL7HdUKRxfI,UgwvCPiTyw5DUwap7vZ4AaABAg,youtube-data-api-v3/commentThreads.list,
3.193,strategy_rules|education_gap,youtube,I’ve been following the strategy from Chris James Cooks. ❤ His patience and the way he reads the charts is what actually helped me stay consistent.,1,0,https://www.youtube.com/shorts/wIyZcY6kNuo,UgxRXMkx3d4sAKT-ig94AaABAg.AW4lv92EcT6AW4mFIjFR7N,youtube-data-api-v3/commentThreads.list,
3.193,strategy_rules|education_gap,youtube,@ShannaJ.Schmidt  So what’s this pattern exactly? Is it like a liquidity sweep or more of a trend setup?,1,0,https://www.youtube.com/shorts/JD_sWSjIiJE,UgyE0W--P_PmxXxFusd4AaABAg.APDuI4Lh7CAAPDuj9ed6Am,youtube-data-api-v3/commentThreads.list,
3.193,strategy_rules|education_gap,youtube,What timeframe?,1,0,https://www.youtube.com/shorts/nkMzaQqpFbw,Ugykuh1sWlRsDpaz0SV4AaABAg.ASXgruBIanaAToo-cKHu61,youtube-data-api-v3/commentThreads.list,
3.193,entry_timing|education_gap,youtube,the question is how you will entry when the pullback is happening and which signals you will you to get the right ride?,1,0,https://www.youtube.com/shorts/LclxDYccla8,Ugz1Nd3s_bzVrnKwAmh4AaABAg,youtube-data-api-v3/commentThreads.list,
3.193,strategy_rules|education_gap,youtube,"Very instructive, clear and concise, thank you very much. One question though : I understand the bit about not trading until the price drops to below 50 per cent fibonacci retracement, but what is the significance of the 76 per cent level? Maybe you use that for some more advanced strategy but you don't mention it here. So, why is it included, and why 76 point whatever it was? Thanks again.",1,0,https://www.youtube.com/shorts/JL7HdUKRxfI,UgzMQvQkGyJKeTttV8h4AaABAg,youtube-data-api-v3/commentThreads.list,
3.193,entry_timing|education_gap,youtube,You didn't answer the last commenter.  Can you please explain this a little more?,1,0,https://www.youtube.com/shorts/I29peidTQxU,Ugzqaz_PRdxFY5c_JUF4AaABAg.ALrJuRys-YIAPG4ccig2QG,youtube-data-api-v3/commentThreads.list,
3.186,risk_management,youtube,Prop firms are a scam. If they give you a bullshit $50k account with a max drawdown of $2000 then your account is only $2000. Save $2000 and play with your own money.,3,2,https://www.youtube.com/shorts/THCxYD853JE,Ugw9oXFc1rWwU9kcARV4AaABAg,youtube-data-api-v3/commentThreads.list,
3.186,education_gap,youtube,"Started my trading journey today and i love the way you explain the whole thing.

Please Sir, i'd appreciate it so much if you will accept to mentor me.",3,2,https://www.youtube.com/shorts/wIyZcY6kNuo,Ugx9mMeJ52-TMRhHAOh4AaABAg,youtube-data-api-v3/commentThreads.list,
3.186,entry_timing,youtube,Hi and thank you for your simplifying the ict. Can you please prepare a video for best entry areas using the order book. 🙏 ❤,3,2,https://www.youtube.com/shorts/YESqIoA7Wyg,UgzvEFXvTWRtEcqZEIt4AaABAg,youtube-data-api-v3/commentThreads.list,
3.136,risk_management|entry_timing|strategy_rules,youtube,One the trade at 12:49 was like 2 weeks of hell lol. Yeah the broken clock is right once a day tactic. 1 hr charts don’t have enough resolution. 30min for setups and 5 min for entries have been best bet for me. 1min is no fly zone as every setup fails like engulfing candles ema’s small trendlines lome 5-10candles all fail as much as not. Risk reward has been most important thing I’ve learned since learning to win because even tho I won I still was behind and not profitable. Take profit off early and leaver runners with break even stops is only way to win after learning to trade. Also can exit then enter again with same size lot keeping runners on. Have to keep runners or it’ll run without ya.,3,0,https://www.youtube.com/shorts/JD_sWSjIiJE,UgxwdG50ibCkF4SJWd94AaABAg,youtube-data-api-v3/commentThreads.list,
3.042,education_gap,youtube,Its easy to explain when price is already charted,5,0,https://www.youtube.com/shorts/I29peidTQxU,Ugwgyeg_kNmTzDinV8l4AaABAg,youtube-data-api-v3/commentThreads.list,
3.042,education_gap,youtube,"You got it, give it a go, give it a whirl, learn from every loss. And this aint no game, because the pain is real. Every day comes with victory and a challenge balance them out and come out on top green, fight, crawl, kick whatever it takes to climb. I'm cheering for you",5,0,https://www.youtube.com/shorts/m-G1ag77aVc,UgxVS1NJypeurDq_tJl4AaABAg.AISumuAUOrgAITDPsY2yX-,youtube-data-api-v3/commentThreads.list,
3.042,education_gap,youtube,Personally this tutorial video is the best ever seen it has touched me and trying to apply all in the chart,5,0,https://www.youtube.com/shorts/ygleB1CLhUE,UgxbYx0PJTIsp-0FFQ54AaABAg,youtube-data-api-v3/commentThreads.list,
3.042,risk_management,youtube,In the  next three months i realllly would like to trade with consistency and to be able to enjoy life and my family while I'm still here without being a slave to my job everyday🙏 I need this Vip bro,5,0,https://www.youtube.com/shorts/nkMzaQqpFbw,UgysQBufVhDqPZu-iDV4AaABAg,youtube-data-api-v3/commentThreads.list,
3.042,education_gap,youtube,I know there is a reason why i unfollowed all YouTube channels about trading apart from this one ....... I have been able to grow in the forex world 🌎 because of his vids. Jaefx is from another planet. Thanks bro ❤❤❤,5,0,https://www.youtube.com/shorts/JD_sWSjIiJE,UgzjVcPOeUGILA6snoV4AaABAg,youtube-data-api-v3/commentThreads.list,
2.983,risk_management,youtube,I will say the bot is better because we as humans need sleep and the bot don't hope I can get a copy of the forex fury bot,3,1,https://www.youtube.com/shorts/TvWks6oJ-9U,Ugxulu-NIIMUC2tZQqh4AaABAg,youtube-data-api-v3/commentThreads.list,
2.983,risk_management,youtube,100% disagree. Maybe for forex. But with futures prop firms r extremely popular and i have 20 to 30k payouts already with them. Ur not even risking ur own capital,3,1,https://www.youtube.com/shorts/THCxYD853JE,Ugy-rBvLhWUUQ-jjo6l4AaABAg,youtube-data-api-v3/commentThreads.list,
2.983,risk_management,youtube,In the next 3 months I want to become consistently profit and maintain good risk management! My family needs me to take it to the next level asap!,3,1,https://www.youtube.com/shorts/nkMzaQqpFbw,UgyFAjhwC3CfNdegV6d4AaABAg,youtube-data-api-v3/commentThreads.list,
2.983,strategy_rules,youtube,"Thank you Sir, you really have a talent for delivering these concepts in a concrete way that is easy 2 understand. Keep up the good work. This is the only channel I'm using to learn the ICT strategy. Hope you reach great success in trading and on this YouTube channel:)",3,1,https://www.youtube.com/shorts/_94CPMjWi9E,UgyIESKQKy-ABoeFTNN4AaABAg,youtube-data-api-v3/commentThreads.list,
2.983,strategy_rules,youtube,"I convert this strategy into my custom EA and it's doing pretty good for me, thanks",3,1,https://www.youtube.com/shorts/I29peidTQxU,UgyK2rXEsABgFmVSAzp4AaABAg,youtube-data-api-v3/commentThreads.list,
2.983,entry_timing,youtube,Love the Video Bro! Once again you've making things more simpler and simpler. Combining the 4H bias with entry is going to be explosive. Thank you.,3,1,https://www.youtube.com/shorts/6zTz7WMdMWg,UgygM_oYevjqhD82WDl4AaABAg,youtube-data-api-v3/commentThreads.list,
2.945,strategy_rules|education_gap,youtube,"Maybe I was distracted, I don't get how do you pick which one of the two indexes' divergences leads the way to the other one. However I've to understand how to apply this kind of price concepts on crypto (which I know you don't trade). I usually use indicators for divergences but I've the feeling that SMT on price are more powerful",2,1,https://www.youtube.com/shorts/q1NmxUTm4n4,Ugy4ViUVIWHzz4MQMx14AaABAg,youtube-data-api-v3/commentThreads.list,
2.945,risk_management|education_gap,youtube,"Your teaching is sleek.. flows like water. I always go to charts and try to practice what you've taught, and im blown out as to how naive i was before watching your video.. thank you TTrades",2,1,https://www.youtube.com/shorts/6zTz7WMdMWg,UgyQry_NDg4rzgj-gqR4AaABAg,youtube-data-api-v3/commentThreads.list,
2.943,other_question_or_pain,youtube,"I swear you are my real mentor sir
After your videos and with the help of Allah i started making big profit 🎉❤",1,0,https://www.youtube.com/shorts/m-G1ag77aVc,Ugw2OItBCza1mxc9Llt4AaABAg,youtube-data-api-v3/commentThreads.list,
2.943,other_question_or_pain,youtube,@TradewithPat 9?!,1,0,https://www.youtube.com/shorts/rBLL6lm0vkk,Ugw7HXwpIXHdtANpFhB4AaABAg.ANL2vYAUYx_ANLSo64Upq8,youtube-data-api-v3/commentThreads.list,
2.943,other_question_or_pain,youtube,"Some traders can teach and trade profitably, other traders are profitable but cannot teach. You my friend can do both. Even though I trade options, this happened to me today, I saw a swing high that I wanted to buy the break but I didn't wait for the break bar to close. I bought as soon as it poked above the swing high only for it to reject and become a false breakout. Thank YouTube algo for breaking you my way, you earned a sub.😊😊😊",1,0,https://www.youtube.com/shorts/JD_sWSjIiJE,Ugw9Y4mW1YUat_fUlqt4AaABAg,youtube-data-api-v3/commentThreads.list,
2.943,education_gap,youtube,"I saw the recommendation about John but I didn't bother chatting him up, i keep loosing really, I still don't understand how the Forex market works though, I'm just gonna search him up.",1,0,https://www.youtube.com/shorts/JD_sWSjIiJE,UgwBPdSxhikXiD1k5YJ4AaABAg.ADTvREcc5wZADVEdhokcmF,youtube-data-api-v3/commentThreads.list,
2.943,strategy_rules,youtube,But did u make money using his strategy?,1,0,https://www.youtube.com/shorts/ygleB1CLhUE,UgwBxz1OI-p88JkZCbJ4AaABAg.AJbOtw8cSlkAJeb3yC2iH1,youtube-data-api-v3/commentThreads.list,
2.943,other_question_or_pain,youtube,"This video helped me with my candlestick analysis, I feel like this was the missing piece that i needed",1,0,https://www.youtube.com/shorts/990oOC-bHxA,UgwI-YmbyBZAQoXLK5p4AaABAg,youtube-data-api-v3/commentThreads.list,
2.943,other_question_or_pain,youtube,"You are an awesome person!!!!! just wanna let you know that, I cannot imagine other people giving thorough explanation for freeeeeeee Thank you sooo much, learning from you I started earning far better, if I had enough I would probably be a student of yours, sadly I am a small time trader and still learning and thanks to you my trades maybe less still the profit is way way better.",1,0,https://www.youtube.com/shorts/yaCM_cr5BXo,UgwIV3NX9MsAlEDc8114AaABAg,youtube-data-api-v3/commentThreads.list,
2.943,other_question_or_pain,youtube,​@ToussaintTrades... can you break it down for us? ❤,1,0,https://www.youtube.com/shorts/I29peidTQxU,UgwKfBBHtHfAYWdzAM94AaABAg.ALIuRkGnYliAPiPEJY4rJh,youtube-data-api-v3/commentThreads.list,
2.943,other_question_or_pain,youtube,@TTrades_edu Nice! MMXM model. Btw Your content has been helping me undertand price action much better,1,0,https://www.youtube.com/shorts/0xygpCMwxbQ,UgwLwdZK35OB0lwh8Zx4AaABAg.9qJA2lnPJjL9qKTIR5Xzfz,youtube-data-api-v3/commentThreads.list,
2.943,other_question_or_pain,youtube,Appreciate the underlying reasoning to  each feature detail. Not a lot of content creators take this degree of care - but it sure helps the learning.,1,0,https://www.youtube.com/shorts/JhBX0TQ41H8,UgwM8dE6CrA5-y2AVR94AaABAg,youtube-data-api-v3/commentThreads.list,
2.943,other_question_or_pain,youtube,"I've been confused about inducements for a while, but the chart examples finally made it click. Really appreciate this video.",1,0,https://www.youtube.com/shorts/9nRFcetXqkA,UgwPWAqFp0fcfCZpD3h4AaABAg,youtube-data-api-v3/commentThreads.list,
2.943,strategy_rules,youtube,Thnks Pat for the awesome video !  Can your ORB strategy be used for Prop firm futures trading say on NQ and ES futures ?,1,0,https://www.youtube.com/shorts/R9yZSDpdCGE,UgwgrzzeE3fLQgmoi-h4AaABAg,youtube-data-api-v3/commentThreads.list,
2.943,education_gap,youtube,"There is only one FVG after he big bullish candles, so you think you should do what with it?",1,0,https://www.youtube.com/shorts/I29peidTQxU,Ugwud9o7t82cUBwxdZh4AaABAg.AJZy6WFdpTuAMJaySu_MeA,youtube-data-api-v3/commentThreads.list,
2.943,other_question_or_pain,youtube,are you still trading?,1,0,https://www.youtube.com/shorts/JD_sWSjIiJE,Ugx5HDnwmlWKd5aaZg54AaABAg.AGSHSz8_YJ0APevfP-es4B,youtube-data-api-v3/commentThreads.list,
2.943,education_gap,youtube,do you have a video on how to input signals ? thanks,1,0,https://www.youtube.com/shorts/G2THP1LGPB0,UgxKiQZxY813lHSMa-R4AaABAg,youtube-data-api-v3/commentThreads.list,
2.943,other_question_or_pain,youtube,Which company/system do you use for personal trading?,1,0,https://www.youtube.com/shorts/THCxYD853JE,UgxL8DsqUi-E4dUl33J4AaABAg.AHUiReYubjXAIJVqn6ZnYH,youtube-data-api-v3/commentThreads.list,
2.943,education_gap,youtube,"You win one and lose 3...so what?😂 with a 1:3RR that's breakeven, anything above that and you're profitable. Do you think you'd get to the point where you're just going to be winning and winning and winning forever?😂",1,0,https://www.youtube.com/shorts/THCxYD853JE,UgxSwts0a2k8GVSuJ8h4AaABAg,youtube-data-api-v3/commentThreads.list,
2.943,education_gap,youtube,I'm a beginner and i can now frame a daily bias this way but how exactly to trade with this ?,1,0,https://www.youtube.com/shorts/g3oDYq4P9ZE,UgxaA4lySwpXmgsnzpR4AaABAg.9uTZ-rLII0oA0xgm4Zyl82,youtube-data-api-v3/commentThreads.list,
2.943,other_question_or_pain,youtube,As a newbie I experienced this with so many trading channels on telegram but thank God it was on a demo account. Anyone can help a brother with 100$ 😢😅,1,0,https://www.youtube.com/shorts/G2THP1LGPB0,UgxePl782fe6B_xLEsF4AaABAg,youtube-data-api-v3/commentThreads.list,
2.943,other_question_or_pain,youtube,"thank you for your honest elaboret explanation on the best free robots , please continue helping many out there who really needs your insight on automsted trading and free robots",1,0,https://www.youtube.com/shorts/TvWks6oJ-9U,Ugxg2gdtrFDTRYS9wBB4AaABAg,youtube-data-api-v3/commentThreads.list,
2.943,other_question_or_pain,youtube,"“I really like your content 👍 it’s very valuable.
But due to language, it’s a bit difficult for me to understand.
If possible, please add Hindi audio track.
This will help a lot of Indian viewers, and your content can reach a much wider audience.” In hindi",1,0,https://www.youtube.com/shorts/JD_sWSjIiJE,Ugy0_l-y7GbTO7hXanl4AaABAg.AMzP-gio5KLAWCjBqPfqzw,youtube-data-api-v3/commentThreads.list,
2.943,education_gap,youtube,I am a newbie in cryptocurrency investments. Can you please guide me on how you made profits?,1,0,https://www.youtube.com/shorts/JD_sWSjIiJE,Ugy6xCofqZDS3ij0pGB4AaABAg.AEsaLFLbt4oAEsad5UGe4j,youtube-data-api-v3/commentThreads.list,
2.943,education_gap,youtube,"I have learned a lot from watching all your trading videos.   I didn't know how to trade supply and demand before.   I have benefited a lot from your videos but I don't understand anything about our trading market in India. I don't know where supply and demand will work.    Thank you, sir",1,0,https://www.youtube.com/shorts/yaCM_cr5BXo,UgyIm6QxHCVBympa_554AaABAg,youtube-data-api-v3/commentThreads.list,
2.943,education_gap,youtube,thank you so much for this video  you have no idea how many people you are helping with this context I'm that trader who has been struggling for years  9 years to be exact trading full time    with no profits to be honest  this video has  opened my eyes to something I have been missing about the candle sticks. 🙏,1,0,https://www.youtube.com/shorts/990oOC-bHxA,UgyPk_6TICYimblRwWN4AaABAg,youtube-data-api-v3/commentThreads.list,
2.943,other_question_or_pain,youtube,I always didn't know when to time low Resistance Liquidity Runs. AM Trades helped me with his Weekly Profile from a year ago. I actually applied it this week. Now I can't wait to check the daily bias from this perspective. T Trades .. thanks man. Sheeeesh... ICT Created Monsters man. And they share all these freely. 🎉,1,0,https://www.youtube.com/shorts/g3oDYq4P9ZE,UgyQN6WypHxn_wv6jB94AaABAg,youtube-data-api-v3/commentThreads.list,
2.943,risk_management,youtube,"Great you help me 😅, my contribution -Your site is a bit slow , you can improve that for more conversion",1,0,https://www.youtube.com/shorts/LclxDYccla8,UgygGUDlpc0XhiGnXe54AaABAg,youtube-data-api-v3/commentThreads.list,
2.943,other_question_or_pain,youtube,You trade with Hinz Maria as well? She's been a true blessing to my family! ❤️❤️,1,0,https://www.youtube.com/shorts/B_dVwXYQ-oc,UgymrkI9XExlGTeIvjp4AaABAg.ALXYePuGDv0ALbvbFsF_BS,youtube-data-api-v3/commentThreads.list,
2.943,other_question_or_pain,youtube,"I heard you need bigger capital in swing structure than substructure, am I right?",1,0,https://www.youtube.com/shorts/LclxDYccla8,Ugyo3FI8BxESMlyQDP14AaABAg.A6fMDUSTJM3ANSYD43o49n,youtube-data-api-v3/commentThreads.list,
2.943,education_gap,youtube,"for what does it work the best? krypto, forex, futures,fiat etc?",1,0,https://www.youtube.com/shorts/B_dVwXYQ-oc,UgyxgRmWwW0N3tvbi_54AaABAg,youtube-data-api-v3/commentThreads.list,
2.943,strategy_rules,youtube,Do you mean there's no need of indicators in Supply and Demand?,1,0,https://www.youtube.com/shorts/yaCM_cr5BXo,Ugz-m8LdbCV8QH-bxsN4AaABAg.AJwp7xcWoRgAPhPqRopJjg,youtube-data-api-v3/commentThreads.list,
2.943,entry_timing,youtube,@TTrades_edu hey can you do a video with using bias like this and using entrys in LTF like 5min/15min a more detailed video? Please Thank you,1,0,https://www.youtube.com/shorts/g3oDYq4P9ZE,Ugz5TwIWiR3zkTNgeYJ4AaABAg.9svCNelPaGbAGHIc17sS80,youtube-data-api-v3/commentThreads.list,
2.943,other_question_or_pain,youtube,"Hi Pat, when  we can expect Forex Fury version 5 to be released ? please include capability for it to scalp xauusd gold as well.",1,0,https://www.youtube.com/shorts/G2THP1LGPB0,Ugz8hbAhBHkKbq4QEU54AaABAg,youtube-data-api-v3/commentThreads.list,
2.943,other_question_or_pain,youtube,"6:19 

Everyone knows that.

The question is which side of liquidity is taken out first?",1,0,https://www.youtube.com/shorts/YESqIoA7Wyg,UgzK-1_g2SK0W_EYZwl4AaABAg,youtube-data-api-v3/commentThreads.list,
2.943,education_gap,youtube,"Thanks for sharing. Honestly, I really need help learning how to trade. Seeing my portfolio so low makes me really sad.",1,0,https://www.youtube.com/shorts/990oOC-bHxA,UgzM5Kt7ZILpSUeVj114AaABAg.AFb45k1U0wgARAwudgRPbT,youtube-data-api-v3/commentThreads.list,
2.943,other_question_or_pain,youtube,I am pretty much a newbie when it comes to trading. Would this program be suitable for me?,1,0,https://www.youtube.com/shorts/990oOC-bHxA,UgzM5Kt7ZILpSUeVj114AaABAg.AFb45k1U0wgARAzdnVvNfU,youtube-data-api-v3/commentThreads.list,
2.943,education_gap,youtube,"You trade future? I trade options, that’s why I’m asking.",1,0,https://www.youtube.com/shorts/I29peidTQxU,UgzThOZ1OCHZr3xHKyh4AaABAg.AMiPEXwMeyNAN__BuN0ph8,youtube-data-api-v3/commentThreads.list,
2.943,risk_management,youtube,2:27 there was one more candle contender of being swing slow until another lower swing low formed and if in such a condition If we marked the above one then ?,1,0,https://www.youtube.com/shorts/1YRs4Z1lMws,UgzW1jnsFGwkHoqgm194AaABAg,youtube-data-api-v3/commentThreads.list,
2.943,other_question_or_pain,youtube,"Hello guys, can somebody tell me please the trading platform name? Thank you!!",1,0,https://www.youtube.com/shorts/G2THP1LGPB0,UgzjUojRLSlwoKnlxIt4AaABAg,youtube-data-api-v3/commentThreads.list,
2.943,education_gap,youtube,Sir can you help us with SELL  side on this swing trading tutorial ❤,1,0,https://www.youtube.com/shorts/JL7HdUKRxfI,UgzngMZVJpW844PZlDZ4AaABAg,youtube-data-api-v3/commentThreads.list,
2.943,strategy_rules,youtube,"thats sad but you learned many things , bro can you tell me is this strategy works on Indian markets or not ? if yes can you share the timeframe. if you want to.",1,0,https://www.youtube.com/shorts/nkMzaQqpFbw,UgzovjBM2H-YeKEIq3d4AaABAg.AUtQGrbteYwAX8Poi5jiia,youtube-data-api-v3/commentThreads.list,
2.943,broker_platform,youtube,May I ask which broker you use?,1,0,https://www.youtube.com/shorts/I29peidTQxU,Ugzxva6KLFRMXAbcqz94AaABAg.AYwOHYR6XS-AYxjeav_UIu,youtube-data-api-v3/commentThreads.list,
2.898,strategy_rules,youtube,starting to see this strategy everywhere. all over youtube and every group im in. won't be surprised if market makers start playing games with this range soon.,2,2,https://www.youtube.com/shorts/R9yZSDpdCGE,UgygZc7sYY6zNTcCgj54AaABAg,youtube-data-api-v3/commentThreads.list,
2.898,education_gap,youtube,In future videos do you think you’ll be able to discuss kill zones and especially the optimal times to trade indices and if possible why currencies or indices may be Beter than one another,2,2,https://www.youtube.com/shorts/q1NmxUTm4n4,UgzWrR3MC76i2AToNbp4AaABAg,youtube-data-api-v3/commentThreads.list,
2.886,entry_timing|education_gap,youtube,"8:34 However it's out of killzone I am not watching it 
What does that mean 
It went beyond 0.79 later but you said this as soon as It enter the Fvg range",3,0,https://www.youtube.com/shorts/1YRs4Z1lMws,UgwlRd1LZ6g0Q5gOMt14AaABAg,youtube-data-api-v3/commentThreads.list,
2.886,psychology|education_gap,youtube,"Backtest for a year data and watch the price print LIVE for the next month. Knowing what to look for is different than doing it yourself. The challenge comes in when you wake up and your expected draw on Liquidity is taken just 1 hour after NY midnight😮, and you have the rest of the day to stay away and be disciplined. Dealing with The fear of missing out is difficult beast. 😞.",3,0,https://www.youtube.com/shorts/g3oDYq4P9ZE,UgxkoXC4HjxtvQ2Ttc14AaABAg.9t55WUDdHE_9tQWo2FJnNJ,youtube-data-api-v3/commentThreads.list,
2.886,strategy_rules|psychology,youtube,"This brief video outlining his approach to buying stocks. Opportunities in the stock market arise when other investors make irrational decisions, creating mispricings and undervalued stocks with a significant margin of safety. A disciplined, long-term investment strategy focused on intrinsic value and market cycles enables savvy investors to capitalize on these market inefficiencies.",3,0,https://www.youtube.com/shorts/990oOC-bHxA,UgyN3CUYmuyLcn5cPHV4AaABAg,youtube-data-api-v3/commentThreads.list,
2.886,strategy_rules|education_gap,youtube,"I knew there was a missing piece in my trading model, but I couldn't figure out what it was. After watching this video, everything just clicked.

I combined the liquidity concepts with my existing setup and went 2 for 2 on my first trades of this week. Small sample size, of course, but I already feel much more confident in my market reads.

Thank you for this amazing content<3",3,0,https://www.youtube.com/shorts/9nRFcetXqkA,Ugys7u5AoHs_z9WJwKF4AaABAg,youtube-data-api-v3/commentThreads.list,
2.886,risk_management|psychology,youtube,"@IsmoilAmonov-d2l 
Sounds like you're trying to make money too quick, in one go and it's not going happen brother.
Lot size maybe too big or too many open positions, No risk management and I sense a bit of greed.
That's a lot of money to lose overnight",3,0,https://www.youtube.com/shorts/990oOC-bHxA,UgzM5Kt7ZILpSUeVj114AaABAg.AFb45k1U0wgARqqi5Uqm8D,youtube-data-api-v3/commentThreads.list,
2.859,strategy_rules,youtube,Well😅 This works😅 but every strategy has its own pros and cons,4,0,https://www.youtube.com/shorts/JhBX0TQ41H8,Ugw1sYrCxez0xnm1jqZ4AaABAg.ABEWy6CvhmLABi0NFvflVj,youtube-data-api-v3/commentThreads.list,
2.859,risk_management,youtube,"This is a ridiculously useful video thanks
For the info",4,0,https://www.youtube.com/shorts/990oOC-bHxA,UgwAoZsO1WK6EWbMcoJ4AaABAg,youtube-data-api-v3/commentThreads.list,
2.859,strategy_rules,youtube,"🔥 This swing trading breakdown is super clear and beginner-friendly  
 appreciate the step-by-step explanation on entries and trend setups! 💪📈 Thanks for the value!",4,0,https://www.youtube.com/shorts/JL7HdUKRxfI,UgxBBzQnYrnYY2Bxlq54AaABAg,youtube-data-api-v3/commentThreads.list,
2.859,strategy_rules,youtube,"And when your zone is valid, it will work on every timeframe.",4,0,https://www.youtube.com/shorts/m-G1ag77aVc,UgxLIDroccje6V8cul54AaABAg.AIckJ2DvWSjAIuTosp6-JD,youtube-data-api-v3/commentThreads.list,
2.859,education_gap,youtube,"JAMES! watching the chart now, finely i understand BOS and how the market works strategically, praise God for you. I prayed much for this. Gambling is not a job, now i have a job, no more guessing!",4,0,https://www.youtube.com/shorts/ygleB1CLhUE,Ugxf_Wa_MNdtd8pQw-x4AaABAg,youtube-data-api-v3/commentThreads.list,
2.859,entry_timing,youtube,The market is volatile at this time. I will suggest you get yourself a financial-advisor that can provide you with entry and exit points on the shares/ETF you focus on.,4,0,https://www.youtube.com/shorts/JD_sWSjIiJE,Ugxi2h2OOg1WglpybOl4AaABAg.ADRZgXaZAEtADRZlPB5AmX,youtube-data-api-v3/commentThreads.list,
2.859,education_gap,youtube,"I'm from the Philippines, studying Forex Trading in the past 3 weeks, yes I'm new to this and fairly enough done anything good. I came across your channel and I really liked the way you explain concepts. In the next three months, I will keep on practicing demo until month 6th, before fully commiting cash to this, cause who knows, that first deposit I make, will for sure be a ""Market Tuition"" haha. Thanks for sharing this! All the best!",4,0,https://www.youtube.com/shorts/nkMzaQqpFbw,Ugxs_JEsOOxxhEBpBtd4AaABAg,youtube-data-api-v3/commentThreads.list,
2.859,strategy_rules,youtube,"Looks like all of this time ive been off track coz of market structure,thank you for updating my strategy mr James,i also trade supply and demand🎉,and ive been scared of gold,but this time around we rolling🚀🚀🚀",4,0,https://www.youtube.com/shorts/ygleB1CLhUE,Ugy2h8a5VpwYzgqV9dp4AaABAg,youtube-data-api-v3/commentThreads.list,
2.859,strategy_rules,youtube,Love you from bottom of my heart... nobody teaches the way you teach and the thing I like most about you is that you don't give random strategies to please viewers rather you clear the path through your teachings and students may experiment and create their own definition to trade setups while not making basic mistakes...thank you for contributing to my journey🥺💗,4,0,https://www.youtube.com/shorts/YESqIoA7Wyg,UgyEhU0eccgDstB0bfJ4AaABAg,youtube-data-api-v3/commentThreads.list,
2.859,entry_timing,youtube,candle close confirmation wala concept solid hai… early entry se better wait karna actually false signals kam karta hai.,4,0,https://www.youtube.com/shorts/JD_sWSjIiJE,Ugz1_zf3KyhdKnaRo_Z4AaABAg,youtube-data-api-v3/commentThreads.list,
2.859,strategy_rules,youtube,I love your strategy,4,0,https://www.youtube.com/shorts/rBLL6lm0vkk,UgzLwhiT5Q8ObL_gv-94AaABAg,youtube-data-api-v3/commentThreads.list,
2.859,education_gap,youtube,Thanks pat!!!! I used to trade but all the information and stress was too doggone much however I was looking for robots and this is awesome,4,0,https://www.youtube.com/shorts/TvWks6oJ-9U,UgzXHVBZQA9cO21KbOB4AaABAg,youtube-data-api-v3/commentThreads.list,
2.859,strategy_rules,youtube,He low-key casted my strategy 😅,4,0,https://www.youtube.com/shorts/nkMzaQqpFbw,UgzlMr5kCC-sDpeZNEN4AaABAg,youtube-data-api-v3/commentThreads.list,
2.859,education_gap,youtube,Same story with me my job is ending this December 😢 so I'm here to learn how to trade,4,0,https://www.youtube.com/shorts/wIyZcY6kNuo,Ugzu3w7sBhBpo2iRBJ54AaABAg.APPfriOCtQAAPSeU1TAL71,youtube-data-api-v3/commentThreads.list,
2.859,education_gap,youtube,"just retested this, been trading with supply and demand for 2 years, never understood why and how, the knowledge i got from this 40min video is insane, thanks!",4,0,https://www.youtube.com/shorts/yaCM_cr5BXo,Ugzyo5D_-EjSil0li754AaABAg,youtube-data-api-v3/commentThreads.list,
2.849,entry_timing|strategy_rules|education_gap,youtube,"This is why I entrusted a fiduciary with my investment decisions. Many underestimate advisors until emotions lead to losses. My advisor crafted a tailored strategy aligning with my long-term goals, guiding entry and exit points for the equities I focus on. This has grown my portfolio to over $850k. My personal best so far",2,0,https://www.youtube.com/shorts/JD_sWSjIiJE,Ugxi2h2OOg1WglpybOl4AaABAg.ADRZgXaZAEtADRZq3ZlD_8,youtube-data-api-v3/commentThreads.list,
2.847,strategy_rules|education_gap,youtube,"Thanks for this amazing video on the 1 Scalping Strategy, Pat! I really appreciate how you broke down your 16 years of experience and shared live trade examples with an 84% win rate—super inspiring! I have a question: How do you adapt this strategy during high-volatility market conditions?",0,1,https://www.youtube.com/shorts/R9yZSDpdCGE,UgyGxbzISa_yCAP_1bJ4AaABAg,youtube-data-api-v3/commentThreads.list,
2.847,entry_timing|education_gap,youtube,"Amazing content. In the top down example, how do you know to expect so many retracements before you enter? It creates asian range, displaces out, back in, up in new york, down, *then* you draw ote expecting *another* displacement up then down again! 6 retracements in 1 play essentially, I got a little lost.",0,1,https://www.youtube.com/shorts/YESqIoA7Wyg,UgzH_9QBXd1qUfOO3Np4AaABAg,youtube-data-api-v3/commentThreads.list,
2.799,other_question_or_pain,youtube,When at the 5 min time frame look at first 3 candles creates your range high and range low?,0,2,https://www.youtube.com/shorts/rBLL6lm0vkk,UgwaXeOsPVl0mDcLuN54AaABAg,youtube-data-api-v3/commentThreads.list,
2.799,education_gap,youtube,is this for gold?or what,0,2,https://www.youtube.com/shorts/rBLL6lm0vkk,UgxDn4mhllPOshTEQOt4AaABAg,youtube-data-api-v3/commentThreads.list,
2.799,strategy_rules,youtube,thank you so much it was veeery enlightening. Do you always use 15min SMT as confluence or which timeframes matter to you mostly?,0,2,https://www.youtube.com/shorts/q1NmxUTm4n4,UgxycUBirQFk5pokJ4Z4AaABAg,youtube-data-api-v3/commentThreads.list,
2.799,education_gap,youtube,"Great video, as always TTrades! 💪 Question: what divergence pair for trading Gold?! Thanks!",0,2,https://www.youtube.com/shorts/q1NmxUTm4n4,Ugy6BYyLbB7A91k23eR4AaABAg,youtube-data-api-v3/commentThreads.list,
2.799,other_question_or_pain,youtube,Excellent video . The best ICT teacher. Bro small request could you please make a long and detailed video on IFVG with more examples on 15m and 1m chart? Preferably on ES and NQ. I shall be very thankful.,0,2,https://www.youtube.com/shorts/uDJI2AbyyCs,Ugz08eFCXEyG_6XWKqB4AaABAg,youtube-data-api-v3/commentThreads.list,
2.79,risk_management|strategy_rules|education_gap,youtube,"Please make a video about how we find a setup after liquidity with proper stop loss and take profit by 1:2,1:3 risk to reward",1,1,https://www.youtube.com/shorts/U8xH2dEgH5A,UgwQhuQVBjWhxKdOQu14AaABAg,youtube-data-api-v3/commentThreads.list,
2.75,entry_timing|strategy_rules|education_gap,youtube,So what best swing trader Entry timeframe?,0,0,https://www.youtube.com/shorts/JL7HdUKRxfI,UgwKbfq4nzy7XP61qQp4AaABAg,youtube-data-api-v3/commentThreads.list,
2.75,entry_timing|strategy_rules|broker_platform|education_gap,youtube,"@Armaankhan.890 You need to build your own heat map indicator that tracks all currency pairs and shows their movement on the 30-minute, 1-hour, 4-hour, and daily charts.

The goal is to identify momentum — for example, if the USD is trending up while the CAD is trending down, that’s a strong signal to buy USD/CAD.

I only use market execution orders (buy/sell immediately). I don’t use buy limits, sell limits, or stop orders because large banks monitor that data and often move the market in the opposite direction to take advantage of traders’ positions.

When analyzing a pair, I use a split screen in TradingView — one side shows the 4-hour chart, and the other shows the daily chart. This helps confirm the overall trend direction before entering a trade.",0,0,https://www.youtube.com/shorts/I29peidTQxU,UgxDh2WytmQAT2thPUZ4AaABAg.ANqEv-sUbw2AOWCJxXqOTd,youtube-data-api-v3/commentThreads.list,
2.75,strategy_rules|broker_platform|education_gap,youtube,"Hey Pat,

I’ve been following your work for a while now and am really impressed with your insights. However, I’m still trying to figure out what platform you use. Is it MT5? Also, do you have any video tutorials or guides that show how to achieve a similar setup to what you’re using?",0,0,https://www.youtube.com/shorts/JL7HdUKRxfI,Ugyq3ZwNphTAC4GWaj54AaABAg,youtube-data-api-v3/commentThreads.list,
2.75,entry_timing|psychology|education_gap,youtube,"Hey Pat, I have been followed and watching your video series over a year passed. I am totally impressed by your tight trading rules and confluences plus entry with a confirmation has to be applied all times. Trade with discipline will help to generata a higher win ratio! How i wish to join your huge trading community to be a part of the big family ! Cheers and have a great times always, much love ~!",0,0,https://www.youtube.com/shorts/sclIAK3x2dw,UgzcVGrwnTT3gTj6A594AaABAg,youtube-data-api-v3/commentThreads.list,
2.695,education_gap,youtube,"awesome teachings, been trading for 2 years and you are by far the best at explaining methods.",2,1,https://www.youtube.com/shorts/_94CPMjWi9E,UgwJToC-uu7IYB_eXBd4AaABAg,youtube-data-api-v3/commentThreads.list,
2.695,entry_timing,youtube,"Amazing video man, a lot of entertaining and important info.
Would love to see videos like this <3",2,1,https://www.youtube.com/shorts/0xygpCMwxbQ,Ugx0Cl5Ucz9nnLDbMyh4AaABAg,youtube-data-api-v3/commentThreads.list,
2.695,education_gap,youtube,"Oh my god! What a video and when applied to all that I know with my model, it has my jaw hitting the ground. Thanks for the content and the continuous support of the trading space!",2,1,https://www.youtube.com/shorts/6zTz7WMdMWg,UgxjkRjE_AUL7s1DlwF4AaABAg,youtube-data-api-v3/commentThreads.list,
2.636,education_gap,youtube,"I agree 100%! Copy trading is an excellent bridge for beginners who are still learning the ropes. It gives you real-time exposure to smart strategies while automating your trades—huge time saver. For experienced traders, it’s a backup system that keeps your account running even when you’re away. And following someone like Vivienne Thompson, who shares both the “what” and the “why” behind trades, makes it even more valuable for growth.",3,0,https://www.youtube.com/shorts/yaCM_cr5BXo,Ugw92VPK8c3Hxqx0sel4AaABAg.AJwfF42ejeuAJwgUfBfcbk,youtube-data-api-v3/commentThreads.list,
2.636,strategy_rules,youtube,"Oi James, about Supply and demand,in which timeframe its working better and which currency/>",3,0,https://www.youtube.com/shorts/JD_sWSjIiJE,UgwA346nobi-BwbKEON4AaABAg,youtube-data-api-v3/commentThreads.list,
2.636,entry_timing,youtube,"Learning entry patterns before mss and mmbm and mmsm is bassackwards.  

One of the biggest mistakes I made as a new trader is jumping into entry signals and patterns without a model for the market.",3,0,https://www.youtube.com/shorts/_94CPMjWi9E,UgwTKFwLwNPfSYgqflB4AaABAg,youtube-data-api-v3/commentThreads.list,
2.636,education_gap,youtube,"It's almost impossible to compare him with adaptive trader. 
He created the model and know exactly what behind concept. 
Easy to explain mean sure understanding and satisfaction. 
Albert said.",3,0,https://www.youtube.com/shorts/0xygpCMwxbQ,Ugwag093h-rXOAf4HmJ4AaABAg.9qM0gP5v4mJ9yWGSFkq0QJ,youtube-data-api-v3/commentThreads.list,
2.636,strategy_rules,youtube,Your strategy has revived my passion for learning trading after it all started to feel like over complicated gambling. Thank you ❤,3,0,https://www.youtube.com/shorts/GKN-iVjJpyA,UgwhIo5aRPhOq-Fay1F4AaABAg,youtube-data-api-v3/commentThreads.list,
2.636,entry_timing,youtube,"Bro u are talking nicely, i like your accent 🤣 very nice to listen . Love your work, really thanks bro, i actually use this and i trade only supply and demand after taking liquidity i enter then on new formed supply in that higher time frame supply, iam swing trader i use monthly weekly daily 4 h , for entries 1 hour and some time agressively 15 min, but the market is really crazy these days, not easy for those who want to join now and they are new to this market for sure , be carefull trading now",3,0,https://www.youtube.com/shorts/9nRFcetXqkA,Ugwp9gFcdyh_a6WPhbN4AaABAg,youtube-data-api-v3/commentThreads.list,
2.636,education_gap,youtube,@jeaFX what's your rules for identity valid pullback because on 20:53 that little indecision candle you make as new high i look at the own level as on leg to the downside.  Please can you make a video on valid pullback. Thanks,3,0,https://www.youtube.com/shorts/9nRFcetXqkA,UgxLKGnDAw6JffZsUah4AaABAg,youtube-data-api-v3/commentThreads.list,
2.636,psychology,youtube,Hi Mr. Pat: 1. I am not always better than robots 2. Robots are better than me because they choose very carefully without recklessness or forgetting anything or not paying attention to anything because they are very accurate so that they trade without fear of loss or the feelings that I suffer from in trading,3,0,https://www.youtube.com/shorts/TvWks6oJ-9U,UgxLhlf3NNXRZb3Vbwd4AaABAg,youtube-data-api-v3/commentThreads.list,
2.636,strategy_rules,youtube,Subbed. This is gold. True working strategy. You are really giving people the game right here. This is all you need if you practice it and can master it. Thank you for keeping it real.,3,0,https://www.youtube.com/shorts/nkMzaQqpFbw,UgxV4kg6CbnnYGrF6G14AaABAg,youtube-data-api-v3/commentThreads.list,
2.636,education_gap,youtube,"@TTrades_edu That makes sense! I believe forward-testing in alignment with what you said would raise the probability dramatically. Even while backtesting, 40% success rate while holding other factors constant is great. Much appreciated!",3,0,https://www.youtube.com/shorts/g3oDYq4P9ZE,UgxdS9pSydTG0dfc96B4AaABAg.9ssWSQtkwjp9tHxhqJXJU5,youtube-data-api-v3/commentThreads.list,
2.636,strategy_rules,youtube,Powerful strategy thanks bro,3,0,https://www.youtube.com/shorts/rBLL6lm0vkk,UgxiE8tCS7Or8JvPJSt4AaABAg,youtube-data-api-v3/commentThreads.list,
2.636,education_gap,youtube,"mainly 9:30 am, because thats where the biggest moves happen. this is why you need to scalp multiple stocks at once, to make sure you have a good chance of getting through a trade",3,0,https://www.youtube.com/shorts/rBLL6lm0vkk,UgxiUwuaunzN-AsDPrh4AaABAg.AYsJCRq91bwAYu2XgWeYEi,youtube-data-api-v3/commentThreads.list,
2.636,entry_timing,youtube,@sskhussainieven the ict shouldn’t be taunted here since it’s his efforts that made us all enter into a completely unique perspective of trading,3,0,https://www.youtube.com/shorts/U8xH2dEgH5A,UgxmXtOhH3ZZEaL8iDx4AaABAg.9rWVhrzVVe-A2KNjjRefzN,youtube-data-api-v3/commentThreads.list,
2.636,education_gap,youtube,"probably the best video to understand Supply, Demand which was always confusing for me. this made me realize what  bad decisions i've made in my past trades. thanks a ton Fabio. keep up the good work. Bless you",3,0,https://www.youtube.com/shorts/JhBX0TQ41H8,UgxoGyveAxEPKc7PbZl4AaABAg,youtube-data-api-v3/commentThreads.list,
2.636,education_gap,youtube,"it changed how I think about the market. Free or paid, this is the most value-packed trading channel out there. VIP or not, I’m not going anywhere. 🙌",3,0,https://www.youtube.com/shorts/sclIAK3x2dw,Ugy5tlDwc18oPOYglFB4AaABAg.AUPyk5dWFZqAUPzuiT3Qi_,youtube-data-api-v3/commentThreads.list,
2.636,education_gap,youtube,Liquidity and structure 🔥🔥 This is what separates retail traders from smart money thinkers.,3,0,https://www.youtube.com/shorts/JhBX0TQ41H8,UgySo05MricflKKOIr94AaABAg,youtube-data-api-v3/commentThreads.list,
2.636,risk_management,youtube,"Robots are the answer to Warren Buffett:

""If you don't find a way to make money while you sleep, you're going to work until you die.""",3,0,https://www.youtube.com/shorts/TvWks6oJ-9U,UgydbRbhqQuPZNSeSFh4AaABAg,youtube-data-api-v3/commentThreads.list,
2.636,psychology,youtube,"Hello Pat,
  I think that one way that I would be better than the Bot is that I am able to avoid trading news releases and announcements, which may reduce potential losses. Price action is really difficult for me to predict around these events.
  The biggest way that the Bot would be better than me is that it takes lack of discipline and emotion out of trading. Which would be huge for me. 
 Great video Pat.
Thank you,
Bob",3,0,https://www.youtube.com/shorts/TvWks6oJ-9U,Ugz76EuWqqw8f-WDZCF4AaABAg.AF-xdUYNdiVAF09NFJaDf3,youtube-data-api-v3/commentThreads.list,
2.636,strategy_rules,youtube,Nice indicator 👍,3,0,https://www.youtube.com/shorts/U8xH2dEgH5A,UgzF4dK211pRHw0lFyl4AaABAg,youtube-data-api-v3/commentThreads.list,
2.636,strategy_rules,youtube,Must admin that this was the best video I have found over youtube about liquidity strategy. Cheers mate!,3,0,https://www.youtube.com/shorts/JhBX0TQ41H8,UgzjN63enXAW_u1GSAR4AaABAg,youtube-data-api-v3/commentThreads.list,
2.636,education_gap,youtube,Backtest What Time Frame and Also On Which Pair U Tested,3,0,https://www.youtube.com/shorts/nkMzaQqpFbw,Ugzm78GrcXeEpfCYaEl4AaABAg.AS3j_KPzimMASdnU0Khm9N,youtube-data-api-v3/commentThreads.list,
2.599,risk_management|strategy_rules,youtube,"Over the next 3 months, I want to become consistent enough to pass and maintain a prop firm account. I’ll focus on improving my risk management, mastering my confluence strategy, and developing emotional control so that trading becomes a long-term, stable skill — not just luck.❤",2,0,https://www.youtube.com/shorts/nkMzaQqpFbw,UgwkBJKC19VmECvfKr14AaABAg,youtube-data-api-v3/commentThreads.list,
2.599,entry_timing|education_gap,youtube,"Thoroughly enjoyed it......sir , could you kindly make some more similar videos . Especially sir once direction is known , it's always the supply zones that confuse , and re- entry points ( coz we fail to understand whether the pullback is done and we should enter , or there's still more to it). Sir please explain more of this as well. Thankyou . This was enlightening. ❤❤❤",2,0,https://www.youtube.com/shorts/JD_sWSjIiJE,UgzFqu119FGv2z0AQXx4AaABAg,youtube-data-api-v3/commentThreads.list,
2.599,risk_management|education_gap,youtube,automation looks powerful but understanding how the robot actually manages risk is the real key.,2,0,https://www.youtube.com/shorts/TvWks6oJ-9U,UgzGGEOUDLjeVeMX6Ud4AaABAg,youtube-data-api-v3/commentThreads.list,
2.597,other_question_or_pain,youtube,"Bro you help me alot, teach me aolt Thankyou man Apreciated❤",0,1,https://www.youtube.com/shorts/uDJI2AbyyCs,UgwCfTek0vV6NX8B87d4AaABAg,youtube-data-api-v3/commentThreads.list,
2.597,other_question_or_pain,youtube,"BEST SMT VIDEO EVER LOVED IT!
CAN WE BACKTEST 2 PAIRS AT THE SAME TIME ON FX REPLAY FOR SMT?
❤",0,1,https://www.youtube.com/shorts/q1NmxUTm4n4,UgwFmBMXqrJPWvkqwWp4AaABAg,youtube-data-api-v3/commentThreads.list,
2.597,other_question_or_pain,youtube,"Thanks for your videos - really excellent material. Can I ask, when considering PDH/L - sometimes they appear to have been taken when viewing the daily candles but then looking intraday they don't look like theyve been taken (due to using NY time). Do you go by the daily candle, or the new york midnight-midnight for daily highs and lows? (thanks again)!.",0,1,https://www.youtube.com/shorts/YESqIoA7Wyg,UgwLuQMYvMPn4REyMqF4AaABAg,youtube-data-api-v3/commentThreads.list,
2.597,education_gap,youtube,Great! Thanks for Sharing! Could you please explain the difference between Draw on liquidity and Frame Reversal?,0,1,https://www.youtube.com/shorts/YESqIoA7Wyg,UgwhZ7AXv3IphQIwPvF4AaABAg,youtube-data-api-v3/commentThreads.list,
2.597,other_question_or_pain,youtube,"Looking at the thumbnails has. Begin to teach me new things, can't wait either, I have learnt a lot for him, thanks TTrader",0,1,https://www.youtube.com/shorts/1YRs4Z1lMws,UgwxinIlWob2Yqkt3GN4AaABAg,youtube-data-api-v3/commentThreads.list,
2.597,education_gap,youtube,thats great and all but how to you avoid an ORB liquidity sweep?,0,1,https://www.youtube.com/shorts/rBLL6lm0vkk,UgwzAyfSfl-2laUD5PN4AaABAg,youtube-data-api-v3/commentThreads.list,
2.597,other_question_or_pain,youtube,"The repetition really helped me out a lot, very good explanation 👏🏾👏🏾",0,1,https://www.youtube.com/shorts/U8xH2dEgH5A,Ugx3O9VAinJoYC68hkd4AaABAg,youtube-data-api-v3/commentThreads.list,
2.597,education_gap,youtube,"wow nice video, worth to watch,, hey sir i have a question what should i look for smt in gold,gbpusd?(forex)",0,1,https://www.youtube.com/shorts/q1NmxUTm4n4,Ugx3c7alzCSOuWkO4o14AaABAg,youtube-data-api-v3/commentThreads.list,
2.597,education_gap,youtube,can you make a video about daily swing highs and lows? and how to use them?? thank ou ttrades,0,1,https://www.youtube.com/shorts/YESqIoA7Wyg,Ugx7-tD9LytWdqoHvuR4AaABAg,youtube-data-api-v3/commentThreads.list,
2.597,other_question_or_pain,youtube,"This has helped my trading so much! I have always been ok at daily bias but that isn’t always the bias for the session I’m trading! 

This is so helpful on the hour chart so I can get a good idea on bias for the following hour! Thanks so much!",0,1,https://www.youtube.com/shorts/6zTz7WMdMWg,UgxWoHQd7VpMxqZkeUN4AaABAg,youtube-data-api-v3/commentThreads.list,
2.597,other_question_or_pain,youtube,"I discovered your twitter account a few days ago and I saw that you also had a youtube channel with an educational playlist, I have been in this wonderful world for less than a month and I know that I still have a lot to learn but I am clear that with your content I will be a step closer to achieving it, as a beginner I really appreciate your effort and help! 🤝🤝🤝",0,1,https://www.youtube.com/shorts/0xygpCMwxbQ,UgxYqu2ICTG75RH2HyZ4AaABAg,youtube-data-api-v3/commentThreads.list,
2.597,strategy_rules,youtube,"Thank you so much for these content man, I was a beginner who doesn’t have a solid strategy but this one helps me a lot. Keep going pat we need more contents like this.",0,1,https://www.youtube.com/shorts/R9yZSDpdCGE,UgxhRtyc6ep_j2UJ-pB4AaABAg,youtube-data-api-v3/commentThreads.list,
2.597,education_gap,youtube,"Is this trading view for back test? 
I’m just wondering how you have both charts running at the same time with replay. Great video man",0,1,https://www.youtube.com/shorts/q1NmxUTm4n4,UgxzogVdwNdPqVOCp8x4AaABAg,youtube-data-api-v3/commentThreads.list,
2.597,other_question_or_pain,youtube,This dude is the man! Thanks for helping out retail trader's.,0,1,https://www.youtube.com/shorts/0xygpCMwxbQ,Ugy9x-QNqcaXlHLEO514AaABAg,youtube-data-api-v3/commentThreads.list,
2.597,other_question_or_pain,youtube,"Jea, can you please make a video on swing trading? 😊",0,1,https://www.youtube.com/shorts/m-G1ag77aVc,UgyCbshn-cusMDqhHD54AaABAg,youtube-data-api-v3/commentThreads.list,
2.597,other_question_or_pain,youtube,"Thank you for this concise video on liquidity, it’ll definitely help me out in future trades!",0,1,https://www.youtube.com/shorts/U8xH2dEgH5A,UgyGcYrlBhB2bxJvJe94AaABAg,youtube-data-api-v3/commentThreads.list,
2.597,strategy_rules,youtube,"Awesome video thanks! 
do you only consider SMT on a 15min timeframe? 
For example if SMT was occurring between highs on a 5 min chart would you consider that relevant?",0,1,https://www.youtube.com/shorts/q1NmxUTm4n4,UgyOhmI3iGHwe1WAdEN4AaABAg,youtube-data-api-v3/commentThreads.list,
2.597,other_question_or_pain,youtube,"Pat the man understands the beginners struggles and make help to them 


Thanks a lot man...",0,1,https://www.youtube.com/shorts/sclIAK3x2dw,UgygOpkItKzpy63hifl4AaABAg,youtube-data-api-v3/commentThreads.list,
2.597,other_question_or_pain,youtube,So you like buying when the ORB direction is nearly invalidated? That's wild. Do you have performance data supporting that?,0,1,https://www.youtube.com/shorts/rBLL6lm0vkk,UgyrLoHXgcJ2rmwgolZ4AaABAg,youtube-data-api-v3/commentThreads.list,
2.597,education_gap,youtube,70k a month and how long you been trading? 18 yrs makin that on there come up,0,1,https://www.youtube.com/shorts/rBLL6lm0vkk,UgywYx2eJAbXFm3bcfF4AaABAg,youtube-data-api-v3/commentThreads.list,
2.597,other_question_or_pain,youtube,Thank for this I love trading the IFVG you just helped me out with this video . Amazing job again .,0,1,https://www.youtube.com/shorts/uDJI2AbyyCs,Ugz8ZazhoFlYEKQgLFN4AaABAg,youtube-data-api-v3/commentThreads.list,
2.597,other_question_or_pain,youtube,"Another great video.
Thanks for your help and great effort Sir.
Is it possible to have a full video for top down analysis for intraday trading putting all ICT concepts together into work.
🙏 Thanks 🙏",0,1,https://www.youtube.com/shorts/q1NmxUTm4n4,UgzevNo7dRTivahf3714AaABAg,youtube-data-api-v3/commentThreads.list,
2.597,strategy_rules,youtube,Very helpfull indicator!,0,1,https://www.youtube.com/shorts/U8xH2dEgH5A,Ugzt4VslT471swqyE094AaABAg,youtube-data-api-v3/commentThreads.list,
2.54,entry_timing|education_gap,youtube,"See even tho you're teaching ICT's content i like your videos SO much better! 90% of his videos are him just talking about how good he is and how bad other traders are or teaching some emotional lesson, but you get right to the actual relevant content and reasons for entry! THANK YOU.",1,1,https://www.youtube.com/shorts/0xygpCMwxbQ,Ugw7pMCTkXxi-86fbLN4AaABAg,youtube-data-api-v3/commentThreads.list,
2.54,broker_platform|education_gap,youtube,Im finding out that futures are a whole other animal vs stocks. Ive added 50% to my roth and 97% to my brokerage ytd.  Resetted my prop firm challange like 4 times already. And i know exactly what im doing wrong now,1,1,https://www.youtube.com/shorts/THCxYD853JE,UgxsypsqZv3rGFxjvlx4AaABAg,youtube-data-api-v3/commentThreads.list,
2.5,risk_management|education_gap,youtube,"Thanks for sharing your situation—congrats on the sale! Starting with CA$25k–$50k is a strong beginning. The time it takes to reach a 7-figure portfolio depends on a few key factors: your risk tolerance, consistency in returns, the strategies you follow, and how much you add over time. With smart, compounding growth, even a modest starting point can build serious wealth. It’s highly recommended to work with an experienced advisor or trader—someone like Mrs. Vivienne Morgan, who can help you avoid costly mistakes and guide your capital with precision.",0,0,https://www.youtube.com/shorts/yaCM_cr5BXo,Ugw92VPK8c3Hxqx0sel4AaABAg.AJwfF42ejeuAJwfN6Q7rEl,youtube-data-api-v3/commentThreads.list,
2.5,strategy_rules|education_gap,youtube,Newby Question...Can you explain why the 3 timeframes? Which one is better?,0,0,https://www.youtube.com/shorts/JL7HdUKRxfI,UgwEabTqKfd_xKF_U-l4AaABAg,youtube-data-api-v3/commentThreads.list,
2.5,entry_timing|education_gap,youtube,"What time frame is it best to draw the fib on, to enter trades in 1m-5m??",0,0,https://www.youtube.com/shorts/1YRs4Z1lMws,UgwQe5QXGemksdJj65h4AaABAg,youtube-data-api-v3/commentThreads.list,
2.5,strategy_rules|education_gap,youtube,"Thank you 🎉...  How can you manage so much knowledge
Wich is your favorite  strategy?",0,0,https://www.youtube.com/shorts/sclIAK3x2dw,UgwR9v43Gsf4bqBmPr94AaABAg,youtube-data-api-v3/commentThreads.list,
2.5,entry_timing|education_gap,youtube,3rd day on demo app today success rate is 80/20 today. The other 2 days less use more trying to get an understanding of candle and wick sighting and timing - helped from this tutorial 👍,0,0,https://www.youtube.com/shorts/990oOC-bHxA,UgwfCVLu71o193CrFKp4AaABAg.AHag8D4tFBSAHdo8eGUbYn,youtube-data-api-v3/commentThreads.list,
2.5,risk_management|strategy_rules,youtube,"Pat, where do you place your stop loss on this strategy?",0,0,https://www.youtube.com/shorts/rBLL6lm0vkk,UgwybIUJdwq-cVIH2E94AaABAg,youtube-data-api-v3/commentThreads.list,
2.5,strategy_rules|education_gap,youtube,What is your monthly win rate using this strategy?,0,0,https://www.youtube.com/shorts/I29peidTQxU,UgxD3LalkRNoVVftrlx4AaABAg.AP-tFknMBCTAQNDsq4rUaq,youtube-data-api-v3/commentThreads.list,
2.5,strategy_rules|education_gap,youtube,What is indicator name???,0,0,https://www.youtube.com/shorts/U8xH2dEgH5A,UgxiKNBkzvz2H-3v0Fd4AaABAg.9rdRY6qDfjPA5mxFRtm5SE,youtube-data-api-v3/commentThreads.list,
2.5,strategy_rules|education_gap,youtube,"⁠@FXTrader247that’s not true. Demo trading is used when you’re still building something that’s going to work for you.. let me tel you, if you consistently profitable for several months on a demo account with laid down rules…you’ll do the same in a live account. And you’ll surely pass prop firms. Learn to trade first before considering prop firms. Forget about emotions/mentality, that doesn’t count when you haven’t figured out a strategy that has edge. 
How do you come in to forex as a complete novice and start figuring it out with live funds..any sense in that?",0,0,https://www.youtube.com/shorts/THCxYD853JE,Ugy618KXMAzC6OIdloF4AaABAg.A8SSuWEdXr7A9D4kQ0Mh28,youtube-data-api-v3/commentThreads.list,
2.5,strategy_rules|education_gap,youtube,I’m brand new to this is great but how do I scan for these setups?? Love the video,0,0,https://www.youtube.com/shorts/JL7HdUKRxfI,UgyFjwWWH6wZPwtJail4AaABAg,youtube-data-api-v3/commentThreads.list,
2.5,strategy_rules|education_gap,youtube,youve got a sub... hello from the Philippines.. what are your recommendations for assets to trade.. what i meant is that one asset per category in forex futures indices and metals.. for this strategy.. or perhaps if you are to trade one asset only for a lifetime which asset you will use to trade with this strategy?,0,0,https://www.youtube.com/shorts/R9yZSDpdCGE,Ugyh-JMsHPpgBnyFtyN4AaABAg,youtube-data-api-v3/commentThreads.list,
2.5,strategy_rules|education_gap,youtube,Thank you so much for sharing your insights! The strategy helps to understand how the market behaves. Thanks again!,0,0,https://www.youtube.com/shorts/nkMzaQqpFbw,UgywU3Tr3kFSY3hX_lR4AaABAg,youtube-data-api-v3/commentThreads.list,
2.5,strategy_rules|education_gap,youtube,Over the next 3 months I continue to excel in reading charts. Not so much about how much money I’m making off each one necessarily but rather the accuracy and win rate of these trades. I’ve already learned so much just by watching you trade live plus your other videos and it’s already helping me succeed. Currently developing my own strategy for both swing and intraday trading!,0,0,https://www.youtube.com/shorts/nkMzaQqpFbw,Ugz72g9_aRmp96HBq5h4AaABAg,youtube-data-api-v3/commentThreads.list,
2.5,strategy_rules|education_gap,youtube,"This liquidity strategy breakdown is very helpful. Many traders ignore liquidity, but it's one of the most important parts of smart trading. Thanks for sharing! 💯
 I’ve been struggling with fake breakouts, and this liquidity concept makes a lot of sense. Definitely going to test this strategy. 👍 Amazing content! Liquidity hunting and market manipulation concepts are explained so clearly here. Looking forward to more trading lessons. 🚀
 Liquidity strategy is a game changer for trading. Thanks for the valuable insights!",0,0,https://www.youtube.com/shorts/sclIAK3x2dw,Ugz8vK1do6i9SnzgGcl4AaABAg,youtube-data-api-v3/commentThreads.list,
2.5,strategy_rules|education_gap,youtube,"What strategy do you use pls and what's your winrate if you don't mind ? 🙏, Eight years is quite a feat 🎉👏",0,0,https://www.youtube.com/shorts/GKN-iVjJpyA,UgzTxdREat2LDL56t_94AaABAg.AAchAShIURjAD4lzni43Sm,youtube-data-api-v3/commentThreads.list,
2.5,entry_timing|education_gap,youtube,"So, when one forms HH and the other LH , how do u determine whether to go long or short? You enter at retest onifvg as confirmation on 2minutes?",0,0,https://www.youtube.com/shorts/q1NmxUTm4n4,UgzgRckzvObzbADyrA94AaABAg,youtube-data-api-v3/commentThreads.list,
2.5,strategy_rules|education_gap,youtube,When you say buy. Do you buy the stock or a deep in the money call option. Like a .80 delta 30 dte? or what other strategy?,0,0,https://www.youtube.com/shorts/JL7HdUKRxfI,UgziPY0BC6ZHGarBHNB4AaABAg,youtube-data-api-v3/commentThreads.list,
2.5,risk_management|education_gap,youtube,"how is his winrate and risk to reward ratios? i might go in
ž",0,0,https://www.youtube.com/shorts/nkMzaQqpFbw,UgzirXiNkRVIIztnCk54AaABAg.AO8OYwB763SAOYSyG9qlDS,youtube-data-api-v3/commentThreads.list,
2.5,strategy_rules|education_gap,youtube,Why I can't do setting like you for fib retracement indicator,0,0,https://www.youtube.com/shorts/JL7HdUKRxfI,Ugzuznp9FNztcyk2w8V4AaABAg,youtube-data-api-v3/commentThreads.list,
2.5,strategy_rules|education_gap,youtube,What’s the catch though? No one gives their strategy away without charging fat lot.,0,0,https://www.youtube.com/shorts/wIyZcY6kNuo,UgzxhfEmR4IXDGJjl-54AaABAg.9uHDGO-sy1uATv1zEw3Cjh,youtube-data-api-v3/commentThreads.list,
2.492,strategy_rules,youtube,Modify ORB strategy,1,2,https://www.youtube.com/shorts/rBLL6lm0vkk,UgwVtewz7QCgZo4rosN4AaABAg,youtube-data-api-v3/commentThreads.list,
2.492,strategy_rules,youtube,This strategy and the Intraday Bias (4h) are the Holy Grail. I assume that the SMT Divergence works better in NY open. I live in Eurpe so I use both: Intraday Bias for London open and SMT Divergence in NY open,1,2,https://www.youtube.com/shorts/q1NmxUTm4n4,UgxacygUpjPgziDeufZ4AaABAg,youtube-data-api-v3/commentThreads.list,
2.443,entry_timing|strategy_rules|education_gap,youtube,Supply & Demand zones are so powerful when you learn to wait for the A+ setup. This 3-step breakdown makes it much easier to understand how to enter with proper confirmation. Great video! 📈🔥,1,0,https://www.youtube.com/shorts/nkMzaQqpFbw,Ugx0qyeVnlyd2Lmb6Rt4AaABAg,youtube-data-api-v3/commentThreads.list,
2.443,risk_management|strategy_rules|psychology|education_gap,youtube,"You won’t. 😂. You’ll make no profit for a good 2 years. Could even be 3. To really master this game, you need to master yourself so your discipline and psychology. And most importantly, experience. 2 years deep brother. Only just became profitable. And one more advice. DONT live trade in your first year of learning. Only demo forward test. Don’t even Backtest. Waste of time. You need to feel the real markets in real time. It will teach you patience and quick decision making. Creating your strategy is easy once you know the basics, but creating a system and following your rules and risk management and demo forward testing it for a whole year while documenting every trade is the hard part. But it’s all worth it because the basics strategy you first practiced will slowly unwind itself into a big complex system that only you understand through out your Practice year on demo then it will all click toward the middle or end of the year. It will all make sense. The simple strategy you first practiced will be your own personal system that you’ve created from adding on new confluences, from new information you’ve learned and experienced while trading. Believe me bro. That’s the only way to really be profitable. Then when you’ve got a whole years data showing you that you’re profitable, then you do it again on a live account for a year trading your finalised system sticking to your rules strictly. The live trading year is mainly a focus on your psychology and how you handle wins and losses trading your real money. If you ended that year sticking to your rules and profitable, that’s when you can get funded because you’ve proved to yourself you’re profitable. Don’t go live as a beginner looking to get funded. Believe me bro, in your first year as a beginner, you ain’t learned nothing yet😂😂. Experience will teach you what you need to know. Take your journey slow and steady. It’s not a race but a marathon. Good luck 🫡",1,0,https://www.youtube.com/shorts/9nRFcetXqkA,Ugx7lzWW5viJJMtj_ep4AaABAg.AJXPommr_kcAN8GjC__NxF,youtube-data-api-v3/commentThreads.list,
2.443,risk_management|strategy_rules|psychology,youtube,"In my opinion, robots are better at trading than humans because they don’t experience fear or greed but strictly follow their strategy. They analyze vast amounts of data and execute trades in milliseconds without fatigue. Additionally, they manage risks precisely and operate 24/7 without emotional mistakes. And amazing video!🤩",1,0,https://www.youtube.com/shorts/TvWks6oJ-9U,UgxrxDehcHUCBT4qjQ94AaABAg,youtube-data-api-v3/commentThreads.list,
2.443,risk_management|strategy_rules|education_gap,youtube,I can relate to that. The biggest improvement for me came when I stopped consuming random content and started following one process consistently. It made a huge difference in how I viewed setups and risk.,1,0,https://www.youtube.com/shorts/wIyZcY6kNuo,Ugy6jpx8j5R9h4I1z_p4AaABAg.AYl2LxKjce2AYl2oXzYffA,youtube-data-api-v3/commentThreads.list,
2.349,strategy_rules,youtube,"Robots are better than me because they at least approach the market with an actual strategy, which is more than I can say about myself 😭😭",2,0,https://www.youtube.com/shorts/TvWks6oJ-9U,Ugw1PUmV7spmxjMfgZ54AaABAg,youtube-data-api-v3/commentThreads.list,
2.349,entry_timing,youtube,"5:55 It does form a swing low but by the time it form swing low entry was already trigger so rather It would be nicer to say You marked out a displacement lag maybe 
Well two candles make displacement lag 
Idk correct me if I'm wrong",2,0,https://www.youtube.com/shorts/1YRs4Z1lMws,Ugw2IDLwBJyG5GOO73F4AaABAg,youtube-data-api-v3/commentThreads.list,
2.349,education_gap,youtube,"By far your channel have the best explaination on how and when to trade, I've been binged watching your videos, I'd love to be consistent someday with my trading and grind full-time.",2,0,https://www.youtube.com/shorts/sclIAK3x2dw,Ugw2u7CJeCWBRb4POCl4AaABAg,youtube-data-api-v3/commentThreads.list,
2.349,education_gap,youtube,I really appreciate this video. You really explain everything crisp and clear. This also works in binary option trading. Great video!!,2,0,https://www.youtube.com/shorts/JD_sWSjIiJE,Ugw6rbw_Or5CBz9G4U54AaABAg,youtube-data-api-v3/commentThreads.list,
2.349,education_gap,youtube,"Pls sir make a series of videos on your live trade, your profits and loss and what caused the losses",2,0,https://www.youtube.com/shorts/JhBX0TQ41H8,UgwY1GWuKsn-GoEir7t4AaABAg,youtube-data-api-v3/commentThreads.list,
2.349,strategy_rules,youtube,"Great job broo, you should do a TGI setup video, big fan !!!",2,0,https://www.youtube.com/shorts/1YRs4Z1lMws,Ugwowxz5-nChPY7pDLZ4AaABAg,youtube-data-api-v3/commentThreads.list,
2.349,entry_timing,youtube,This is a big time frame and because of this You're going to have a very long wait for your entry.,2,0,https://www.youtube.com/shorts/m-G1ag77aVc,UgxLIDroccje6V8cul54AaABAg.AIckJ2DvWSjAIuTX_kRHDi,youtube-data-api-v3/commentThreads.list,
2.349,entry_timing,youtube,Robots are not scared of entering trades after loosing a couple like I do. Robots analyze market conditions in seconds while I can take hours to make a trade decision too late. Robots allow you to achieve financial freedom and time freedom. Robots are better than me because they can trade every day even when im not in the right state of mind to trade myself,2,0,https://www.youtube.com/shorts/TvWks6oJ-9U,UgxWlVXaAB6elrlp90x4AaABAg,youtube-data-api-v3/commentThreads.list,
2.349,education_gap,youtube,On the live trade it's hard 😢.history is always easy to explain,2,0,https://www.youtube.com/shorts/6zTz7WMdMWg,Ugxpjk1U_CKu4DjdR_F4AaABAg.9tARnFLvc9a9uzYg4XGFVE,youtube-data-api-v3/commentThreads.list,
2.349,psychology,youtube,"Bingo but it really is easier said than done. That’s the discipline aspect of it. But if the very few can do it, it’ll be successful.",2,0,https://www.youtube.com/shorts/THCxYD853JE,Ugxr80F1TJPRhrCOJVt4AaABAg.A6wpheYxNdlAOXhKZiwOWi,youtube-data-api-v3/commentThreads.list,
2.349,education_gap,youtube,"That used to be me too. I was overcomplicating everything until I found EVAN DENNIS 1H pattern. It’s not about finding more trades   it’s about waiting for the trade. Once you see it play out a few times, you realize how simple the market can be when you stop chasing every move.",2,0,https://www.youtube.com/shorts/JD_sWSjIiJE,UgyE0W--P_PmxXxFusd4AaABAg.APDuI4Lh7CAAPDuYy54D0X,youtube-data-api-v3/commentThreads.list,
2.349,education_gap,youtube,This is how you trade the ORB FACTS,2,0,https://www.youtube.com/shorts/rBLL6lm0vkk,UgyPTDG76cMAI81YEaF4AaABAg,youtube-data-api-v3/commentThreads.list,
2.349,risk_management,youtube,If you're looking for me and am no where please just can on this page you will definitely find me cause it's where I sleep. I can only thank this legend for the skill and knowledge am learning ❤ hoping for the best,2,0,https://www.youtube.com/shorts/yaCM_cr5BXo,UgyYMCrwWQd_Q2UheO94AaABAg,youtube-data-api-v3/commentThreads.list,
2.349,strategy_rules,youtube,This one strategy I'm using lately very effective when used with fib retracement,2,0,https://www.youtube.com/shorts/R9yZSDpdCGE,Ugz4AGMNWEApqxaB8ZR4AaABAg,youtube-data-api-v3/commentThreads.list,
2.349,education_gap,youtube,"For long, many teachers i met couldn't explain candle story to me with this level of ease. I am lucky coming across your video. 

As i have subscribed, its now my duty to watch all other videos you have made cos I believe in their positive impact.",2,0,https://www.youtube.com/shorts/990oOC-bHxA,UgzSrfvSLhZRbzw7o_14AaABAg,youtube-data-api-v3/commentThreads.list,
2.349,education_gap,youtube,the way you explained that forex pullback had me doubting but honestly blew trades chasing it blind before lol.,2,0,https://www.youtube.com/shorts/wIyZcY6kNuo,UgzTWZF1AD5gPKP3ZeZ4AaABAg,youtube-data-api-v3/commentThreads.list,
2.349,strategy_rules,youtube,Definitely gonna try with this strategy and join your signals soon! Much love ❤,2,0,https://www.youtube.com/shorts/B_dVwXYQ-oc,UgzbMWUeaMktU6sns7V4AaABAg,youtube-data-api-v3/commentThreads.list,
2.349,education_gap,youtube,This is the first accurate video that I have found that actually reads and explains the chart and candles properly. Thank you!,2,0,https://www.youtube.com/shorts/JD_sWSjIiJE,Ugzk_0tWq9yyMW-x_O94AaABAg,youtube-data-api-v3/commentThreads.list,
2.349,strategy_rules,youtube,"I also tested this strategy on 100 trades and surprisingly I got 55% WINRATE on 1:3 TARGET and that is
 impressive and I tested it on XRP",2,0,https://www.youtube.com/shorts/nkMzaQqpFbw,Ugzm78GrcXeEpfCYaEl4AaABAg.AS3j_KPzimMATw7PGQO4Xk,youtube-data-api-v3/commentThreads.list,
2.349,education_gap,youtube,Makes the killzones transitions much clearer to me now from LDN to NY. And how NY goes to take out the LDN high. Thanks a lot Mr T.,2,0,https://www.youtube.com/shorts/YESqIoA7Wyg,UgztXbfprUaYzmp09tZ4AaABAg.9vuzEmR9yUf9w0yJT3vhNF,youtube-data-api-v3/commentThreads.list,
2.349,strategy_rules,youtube,Good strategy,2,0,https://www.youtube.com/shorts/rBLL6lm0vkk,UgzwiTLxmMPvuIFLoCd4AaABAg,youtube-data-api-v3/commentThreads.list,
2.29,broker_platform,youtube,Glad you mentioned to check spreads because many videos miss this point.,1,1,https://www.youtube.com/shorts/R9yZSDpdCGE,Ugx-vTpr8FYQExq0og94AaABAg,youtube-data-api-v3/commentThreads.list,
2.29,education_gap,youtube,This is super clear explanation of how liquidity works 🙌🏽 salute Sir kip it up,1,1,https://www.youtube.com/shorts/U8xH2dEgH5A,UgxA0JtwiylZXxGbdH54AaABAg,youtube-data-api-v3/commentThreads.list,
2.29,education_gap,youtube,"I actually really like this trading style. I do a more of a 30 min candle with a 10 or 15 min trading, but also depending on the momentum for the day will do the 15 min candle and trade on the 5 min timechart. . I have combined this boxed range from the 30 min with what's called the Darvas box theory where you also take the prior day high and low which gives you an idea where the new days trading can fall within or break out from for a longer swing trade",1,1,https://www.youtube.com/shorts/R9yZSDpdCGE,UgxDNi5b71duO8Qbxe94AaABAg,youtube-data-api-v3/commentThreads.list,
2.29,strategy_rules,youtube,This is the missing piece of my strategy. Thanks 😅,1,1,https://www.youtube.com/shorts/uDJI2AbyyCs,UgxUcopCiBZ0zJoyKBN4AaABAg,youtube-data-api-v3/commentThreads.list,
2.29,strategy_rules,youtube,I think the fib retracement indicator (PvD) would come in handy for the FVG and IFVG confirmation levels and PD arrays.,1,1,https://www.youtube.com/shorts/uDJI2AbyyCs,UgxgkpokTjgEsEXIdNp4AaABAg,youtube-data-api-v3/commentThreads.list,
2.29,education_gap,youtube,I came back to this video again because it seems like a gold mine. By far the best trading tutorial on YouTube.,1,1,https://www.youtube.com/shorts/g3oDYq4P9ZE,Ugxt2UKK1sgeItmFrh94AaABAg,youtube-data-api-v3/commentThreads.list,
2.29,strategy_rules,youtube,"This is really good! I’m having trouble with possible entries on the lower timeframe, this really cleared up some of my doubts. Thanks!",1,1,https://www.youtube.com/shorts/6zTz7WMdMWg,UgyJdEmj-nH76NLPiDl4AaABAg,youtube-data-api-v3/commentThreads.list,
2.29,psychology,youtube,You rock man as always following you for long time did not had the discipline to do trading but now I am in  much love <3,1,1,https://www.youtube.com/shorts/B_dVwXYQ-oc,UgyUwWDErAiTw5PFeHd4AaABAg,youtube-data-api-v3/commentThreads.list,
2.29,strategy_rules,youtube,"Pat, thank you so much for the strategy. You’re the best!",1,1,https://www.youtube.com/shorts/B_dVwXYQ-oc,UgytaEcDRWRMwsrB08F4AaABAg,youtube-data-api-v3/commentThreads.list,
2.29,strategy_rules,youtube,Bro just leaked my strategy 😅😅 a very nice one 👍,1,1,https://www.youtube.com/shorts/1YRs4Z1lMws,Ugzdz-j05yVxTCBkhQV4AaABAg,youtube-data-api-v3/commentThreads.list,
2.25,education_gap,youtube,What time should o trader this concept?,0,0,https://www.youtube.com/shorts/0xygpCMwxbQ,Ugw1o59Ww5Gf_8zbKaB4AaABAg.9qmyhaDeqeu9rFWqWXRMpi,youtube-data-api-v3/commentThreads.list,
2.25,other_question_or_pain,youtube,​@TTrades_eduPlease do. Just a small criticism which will help us all. Project your voice & don't VOCAL FRY. It's so difficult to hear you sometimes. Other than this. Outstanding work.,0,0,https://www.youtube.com/shorts/0xygpCMwxbQ,Ugw1o59Ww5Gf_8zbKaB4AaABAg.9qmyhaDeqeu9rwupWk0Hx6,youtube-data-api-v3/commentThreads.list,
2.25,strategy_rules,youtube,Hi Pat! Great strategy! Which pair does this work best? Does it work with gold?,0,0,https://www.youtube.com/shorts/B_dVwXYQ-oc,Ugw1tAzkSI0muoqM3xF4AaABAg,youtube-data-api-v3/commentThreads.list,
2.25,risk_management,youtube,"You marked the lower fvg, but the low of the candle you are marking is the candle above the upper fvg...???🫠🫠
And the demand you are marking is right at the internal liquidity(inducement)- slim chances",0,0,https://www.youtube.com/shorts/N3zKiq4qZMM,Ugw3FDA2T4eiucLeL9x4AaABAg,youtube-data-api-v3/commentThreads.list,
2.25,risk_management,youtube,​@Contentout123like seriously bro?,0,0,https://www.youtube.com/shorts/990oOC-bHxA,Ugw3bXVxQFFJnJu1xPh4AaABAg.AGPgw4aWqHQAITAPn1cMjM,youtube-data-api-v3/commentThreads.list,
2.25,other_question_or_pain,youtube,​@AmanDeep-n2m8gnews trading allowed on this platform ?,0,0,https://www.youtube.com/shorts/THCxYD853JE,Ugw6TEXLDnrSy7FZAvV4AaABAg.ARiF0VOQl6lARiGs3TDDfW,youtube-data-api-v3/commentThreads.list,
2.25,other_question_or_pain,youtube,Do you trade Nasdaq?,0,0,https://www.youtube.com/shorts/rBLL6lm0vkk,Ugw8DxGU0dZhqHrp3UN4AaABAg,youtube-data-api-v3/commentThreads.list,
2.25,other_question_or_pain,youtube,"thanks very much for this is helping me a lot bro
🥰",0,0,https://www.youtube.com/shorts/YESqIoA7Wyg,Ugw90sgmEMf5it1ASP54AaABAg,youtube-data-api-v3/commentThreads.list,
2.25,strategy_rules,youtube,"1+ subscriber ,i hated trading forex  cause of indicators and for my situation i had to learn it but it wasn't easy ,still its not easy but you make this look very simple and i understood everything on this lesson can't wait to watch the next video brother",0,0,https://www.youtube.com/shorts/R9yZSDpdCGE,Ugw9XTvk54Y-5TbyFPR4AaABAg,youtube-data-api-v3/commentThreads.list,
2.25,other_question_or_pain,youtube,Have you done any trading yet?,0,0,https://www.youtube.com/shorts/990oOC-bHxA,Ugw9iNky8vS-ddxNwWp4AaABAg.AGRyuI9IoBUALmtsNgr4vh,youtube-data-api-v3/commentThreads.list,
2.25,strategy_rules,youtube,Do you make money using the strategy in this video? 😂​@matthewobiadi6001,0,0,https://www.youtube.com/shorts/ygleB1CLhUE,UgwBxz1OI-p88JkZCbJ4AaABAg.AJbOtw8cSlkAJgxLMmUicp,youtube-data-api-v3/commentThreads.list,
2.25,other_question_or_pain,youtube,"YO Pat,
 does your VIP Trading room have a room dedicated to Swing Trades?",0,0,https://www.youtube.com/shorts/JL7HdUKRxfI,UgwEusouVgha-ay7XFV4AaABAg.ANtvINFMzLxAYjB23rOFek,youtube-data-api-v3/commentThreads.list,
2.25,education_gap,youtube,"I like to follow your free signals on telegram. But i have a question: i follow your signals with a small amount of money. Is it useful to use leverage? And if, what kind of leverage should I use?",0,0,https://www.youtube.com/shorts/G2THP1LGPB0,UgwFjw4KYd9gEi4RXCd4AaABAg,youtube-data-api-v3/commentThreads.list,
2.25,strategy_rules,youtube,i always struggled with best timeframe to refine my entries and saved by the 2 step down rule thanks so much ❤,0,0,https://www.youtube.com/shorts/m-G1ag77aVc,UgwG5KaR1B7nygLGPep4AaABAg,youtube-data-api-v3/commentThreads.list,
2.25,education_gap,youtube,"This is a really gem, may I know what backtesting software you are using? Thanks!",0,0,https://www.youtube.com/shorts/LclxDYccla8,UgwGCPvdkbOe9aBcKvl4AaABAg,youtube-data-api-v3/commentThreads.list,
2.25,other_question_or_pain,youtube,"@TradewithPat Hi Pat, which prop firms is legit and from which you have received actual payouts?",0,0,https://www.youtube.com/shorts/THCxYD853JE,UgwHidEcJxEklBVDdfd4AaABAg.A2ghs1Sz_TKA3glx6Yizxh,youtube-data-api-v3/commentThreads.list,
2.25,education_gap,youtube,Why didn't I see your channel years ago?  You have changed the way I look at charts.,0,0,https://www.youtube.com/shorts/yaCM_cr5BXo,UgwIsdtLsfponHTgZEF4AaABAg,youtube-data-api-v3/commentThreads.list,
2.25,education_gap,youtube,I am on the other side of the world. What is the best time zone to trade?,0,0,https://www.youtube.com/shorts/R9yZSDpdCGE,UgwO0Hr-Vwss4DROvPF4AaABAg,youtube-data-api-v3/commentThreads.list,
2.25,education_gap,youtube,​@TradewithPathow can I get this robot?,0,0,https://www.youtube.com/shorts/TvWks6oJ-9U,UgwQ1vtGoqjB7OAbbp94AaABAg.AF-yWR9hNAaAFcVBO-Id6H,youtube-data-api-v3/commentThreads.list,
2.25,education_gap,youtube,@TradewithPat I love trading gold. How do I get into your room ?,0,0,https://www.youtube.com/shorts/TvWks6oJ-9U,UgwQ1vtGoqjB7OAbbp94AaABAg.AF-yWR9hNAaAFmM3hSVJPN,youtube-data-api-v3/commentThreads.list,
2.25,other_question_or_pain,youtube,​@TradewithPatNo problem 😊,0,0,https://www.youtube.com/shorts/sclIAK3x2dw,UgwRBVkq3ACSGDrPzfV4AaABAg.AUV-V5tZb7zAUW5vrePU6J,youtube-data-api-v3/commentThreads.list,
2.25,education_gap,youtube,"​@JeaFxForexTradingin previous video you said when we have an equal top or bottom then the price will strike them , so why would you sell from Equal tops in 13:00 minute?",0,0,https://www.youtube.com/shorts/GKN-iVjJpyA,UgwRNuyf7bodTO9s6tJ4AaABAg.A1jX6OnAOYPAKm47vzDAkg,youtube-data-api-v3/commentThreads.list,
2.25,education_gap,youtube,"Im on Trading view but cant get the same fib levels as you show in this video
can you help please",0,0,https://www.youtube.com/shorts/JL7HdUKRxfI,UgwSpp0GPEsmhjSdl7h4AaABAg,youtube-data-api-v3/commentThreads.list,
2.25,other_question_or_pain,youtube,"@TTrades_edu Do you know, I actually figured a lot of my issues are lack of backtesting and had it on my list to get backtesting a lot more so thanks, this is confirmation.",0,0,https://www.youtube.com/shorts/1YRs4Z1lMws,UgwUOMVQcIexREXB6vF4AaABAg.9uZhme2I4cx9uZtttVipdm,youtube-data-api-v3/commentThreads.list,
2.25,other_question_or_pain,youtube,"@tradewithpat does this still work in summer months,?",0,0,https://www.youtube.com/shorts/R9yZSDpdCGE,UgwUPAu1pLdOKeVg2MB4AaABAg.AJtGpOwGVXqAK-9W0dhJuJ,youtube-data-api-v3/commentThreads.list,
2.25,other_question_or_pain,youtube,@xthenoobshubh1321you still trading?,0,0,https://www.youtube.com/shorts/JhBX0TQ41H8,UgwVVbgkht8VWh7-3BJ4AaABAg.AAL_RwN3rMrAE6-YPQT-K2,youtube-data-api-v3/commentThreads.list,
2.25,other_question_or_pain,youtube,"I appreciate that you have made your money and have your life set, but you continue to want to help others do the same, thank you - I'm a forex fury member already some time 🙏🙂",0,0,https://www.youtube.com/shorts/TvWks6oJ-9U,UgwYn79DyzGbgAj6biR4AaABAg,youtube-data-api-v3/commentThreads.list,
2.25,other_question_or_pain,youtube,Right !? This become more sense that the candles are just a pure trick by the big player for the sake of ur losing money😂,0,0,https://www.youtube.com/shorts/JD_sWSjIiJE,Ugwbbsz2k1xo2SbLUA14AaABAg.AAYsR1PQvWIAaefEWfmGNY,youtube-data-api-v3/commentThreads.list,
2.25,education_gap,youtube,"Bro , why don’t you mention trade with trend too?",0,0,https://www.youtube.com/shorts/rBLL6lm0vkk,UgwfKny4UH2HWVJ9Rkh4AaABAg,youtube-data-api-v3/commentThreads.list,
2.25,other_question_or_pain,youtube,"I’m starting out on my trading journey less than a year and still learning. Thank you for your videos, they are very helpful. I have been watching a few different people but I really like the way that you teach. You break it down for those of us who are just starting out and learning.",0,0,https://www.youtube.com/shorts/LclxDYccla8,Ugwgj6puANhHWOq3D8d4AaABAg,youtube-data-api-v3/commentThreads.list,
2.25,education_gap,youtube,"Lol this video lliterally *IS* ""Trade with Pat""
Nice to hear that you give free signals.

But what makes me wonder:
What is the difference between your free and your paid signal service?",0,0,https://www.youtube.com/shorts/G2THP1LGPB0,UgwhsOz_ITIi60yaR6h4AaABAg,youtube-data-api-v3/commentThreads.list,
2.25,education_gap,youtube,"Ey Nkabi , how are his signals?",0,0,https://www.youtube.com/shorts/G2THP1LGPB0,UgwiK2Wb3tPEN15PWvl4AaABAg.9qiPNtXIkwl9vh_APt_YdI,youtube-data-api-v3/commentThreads.list,
2.25,strategy_rules,youtube,"@TTrades_edu sir This indicator can use in Gold Market, Will it same in that pair Aisan london Ny session time?",0,0,https://www.youtube.com/shorts/U8xH2dEgH5A,Ugwk1bChKu3MAeGoslh4AaABAg.9rW7guLQzly9rXbjAY22Gc,youtube-data-api-v3/commentThreads.list,
2.25,other_question_or_pain,youtube,"Do u guys all have your own trading strategies? I feel totally lost rn, and I'm overall in the red.",0,0,https://www.youtube.com/shorts/THCxYD853JE,Ugwke-auhAqjW-P1RUZ4AaABAg,youtube-data-api-v3/commentThreads.list,
2.25,strategy_rules,youtube,"Thanks Pat, Pls. I`m new but love Fixed Time more, Can this strategy work forme there ?",0,0,https://www.youtube.com/shorts/R9yZSDpdCGE,UgwlxTnI6vbmZuD_i6J4AaABAg,youtube-data-api-v3/commentThreads.list,
2.25,strategy_rules,youtube,Bro as you back tested this strategy can you tell me the winrate in a year?,0,0,https://www.youtube.com/shorts/B_dVwXYQ-oc,UgwmA0xQsCi4w5drXNt4AaABAg,youtube-data-api-v3/commentThreads.list,
2.25,strategy_rules,youtube,hey pat did you make the sell video allready with this same strategy??,0,0,https://www.youtube.com/shorts/JL7HdUKRxfI,Ugwnn3mA_CKJTUydD9Z4AaABAg,youtube-data-api-v3/commentThreads.list,
2.25,strategy_rules,youtube,you talked about an  indicator .. withs one ??  and pdf is not there ?,0,0,https://www.youtube.com/shorts/U8xH2dEgH5A,Ugwqlht6Yu7Od1yIVgt4AaABAg.9rVthwuvvw_A1P40ROXEl1,youtube-data-api-v3/commentThreads.list,
2.25,risk_management,youtube,The first step to successful investing is figuring out your goals and risk tolerance either on your own or with the help of a financial professional but is very advisable you make use of a professional.,0,0,https://www.youtube.com/shorts/ygleB1CLhUE,UgwsEnrKrC6QPImNicp4AaABAg.AN_C1L0NXuzAN_CH3c54IM,youtube-data-api-v3/commentThreads.list,
2.25,other_question_or_pain,youtube,I used to get confused between a liquidity sweep and a real break of structure. This actually made it much easier to understand. The examples on the chart helped a lot,0,0,https://www.youtube.com/shorts/ygleB1CLhUE,Ugwss_mLRGLi38Ky_cB4AaABAg,youtube-data-api-v3/commentThreads.list,
2.25,other_question_or_pain,youtube,"Watching your Videos from South Africa 💯,I must say you really helped me out trough out my trading journey ever since i started watching them last year September 🙏.",0,0,https://www.youtube.com/shorts/9nRFcetXqkA,UgwtAJGjgCFhVDNiOFF4AaABAg,youtube-data-api-v3/commentThreads.list,
2.25,strategy_rules,youtube,Thank you so much Brother❤Do you recommend any pairs for this strategy?,0,0,https://www.youtube.com/shorts/R9yZSDpdCGE,Ugx-YOWlzZZAOr59CxB4AaABAg,youtube-data-api-v3/commentThreads.list,
2.25,risk_management,youtube,"The stop loss is 1:1, correct?",0,0,https://www.youtube.com/shorts/rBLL6lm0vkk,Ugx1MVMXKspDEpVavAV4AaABAg,youtube-data-api-v3/commentThreads.list,
2.25,other_question_or_pain,youtube,Does the trade allow you put any amount? Plz I want to know,0,0,https://www.youtube.com/shorts/JD_sWSjIiJE,Ugx5HDnwmlWKd5aaZg54AaABAg.AGSHSz8_YJ0ASKYnfw3qEN,youtube-data-api-v3/commentThreads.list,
2.25,education_gap,youtube,I've been making a lot of looses trying to trade on me own😩 How can I start making profits from cryptocurrency and the stock market? I am still a beginner,0,0,https://www.youtube.com/shorts/wIyZcY6kNuo,Ugx7IgsnY9PqLMwnYtF4AaABAg.AXm1PNmkrF4AXm1_wywQyD,youtube-data-api-v3/commentThreads.list,
2.25,education_gap,youtube,What settings does that look like on the Trading Robot 🤖 🤔 😳 👀 😀 🤣??,0,0,https://www.youtube.com/shorts/rBLL6lm0vkk,UgxBxjB8_KW0MHTA1UV4AaABAg,youtube-data-api-v3/commentThreads.list,
2.25,education_gap,youtube,"​@TradewithPat that will help me surely I learned something watching you live and make a good profit yesterday on GBPUSD with something I tested so I'll thank you for that. Indirectly you were behind that TP. 
I also have one request sir please make a video on your trading phycology about what you thinking during a running trade how you calm your brain. Much love ❤",0,0,https://www.youtube.com/shorts/R9yZSDpdCGE,UgxDIcmgYLgeEVeEEeB4AaABAg.AJsKt3S5F1CAJsNqotec2X,youtube-data-api-v3/commentThreads.list,
2.25,education_gap,youtube,do you do it exactly at 9:30? after that how do you know wich candle its the rightone?,0,0,https://www.youtube.com/shorts/R9yZSDpdCGE,UgxDNi5b71duO8Qbxe94AaABAg.AK0Qo-8abd6ARwEanhw4T8,youtube-data-api-v3/commentThreads.list,
2.25,other_question_or_pain,youtube,Can i use william fractals to identify swing highs and lows eaiser?,0,0,https://www.youtube.com/shorts/JL7HdUKRxfI,UgxEh2oHyWp8DFhCQ8d4AaABAg,youtube-data-api-v3/commentThreads.list,
2.25,broker_platform,youtube,"my problem with trading small capital(200-300$) is that I do not like the available platforms.. ninjatrader, tradovate... unfortunately as of now I only know propfirms that have projectx etc... cant get used to the rest.. When a broker comes up with something similar to project x.... I will go full with a live account... until now, I will just strengthening my trading with prop firms",0,0,https://www.youtube.com/shorts/THCxYD853JE,UgxHr22nz5wlkbToS3t4AaABAg.A2MJb7VnZ7IAJxpkPD5Pxo,youtube-data-api-v3/commentThreads.list,
2.25,entry_timing,youtube,Ať least you have got an easy entry and skin in the game right?,0,0,https://www.youtube.com/shorts/THCxYD853JE,UgxL8DsqUi-E4dUl33J4AaABAg.AHUiReYubjXAKL01z4GjEH,youtube-data-api-v3/commentThreads.list,
2.25,other_question_or_pain,youtube,I'm still a new trader from Africa and this really helpful and simple to follow for a beginner like me. Hopefully I'll be able to join your VIP Trading room soon,0,0,https://www.youtube.com/shorts/R9yZSDpdCGE,UgxLxh2kUI8JRWl-_xh4AaABAg,youtube-data-api-v3/commentThreads.list,
2.25,education_gap,youtube,"Hi, hope you are good. Thanks alot for your taching and how you do simplify charts to understand them... your videos are very helpful and thoughtful",0,0,https://www.youtube.com/shorts/m-G1ag77aVc,UgxM3QrnrdyR3OJms7d4AaABAg,youtube-data-api-v3/commentThreads.list,
2.25,other_question_or_pain,youtube,are you still trading ?,0,0,https://www.youtube.com/shorts/JhBX0TQ41H8,UgxU1ya2etYJUo36YSR4AaABAg.AAM4VQ7C3HfANs8MaW8H55,youtube-data-api-v3/commentThreads.list,
2.25,other_question_or_pain,youtube,When did you start trading 💹???,0,0,https://www.youtube.com/shorts/GKN-iVjJpyA,UgxVQit3bNrf0XFqNL94AaABAg.A2SNzVhq5l4A3b0qOnX7Yo,youtube-data-api-v3/commentThreads.list,
2.25,other_question_or_pain,youtube,@TTrades_edu I trade in the UK and trade the DAX . Would you use NY time to indicate the start/finish of the day when looking for PDL and PDH or use the time that the markets trading?,0,0,https://www.youtube.com/shorts/U8xH2dEgH5A,UgxXguAifCHKCry2xvR4AaABAg.9rWB7vJV0bn9rXjSVTCv8O,youtube-data-api-v3/commentThreads.list,
2.25,education_gap,youtube,Does anyone even know how ttrades look like ?,0,0,https://www.youtube.com/shorts/q1NmxUTm4n4,UgxXurKwsBA6tFxap3R4AaABAg.9nFaLZlZPAcA9ghXquotmM,youtube-data-api-v3/commentThreads.list,
2.25,other_question_or_pain,youtube,But the real question is are you profitable with this?,0,0,https://www.youtube.com/shorts/JhBX0TQ41H8,UgxYajapvJzd5X1jxlB4AaABAg.AALlVP4LsHAAPFUwmM5YVD,youtube-data-api-v3/commentThreads.list,
2.25,strategy_rules,youtube,"@HazelSibanda-nl9cc I'm only trading 2 stocks and its been SPY and QQQ. I only been using the ORB strategy for 3 months now, and its working beautifully for me. Usually by 9:45am -10am est time  ive taken my profit and done trading for the day. If you need any help let me know.",0,0,https://www.youtube.com/shorts/I29peidTQxU,UgxZTEY3j8utRiInA3V4AaABAg.AKN55o-h-2wAKVDGdswQoc,youtube-data-api-v3/commentThreads.list,
2.25,strategy_rules,youtube,Hey Pat! Just wanted to say that I appreciate you and your videos so much. Buying your FX VIP was the best decision ever ❤️ I have one question… Which are the best currency pairs to use this strategy on?,0,0,https://www.youtube.com/shorts/R9yZSDpdCGE,Ugx_2PNGhL_2jKpJ0Ql4AaABAg,youtube-data-api-v3/commentThreads.list,
2.25,other_question_or_pain,youtube,"@JeaFxForexTradinghi Jea, I am new to trading and I think I should 1st should trade with the trend before trying to catch counter trend trading< don’t you think ? I loved your video but I don’t think I’m ready for this kind of trading.",0,0,https://www.youtube.com/shorts/LclxDYccla8,Ugx_9_eOZSeeMW9qxB54AaABAg.9vosaoO1k32AKc3F19AZN5,youtube-data-api-v3/commentThreads.list,
2.25,education_gap,youtube,"Thank you. I still have a hard time using daily bias, in terms of applying to 5 min chart. Also, How do you know how far price will go once you've marked the daily relative highs and lows?",0,0,https://www.youtube.com/shorts/1YRs4Z1lMws,Ugx_YYf99ATPasEgHmZ4AaABAg.9ubsqfOrULm9up-ONn_spR,youtube-data-api-v3/commentThreads.list,
2.25,other_question_or_pain,youtube,Does it work the same way on option charts too?,0,0,https://www.youtube.com/shorts/JL7HdUKRxfI,Ugxb3maWxmNFyWq_Iqd4AaABAg,youtube-data-api-v3/commentThreads.list,
2.25,education_gap,youtube,What is the name of the calendar that showed each days profit & number of trades???,0,0,https://www.youtube.com/shorts/THCxYD853JE,UgxdVJXv8TyQ6trwHEV4AaABAg,youtube-data-api-v3/commentThreads.list,
2.25,risk_management,youtube,Hey jam master jea as someone who watches your videos religiously I’d like to say thank you for all the information you’ve provided to us 🙏🏽 May we please get another video on inducement?,0,0,https://www.youtube.com/shorts/9nRFcetXqkA,UgxfSIZXDtkP5MDMVaR4AaABAg,youtube-data-api-v3/commentThreads.list,
2.25,strategy_rules,youtube,Do you still use the strategy?,0,0,https://www.youtube.com/shorts/R9yZSDpdCGE,UgxfjjEFtGuZ20s6YC94AaABAg.AMXh065ja8AAOHOxBGY9Ss,youtube-data-api-v3/commentThreads.list,
2.25,strategy_rules,youtube,"Thank you for this video, do you have a particular scan to find potential setups like this?",0,0,https://www.youtube.com/shorts/JL7HdUKRxfI,UgxfnXpBFGaVX6iQqHp4AaABAg,youtube-data-api-v3/commentThreads.list,
2.25,strategy_rules,youtube,"Thanks Pat. I have been using your Demand and Supply Strategy and I really wanna say its so easy, simple and Helpful. Now getting consistent with it so that I can become a consistently profitable trader.",0,0,https://www.youtube.com/shorts/nkMzaQqpFbw,UgxiMj7Ip_fCnHXFxNF4AaABAg,youtube-data-api-v3/commentThreads.list,
2.25,education_gap,youtube,"This is the top notch video about trading i have ever seen man, Beautifully explained how each and every candle moves and thats so amazing, unbelievable mann. Hope its gonna helps so many people around the world. i request TT traders to create more videos about intraday trading. Thank you very much for doing this broo...............",0,0,https://www.youtube.com/shorts/6zTz7WMdMWg,Ugxjhj2T3VX1mbdsb094AaABAg,youtube-data-api-v3/commentThreads.list,
2.25,other_question_or_pain,youtube,Thank you 4 this video. It helps me a lot 🎉,0,0,https://www.youtube.com/shorts/q1NmxUTm4n4,UgxjwCiSPKhf6EjSwR54AaABAg,youtube-data-api-v3/commentThreads.list,
2.25,education_gap,youtube,"You must be a proffitable trader. If what you teach is true you can trade and get million dollars. I wonder why do you and all others on youtube in the same boat sharing those affiliate links and asking us to join via that link to get a few commision. If you can trade and get Millions why are you wasting time creating these videos for youtube. Just asked, cause i am confused. Any way thanks for the video. Cheers.",0,0,https://www.youtube.com/shorts/uDJI2AbyyCs,UgxmzZiPXk_KLabFHfZ4AaABAg.9xx5s1y_scGAMS3KgOeRls,youtube-data-api-v3/commentThreads.list,
2.25,other_question_or_pain,youtube,"hey Patrick you don't talk about , short positions , is the same thing ? down trend ecc .. ?",0,0,https://www.youtube.com/shorts/JL7HdUKRxfI,Ugxn2zM7pozh7sNQG8F4AaABAg,youtube-data-api-v3/commentThreads.list,
2.25,education_gap,youtube,"At 8:50, the displacement occurred on a bullish candle. I assumed price would move higher after sweeping the Asia low. How should the subsequent price action after the displacement be interpreted?",0,0,https://www.youtube.com/shorts/YESqIoA7Wyg,UgxpKlwEt8c6SQXgjXl4AaABAg,youtube-data-api-v3/commentThreads.list,
2.25,strategy_rules,youtube,"Thank you sir for the information,I had a question,if price reaches the order block which was marked on weekly timeframe,do you always wait for the break of structure in 4 hourly timeframe or you can even use 1 hourly timeframe ? Thank you",0,0,https://www.youtube.com/shorts/GKN-iVjJpyA,UgxxHyUPgeeF0197APB4AaABAg.AMzP2uj13n-AOwsvo4E9kg,youtube-data-api-v3/commentThreads.list,
2.25,strategy_rules,youtube,doesn't work that well.  Are we supposed to get 1 trade a day if lucky on this strategy?,0,0,https://www.youtube.com/shorts/rBLL6lm0vkk,Ugy0zX4hjw-xRxwVded4AaABAg,youtube-data-api-v3/commentThreads.list,
2.25,other_question_or_pain,youtube,Where do you set your thick profit?,0,0,https://www.youtube.com/shorts/rBLL6lm0vkk,Ugy11tQ8rlaG6ESq6Rp4AaABAg,youtube-data-api-v3/commentThreads.list,
2.25,strategy_rules,youtube,​@FXTrader247Demo trading will help if the strategy isn't microscalping and the liquidity isn't the issue. Psychology is relevant if there is no edge and no trust in the trading system.,0,0,https://www.youtube.com/shorts/THCxYD853JE,Ugy618KXMAzC6OIdloF4AaABAg.A8SSuWEdXr7AIGWMZjSAm8,youtube-data-api-v3/commentThreads.list,
2.25,education_gap,youtube,A lot of it came down to learning from Demitry Jenkins. What stood out wasn't just the trades but the way he approaches market sessions and explains the reasoning behind decisions. It helped me develop more confidence in my own execution,0,0,https://www.youtube.com/shorts/wIyZcY6kNuo,Ugy6jpx8j5R9h4I1z_p4AaABAg.AYl2LxKjce2AYl2rdK3usb,youtube-data-api-v3/commentThreads.list,
2.25,other_question_or_pain,youtube,"As a beginner, you can earn money with the guidance of a sincere and professional trader who can help you execute trades.",0,0,https://www.youtube.com/shorts/JD_sWSjIiJE,Ugy6xCofqZDS3ij0pGB4AaABAg.AEsaLFLbt4oAEsas5rQZLU,youtube-data-api-v3/commentThreads.list,
2.25,education_gap,youtube,How long have you been trading?,0,0,https://www.youtube.com/shorts/yaCM_cr5BXo,Ugy7w6VjlLgNHvgmmkZ4AaABAg.AJruWSmOa3fAMRR-AehGao,youtube-data-api-v3/commentThreads.list,
2.25,other_question_or_pain,youtube,You trade with Hinz Maria as well? She's been a true blessing to my family! ❤️❤️,0,0,https://www.youtube.com/shorts/B_dVwXYQ-oc,UgyBw1ehyXLrKSIOMmN4AaABAg.ALXFXf0WQJAALbuSrLoaTw,youtube-data-api-v3/commentThreads.list,
2.25,education_gap,youtube,I've been making a lot of looses trying to trade on me own😩 How can I start making profits from cryptocurrency and the market? I am still a beginner,0,0,https://www.youtube.com/shorts/I29peidTQxU,UgyDiM1OyWIPWRIT3WF4AaABAg.AYY5uKAXAdEAYY6AA03t53,youtube-data-api-v3/commentThreads.list,
2.25,other_question_or_pain,youtube,Please Be honest with me I wish to start dy trade but don't know where to begin. Any tips or contacts?,0,0,https://www.youtube.com/shorts/I29peidTQxU,UgyDiM1OyWIPWRIT3WF4AaABAg.AYY5uKAXAdEAYY6F_zeW9q,youtube-data-api-v3/commentThreads.list,
2.25,other_question_or_pain,youtube,"Next three months I will be moving home, and just had my mothers funeral two weeks back. Still trying to stay focused on my passion - Trading! Love your live streams, Pat, and your videos! This one in particular was a great reminder regarding trending markets against ranging - Which will also help with trying to work out when to switch on and off, Fury. And, of course, also helps with live, manual trading with descretion for day trading. I feel I'm now in the right place and group with TWP - Thanks",0,0,https://www.youtube.com/shorts/nkMzaQqpFbw,UgyITfnbbRfmSNoaLHZ4AaABAg,youtube-data-api-v3/commentThreads.list,
2.25,other_question_or_pain,youtube,Bro nice stragity but I would like to know on which best leverage you mark ?50x 40x 30x I dont know which is the best ?because liquidation can wipe you up .,0,0,https://www.youtube.com/shorts/R9yZSDpdCGE,UgyJm7jmJEBKO0SUoVR4AaABAg,youtube-data-api-v3/commentThreads.list,
2.25,other_question_or_pain,youtube,If I become profitable this yr jae I swear u one of the reasons ur videos helps me a lot,0,0,https://www.youtube.com/shorts/m-G1ag77aVc,UgyLVe20LlH9qA0p3UV4AaABAg,youtube-data-api-v3/commentThreads.list,
2.25,education_gap,youtube,What instrument are u trading in this video?,0,0,https://www.youtube.com/shorts/rBLL6lm0vkk,UgyMjZ-6Uy0Af3XmK5x4AaABAg,youtube-data-api-v3/commentThreads.list,
2.25,other_question_or_pain,youtube,Yes it will help you a lot,0,0,https://www.youtube.com/shorts/THCxYD853JE,UgyModEz5unI_b6VPAl4AaABAg.ADXl5wRqVYGAEFh8EWGutJ,youtube-data-api-v3/commentThreads.list,
2.25,other_question_or_pain,youtube,Are you profitable now???,0,0,https://www.youtube.com/shorts/U8xH2dEgH5A,UgyQJSNJeGlNuHC0P_h4AaABAg.9xUSPBtOzVEA5ZJRn5GyL0,youtube-data-api-v3/commentThreads.list,
2.25,other_question_or_pain,youtube,"​@DavidRoberts-j4vHey I'm a Forex trader let's connect, I can help you upgrade your skill and maybe trade ab account for you in a sharing profit ratio agreement.",0,0,https://www.youtube.com/shorts/9nRFcetXqkA,UgyRVOKa_Uj2w8YJyVB4AaABAg.AMzqPnoOfNaANGrw8w70FI,youtube-data-api-v3/commentThreads.list,
2.25,other_question_or_pain,youtube,Can you do the Forex complex?,0,0,https://www.youtube.com/shorts/G2THP1LGPB0,UgyTFdMhvWZGci7kn-Z4AaABAg,youtube-data-api-v3/commentThreads.list,
2.25,education_gap,youtube,What are the basics? I have learned liquidity,0,0,https://www.youtube.com/shorts/LclxDYccla8,UgyUIYU3DEoROf2wb2R4AaABAg.9vp-hQHf6YEA9RTTJOk-Pd,youtube-data-api-v3/commentThreads.list,
2.25,other_question_or_pain,youtube,Please I'm having issues with identifying liquidity please can you help out​@darkdart2497,0,0,https://www.youtube.com/shorts/LclxDYccla8,UgyUIYU3DEoROf2wb2R4AaABAg.9vp-hQHf6YEAI1B-kZF9q4,youtube-data-api-v3/commentThreads.list,
2.25,other_question_or_pain,youtube,Thanks a lot James for the clarity. You are so good and your lessons are easy. to understand. Can help with the Dealing Range Theory (DRT). Please help James. i know you know this.,0,0,https://www.youtube.com/shorts/9nRFcetXqkA,UgyZrptatyApORC-YXJ4AaABAg,youtube-data-api-v3/commentThreads.list,
2.25,strategy_rules,youtube,thanks ur vdos helped me to refine my strategy...thanks again,0,0,https://www.youtube.com/shorts/m-G1ag77aVc,Ugyazjbb_dOVtjrZ_vl4AaABAg,youtube-data-api-v3/commentThreads.list,
2.25,other_question_or_pain,youtube,@mphopatricia1247 has your trading improved?,0,0,https://www.youtube.com/shorts/ygleB1CLhUE,Ugyb9LE04z5t2smkyVd4AaABAg.AJagn_pvIkWALFQfMpnVWg,youtube-data-api-v3/commentThreads.list,
2.25,other_question_or_pain,youtube,Thanks so much for your videos man. You have really helped my trading a lot. Props to you.,0,0,https://www.youtube.com/shorts/1YRs4Z1lMws,UgybrTUyJLjfkUau5IJ4AaABAg,youtube-data-api-v3/commentThreads.list,
2.25,psychology,youtube,"You’ve already helped me become a more confident trader, and I’m so grateful for that! 🙏 Over the next 3 months, I want to focus on consistency, discipline, and steady growth. Winning this membership would be a dream come true to keep improving under your guidance! 🚀",0,0,https://www.youtube.com/shorts/nkMzaQqpFbw,UgygQX3KuA8dlCyHo7h4AaABAg,youtube-data-api-v3/commentThreads.list,
2.25,education_gap,youtube,"Been trading for a while now, but for whatever reason always struggled to understand order blocks, however I do now you explained this amazing !",0,0,https://www.youtube.com/shorts/DMUiDBnTYc8,UgyiG3wf3usUlr6lCzh4AaABAg,youtube-data-api-v3/commentThreads.list,
2.25,risk_management,youtube,"Hi,have you ventured with any legitimate crypto company previously and made profit on a daily basis?",0,0,https://www.youtube.com/shorts/I29peidTQxU,UgyjZAYIRpbObkZMOQZ4AaABAg.AMQLg2JzMaFAMxPlaKrJbQ,youtube-data-api-v3/commentThreads.list,
2.25,education_gap,youtube,Hey pat can you explain about the last conformation candle that you're waiting for ?,0,0,https://www.youtube.com/shorts/JL7HdUKRxfI,UgylIzpIMgiCxc-yifZ4AaABAg,youtube-data-api-v3/commentThreads.list,
2.25,other_question_or_pain,youtube,Your knowledge help alot bro....I really appreciated. Meet again here after 5 months for good results,0,0,https://www.youtube.com/shorts/wIyZcY6kNuo,UgynNVygk-NXOiiFwMJ4AaABAg,youtube-data-api-v3/commentThreads.list,
2.25,education_gap,youtube,"Do you still have what it takes to be a prop trader Marcky? I’m the host of The Bid Blackrock Podcast and I have some questions for you if you don’t mind, reply as soon as you can.",0,0,https://www.youtube.com/shorts/THCxYD853JE,UgynkdCFNRTPkDrUnCh4AaABAg.AGjxKm2gvtkAGlZG32gyfh,youtube-data-api-v3/commentThreads.list,
2.25,other_question_or_pain,youtube,"When Will you post more live trading in here? Learning a lot from those, with all your thoughts and build-up explanation. Thanks in advance.",0,0,https://www.youtube.com/shorts/sclIAK3x2dw,Ugyq2TgPhxMGXS77fOl4AaABAg,youtube-data-api-v3/commentThreads.list,
2.25,education_gap,youtube,"The absolute best explanation of what SMT divergence is. I have watched many videos, spoken to many traders and never have i seen such a clear explanation. Thank you TT Trades, please continue to help us all with your videos. Many thanks",0,0,https://www.youtube.com/shorts/q1NmxUTm4n4,UgyqTVmsK0xTaoEElf54AaABAg,youtube-data-api-v3/commentThreads.list,
2.25,education_gap,youtube,"I really thought that I knew market structure. Yet, after watching this one hour of fundamentals, my mind is blown 🤯 by how much I had market structure confused. I’m so grateful I can now use these fundamentals to increase my trading abilities to find high probability winning trades!

 Thanks, Jea … You are Da Man! 👌🏾",0,0,https://www.youtube.com/shorts/ygleB1CLhUE,Ugyrc-1rnSGz-pq9yJ54AaABAg,youtube-data-api-v3/commentThreads.list,
2.25,other_question_or_pain,youtube,Are of demand or area of liquidity grab?,0,0,https://www.youtube.com/shorts/rBLL6lm0vkk,UgysKiUwRR4wY1l8IrJ4AaABAg,youtube-data-api-v3/commentThreads.list,
2.25,other_question_or_pain,youtube,"I trade with the help of an expert trader, he's the backbone behind my success as a trader, his trading strategies are top notch. I’m guided by Rolando Diaz",0,0,https://www.youtube.com/shorts/GKN-iVjJpyA,UgyscRynhMiRF-NjcWl4AaABAg.AHOFMFEuwqxAHOIPHOqtoY,youtube-data-api-v3/commentThreads.list,
2.25,education_gap,youtube,What you think of signals by FXFARO?,0,0,https://www.youtube.com/shorts/G2THP1LGPB0,UgyvGV9tMaup8CGpJSV4AaABAg.A7qvpJF80zLATkLCRA9rBm,youtube-data-api-v3/commentThreads.list,
2.25,other_question_or_pain,youtube,This breakdown of liquidity sweeps and inducements is incredibly clear and helpful! A must-watch for any serious trader,0,0,https://www.youtube.com/shorts/9nRFcetXqkA,UgyzBxuQRIM5oATVovV4AaABAg,youtube-data-api-v3/commentThreads.list,
2.25,other_question_or_pain,youtube,"SMT is a liquidity sweep after which price can't break some structure. Instead of a top/bottom, it becomes SMT. If you can define 'BOS', you know when it stops being SMT and starts to exist as an inducement.",0,0,https://www.youtube.com/shorts/q1NmxUTm4n4,Ugyzbi4XlLWUX2NDJ6F4AaABAg.APJzW7nj-yQAPW6eUws67q,youtube-data-api-v3/commentThreads.list,
2.25,education_gap,youtube,"I've realized how much I've lost trading without any professional guidance. It has definitely been a tough journey. I'm keen to learn more about the expertise you follow. What guidance or resources do you recommend for navigating this current bear market?""",0,0,https://www.youtube.com/shorts/wIyZcY6kNuo,Ugz-QT_l-VWKZt8lLRd4AaABAg.AWxYS1sd9KfAWxYjIcdAcS,youtube-data-api-v3/commentThreads.list,
2.25,education_gap,youtube,"@TTrades_edu not an issue bro , actually you explain things so well and in an easy manner that's why i don't want to see other youtube videos on this topic which is my weaker side . Anyways thanks bro. I can manage it.",0,0,https://www.youtube.com/shorts/uDJI2AbyyCs,Ugz08eFCXEyG_6XWKqB4AaABAg.A89qsYSZq5ZA8CSGEFUkJr,youtube-data-api-v3/commentThreads.list,
2.25,strategy_rules,youtube,"Hi sir, I have seen a lot of videos on youtube on trading but you are most amazing mentor out there.The consistency of your setup and simple explanation is extremely good.
I can't thank you enough for the education you have given us.

THANK YOU SO MUCH....😁😁",0,0,https://www.youtube.com/shorts/9nRFcetXqkA,Ugz1NtgM7r6ZIHlF2ax4AaABAg,youtube-data-api-v3/commentThreads.list,
2.25,education_gap,youtube,Would love to teach us about pips. How do we calculate pips? Or How do we go about pips?,0,0,https://www.youtube.com/shorts/m-G1ag77aVc,Ugz2qvI_vc6xLO1v61J4AaABAg.AIStdcSrdJiAITARIRKxJD,youtube-data-api-v3/commentThreads.list,
2.25,education_gap,youtube,"I definitely needed to watch this video . I study ict , I trade FVG & Ob I understand all that , but u just explained this liquidity concept in my opinion clearer than Micheal Huddleston. I believe this video will take me to the next level for sure! It’s like sometimes you gotta hear something explained from someone else for you to understand it which is crazy . But you explained it Perfectly! & this video is EXTREMELY helpful for anyone seeking liquidity information. Thank you 🙏🏽",0,0,https://www.youtube.com/shorts/6zTz7WMdMWg,Ugz4rIkr83QBdjgqgZ54AaABAg,youtube-data-api-v3/commentThreads.list,
2.25,education_gap,youtube,ok but how do you choose which one to trade?,0,0,https://www.youtube.com/shorts/q1NmxUTm4n4,Ugz4tlSr2jpVn4epv-t4AaABAg,youtube-data-api-v3/commentThreads.list,
2.25,strategy_rules,youtube,"amazing video thank you!! does your strategy also work for swing trading stocks before I start backtesting, do you also do mentoring for swing trading stocks or do you only trade forex and commodities?",0,0,https://www.youtube.com/shorts/JL7HdUKRxfI,Ugz7e-sFbKif8Idqsfl4AaABAg,youtube-data-api-v3/commentThreads.list,
2.25,other_question_or_pain,youtube,Can u make the bearish swing video u mentioned at the end of this video? Looking fwd to it,0,0,https://www.youtube.com/shorts/JL7HdUKRxfI,UgzAMjMEqHlf6VaxCBl4AaABAg,youtube-data-api-v3/commentThreads.list,
2.25,other_question_or_pain,youtube,Thank you a lot for this helpful video ! 💪,0,0,https://www.youtube.com/shorts/m-G1ag77aVc,UgzCoNX4hs2dGKhrIwV4AaABAg,youtube-data-api-v3/commentThreads.list,
2.25,education_gap,youtube,Plz I just want to start trading I don't know what app to use please I need help,0,0,https://www.youtube.com/shorts/wIyZcY6kNuo,UgzCvR7ERgVb3skAynZ4AaABAg.9uEd_mlQkVqARqYmiFhj4h,youtube-data-api-v3/commentThreads.list,
2.25,other_question_or_pain,youtube,Thank you so much. I simply love the way you teach. Do you offer live recordings of you trading sessions?,0,0,https://www.youtube.com/shorts/9nRFcetXqkA,UgzDJYIKbH6DGOJRCd54AaABAg,youtube-data-api-v3/commentThreads.list,
2.25,strategy_rules,youtube,"Hi Pat. Thank you for this strategy andI'm going to try it on demo account. One question, can I use it on 5M/1M timeframe?",0,0,https://www.youtube.com/shorts/R9yZSDpdCGE,UgzIg9850VT09cGPWn94AaABAg,youtube-data-api-v3/commentThreads.list,
2.25,broker_platform,youtube,wait so you do your charts on tradingview but trade on mt5 ?,0,0,https://www.youtube.com/shorts/R9yZSDpdCGE,UgzPEVy4sV0sP5MH5vN4AaABAg,youtube-data-api-v3/commentThreads.list,
2.25,education_gap,youtube,what is the best paper trading account you have been using?,0,0,https://www.youtube.com/shorts/0xygpCMwxbQ,UgzQCOORyx7T8s_Nh7F4AaABAg.9qVDWM0jQ9DA7jknoKJPTv,youtube-data-api-v3/commentThreads.list,
2.25,education_gap,youtube,What futures do you trade with the ORB?,0,0,https://www.youtube.com/shorts/rBLL6lm0vkk,UgzQatn_B5vnnzYvpuJ4AaABAg,youtube-data-api-v3/commentThreads.list,
2.25,education_gap,youtube,Can you tell me in this example you provided which exact forex pair you worked with and what days of the year it was?,0,0,https://www.youtube.com/shorts/B_dVwXYQ-oc,UgzSWmkx77WvNVs-TzV4AaABAg,youtube-data-api-v3/commentThreads.list,
2.25,education_gap,youtube,"I thought I already knew this, but it's awesome how you explain things.
Can't wait to test this out again.
Thanks alot",0,0,https://www.youtube.com/shorts/JD_sWSjIiJE,UgzTWpKWNIvEy1VinyF4AaABAg,youtube-data-api-v3/commentThreads.list,
2.25,risk_management,youtube,"Hi,have you ventured with any crypto company previously and made profit on a daily basis?",0,0,https://www.youtube.com/shorts/I29peidTQxU,UgzThOZ1OCHZr3xHKyh4AaABAg.AMiPEXwMeyNAMxQFGYv18F,youtube-data-api-v3/commentThreads.list,
2.25,strategy_rules,youtube,sir kindly can you brief The Market Hikes up and down strategy ??,0,0,https://www.youtube.com/shorts/_94CPMjWi9E,UgzX7HtJWFmG9fhdm5J4AaABAg.9szFYTVFzbu9t4kaFFX9lz,youtube-data-api-v3/commentThreads.list,
2.25,entry_timing,youtube,"Do you provide advise for swing trading to investors?
Which stocks  and when to buy?",0,0,https://www.youtube.com/shorts/JL7HdUKRxfI,UgzZKltG_IXYbrR_nPd4AaABAg,youtube-data-api-v3/commentThreads.list,
2.25,other_question_or_pain,youtube,"I really liked this video on liquidity. I don't know English, but since this video is in Hindi, it was extremely helpful to me. Thank you so much; the issue regarding liquidity that you discussed in the video is something I encounter quite frequently.❤❤❤❤",0,0,https://www.youtube.com/shorts/sclIAK3x2dw,UgzcinyvfZG-rjtFLzF4AaABAg,youtube-data-api-v3/commentThreads.list,
2.25,other_question_or_pain,youtube,​@TTrades_edu I need this PDF?,0,0,https://www.youtube.com/shorts/g3oDYq4P9ZE,UgzfQR6yhDTjXpFSb914AaABAg.9st-ukclDnTANYfQOA3Kgg,youtube-data-api-v3/commentThreads.list,
2.25,other_question_or_pain,youtube,"Man you just make my day with the Fury! Definitely i will purchase it! About the robots are better that me, by the way i am at my beginnings into the trades and when seeing your results, everything makes sense now! Well done buddy! I would appreciate some help here! Regards!",0,0,https://www.youtube.com/shorts/TvWks6oJ-9U,UgzfS1OC4xO4xy0NO5l4AaABAg,youtube-data-api-v3/commentThreads.list,
2.25,strategy_rules,youtube,"Awesome stuff!  I know this is designed for market open, but could you deploy this strategy at any time of the day by selecting the previous 15 min range and following the set up?",0,0,https://www.youtube.com/shorts/R9yZSDpdCGE,UgzhWgSXKwHupPvaNFd4AaABAg,youtube-data-api-v3/commentThreads.list,
2.25,other_question_or_pain,youtube,"Thats amazing it helped a lot i was confused about it and i have watched a lot of videos but this video is insane it cleared all of my doubts.
Thanks a lot",0,0,https://www.youtube.com/shorts/_94CPMjWi9E,UgzjC_wnh_Q2NigBM2R4AaABAg,youtube-data-api-v3/commentThreads.list,
2.25,strategy_rules,youtube,"I agree he has too many variations for his ""one"" scalping/stupid strategy. Since all of his strategy videos end with a pitch to join his mentorship program, I'm starting to think he's hoping traders have problems to encourage them to join to resolve the issues they're have with making a ""simple"" strategy work.",0,0,https://www.youtube.com/shorts/yaCM_cr5BXo,UgzlUrSTkuIrLCgMqS94AaABAg.AOh272G3mkYAOh2uKdrcp-,youtube-data-api-v3/commentThreads.list,
2.25,other_question_or_pain,youtube,does the breakout have to agree with the past trendline? or does it work if it changes trend?,0,0,https://www.youtube.com/shorts/B_dVwXYQ-oc,UgzltIiLS86D14aiK2N4AaABAg,youtube-data-api-v3/commentThreads.list,
2.25,other_question_or_pain,youtube,Pips?,0,0,https://www.youtube.com/shorts/I29peidTQxU,Ugzqaz_PRdxFY5c_JUF4AaABAg.ALrJuRys-YIAPOyuLO-MDm,youtube-data-api-v3/commentThreads.list,
2.25,strategy_rules,youtube,@honestone1894 😂😂😂😂 did your strategy work tho ?,0,0,https://www.youtube.com/shorts/B_dVwXYQ-oc,Ugzs1XoTRpJVnp8azgl4AaABAg.APDo8cjyrhyATd4pMqW50Q,youtube-data-api-v3/commentThreads.list,
2.25,strategy_rules,youtube,I can't find this indicator,0,0,https://www.youtube.com/shorts/nkMzaQqpFbw,UgzsNtLNwFxGzplZCAx4AaABAg.AO8RISiObSUAYoGsVzoiHL,youtube-data-api-v3/commentThreads.list,
2.25,other_question_or_pain,youtube,is there a plan on telegram for swing trading alerts?,0,0,https://www.youtube.com/shorts/JL7HdUKRxfI,Ugzu6PM630MgHkiz3_t4AaABAg,youtube-data-api-v3/commentThreads.list,
2.25,education_gap,youtube,Nice but what if the trend is going down ???,0,0,https://www.youtube.com/shorts/JL7HdUKRxfI,UgzvYTIyrl5ZBSF8dVx4AaABAg,youtube-data-api-v3/commentThreads.list,
2.25,other_question_or_pain,youtube,"helped me a lot, thanks🤝",0,0,https://www.youtube.com/shorts/I29peidTQxU,UgzvvAROcUP6a6Lk-094AaABAg,youtube-data-api-v3/commentThreads.list,
2.25,other_question_or_pain,youtube,@AnthonysTradingChannel help me,0,0,https://www.youtube.com/shorts/wIyZcY6kNuo,UgzxhfEmR4IXDGJjl-54AaABAg.9uHDGO-sy1uAV3EAkgKMXL,youtube-data-api-v3/commentThreads.list,
2.25,entry_timing,youtube,Can it used just looking at one asset chart? For example gold? Is it simular as after bear or bullish movement it fails to make lower low or Higher high then a watch entry at Mitigation block?? Pls answer,0,0,https://www.youtube.com/shorts/q1NmxUTm4n4,UgzzPUgg9an6mk0HZEx4AaABAg,youtube-data-api-v3/commentThreads.list,
2.193,risk_management|strategy_rules,youtube,I slowly now understand with this strategy and i feel my potential is slowly unlocking up each day/weeks since i started july and i lost little by little usdt and 3 days ago i lost 1 usdt but stoploss save me from scary sell short after i wrong decide without analyst the chart and it's my first time to lose fr,1,0,https://www.youtube.com/shorts/JL7HdUKRxfI,UgwA4ChFlDqHeVMdDHN4AaABAg,youtube-data-api-v3/commentThreads.list,
2.193,strategy_rules|education_gap,youtube,Understanding what a Fair Value Gap or an Order Block looks like in isolation is easy—the real skill is using Top-Down Analysis to see if that block aligns with daily and 4-hour institutional liquidity flow. Backtesting is the only mirror that doesn't lie to you about whether you're forcing a setup or actually following the macro structure. Keep reviewing those logs; that's where the real edge is refined! 📊✨,1,0,https://www.youtube.com/shorts/GKN-iVjJpyA,UgwnlScXC5nvpJXnMRh4AaABAg.AUYoMOnzyjqAX_7dGzClpJ,youtube-data-api-v3/commentThreads.list,
2.193,entry_timing|education_gap,youtube,Now teach me how to enter trades.,1,0,https://www.youtube.com/shorts/aArQnVsJpLA,UgxAfRp_9QPb6dOQmNZ4AaABAg,youtube-data-api-v3/commentThreads.list,
2.193,risk_management|entry_timing,youtube,"bro, after you hit TP1 you should typically close half your position and move your stop loss to the entry level",1,0,https://www.youtube.com/shorts/G2THP1LGPB0,UgxPJUfvw7swVfiPFjF4AaABAg,youtube-data-api-v3/commentThreads.list,
2.193,risk_management|entry_timing,youtube,"I have to come and comment on this video man .. watched it a few days ago and I’ve been back testing and I swear , my daily bias is more often right than wrong!! And if the market doesn’t go the way I framed my bias , I don’t enter the trade so I don’t risk any capital. But god damn this video is a life changer !!!!!!",1,0,https://www.youtube.com/shorts/g3oDYq4P9ZE,UgxS4xrjTEQwWJTMu8p4AaABAg,youtube-data-api-v3/commentThreads.list,
2.193,entry_timing|education_gap,youtube,"Swing highs, Equal highs, & Trendlines hold huge liquidity same for lows. That’s why it’s best to only enter after the they get swept. When you see equal lows below Demand, place a limit order at the equal low. If you know price wicks equal lows then you have a safe systematic entry model. If price only taps the demand imbalance but doesn’t wick the equal, lows and continues to go bullish, then delete your order and come again tomorrow. It may not wick your entry in the trade a few times before hitting your TP but when it does, you’ll have the cheapest price to sell for a huge profit.",1,0,https://www.youtube.com/shorts/9nRFcetXqkA,UgxZrtHTS6Bd8wABa5R4AaABAg.AJQXI-QLTqQAN8Erk3oxQN,youtube-data-api-v3/commentThreads.list,
2.193,risk_management|education_gap,youtube,"Bro I love your teachings..
Next pls do a video about how to place SL and TP❤❤",1,0,https://www.youtube.com/shorts/JhBX0TQ41H8,Ugx_jbUU-1BywYnVE5p4AaABAg,youtube-data-api-v3/commentThreads.list,
2.193,strategy_rules|education_gap,youtube,"Yeah, I've realized institutions could care less about indicators. They put their orders wherever they want to put them. Indicators are shiny toys to get retailers involved and let them think they are predicting what will happen. Aka fuel for the next actual move",1,0,https://www.youtube.com/shorts/yaCM_cr5BXo,UgxoUdFyHW100-VohSZ4AaABAg.AUyE5X1d78BAWaldI3AXN0,youtube-data-api-v3/commentThreads.list,
2.193,strategy_rules|education_gap,youtube,"Continuations are what builds accounts, avoid reversals unless you have high conviction and if you're a beginner i suggest that you trade in the higher timeframes! 1hr is the minimum.",1,0,https://www.youtube.com/shorts/THCxYD853JE,UgyQ0n04S7Pcw_jpFjZ4AaABAg,youtube-data-api-v3/commentThreads.list,
2.193,strategy_rules|education_gap,youtube,"This strategy have been for years!!! And you are only seeing it now because you are getting recommendations about it from YouTube. 
And yes, market makers always and have been grabbing liquidity from this and other strategy for years but guess... what it's too powerful to always loss. %75 win rate for just a break of range is powerful, and if you know how to take multiple trades it's a badass strategy.",1,0,https://www.youtube.com/shorts/R9yZSDpdCGE,UgygZc7sYY6zNTcCgj54AaABAg.AJteFAtYNapAJuPWYu5ud4,youtube-data-api-v3/commentThreads.list,
2.193,risk_management|education_gap,youtube,"With artificial intelligence applied in trading robots we have a lot of potential to transform the financial market. Robots use advanced algorithms to analyze large volumes of data, identify patterns, and make transactions faster and more accurately than humans. This allows you to optimize investments, reduce risks and maximize benefits. However, the reliance on AI in trading also raises concerns about market volatility, autonomous decision-making, and the potential dehumanization of the financial process. The key is to balance technology with human control and supervision to avoid negative effects, but artificial intelligence is the future for the new era in the financial markets, good video bro, I hope to win in the Fury bot copy raffle 🙏🏻",1,0,https://www.youtube.com/shorts/TvWks6oJ-9U,UgykmYvoJmmBI7LZd254AaABAg,youtube-data-api-v3/commentThreads.list,
2.193,risk_management|psychology,youtube,"The greatest risk is that specifically i fear (panic selling, holding onto losers) and greed (overleveraging, moving , whiles a trading robot executes orders based only on the predefined code and signals. It never suffers from FOMO, never gets tired, and never second-guesses its own logic, ensuring perfect discipline and consistency.",1,0,https://www.youtube.com/shorts/TvWks6oJ-9U,UgyvhC9-zSxeh-lc9fx4AaABAg,youtube-data-api-v3/commentThreads.list,
2.193,psychology|education_gap,youtube,"nah, burn the accounts through your own stubbornness, feel the pain and cut the bullshit. Discipline yourself and control your emotions. Paper trading is only good to get the technical aspects of hit buy and sell and how the particular platform works.",1,0,https://www.youtube.com/shorts/THCxYD853JE,Ugz3f5Ki4aNyFvbaU4Z4AaABAg,youtube-data-api-v3/commentThreads.list,
2.193,risk_management|psychology,youtube,"People want that get rich quick money but end up losing. The best thing for a beginner is to focus on paper trading, having patience, good risk management, and learning about the market. Looking for the right set up. Being able to not trade if there's no A plus set up. Don't revenge trade.",1,0,https://www.youtube.com/shorts/THCxYD853JE,Ugz6_RBL7eMzoBYDEVh4AaABAg,youtube-data-api-v3/commentThreads.list,
2.193,entry_timing|education_gap,youtube,"Damn it looks so smooth :D I did my own playlist of your Bias videos, followed by next day model videos and also Intraday Fractal videos. The concept how simple this is, is just mind blowing... yet I see we still have to have one extra confluence on lower time frame to enter... when you get that part right you become money printing machine.. Thanks TT💯",1,0,https://www.youtube.com/shorts/6zTz7WMdMWg,UgzNtlTp-uVx57JhC3p4AaABAg,youtube-data-api-v3/commentThreads.list,
2.049,strategy_rules|education_gap,youtube,"Powerful content boss, thanks. I would have loved to share an idea with u about a golden strategy i came up with but i do not know how to get in touch with you😊",0,2,https://www.youtube.com/shorts/YESqIoA7Wyg,UgxW6cpq2Rs4ickWO094AaABAg,youtube-data-api-v3/commentThreads.list,
1.943,risk_management,youtube,avoid FTM (funded trader markets) instant account - i bought 25k account and can only drawdown $750 -- crap!,1,0,https://www.youtube.com/shorts/THCxYD853JE,Ugw0T5UsszzbefCljWt4AaABAg,youtube-data-api-v3/commentThreads.list,
1.943,entry_timing,youtube,"Good teaching Sir. You make ICT concept look like is in nappies..no single FVGs (altho also vital for entry confirmation) mentioned, just focusing on a bigger picture. Good Job🤝",1,0,https://www.youtube.com/shorts/GKN-iVjJpyA,Ugw61_vQhwndOmXyxZ54AaABAg,youtube-data-api-v3/commentThreads.list,
1.943,education_gap,youtube,Love ur content but I think u should've explained it better how and where to draw the demand zones especially when all the graphic popping up on the charts. Sometimes u guys get to fancy and yapping forgetting most people here because they're trying to learn and are newbies,1,0,https://www.youtube.com/shorts/B_dVwXYQ-oc,Ugw6nU-uGuluTtCIkcl4AaABAg.ALXBqBpqmYQALYWFiwAXPA,youtube-data-api-v3/commentThreads.list,
1.943,psychology,youtube,agreed,1,0,https://www.youtube.com/shorts/GKN-iVjJpyA,Ugw8o1BpfdK_DCkip_t4AaABAg.A1jetiFDirmA1llZC645ct,youtube-data-api-v3/commentThreads.list,
1.943,strategy_rules,youtube,Trading under the guidance of an expert is the best strategy for beginners.,1,0,https://www.youtube.com/shorts/JD_sWSjIiJE,UgwBPdSxhikXiD1k5YJ4AaABAg.ADTvREcc5wZADV8UBC9QXP,youtube-data-api-v3/commentThreads.list,
1.943,psychology,youtube,its because of fear,1,0,https://www.youtube.com/shorts/THCxYD853JE,UgwDRFDSJBrOcOeaRB14AaABAg.AGdU-wVGVWhAGhjj3_Xp49,youtube-data-api-v3/commentThreads.list,
1.943,risk_management,youtube,"Nah, the title wasn't misleading for one bit. This is the best structure video I've come across by far. Thanks man ❤",1,0,https://www.youtube.com/shorts/LclxDYccla8,UgwExLjFRKfLXwD6LeV4AaABAg,youtube-data-api-v3/commentThreads.list,
1.943,risk_management,youtube,I have a algo that does the same thing while I sleep its awesome,1,0,https://www.youtube.com/shorts/I29peidTQxU,UgwIjzrfIY7Ch8VIbJJ4AaABAg,youtube-data-api-v3/commentThreads.list,
1.943,education_gap,youtube,Nice showing the losses its important to show the reality of the profession,1,0,https://www.youtube.com/shorts/B_dVwXYQ-oc,UgwNLV4DE2SEffhZTu94AaABAg,youtube-data-api-v3/commentThreads.list,
1.943,strategy_rules,youtube,"​@quantumprotocolmanThis comment is about technical analysis, not this specific strategy. And you may see that technical analysis works in the long run. Rr>wr",1,0,https://www.youtube.com/shorts/I29peidTQxU,UgwNaMEeh_GPh76xfY94AaABAg.ASpB8SaNAlmAT2Spew4yPz,youtube-data-api-v3/commentThreads.list,
1.943,education_gap,youtube,this is how i trade everyday....nice teach....,1,0,https://www.youtube.com/shorts/sclIAK3x2dw,UgwOW0q7s9rBwq5-DXd4AaABAg,youtube-data-api-v3/commentThreads.list,
1.943,risk_management,youtube,Yep I Started This Learning I watch Ict But it won't clear The actual ICT teaching I Started to Watch This Playlist going slow Making Notes Practice on chart Right now Failing in the live but it clear Lot of Thing to me Personally If Any one Wants to Start Learning trading start from This Playlist!! 😊,1,0,https://www.youtube.com/shorts/YESqIoA7Wyg,UgwVUKM1egHO8szAhOl4AaABAg.9w9Bq2ApDAdAXxuB9qssTp,youtube-data-api-v3/commentThreads.list,
1.943,education_gap,youtube,"Believe me no one can teach to you the false breakouts explained here. Hats off bro, keep it up ❤❤❤",1,0,https://www.youtube.com/shorts/ygleB1CLhUE,Ugwf2AhIOxyYd7aKXS94AaABAg,youtube-data-api-v3/commentThreads.list,
1.943,strategy_rules,youtube,I’ve been losing so much lately hopefully this strategy gets me into profits 😅,1,0,https://www.youtube.com/shorts/B_dVwXYQ-oc,Ugwgb5NMMZYu2z_S1Yd4AaABAg,youtube-data-api-v3/commentThreads.list,
1.943,education_gap,youtube,U don't even know how to Breakeven trades once tp1 smashed lmao 🤣,1,0,https://www.youtube.com/shorts/G2THP1LGPB0,Ugwh7sTxY4EqSLqIksh4AaABAg.9pV-lTKEEXq9q2eEBR0gHg,youtube-data-api-v3/commentThreads.list,
1.943,education_gap,youtube,"ict explains great always no comparison with any, tho any can explain well as ttrades do",1,0,https://www.youtube.com/shorts/DMUiDBnTYc8,UgwojaceH7LMUPhCxZR4AaABAg.9ypWffGiY93AGFL6ShRt7r,youtube-data-api-v3/commentThreads.list,
1.943,strategy_rules,youtube,This is superb strategy,1,0,https://www.youtube.com/shorts/B_dVwXYQ-oc,Ugwr2xZlUVkH9b3HMKV4AaABAg,youtube-data-api-v3/commentThreads.list,
1.943,strategy_rules,youtube,Damn thanks mate this strategy added 100k 🥳 ......... In my debt,1,0,https://www.youtube.com/shorts/I29peidTQxU,UgwvP7Jw3GN3XoMoSER4AaABAg,youtube-data-api-v3/commentThreads.list,
1.943,education_gap,youtube,I just came across your videos and to be frank this are what we payed for to learn trading but you are offering for God bless you.,1,0,https://www.youtube.com/shorts/wIyZcY6kNuo,Ugx0d592N9F-WbK-rs94AaABAg.ATQ0sYAyWj2ATQ18PW7Xnx,youtube-data-api-v3/commentThreads.list,
1.943,education_gap,youtube,"Waooo a friend refered me  to your videos,he 
Has learned how to trade with your videos and he is profitable I have just watched just a few and am already loving and understanding it.",1,0,https://www.youtube.com/shorts/wIyZcY6kNuo,Ugx0d592N9F-WbK-rs94AaABAg.ATQ0sYAyWj2ATQ2EU8RALj,youtube-data-api-v3/commentThreads.list,
1.943,education_gap,youtube,"You have explained it in a simpler way,until am seeing my self becoming rich through trading",1,0,https://www.youtube.com/shorts/yaCM_cr5BXo,Ugx1eV9JonpZUpowJoR4AaABAg,youtube-data-api-v3/commentThreads.list,
1.943,risk_management,youtube,I love the robots because no emotions attached. The fact you can set it for high risk or low risk is excellent.,1,0,https://www.youtube.com/shorts/TvWks6oJ-9U,Ugx2bfMV5AM74rWB7sh4AaABAg,youtube-data-api-v3/commentThreads.list,
1.943,strategy_rules,youtube,"You confirm which one holds through confirmation entries, avoid using orders especially if there is another higher timeframe zone below or above",1,0,https://www.youtube.com/shorts/yaCM_cr5BXo,Ugx6LAJgCIfKQsPiY_94AaABAg.ANIRt9l_l_CANIeLb_2cwP,youtube-data-api-v3/commentThreads.list,
1.943,strategy_rules,youtube,Premium is definitely more complete if you want more frequent setups,1,0,https://www.youtube.com/shorts/wIyZcY6kNuo,Ugx7rL-Ijj8tlBhJ9jx4AaABAg.AULmRpcjGDUAYNNA76WQnQ,youtube-data-api-v3/commentThreads.list,
1.943,entry_timing,youtube,"It great to have a daily bias, now you have to find the entry. That’s the hard part",1,0,https://www.youtube.com/shorts/g3oDYq4P9ZE,UgxGX4ym1-Tc7yeuXRl4AaABAg,youtube-data-api-v3/commentThreads.list,
1.943,strategy_rules,youtube,Hi pat can we do these strategy in any pair in nyse opening which pair is best in nyse opening,1,0,https://www.youtube.com/shorts/R9yZSDpdCGE,UgxNBozX3qCTafgLPrh4AaABAg,youtube-data-api-v3/commentThreads.list,
1.943,education_gap,youtube,"But then again it is a break of structure with a bold bearish candle. Kindly explain the absence of an imbalance during a sell confirmation at ""demand zone""",1,0,https://www.youtube.com/shorts/yaCM_cr5BXo,UgxUwmUwtzA8zMp8oph4AaABAg.ALXkI1o6SOkALXkfOEtWNI,youtube-data-api-v3/commentThreads.list,
1.943,psychology,youtube,"Since I started to learn trading I have realized that the most important things are patience and discipline, Waiting for the clear and right opportunity.",1,0,https://www.youtube.com/shorts/m-G1ag77aVc,UgxXFHVeuIHf06K84ON4AaABAg.AIsvSDfuAb4AIswOg6UnqT,youtube-data-api-v3/commentThreads.list,
1.943,risk_management,youtube,"Best practice is different from trader to trader.
Are you retail or are you coming from the instututional side,different psychologies,risk apetites.",1,0,https://www.youtube.com/shorts/THCxYD853JE,UgxesHRPPauhWxAGagl4AaABAg.AE4Q9bORkeaAHI0BMn6a2K,youtube-data-api-v3/commentThreads.list,
1.943,strategy_rules,youtube,"Thank you for the video, indicator and pdf file.",0,3,https://www.youtube.com/shorts/U8xH2dEgH5A,UgxiKNBkzvz2H-3v0Fd4AaABAg,youtube-data-api-v3/commentThreads.list,
1.943,education_gap,youtube,"I’ve been consistently profitable every month for the last 2 years in demo but can’t get to a payout in a prop firm. I know what mistakes I’m making but prop accounts are hard. If you can’t make money in demo, you definitely can’t make money from a prop firm",1,0,https://www.youtube.com/shorts/THCxYD853JE,UgxmYyl7B_OV0ZYkZT94AaABAg,youtube-data-api-v3/commentThreads.list,
1.943,strategy_rules,youtube,"if price goes for buy side liquidity, then retraces back, look for ote setups until higher time frame buy side liquidity is taken out.",1,0,https://www.youtube.com/shorts/1YRs4Z1lMws,Ugxrs7AUGKvc3eBV85d4AaABAg,youtube-data-api-v3/commentThreads.list,
1.943,strategy_rules,youtube,"Things have changed thanks to you,I didn't take a trade for whole 2 weeks bcz of no setup 

But I have made profits thanks to you",1,0,https://www.youtube.com/shorts/GKN-iVjJpyA,UgxxHyUPgeeF0197APB4AaABAg.AMzP2uj13n-ARWB0RiD8_6,youtube-data-api-v3/commentThreads.list,
1.943,education_gap,youtube,This was one of the best explanations and illustrations of market structure trading for me. You are a really good teacher at explaining these concepts. Thank you.,1,0,https://www.youtube.com/shorts/ygleB1CLhUE,Ugy-ejYMGg4Mfa8Ht8d4AaABAg,youtube-data-api-v3/commentThreads.list,
1.943,education_gap,youtube,"Hi brother, it's crazy how I discovered your channel through someone on X, now I see your take on supply and demand, and its almost the same with what I've learned teaching myself through different courses and trial and error gave me a kind of hope that my time is coming, but it's not exactly the same,there's still some difference maybe due to different experiences on the chart, but you explain more real life concepts than other ppl, like the multiple internal zones in the htf poi, but I usually go daily to h4 to 30mins, Anyway thanks for your content it's the real deal.",1,0,https://www.youtube.com/shorts/m-G1ag77aVc,Ugy1N0wgPmYQ1uq7O7h4AaABAg,youtube-data-api-v3/commentThreads.list,
1.943,education_gap,youtube,I've never seen a better video. Till date I watched so many videos and thought all these were BS until I saw this video. Such a pure gold. Thanks a lot for the very clear video explaining it very clearly ❤,1,0,https://www.youtube.com/shorts/yaCM_cr5BXo,UgyFA4YVSMNGOlUx2dR4AaABAg,youtube-data-api-v3/commentThreads.list,
1.943,strategy_rules,youtube,"Bruhhh, i can swear that so far in my journey of looking for a better mentor and setup, this is the best i have came across,  you smart bruh, and thanks for delivering this for free",1,0,https://www.youtube.com/shorts/GKN-iVjJpyA,UgyJj9xBm8ANtdFxHeN4AaABAg,youtube-data-api-v3/commentThreads.list,
1.943,psychology,youtube,"@sibusisovilani3284 
Agreed",1,0,https://www.youtube.com/shorts/0xygpCMwxbQ,UgyO5LbVHAXo00fW93l4AaABAg.9qIfvzd6nqV9qOO3hkOcGi,youtube-data-api-v3/commentThreads.list,
1.943,strategy_rules,youtube,"Please make a video with this strategy using multi TF
Good job man",1,0,https://www.youtube.com/shorts/9nRFcetXqkA,UgyhbsGDXROIAwmxQjp4AaABAg,youtube-data-api-v3/commentThreads.list,
1.943,education_gap,youtube,"@JeaFx, I was such an emotional trader. After watching your videos, I realize it was my lack of understanding that caused by emotional trading. I'm 90% less emotional now that I know how to set up my trades. Bad habits take time to break but I'm almost there. Thank you.",1,0,https://www.youtube.com/shorts/9nRFcetXqkA,UgyirXyQbO8TYDKMJXB4AaABAg,youtube-data-api-v3/commentThreads.list,
1.943,education_gap,youtube,The first brake of the orb indicates the direction of the market for the session! So I think that's why he opens a trade even if the price returned into the range,1,0,https://www.youtube.com/shorts/rBLL6lm0vkk,UgyoDPaCULh9I682UYZ4AaABAg.AOcLF9794VHARXQjrV4_7I,youtube-data-api-v3/commentThreads.list,
1.943,education_gap,youtube,"Brillian Video, as someone who has been rrading for a while now now it was much easier to understand this video cause this is what I've come to learn as i gain more experience trading. Icing on the Cake.",1,0,https://www.youtube.com/shorts/990oOC-bHxA,UgyrqVF8-Tlzxn2LEK94AaABAg,youtube-data-api-v3/commentThreads.list,
1.943,entry_timing,youtube,"I’m currently studying the trading process before entering into the market. This video by far is the most comprehensive video, I’ve watched. Currently in a 3 day training class, which the instructor started speaking in “ Japanese”, couldn’t understand. You made a difference in my understanding, I still need to watch this repeatedly, to take it all in. Thank you sir.",1,0,https://www.youtube.com/shorts/JD_sWSjIiJE,UgysBnxgch4_7p89FeB4AaABAg,youtube-data-api-v3/commentThreads.list,
1.943,risk_management,youtube,Right I was watching Videos on my way to sleep and while I sleeping I heard this video woke up and had to subscribe,1,0,https://www.youtube.com/shorts/ygleB1CLhUE,Ugz0So2aPwATHBujPX94AaABAg.ANZrSdhd7nCARs99JUVF80,youtube-data-api-v3/commentThreads.list,
1.943,education_gap,youtube,i always mess up gold sizing without thinking but this pullback nailed why it matters.,1,0,https://www.youtube.com/shorts/9nRFcetXqkA,Ugz0ojkRVjxVZ1h8gfB4AaABAg,youtube-data-api-v3/commentThreads.list,
1.943,strategy_rules,youtube,"According to my trading strategy EURUSD will go down, USDCHF up, GBPUSD up, EURAUD up, EURJPY up, USDJPY up, AUDUSD down, NZDUSD down, USDCAD up.",1,0,https://www.youtube.com/shorts/G2THP1LGPB0,Ugz1o2ekyT2FeBOhaa94AaABAg,youtube-data-api-v3/commentThreads.list,
1.943,strategy_rules,youtube,He used the 15 min timeframe,1,0,https://www.youtube.com/shorts/JhBX0TQ41H8,UgzAfUF0u_0x0clztDV4AaABAg.AALxupz5TsDATW3lIwdClJ,youtube-data-api-v3/commentThreads.list,
1.943,risk_management,youtube,Without a doubt! Rolando Mario is a trader who goes above and beyond. he has an exceptional skill for analyzing market movements and spotting profitable opportunities. his strategies are meticulously crafted based on thorough research and years of practical experience.,1,0,https://www.youtube.com/shorts/ygleB1CLhUE,UgzFsw3HuFMXZKATbIB4AaABAg.ATCzajDRQxAATD-67w8iAe,youtube-data-api-v3/commentThreads.list,
1.943,strategy_rules,youtube,17:18 Whan will sell with this strategy video is coming,1,0,https://www.youtube.com/shorts/JL7HdUKRxfI,UgzUWYDywkw3Ounjvfp4AaABAg,youtube-data-api-v3/commentThreads.list,
1.943,risk_management,youtube,"In the thumbnail, the stop loss wat hit as seen in the low of the green candle",1,0,https://www.youtube.com/shorts/JL7HdUKRxfI,UgzWnvPSCpHajZnty8F4AaABAg,youtube-data-api-v3/commentThreads.list,
1.943,education_gap,youtube,"I'm favoured financially, Thank you Jesus $10,200 weekly profit regardless of how bad it gets on the economy.",1,0,https://www.youtube.com/shorts/JD_sWSjIiJE,UgzZkD_GcGswRntcOl14AaABAg.AK8SnnuGr8bAK8TC3JaVfq,youtube-data-api-v3/commentThreads.list,
1.943,risk_management,youtube,"all my stop losses get hit cause of this liquidity thing ,thank you for opening my eyes🔥🔥🔥🔥",1,0,https://www.youtube.com/shorts/9nRFcetXqkA,UgzazefL3TDbBi8iCgt4AaABAg,youtube-data-api-v3/commentThreads.list,
1.943,entry_timing,youtube,"Amazing video man, next should be about entry techniques !",1,0,https://www.youtube.com/shorts/6zTz7WMdMWg,UgzeGLem_KvJcFjbfpV4AaABAg,youtube-data-api-v3/commentThreads.list,
1.943,strategy_rules,youtube,So good strategy bro....😮❤,1,0,https://www.youtube.com/shorts/I29peidTQxU,UgzgKJI5S9wdzd0Lksl4AaABAg,youtube-data-api-v3/commentThreads.list,
1.943,strategy_rules,youtube,Pls give strategy to complete tha chalange,1,0,https://www.youtube.com/shorts/THCxYD853JE,Ugzpil5wsPO2OaHTPah4AaABAg,youtube-data-api-v3/commentThreads.list,
1.943,strategy_rules,youtube,"I agree, I pretty much just got to the point to where hell ima just come up with my own strategy and own loophole around it with no video advice",1,0,https://www.youtube.com/shorts/B_dVwXYQ-oc,Ugzs1XoTRpJVnp8azgl4AaABAg.APDo8cjyrhyAQHZwCcYRoq,youtube-data-api-v3/commentThreads.list,
1.943,education_gap,youtube,"Thanks Jea, good break down of the structure. I would go over the charts see the trend place my order get stopped out, with the move against me 20-45 minutes later goes in the direction, now I know why inducement to grab the liquidity  to push it in the direction of the trend",1,0,https://www.youtube.com/shorts/9nRFcetXqkA,UgzzCFU9gxQ5BBOPEKB4AaABAg,youtube-data-api-v3/commentThreads.list,
1.943,education_gap,youtube,By far the best video for understanding and reading candles. It took 5 separate videos from other respected content creators to do what you just did in 27 minutes. And thank you for the Real Market Context!,1,0,https://www.youtube.com/shorts/990oOC-bHxA,UgzzKAkzDRcHHUW304Z4AaABAg,youtube-data-api-v3/commentThreads.list,
1.847,strategy_rules|education_gap,youtube,"Solid video, excellent indicator. Honestly somehow cleaner than all the lines on my charts.",0,1,https://www.youtube.com/shorts/U8xH2dEgH5A,UgwaOxn5lrtTWak56iZ4AaABAg,youtube-data-api-v3/commentThreads.list,
1.847,entry_timing|education_gap,youtube,Sir please make one video on daily candle entry how we take intery one daily low or higher target,0,1,https://www.youtube.com/shorts/YESqIoA7Wyg,Ugx7RvNjWnJtTS1hq3d4AaABAg,youtube-data-api-v3/commentThreads.list,
1.847,risk_management|education_gap,youtube,God you really just make it seem so easy... and when I watch em I see it is... I just don't know what happens to me when I sit in front of my ES chart 😢... keep trying I guess. Another fabulous video. I think I may have to switch to the 5min.. its just I have has sucsess on the 1min...i would love to trade the 15 minute but I just always feel like my risk is going to be massive on the HTFs. As you can see I get conflicted a lot lol,0,1,https://www.youtube.com/shorts/1YRs4Z1lMws,UgxPwhJdyMIVNq7J2MF4AaABAg,youtube-data-api-v3/commentThreads.list,
1.847,strategy_rules|education_gap,youtube,Another banger video with easy explanations... Would be awesome if you had a video about the Silver Bullet strategy! Almost every source seems to explain it differently.,0,1,https://www.youtube.com/shorts/0xygpCMwxbQ,UgxWmvfGHw4BENKKFCd4AaABAg,youtube-data-api-v3/commentThreads.list,
1.847,strategy_rules|education_gap,youtube,"The way you explained market structure (higher highs, higher lows, etc.) makes it much easier to understand price movement. This is something every beginner trader should learn before focusing on indicators. Great lesson! 📈",0,1,https://www.youtube.com/shorts/LclxDYccla8,Ugy0FVvANDztQZgG_RJ4AaABAg,youtube-data-api-v3/commentThreads.list,
1.75,risk_management|psychology|education_gap,youtube,"Really solid breakdown 🔥 This is the kind of trading content people need to see, not just the wins, but the process behind the outcome. What stood out for me is the discipline and how you managed risk throughout the trade. That’s what separates consistent traders from gamblers. Too many people focus only on entries, but this shows how important execution, patience, and psychology are. Keep sharing this type of value, it’s very educational and realistic 💯",0,0,https://www.youtube.com/shorts/sclIAK3x2dw,Ugy8TYs0fUBWDsotC_x4AaABAg,youtube-data-api-v3/commentThreads.list,
1.75,entry_timing|strategy_rules|education_gap,youtube,"Price action is fractal. Aka it works on all timeframe. However make sure you do top down analysis for clear Point of interest, liquidity and bias. Entry and confirmation  on small timeframe",0,0,https://www.youtube.com/shorts/m-G1ag77aVc,UgyS18DNm_rex8OaLIl4AaABAg.AUM10EJE6OBAUbrkQbJAUU,youtube-data-api-v3/commentThreads.list,
1.75,risk_management|psychology|education_gap,youtube,"@TradewithPat They matter because you will bearly feel emotions when you dont have the risk of money on the line. Lets say you are profitable on demo, as soon as real money comes into it and you take a loss you start to doubt that it works and that demo is a scam etc. There is bearly anything in the world that triggers emotions from humans like loosing and or gaining money. I started trading 3 years ago on live and the biggest thing that always made me an unprofitable trader was my emotions getting the better of me, I had to learn how to control it, this would have never happened without the risk of loosing real money. BTW I want to make it very clear, Im not a hater, I like your content its just something I have always disagreed with when any trader says it. Have a blessed day pat.",0,0,https://www.youtube.com/shorts/THCxYD853JE,UgzeQs0-kzKCNzfy-9t4AaABAg.A8f2KeQaAx1A8f877eiJug,youtube-data-api-v3/commentThreads.list,
1.597,education_gap,youtube,"AN EXCELLENT TUTORIAL WHICH IS VERY MUCH EFFECTIVE, THANKS A LOT PAT",0,1,https://www.youtube.com/shorts/R9yZSDpdCGE,Ugw1LYNMRmyHmdUZbNV4AaABAg,youtube-data-api-v3/commentThreads.list,
1.597,education_gap,youtube,"Now that was an educational video. I'd love to see more failed trades, and the analysis behind why they failed. Most YT is just showing successful trades. 👍",0,1,https://www.youtube.com/shorts/R9yZSDpdCGE,UgwKMyheL2c8WeF6Q0t4AaABAg,youtube-data-api-v3/commentThreads.list,
1.597,education_gap,youtube,No body can better explain than ttrades even a 5 years old child can understand this,0,1,https://www.youtube.com/shorts/DMUiDBnTYc8,UgwUbNg-8et-bWBnWYp4AaABAg,youtube-data-api-v3/commentThreads.list,
1.597,education_gap,youtube,"Bro your explaination skills are very simple and into the point... that gives me a great understading of market liquidity.
🔔Notification is enabled from India 👍🇮🇳",0,1,https://www.youtube.com/shorts/YESqIoA7Wyg,UgwWBeXA1Tjv0k53B9h4AaABAg,youtube-data-api-v3/commentThreads.list,
1.597,education_gap,youtube,Not a bad idea to get familiar with the tool and how to chart but i respectfully disagree paper trading is nothing like trading when money is on the line,0,1,https://www.youtube.com/shorts/THCxYD853JE,UgwjvRToSN7VYtoa7dV4AaABAg,youtube-data-api-v3/commentThreads.list,
1.597,education_gap,youtube,This is a GREAT video!! It simplifies the nearest daily bias and how to frame your trades for the day. It breaks down the Daily bias that can often be confusing! It is the first step in the larger narrative.,0,1,https://www.youtube.com/shorts/6zTz7WMdMWg,Ugwwr2Jy7kHeKCP7ZtN4AaABAg,youtube-data-api-v3/commentThreads.list,
1.597,education_gap,youtube,"I agree with this,the flip side is no matter how good you get in a sim you do at the next step need some kind of skin in the game otherwise the pure sim will always be to easy.

New retail traders  should never go for prop firms right out of the gate,trade a few years wih your own ,money and get time in the markets which is the most important variable.

i do not think everyone has it in them to do short term trading ,a  majority ends up losing a lot of money andn ends up thinking its something wrong with them often,",0,1,https://www.youtube.com/shorts/THCxYD853JE,Ugwye6PvS4D8FDHc9AF4AaABAg,youtube-data-api-v3/commentThreads.list,
1.597,risk_management,youtube,Idk if you recognize me from your discord but ive been there since the beginning and even a bit before on your YouTube. I have to say that im still not taking trades but thats because my learning journey is very slow. Still it wasn't till recently that bias finally clicked for me and i then realized i was missing something else. It was OB's. Once i surmount this lesson im sure it will be something else but for now your explanation has once again opened my eyes. Thank you sir. I hope you are getting sufficient compensation for teaching us the things you know. I am proud to call you my mentor.,0,1,https://www.youtube.com/shorts/DMUiDBnTYc8,Ugx0coRFryiNJsekmLB4AaABAg,youtube-data-api-v3/commentThreads.list,
1.597,education_gap,youtube,"For someone who has a short attention span with whatever I do TT trades is perfect for me, I learn and understand fast compared to ICT, or Fractal flows. Thank you so much",0,1,https://www.youtube.com/shorts/DMUiDBnTYc8,Ugx2ZejsjGlb-6A2Ybt4AaABAg,youtube-data-api-v3/commentThreads.list,
1.597,strategy_rules,youtube,"Hi Pat Do love this strategy could I ask you a favour would it be possible to make a PDF file of the complete steps of the strategy,that would be appreciated by all your members.😀",0,1,https://www.youtube.com/shorts/R9yZSDpdCGE,Ugx76qnu2BFzWeRKS2l4AaABAg,youtube-data-api-v3/commentThreads.list,
1.597,strategy_rules,youtube,"omg,,,, thanks for the indicator u really made it easy bless u",0,1,https://www.youtube.com/shorts/U8xH2dEgH5A,UgxE9bPV3SMaEqcaLD94AaABAg,youtube-data-api-v3/commentThreads.list,
1.597,education_gap,youtube,Bro - you have just cleared things up for me. This may just be what was missing for me. I will backtest this as well. Thank you so much TTrades I appreciate it alot. Kudos from Zimbabwe,0,1,https://www.youtube.com/shorts/6zTz7WMdMWg,UgxHxAQc7csfdTJBrYx4AaABAg,youtube-data-api-v3/commentThreads.list,
1.597,strategy_rules,youtube,Yo Pat in the Hat! Appreciate all your teaching efforts. Ill definitely try the ORB strategy! Peace and Love❤,0,1,https://www.youtube.com/shorts/R9yZSDpdCGE,UgxI-48vC7Ki-vfFueV4AaABAg,youtube-data-api-v3/commentThreads.list,
1.597,strategy_rules,youtube,"Wonderful one boss, thanks for building my confidence with this powerful setup. I've been finding it difficult with my entries on this particular setup, thanks a lot ❤",0,1,https://www.youtube.com/shorts/0xygpCMwxbQ,UgxMMF3yOkFdflvUecl4AaABAg,youtube-data-api-v3/commentThreads.list,
1.597,education_gap,youtube,"This was fun to watch. Since their signals are clearly garbage, I wonder who's posting them and for what reason.",0,1,https://www.youtube.com/shorts/G2THP1LGPB0,UgxOZuuQY-JN-zoictt4AaABAg,youtube-data-api-v3/commentThreads.list,
1.597,education_gap,youtube,"Just came across your channel, This is absolutely gold and very well explained. Thankyou!",0,1,https://www.youtube.com/shorts/U8xH2dEgH5A,UgxU4su1Sptf9aAEzmx4AaABAg,youtube-data-api-v3/commentThreads.list,
1.597,education_gap,youtube,"Not been subscribed long but watched a lot of your videos, and i can tell you that you explain things like no other. Thank you so much for what you do sir you truly are amazing",0,1,https://www.youtube.com/shorts/DMUiDBnTYc8,UgxUZvwGRrCX5IZbY3N4AaABAg,youtube-data-api-v3/commentThreads.list,
1.597,entry_timing,youtube,Thank you brother.  May the big man upstairs continue to bless you.  Can you do another video with more examples on when to enter.  🙏,0,1,https://www.youtube.com/shorts/q1NmxUTm4n4,UgxjIbVKEjsRDGPAif94AaABAg,youtube-data-api-v3/commentThreads.list,
1.597,education_gap,youtube,"Good explain TTrader, Very much thank you...",0,1,https://www.youtube.com/shorts/U8xH2dEgH5A,UgxlaOoWmXAYQCLtKnx4AaABAg,youtube-data-api-v3/commentThreads.list,
1.597,strategy_rules,youtube,"I'm using the same strategy and it's working, but not all times.",0,1,https://www.youtube.com/shorts/I29peidTQxU,Ugxr9t-MdHl8jlkbAfN4AaABAg,youtube-data-api-v3/commentThreads.list,
1.597,entry_timing,youtube,"You truly are the best ICT educator on YouTube..I hope you have plans to expand your enterprise..I would really like to be part of a mentorship program that you might consider offering…you really are a champion. Thanks for all the hard work and such clear, concise educational content!",0,1,https://www.youtube.com/shorts/_94CPMjWi9E,UgyPyRleEPbHQ4bMKGR4AaABAg,youtube-data-api-v3/commentThreads.list,
1.597,strategy_rules,youtube,"All i see everywhere is box setup, BOX BOX BOX everywhere, everyday and it won't stop lol",0,1,https://www.youtube.com/shorts/YESqIoA7Wyg,Ugyi2xIi9EKiG4_Yfvh4AaABAg,youtube-data-api-v3/commentThreads.list,
1.597,education_gap,youtube,"Watching the daily time frame... 
Why when I'm a scalper. I never look at the daily. 1,3,5 and 15 min.",0,1,https://www.youtube.com/shorts/aArQnVsJpLA,UgymOVTAfxvJ11YINSF4AaABAg,youtube-data-api-v3/commentThreads.list,
1.597,strategy_rules,youtube,very nice strategy logic behind is good pat definely a honest trader much love i will continue supporting❤,0,1,https://www.youtube.com/shorts/B_dVwXYQ-oc,UgysU-OH84eyH_knir14AaABAg,youtube-data-api-v3/commentThreads.list,
1.597,strategy_rules,youtube,Bro changing strategy every day,0,1,https://www.youtube.com/shorts/R9yZSDpdCGE,UgzKbP44Nc3le5XafuR4AaABAg,youtube-data-api-v3/commentThreads.list,
1.597,strategy_rules,youtube,Another open range indicator trader 👍,0,1,https://www.youtube.com/shorts/rBLL6lm0vkk,UgzVIzf0vcCjARhs9zZ4AaABAg,youtube-data-api-v3/commentThreads.list,
1.597,strategy_rules,youtube,best video on liquidity strategy,0,1,https://www.youtube.com/shorts/sclIAK3x2dw,UgzqrK2LkHJ6ttkvV1d4AaABAg,youtube-data-api-v3/commentThreads.list,
1.597,strategy_rules,youtube,Best explanation ever !!! but just wanted to know which pairs should we mainly focus at for this strategy,0,1,https://www.youtube.com/shorts/U8xH2dEgH5A,UgzvKYvJcn0GuHVtSnp4AaABAg,youtube-data-api-v3/commentThreads.list,
1.597,strategy_rules,youtube,"The First Pullback Strategy, Awesome!!!🔥🔥🔥🔥🔥🤘🏽",0,1,https://www.youtube.com/shorts/R9yZSDpdCGE,Ugzzv7HMbhBrSYEymYt4AaABAg,youtube-data-api-v3/commentThreads.list,
1.5,risk_management|strategy_rules,youtube,"If you’re losing money trading on your own, that’s a clear sign to pause and reassess. Trading isn’t just clicking buttons—it’s about strategy, psychology, and risk management. Learning from someone experienced can save you years of pain.",0,0,https://www.youtube.com/shorts/yaCM_cr5BXo,Ugw92VPK8c3Hxqx0sel4AaABAg.AJwfF42ejeuAJwgOLNRlw5,youtube-data-api-v3/commentThreads.list,
1.5,risk_management|education_gap,youtube,😂😂😂 The video is that insightful it's funny how I didn't understand it as much previously,0,0,https://www.youtube.com/shorts/g3oDYq4P9ZE,Ugw9ITSc_jMKody2YeR4AaABAg,youtube-data-api-v3/commentThreads.list,
1.5,strategy_rules|education_gap,youtube,Thats more like how to lose money strategy,0,0,https://www.youtube.com/shorts/nkMzaQqpFbw,UgwBuB8oZJBB5E5nvcB4AaABAg.AQJX3FAtHh4AXCRvhKulaE,youtube-data-api-v3/commentThreads.list,
1.5,strategy_rules|education_gap,youtube,⁠@matthewobiadi6001 yeah until the manipulation starts to happen and it all comes down 😂🎉. That’s why no strategy can beat FVG,0,0,https://www.youtube.com/shorts/ygleB1CLhUE,UgwBxz1OI-p88JkZCbJ4AaABAg.AJbOtw8cSlkAKpCMtPcwYq,youtube-data-api-v3/commentThreads.list,
1.5,strategy_rules|education_gap,youtube,💯 The way you explained market structure here is clean! Too many people trade without understanding higher timeframe bias.,0,0,https://www.youtube.com/shorts/LclxDYccla8,UgwG19Pu_9thgcIT6dd4AaABAg,youtube-data-api-v3/commentThreads.list,
1.5,entry_timing|strategy_rules,youtube,"On an ideal setup where the raid occurs near PD arrays, I mark BB as an initial bumper to support the trend, look for CISD, mark OB to identify an entry along with fvg where applicable, and enter a trade when MSS is confirmed. In case I miss the initial OTE, I monitor the PA to identify 2nd/3rd entry using MBs",0,0,https://www.youtube.com/shorts/DMUiDBnTYc8,UgwHVYn6h8La9772hXl4AaABAg,youtube-data-api-v3/commentThreads.list,
1.5,entry_timing|education_gap,youtube,what i would love is to get some insights about your thoughts before entering a position and how you do enter!,0,0,https://www.youtube.com/shorts/1YRs4Z1lMws,UgwKaYbde9vBrnWVI3V4AaABAg,youtube-data-api-v3/commentThreads.list,
1.5,entry_timing|education_gap,youtube,"One thing I've learned from the market is that success isn't just about timing, it's about spotting the right opportunities and having the right mentor by your side. That's what also keeps you steady during dips like this.",0,0,https://www.youtube.com/shorts/pq9qObptK9E,UgwR6PfPfz9fafApe-14AaABAg.AbM88oWpXQ7AbM9FuUcqcH,youtube-data-api-v3/commentThreads.list,
1.5,risk_management|education_gap,youtube,@TTrades_edu always bro! Caught a 46 pip move this morning with no drawdown! This was exactly what I needed!,0,0,https://www.youtube.com/shorts/6zTz7WMdMWg,UgwfL_fzTdUcR32qslp4AaABAg.9tFtzx4OSI-9tHGkIdVewX,youtube-data-api-v3/commentThreads.list,
1.5,risk_management|education_gap,youtube,Great video thanks. Such a beginner I would need to look at all settings first to see how it is trading and risks,0,0,https://www.youtube.com/shorts/TvWks6oJ-9U,Ugwl8aRYKok43qx8lJV4AaABAg,youtube-data-api-v3/commentThreads.list,
1.5,strategy_rules|education_gap,youtube,Please what's ICT is it an indicator,0,0,https://www.youtube.com/shorts/nkMzaQqpFbw,UgwljD72iIe5Rpt2FYp4AaABAg.APpUwSW0Wc4ARyUVhgLRyd,youtube-data-api-v3/commentThreads.list,
1.5,risk_management|entry_timing,youtube,"As a beginner investor, it’s essential for you to have a mentor to keep you accountable.
 Chris James is my trade analyst, he has guided me to identify key market trends, pinpointed strategic entry points, and provided risk assessments, ensuring my trades decisions align with market dynamics for optimal returns .",0,0,https://www.youtube.com/shorts/g3oDYq4P9ZE,Ugx0KWI1UFJAcslxmgJ4AaABAg.AUMNOLymKuwAUMNXkqAOVi,youtube-data-api-v3/commentThreads.list,
1.5,entry_timing|education_gap,youtube,"One thing I've learned from the market is that success isn't just about timing, it's about spotting the right opportunities and having the right mentor by your side. That's what also keeps you steady during dips like this.",0,0,https://www.youtube.com/shorts/wIyZcY6kNuo,Ugx7IgsnY9PqLMwnYtF4AaABAg.AXm1PNmkrF4AXm1iBSy-0C,youtube-data-api-v3/commentThreads.list,
1.5,strategy_rules|education_gap,youtube,"Super thorough! Much appreciated on another masterpiece video.

What I'd like to see is another video that combine fail scenarios where the PAs don't respect ICT/fractal, and your approach on replanning for the strategy.

As always, thank you so much for creating these vids!",0,0,https://www.youtube.com/shorts/6zTz7WMdMWg,Ugx7jlR4FMsEtdouRkZ4AaABAg,youtube-data-api-v3/commentThreads.list,
1.5,risk_management|entry_timing,youtube,"same, the biggest difference is that they actually give clear entry, SL and TP levels",0,0,https://www.youtube.com/shorts/wIyZcY6kNuo,Ugx7rL-Ijj8tlBhJ9jx4AaABAg.AULmRpcjGDUAYNNAtxIShF,youtube-data-api-v3/commentThreads.list,
1.5,strategy_rules|education_gap,youtube,"Thank you. Now I’m watching your latest videos and it’s very clear how your strategy has changed and progressed. It has also become easier, it seems to me",0,0,https://www.youtube.com/shorts/0xygpCMwxbQ,Ugx99PmPfsErNtUnMp94AaABAg,youtube-data-api-v3/commentThreads.list,
1.5,psychology|education_gap,youtube,"26:24 that's exactly what I have been doing the whole time. Now, thanks to this video, I can be more discipline and less lazy",0,0,https://www.youtube.com/shorts/GKN-iVjJpyA,UgxOR-NhefNg92ylJSl4AaABAg,youtube-data-api-v3/commentThreads.list,
1.5,broker_platform|education_gap,youtube,I’m new how is it going on your end and who do you suggest as a broker 🤔,0,0,https://www.youtube.com/shorts/9nRFcetXqkA,UgxSK6rm-4w-ZQqiGnV4AaABAg.AQcpeKSEI04ASlyqKlsdo5,youtube-data-api-v3/commentThreads.list,
1.5,risk_management|entry_timing,youtube,"As a beginner investor, it’s essential for you to have a mentor to keep you accountable.
EVAN DENNIS is my trade analyst, he has guided me to identify key market trends, pinpointed strategic entry points, and provided risk assessments, ensuring my trades decisions align with market dynamics for optimal returns.",0,0,https://www.youtube.com/shorts/m-G1ag77aVc,UgxXFHVeuIHf06K84ON4AaABAg.AIsvSDfuAb4AIswYkip_6t,youtube-data-api-v3/commentThreads.list,
1.5,strategy_rules|education_gap,youtube,You could wait til you're blue in the face waiting for a setup like you've shown.,0,0,https://www.youtube.com/shorts/B_dVwXYQ-oc,UgxYqiSXQ9Nsce8stvd4AaABAg,youtube-data-api-v3/commentThreads.list,
1.5,strategy_rules|education_gap,youtube,You explained this so well it's almost insane I couldn't make this work. Nice my trading strategy is complete now. Thanks a lot. I'm subscribing right now.,0,0,https://www.youtube.com/shorts/9nRFcetXqkA,Ugx_MjIpVVUOR8lSk0d4AaABAg,youtube-data-api-v3/commentThreads.list,
1.5,strategy_rules|broker_platform,youtube,"Hey, I saw your comment about trading tools. I'm a developer working on an AI-powered indicator for TradingView (runs on macOS). It's currently in beta, but I'm offering a free 5-day trial for testers. If you're on a Mac, I can send you a link. Let me know!",0,0,https://www.youtube.com/shorts/9nRFcetXqkA,UgxlI4BVIJvtp7Il4r94AaABAg.AJLcQaHd2pLATqbiSIqjUB,youtube-data-api-v3/commentThreads.list,
1.5,risk_management|strategy_rules,youtube,"@TradewithPat  actualy im crypto trader, and i make 10% per month consistent with very low risk strategy, but there are a lot of complaining about FTMO, once you request a withdrawal, they may block your account...",0,0,https://www.youtube.com/shorts/THCxYD853JE,UgxpIJZlqd9wvm1Q0l94AaABAg.ACJIvmlFY-uACJjhlgWXIp,youtube-data-api-v3/commentThreads.list,
1.5,entry_timing|education_gap,youtube,@TajAlSirWadAlNeel yeah but that is why you use premium and discount to support your theory it is not a stand alone once it gives you a direction you look for evidence to support that if you are bearish before you enter the London session you want to see price trade into its current range premium into a PD array taking time based liquidity then displace and then you look for confirmation with DXY and you look for an imbalance or a low in the discount. Market moves on liquidity so if you understand what direction liquidity is taken you can tell 90% of the time where it wants to go and you look for a 1:2RR and you do this every session and you will be fine on any funded challenge,0,0,https://www.youtube.com/shorts/6zTz7WMdMWg,Ugxpjk1U_CKu4DjdR_F4AaABAg.9tARnFLvc9a9wUaT5VNzBh,youtube-data-api-v3/commentThreads.list,
1.5,strategy_rules|education_gap,youtube,Candles on what timeframe you wally 🤣,0,0,https://www.youtube.com/shorts/rBLL6lm0vkk,Ugy2niWUL6EW_6EC-594AaABAg,youtube-data-api-v3/commentThreads.list,
1.5,strategy_rules|education_gap,youtube,Supply and demand explained clearly—great strategy.,0,0,https://www.youtube.com/shorts/B_dVwXYQ-oc,Ugy3X7Nb_w7TbB3RqYZ4AaABAg,youtube-data-api-v3/commentThreads.list,
1.5,strategy_rules|education_gap,youtube,"Finally a internal SMC strategy revealed... i have been seeing this, but becareful to note what the overall state of the market structure is, it can go left to in agreement with a higher time frame.",0,0,https://www.youtube.com/shorts/m-G1ag77aVc,Ugy8ZJ29Je9vUQvZqYl4AaABAg,youtube-data-api-v3/commentThreads.list,
1.5,strategy_rules|education_gap,youtube,"📊 Amazing strategy breakdown! Really appreciate how you explained the 3-step supply & demand method in a simple way that even beginners can follow 
 super valuable content! 👏🔥",0,0,https://www.youtube.com/shorts/nkMzaQqpFbw,UgyELomnbCaX2NeORY14AaABAg,youtube-data-api-v3/commentThreads.list,
1.5,strategy_rules|psychology,youtube,Perfect entries aren’t about guessing they’re about aligning with market structure and executing with discipline. Fastbull makes spotting those high probability setups way smoother.,0,0,https://www.youtube.com/shorts/m-G1ag77aVc,UgyNfIR5MOVupuDYJe14AaABAg,youtube-data-api-v3/commentThreads.list,
1.5,strategy_rules|education_gap,youtube,"Timeframe, I spend most of my time on the 30m but keep in mind they’re all showing the same thing just in different scales. Try to see that and look at the 30, the 1hr then 4h. I like the 4h to get the best visual representation of the day because it cleans up the mess. I don’t like looking at tons of candles while the 4h shows me what I need which is how far up or down we went that day. I use Robinhood for now cuz it’s easy for me to use but there’s benefits to using tda as opposed to rh. The last 30min rh exercises your contracts automatic.",0,0,https://www.youtube.com/shorts/JhBX0TQ41H8,UgyS3zCQqCSQX6JA_SV4AaABAg.AGQ9EuMvN8vAPF8vLUph_j,youtube-data-api-v3/commentThreads.list,
1.5,risk_management|broker_platform,youtube,Stumbled on your videos a few days ago on my journey and I love them. Looking for the best way to start. Im using MT5 demo account(testing everything out) and learning the ins and out. In 3 months I hope to be trading with real money. With more confidence and more knowledge. Right now Im just learning things on MT5. I cant seem to figure out the TP’s and the SL. Using the mobile app atm because my pc is down. But Im slowly learning. Always looking for tips. Thank you for breaking everything down a lil easier for me.,0,0,https://www.youtube.com/shorts/nkMzaQqpFbw,UgyV5mfI_05cq3GauHZ4AaABAg,youtube-data-api-v3/commentThreads.list,
1.5,risk_management|education_gap,youtube,"I focus on liquidity sweep as last session and use scalp as shown in videos but some times market is not  in regular trend , mAnupulation candles hit stop loss move towards target ..more advanced market structure like Accumulation , manipulation , distribution ( AMC ) trap trading works , liquidity sweeps ,BOS , COCH , order block , volumes etc works ...etc however making money through trading is a tough job but not impossible",0,0,https://www.youtube.com/shorts/LclxDYccla8,UgyV6JofinBuDH3NkUB4AaABAg,youtube-data-api-v3/commentThreads.list,
1.5,strategy_rules|broker_platform,youtube,"Hey, I saw your comment about trading tools. I'm a developer working on an AI-powered indicator for TradingView (runs on macOS). It's currently in beta, but I'm offering a free 5-day trial for testers. If you're on a Mac, I can send you a link. Let me know!",0,0,https://www.youtube.com/shorts/9nRFcetXqkA,UgyjBIqqQqT9K5rmMel4AaABAg.AMnGJ03L1fEATqbirBnqpX,youtube-data-api-v3/commentThreads.list,
1.5,entry_timing|education_gap,youtube,My only question with a smaller account what 5-7 stocks should you watch consistently and find the times to enter or is there scanner settings to find different stocks daily,0,0,https://www.youtube.com/shorts/JL7HdUKRxfI,Ugytody0XFi7k-Y3rdl4AaABAg,youtube-data-api-v3/commentThreads.list,
1.5,risk_management|entry_timing,youtube,"As a beginner investor, it’s essential for you to have a mentor to keep you accountable.
 Rolando Mario is my trade analyst, he has guided me to identify key market trends, pinpointed strategic entry points, and provided risk assessments, ensuring my trades decisions align with market dynamics for optimal returns .",0,0,https://www.youtube.com/shorts/GKN-iVjJpyA,Ugz41jO8Y1Cal0Q-nXF4AaABAg.ATCFM7fBPONATCFagV4L2A,youtube-data-api-v3/commentThreads.list,
1.5,entry_timing|education_gap,youtube,Hey bro Can you share How do you confirm your entry after daily bias thankyu,0,0,https://www.youtube.com/shorts/g3oDYq4P9ZE,Ugz5TwIWiR3zkTNgeYJ4AaABAg.9svCNelPaGbAIkA0M6BQeJ,youtube-data-api-v3/commentThreads.list,
1.5,broker_platform|education_gap,youtube,Pleaseeeeeeeeeee Pat make a video on how you use TradingView properly for beginners,0,0,https://www.youtube.com/shorts/JL7HdUKRxfI,UgzIbVYdWQYf3dy4KjZ4AaABAg,youtube-data-api-v3/commentThreads.list,
1.5,strategy_rules|education_gap,youtube,"From what Pat’s saying, I think the Supply and Demand strategy is pretty solid. I just need to focus on the right sessions. I’m in Morocco, so the London and New York sessions start around 2 and 3 PM for me. I should really take advantage of that time, because like you said, Pat, Supply and Demand zones work really well when the market is trending up or down.",0,0,https://www.youtube.com/shorts/rBLL6lm0vkk,UgzMd-_bTF6y_yXVpml4AaABAg,youtube-data-api-v3/commentThreads.list,
1.5,strategy_rules|education_gap,youtube,"Thanks Pat.  This is an easy and well explained strataegy, however, the Marubozu candle indicator you used makes it look a lot muddled up.  I'd rather you do a bare indication candle to make it easier to spot, especially for new traders on here.",0,0,https://www.youtube.com/shorts/B_dVwXYQ-oc,UgzQobAhGwtgWem5vv54AaABAg,youtube-data-api-v3/commentThreads.list,
1.5,strategy_rules|broker_platform,youtube,"Hey, I saw your comment about trading tools. I'm a developer working on an AI-powered indicator for TradingView (runs on macOS). It's currently in beta, but I'm offering a free 5-day trial for testers. If you're on a Mac, I can send you a link. Let me know!",0,0,https://www.youtube.com/shorts/9nRFcetXqkA,UgzZmGGDAqYuLrtOLsB4AaABAg.AJLdGuseJozATqbjGALEBH,youtube-data-api-v3/commentThreads.list,
1.5,broker_platform|education_gap,youtube,"i agree, trading on demo vs trading live in normal brokers vs prop challenges. The pressure is just different because we pay for a challenge and trade based on the fee. It is different than just trading on demo with less pressure. he probably has never taken a challenge and has no clue what is realistic,",0,0,https://www.youtube.com/shorts/THCxYD853JE,UgzeQs0-kzKCNzfy-9t4AaABAg.A8f2KeQaAx1A9M0C80p-y8,youtube-data-api-v3/commentThreads.list,
1.25,education_gap,youtube,"Absolutely Josh'' , it’s best you try out what works for you, understand it and stick to it. With the right guide and skill one can definitely achieve trade success.",0,0,https://www.youtube.com/shorts/JhBX0TQ41H8,Ugw2e9kPNM_AI63KrIx4AaABAg.AGvgb6YTqvPAGvh9-h_eAh,youtube-data-api-v3/commentThreads.list,
1.25,strategy_rules,youtube,"The very day I came across your video has been a blessing ,your teaching is simple, understanding and I having that strong feeling that i have really come across the real strategy that my soul has been looking out for,be bless bro,much appreciate.",0,0,https://www.youtube.com/shorts/yaCM_cr5BXo,Ugw3HZ-351ddI2UCqkd4AaABAg,youtube-data-api-v3/commentThreads.list,
1.25,education_gap,youtube,"Video idea 
If possible,Implement every confluence in one example 
Or try add more confluences in one each example, 
Take a trade and show how many possible perspective are there , 
For example if u take a trade using fib retracment level , there is a possibility it can have a ob and fvg at the same level , 
Like that , 
Daily basis + killzone + silver bullet + etc ...",0,0,https://www.youtube.com/shorts/1YRs4Z1lMws,Ugw4SJTbzmfJEuNhA3x4AaABAg,youtube-data-api-v3/commentThreads.list,
1.25,education_gap,youtube,What trading app do u use for buying stocks brother name please,0,0,https://www.youtube.com/shorts/JL7HdUKRxfI,Ugw5l2gi65KTlkmYvnd4AaABAg.ARvyT19AybAASA-LTxXo7S,youtube-data-api-v3/commentThreads.list,
1.25,education_gap,youtube,Thanks a lot I have been looking for how I could confirm my entries but this will do,0,0,https://www.youtube.com/shorts/nkMzaQqpFbw,Ugw5pHY7i8m4rMx18C54AaABAg,youtube-data-api-v3/commentThreads.list,
1.25,education_gap,youtube,"I pretty much see you as my go-to guy for trading. I’ve learned a lot from you, even though I haven’t actually started trading yet. I’m watching how you use the Opening Range Breakout (ORB) and combine it with Supply and Demand, and honestly, it’s really awesome.",0,0,https://www.youtube.com/shorts/rBLL6lm0vkk,Ugw7CBPyTNN3mCqlbCZ4AaABAg,youtube-data-api-v3/commentThreads.list,
1.25,strategy_rules,youtube,ORB strategy insane👍,0,0,https://www.youtube.com/shorts/rBLL6lm0vkk,Ugw7uFcheWFbt81rNXR4AaABAg,youtube-data-api-v3/commentThreads.list,
1.25,psychology,youtube,agreed,0,0,https://www.youtube.com/shorts/990oOC-bHxA,Ugw9iNky8vS-ddxNwWp4AaABAg.AGRyuI9IoBUAOziKq2t0Cz,youtube-data-api-v3/commentThreads.list,
1.25,risk_management,youtube,but you pay about 250 for for that 50k and using 2000 drawdown so there is a bonus 250 for 2000.,0,0,https://www.youtube.com/shorts/THCxYD853JE,Ugw9oXFc1rWwU9kcARV4AaABAg.AIYtobTEVyLAQP8EnOOyvt,youtube-data-api-v3/commentThreads.list,
1.25,strategy_rules,youtube,"Hello Captain Pat, I am from Kuwait. This is the first educational video on trading that I learned from you. I watch all of your videos and I learned a lot and took all the advice. The last video was in Arabic, the single candle strategy. I hope to join you if possible.",0,0,https://www.youtube.com/shorts/nkMzaQqpFbw,UgwAmGJ2Yb4LAYHQCfJ4AaABAg,youtube-data-api-v3/commentThreads.list,
1.25,entry_timing,youtube,"lower low is a 2 candlestick pattern: a move down and a move up, the market BOS way before your entry",0,0,https://www.youtube.com/shorts/LclxDYccla8,UgwBJ9JoCsnkhekwX_14AaABAg,youtube-data-api-v3/commentThreads.list,
1.25,education_gap,youtube,"Order blocks, fvg or ifvg, breaker blocks common bounce levels create good support and resistance levels, market chases imbalances between balances. (Auction market theory) then add a time component(quarterly theory) or ICT macro times, but quarterly theory is more informative. search: liquidity concepts, what makes the market move",0,0,https://www.youtube.com/shorts/rBLL6lm0vkk,UgwDUwxGlE0Igl0jMfx4AaABAg.AOwGCttBURTAPiy4mvf7Gk,youtube-data-api-v3/commentThreads.list,
1.25,broker_platform,youtube,@jeffreychappell1936check the spread,0,0,https://www.youtube.com/shorts/TvWks6oJ-9U,UgwDfcofEaUELGo9Pkd4AaABAg.AF09460ZpuRAGThS6KXNKg,youtube-data-api-v3/commentThreads.list,
1.25,education_gap,youtube,Please tell us what pairs are the best pairs on your opinion for swing trading,0,0,https://www.youtube.com/shorts/JL7HdUKRxfI,UgwEusouVgha-ay7XFV4AaABAg.ANtvINFMzLxASalfaWBFMX,youtube-data-api-v3/commentThreads.list,
1.25,entry_timing,youtube,Great method for better entry confirmations!,0,0,https://www.youtube.com/shorts/1YRs4Z1lMws,UgwJnC6fsurgvriLE2p4AaABAg,youtube-data-api-v3/commentThreads.list,
1.25,strategy_rules,youtube,"Thank you so much ❤️,  i wii try this strategy",0,0,https://www.youtube.com/shorts/I29peidTQxU,UgwLTe5TeT_gOo3sE3h4AaABAg,youtube-data-api-v3/commentThreads.list,
1.25,strategy_rules,youtube,"Great video and breakdown. No indicator bs, limited rules, its all straight forward. Ty",0,0,https://www.youtube.com/shorts/6zTz7WMdMWg,UgwLcF9JVqEglLij7SF4AaABAg,youtube-data-api-v3/commentThreads.list,
1.25,risk_management,youtube,This will be a life saver. I am from Australia and the time zones are crazy for me - I will definitely be looking forward to some sleep now!!!!,0,0,https://www.youtube.com/shorts/TvWks6oJ-9U,UgwLcUzZgLqE84PfqoB4AaABAg,youtube-data-api-v3/commentThreads.list,
1.25,strategy_rules,youtube,7:10  TFO ICT KILL ZONE indicator.,0,0,https://www.youtube.com/shorts/YESqIoA7Wyg,UgwNyCRd9-0_UUo2rId4AaABAg,youtube-data-api-v3/commentThreads.list,
1.25,strategy_rules,youtube,"nope, wrong setup !",0,0,https://www.youtube.com/shorts/rBLL6lm0vkk,UgwP2LuVQyfvyYRHgKh4AaABAg,youtube-data-api-v3/commentThreads.list,
1.25,education_gap,youtube,"9:09 Oh, so that's what that means. I ain't trading btc anymore 😬😬",0,0,https://www.youtube.com/shorts/R9yZSDpdCGE,UgwQSi6oZf0hvzGz7uN4AaABAg,youtube-data-api-v3/commentThreads.list,
1.25,psychology,youtube,"Judith's analysis keeps me grounded. Downtrend or not, Her lessons on capital preservation and reading market structure remind me to trade the plan, not the emotions. ""Riding the wave"" only works with discipline",0,0,https://www.youtube.com/shorts/pq9qObptK9E,UgwR6PfPfz9fafApe-14AaABAg.AbM88oWpXQ7AbM9K6eSEIX,youtube-data-api-v3/commentThreads.list,
1.25,strategy_rules,youtube,"@TTrades_edu ive seen this aswell, you would have to look at all 3 indices, if NQ ES make higher highs but YM hasn't, look for a setup in the YM so it can catch up",0,0,https://www.youtube.com/shorts/q1NmxUTm4n4,UgwTsdEKQP-ROMqzH_N4AaABAg.9nDfu1OCbbk9omonu7_2yD,youtube-data-api-v3/commentThreads.list,
1.25,risk_management,youtube,"luv to TTrades but every time im tryna learn im half dead bout to fall asleep, genuine unintentional asmr",0,0,https://www.youtube.com/shorts/U8xH2dEgH5A,UgwTyWB0_M6u9LCb1A94AaABAg,youtube-data-api-v3/commentThreads.list,
1.25,risk_management,youtube,@Briggslife831 Stop spamming my comments!,0,0,https://www.youtube.com/shorts/1YRs4Z1lMws,UgwUOMVQcIexREXB6vF4AaABAg.9uZhme2I4cx9uazMOHoJRB,youtube-data-api-v3/commentThreads.list,
1.25,strategy_rules,youtube,Good content and I will apply this strategy and supply & demand with market structure with bactested and forward tested data in forex,0,0,https://www.youtube.com/shorts/JhBX0TQ41H8,UgwUirCRfv3jolKeIZ94AaABAg,youtube-data-api-v3/commentThreads.list,
1.25,psychology,youtube,Agreed ❤,0,0,https://www.youtube.com/shorts/yaCM_cr5BXo,UgwXXn2WrPl4Lh1JVL54AaABAg.AJsN3VYLJctAKXKYa9-Obw,youtube-data-api-v3/commentThreads.list,
1.25,education_gap,youtube,"How do you know how high to set your ATR on the buy trades you showed, thank you I've learned a lot just from this video!",0,0,https://www.youtube.com/shorts/JL7HdUKRxfI,UgwYcMTWlm3jeZM--o14AaABAg,youtube-data-api-v3/commentThreads.list,
1.25,broker_platform,youtube,Which broker you use,0,0,https://www.youtube.com/shorts/9nRFcetXqkA,UgwYgePmMs5sS17s6b54AaABAg.AJLd-4DFTlFAJS2b9g0ZKe,youtube-data-api-v3/commentThreads.list,
1.25,strategy_rules,youtube,every day new strategy wow,0,0,https://www.youtube.com/shorts/B_dVwXYQ-oc,Ugw_b679zzpiZIHY9cZ4AaABAg,youtube-data-api-v3/commentThreads.list,
1.25,strategy_rules,youtube,"Really one of the  best setup 👏👍 
Thanks sir",0,0,https://www.youtube.com/shorts/nkMzaQqpFbw,UgwbTEDeGzFN23iNZLh4AaABAg,youtube-data-api-v3/commentThreads.list,
1.25,risk_management,youtube,Intraday drawdown isn't that bad if you aren't trading stupid position sizes.,0,0,https://www.youtube.com/shorts/THCxYD853JE,UgwcaCMynGlFBH9n24R4AaABAg.AC9oKH4Bq4SANy9OKAPM_m,youtube-data-api-v3/commentThreads.list,
1.25,education_gap,youtube,Your bot makes trading look easy! Love your trading bot and want to have it. It’s exactly what I need💡👏,0,0,https://www.youtube.com/shorts/TvWks6oJ-9U,Ugwi8J55BftJr3E_Ym94AaABAg,youtube-data-api-v3/commentThreads.list,
1.25,strategy_rules,youtube,This explanation of confirmation entries is game-changing. Thanks for sharing this advanced strategy!,0,0,https://www.youtube.com/shorts/9nRFcetXqkA,UgwiSnepdm8LN4j5XDJ4AaABAg,youtube-data-api-v3/commentThreads.list,
1.25,risk_management,youtube,"Gold content. Simple to understand. Is that make swing proftable and no risky. I'm a beginner swing trading, I chill and wait one month to close the positions. Buy low sell high.",0,0,https://www.youtube.com/shorts/JL7HdUKRxfI,UgwkZdGuLG18o4PI3th4AaABAg,youtube-data-api-v3/commentThreads.list,
1.25,education_gap,youtube,​@Marius.tradezhow to use ict + demand please explain clearly,0,0,https://www.youtube.com/shorts/nkMzaQqpFbw,UgwljD72iIe5Rpt2FYp4AaABAg.APpUwSW0Wc4ATJyDBuzlje,youtube-data-api-v3/commentThreads.list,
1.25,entry_timing,youtube,Bro thank you. I miss so much trade some days I don't trade at all because I always go for 5 munites after that I watch the stock hit double  or more. Now I know I put my entry to low and the market never reach it .,0,0,https://www.youtube.com/shorts/m-G1ag77aVc,UgwlxaiDIVo-NpSkbiR4AaABAg,youtube-data-api-v3/commentThreads.list,
1.25,strategy_rules,youtube,"Thanks Pat, I take profit today from USDJPY. 1st take profit and then break even.  Love this strategy.",0,0,https://www.youtube.com/shorts/B_dVwXYQ-oc,Ugwo7xLNpxGwuuzd5DF4AaABAg,youtube-data-api-v3/commentThreads.list,
1.25,strategy_rules,youtube,"The most truthful and competent YouTube trader and teacher I have ever seen. Since I got to know you, I have decided not to learn anyone's trading strategy anymore. JeaFx to the world!",0,0,https://www.youtube.com/shorts/yaCM_cr5BXo,UgwoC0jGudYQadtVW_d4AaABAg,youtube-data-api-v3/commentThreads.list,
1.25,education_gap,youtube,Thanks for your videos.  Just wanted to know why you did tp previous high for the last trade shown. Please make a video for swing trades with those trading hacks. Thanks again😊❤,0,0,https://www.youtube.com/shorts/JL7HdUKRxfI,Ugwt29pxI2xxFkJo__F4AaABAg,youtube-data-api-v3/commentThreads.list,
1.25,education_gap,youtube,"Best teacher ever! Wow! For the first time, I actually understand how trading works. Thank you ❤",0,0,https://www.youtube.com/shorts/wIyZcY6kNuo,UgwtJG0j6lWCxMgZ9H94AaABAg,youtube-data-api-v3/commentThreads.list,
1.25,education_gap,youtube,This must have been the best trading video I have seen in the last 3 years. Very well done and explained.  Although I must say I find it really hard to spot these pattern on a real chart.,0,0,https://www.youtube.com/shorts/JhBX0TQ41H8,UgwuKlkWbOl5TTqPSbJ4AaABAg,youtube-data-api-v3/commentThreads.list,
1.25,education_gap,youtube,​@TradewithPat-pwhat I do bro I don't hv any wts app now a days I'm totally wipped out around 60k dollar loss and very heavy debt.😢,0,0,https://www.youtube.com/shorts/sclIAK3x2dw,UgwwwrGmIShksydbEet4AaABAg.AUdZe2W0cSjAUet1wZss9F,youtube-data-api-v3/commentThreads.list,
1.25,risk_management,youtube,"Wait for confirmation, use proper risk management dont move your SL",0,0,https://www.youtube.com/shorts/rBLL6lm0vkk,UgwzAyfSfl-2laUD5PN4AaABAg.APPRkuiA2NtAPiyGc24oCk,youtube-data-api-v3/commentThreads.list,
1.25,education_gap,youtube,Why are you not using prop farms when you are able to make some profit,0,0,https://www.youtube.com/shorts/JhBX0TQ41H8,UgwzaAoKfrgMzydhGQt4AaABAg.AY-4i7hA5orA_n5kaYPiPj,youtube-data-api-v3/commentThreads.list,
1.25,education_gap,youtube,what do you mainly trade doing swing trading,0,0,https://www.youtube.com/shorts/JL7HdUKRxfI,Ugx-8ryVHRmXqGxcYNN4AaABAg,youtube-data-api-v3/commentThreads.list,
1.25,education_gap,youtube,Explains well as compared to other traders,0,0,https://www.youtube.com/shorts/9nRFcetXqkA,Ugx-L3z5ryTE2eWfaYp4AaABAg,youtube-data-api-v3/commentThreads.list,
1.25,risk_management,youtube,"Trading without proper guidance is one of the biggest challenges for beginners. Without a qualified advisor, many traders either remain stuck or face losses that slow their progress.",0,0,https://www.youtube.com/shorts/g3oDYq4P9ZE,Ugx0KWI1UFJAcslxmgJ4AaABAg.AUMNOLymKuwAUMNc3LYF2i,youtube-data-api-v3/commentThreads.list,
1.25,education_gap,youtube,"What impresses me most about his approach is the transparency. He gives clients direct access to the trading platform, allowing us to monitor every trade in real-time. It’s rare to find that level of openness.",0,0,https://www.youtube.com/shorts/g3oDYq4P9ZE,Ugx0KWI1UFJAcslxmgJ4AaABAg.AUMNOLymKuwAUMNfk-Oh18,youtube-data-api-v3/commentThreads.list,
1.25,strategy_rules,youtube,"Guys, just checked that with ONTUSDT (short, 3.21% at least) and BIDUSDT (long, 1.35% at least) — both worked!!

ONT just dropped immediately whereas BID returned to the borderline for a while and after went up

But I used 5mins timeframe (not 15mins)

Wow I’m impressed",0,0,https://www.youtube.com/shorts/I29peidTQxU,Ugx0dATsHBTHWD3Tk9d4AaABAg.AMD58w5n1XQAMFTeZtpFQ6,youtube-data-api-v3/commentThreads.list,
1.25,risk_management,youtube,If they trade while you sleep at nightly hours with heavy swaps and margins 🤣 bro shut your robot off and open it only during hours of volatile trading,0,0,https://www.youtube.com/shorts/TvWks6oJ-9U,Ugx2fJIDjvmD4dAwn894AaABAg.AFQIJ4iOgvxAOVIa4gPSWr,youtube-data-api-v3/commentThreads.list,
1.25,strategy_rules,youtube,"I really got a working strategy becoz of you, I really owe you everything bro. This is rare knowledge hard to find on the internet",0,0,https://www.youtube.com/shorts/yaCM_cr5BXo,Ugx2wiNXOcVgBNwEEfV4AaABAg,youtube-data-api-v3/commentThreads.list,
1.25,education_gap,youtube,Thank you so much for all your videos. They are very insightful and informative. Please can you do a video on how to trade London session.,0,0,https://www.youtube.com/shorts/YESqIoA7Wyg,Ugx5fPBWfxPfQpwlkUB4AaABAg,youtube-data-api-v3/commentThreads.list,
1.25,risk_management,youtube,"Trading without proper guidance is one of the biggest challenges for beginners. Without a qualified advisor, many traders either remain stuck or face losses that slow their progress.",0,0,https://www.youtube.com/shorts/wIyZcY6kNuo,Ugx7IgsnY9PqLMwnYtF4AaABAg.AXm1PNmkrF4AXm1g_U_ZtQ,youtube-data-api-v3/commentThreads.list,
1.25,broker_platform,youtube,"@petersonnjiru-v1w I'm better today, Sir.
I finished the beginner class today.
and I tried practicing on my Demo account today too using MT5",0,0,https://www.youtube.com/shorts/wIyZcY6kNuo,Ugx9mMeJ52-TMRhHAOh4AaABAg.ASCaMheaqD9AU8G92VmtSa,youtube-data-api-v3/commentThreads.list,
1.25,strategy_rules,youtube,Hi Pat! Great content! Best strategy of all time! Congrats and Thank you! ❤,0,0,https://www.youtube.com/shorts/sclIAK3x2dw,UgxB-u6CMMNy11ASyBh4AaABAg,youtube-data-api-v3/commentThreads.list,
1.25,education_gap,youtube,Gold is part of cfd and futures. Why you say it like its separated😂,0,0,https://www.youtube.com/shorts/rBLL6lm0vkk,UgxDn4mhllPOshTEQOt4AaABAg.AMnQ2rHV-YpAOawWlWMN8N,youtube-data-api-v3/commentThreads.list,
1.25,entry_timing,youtube,"GU just printed the exact sell entry model yesterday.@12:21

Your videos are always on point Jea",0,0,https://www.youtube.com/shorts/JhBX0TQ41H8,UgxHRyaQ2Hph20jBNxl4AaABAg,youtube-data-api-v3/commentThreads.list,
1.25,education_gap,youtube,"Your counter trade just made me realise why I got  stopped out , any time the price fills my fvg  then comes to my OB,   indusdes me with a mss just for me to be stopped   out of the trade 😭",0,0,https://www.youtube.com/shorts/JD_sWSjIiJE,UgxLfe2unKnEicZjbhx4AaABAg.AAYKk9bdfJIAAYZe93DpIl,youtube-data-api-v3/commentThreads.list,
1.25,education_gap,youtube,"Your BTC analysis matches what I’ve been seeing on FastBull’s charts. If volume picks up, we might get that big move soon.",0,0,https://www.youtube.com/shorts/B_dVwXYQ-oc,UgxM3_AhbpAEawuU5mZ4AaABAg,youtube-data-api-v3/commentThreads.list,
1.25,education_gap,youtube,I was just backtesting this and I ran into the important level orderblocks example and did exactly what you showed not to do. Glad to have learning experinces like this!,0,0,https://www.youtube.com/shorts/DMUiDBnTYc8,UgxPBbX2ghA20yqcYUV4AaABAg,youtube-data-api-v3/commentThreads.list,
1.25,broker_platform,youtube,"​@JabarieBrown-e9lif you want a good and safe broker go for Icmarkets 
Its good",0,0,https://www.youtube.com/shorts/9nRFcetXqkA,UgxSK6rm-4w-ZQqiGnV4AaABAg.AQcpeKSEI04AV7S3YUS1HB,youtube-data-api-v3/commentThreads.list,
1.25,strategy_rules,youtube,"I actually needed this to back test my strategy. I've been bugging abt IFVG lately
The missing pieces keep adding up.",0,0,https://www.youtube.com/shorts/uDJI2AbyyCs,UgxUcopCiBZ0zJoyKBN4AaABAg.A-zr9t8_pHkAGzE1_crHc_,youtube-data-api-v3/commentThreads.list,
1.25,education_gap,youtube,"​@TTrades_eduWhat if daily dol has taken 
Like:- daily candle high taken what should we do",0,0,https://www.youtube.com/shorts/0xygpCMwxbQ,UgxW2YmKGcYuennWDAB4AaABAg.9tF6ShoXX9bAM1u6g0Immd,youtube-data-api-v3/commentThreads.list,
1.25,education_gap,youtube,Prop firm very goood to tech you how need to trade,0,0,https://www.youtube.com/shorts/THCxYD853JE,UgxXYUdXgpneNtoapxZ4AaABAg,youtube-data-api-v3/commentThreads.list,
1.25,strategy_rules,youtube,I must add the Unicorn strategy. The best setup ever. Thanks man :),0,0,https://www.youtube.com/shorts/q1NmxUTm4n4,UgxacygUpjPgziDeufZ4AaABAg.9uvSL8o_wKF9vF1UPnhQap,youtube-data-api-v3/commentThreads.list,
1.25,risk_management,youtube,thank you i previously thought ifvgs must be a bearish fvg overlapping a bullish fvg or vice versa,0,0,https://www.youtube.com/shorts/uDJI2AbyyCs,Ugxb1YrHG9D5c-ReIDJ4AaABAg,youtube-data-api-v3/commentThreads.list,
1.25,entry_timing,youtube,Just letting yall know i did scale down to the 1 min after marking the 15 min candle bc on the 5 minute there was not enough movement and i just checked the 5 min and there is no way i would have ever entered looking at that time frame,0,0,https://www.youtube.com/shorts/I29peidTQxU,Ugxf0Y-juowq5Sa9GVd4AaABAg.ATSW3wKp8lrATSWL4nDU2P,youtube-data-api-v3/commentThreads.list,
1.25,risk_management,youtube,"​@LoveFaithHope9482the difference is the emotional regulation training that you get when your money is at risk, it takes time to get that right and manage trades well, you are not attached to demo trades",0,0,https://www.youtube.com/shorts/THCxYD853JE,UgxfoLLZFRFtyB9STqB4AaABAg.A8R6iKLQw3KAMvdPyRZhcT,youtube-data-api-v3/commentThreads.list,
1.25,risk_management,youtube,"The trading God has spoken !
Dude, when u talk about trading, it’s pure gold coming out of your mouth seriously 🤜🏽🤛🏽",0,0,https://www.youtube.com/shorts/JD_sWSjIiJE,Ugxge7sDGQcEZZa1zeN4AaABAg,youtube-data-api-v3/commentThreads.list,
1.25,strategy_rules,youtube,@zenishpatel9854Indicator is ICT Killzones + Pivots [TFO]. TTrades has linked it in the video description.,0,0,https://www.youtube.com/shorts/U8xH2dEgH5A,UgxiKNBkzvz2H-3v0Fd4AaABAg.9rdRY6qDfjPA5tADSxycIX,youtube-data-api-v3/commentThreads.list,
1.25,strategy_rules,youtube,"This video (among others of JeaFX) got me straight finally, take the transcript or notes you have taken (cause you should be taking notes) and build you something you can understand, then test it. I've built hundreds of indicators, I don't use any of them any more just Market Structure. Market structure is King, JeaFX teaches it correctly in simple to understand terms. Thank God for JeaFX!",0,0,https://www.youtube.com/shorts/ygleB1CLhUE,Ugxk6aKsBmSDhCw890l4AaABAg,youtube-data-api-v3/commentThreads.list,
1.25,education_gap,youtube,"Also, how do you find stocks to trade.",0,0,https://www.youtube.com/shorts/JL7HdUKRxfI,Ugxkh1VOcwrwj0m3zEJ4AaABAg,youtube-data-api-v3/commentThreads.list,
1.25,education_gap,youtube,"Absolutely Josh'' , it’s best you try out what works for you, understand it and stick to it. With the right guide and skill one can definitely achieve trade success.",0,0,https://www.youtube.com/shorts/JD_sWSjIiJE,UgxlyUBX4eN6UW6CR354AaABAg.AGvdI0pwWvuAGvdu-lwiLp,youtube-data-api-v3/commentThreads.list,
1.25,strategy_rules,youtube,@TTrades_edu It will be worth backtesting this to find if it is as accurate with fractals. Not only smaller timeframes but also the weekly in order to get an early take on whether the PWH or PWL is likely to be swept first.,0,0,https://www.youtube.com/shorts/g3oDYq4P9ZE,UgxnQ_fOhlFENy3sigd4AaABAg.9ssvahuojti9sy7HIyIAu1,youtube-data-api-v3/commentThreads.list,
1.25,strategy_rules,youtube,Great strategy,0,0,https://www.youtube.com/shorts/B_dVwXYQ-oc,UgxolPHed2KnJJC5Ri14AaABAg,youtube-data-api-v3/commentThreads.list,
1.25,education_gap,youtube,I don't know how long you are in the trading world but the brain and the eyes need to work together (synchronized) if you are new it will take some time talking from personal experience. @itstoasty7089,0,0,https://www.youtube.com/shorts/_94CPMjWi9E,UgxrDwdz4fn6Amz4Nj94AaABAg.9sQsLceI0Q79vfkFevOv9n,youtube-data-api-v3/commentThreads.list,
1.25,risk_management,youtube,"Watching from Kenya, The time is 0457hrs, I haven't slept a wink. 
I'ma come back here after a year only this time i'll be a funded profitable trader.
Thank you TT trades, your videos have made a difference. 
#baraka",0,0,https://www.youtube.com/shorts/DMUiDBnTYc8,Ugxs9ZVBnK3AcnE5grR4AaABAg,youtube-data-api-v3/commentThreads.list,
1.25,strategy_rules,youtube,"@TTrades_edu honestly mean it. I only have two indicators, FVG and daily profile. Enough to make a living.",0,0,https://www.youtube.com/shorts/YESqIoA7Wyg,Ugxy1fjf2S53w3dnNA54AaABAg.9vzZ8l5Wavf9x-2DlTphhf,youtube-data-api-v3/commentThreads.list,
1.25,strategy_rules,youtube,@TTrades_edu Adding the market structure concept to this gives the best setup which I've come to realisation.,0,0,https://www.youtube.com/shorts/YESqIoA7Wyg,Ugxy1fjf2S53w3dnNA54AaABAg.9vzZ8l5Wavf9zHh8PQ3-xd,youtube-data-api-v3/commentThreads.list,
1.25,strategy_rules,youtube,this strategy will work for indian markets sir,0,0,https://www.youtube.com/shorts/B_dVwXYQ-oc,Ugxz4Jnz4Dxq5_I0dxV4AaABAg,youtube-data-api-v3/commentThreads.list,
1.25,strategy_rules,youtube,"yeah, it's not easy to create that indicator but I did it hehe, it's hard to lose if you follow the right side. The easiest way is know the correct market structure hehe",0,0,https://www.youtube.com/shorts/LclxDYccla8,Ugy0FVvANDztQZgG_RJ4AaABAg.AUPKEcAk7_HAUQ1dhUz0-v,youtube-data-api-v3/commentThreads.list,
1.25,strategy_rules,youtube,The fourth day i saw a buy with retesting strategy,0,0,https://www.youtube.com/shorts/B_dVwXYQ-oc,Ugy0cHgbbb3pTvhfQ4l4AaABAg,youtube-data-api-v3/commentThreads.list,
1.25,education_gap,youtube,I liked it a lot Pat !You explained it so simple and effective. I appreciate a lot that you are modest and show that losing is part of the trade. Respect !,0,0,https://www.youtube.com/shorts/nkMzaQqpFbw,Ugy1D5KvpgNw3ljO4894AaABAg,youtube-data-api-v3/commentThreads.list,
1.25,education_gap,youtube,I have a question what pair should i trade when i have an smt the one that swept the high/low or the one that did'nt please answer T,0,0,https://www.youtube.com/shorts/q1NmxUTm4n4,Ugy2alay-AmAEPRz3AB4AaABAg,youtube-data-api-v3/commentThreads.list,
1.25,strategy_rules,youtube,"Hi Pat, I only found your YT Chanel a few weeks ago. I really like the way you break down your strategy for the trades you took in the video’s. I think a quality robot trades better than me at this point, cause I’ve only started trading forex recently. 😂 Keep making quality video’s! 👍🏻",0,0,https://www.youtube.com/shorts/TvWks6oJ-9U,Ugy4mHVIz8_mNrCXps14AaABAg,youtube-data-api-v3/commentThreads.list,
1.25,education_gap,youtube,"You definitely going to make me profitable. What a teacher, wisdom in simplicity. thank you sir",0,0,https://www.youtube.com/shorts/JhBX0TQ41H8,Ugy8SYCuaA-yGoTJa_J4AaABAg,youtube-data-api-v3/commentThreads.list,
1.25,risk_management,youtube,"Don't focus on win rate focus on risk to reward ratio make it 1:3, 1:4 if your win rate is 50% or 60% is enough (from experience)",0,0,https://www.youtube.com/shorts/nkMzaQqpFbw,Ugy8xJc-TyrKzR5aXZd4AaABAg.AO8VkRb9qC-AQ8vDyT6vrv,youtube-data-api-v3/commentThreads.list,
1.25,strategy_rules,youtube,"Really grateful to you, Pat. I've watched all your trading strategy videos. On YouTube, whether it's your trading skills or your editing, you're truly one of a kind. After following your videos for half a month, I'm really confident that I've started in this industry.Much Love❤",0,0,https://www.youtube.com/shorts/JL7HdUKRxfI,UgyBWa6EUrGxy8CYbsh4AaABAg,youtube-data-api-v3/commentThreads.list,
1.25,education_gap,youtube,"i just found your channel , what a great place for education , your crt ict concepts are absolutely game changers for my trading thank you for sharing this",0,0,https://www.youtube.com/shorts/0xygpCMwxbQ,UgyCkSI2LyuXWaEQyMl4AaABAg,youtube-data-api-v3/commentThreads.list,
1.25,education_gap,youtube,"@bballah9969 3 years is relevant to how fast you learn. I'm funded with topstep, have my personal portfolio for investing  and profitable and definitely not a kid. may have taken you more than 3 years to learn but im not you.",0,0,https://www.youtube.com/shorts/GKN-iVjJpyA,UgyDwLZgSXHcVcuOuhx4AaABAg.A8VyKwEndRJABvViAZ8Yf_,youtube-data-api-v3/commentThreads.list,
1.25,education_gap,youtube,Just what I needed ❤😊 Lot of love and respect from IND,0,0,https://www.youtube.com/shorts/m-G1ag77aVc,UgyHR5ynB_phQu2BEdl4AaABAg,youtube-data-api-v3/commentThreads.list,
1.25,education_gap,youtube,"Thank you for this - you explain very clearly, i’m only 6 days into learning how to trade but i’ll watch this a few times and hopefully it’ll stick. And I’ll subscribe. 👊🏽",0,0,https://www.youtube.com/shorts/LclxDYccla8,UgyIA__KytI-6ttVbIV4AaABAg,youtube-data-api-v3/commentThreads.list,
1.25,education_gap,youtube,Best video on youtube about iFVG by far.  Ttrades you are the goat. I have watched this so many times. The way you explain and demonstrate everything is so clearly is just amazing. Thank you for your content Ttrades. Truly educational.,0,0,https://www.youtube.com/shorts/uDJI2AbyyCs,UgyK5HaLHlaqvBYeZUx4AaABAg,youtube-data-api-v3/commentThreads.list,
1.25,strategy_rules,youtube,This is a valuable video everyone should trade on this strategy because market works on money and where money is set it becomes 100% confirmation trade with 0 loss thanks brother it worked for me today without worried my tp was hit automatically IT ITN FEELS LIKE YES THIS IS REAL TRADING,0,0,https://www.youtube.com/shorts/sclIAK3x2dw,UgyKV1t0n19HJnuWkKJ4AaABAg,youtube-data-api-v3/commentThreads.list,
1.25,education_gap,youtube,"I startet with trading for 15 month ago, why i startede is becorse i whant to give my 2 kids a bether furture the i had, youre content is powerfull, love it.",0,0,https://www.youtube.com/shorts/nkMzaQqpFbw,UgyMKjcIR6tto6rIqSt4AaABAg,youtube-data-api-v3/commentThreads.list,
1.25,risk_management,youtube,SL 8888 PIPS 10:16,0,0,https://www.youtube.com/shorts/TvWks6oJ-9U,UgyMYjoZxaoGNPYSR7V4AaABAg.AF07LitVEndAMDGy4Fk0Yp,youtube-data-api-v3/commentThreads.list,
1.25,strategy_rules,youtube,hello can we add ADX indicator for identifying momentum at breakout..,0,0,https://www.youtube.com/shorts/B_dVwXYQ-oc,UgyO4bP2-u184l0dR4B4AaABAg,youtube-data-api-v3/commentThreads.list,
1.25,education_gap,youtube,and that is why you are struggling lmaooo ict does it on purpose to lure out the lazy low attention span viewers lol trust theres a shit ton of gold in all of ict videos and is a MUST to watch them fully. dont half ass it,0,0,https://www.youtube.com/shorts/0xygpCMwxbQ,UgyO5LbVHAXo00fW93l4AaABAg.9qIfvzd6nqV9qKJtjL0kH2,youtube-data-api-v3/commentThreads.list,
1.25,education_gap,youtube,I’ve been trying to do that but I honestly don’t even know what 'institutional flow' looks like on a chart. Everything just looks like random candles to me right now.,0,0,https://www.youtube.com/shorts/GKN-iVjJpyA,UgyOGJAyRhI0XvAQplt4AaABAg.AXFHQfpdj-VAXFHfrbz_tE,youtube-data-api-v3/commentThreads.list,
1.25,strategy_rules,youtube,"Consulting an expert like Ava Harris to refine your investment strategy is a smart move.
‎",0,0,https://www.youtube.com/shorts/JhBX0TQ41H8,UgyOJsMTBXhgnY2lXhZ4AaABAg.AJfoc68Qxy8AJfoj6Wv7Vt,youtube-data-api-v3/commentThreads.list,
1.25,education_gap,youtube,"@TradewithPatI m for real I see a
Good presentation u explain step
By sten that’s what we need",0,0,https://www.youtube.com/shorts/R9yZSDpdCGE,UgyOhqT8e2dXPpD7pkx4AaABAg.AJsIOFYk7TvAJsIumW1Vi1,youtube-data-api-v3/commentThreads.list,
1.25,education_gap,youtube,"Brother, don’t buy a course. I learned how to trade from a guy called sci trades on YouTube his course is free. Just giving u a gem. And no I’m not a bot lol",0,0,https://www.youtube.com/shorts/9nRFcetXqkA,UgyRVOKa_Uj2w8YJyVB4AaABAg.AMzqPnoOfNaAOBj6OANMo7,youtube-data-api-v3/commentThreads.list,
1.25,education_gap,youtube,"@darkdart2497The basics are essentially mastering the understanding of what a Trend is, What support and resistance are and a theory around market mechanics ( How it all goes together ) such as Wykoff or Elliot wave theory which in my perspective are the same in mechanics but different in approach to the market. This will allow you to understand the simple and straight to the point content of this amazing video. The less you know the longer the videos you have to watch….and yes we have all gone through it. Nobody skips paying market tuition 🤙",0,0,https://www.youtube.com/shorts/LclxDYccla8,UgyUIYU3DEoROf2wb2R4AaABAg.9vp-hQHf6YEAFnNcw2CuQI,youtube-data-api-v3/commentThreads.list,
1.25,education_gap,youtube,how can we get these analysis please ​@TradewithPat,0,0,https://www.youtube.com/shorts/G2THP1LGPB0,UgyWFMpIIxq4iRROnoR4AaABAg.9pVv9W6TdUeA8SPQuxoD4Q,youtube-data-api-v3/commentThreads.list,
1.25,risk_management,youtube,"​@TradewithPatYou are right for absolute beginners, it can be a first step for recognizing entries, tps and good sls. But forget riskmanagekent on demo 😂",0,0,https://www.youtube.com/shorts/THCxYD853JE,UgyaHmv-1WEGeYj1nUt4AaABAg.AHfurjCb2HlAHh4QKOiS1-,youtube-data-api-v3/commentThreads.list,
1.25,education_gap,youtube,"I lost over $80k when everything started to tank. Not because I was in an exchange that went belly up. I was just stupid to hold and because that's what everyone said. I'm still responsible. It just taught me to be a better investor now that I understand more of what could go wrong. It took me over two years of being in the market, I'm really grateful I found one source to recover my money, at least $10k profits weekly. Thanks Valerie Yarvin",0,0,https://www.youtube.com/shorts/JhBX0TQ41H8,UgyavWN4o3levfOk7Bl4AaABAg.AAMw2vl4KpkAMt2YWS5WPJ,youtube-data-api-v3/commentThreads.list,
1.25,strategy_rules,youtube,This is one of the simplest explanations for Demand and supply strategy. You made it look simple and easy to grab.,0,0,https://www.youtube.com/shorts/nkMzaQqpFbw,UgybLvbNq_2jq3QFH9Z4AaABAg,youtube-data-api-v3/commentThreads.list,
1.25,education_gap,youtube,​@TTrades_edu   so how then do you take entries 😢,0,0,https://www.youtube.com/shorts/g3oDYq4P9ZE,UgycFMKYUx-PKwStVmB4AaABAg.9st7UYRGNQjAEqduCqedl1,youtube-data-api-v3/commentThreads.list,
1.25,strategy_rules,youtube,"Thank you big BOSS for this video,,, 1 SET UP FOR A LIFE, ONLY ONE TRADE EVERYDAY,
IM FROM PHILIPPINES,  I WANT TO TRY THIS TRADING STRATEGY....",0,0,https://www.youtube.com/shorts/R9yZSDpdCGE,UgycPO3LT6WAPmQwb594AaABAg,youtube-data-api-v3/commentThreads.list,
1.25,education_gap,youtube,"James, I've recently discovered your videos and hands down you have explained candlesticks in a way that I can follow the story. Maybe when the CAD gains a little more strengh to the GBP, I'll join your Academy, lol.  Really great explanation!",0,0,https://www.youtube.com/shorts/990oOC-bHxA,UgyeMXBjdvwCfJuR8FF4AaABAg,youtube-data-api-v3/commentThreads.list,
1.25,education_gap,youtube,"True definition of Intellectual, a Simplifier of thing* Alex is good but you're exceptionally Good, I think you have come close to breaking the code of the Algo, I also frame my bias the same way with 1ns and 2s and 3s in mind how not as clean and clear as you do, however being as good as you are I have asked you previous months before that could you do a Decoupling video from A to Z and please make it at least a hour long going over even even the tricky months that end within a new week and start again while still on the same week, this for me is the final piece of the puzzle I know other guys have explained it but I think it being explained by you with the intricacies of ICT in mind will make alot more difference, am great disciple of your body of work keep up the great work, at this point we no longer even look at structure we follow candle by candle live price action with precision as opposed to just POIs and guess work.",0,0,https://www.youtube.com/shorts/6zTz7WMdMWg,UgygB4HOqHdTyxulItB4AaABAg,youtube-data-api-v3/commentThreads.list,
1.25,strategy_rules,youtube,"You are genius bro 🎉🎉 your strategy is very clear and to the point , your level in trading is perfect 👌",0,0,https://www.youtube.com/shorts/nkMzaQqpFbw,UgyhLq7wFi3GkxhtZqh4AaABAg,youtube-data-api-v3/commentThreads.list,
1.25,education_gap,youtube,Amazing content! Liquidity hunting and market manipulation concepts are explained so clearly here. Looking forward to more trading lessons. 🚀,0,0,https://www.youtube.com/shorts/sclIAK3x2dw,Ugyhr1glGgJIO1zorj54AaABAg,youtube-data-api-v3/commentThreads.list,
1.25,strategy_rules,youtube,"God bless you abondantly, now am sure of my Trade Winning, no more loosing with indicators",0,0,https://www.youtube.com/shorts/JD_sWSjIiJE,UgyitnDt7-vRDCZZElR4AaABAg,youtube-data-api-v3/commentThreads.list,
1.25,strategy_rules,youtube,timeframe bad bro,0,0,https://www.youtube.com/shorts/nkMzaQqpFbw,Ugykuh1sWlRsDpaz0SV4AaABAg.ASXgruBIanaAV2lF4jb0O9,youtube-data-api-v3/commentThreads.list,
1.25,entry_timing,youtube,"Learning is easier when you see the call in real time. I could not keep up with video timing, so I used Belvrano. Entry, invalidation, partials, all spelled out. One five day run looked like this. BTC plus 980, no trade next day, SOL plus 1,650, ETH minus 420, BTC plus 1,120. About plus 3,330 while I was at my day job. If you want structure and coaching by example, hop in tiny and compare your results by Friday.",0,0,https://www.youtube.com/shorts/B_dVwXYQ-oc,Ugyl1ejdS2ZfV6Qe__l4AaABAg.ANDN4EpaxvHAOq1tbEafqV,youtube-data-api-v3/commentThreads.list,
1.25,risk_management,youtube,Start using your stop loss bar more often and you'll see that you won't lose everything,0,0,https://www.youtube.com/shorts/TvWks6oJ-9U,UgyltfH2jV_-Is3BEwF4AaABAg.AUJJDa_8EGxAZzwtzWnTgS,youtube-data-api-v3/commentThreads.list,
1.25,entry_timing,youtube,Very good video to represent the Liquidity and price entry level. This knowledge will come in handy for my Market101 Trading account,0,0,https://www.youtube.com/shorts/JhBX0TQ41H8,UgyltvuC0Yd63bBAzHF4AaABAg,youtube-data-api-v3/commentThreads.list,
1.25,education_gap,youtube,I’ve been trying to do that but I honestly don’t even know what 'institutional flow' looks like on a chart. Everything just looks like random candles to me right now.,0,0,https://www.youtube.com/shorts/wIyZcY6kNuo,UgyufYXisvi00p-GLkN4AaABAg.AX_uLMXdck0AX_ualIa8dt,youtube-data-api-v3/commentThreads.list,
1.25,broker_platform,youtube,"Safest approach i feel to tackle is to diversify investment . By spreading investment across different asset classes, like bonds, real estate, and international stocks, they can reduce the impact of a market meltdown, its important to seek the guidance of an expert..",0,0,https://www.youtube.com/shorts/990oOC-bHxA,UgyyKGlFVlO9nnjCWX54AaABAg.ASGJaOLqDbiASGJp4tkGCB,youtube-data-api-v3/commentThreads.list,
1.25,education_gap,youtube,"One of the best explanations of market structure I’ve seen! The way you broke down trends, highs, and lows makes it much easier to understand how the market actually moves. This is gold for beginner traders. Thanks for sharing! 📈🔥",0,0,https://www.youtube.com/shorts/LclxDYccla8,UgyzqyAt-y1sVo345rx4AaABAg,youtube-data-api-v3/commentThreads.list,
1.25,education_gap,youtube,Wish I know just 50% of what you known I need more knowledge about trading,0,0,https://www.youtube.com/shorts/nkMzaQqpFbw,Ugz-6AOfBvlP3VgtQkl4AaABAg.AO8Nj1HkRtTAO8XGbrZNcq,youtube-data-api-v3/commentThreads.list,
1.25,education_gap,youtube,"Congratulations on your wins, Please can you share with me how it works. I have suffered huge losses trading as a beginner, I thought I could trade on my own, my partner and I have been thinking of our retirement lately",0,0,https://www.youtube.com/shorts/wIyZcY6kNuo,Ugz-QT_l-VWKZt8lLRd4AaABAg.AWxYS1sd9KfAWxYbQO2CQB,youtube-data-api-v3/commentThreads.list,
1.25,education_gap,youtube,"To be honest, I need a lot of assistance learning to trade. I get really depressed when I see how low my portfolio is.",0,0,https://www.youtube.com/shorts/wIyZcY6kNuo,Ugz-QT_l-VWKZt8lLRd4AaABAg.AWxYS1sd9KfAWxYeCA8wQR,youtube-data-api-v3/commentThreads.list,
1.25,education_gap,youtube,"@thomasmuske2367bro how’s it going now, mhen I’ve been learning and trading since January, still no success, ups and down🤦🏽",0,0,https://www.youtube.com/shorts/yaCM_cr5BXo,Ugz-m8LdbCV8QH-bxsN4AaABAg.AJwp7xcWoRgANlDixdX3eS,youtube-data-api-v3/commentThreads.list,
1.25,education_gap,youtube,I stumbled across a video for beginners in Forex Trading and started doing some research and watching more videos and wow there is a lot to take in and learn and your videos seem to be the clearest and most simplest way to understand how to get started. Im lookong forward to practicing with a demo account once I feel I have learned enough to even start that way.,0,0,https://www.youtube.com/shorts/LclxDYccla8,Ugz0XYuv8uR8lCDworF4AaABAg,youtube-data-api-v3/commentThreads.list,
1.25,education_gap,youtube,you didn't show an HTF high candle when you went on 1m on HTF candle was locked on LTF this candle wasn't there yet lol,0,0,https://www.youtube.com/shorts/q1NmxUTm4n4,Ugz3mlLuhOBA_HnXpfd4AaABAg,youtube-data-api-v3/commentThreads.list,
1.25,risk_management,youtube,"Trading without proper guidance is one of the biggest challenges for beginners. Without a qualified advisor, many traders either remain stuck or face losses that slow their progress.",0,0,https://www.youtube.com/shorts/GKN-iVjJpyA,Ugz41jO8Y1Cal0Q-nXF4AaABAg.ATCFM7fBPONATCFd5sJH0u,youtube-data-api-v3/commentThreads.list,
1.25,strategy_rules,youtube,"Consulting an expert like Ava Harris to refine your investment strategy is a smart move.
‎",0,0,https://www.youtube.com/shorts/9nRFcetXqkA,Ugz9IwnFb5EQQ5bdHFJ4AaABAg.AJas3eFI30LAJasykLy3Po,youtube-data-api-v3/commentThreads.list,
1.25,education_gap,youtube,How to screen swing trading stock one full video please please please please please please please------ Indian exchange as how  NSE Screen swing trading stock,0,0,https://www.youtube.com/shorts/JL7HdUKRxfI,UgzCB6S0hIEawizCrvJ4AaABAg,youtube-data-api-v3/commentThreads.list,
1.25,education_gap,youtube,Hi pat how can I get to watch you in the live trade time,0,0,https://www.youtube.com/shorts/B_dVwXYQ-oc,UgzHeDj4MEYFfWLKgiN4AaABAg,youtube-data-api-v3/commentThreads.list,
1.25,education_gap,youtube,This tutorial is absolutely gold🥇❗️,0,0,https://www.youtube.com/shorts/LclxDYccla8,UgzIrWxQo24JOnNWuEd4AaABAg,youtube-data-api-v3/commentThreads.list,
1.25,strategy_rules,youtube,Good trading strategy,0,0,https://www.youtube.com/shorts/B_dVwXYQ-oc,UgzNgPaA_yMyQMLYGnx4AaABAg,youtube-data-api-v3/commentThreads.list,
1.25,entry_timing,youtube,"I've been in touch with a financial analyst ever since I started investing.
Knowing today's culture The challenge is knowing when to purchase or sell when investing in stocks, which is pretty simple. On my portfolio, which has grown over 90% in a little over a year, my advisr chooses entry and exit orders.",0,0,https://www.youtube.com/shorts/JD_sWSjIiJE,UgzPcSnCh9teuLLLlqF4AaABAg.ALn3dSXC7c8ALn4-QdHR5b,youtube-data-api-v3/commentThreads.list,
1.25,broker_platform,youtube,@zanewalsh5279 tradingview paper trading,0,0,https://www.youtube.com/shorts/0xygpCMwxbQ,UgzQCOORyx7T8s_Nh7F4AaABAg.9qVDWM0jQ9DA7ljCqSvX4K,youtube-data-api-v3/commentThreads.list,
1.25,education_gap,youtube,This might sound kinda dumb but do you ever use the concept of liquidity to try and estimate what to target or is it primarily support and resistance/ supply and demand,0,0,https://www.youtube.com/shorts/JL7HdUKRxfI,UgzSWI7wDebKtvTkT1V4AaABAg,youtube-data-api-v3/commentThreads.list,
1.25,psychology,youtube,"Strategies like these require a level of discipline and knowledge that most casual investors don’t have, experts are the ones who make them work.",0,0,https://www.youtube.com/shorts/GKN-iVjJpyA,UgzTEO68VthNjEsZKc94AaABAg.APWnBVGcgSVAPWoBN-rmdD,youtube-data-api-v3/commentThreads.list,
1.25,education_gap,youtube,"@ArmchairGambler how about you backtest it on old data and see it for yourself, with orderflow plus pd arrays on HTFs it becomes really easy",0,0,https://www.youtube.com/shorts/g3oDYq4P9ZE,UgzU343-e_1zRwy1jhF4AaABAg.9wc9sJ4oTQfANXCCLGfABE,youtube-data-api-v3/commentThreads.list,
1.25,risk_management,youtube,New trader and I will follow this legend religiously,0,0,https://www.youtube.com/shorts/yaCM_cr5BXo,UgzWP_5JT__6fEXN8lJ4AaABAg,youtube-data-api-v3/commentThreads.list,
1.25,risk_management,youtube,"Great video, thank you! I have used this method for daytrades, but not for swings (always used the EMAs). But now I will try it out with the longs. Stop loss, stop loss, stop loss...is our friend",0,0,https://www.youtube.com/shorts/JD_sWSjIiJE,UgzYll558mN4sfomDph4AaABAg,youtube-data-api-v3/commentThreads.list,
1.25,education_gap,youtube,"Bro the playlist is messed up, idk in what order to look at it. How is this video 3 and you are recommending to look at one of the last videos before this. If you could make a big video with everything one after the other it would be amazing because this as a new trader is so confusing to me",0,0,https://www.youtube.com/shorts/YESqIoA7Wyg,UgzbedASwxbu06dqx4d4AaABAg,youtube-data-api-v3/commentThreads.list,
1.25,education_gap,youtube,"Hey man, how do you actually confirm whether price has formed a sure SMT because mostly it comes to sweep the resting liquidity.",0,0,https://www.youtube.com/shorts/q1NmxUTm4n4,UgzbgcSnFeocnhyYX-54AaABAg,youtube-data-api-v3/commentThreads.list,
1.25,strategy_rules,youtube,I'll tell you that (bos) is so important for this strategy,0,0,https://www.youtube.com/shorts/m-G1ag77aVc,Ugzf2fT8li4RYZm7ZFN4AaABAg,youtube-data-api-v3/commentThreads.list,
1.25,strategy_rules,youtube,"Depending on scattered advice online only stretched losses further. The shift happened once consistent, logical guidance replaced guesswork. Understanding the purpose behind each setup made trading feel grounded instead of uncertain.",0,0,https://www.youtube.com/shorts/JhBX0TQ41H8,UgzfLO5IaMbSkKS_mpt4AaABAg.AWf7KdFBAw1AWf7NvFSEGP,youtube-data-api-v3/commentThreads.list,
1.25,education_gap,youtube,"For me it was Piers Wyn. I trade alongside him, and with his mentorship, I know exactly what to do. Losing trades aren't part of my story anymore..",0,0,https://www.youtube.com/shorts/JhBX0TQ41H8,UgzfLO5IaMbSkKS_mpt4AaABAg.AWf7KdFBAw1AWf7Pr1xnnk,youtube-data-api-v3/commentThreads.list,
1.25,education_gap,youtube,"Yes, I know him. I actually followed his signals, and that experience really changed how I trade.",0,0,https://www.youtube.com/shorts/JhBX0TQ41H8,UgzfLO5IaMbSkKS_mpt4AaABAg.AWf7KdFBAw1AWf7Xwk_I1K,youtube-data-api-v3/commentThreads.list,
1.25,education_gap,youtube,"Love this perspective! 🎯 It really is like a story being told in real-time. We spend so much time worrying about what ""big money"" is doing that we forget to just listen to what the price is actually telling us right now. Building that ""eagle eye"" through consistent practice and backtesting is exactly how you stop being a retail target and start being a professional. 🦅👊",0,0,https://www.youtube.com/shorts/990oOC-bHxA,UgzlL8hQKk1xwMh4m1d4AaABAg.AFbYzAeovxFAWdLLCklODz,youtube-data-api-v3/commentThreads.list,
1.25,education_gap,youtube,I din't get how to place TAKE PROFIT TP,0,0,https://www.youtube.com/shorts/JL7HdUKRxfI,UgzoR_oZugP4JT5ruIZ4AaABAg,youtube-data-api-v3/commentThreads.list,
1.25,strategy_rules,youtube,Besides that you are crushing VIP room. you are elevating the trading as usual not only by the amazing strategy of yours but again with the robot. I haven't seen like you.,0,0,https://www.youtube.com/shorts/TvWks6oJ-9U,UgzqYF-RWtZ2NSFWFVh4AaABAg,youtube-data-api-v3/commentThreads.list,
1.25,education_gap,youtube,"@TradewithPat Hi Pat, what time frame do you recommend",0,0,https://www.youtube.com/shorts/nkMzaQqpFbw,UgzsNtLNwFxGzplZCAx4AaABAg.AO8RISiObSUAb2inWOni0L,youtube-data-api-v3/commentThreads.list,
1.25,education_gap,youtube,thank you for this. all my confusion about how to trade properly is cleared after this one video. :) thank you so much.,0,0,https://www.youtube.com/shorts/990oOC-bHxA,Ugzt94PwV2M7l2WtDgl4AaABAg,youtube-data-api-v3/commentThreads.list,
1.25,broker_platform,youtube,​@Kendra11_FXHEADWAY BROKER,0,0,https://www.youtube.com/shorts/I29peidTQxU,Ugzxva6KLFRMXAbcqz94AaABAg.AYwOHYR6XS-AYyfU2kuK6i,youtube-data-api-v3/commentThreads.list,
1.25,strategy_rules,youtube,"​@lilylumatha963Hey man 
1) look for a strategy learn and perfect it 
2) input those strategies into code and do some real backtest on it 
3) if it the backtest isn't more than 85% think of new ways to improve the bot 

4) thank me later 😊",0,0,https://www.youtube.com/shorts/TvWks6oJ-9U,UgzztRgogWuKxwHahcF4AaABAg.AF2Le4lgVF2AJhmucCK49v,youtube-data-api-v3/commentThreads.list,
