platform,channel_or_account,content_id,content_url,comment_id,comment_text,comment_timestamp,collected_at,engagement_likes,reply_count,language,author_hash,parent_comment_id,source_actor,source_run_id,video_id,video_title,video_channel,video_views,video_comments
youtube,Trading Walk,3E7k47dZeWk,https://www.youtube.com/watch?v=3E7k47dZeWk,UgzPD07gUDqjb-tc_4R4AaABAg,Move happen today in London session,2025-12-12T22:31:20Z,2026-10-01T13:26:25.613601+00:00,19,1,,211ac3b77b2b845560814e2b0568cd78883582ee000078b0871044af167c6d49,,youtube-data-api-v3/commentThreads.list,,3E7k47dZeWk,Powerful XAUUSD Gold Trading Strategy,Trading Walk,,
youtube,Trading Walk,3E7k47dZeWk,https://www.youtube.com/watch?v=3E7k47dZeWk,UgwNEGVBJWfROdeMIkl4AaABAg,Good strategy bro,2025-08-05T09:59:36Z,2026-10-01T13:26:25.613601+00:00,58,1,,2817d37467497f985384616fc87cd3984697fb359cfcbad2c092ca5f9e0bb944,,youtube-data-api-v3/commentThreads.list,,3E7k47dZeWk,Powerful XAUUSD Gold Trading Strategy,Trading Walk,,
youtube,Trading Walk,3E7k47dZeWk,https://www.youtube.com/watch?v=3E7k47dZeWk,Ugx-rBw5OfI-x9TFXlN4AaABAg,I came here again for comment about this strategy. Highly recommend. Working like like cheat code.,2025-05-16T03:32:46Z,2026-10-01T13:26:25.613601+00:00,531,14,,93d55465a23883823ec3ebd2dc800207de1dca9eea65cf3b963919cef8592cfd,,youtube-data-api-v3/commentThreads.list,,3E7k47dZeWk,Powerful XAUUSD Gold Trading Strategy,Trading Walk,,
youtube,Trading Walk,3E7k47dZeWk,https://www.youtube.com/watch?v=3E7k47dZeWk,Ugx-rBw5OfI-x9TFXlN4AaABAg.AIAGxaHLOEAAK9QoPElxqu,"@SPS_survivorhe ended with 10,000 USD debt",2025-07-04T12:42:26Z,2026-10-01T13:26:25.613601+00:00,0,0,,75d6a518b7c5f79653b00f7e2be528d346b766af0a834b0cf50918381bf6e55c,Ugx-rBw5OfI-x9TFXlN4AaABAg,youtube-data-api-v3/commentThreads.list,,3E7k47dZeWk,Powerful XAUUSD Gold Trading Strategy,Trading Walk,,
youtube,Trading Walk,3E7k47dZeWk,https://www.youtube.com/watch?v=3E7k47dZeWk,Ugx-rBw5OfI-x9TFXlN4AaABAg.AIAGxaHLOEAAKj0j5XuuPm,How to get the indicator?,2025-07-18T17:46:25Z,2026-10-01T13:26:25.613601+00:00,12,0,,23ebb788bc8d24a49740f86f199a74e47b04eb62f5e111bdbaa0603d433ec279,Ugx-rBw5OfI-x9TFXlN4AaABAg,youtube-data-api-v3/commentThreads.list,,3E7k47dZeWk,Powerful XAUUSD Gold Trading Strategy,Trading Walk,,
youtube,Trading Walk,3E7k47dZeWk,https://www.youtube.com/watch?v=3E7k47dZeWk,Ugx-rBw5OfI-x9TFXlN4AaABAg.AIAGxaHLOEAANRqQmOA5UJ,"​@tradingwalkit's all about money. Why don't you shove it up your Æss and leave us the hell alone.

You got a strategy and you don't want to give it out for free, please use it. Mugu.",2025-09-24T05:55:31Z,2026-10-01T13:26:25.613601+00:00,0,0,,ca53d2fc623f87e9a22cb8aa29b04b04d65742a9ccd6e9e870d4e434118969b8,Ugx-rBw5OfI-x9TFXlN4AaABAg,youtube-data-api-v3/commentThreads.list,,3E7k47dZeWk,Powerful XAUUSD Gold Trading Strategy,Trading Walk,,
youtube,Trading Walk,3E7k47dZeWk,https://www.youtube.com/watch?v=3E7k47dZeWk,UgzcZ2OexqY33aJ8K-R4AaABAg,Good,2026-03-08T18:58:27Z,2026-10-01T13:26:25.613601+00:00,1,1,,c9482633109a2f9b60f7ea713690f9e22cc9341c8df92521e22b33784197e461,,youtube-data-api-v3/commentThreads.list,,3E7k47dZeWk,Powerful XAUUSD Gold Trading Strategy,Trading Walk,,
youtube,Trading Walk,3E7k47dZeWk,https://www.youtube.com/watch?v=3E7k47dZeWk,UgyKD0qbmVQSk7linQt4AaABAg,nice,2025-10-12T19:39:59Z,2026-10-01T13:26:25.613601+00:00,6,1,,86e4d432c0eb24d759f1b43c2fffde7ca56c74a74bc2767b515af92499da310f,,youtube-data-api-v3/commentThreads.list,,3E7k47dZeWk,Powerful XAUUSD Gold Trading Strategy,Trading Walk,,
youtube,Trading Walk,3E7k47dZeWk,https://www.youtube.com/watch?v=3E7k47dZeWk,UgyNuqbo_ZwqR9KVvHN4AaABAg,dope,2026-01-20T00:02:33Z,2026-10-01T13:26:25.613601+00:00,1,1,,45c5abbb5412a10b0f1dd9e33963b107c10b36698809bb75a4b21a51b8c1e02f,,youtube-data-api-v3/commentThreads.list,,3E7k47dZeWk,Powerful XAUUSD Gold Trading Strategy,Trading Walk,,
youtube,Trading Walk,3E7k47dZeWk,https://www.youtube.com/watch?v=3E7k47dZeWk,Ugx_zKYQU9M0y4HKwg14AaABAg,A VIDEO ON GOLD 🙏🙏🙏🙏🙏🙏,2025-10-21T13:20:44Z,2026-10-01T13:26:25.613601+00:00,2,1,,e30a3cbc65a8c63aa5147892092a1c629a2d59f733797a5b138bfcc43b21a5d0,,youtube-data-api-v3/commentThreads.list,,3E7k47dZeWk,Powerful XAUUSD Gold Trading Strategy,Trading Walk,,
youtube,Trading Walk,3E7k47dZeWk,https://www.youtube.com/watch?v=3E7k47dZeWk,UgwMgjjzMO8o8dOvPD14AaABAg,How to learn from the begining about this system sir? Any full video?,2025-05-18T11:26:32Z,2026-10-01T13:26:25.613601+00:00,8,1,,d4014a2b34836f289eb9e24c4f441c651d88c3ba76e76d4d3e997cdf3bdf07d9,,youtube-data-api-v3/commentThreads.list,,3E7k47dZeWk,Powerful XAUUSD Gold Trading Strategy,Trading Walk,,
youtube,Trading Walk,3E7k47dZeWk,https://www.youtube.com/watch?v=3E7k47dZeWk,UgyR0xXnLFUP4crldIV4AaABAg,Good❤,2025-09-28T19:28:30Z,2026-10-01T13:26:25.613601+00:00,2,1,,a0bfb337af79da7a4d6e93425575bd3af1925fca3fb963c771dc9dc3f372f2e9,,youtube-data-api-v3/commentThreads.list,,3E7k47dZeWk,Powerful XAUUSD Gold Trading Strategy,Trading Walk,,
youtube,Trading Walk,3E7k47dZeWk,https://www.youtube.com/watch?v=3E7k47dZeWk,UgwX4ROMYFqmKr93jRp4AaABAg,Drop me a tutorial for what to download for app used or website,2025-12-28T12:01:37Z,2026-10-01T13:26:25.613601+00:00,1,1,,ebda4d36d44133a7004f067d240640cb8954b654c4bf61a1d5486ff6278f5805,,youtube-data-api-v3/commentThreads.list,,3E7k47dZeWk,Powerful XAUUSD Gold Trading Strategy,Trading Walk,,
youtube,Trading Walk,3E7k47dZeWk,https://www.youtube.com/watch?v=3E7k47dZeWk,UgyOYdaAZCMCLziXcT54AaABAg,i will try,2025-11-16T07:52:24Z,2026-10-01T13:26:25.613601+00:00,14,5,,c90a7915596fe1015821747433dfbdb97f029cea9e16458b98cedec99d99acb1,,youtube-data-api-v3/commentThreads.list,,3E7k47dZeWk,Powerful XAUUSD Gold Trading Strategy,Trading Walk,,
youtube,Trading Walk,3E7k47dZeWk,https://www.youtube.com/watch?v=3E7k47dZeWk,UgyOYdaAZCMCLziXcT54AaABAg.AP_WwG_rduQAWtvckredjd,Did it work?,2026-05-17T05:41:30Z,2026-10-01T13:26:25.613601+00:00,2,0,,ce8138b3049bc0a16dfeaa46e3a9e16dc96a194dc8a1a60c00daa6d4be78f1cd,UgyOYdaAZCMCLziXcT54AaABAg,youtube-data-api-v3/commentThreads.list,,3E7k47dZeWk,Powerful XAUUSD Gold Trading Strategy,Trading Walk,,
youtube,Trading Walk,3E7k47dZeWk,https://www.youtube.com/watch?v=3E7k47dZeWk,UgyOYdaAZCMCLziXcT54AaABAg.AP_WwG_rduQAZV7Sd_t-JQ,How did the trade go?,2026-07-20T18:47:31Z,2026-10-01T13:26:25.613601+00:00,0,0,,c322c616b7e9fb39446951dea29d951a739e578da1461eea34dd7391573d1e69,UgyOYdaAZCMCLziXcT54AaABAg,youtube-data-api-v3/commentThreads.list,,3E7k47dZeWk,Powerful XAUUSD Gold Trading Strategy,Trading Walk,,
youtube,Trading Walk,3E7k47dZeWk,https://www.youtube.com/watch?v=3E7k47dZeWk,UgyOYdaAZCMCLziXcT54AaABAg.AP_WwG_rduQAZo0qFBuI-i,Update us!!,2026-07-28T12:14:31Z,2026-10-01T13:26:25.613601+00:00,0,0,,25e4c3ac2d27808e4ea2c8cd7093d3aa44c429c23ccabdb83652607b8a52b5ea,UgyOYdaAZCMCLziXcT54AaABAg,youtube-data-api-v3/commentThreads.list,,3E7k47dZeWk,Powerful XAUUSD Gold Trading Strategy,Trading Walk,,
youtube,Trading Walk,3E7k47dZeWk,https://www.youtube.com/watch?v=3E7k47dZeWk,UgyOYdaAZCMCLziXcT54AaABAg.AP_WwG_rduQAZr9URBWwDQ,"@ranig1382 I think bro did not even try it, and for sure didn't update us. He probably blew his account",2026-07-29T17:27:46Z,2026-10-01T13:26:25.613601+00:00,0,0,,c322c616b7e9fb39446951dea29d951a739e578da1461eea34dd7391573d1e69,UgyOYdaAZCMCLziXcT54AaABAg,youtube-data-api-v3/commentThreads.list,,3E7k47dZeWk,Powerful XAUUSD Gold Trading Strategy,Trading Walk,,
youtube,Trading Walk,3E7k47dZeWk,https://www.youtube.com/watch?v=3E7k47dZeWk,UgxlUXbMDS8PnQ2i6EJ4AaABAg,Please share strategy setup,2026-03-22T16:33:46Z,2026-10-01T13:26:25.613601+00:00,1,1,,501466a5a007196fde035372d64c7edcc20b0abc065fd689a1c4b843307af519,,youtube-data-api-v3/commentThreads.list,,3E7k47dZeWk,Powerful XAUUSD Gold Trading Strategy,Trading Walk,,
youtube,Trading Walk,3E7k47dZeWk,https://www.youtube.com/watch?v=3E7k47dZeWk,Ugz4oKgVFI9L9oG3gbF4AaABAg,Complete video with more example,2026-07-29T04:44:59Z,2026-10-01T13:26:25.613601+00:00,0,1,,e863c86507c4a53bd8ded70a511252ecebf03d72650bdf274b3112fe852e7a7b,,youtube-data-api-v3/commentThreads.list,,3E7k47dZeWk,Powerful XAUUSD Gold Trading Strategy,Trading Walk,,
youtube,Trading Walk,3E7k47dZeWk,https://www.youtube.com/watch?v=3E7k47dZeWk,UgxHw3mS2TZtPIv6ELd4AaABAg,Good😳,2026-09-09T03:16:41Z,2026-10-01T13:26:25.613601+00:00,2,1,,a411cf80a03c7b494b9c2a9cdd85d91a7add4aabb06e412caa12bb11c9e84b82,,youtube-data-api-v3/commentThreads.list,,3E7k47dZeWk,Powerful XAUUSD Gold Trading Strategy,Trading Walk,,
youtube,Trading Walk,3E7k47dZeWk,https://www.youtube.com/watch?v=3E7k47dZeWk,UgyW8FUeRh7UnV_Q2Mx4AaABAg,Oh yes it really does works,2025-05-20T14:36:23Z,2026-10-01T13:26:25.613601+00:00,107,4,,b7a17a19e0f9ba42bfdacab3519c9c01a418065cf37e465cb41b7b72bb974690,,youtube-data-api-v3/commentThreads.list,,3E7k47dZeWk,Powerful XAUUSD Gold Trading Strategy,Trading Walk,,
youtube,Trading Walk,3E7k47dZeWk,https://www.youtube.com/watch?v=3E7k47dZeWk,UgyW8FUeRh7UnV_Q2Mx4AaABAg.AILl4Xl0aN2AILoQASE4zF,@tradingwalk thanks brother❤,2025-05-20T15:05:33Z,2026-10-01T13:26:25.613601+00:00,4,0,,b7a17a19e0f9ba42bfdacab3519c9c01a418065cf37e465cb41b7b72bb974690,UgyW8FUeRh7UnV_Q2Mx4AaABAg,youtube-data-api-v3/commentThreads.list,,3E7k47dZeWk,Powerful XAUUSD Gold Trading Strategy,Trading Walk,,
youtube,Trading Walk,3E7k47dZeWk,https://www.youtube.com/watch?v=3E7k47dZeWk,UgyW8FUeRh7UnV_Q2Mx4AaABAg.AILl4Xl0aN2AX11hIWeRWo,Which tradings platform,2026-05-20T09:17:13Z,2026-10-01T13:26:25.613601+00:00,0,0,,1897cb4d53e3671b663dd695a13ceda313c37d9416f17ab299294c7ee1a15dfb,UgyW8FUeRh7UnV_Q2Mx4AaABAg,youtube-data-api-v3/commentThreads.list,,3E7k47dZeWk,Powerful XAUUSD Gold Trading Strategy,Trading Walk,,
youtube,Trading Walk,3E7k47dZeWk,https://www.youtube.com/watch?v=3E7k47dZeWk,UgyW8FUeRh7UnV_Q2Mx4AaABAg.AILl4Xl0aN2AXfCofKHRux,The indicator is not free 😢,2026-06-05T09:03:12Z,2026-10-01T13:26:25.613601+00:00,2,0,,c7cf6acf385664f05aa9b9439943a3ff0e86c567baae8d0f1a131c664f56df19,UgyW8FUeRh7UnV_Q2Mx4AaABAg,youtube-data-api-v3/commentThreads.list,,3E7k47dZeWk,Powerful XAUUSD Gold Trading Strategy,Trading Walk,,
youtube,Trading Walk,3E7k47dZeWk,https://www.youtube.com/watch?v=3E7k47dZeWk,Ugz3xE-MGoNetp9qIHx4AaABAg,Same here,2025-04-03T13:29:46Z,2026-10-01T13:26:25.613601+00:00,1,1,,80eac352c330325ad80d2e815fe46cb3762191a5e5d2a41c713ae770acce656b,,youtube-data-api-v3/commentThreads.list,,3E7k47dZeWk,Powerful XAUUSD Gold Trading Strategy,Trading Walk,,
youtube,Trading Walk,3E7k47dZeWk,https://www.youtube.com/watch?v=3E7k47dZeWk,UgzzKdlqr0XzcuBWXVF4AaABAg,How to use 10X trading sysytem?,2025-09-13T15:37:52Z,2026-10-01T13:26:25.613601+00:00,14,4,,9c97420c96e42f22e836ee7f11f10d50bf486e27893f3c10baa1467537696332,,youtube-data-api-v3/commentThreads.list,,3E7k47dZeWk,Powerful XAUUSD Gold Trading Strategy,Trading Walk,,
youtube,Trading Walk,3E7k47dZeWk,https://www.youtube.com/watch?v=3E7k47dZeWk,UgzzKdlqr0XzcuBWXVF4AaABAg.AN0ZKQ2tQyIARbWjg3W9G5,@tradingwalk how is this different from Williams fractals?,2026-01-05T19:31:57Z,2026-10-01T13:26:25.613601+00:00,2,0,,52cdb8919f5ce7c8f4abcc0da896954edd173efec717cea158d0c893cd8a5bcb,UgzzKdlqr0XzcuBWXVF4AaABAg,youtube-data-api-v3/commentThreads.list,,3E7k47dZeWk,Powerful XAUUSD Gold Trading Strategy,Trading Walk,,
youtube,Trading Walk,3E7k47dZeWk,https://www.youtube.com/watch?v=3E7k47dZeWk,UgzzKdlqr0XzcuBWXVF4AaABAg.AN0ZKQ2tQyIAUAZQSm_cSs,How much does it cost to get access?,2026-03-10T12:30:51Z,2026-10-01T13:26:25.613601+00:00,0,0,,2736691af5344bf1a1491bce67110275b982583a51320f8ca7e7562c59b55fc2,UgzzKdlqr0XzcuBWXVF4AaABAg,youtube-data-api-v3/commentThreads.list,,3E7k47dZeWk,Powerful XAUUSD Gold Trading Strategy,Trading Walk,,
youtube,Trading Walk,3E7k47dZeWk,https://www.youtube.com/watch?v=3E7k47dZeWk,UgyfUYqPJTRh4Pj9ZkR4AaABAg,"Enter at the hidden demand level, explain that please",2026-01-07T11:46:50Z,2026-10-01T13:26:25.613601+00:00,28,4,,281375ffbe13c7674dddee7a50bc69e190c92ed9442fc387a2f81491c14ae602,,youtube-data-api-v3/commentThreads.list,,3E7k47dZeWk,Powerful XAUUSD Gold Trading Strategy,Trading Walk,,
youtube,Trading Walk,3E7k47dZeWk,https://www.youtube.com/watch?v=3E7k47dZeWk,UgyfUYqPJTRh4Pj9ZkR4AaABAg.ARfq5hHDSQDAVX2czVv23s,The pullback,2026-04-13T02:38:16Z,2026-10-01T13:26:25.613601+00:00,3,0,,7c438a186d24a5ff81a1f04b25c7a59398dacd81ab1a5c0d974cb95e521505a3,UgyfUYqPJTRh4Pj9ZkR4AaABAg,youtube-data-api-v3/commentThreads.list,,3E7k47dZeWk,Powerful XAUUSD Gold Trading Strategy,Trading Walk,,
youtube,Trading Walk,3E7k47dZeWk,https://www.youtube.com/watch?v=3E7k47dZeWk,UgyfUYqPJTRh4Pj9ZkR4AaABAg.ARfq5hHDSQDAa_eGtQB38u,lower timeframe,2026-09-10T15:22:00Z,2026-10-01T13:26:25.613601+00:00,0,0,,35de67d4e2f22b6cc936e744a743a1b31bf61a0ae3e33e88a0b7d27bdfca165b,UgyfUYqPJTRh4Pj9ZkR4AaABAg,youtube-data-api-v3/commentThreads.list,,3E7k47dZeWk,Powerful XAUUSD Gold Trading Strategy,Trading Walk,,
youtube,Trading Walk,3E7k47dZeWk,https://www.youtube.com/watch?v=3E7k47dZeWk,UgyfUYqPJTRh4Pj9ZkR4AaABAg.ARfq5hHDSQDAbFzJfGjE7g,Your support,2026-09-27T11:13:13Z,2026-10-01T13:26:25.613601+00:00,0,0,,ae04292633a24cc1c391fdfa06e613041296a2894caf00f191caa57a9faa5d56,UgyfUYqPJTRh4Pj9ZkR4AaABAg,youtube-data-api-v3/commentThreads.list,,3E7k47dZeWk,Powerful XAUUSD Gold Trading Strategy,Trading Walk,,
youtube,Trading Walk,3E7k47dZeWk,https://www.youtube.com/watch?v=3E7k47dZeWk,Ugxpd4btSlU15F9W4TN4AaABAg,How can I get access to this indicator please,2026-01-24T11:43:09Z,2026-10-01T13:26:25.613601+00:00,15,2,,64dd53a29b16b35136c7ca12777d77f3591a32b73d8ed68d6558b60c809935c5,,youtube-data-api-v3/commentThreads.list,,3E7k47dZeWk,Powerful XAUUSD Gold Trading Strategy,Trading Walk,,
youtube,Trading Walk,3E7k47dZeWk,https://www.youtube.com/watch?v=3E7k47dZeWk,Ugxpd4btSlU15F9W4TN4AaABAg.ASMbBegJYBkAVf8EPpydL4,​@tradingwalk I also want to use this on my phone how can I get it?,2026-04-16T15:20:22Z,2026-10-01T13:26:25.613601+00:00,0,0,,153f5fd070cb4ed0f555e02278dc2ff444d5b5e75eaccc78db1f797a856042ed,Ugxpd4btSlU15F9W4TN4AaABAg,youtube-data-api-v3/commentThreads.list,,3E7k47dZeWk,Powerful XAUUSD Gold Trading Strategy,Trading Walk,,
youtube,Trading Walk,3E7k47dZeWk,https://www.youtube.com/watch?v=3E7k47dZeWk,UgxNRK83NrRmycSkfV94AaABAg,"It is an invite only indicator, How can I get invite❓❓",2025-06-03T18:39:15Z,2026-10-01T13:26:25.613601+00:00,1,1,,22f6be4e91b87b22046a0be82042e6fdb5db81c51f987bab3411c6a602a86b23,,youtube-data-api-v3/commentThreads.list,,3E7k47dZeWk,Powerful XAUUSD Gold Trading Strategy,Trading Walk,,
youtube,Trading Walk,3E7k47dZeWk,https://www.youtube.com/watch?v=3E7k47dZeWk,UgzNG3OlOOd5uAEa6EZ4AaABAg,Does this only apply for trading view can we use it for MT4 or MT5?,2025-05-22T18:42:31Z,2026-10-01T13:26:25.613601+00:00,4,3,,0835c885ab109968417beea9fe57b8cb08b48e9bcbdc520f1e815434a732e37b,,youtube-data-api-v3/commentThreads.list,,3E7k47dZeWk,Powerful XAUUSD Gold Trading Strategy,Trading Walk,,
youtube,Trading Walk,3E7k47dZeWk,https://www.youtube.com/watch?v=3E7k47dZeWk,UgzNG3OlOOd5uAEa6EZ4AaABAg.AIRLq2rqeQRAOm4CHa55OI,"​@tradingwalk what indicators or strategy is that , I'm interested pls",2025-10-27T08:20:03Z,2026-10-01T13:26:25.613601+00:00,0,0,,d475def60f37ea1f6a042c0a62362cd5499d9fc4af3f43bd6ba955cf07c73772,UgzNG3OlOOd5uAEa6EZ4AaABAg,youtube-data-api-v3/commentThreads.list,,3E7k47dZeWk,Powerful XAUUSD Gold Trading Strategy,Trading Walk,,
youtube,Trading Walk,3E7k47dZeWk,https://www.youtube.com/watch?v=3E7k47dZeWk,UgyGiqDScpm6kgwKr4h4AaABAg,where to get that 10x trading system?,2025-04-24T11:46:33Z,2026-10-01T13:26:25.613601+00:00,10,1,,f5412c628bf4cd239ad1f33fc00a63227e124672e03cf992ac5dc21e06a8b944,,youtube-data-api-v3/commentThreads.list,,3E7k47dZeWk,Powerful XAUUSD Gold Trading Strategy,Trading Walk,,
youtube,Trading Walk,3E7k47dZeWk,https://www.youtube.com/watch?v=3E7k47dZeWk,Ugzt90CaIH5-Hu020lZ4AaABAg,How do i get this on the view??,2025-08-05T15:54:14Z,2026-10-01T13:26:25.613601+00:00,1,1,,ff6e60dd2014e98ffbbeaad21c42d74608300d24b2e3b0cc1f5a233974a596e2,,youtube-data-api-v3/commentThreads.list,,3E7k47dZeWk,Powerful XAUUSD Gold Trading Strategy,Trading Walk,,
youtube,Trading Walk,3E7k47dZeWk,https://www.youtube.com/watch?v=3E7k47dZeWk,UgwOHxT7ne_YYF3Of8l4AaABAg,Can we have trial?,2025-03-25T18:06:44Z,2026-10-01T13:26:25.613601+00:00,23,2,,41d12e831939f12ec5763454d630abb52ea411b92506e8647f6458ab3ba64ed4,,youtube-data-api-v3/commentThreads.list,,3E7k47dZeWk,Powerful XAUUSD Gold Trading Strategy,Trading Walk,,
youtube,Trading Walk,3E7k47dZeWk,https://www.youtube.com/watch?v=3E7k47dZeWk,UgwOHxT7ne_YYF3Of8l4AaABAg.AG5wdF3W3EKAOX7_45nGMB,"@markg6461yes agreed, i have tried it",2025-10-21T03:41:40Z,2026-10-01T13:26:25.613601+00:00,0,0,,f74147804ced6ebd70907c768a1ba5b2cb2ebcb132b51590aac4af36d02804f9,UgwOHxT7ne_YYF3Of8l4AaABAg,youtube-data-api-v3/commentThreads.list,,3E7k47dZeWk,Powerful XAUUSD Gold Trading Strategy,Trading Walk,,
youtube,Trading Walk,3E7k47dZeWk,https://www.youtube.com/watch?v=3E7k47dZeWk,UgwFBWdnnH_-W0wXCil4AaABAg,How to get the 10x trding system,2025-08-18T17:48:39Z,2026-10-01T13:26:25.613601+00:00,9,3,,66dc4a95b7d3b1cbc9a4f593e7f38966ecf9596360cb401457ab855d347ddca5,,youtube-data-api-v3/commentThreads.list,,3E7k47dZeWk,Powerful XAUUSD Gold Trading Strategy,Trading Walk,,
youtube,Trading Walk,3E7k47dZeWk,https://www.youtube.com/watch?v=3E7k47dZeWk,UgwFBWdnnH_-W0wXCil4AaABAg.ALyqcXN7GVXAYR02d3148_,Hay bro did you find it?,2026-06-24T07:54:26Z,2026-10-01T13:26:25.613601+00:00,0,0,,f7f324d0e9b08abda50f44f9a37fd73f08644ae98137efcf224aa082dbb841b0,UgwFBWdnnH_-W0wXCil4AaABAg,youtube-data-api-v3/commentThreads.list,,3E7k47dZeWk,Powerful XAUUSD Gold Trading Strategy,Trading Walk,,
youtube,Trading Walk,3E7k47dZeWk,https://www.youtube.com/watch?v=3E7k47dZeWk,UgwFBWdnnH_-W0wXCil4AaABAg.ALyqcXN7GVXAac1t4AemPi,Price??,2026-09-11T13:35:32Z,2026-10-01T13:26:25.613601+00:00,0,0,,715ed8eedf7f4416496c0ae535a56d09f00a82fe0fc4ee65c621fea4e34f6f12,UgwFBWdnnH_-W0wXCil4AaABAg,youtube-data-api-v3/commentThreads.list,,3E7k47dZeWk,Powerful XAUUSD Gold Trading Strategy,Trading Walk,,
youtube,Trading Walk,3E7k47dZeWk,https://www.youtube.com/watch?v=3E7k47dZeWk,Ugx9RZBkg49EFkqQDhR4AaABAg,Great video! Do you use fixed stop loss or trail it according to market structure?,2026-09-28T17:04:21Z,2026-10-01T13:26:25.613601+00:00,1,1,,5434c6ef62a7892846b0ae2a94dafddd42c165d0ff57f45323126111b90f0d3a,,youtube-data-api-v3/commentThreads.list,,3E7k47dZeWk,Powerful XAUUSD Gold Trading Strategy,Trading Walk,,
youtube,Trading Walk,3E7k47dZeWk,https://www.youtube.com/watch?v=3E7k47dZeWk,UgwyflxcVmoUWw7m4kh4AaABAg,please one for 15 min,2026-04-28T19:32:48Z,2026-10-01T13:26:25.613601+00:00,1,1,,8393aa70462efa148c0878fddf3c49be6f819b7f70df4e75b469b01db28d8748,,youtube-data-api-v3/commentThreads.list,,3E7k47dZeWk,Powerful XAUUSD Gold Trading Strategy,Trading Walk,,
youtube,Trading Walk,3E7k47dZeWk,https://www.youtube.com/watch?v=3E7k47dZeWk,UgxDqb6_eiIfKRy1R2R4AaABAg,Been following you for years…is this strategy still available and valid?,2025-11-15T04:51:39Z,2026-10-01T13:26:25.613601+00:00,1,1,,fb0eca753debb7e50b7f79b6fece9d8c75fd7cafbbdb78a285fb456a086f723f,,youtube-data-api-v3/commentThreads.list,,3E7k47dZeWk,Powerful XAUUSD Gold Trading Strategy,Trading Walk,,
youtube,Trading Walk,3E7k47dZeWk,https://www.youtube.com/watch?v=3E7k47dZeWk,Ugx8CjTM8NVMgFozkTl4AaABAg,WHERE CAN I GET 10X TRADING SYSTEM,2025-05-20T23:00:13Z,2026-10-01T13:26:25.613601+00:00,1,1,,f935ea8f3344c297e845cb1705c1894fca9d2cad10e0c6cca0b7f9e7e26d0bc5,,youtube-data-api-v3/commentThreads.list,,3E7k47dZeWk,Powerful XAUUSD Gold Trading Strategy,Trading Walk,,
youtube,Trading Walk,3E7k47dZeWk,https://www.youtube.com/watch?v=3E7k47dZeWk,Ugy-micG6FHEWuk_1I14AaABAg,Time Frame,2025-06-04T09:44:22Z,2026-10-01T13:26:25.613601+00:00,1,1,,03ad2fe34a80d5e4ff4a65e84d970dff5cdf598fed1e2316e5492e374075b6d8,,youtube-data-api-v3/commentThreads.list,,3E7k47dZeWk,Powerful XAUUSD Gold Trading Strategy,Trading Walk,,
youtube,Trading Walk,3E7k47dZeWk,https://www.youtube.com/watch?v=3E7k47dZeWk,UgyhR-yuvrPck5pcJmt4AaABAg,How to apply and try it.....please inform ...thank you,2026-04-20T03:35:38Z,2026-10-01T13:26:25.613601+00:00,1,1,,7ab0138a8d003df36b044b15cb21c33b8b29cc3d44a94aa6176bc55e2d383a49,,youtube-data-api-v3/commentThreads.list,,3E7k47dZeWk,Powerful XAUUSD Gold Trading Strategy,Trading Walk,,
youtube,Trading Walk,3E7k47dZeWk,https://www.youtube.com/watch?v=3E7k47dZeWk,Ugz9vE9lv1wNQ6eimAJ4AaABAg,What is the indicator based on?,2026-01-30T14:00:10Z,2026-10-01T13:26:25.613601+00:00,1,1,,9f0fba8528bffc2da9a9af610da81aed04c9215085bc86f046a02ac672f9e905,,youtube-data-api-v3/commentThreads.list,,3E7k47dZeWk,Powerful XAUUSD Gold Trading Strategy,Trading Walk,,
youtube,Trading Walk,3E7k47dZeWk,https://www.youtube.com/watch?v=3E7k47dZeWk,Ugza5k1I8vSJxUpPggh4AaABAg,Please can I get the strategy,2025-07-18T07:37:04Z,2026-10-01T13:26:25.613601+00:00,0,1,,ac22598a5cbed585df5ced112635ac0e6216bb4e6e3b0cf3a6de437115d586b3,,youtube-data-api-v3/commentThreads.list,,3E7k47dZeWk,Powerful XAUUSD Gold Trading Strategy,Trading Walk,,
youtube,Trading Walk,3E7k47dZeWk,https://www.youtube.com/watch?v=3E7k47dZeWk,Ugz3gTZJhZ154qiPu4t4AaABAg,What is a 10x trading system ?,2025-04-05T10:30:13Z,2026-10-01T13:26:25.613601+00:00,2,2,,e6fda309a95ca1b56f2233baa51f5a41191acf994fd8a057206e05b874a8d503,,youtube-data-api-v3/commentThreads.list,,3E7k47dZeWk,Powerful XAUUSD Gold Trading Strategy,Trading Walk,,
youtube,Trading Walk,3E7k47dZeWk,https://www.youtube.com/watch?v=3E7k47dZeWk,Ugz3gTZJhZ154qiPu4t4AaABAg.AGXS8Af_dw4ANwwd2O-dVb,@janetmbogori7674 yes u have to subscribe,2025-10-06T17:05:27Z,2026-10-01T13:26:25.613601+00:00,0,0,,c86c00ca0c32ff385b104c4c443f8113513f898a23c56bc6c2b7675f272c59aa,Ugz3gTZJhZ154qiPu4t4AaABAg,youtube-data-api-v3/commentThreads.list,,3E7k47dZeWk,Powerful XAUUSD Gold Trading Strategy,Trading Walk,,
youtube,Trading Walk,3E7k47dZeWk,https://www.youtube.com/watch?v=3E7k47dZeWk,UgyrSkpSArwvLsscGl54AaABAg,Hi. How to add the 10X Trading System in Tradingview? It asked me to request permission,2026-05-24T05:08:11Z,2026-10-01T13:26:25.613601+00:00,1,1,,c65cc63683d8e51628c42563c6d15f04ea1145773462e1de64f3fdb7855255ef,,youtube-data-api-v3/commentThreads.list,,3E7k47dZeWk,Powerful XAUUSD Gold Trading Strategy,Trading Walk,,
youtube,Trading Walk,3E7k47dZeWk,https://www.youtube.com/watch?v=3E7k47dZeWk,Ugz9wmUfq8fTIXdkWAV4AaABAg,what about scalping 15m?,2025-06-08T02:37:02Z,2026-10-01T13:26:25.613601+00:00,4,1,,cd316d6a137ecbd848c25477997866aecbdb9391f68d232915c4e79a9fdaac16,,youtube-data-api-v3/commentThreads.list,,3E7k47dZeWk,Powerful XAUUSD Gold Trading Strategy,Trading Walk,,
youtube,Trading Walk,3E7k47dZeWk,https://www.youtube.com/watch?v=3E7k47dZeWk,UgxVzhWq1tae0WiBF5F4AaABAg,I use the same strategy but with 4h candle. it's more accurate than 1 hour.,2026-05-02T05:55:52Z,2026-10-01T13:26:25.613601+00:00,6,4,,dbe070988d08fdc52c90d50abb7423b7918935ff189b458d5616439210da35b0,,youtube-data-api-v3/commentThreads.list,,3E7k47dZeWk,Powerful XAUUSD Gold Trading Strategy,Trading Walk,,
youtube,Trading Walk,3E7k47dZeWk,https://www.youtube.com/watch?v=3E7k47dZeWk,UgxVzhWq1tae0WiBF5F4AaABAg.AWIKLp1MlvdAX4sXfQP0uV,I can’t find the tool. Is there another name for it?,2026-05-21T21:05:21Z,2026-10-01T13:26:25.613601+00:00,0,0,,fb4878c87ab5f2d5bcf16c2e6718c9cdf89fcd0db6f620dcac4b0b87ec351f2b,UgxVzhWq1tae0WiBF5F4AaABAg,youtube-data-api-v3/commentThreads.list,,3E7k47dZeWk,Powerful XAUUSD Gold Trading Strategy,Trading Walk,,
youtube,Trading Walk,3E7k47dZeWk,https://www.youtube.com/watch?v=3E7k47dZeWk,UgxVzhWq1tae0WiBF5F4AaABAg.AWIKLp1MlvdAYw4zmA_nJn,Do you use his recomended indicator?,2026-07-06T18:53:18Z,2026-10-01T13:26:25.613601+00:00,0,0,,482e4d399b92d0ab2d200602e769f52c865a0ceb09fe3130f59e6ba7b3b51b7a,UgxVzhWq1tae0WiBF5F4AaABAg,youtube-data-api-v3/commentThreads.list,,3E7k47dZeWk,Powerful XAUUSD Gold Trading Strategy,Trading Walk,,
youtube,Trading Walk,3E7k47dZeWk,https://www.youtube.com/watch?v=3E7k47dZeWk,UgxVzhWq1tae0WiBF5F4AaABAg.AWIKLp1MlvdAYxv80lwGqP,@tradingwalkhey i purchased your 10x trading indicator but havent received any mail from you,2026-07-07T11:56:55Z,2026-10-01T13:26:25.613601+00:00,0,0,,72cf28f231ff7057a2bcdc1c289fd9e958f4289140782088287a1e3a5371b634,UgxVzhWq1tae0WiBF5F4AaABAg,youtube-data-api-v3/commentThreads.list,,3E7k47dZeWk,Powerful XAUUSD Gold Trading Strategy,Trading Walk,,
youtube,Trading Walk,3E7k47dZeWk,https://www.youtube.com/watch?v=3E7k47dZeWk,UgyI8AzOUWKFHfd7Dyx4AaABAg,great,2026-04-28T19:32:36Z,2026-10-01T13:26:25.613601+00:00,2,1,,8393aa70462efa148c0878fddf3c49be6f819b7f70df4e75b469b01db28d8748,,youtube-data-api-v3/commentThreads.list,,3E7k47dZeWk,Powerful XAUUSD Gold Trading Strategy,Trading Walk,,
youtube,Trading Walk,3E7k47dZeWk,https://www.youtube.com/watch?v=3E7k47dZeWk,UgzwI1SODqa2JGEEIWp4AaABAg,Can I use for BTC???,2025-07-07T21:26:29Z,2026-10-01T13:26:25.613601+00:00,0,1,,e4624cfb4027351d6cf3efc796a300b14784fe8530032a7635b7e07486987cc7,,youtube-data-api-v3/commentThreads.list,,3E7k47dZeWk,Powerful XAUUSD Gold Trading Strategy,Trading Walk,,
youtube,Trading Walk,3E7k47dZeWk,https://www.youtube.com/watch?v=3E7k47dZeWk,UgzzY8LHHyj3KcD6ICl4AaABAg,Best Time frame????,2025-10-05T01:11:31Z,2026-10-01T13:26:25.613601+00:00,0,1,,cd32b70cb0fdb521a119de4fdfc3f1303f06425c57542f4af274627c77ceca0f,,youtube-data-api-v3/commentThreads.list,,3E7k47dZeWk,Powerful XAUUSD Gold Trading Strategy,Trading Walk,,
youtube,Trading Walk,3E7k47dZeWk,https://www.youtube.com/watch?v=3E7k47dZeWk,UgxrDLQ13NJ18Jn1g9Z4AaABAg,can we do in 15 mins for scalps,2026-02-18T20:54:56Z,2026-10-01T13:26:25.613601+00:00,1,1,,d0aca1e91c5b5043003292c5b6304f4e0e9d3b51e97ade677ff7f05067195667,,youtube-data-api-v3/commentThreads.list,,3E7k47dZeWk,Powerful XAUUSD Gold Trading Strategy,Trading Walk,,
youtube,Trading Walk,3E7k47dZeWk,https://www.youtube.com/watch?v=3E7k47dZeWk,UgwQ1KNMjo0r5J4kaBx4AaABAg,Bro its showing locked i cant get this indicator?,2025-11-06T10:42:07Z,2026-10-01T13:26:25.613601+00:00,0,1,,99edcd66faa5c9d0090344b797165e47de55b2511bccd6c5669016b411e69d28,,youtube-data-api-v3/commentThreads.list,,3E7k47dZeWk,Powerful XAUUSD Gold Trading Strategy,Trading Walk,,
youtube,Trading Walk,3E7k47dZeWk,https://www.youtube.com/watch?v=3E7k47dZeWk,UgwI1-Q6e9XJAoGtenV4AaABAg,how i get access,2025-09-13T23:36:32Z,2026-10-01T13:26:25.613601+00:00,1,1,,f840e22e527b58aa5c7835f88cb78140c1aca0dc164298f6fab798a2d119036d,,youtube-data-api-v3/commentThreads.list,,3E7k47dZeWk,Powerful XAUUSD Gold Trading Strategy,Trading Walk,,
youtube,Trading Walk,3E7k47dZeWk,https://www.youtube.com/watch?v=3E7k47dZeWk,Ugx1-WpYctyV-JQ-41Z4AaABAg,"""Can I apply this strategy for a sell position from the top?""",2026-07-29T05:39:51Z,2026-10-01T13:26:25.613601+00:00,1,1,,55199c6cbf814d72b403f2d50cb6bdd8e273e9e04d18599a0463571fb72df63c,,youtube-data-api-v3/commentThreads.list,,3E7k47dZeWk,Powerful XAUUSD Gold Trading Strategy,Trading Walk,,
youtube,Trading Walk,3E7k47dZeWk,https://www.youtube.com/watch?v=3E7k47dZeWk,UgzTpzTuX4W8STL2iul4AaABAg,How can i take this strategy cause its locked on trading view,2026-07-26T15:25:00Z,2026-10-01T13:26:25.613601+00:00,1,1,,17607c160d4264e3ece64b5d7826100b018acd0522d095ef12040f88f3e4e887,,youtube-data-api-v3/commentThreads.list,,3E7k47dZeWk,Powerful XAUUSD Gold Trading Strategy,Trading Walk,,
youtube,Trading Walk,3E7k47dZeWk,https://www.youtube.com/watch?v=3E7k47dZeWk,UgyQVcp_79CbNGTh_bR4AaABAg,How to add it in mt5??,2025-12-12T11:14:09Z,2026-10-01T13:26:25.613601+00:00,0,1,,ed2b430d4004adede002837233f9da888cfff9b12e21b996b5c624c6c00d2537,,youtube-data-api-v3/commentThreads.list,,3E7k47dZeWk,Powerful XAUUSD Gold Trading Strategy,Trading Walk,,
youtube,Trading Walk,3E7k47dZeWk,https://www.youtube.com/watch?v=3E7k47dZeWk,Ugw8TLzGJyEcTtJD7GJ4AaABAg,I need this indicator please help me,2026-03-06T19:22:56Z,2026-10-01T13:26:25.613601+00:00,0,1,,7a1dd0fd8d1ea24ac61634ef9e1e955080568131f95ec3060e7741905190de44,,youtube-data-api-v3/commentThreads.list,,3E7k47dZeWk,Powerful XAUUSD Gold Trading Strategy,Trading Walk,,
youtube,Trading Walk,3E7k47dZeWk,https://www.youtube.com/watch?v=3E7k47dZeWk,UgzvTdvhRkOB6k8gU3B4AaABAg,How to get the indicator?,2025-12-31T20:48:31Z,2026-10-01T13:26:25.613601+00:00,0,1,,b2c079cee54161e3dff336ba0969617e02ca9cbe63edbf0b48a81d33a12692be,,youtube-data-api-v3/commentThreads.list,,3E7k47dZeWk,Powerful XAUUSD Gold Trading Strategy,Trading Walk,,
youtube,Trading Walk,3E7k47dZeWk,https://www.youtube.com/watch?v=3E7k47dZeWk,UgzxuKS1PqNiFPOUaq54AaABAg,What time frame do you use,2026-04-25T23:13:18Z,2026-10-01T13:26:25.613601+00:00,1,1,,b87f719b47905f17a98525e78517c628b7ca0a6f865e0f6785b4cb03f0551647,,youtube-data-api-v3/commentThreads.list,,3E7k47dZeWk,Powerful XAUUSD Gold Trading Strategy,Trading Walk,,
youtube,Trading Walk,3E7k47dZeWk,https://www.youtube.com/watch?v=3E7k47dZeWk,Ugw0s3SstwuUqIMLESt4AaABAg,What is the price of the indicator ?,2026-05-17T12:13:31Z,2026-10-01T13:26:25.613601+00:00,1,1,,9cd0e00c995a448dcba9441e841ef484f4111fb4df06cc6775e8102608f16f15,,youtube-data-api-v3/commentThreads.list,,3E7k47dZeWk,Powerful XAUUSD Gold Trading Strategy,Trading Walk,,
youtube,Trading Walk,3E7k47dZeWk,https://www.youtube.com/watch?v=3E7k47dZeWk,UgzuXmeGz8ZOwtx1gHZ4AaABAg,Is that working for meta trader 5 as well,2026-07-16T18:19:31Z,2026-10-01T13:26:25.613601+00:00,0,1,,1e065d0157d997c42ac8778f14b081f1dd5f3f2abe14228992c452e957d1ac25,,youtube-data-api-v3/commentThreads.list,,3E7k47dZeWk,Powerful XAUUSD Gold Trading Strategy,Trading Walk,,
youtube,Trading Walk,3E7k47dZeWk,https://www.youtube.com/watch?v=3E7k47dZeWk,Ugx9TycMW-_TH9uyavB4AaABAg,How do I add it,2025-12-28T12:01:16Z,2026-10-01T13:26:25.613601+00:00,0,1,,ebda4d36d44133a7004f067d240640cb8954b654c4bf61a1d5486ff6278f5805,,youtube-data-api-v3/commentThreads.list,,3E7k47dZeWk,Powerful XAUUSD Gold Trading Strategy,Trading Walk,,
youtube,Trading Walk,3E7k47dZeWk,https://www.youtube.com/watch?v=3E7k47dZeWk,Ugyb6dToXb52I6Gz6lJ4AaABAg,i want this indicator,2026-03-16T07:29:12Z,2026-10-01T13:26:25.613601+00:00,0,1,,7115efb2d80f8b90364d8fc7d68a2261fe0cfe3d0e39ff4d9a07b59b79b28af0,,youtube-data-api-v3/commentThreads.list,,3E7k47dZeWk,Powerful XAUUSD Gold Trading Strategy,Trading Walk,,
youtube,Trading Walk,3E7k47dZeWk,https://www.youtube.com/watch?v=3E7k47dZeWk,UgwQ545_WCKZuwYIarp4AaABAg,How do you unlock 10x trading system? I saw your video on YouTube and wanted to try it out.,2025-12-21T05:56:16Z,2026-10-01T13:26:25.613601+00:00,1,2,,928afa7cdd6f5611d9fb747a9a8539a897624bf5993f42b311c279cf74dced0e,,youtube-data-api-v3/commentThreads.list,,3E7k47dZeWk,Powerful XAUUSD Gold Trading Strategy,Trading Walk,,
youtube,Trading Walk,3E7k47dZeWk,https://www.youtube.com/watch?v=3E7k47dZeWk,UgwQ545_WCKZuwYIarp4AaABAg.AQzRTHliF6AAQzUE0IiaXN,@tradingwalkappreciate it for letting me know,2025-12-21T06:20:24Z,2026-10-01T13:26:25.613601+00:00,0,0,,928afa7cdd6f5611d9fb747a9a8539a897624bf5993f42b311c279cf74dced0e,UgwQ545_WCKZuwYIarp4AaABAg,youtube-data-api-v3/commentThreads.list,,3E7k47dZeWk,Powerful XAUUSD Gold Trading Strategy,Trading Walk,,
youtube,Trading Walk,3E7k47dZeWk,https://www.youtube.com/watch?v=3E7k47dZeWk,Ugw7DLRVhBOpJH9GzV54AaABAg,How to buy this indicator,2026-03-18T00:13:36Z,2026-10-01T13:26:25.613601+00:00,1,1,,01f3a4cb139421e787a726edebd3c61382503691446e3a603a5a1ca964e9a77f,,youtube-data-api-v3/commentThreads.list,,3E7k47dZeWk,Powerful XAUUSD Gold Trading Strategy,Trading Walk,,
youtube,Trading Walk,3E7k47dZeWk,https://www.youtube.com/watch?v=3E7k47dZeWk,UgxaKTQBLEsPY3c8QH54AaABAg,which time frame ?,2025-03-31T21:26:12Z,2026-10-01T13:26:25.613601+00:00,2,1,,f4ca16bc2bc2581065203ef8a427db2cb3bdedf3d5a108132ff661836708038c,,youtube-data-api-v3/commentThreads.list,,3E7k47dZeWk,Powerful XAUUSD Gold Trading Strategy,Trading Walk,,
youtube,Trading Walk,3E7k47dZeWk,https://www.youtube.com/watch?v=3E7k47dZeWk,UgydO-RKMtWSQQ7-EhB4AaABAg,What is the cost of this indicator?,2025-12-12T00:27:43Z,2026-10-01T13:26:25.613601+00:00,0,1,,49e90ebe5b0ec15836081517faff87f0b01a882f63bfc750b5531742ba60e307,,youtube-data-api-v3/commentThreads.list,,3E7k47dZeWk,Powerful XAUUSD Gold Trading Strategy,Trading Walk,,
youtube,Trading Walk,3E7k47dZeWk,https://www.youtube.com/watch?v=3E7k47dZeWk,Ugy3JDuwGqeYS204i2d4AaABAg,Any honest review about this indicator from users who have actually used this indicator.,2026-01-05T23:11:16Z,2026-10-01T13:26:25.613601+00:00,1,1,,c6de51cab0c527a3b50e761f6baccbaca6d17c51140935e2ea3883db79053c8e,,youtube-data-api-v3/commentThreads.list,,3E7k47dZeWk,Powerful XAUUSD Gold Trading Strategy,Trading Walk,,
youtube,Trading Walk,3E7k47dZeWk,https://www.youtube.com/watch?v=3E7k47dZeWk,UgyRI2WB__n7ipW7aRZ4AaABAg,How to get it in trading view?,2026-07-30T17:37:02Z,2026-10-01T13:26:25.613601+00:00,0,1,,00b3bce93235ea3c2f94087d88ed9536a3d9b78672a7d34c22496b5e06aed7f7,,youtube-data-api-v3/commentThreads.list,,3E7k47dZeWk,Powerful XAUUSD Gold Trading Strategy,Trading Walk,,
youtube,Trading Walk,3E7k47dZeWk,https://www.youtube.com/watch?v=3E7k47dZeWk,UgxIg0U3aWfm96lV3PR4AaABAg,how to avail and how much?,2025-11-16T01:17:46Z,2026-10-01T13:26:25.613601+00:00,0,1,,1378d9d5f246bc575cf40a98fe43e8263078c9d76deff8d80f723eb660146e04,,youtube-data-api-v3/commentThreads.list,,3E7k47dZeWk,Powerful XAUUSD Gold Trading Strategy,Trading Walk,,
youtube,Trading Walk,3E7k47dZeWk,https://www.youtube.com/watch?v=3E7k47dZeWk,Ugy5IkWv7p4VLXmOuRx4AaABAg,This script is locked in trading view how i got access please reply i wants it,2026-05-17T12:10:58Z,2026-10-01T13:26:25.613601+00:00,0,1,,66d31a6941e5fd928a72a8b132f06c2eb6e887c803275ffc26d03289b0b529c4,,youtube-data-api-v3/commentThreads.list,,3E7k47dZeWk,Powerful XAUUSD Gold Trading Strategy,Trading Walk,,
youtube,Trading Walk,3E7k47dZeWk,https://www.youtube.com/watch?v=3E7k47dZeWk,UgzSXI1ZT7vXc5ceJ6h4AaABAg,"On which platform, it can on MT5 forex platform?? In MT5 there is no any lind of this 10X strategy indicator, where it is??",2026-09-12T07:17:21Z,2026-10-01T13:26:25.613601+00:00,0,1,,84653675ea35d4ce0bc586b5f5e40dd8b2f061604400d5a0d32dd3c09c66758d,,youtube-data-api-v3/commentThreads.list,,3E7k47dZeWk,Powerful XAUUSD Gold Trading Strategy,Trading Walk,,
youtube,Trading Walk,3E7k47dZeWk,https://www.youtube.com/watch?v=3E7k47dZeWk,UgxayIG3BkU6Td-7xKB4AaABAg,is it still in profit after 5 month ?? who is it  testing so long,2026-02-02T17:38:44Z,2026-10-01T13:26:25.613601+00:00,0,1,,cd2e0442639aebde732465d8c300a3e71fb6b8d700ea70a01111b9013bd2a425,,youtube-data-api-v3/commentThreads.list,,3E7k47dZeWk,Powerful XAUUSD Gold Trading Strategy,Trading Walk,,
youtube,Trading Walk,3E7k47dZeWk,https://www.youtube.com/watch?v=3E7k47dZeWk,Ugyf64oYZLrtw5zD8NJ4AaABAg,Can this work on 5 min candel chart too,2025-09-09T17:07:04Z,2026-10-01T13:26:25.613601+00:00,0,1,,ab6c21470d9d4f271268846b4feb8ed9b7bebeabc4cd0b15a9d7c5d4f813991c,,youtube-data-api-v3/commentThreads.list,,3E7k47dZeWk,Powerful XAUUSD Gold Trading Strategy,Trading Walk,,
youtube,Trading Walk,3E7k47dZeWk,https://www.youtube.com/watch?v=3E7k47dZeWk,Ugx1aAMu0KvS3RUHRR54AaABAg,Really that good??🤔,2025-12-18T11:48:09Z,2026-10-01T13:26:25.613601+00:00,0,1,,4ef5dcd279e21dcbd8b5a1b08713e533210f189dbd3b42c78ead3c111f7788e7,,youtube-data-api-v3/commentThreads.list,,3E7k47dZeWk,Powerful XAUUSD Gold Trading Strategy,Trading Walk,,
youtube,Trading Walk,3E7k47dZeWk,https://www.youtube.com/watch?v=3E7k47dZeWk,UgwzSacOxZX_xARl40B4AaABAg,How do we get access to the indicator?,2026-08-15T07:18:58Z,2026-10-01T13:26:25.613601+00:00,0,1,,a7b09d3c92fbebcd0ceaf6c6d86da7d00d1f771e565628f0299ad31a8df3da18,,youtube-data-api-v3/commentThreads.list,,3E7k47dZeWk,Powerful XAUUSD Gold Trading Strategy,Trading Walk,,
youtube,Trading Walk,3E7k47dZeWk,https://www.youtube.com/watch?v=3E7k47dZeWk,UgyBG46fy6x65iHo4NJ4AaABAg,"indicator locked rn, what happened?",2026-08-30T18:47:27Z,2026-10-01T13:26:25.613601+00:00,1,1,,5a863d6535c2550cdf22ff76a288dbe8ed60b635d8c10770c335a4151872efe9,,youtube-data-api-v3/commentThreads.list,,3E7k47dZeWk,Powerful XAUUSD Gold Trading Strategy,Trading Walk,,
youtube,Trading Walk,3E7k47dZeWk,https://www.youtube.com/watch?v=3E7k47dZeWk,Ugwm01RR_-H1-RH5BvZ4AaABAg,what app is this,2026-03-25T10:45:24Z,2026-10-01T13:26:25.613601+00:00,0,1,,3909979d355f5ee3db7c4ba7a12c3da21109941687b536e86bdc7f463b53d2a0,,youtube-data-api-v3/commentThreads.list,,3E7k47dZeWk,Powerful XAUUSD Gold Trading Strategy,Trading Walk,,
youtube,Trading Walk,3E7k47dZeWk,https://www.youtube.com/watch?v=3E7k47dZeWk,UgwwXl63oB0P7fvdaEN4AaABAg,it is locked . how to open it .,2026-03-12T07:33:07Z,2026-10-01T13:26:25.613601+00:00,0,1,,e6e60e1da541959775a4cf5928774ec7b9c6ebc8183cd5364cd6eccc97582d51,,youtube-data-api-v3/commentThreads.list,,3E7k47dZeWk,Powerful XAUUSD Gold Trading Strategy,Trading Walk,,
youtube,Trading Walk,3E7k47dZeWk,https://www.youtube.com/watch?v=3E7k47dZeWk,UgxdBepTuiCTz5388A94AaABAg,I need indicator plzzz,2026-09-26T16:26:22Z,2026-10-01T13:26:25.614603+00:00,1,1,,70498530ee5ef7c59d00623bacb0a10cc0c9efb3e835b08a687ae030d4e3ce78,,youtube-data-api-v3/commentThreads.list,,3E7k47dZeWk,Powerful XAUUSD Gold Trading Strategy,Trading Walk,,
youtube,Trading Walk,3E7k47dZeWk,https://www.youtube.com/watch?v=3E7k47dZeWk,UgxuPHMDTjs6Fp-rSUV4AaABAg,Is this work in all timeframe?,2026-09-08T20:22:25Z,2026-10-01T13:26:25.614603+00:00,1,1,,adfa14edf87a00cc72795b13da1610bb18ed41256dee47b64e5196e1801b6c26,,youtube-data-api-v3/commentThreads.list,,3E7k47dZeWk,Powerful XAUUSD Gold Trading Strategy,Trading Walk,,
youtube,Trading Walk,3E7k47dZeWk,https://www.youtube.com/watch?v=3E7k47dZeWk,UgzXQqIe81HcivTwXdB4AaABAg,Hi. Where can I buy this?,2026-08-19T11:59:02Z,2026-10-01T13:26:25.614603+00:00,0,1,,d2f15dedfd604b79b250f09af6d94d14ad83bcc2056f9e004ffd8b766da82bac,,youtube-data-api-v3/commentThreads.list,,3E7k47dZeWk,Powerful XAUUSD Gold Trading Strategy,Trading Walk,,
youtube,Trading Walk,3E7k47dZeWk,https://www.youtube.com/watch?v=3E7k47dZeWk,UgydeHj1_zwFCEO2R1p4AaABAg,can i try ur signals? buy or free?,2025-11-16T12:17:13Z,2026-10-01T13:26:25.614603+00:00,2,1,,f86c8a6159c857f08a690ae3c2d785bcc3a37a194a2f71d842c4a03637755b0a,,youtube-data-api-v3/commentThreads.list,,3E7k47dZeWk,Powerful XAUUSD Gold Trading Strategy,Trading Walk,,
youtube,Trading Walk,3E7k47dZeWk,https://www.youtube.com/watch?v=3E7k47dZeWk,UgxNJ5yT8LbyNYc3Bkd4AaABAg,Time frame ?,2026-04-08T15:28:59Z,2026-10-01T13:26:25.614603+00:00,0,1,,7068b01374f583b7cfa9985aed5fe3ba11de98f8a25d6becd0d5aecace790dd2,,youtube-data-api-v3/commentThreads.list,,3E7k47dZeWk,Powerful XAUUSD Gold Trading Strategy,Trading Walk,,
youtube,Trading Walk,3E7k47dZeWk,https://www.youtube.com/watch?v=3E7k47dZeWk,UgxfILCV61okW1lJqMR4AaABAg,How to get signal,2026-08-13T07:25:05Z,2026-10-01T13:26:25.614603+00:00,0,1,,78e8a90c2ffa1cea72a5540418341f496f484a6a264850ae645df3fa6cdb7d8e,,youtube-data-api-v3/commentThreads.list,,3E7k47dZeWk,Powerful XAUUSD Gold Trading Strategy,Trading Walk,,
youtube,Trading Walk,3E7k47dZeWk,https://www.youtube.com/watch?v=3E7k47dZeWk,Ugzo_smznHrwn6a4iu94AaABAg,I can’t use the 10x trading system,2026-09-02T14:12:48Z,2026-10-01T13:26:25.614603+00:00,0,1,,650644a384b1127c60f917edd443a454a5fd8eaf15ea3691cf7db0890a6fe9e7,,youtube-data-api-v3/commentThreads.list,,3E7k47dZeWk,Powerful XAUUSD Gold Trading Strategy,Trading Walk,,
youtube,Trading Walk,3E7k47dZeWk,https://www.youtube.com/watch?v=3E7k47dZeWk,UgwCGJQwz7Ig-bVI3K94AaABAg,it is locked. how to get access?,2026-07-12T05:15:01Z,2026-10-01T13:26:25.614603+00:00,0,1,,4c2313ab556801ede982b3d1ac8143c736151132f6bf7afb94a97ea338e81e0d,,youtube-data-api-v3/commentThreads.list,,3E7k47dZeWk,Powerful XAUUSD Gold Trading Strategy,Trading Walk,,
youtube,Trading Walk,3E7k47dZeWk,https://www.youtube.com/watch?v=3E7k47dZeWk,Ugz9jsn7QNpQelTGlo94AaABAg,"It's locked, how do we get the indicator?",2025-11-05T14:55:52Z,2026-10-01T13:26:25.614603+00:00,3,1,,ed8e4cf709052b9bb1c0f9170fba72ec684c9f9c382e20bda1665a6ea8e62d3a,,youtube-data-api-v3/commentThreads.list,,3E7k47dZeWk,Powerful XAUUSD Gold Trading Strategy,Trading Walk,,
youtube,Trading Walk,3E7k47dZeWk,https://www.youtube.com/watch?v=3E7k47dZeWk,UgzfRit-_LPYQWktsB94AaABAg,Locked this strategy how to unlock ?,2025-03-21T08:53:12Z,2026-10-01T13:26:25.614603+00:00,1,1,,5e715a9b766966f993e2dc2b17e4799ffba1a9a19bb6f48f76caa22ac0eeeb24,,youtube-data-api-v3/commentThreads.list,,3E7k47dZeWk,Powerful XAUUSD Gold Trading Strategy,Trading Walk,,
youtube,Trading Walk,3E7k47dZeWk,https://www.youtube.com/watch?v=3E7k47dZeWk,UgyGQWgYsVMhD1BTNTR4AaABAg,How to get access??????????,2026-08-17T12:57:22Z,2026-10-01T13:26:25.614603+00:00,0,1,,7aba6e263aa6a9db6add37e1d29a62ac2a9c562b5bd96e39c25e419b8a06dc0d,,youtube-data-api-v3/commentThreads.list,,3E7k47dZeWk,Powerful XAUUSD Gold Trading Strategy,Trading Walk,,
youtube,Trading Walk,3E7k47dZeWk,https://www.youtube.com/watch?v=3E7k47dZeWk,Ugx_IadsynpP3-19UTl4AaABAg,How to get this,2026-08-20T15:35:27Z,2026-10-01T13:26:25.614603+00:00,0,1,,da5adaf652a8279226b7318f2f45b1381498536d0a7a6275f27a2fc1d73b5c3a,,youtube-data-api-v3/commentThreads.list,,3E7k47dZeWk,Powerful XAUUSD Gold Trading Strategy,Trading Walk,,
youtube,Trading Walk,3E7k47dZeWk,https://www.youtube.com/watch?v=3E7k47dZeWk,UgwSG7pyqddcId04V3l4AaABAg,How do I add that to on an android phone??,2025-10-06T10:02:23Z,2026-10-01T13:26:25.614603+00:00,1,1,,ae62e2559ebf9024d97a8af8b6526f776295692bebfac92b512fce12fd7035eb,,youtube-data-api-v3/commentThreads.list,,3E7k47dZeWk,Powerful XAUUSD Gold Trading Strategy,Trading Walk,,
youtube,Trading Walk,3E7k47dZeWk,https://www.youtube.com/watch?v=3E7k47dZeWk,UgwfEpj_vaDaQ0dwaLJ4AaABAg,Indicator name,2026-08-05T15:55:55Z,2026-10-01T13:26:25.614603+00:00,0,1,,d22ce3e2830a719f1c81afb7b94e7b32d754bcafc6f7067b7812a5676cbc200d,,youtube-data-api-v3/commentThreads.list,,3E7k47dZeWk,Powerful XAUUSD Gold Trading Strategy,Trading Walk,,
youtube,Trading Walk,3E7k47dZeWk,https://www.youtube.com/watch?v=3E7k47dZeWk,UgzuKbVpWPFFk4HNdGd4AaABAg,Name of tool ?,2024-12-31T17:02:58Z,2026-10-01T13:26:25.614603+00:00,5,7,,d2da76c26c5f017fbf2b6878805612e4df593d3eac3f74e1388ae3ccfdae2331,,youtube-data-api-v3/commentThreads.list,,3E7k47dZeWk,Powerful XAUUSD Gold Trading Strategy,Trading Walk,,
youtube,Trading Walk,3E7k47dZeWk,https://www.youtube.com/watch?v=3E7k47dZeWk,UgzuKbVpWPFFk4HNdGd4AaABAg.ACiXZfops98ADWISkpvriE,@tradingwalkso you made your own indicator strategy?,2025-01-20T10:12:13Z,2026-10-01T13:26:25.614603+00:00,0,0,,abbed334ca156fe7132a1cba9af97345825636c9df911d3369ae2251589a303b,UgzuKbVpWPFFk4HNdGd4AaABAg,youtube-data-api-v3/commentThreads.list,,3E7k47dZeWk,Powerful XAUUSD Gold Trading Strategy,Trading Walk,,
youtube,Trading Walk,3E7k47dZeWk,https://www.youtube.com/watch?v=3E7k47dZeWk,UgzuKbVpWPFFk4HNdGd4AaABAg.ACiXZfops98AF2Lz2IlCxV,@tradingwalk how much is it?,2025-02-27T12:08:33Z,2026-10-01T13:26:25.614603+00:00,0,0,,8efc361895f65e06fcf9e917e039b90d2dbcb4cf493e404a3d85a0c49d30203a,UgzuKbVpWPFFk4HNdGd4AaABAg,youtube-data-api-v3/commentThreads.list,,3E7k47dZeWk,Powerful XAUUSD Gold Trading Strategy,Trading Walk,,
youtube,Trading Walk,3E7k47dZeWk,https://www.youtube.com/watch?v=3E7k47dZeWk,UgwGmkevz0a3hyxfxoN4AaABAg,Still working ?,2026-03-06T22:53:47Z,2026-10-01T13:26:25.614603+00:00,0,1,,cdde90d69469b0d68d67eda3f4227dd9c04683283245c80dc842de7e9455947e,,youtube-data-api-v3/commentThreads.list,,3E7k47dZeWk,Powerful XAUUSD Gold Trading Strategy,Trading Walk,,
youtube,Trading Walk,3E7k47dZeWk,https://www.youtube.com/watch?v=3E7k47dZeWk,Ugxeh475BEHtV8EbMWF4AaABAg,hey bro how can I get the indicator ? :) trading view tells me I have to contact u,2026-06-19T18:57:34Z,2026-10-01T13:26:25.614603+00:00,0,1,,c50e635e90a24c9494c50ee11ab9831f71625a4abb83e0741096cc653c9644b2,,youtube-data-api-v3/commentThreads.list,,3E7k47dZeWk,Powerful XAUUSD Gold Trading Strategy,Trading Walk,,
youtube,Trading Walk,3E7k47dZeWk,https://www.youtube.com/watch?v=3E7k47dZeWk,Ugyne1wtRkXNyfj8xcx4AaABAg,share please,2026-09-20T07:10:02Z,2026-10-01T13:26:25.614603+00:00,1,1,,f49045e8354c7af0b0a803608f7229c1ff8d212db35b82d111a82f5b9002f7d6,,youtube-data-api-v3/commentThreads.list,,3E7k47dZeWk,Powerful XAUUSD Gold Trading Strategy,Trading Walk,,
youtube,Trading Walk,3E7k47dZeWk,https://www.youtube.com/watch?v=3E7k47dZeWk,UgyPb_93LRz9wfcmtQ94AaABAg,What it costs,2026-09-12T05:37:57Z,2026-10-01T13:26:25.614603+00:00,0,1,,39b2f6f2416ee944ddce7bc737d82c3a6fbbc19e508f3d5d021bcea1d8c79bef,,youtube-data-api-v3/commentThreads.list,,3E7k47dZeWk,Powerful XAUUSD Gold Trading Strategy,Trading Walk,,
youtube,Trading Walk,3E7k47dZeWk,https://www.youtube.com/watch?v=3E7k47dZeWk,UgxrQGGSthpy3fGo7KR4AaABAg,When I try to add this indicator on tradingview it says its locked and I need to contact you.  What should I do?,2026-01-23T23:48:34Z,2026-10-01T13:26:25.614603+00:00,0,1,,45c5abbb5412a10b0f1dd9e33963b107c10b36698809bb75a4b21a51b8c1e02f,,youtube-data-api-v3/commentThreads.list,,3E7k47dZeWk,Powerful XAUUSD Gold Trading Strategy,Trading Walk,,
youtube,Trading Walk,3E7k47dZeWk,https://www.youtube.com/watch?v=3E7k47dZeWk,Ugzg4yc17r2y2kuWW854AaABAg,Add me please,2025-12-20T21:31:02Z,2026-10-01T13:26:25.614603+00:00,0,1,,df652b9b72dd3e6ebda2e60f200075f34b12186f0ceb321affd6e1b22948a9e3,,youtube-data-api-v3/commentThreads.list,,3E7k47dZeWk,Powerful XAUUSD Gold Trading Strategy,Trading Walk,,
youtube,Trading Walk,3E7k47dZeWk,https://www.youtube.com/watch?v=3E7k47dZeWk,UgwUanpit9aXPhZTBJR4AaABAg,How get access,2025-11-21T14:39:22Z,2026-10-01T13:26:25.614603+00:00,0,1,,b0ca88ab96dbbd8af4d21f2793c5acc27e0679a82a003a316d6393b723834ea2,,youtube-data-api-v3/commentThreads.list,,3E7k47dZeWk,Powerful XAUUSD Gold Trading Strategy,Trading Walk,,
youtube,Vivaan Traders ,Er7rWHlwlqU,https://www.youtube.com/watch?v=Er7rWHlwlqU,UgyDuGqxn87ECuCSlrB4AaABAg,You are my only one mentor aaj se or sab ko bhool gya abse only you,2026-09-23T16:36:25Z,2026-10-01T13:26:26.559986+00:00,3,0,,2a3c4b590dbaf1188f17ee200cc9c50324dccc3c2b346f19c08c8a58e1ddad4c,,youtube-data-api-v3/commentThreads.list,,Er7rWHlwlqU,GOLD LIQUIDITY + FIBONACCI STRATEGY 🔥 | The Ultimate XAUUSD Trading Strategy,Vivaan Traders ,,
youtube,Vivaan Traders ,Er7rWHlwlqU,https://www.youtube.com/watch?v=Er7rWHlwlqU,Ugyqph3l8gHn0w-A1r94AaABAg,Best se best vivaan bhai is top,2026-09-23T16:35:43Z,2026-10-01T13:26:26.559986+00:00,1,0,,2a3c4b590dbaf1188f17ee200cc9c50324dccc3c2b346f19c08c8a58e1ddad4c,,youtube-data-api-v3/commentThreads.list,,Er7rWHlwlqU,GOLD LIQUIDITY + FIBONACCI STRATEGY 🔥 | The Ultimate XAUUSD Trading Strategy,Vivaan Traders ,,
youtube,Vivaan Traders ,Er7rWHlwlqU,https://www.youtube.com/watch?v=Er7rWHlwlqU,Ugxdjwm6j32FaNbr01p4AaABAg,Bahut sara pyar ❤ 👍🏻👍🏻,2026-09-06T08:28:35Z,2026-10-01T13:26:26.559986+00:00,0,0,,3b235e94f5a5436e6b336f0ecd72eebf14b2c6203533990432b2f565a89c0ef1,,youtube-data-api-v3/commentThreads.list,,Er7rWHlwlqU,GOLD LIQUIDITY + FIBONACCI STRATEGY 🔥 | The Ultimate XAUUSD Trading Strategy,Vivaan Traders ,,
youtube,Vivaan Traders ,Er7rWHlwlqU,https://www.youtube.com/watch?v=Er7rWHlwlqU,UgyVatxh6on_U_m-KVx4AaABAg,VIVAAN TRADERS ON TOP ALWAYS 💯💯💥,2026-09-10T16:34:31Z,2026-10-01T13:26:26.559986+00:00,0,0,,c1dabdb13c0011af08945a9e140a126cd1cf3eb7aad657dd1e54469b02e2f3b5,,youtube-data-api-v3/commentThreads.list,,Er7rWHlwlqU,GOLD LIQUIDITY + FIBONACCI STRATEGY 🔥 | The Ultimate XAUUSD Trading Strategy,Vivaan Traders ,,
youtube,Vivaan Traders ,Er7rWHlwlqU,https://www.youtube.com/watch?v=Er7rWHlwlqU,UgySj9sqef_qjamYA2F4AaABAg,Rajput bhai ki strategy bhi aisi hain 🙂🫴,2026-09-05T17:57:34Z,2026-10-01T13:26:26.559986+00:00,1,0,,b21740081a94a0431a35f3bbefcece1d467c39ea65c417691aadb86c730c006d,,youtube-data-api-v3/commentThreads.list,,Er7rWHlwlqU,GOLD LIQUIDITY + FIBONACCI STRATEGY 🔥 | The Ultimate XAUUSD Trading Strategy,Vivaan Traders ,,
youtube,Vivaan Traders ,Er7rWHlwlqU,https://www.youtube.com/watch?v=Er7rWHlwlqU,Ugwlh8ae1sDqZ-Ajnd94AaABAg,Happy teacher's day,2026-09-05T08:27:45Z,2026-10-01T13:26:26.559986+00:00,0,0,,3c899c781f12c3b35128e3d908dc8d52e84439fc34ff13f6744b79b3410b1025,,youtube-data-api-v3/commentThreads.list,,Er7rWHlwlqU,GOLD LIQUIDITY + FIBONACCI STRATEGY 🔥 | The Ultimate XAUUSD Trading Strategy,Vivaan Traders ,,
youtube,Vivaan Traders ,Er7rWHlwlqU,https://www.youtube.com/watch?v=Er7rWHlwlqU,UgymdUi_wBaauxJ_BSB4AaABAg,Aaj hi like complete ✅,2026-09-05T17:46:56Z,2026-10-01T13:26:26.559986+00:00,0,0,,8836354dc009ec0ed909e0ef8bce0c364aaceb87c9a7ef2a798923aeafc65f94,,youtube-data-api-v3/commentThreads.list,,Er7rWHlwlqU,GOLD LIQUIDITY + FIBONACCI STRATEGY 🔥 | The Ultimate XAUUSD Trading Strategy,Vivaan Traders ,,
youtube,Vivaan Traders ,Er7rWHlwlqU,https://www.youtube.com/watch?v=Er7rWHlwlqU,UgwNOdAhpicbpI0xoXB4AaABAg,Vivan bhai on top 🔝❤️✨,2026-09-06T16:23:57Z,2026-10-01T13:26:26.559986+00:00,0,0,,09bfbf5145ad7a097aad17d74596a46310fbd3a2771d4d196867ec185e369659,,youtube-data-api-v3/commentThreads.list,,Er7rWHlwlqU,GOLD LIQUIDITY + FIBONACCI STRATEGY 🔥 | The Ultimate XAUUSD Trading Strategy,Vivaan Traders ,,
youtube,Vivaan Traders ,Er7rWHlwlqU,https://www.youtube.com/watch?v=Er7rWHlwlqU,UgyYHvzB4GzTOAnaORt4AaABAg,Pure knowledge 🎉❤❤,2026-09-10T02:32:24Z,2026-10-01T13:26:26.559986+00:00,0,0,,b576a9f3efdb2ae95c5f5d96f21125be9d4bdf515d67266b8c976bbbe459fb56,,youtube-data-api-v3/commentThreads.list,,Er7rWHlwlqU,GOLD LIQUIDITY + FIBONACCI STRATEGY 🔥 | The Ultimate XAUUSD Trading Strategy,Vivaan Traders ,,
youtube,Vivaan Traders ,Er7rWHlwlqU,https://www.youtube.com/watch?v=Er7rWHlwlqU,UgxpG75axiL95KSCyLV4AaABAg,Superrrrr 👌 Vivanbhai,2026-09-06T07:48:57Z,2026-10-01T13:26:26.559986+00:00,0,0,,ee4f5a0a550281b991f5139c6549388b699e4153a4c0308264ccebd4f6c45b4b,,youtube-data-api-v3/commentThreads.list,,Er7rWHlwlqU,GOLD LIQUIDITY + FIBONACCI STRATEGY 🔥 | The Ultimate XAUUSD Trading Strategy,Vivaan Traders ,,
youtube,Vivaan Traders ,Er7rWHlwlqU,https://www.youtube.com/watch?v=Er7rWHlwlqU,UgztJ_dfAMJD3NC5lfR4AaABAg,"bahut aacha video hai bhaiya, aap hamesha profit mai raho",2026-09-05T04:33:50Z,2026-10-01T13:26:26.559986+00:00,0,0,,a56bb301584c880a9a722b5af6d69c1f5bca395f56dfe08764f9a8584285011d,,youtube-data-api-v3/commentThreads.list,,Er7rWHlwlqU,GOLD LIQUIDITY + FIBONACCI STRATEGY 🔥 | The Ultimate XAUUSD Trading Strategy,Vivaan Traders ,,
youtube,Vivaan Traders ,Er7rWHlwlqU,https://www.youtube.com/watch?v=Er7rWHlwlqU,UgxmFUY0JDwZVtU-5DR4AaABAg,Waiting for complete price action video btc from begging 🔥🔥🚀,2026-09-05T06:24:52Z,2026-10-01T13:26:26.559986+00:00,1,0,,30b685643ac7190a20a2fbd0cd56dc4eefd35b546e0da291d0c05550fdb4b0c8,,youtube-data-api-v3/commentThreads.list,,Er7rWHlwlqU,GOLD LIQUIDITY + FIBONACCI STRATEGY 🔥 | The Ultimate XAUUSD Trading Strategy,Vivaan Traders ,,
youtube,Vivaan Traders ,Er7rWHlwlqU,https://www.youtube.com/watch?v=Er7rWHlwlqU,Ugx6uSPqb1nW92Lyo0h4AaABAg,Vivan bhai on top,2026-09-05T08:28:06Z,2026-10-01T13:26:26.559986+00:00,0,0,,3c899c781f12c3b35128e3d908dc8d52e84439fc34ff13f6744b79b3410b1025,,youtube-data-api-v3/commentThreads.list,,Er7rWHlwlqU,GOLD LIQUIDITY + FIBONACCI STRATEGY 🔥 | The Ultimate XAUUSD Trading Strategy,Vivaan Traders ,,
youtube,Vivaan Traders ,Er7rWHlwlqU,https://www.youtube.com/watch?v=Er7rWHlwlqU,Ugzxk7y7RW9vltBJmdV4AaABAg,Best video for beginners bhaiya more videos god bless you 💯❤️,2026-09-09T04:51:37Z,2026-10-01T13:26:26.559986+00:00,0,0,,3348cbb4dea0045df493aacc1ce9be71f90a5418db0ec14cca26bbf66c52040e,,youtube-data-api-v3/commentThreads.list,,Er7rWHlwlqU,GOLD LIQUIDITY + FIBONACCI STRATEGY 🔥 | The Ultimate XAUUSD Trading Strategy,Vivaan Traders ,,
youtube,Vivaan Traders ,Er7rWHlwlqU,https://www.youtube.com/watch?v=Er7rWHlwlqU,UgzyD1kyDMFewDgPokl4AaABAg,Thank you Vivaan bhai ..ye to kamal ki strategy he,2026-09-05T16:36:37Z,2026-10-01T13:26:26.559986+00:00,0,0,,e7ed1b26f2a14cadfabb08d9fac12c5c888a89a1f16c0e7cd85db50a9a98170a,,youtube-data-api-v3/commentThreads.list,,Er7rWHlwlqU,GOLD LIQUIDITY + FIBONACCI STRATEGY 🔥 | The Ultimate XAUUSD Trading Strategy,Vivaan Traders ,,
youtube,Vivaan Traders ,Er7rWHlwlqU,https://www.youtube.com/watch?v=Er7rWHlwlqU,Ugy15Ewg4x9yT9JXsnp4AaABAg,Mast bhai❤❤❤,2026-09-05T06:10:26Z,2026-10-01T13:26:26.559986+00:00,0,0,,02c97d8940f4333a41d3c23711c37f035188062c5f96dd2b8dec9d57998dc810,,youtube-data-api-v3/commentThreads.list,,Er7rWHlwlqU,GOLD LIQUIDITY + FIBONACCI STRATEGY 🔥 | The Ultimate XAUUSD Trading Strategy,Vivaan Traders ,,
youtube,Vivaan Traders ,Er7rWHlwlqU,https://www.youtube.com/watch?v=Er7rWHlwlqU,UgwqpOsmBOGy3x9wJFR4AaABAg,More videos like this please vivan Bhai 🔥🔥🙏,2026-09-05T04:28:46Z,2026-10-01T13:26:26.559986+00:00,2,0,,af278063352acbee02a14190279e13b4939d4379217970a861f7d25a4c8e3754,,youtube-data-api-v3/commentThreads.list,,Er7rWHlwlqU,GOLD LIQUIDITY + FIBONACCI STRATEGY 🔥 | The Ultimate XAUUSD Trading Strategy,Vivaan Traders ,,
youtube,Vivaan Traders ,Er7rWHlwlqU,https://www.youtube.com/watch?v=Er7rWHlwlqU,UgzKcHvJb-ujHpy7WWt4AaABAg,Liquidity and more explanation bro pls ❤,2026-09-11T08:37:07Z,2026-10-01T13:26:26.559986+00:00,0,0,,5e59a10bacb647c41a00f2d92b086fef2f4fb50efd6cfc813ec6f481471ff8c7,,youtube-data-api-v3/commentThreads.list,,Er7rWHlwlqU,GOLD LIQUIDITY + FIBONACCI STRATEGY 🔥 | The Ultimate XAUUSD Trading Strategy,Vivaan Traders ,,
youtube,Vivaan Traders ,Er7rWHlwlqU,https://www.youtube.com/watch?v=Er7rWHlwlqU,Ugww86gEnIdkfSbh9sd4AaABAg,Next Video Liquidation And Fibonacci,2026-09-05T05:35:25Z,2026-10-01T13:26:26.559986+00:00,1,0,,a681e5bbd963647fa7a85ddba1f40c5f9118811774047a4e5865d39382788c3d,,youtube-data-api-v3/commentThreads.list,,Er7rWHlwlqU,GOLD LIQUIDITY + FIBONACCI STRATEGY 🔥 | The Ultimate XAUUSD Trading Strategy,Vivaan Traders ,,
youtube,Vivaan Traders ,Er7rWHlwlqU,https://www.youtube.com/watch?v=Er7rWHlwlqU,Ugz8p1P2RZH143G3Xq54AaABAg,You are great Vivaan bhaiya ❤❤❤❤,2026-09-05T04:59:12Z,2026-10-01T13:26:26.559986+00:00,0,0,,129dab43a90a8e5d38735aa7f7dfd5c95cad9acc607c89f0bdf5693131539fa7,,youtube-data-api-v3/commentThreads.list,,Er7rWHlwlqU,GOLD LIQUIDITY + FIBONACCI STRATEGY 🔥 | The Ultimate XAUUSD Trading Strategy,Vivaan Traders ,,
youtube,Vivaan Traders ,Er7rWHlwlqU,https://www.youtube.com/watch?v=Er7rWHlwlqU,UgxSEKQ53V9Q2LrE1Cx4AaABAg,Thank you vivan bhai,2026-09-09T12:05:59Z,2026-10-01T13:26:26.559986+00:00,0,0,,ffcdcc4918688b6105ee8a3444a0b742ba391e9e1d9ad632967d8d591755e45d,,youtube-data-api-v3/commentThreads.list,,Er7rWHlwlqU,GOLD LIQUIDITY + FIBONACCI STRATEGY 🔥 | The Ultimate XAUUSD Trading Strategy,Vivaan Traders ,,
youtube,Vivaan Traders ,Er7rWHlwlqU,https://www.youtube.com/watch?v=Er7rWHlwlqU,UgzMlPTRIlN5wnrGNFV4AaABAg,Thank you sir very well understand ❤,2026-09-05T05:12:22Z,2026-10-01T13:26:26.559986+00:00,0,0,,01e657eba73037696ff3e2d8422621d2b8601df0507d96c2eccbb822b95712fe,,youtube-data-api-v3/commentThreads.list,,Er7rWHlwlqU,GOLD LIQUIDITY + FIBONACCI STRATEGY 🔥 | The Ultimate XAUUSD Trading Strategy,Vivaan Traders ,,
youtube,Vivaan Traders ,Er7rWHlwlqU,https://www.youtube.com/watch?v=Er7rWHlwlqU,UgzM1In_bQ2vGy5D-8x4AaABAg,love you bhai,2026-09-10T10:11:03Z,2026-10-01T13:26:26.559986+00:00,0,0,,df05697058c8a340f48e7ee87e9b07274786240a3ecabac20d9a1d05fb61adab,,youtube-data-api-v3/commentThreads.list,,Er7rWHlwlqU,GOLD LIQUIDITY + FIBONACCI STRATEGY 🔥 | The Ultimate XAUUSD Trading Strategy,Vivaan Traders ,,
youtube,Vivaan Traders ,Er7rWHlwlqU,https://www.youtube.com/watch?v=Er7rWHlwlqU,UgyOYA0BjwJ7QRbZowx4AaABAg,a concept vai sab jaga kam karega,2026-09-05T16:17:57Z,2026-10-01T13:26:26.559986+00:00,0,0,,ddb8657d8b7da65116178e2ffbfaf0309464765cd6b6a48376b09419770dee7c,,youtube-data-api-v3/commentThreads.list,,Er7rWHlwlqU,GOLD LIQUIDITY + FIBONACCI STRATEGY 🔥 | The Ultimate XAUUSD Trading Strategy,Vivaan Traders ,,
youtube,Vivaan Traders ,Er7rWHlwlqU,https://www.youtube.com/watch?v=Er7rWHlwlqU,UgyQDr42qGxXzWHnmV54AaABAg,"Thanks vivanbhai , to Educate us and to giving your efforts and your valuable time.",2026-09-05T15:16:11Z,2026-10-01T13:26:26.559986+00:00,0,0,,a691f2c171ee460095c4bae6c42e08f55e6213b029310f44a799f580aac6c396,,youtube-data-api-v3/commentThreads.list,,Er7rWHlwlqU,GOLD LIQUIDITY + FIBONACCI STRATEGY 🔥 | The Ultimate XAUUSD Trading Strategy,Vivaan Traders ,,
youtube,Vivaan Traders ,Er7rWHlwlqU,https://www.youtube.com/watch?v=Er7rWHlwlqU,UgzVNiarBXEmzil163Z4AaABAg,Thanks Vivan bhai,2026-09-05T05:18:43Z,2026-10-01T13:26:26.559986+00:00,0,0,,e737600dd0b4b9ebd3c8c1ec11c9208a5e6448c30927d6aea6b71887a7131078,,youtube-data-api-v3/commentThreads.list,,Er7rWHlwlqU,GOLD LIQUIDITY + FIBONACCI STRATEGY 🔥 | The Ultimate XAUUSD Trading Strategy,Vivaan Traders ,,
youtube,Vivaan Traders ,Er7rWHlwlqU,https://www.youtube.com/watch?v=Er7rWHlwlqU,UgyZprzp__z9xKlgH094AaABAg,Liquidity video lao Viaan bhai❤,2026-09-06T18:41:01Z,2026-10-01T13:26:26.559986+00:00,1,0,,21d1247cefed803333399d97fdcab4c8b56baf9486ca9f2cdf57426120a5df8d,,youtube-data-api-v3/commentThreads.list,,Er7rWHlwlqU,GOLD LIQUIDITY + FIBONACCI STRATEGY 🔥 | The Ultimate XAUUSD Trading Strategy,Vivaan Traders ,,
youtube,Vivaan Traders ,Er7rWHlwlqU,https://www.youtube.com/watch?v=Er7rWHlwlqU,UgwdURQxP8iod36uDH94AaABAg,Liquidity ka video bhi bhai ❣️❣️❣️,2026-09-05T13:13:47Z,2026-10-01T13:26:26.559986+00:00,0,0,,5878240f5984bc21c3e0f588a327730e7bab8615e91156d629451010e638c3d2,,youtube-data-api-v3/commentThreads.list,,Er7rWHlwlqU,GOLD LIQUIDITY + FIBONACCI STRATEGY 🔥 | The Ultimate XAUUSD Trading Strategy,Vivaan Traders ,,
youtube,Vivaan Traders ,Er7rWHlwlqU,https://www.youtube.com/watch?v=Er7rWHlwlqU,UgyMusK1-DXU-LGbg-J4AaABAg,Full course please bhaiya 😊❤,2026-09-05T11:32:55Z,2026-10-01T13:26:26.559986+00:00,0,0,,c242f92d4c188ca678c0b4918ff274d15e05c1345a75602778eb989638bf3cd4,,youtube-data-api-v3/commentThreads.list,,Er7rWHlwlqU,GOLD LIQUIDITY + FIBONACCI STRATEGY 🔥 | The Ultimate XAUUSD Trading Strategy,Vivaan Traders ,,
youtube,Vivaan Traders ,Er7rWHlwlqU,https://www.youtube.com/watch?v=Er7rWHlwlqU,Ugzz58M5XvEMoy01JOB4AaABAg,nice video,2026-09-08T18:16:27Z,2026-10-01T13:26:26.559986+00:00,0,0,,d8d11383702bd8e4ff3185052af8d2de8c794414e0c4b1cdb562363d45fcc899,,youtube-data-api-v3/commentThreads.list,,Er7rWHlwlqU,GOLD LIQUIDITY + FIBONACCI STRATEGY 🔥 | The Ultimate XAUUSD Trading Strategy,Vivaan Traders ,,
youtube,Vivaan Traders ,Er7rWHlwlqU,https://www.youtube.com/watch?v=Er7rWHlwlqU,UgwzH-I6rcOrr9zB3K94AaABAg,Bhai Liquidity Ka Complete Video Lao Vo Samje Gai To Ye Strategy Trade Karege,2026-09-10T19:45:50Z,2026-10-01T13:26:26.559986+00:00,0,0,,2bb4bb24617951a252a8c1b183a2bbbf8ad2c44ca25aadc1cef78a21d43d48ac,,youtube-data-api-v3/commentThreads.list,,Er7rWHlwlqU,GOLD LIQUIDITY + FIBONACCI STRATEGY 🔥 | The Ultimate XAUUSD Trading Strategy,Vivaan Traders ,,
youtube,Vivaan Traders ,Er7rWHlwlqU,https://www.youtube.com/watch?v=Er7rWHlwlqU,UgygP9OFpIXgoS2H9PZ4AaABAg,Next part jaldi lana bhai,2026-09-05T07:05:13Z,2026-10-01T13:26:26.559986+00:00,0,0,,600cc934778eb1ed5cac97ce851c16f2ddffa1ec19c14a6640c277b97c710307,,youtube-data-api-v3/commentThreads.list,,Er7rWHlwlqU,GOLD LIQUIDITY + FIBONACCI STRATEGY 🔥 | The Ultimate XAUUSD Trading Strategy,Vivaan Traders ,,
youtube,Vivaan Traders ,Er7rWHlwlqU,https://www.youtube.com/watch?v=Er7rWHlwlqU,UgwBQoBxDGuGApt6WPB4AaABAg,More videos on liquidity,2026-09-05T09:09:29Z,2026-10-01T13:26:26.559986+00:00,0,0,,41edeeffe999f9c074dcd91f00e4733d78769fcb540c8d42b09f7c3b4c5c7078,,youtube-data-api-v3/commentThreads.list,,Er7rWHlwlqU,GOLD LIQUIDITY + FIBONACCI STRATEGY 🔥 | The Ultimate XAUUSD Trading Strategy,Vivaan Traders ,,
youtube,Vivaan Traders ,Er7rWHlwlqU,https://www.youtube.com/watch?v=Er7rWHlwlqU,UgxZyf1Zt2tDkwco-QF4AaABAg,Ossm sir,2026-09-05T08:27:56Z,2026-10-01T13:26:26.559986+00:00,0,0,,3c899c781f12c3b35128e3d908dc8d52e84439fc34ff13f6744b79b3410b1025,,youtube-data-api-v3/commentThreads.list,,Er7rWHlwlqU,GOLD LIQUIDITY + FIBONACCI STRATEGY 🔥 | The Ultimate XAUUSD Trading Strategy,Vivaan Traders ,,
youtube,Vivaan Traders ,Er7rWHlwlqU,https://www.youtube.com/watch?v=Er7rWHlwlqU,UgzDrC_AB_8obktWy1Z4AaABAg,nice,2026-09-16T17:18:13Z,2026-10-01T13:26:26.559986+00:00,0,0,,d5988fb1d1fb2cc0398664c6b8c398c9763757c1d08b0f6ece684494649ae5aa,,youtube-data-api-v3/commentThreads.list,,Er7rWHlwlqU,GOLD LIQUIDITY + FIBONACCI STRATEGY 🔥 | The Ultimate XAUUSD Trading Strategy,Vivaan Traders ,,
youtube,Vivaan Traders ,Er7rWHlwlqU,https://www.youtube.com/watch?v=Er7rWHlwlqU,UgxMgdHnpm8RX36-0vR4AaABAg,Chappar dengee iss week,2026-09-05T13:29:47Z,2026-10-01T13:26:26.559986+00:00,0,0,,efb0d9fbda70c3667a2be366e0a67d631927eae3613a59f761da2c76b85fb8e4,,youtube-data-api-v3/commentThreads.list,,Er7rWHlwlqU,GOLD LIQUIDITY + FIBONACCI STRATEGY 🔥 | The Ultimate XAUUSD Trading Strategy,Vivaan Traders ,,
youtube,Vivaan Traders ,Er7rWHlwlqU,https://www.youtube.com/watch?v=Er7rWHlwlqU,Ugy-Oa4_Akiv5C36jE94AaABAg,🔥🔥,2026-09-05T04:28:52Z,2026-10-01T13:26:26.559986+00:00,1,0,,af278063352acbee02a14190279e13b4939d4379217970a861f7d25a4c8e3754,,youtube-data-api-v3/commentThreads.list,,Er7rWHlwlqU,GOLD LIQUIDITY + FIBONACCI STRATEGY 🔥 | The Ultimate XAUUSD Trading Strategy,Vivaan Traders ,,
youtube,Vivaan Traders ,Er7rWHlwlqU,https://www.youtube.com/watch?v=Er7rWHlwlqU,UgzqmHxPk3aXIv5yJjl4AaABAg,Liquidity wali video chahia bhai,2026-09-05T04:33:09Z,2026-10-01T13:26:26.559986+00:00,0,0,,5389137691845005ca262aae7cbfaf32eed7e199faf39ddb8a33d83f1c8bf597,,youtube-data-api-v3/commentThreads.list,,Er7rWHlwlqU,GOLD LIQUIDITY + FIBONACCI STRATEGY 🔥 | The Ultimate XAUUSD Trading Strategy,Vivaan Traders ,,
youtube,Vivaan Traders ,Er7rWHlwlqU,https://www.youtube.com/watch?v=Er7rWHlwlqU,UgyxAGxGXZonUx3M52R4AaABAg,Liquidity pr video,2026-09-09T16:42:13Z,2026-10-01T13:26:26.559986+00:00,0,0,,e3b99ef5e84ec9254ede955c43f69a7017bacf45ec792eeb42372bab79bdad62,,youtube-data-api-v3/commentThreads.list,,Er7rWHlwlqU,GOLD LIQUIDITY + FIBONACCI STRATEGY 🔥 | The Ultimate XAUUSD Trading Strategy,Vivaan Traders ,,
youtube,Vivaan Traders ,Er7rWHlwlqU,https://www.youtube.com/watch?v=Er7rWHlwlqU,UgwxdwDlerkC6HxzGjd4AaABAg,Liquidity video,2026-09-05T05:07:31Z,2026-10-01T13:26:26.559986+00:00,0,0,,05095a82e95e7e18540a3db4de75f83cae84014c15f887bfbe96c9e0fc15db69,,youtube-data-api-v3/commentThreads.list,,Er7rWHlwlqU,GOLD LIQUIDITY + FIBONACCI STRATEGY 🔥 | The Ultimate XAUUSD Trading Strategy,Vivaan Traders ,,
youtube,Vivaan Traders ,Er7rWHlwlqU,https://www.youtube.com/watch?v=Er7rWHlwlqU,UgxDnVebTalaaqc-VZZ4AaABAg,Sir liquidity upar course lao,2026-09-10T04:08:04Z,2026-10-01T13:26:26.559986+00:00,0,0,,df3617172cadb9ca4bce10ca06f0f405075ae11dac47adfdd7b854dbec605b05,,youtube-data-api-v3/commentThreads.list,,Er7rWHlwlqU,GOLD LIQUIDITY + FIBONACCI STRATEGY 🔥 | The Ultimate XAUUSD Trading Strategy,Vivaan Traders ,,
youtube,Vivaan Traders ,Er7rWHlwlqU,https://www.youtube.com/watch?v=Er7rWHlwlqU,UgzbxRoR92Jspfmh7g54AaABAg,Bhai btc ka strategy batao,2026-09-05T12:54:46Z,2026-10-01T13:26:26.559986+00:00,0,0,,80194a7ddd205ab4bb21c42ea03cb96d09621e5291effee284bb8ce6cf4217bb,,youtube-data-api-v3/commentThreads.list,,Er7rWHlwlqU,GOLD LIQUIDITY + FIBONACCI STRATEGY 🔥 | The Ultimate XAUUSD Trading Strategy,Vivaan Traders ,,
youtube,Vivaan Traders ,Er7rWHlwlqU,https://www.youtube.com/watch?v=Er7rWHlwlqU,Ugzhjx-eB403Tmyz0uh4AaABAg,13:59 bhai pehle to 2nd hight lvl pe sl rkhte the abhi 1st high pe aise to RR bada hoga ye sl wala trade tha,2026-09-13T02:32:45Z,2026-10-01T13:26:26.559986+00:00,0,0,,0ea93968021bee2f107a779796843643d1cdf364921dc84736f00efd92a755e7,,youtube-data-api-v3/commentThreads.list,,Er7rWHlwlqU,GOLD LIQUIDITY + FIBONACCI STRATEGY 🔥 | The Ultimate XAUUSD Trading Strategy,Vivaan Traders ,,
youtube,Vivaan Traders ,Er7rWHlwlqU,https://www.youtube.com/watch?v=Er7rWHlwlqU,UgzsiVS8CgcxcLm8M494AaABAg,Bitcoin strategy bhai,2026-09-05T04:42:06Z,2026-10-01T13:26:26.559986+00:00,0,0,,e5c9a64a43b7a16fc1d98552178415b8be8027c52f52e11a37a10e66b686d54c,,youtube-data-api-v3/commentThreads.list,,Er7rWHlwlqU,GOLD LIQUIDITY + FIBONACCI STRATEGY 🔥 | The Ultimate XAUUSD Trading Strategy,Vivaan Traders ,,
youtube,Vivaan Traders ,Er7rWHlwlqU,https://www.youtube.com/watch?v=Er7rWHlwlqU,Ugy2Yc84t1J16D5h70l4AaABAg,Aap daily live kb kb aate ho bhaiya plz comment me,2026-09-12T15:48:23Z,2026-10-01T13:26:26.559986+00:00,1,1,,beb796569329f6919c5faeaa06f337915c6adcda30b273e8bf1c0cc8460c78a3,,youtube-data-api-v3/commentThreads.list,,Er7rWHlwlqU,GOLD LIQUIDITY + FIBONACCI STRATEGY 🔥 | The Ultimate XAUUSD Trading Strategy,Vivaan Traders ,,
youtube,Vivaan Traders ,Er7rWHlwlqU,https://www.youtube.com/watch?v=Er7rWHlwlqU,UgwIAT0QRKLARgr5shh4AaABAg,Indicator kb aa rha hai bhaiya ❤,2026-09-05T04:36:13Z,2026-10-01T13:26:26.559986+00:00,0,0,,702bd2eaa1a47021aa1968b57fae66b91b99aef7e2c3113765be70c652fffc5f,,youtube-data-api-v3/commentThreads.list,,Er7rWHlwlqU,GOLD LIQUIDITY + FIBONACCI STRATEGY 🔥 | The Ultimate XAUUSD Trading Strategy,Vivaan Traders ,,
youtube,Vivaan Traders ,Er7rWHlwlqU,https://www.youtube.com/watch?v=Er7rWHlwlqU,Ugx97ery7UihDt6gWIN4AaABAg,Bhai set-up ki accuracy kya hai plz bata do,2026-09-05T11:35:32Z,2026-10-01T13:26:26.559986+00:00,0,0,,8f4e597b0459fbd04af459eb58c1ee56151e6f333d802514e11973d2bfdffd5f,,youtube-data-api-v3/commentThreads.list,,Er7rWHlwlqU,GOLD LIQUIDITY + FIBONACCI STRATEGY 🔥 | The Ultimate XAUUSD Trading Strategy,Vivaan Traders ,,
youtube,Vivaan Traders ,Er7rWHlwlqU,https://www.youtube.com/watch?v=Er7rWHlwlqU,UgxqCKnffF9K-BidOIB4AaABAg,"bhai ye strategy pehle se hi use krta hu 😂😂, 
maine khud se hi is strategy ko develop kiya hai and profit bhi hota hai but mere execution me thode changes hai",2026-09-05T05:32:02Z,2026-10-01T13:26:26.559986+00:00,4,3,,b43ec32473f8ccd17839f47f889bad1bbec6ffc794fee80bcebb898b3f51b5e6,,youtube-data-api-v3/commentThreads.list,,Er7rWHlwlqU,GOLD LIQUIDITY + FIBONACCI STRATEGY 🔥 | The Ultimate XAUUSD Trading Strategy,Vivaan Traders ,,
youtube,Vivaan Traders ,Er7rWHlwlqU,https://www.youtube.com/watch?v=Er7rWHlwlqU,UgxqCKnffF9K-BidOIB4AaABAg.AaMimXScYqIAaNSuOIKf1v,Bro please explain the changes,2026-09-05T12:23:48Z,2026-10-01T13:26:26.559986+00:00,1,0,,8ba75c87fb6f65fecc5754b66410be49a9a066ad67a588bde6a455ae13cc3258,UgxqCKnffF9K-BidOIB4AaABAg,youtube-data-api-v3/commentThreads.list,,Er7rWHlwlqU,GOLD LIQUIDITY + FIBONACCI STRATEGY 🔥 | The Ultimate XAUUSD Trading Strategy,Vivaan Traders ,,
youtube,Vivaan Traders ,Er7rWHlwlqU,https://www.youtube.com/watch?v=Er7rWHlwlqU,UgxqCKnffF9K-BidOIB4AaABAg.AaMimXScYqIAaymbWYT4M_,"Bhai, mujhe bhi pata hai ye strategy. Iska matlab ye nahi sabko pata hai lodu chand. Sirf tere liye video nahi banaya usne",2026-09-20T09:35:52Z,2026-10-01T13:26:26.559986+00:00,0,0,,5d89ac0cc5ef2a6d2689afbba7fdc4357dac7879c9d7893b86ff932aa1679490,UgxqCKnffF9K-BidOIB4AaABAg,youtube-data-api-v3/commentThreads.list,,Er7rWHlwlqU,GOLD LIQUIDITY + FIBONACCI STRATEGY 🔥 | The Ultimate XAUUSD Trading Strategy,Vivaan Traders ,,
youtube,Vivaan Traders ,Er7rWHlwlqU,https://www.youtube.com/watch?v=Er7rWHlwlqU,UgxqCKnffF9K-BidOIB4AaABAg.AaMimXScYqIAbK3RG9DmBS,You are same bro and that OT level 😂,2026-09-29T01:14:54Z,2026-10-01T13:26:26.559986+00:00,0,0,,ff7ae63b63e44b1d9d3efef577b1944ad337a1e10a6c87678f0b79c1cbdecb90,UgxqCKnffF9K-BidOIB4AaABAg,youtube-data-api-v3/commentThreads.list,,Er7rWHlwlqU,GOLD LIQUIDITY + FIBONACCI STRATEGY 🔥 | The Ultimate XAUUSD Trading Strategy,Vivaan Traders ,,
youtube,Vivaan Traders ,Er7rWHlwlqU,https://www.youtube.com/watch?v=Er7rWHlwlqU,UgzpuSszVtne7PJtV6R4AaABAg,trend dekhna clearity nhe mile ke konse time frame me dekhna he,2026-09-14T05:26:04Z,2026-10-01T13:26:26.559986+00:00,0,0,,b6dd3303d6e5ce68e538fa2a54663b22bec6f1ae55a6dd10543619a10277a41f,,youtube-data-api-v3/commentThreads.list,,Er7rWHlwlqU,GOLD LIQUIDITY + FIBONACCI STRATEGY 🔥 | The Ultimate XAUUSD Trading Strategy,Vivaan Traders ,,
youtube,Vivaan Traders ,Er7rWHlwlqU,https://www.youtube.com/watch?v=Er7rWHlwlqU,Ugw5_tGEfZBqzVfwRMh4AaABAg,Liquidity mea dikkat aarhi hai video bana do uski,2026-09-05T04:45:02Z,2026-10-01T13:26:26.559986+00:00,0,0,,95e7948e9ec49ff5fd06c39fc27e8c1b64981e00f4e8b1ee2190911a838a8474,,youtube-data-api-v3/commentThreads.list,,Er7rWHlwlqU,GOLD LIQUIDITY + FIBONACCI STRATEGY 🔥 | The Ultimate XAUUSD Trading Strategy,Vivaan Traders ,,
youtube,Vivaan Traders ,Er7rWHlwlqU,https://www.youtube.com/watch?v=Er7rWHlwlqU,UgwjcoLCOU5kAff2rP94AaABAg,Bhai delta exchange par account banaya tend m trade kiya par group join nahi huaa,2026-09-06T09:08:43Z,2026-10-01T13:26:26.559986+00:00,0,0,,f58436906149e886b3464c62a8245a7c4002bb770207af4999d58e679430db46,,youtube-data-api-v3/commentThreads.list,,Er7rWHlwlqU,GOLD LIQUIDITY + FIBONACCI STRATEGY 🔥 | The Ultimate XAUUSD Trading Strategy,Vivaan Traders ,,
youtube,Vivaan Traders ,Er7rWHlwlqU,https://www.youtube.com/watch?v=Er7rWHlwlqU,UgwxiNIAM6bgo_lpYNB4AaABAg,Bhai avg RR kya rakhe,2026-09-07T15:04:56Z,2026-10-01T13:26:26.559986+00:00,0,0,,835bf83e34533e17cf320605272779cfe592d0f1764322d181f25fb46bd2bdfa,,youtube-data-api-v3/commentThreads.list,,Er7rWHlwlqU,GOLD LIQUIDITY + FIBONACCI STRATEGY 🔥 | The Ultimate XAUUSD Trading Strategy,Vivaan Traders ,,
youtube,Vivaan Traders ,Er7rWHlwlqU,https://www.youtube.com/watch?v=Er7rWHlwlqU,UgyYg3rgEh23lEgbp0x4AaABAg,bro i am in your crypto group and i have 50k capital how much shoulld i risk per trade given ny you,2026-09-05T13:19:44Z,2026-10-01T13:26:26.559986+00:00,0,0,,d435e99bf3eefebef8be64060f485bbf43c676fa51a59a193527a8b4545d09dd,,youtube-data-api-v3/commentThreads.list,,Er7rWHlwlqU,GOLD LIQUIDITY + FIBONACCI STRATEGY 🔥 | The Ultimate XAUUSD Trading Strategy,Vivaan Traders ,,
youtube,Vivaan Traders ,Er7rWHlwlqU,https://www.youtube.com/watch?v=Er7rWHlwlqU,Ugy8XhwCpFn6oLkchlp4AaABAg,Bhai how you withdraw profits and how you handle the Income tax filing ? Bank account freeze hua hai kabhi ?,2026-09-06T12:45:34Z,2026-10-01T13:26:26.559986+00:00,1,2,,184be2810726f4160019529d3d8c42cd6035111b4eea002f4a5e8c5d602e35ab,,youtube-data-api-v3/commentThreads.list,,Er7rWHlwlqU,GOLD LIQUIDITY + FIBONACCI STRATEGY 🔥 | The Ultimate XAUUSD Trading Strategy,Vivaan Traders ,,
youtube,Vivaan Traders ,Er7rWHlwlqU,https://www.youtube.com/watch?v=Er7rWHlwlqU,Ugy8XhwCpFn6oLkchlp4AaABAg.AaQ4Bh6FLq2AaQFza3H0Vu,​@VivaanTraderssplease bhai thoda short mei bol doge kya legally kaise kare ? What u mean,2026-09-06T14:28:38Z,2026-10-01T13:26:26.559986+00:00,0,0,,184be2810726f4160019529d3d8c42cd6035111b4eea002f4a5e8c5d602e35ab,Ugy8XhwCpFn6oLkchlp4AaABAg,youtube-data-api-v3/commentThreads.list,,Er7rWHlwlqU,GOLD LIQUIDITY + FIBONACCI STRATEGY 🔥 | The Ultimate XAUUSD Trading Strategy,Vivaan Traders ,,
youtube,Vivaan Traders ,Er7rWHlwlqU,https://www.youtube.com/watch?v=Er7rWHlwlqU,UgwXa5PaApGn8x_hsQd4AaABAg,Tum aagra trade se kama leto ho tab hamse like kyu karbate ho bhai 😅😅😅😅,2026-09-05T17:48:26Z,2026-10-01T13:26:26.559986+00:00,0,0,,edf988a889f50c7b60881a108dc0f31978b4664e2f4a301d90e489b3ce6171de,,youtube-data-api-v3/commentThreads.list,,Er7rWHlwlqU,GOLD LIQUIDITY + FIBONACCI STRATEGY 🔥 | The Ultimate XAUUSD Trading Strategy,Vivaan Traders ,,
youtube,Vivaan Traders ,Er7rWHlwlqU,https://www.youtube.com/watch?v=Er7rWHlwlqU,UgyDSrLNe6NQyVXmg_94AaABAg,Mota moti 50% retracement pakad ke chalo 😅,2026-09-05T11:33:14Z,2026-10-01T13:26:26.559986+00:00,0,0,,27ff732ef7437fa8a3b8406694e445dcf5c217ff51e464d0157c907cc89fcd3e,,youtube-data-api-v3/commentThreads.list,,Er7rWHlwlqU,GOLD LIQUIDITY + FIBONACCI STRATEGY 🔥 | The Ultimate XAUUSD Trading Strategy,Vivaan Traders ,,
youtube,Vivaan Traders ,Er7rWHlwlqU,https://www.youtube.com/watch?v=Er7rWHlwlqU,UgyffNGqZ8bWd2OwhYh4AaABAg,open kiya account wts numder do bhaiya,2026-09-05T12:05:06Z,2026-10-01T13:26:26.559986+00:00,0,0,,482e24e98b6795fbe640ea9d4f3d2acebd5380189d5e127b1fe826d1d7e013e5,,youtube-data-api-v3/commentThreads.list,,Er7rWHlwlqU,GOLD LIQUIDITY + FIBONACCI STRATEGY 🔥 | The Ultimate XAUUSD Trading Strategy,Vivaan Traders ,,
youtube,Vivaan Traders ,Er7rWHlwlqU,https://www.youtube.com/watch?v=Er7rWHlwlqU,UgzK1HjyuGOmEJiqiA54AaABAg,Sir liquidity upar course lao,2026-09-10T04:08:19Z,2026-10-01T13:26:26.559986+00:00,0,0,,df3617172cadb9ca4bce10ca06f0f405075ae11dac47adfdd7b854dbec605b05,,youtube-data-api-v3/commentThreads.list,,Er7rWHlwlqU,GOLD LIQUIDITY + FIBONACCI STRATEGY 🔥 | The Ultimate XAUUSD Trading Strategy,Vivaan Traders ,,
youtube,Vivaan Traders ,Er7rWHlwlqU,https://www.youtube.com/watch?v=Er7rWHlwlqU,UgzMRwubRAPCeVJi8zd4AaABAg,Sir liquidity upar course lao,2026-09-10T04:08:26Z,2026-10-01T13:26:26.559986+00:00,0,0,,df3617172cadb9ca4bce10ca06f0f405075ae11dac47adfdd7b854dbec605b05,,youtube-data-api-v3/commentThreads.list,,Er7rWHlwlqU,GOLD LIQUIDITY + FIBONACCI STRATEGY 🔥 | The Ultimate XAUUSD Trading Strategy,Vivaan Traders ,,
youtube,Vivaan Traders ,Er7rWHlwlqU,https://www.youtube.com/watch?v=Er7rWHlwlqU,Ugx7iZgoakUW2qtuDl94AaABAg,Sir liquidity upar course lao,2026-09-10T04:08:32Z,2026-10-01T13:26:26.559986+00:00,0,0,,df3617172cadb9ca4bce10ca06f0f405075ae11dac47adfdd7b854dbec605b05,,youtube-data-api-v3/commentThreads.list,,Er7rWHlwlqU,GOLD LIQUIDITY + FIBONACCI STRATEGY 🔥 | The Ultimate XAUUSD Trading Strategy,Vivaan Traders ,,
youtube,Vivaan Traders ,Er7rWHlwlqU,https://www.youtube.com/watch?v=Er7rWHlwlqU,UgwXDgL2s9pV1teMnvd4AaABAg,Sir liquidity upar course lao,2026-09-10T04:08:38Z,2026-10-01T13:26:26.559986+00:00,0,0,,df3617172cadb9ca4bce10ca06f0f405075ae11dac47adfdd7b854dbec605b05,,youtube-data-api-v3/commentThreads.list,,Er7rWHlwlqU,GOLD LIQUIDITY + FIBONACCI STRATEGY 🔥 | The Ultimate XAUUSD Trading Strategy,Vivaan Traders ,,
youtube,Vivaan Traders ,Er7rWHlwlqU,https://www.youtube.com/watch?v=Er7rWHlwlqU,UgyGUYYUk08W28tPlTJ4AaABAg,Sir liquidity upar course lao,2026-09-10T04:08:43Z,2026-10-01T13:26:26.559986+00:00,0,0,,df3617172cadb9ca4bce10ca06f0f405075ae11dac47adfdd7b854dbec605b05,,youtube-data-api-v3/commentThreads.list,,Er7rWHlwlqU,GOLD LIQUIDITY + FIBONACCI STRATEGY 🔥 | The Ultimate XAUUSD Trading Strategy,Vivaan Traders ,,
youtube,Vivaan Traders ,Er7rWHlwlqU,https://www.youtube.com/watch?v=Er7rWHlwlqU,Ugy6pZqTzI-ptQa7inZ4AaABAg,Sir liquidity upar course lao,2026-09-10T04:08:49Z,2026-10-01T13:26:26.559986+00:00,0,0,,df3617172cadb9ca4bce10ca06f0f405075ae11dac47adfdd7b854dbec605b05,,youtube-data-api-v3/commentThreads.list,,Er7rWHlwlqU,GOLD LIQUIDITY + FIBONACCI STRATEGY 🔥 | The Ultimate XAUUSD Trading Strategy,Vivaan Traders ,,
youtube,Vivaan Traders ,Er7rWHlwlqU,https://www.youtube.com/watch?v=Er7rWHlwlqU,UgzYMPQONVZML_TeByJ4AaABAg,Sir liquidity upar course lao,2026-09-10T04:08:54Z,2026-10-01T13:26:26.559986+00:00,0,0,,df3617172cadb9ca4bce10ca06f0f405075ae11dac47adfdd7b854dbec605b05,,youtube-data-api-v3/commentThreads.list,,Er7rWHlwlqU,GOLD LIQUIDITY + FIBONACCI STRATEGY 🔥 | The Ultimate XAUUSD Trading Strategy,Vivaan Traders ,,
youtube,The Moving Average,MKJz4yURCEs,https://www.youtube.com/watch?v=MKJz4yURCEs,Ugxr2afnfVCgxPV6gKF4AaABAg,"Doctor, plumber,etc
Same person 
You are my inspiration 🥰",2026-06-02T01:55:38Z,2026-10-01T13:26:27.904619+00:00,19,0,,a1e2da143366f2e8690285b24578a47ca3feec615030281bee8547dc5008ee0b,,youtube-data-api-v3/commentThreads.list,,MKJz4yURCEs,How to Trade Gold - Ride Massive Trends Using this Method,The Moving Average,,
youtube,The Moving Average,MKJz4yURCEs,https://www.youtube.com/watch?v=MKJz4yURCEs,Ugzo1YvtkZq1lUhJDJN4AaABAg,Ride the entire trend UNTIL IT WHIPS IN REVERSE AND YOU'RE DONE. NEVER try to ride the entire thing....that's crazy. Make small wins and you will succeed.,2025-10-28T20:44:33Z,2026-10-01T13:26:27.904619+00:00,167,1,,c6d7d2ed4ba497c6e9f42e9294413a4cc97f6976f4765852ae5d75a236545732,,youtube-data-api-v3/commentThreads.list,,MKJz4yURCEs,How to Trade Gold - Ride Massive Trends Using this Method,The Moving Average,,
youtube,The Moving Average,MKJz4yURCEs,https://www.youtube.com/watch?v=MKJz4yURCEs,Ugzo1YvtkZq1lUhJDJN4AaABAg.AOpzC0tj-g-ARn2qD6R4bO,"Thank you, someone who actually trades Gold. Gold always reverses. I take small wins and wait for the next entry.",2026-01-10T07:01:36Z,2026-10-01T13:26:27.904619+00:00,24,0,,0310d97096ac701cfaa77bf621d4066d4895755c742ed4acc3262dc27389822d,Ugzo1YvtkZq1lUhJDJN4AaABAg,youtube-data-api-v3/commentThreads.list,,MKJz4yURCEs,How to Trade Gold - Ride Massive Trends Using this Method,The Moving Average,,
youtube,The Moving Average,MKJz4yURCEs,https://www.youtube.com/watch?v=MKJz4yURCEs,UgxqbXa-mQ5sHfCIn1d4AaABAg,"Oh my God, Uncle Johnny was a doctor, a pilot, a plumber, and a good trader.",2026-02-16T08:28:27Z,2026-10-01T13:26:27.904619+00:00,51,1,,9354f00dded6545df50a1ddd7f32536d971d36153af91773a6e8f87399fd4114,,youtube-data-api-v3/commentThreads.list,,MKJz4yURCEs,How to Trade Gold - Ride Massive Trends Using this Method,The Moving Average,,
youtube,The Moving Average,MKJz4yURCEs,https://www.youtube.com/watch?v=MKJz4yURCEs,UgxqbXa-mQ5sHfCIn1d4AaABAg.ATHUBk2feAGAW0oM4XEotD,😂😂,2026-04-25T10:40:27Z,2026-10-01T13:26:27.904619+00:00,1,0,,cefc13eab25f75a0ec552131910af316c4ada366ef08d2ffe592b164dd05c1c5,UgxqbXa-mQ5sHfCIn1d4AaABAg,youtube-data-api-v3/commentThreads.list,,MKJz4yURCEs,How to Trade Gold - Ride Massive Trends Using this Method,The Moving Average,,
youtube,The Moving Average,MKJz4yURCEs,https://www.youtube.com/watch?v=MKJz4yURCEs,Ugw66KCJ82JHx5YPi_p4AaABAg,"Yo RD(dk if I'm spelling it proper)... But last week I made 600 Rands(South African) Swinging on Gold for 2days Thursday and Friday... 

Used a supply and demand Strat, moving averages(also saw on this channel) and the RSI showed me when to exit...

Love your work bro... Keepem coming... Building funds for a prop firm challenge... Getting there very soon... I can feel it.



Thank You so Much... Joshua from South Africa",2026-05-17T22:03:41Z,2026-10-01T13:26:27.904619+00:00,3,0,,9a0904f9680d4cc5f293f54f4f49a4fbcb1e7ba88f43f730b9efd7eb35895284,,youtube-data-api-v3/commentThreads.list,,MKJz4yURCEs,How to Trade Gold - Ride Massive Trends Using this Method,The Moving Average,,
youtube,The Moving Average,MKJz4yURCEs,https://www.youtube.com/watch?v=MKJz4yURCEs,UgzAEdIDUKy0mfMRFKJ4AaABAg,"I only just noticed the chart and realized that this is a long-range earning strategy (you did mention that), and I treated it as short term and closing quickly because of fear.",2025-11-30T17:32:47Z,2026-10-01T13:26:27.904619+00:00,17,0,,fe03bf351ce7e1cb72e5d937d253efd25ff781d520457e38fd4e9a73cc88a12e,,youtube-data-api-v3/commentThreads.list,,MKJz4yURCEs,How to Trade Gold - Ride Massive Trends Using this Method,The Moving Average,,
youtube,The Moving Average,MKJz4yURCEs,https://www.youtube.com/watch?v=MKJz4yURCEs,Ugz6noyI0Cg1fCG2isR4AaABAg,This helped me recover my blowed account I now make profit thanks 🎉,2025-07-03T07:38:31Z,2026-10-01T13:26:27.904619+00:00,28,2,,0aa8cf37a9395d646324cdb1431efcf2f8567abd8a262dbb4cb37210347553da,,youtube-data-api-v3/commentThreads.list,,MKJz4yURCEs,How to Trade Gold - Ride Massive Trends Using this Method,The Moving Average,,
youtube,The Moving Average,MKJz4yURCEs,https://www.youtube.com/watch?v=MKJz4yURCEs,Ugz6noyI0Cg1fCG2isR4AaABAg.AK6JEa6WqhMASvFpWHDqSf,Hi,2026-02-07T08:00:25Z,2026-10-01T13:26:27.904619+00:00,0,0,,29e9c5fc534b8db0dc7ce7a819e179dac6496f989a3f5d72330dda085fa272d2,Ugz6noyI0Cg1fCG2isR4AaABAg,youtube-data-api-v3/commentThreads.list,,MKJz4yURCEs,How to Trade Gold - Ride Massive Trends Using this Method,The Moving Average,,
youtube,The Moving Average,MKJz4yURCEs,https://www.youtube.com/watch?v=MKJz4yURCEs,Ugyeb5KEGRB_hWbkwvN4AaABAg,Bro wth that worked a bit too well 👏🏽,2026-04-09T01:51:56Z,2026-10-01T13:26:27.904619+00:00,5,0,,07c3f908c51d25a9a01d88f9952b2239d13f4a74f208788188e259bad5772d90,,youtube-data-api-v3/commentThreads.list,,MKJz4yURCEs,How to Trade Gold - Ride Massive Trends Using this Method,The Moving Average,,
youtube,The Moving Average,MKJz4yURCEs,https://www.youtube.com/watch?v=MKJz4yURCEs,UgyyJPMml2lxgyzyVcl4AaABAg,"Awesome explanation on riding gold trends! 📈 Really clear how to use Heikin-Ashi to stay in the move, thanks for the practical tips!",2026-01-06T13:02:29Z,2026-10-01T13:26:27.904619+00:00,2,1,,5e7f6edf449894fee4fe413f9ace63d468df35fa040efc5495334d8bbb661515,,youtube-data-api-v3/commentThreads.list,,MKJz4yURCEs,How to Trade Gold - Ride Massive Trends Using this Method,The Moving Average,,
youtube,The Moving Average,MKJz4yURCEs,https://www.youtube.com/watch?v=MKJz4yURCEs,Ugzn8MIY5UFvEaWaK3d4AaABAg,You’re an Angel from Heaven Art! I always learn life changing stuff from your videos. EVERY TIME 💪🧠,2026-02-19T18:52:54Z,2026-10-01T13:26:27.904619+00:00,3,0,,226afb4063cd544eb7f4204a61b96877aa8e4a6d46ece4426aea5e4319996f7a,,youtube-data-api-v3/commentThreads.list,,MKJz4yURCEs,How to Trade Gold - Ride Massive Trends Using this Method,The Moving Average,,
youtube,The Moving Average,MKJz4yURCEs,https://www.youtube.com/watch?v=MKJz4yURCEs,UgwO9ntEiKzLwarruB94AaABAg,"Currently in a paper trade right now, testing this out - seems to be working. If this pans out, you've just helped me out loads. Nice one, man!",2025-08-29T08:40:52Z,2026-10-01T13:26:27.904619+00:00,6,1,,66f37cb7ff48ce32877321082dcd2700f85b274361e270753914d2dce66c2def,,youtube-data-api-v3/commentThreads.list,,MKJz4yURCEs,How to Trade Gold - Ride Massive Trends Using this Method,The Moving Average,,
youtube,The Moving Average,MKJz4yURCEs,https://www.youtube.com/watch?v=MKJz4yURCEs,UgylGU9X0YUao-kTip94AaABAg,"Tested this, and it does work along with strategies such as ORB, sessions open/close and previous day high and lows! Exactly as you said! This is a GOLD video about trading gold! Thank you so much!",2025-07-12T09:51:14Z,2026-10-01T13:26:27.904619+00:00,57,4,,5bb480d2206b9e1de0068a320691631a4b237849bc9a288f079a620e358e2056,,youtube-data-api-v3/commentThreads.list,,MKJz4yURCEs,How to Trade Gold - Ride Massive Trends Using this Method,The Moving Average,,
youtube,The Moving Average,MKJz4yURCEs,https://www.youtube.com/watch?v=MKJz4yURCEs,UgylGU9X0YUao-kTip94AaABAg.AKTi_S29sRNAM3EeOUzzeC,your success rate?,2025-08-20T20:03:34Z,2026-10-01T13:26:27.904619+00:00,1,0,,88d8c898db5486eb95dae49b8e64ce856dbb9ba8de9dd241dc0bf0eedf298be8,UgylGU9X0YUao-kTip94AaABAg,youtube-data-api-v3/commentThreads.list,,MKJz4yURCEs,How to Trade Gold - Ride Massive Trends Using this Method,The Moving Average,,
youtube,The Moving Average,MKJz4yURCEs,https://www.youtube.com/watch?v=MKJz4yURCEs,UgylGU9X0YUao-kTip94AaABAg.AKTi_S29sRNARrMFEnKtHb,timeframe please,2026-01-11T23:08:08Z,2026-10-01T13:26:27.904619+00:00,1,0,,cb85ef7a460fa92bc71681bcbb244a3a43e89b06ec07e584eb3dbf9e9d028673,UgylGU9X0YUao-kTip94AaABAg,youtube-data-api-v3/commentThreads.list,,MKJz4yURCEs,How to Trade Gold - Ride Massive Trends Using this Method,The Moving Average,,
youtube,The Moving Average,MKJz4yURCEs,https://www.youtube.com/watch?v=MKJz4yURCEs,UgylGU9X0YUao-kTip94AaABAg.AKTi_S29sRNASMnaoJlxzu,"​@bootangyBro, why you dont test it yourself....",2026-01-24T13:31:35Z,2026-10-01T13:26:27.904619+00:00,1,0,,56d7afa691bd9847d7367dff9e01a5dadb207a7b6141550b38c192a277586973,UgylGU9X0YUao-kTip94AaABAg,youtube-data-api-v3/commentThreads.list,,MKJz4yURCEs,How to Trade Gold - Ride Massive Trends Using this Method,The Moving Average,,
youtube,The Moving Average,MKJz4yURCEs,https://www.youtube.com/watch?v=MKJz4yURCEs,Ugy7nIwX75tKd18xmJp4AaABAg,"Thank you! I love your videos. Crystal clear, concise and smart.",2025-05-16T20:06:22Z,2026-10-01T13:26:27.904619+00:00,9,1,,d04bf12e1429334332f2ed861451a88f8002082ac11926d426cc7a084f6d91d7,,youtube-data-api-v3/commentThreads.list,,MKJz4yURCEs,How to Trade Gold - Ride Massive Trends Using this Method,The Moving Average,,
youtube,The Moving Average,MKJz4yURCEs,https://www.youtube.com/watch?v=MKJz4yURCEs,Ugya9aPkzMW-m5lhxzB4AaABAg,Best educational video till now on internet for gold 🔥👏🏻,2025-09-18T21:12:23Z,2026-10-01T13:26:27.904619+00:00,2,1,,c88a03a27bfcfd116519da3aeaeeb6f9b00887c1bbc27a1353ed272a34ce87a8,,youtube-data-api-v3/commentThreads.list,,MKJz4yURCEs,How to Trade Gold - Ride Massive Trends Using this Method,The Moving Average,,
youtube,The Moving Average,MKJz4yURCEs,https://www.youtube.com/watch?v=MKJz4yURCEs,UgyTQfSx8M5-vlToAqB4AaABAg,This video here has saved and made trading xauusd such a smooth movement. 💰💰💰. THANK YOU!,2025-08-29T14:09:24Z,2026-10-01T13:26:27.904619+00:00,6,1,,055c51d00b8d5e42b479989ceaa6af3c814d157f938cad3b0c94f46066103cd1,,youtube-data-api-v3/commentThreads.list,,MKJz4yURCEs,How to Trade Gold - Ride Massive Trends Using this Method,The Moving Average,,
youtube,The Moving Average,MKJz4yURCEs,https://www.youtube.com/watch?v=MKJz4yURCEs,UgzAFmEYaARpN9EETGl4AaABAg,"ARTY i been following since years, you are true humble and beautiful soul creating real content of trading methods and sharing with perfect entry and exit setups...thank you for sharing your knowledge...may almighty bless you with more power...",2025-05-24T15:05:07Z,2026-10-01T13:26:27.904619+00:00,11,1,,7a93e56d0b6daee9d6bf04dfa4d820d34422808ab44172525a3c9c06096058e1,,youtube-data-api-v3/commentThreads.list,,MKJz4yURCEs,How to Trade Gold - Ride Massive Trends Using this Method,The Moving Average,,
youtube,The Moving Average,MKJz4yURCEs,https://www.youtube.com/watch?v=MKJz4yURCEs,UgzeVSPwbVcpsnW34oN4AaABAg,"I bring you greetings from Ghana. Merry Christmas 

You have done everything. May God bless you abundantly.",2025-12-25T18:22:14Z,2026-10-01T13:26:27.904619+00:00,2,1,,5a202ebff5af29becaa1d754643b53272ca963c4eae0caea8cee3f39d6b6168c,,youtube-data-api-v3/commentThreads.list,,MKJz4yURCEs,How to Trade Gold - Ride Massive Trends Using this Method,The Moving Average,,
youtube,The Moving Average,MKJz4yURCEs,https://www.youtube.com/watch?v=MKJz4yURCEs,UgztBJcws8CVJB5lZah4AaABAg,You have been anointed for this. Remain blessed sir,2025-05-16T20:32:27Z,2026-10-01T13:26:27.904619+00:00,5,1,,20d2e0cbe91ebafd5f6ad69d2347070feab2009301f49d01eb3865cb78814921,,youtube-data-api-v3/commentThreads.list,,MKJz4yURCEs,How to Trade Gold - Ride Massive Trends Using this Method,The Moving Average,,
youtube,The Moving Average,MKJz4yURCEs,https://www.youtube.com/watch?v=MKJz4yURCEs,Ugx-LrHEIBc4Kwr5UR94AaABAg,Wow just wow! How I wish I've watched this sooner now it makes sense.,2025-11-11T02:06:26Z,2026-10-01T13:26:27.904619+00:00,2,1,,ee89bbc9c68c18199a896a8270c285956ea074e69fe61f22015534b6fbfc9f2a,,youtube-data-api-v3/commentThreads.list,,MKJz4yURCEs,How to Trade Gold - Ride Massive Trends Using this Method,The Moving Average,,
youtube,The Moving Average,MKJz4yURCEs,https://www.youtube.com/watch?v=MKJz4yURCEs,Ugw2mGUTlA4ySKapsRN4AaABAg,"This video and strategy just helped me pass my first prop firm challenge!! Once again, Arty, you have changed my trading life!! Keep up the brilliant work, bro!!!!!",2026-04-02T09:15:45Z,2026-10-01T13:26:27.904619+00:00,2,1,,b1683bf82940b9924026a93c0ea9b5bcd8a9736dbe231294361fa57c7a6f10dc,,youtube-data-api-v3/commentThreads.list,,MKJz4yURCEs,How to Trade Gold - Ride Massive Trends Using this Method,The Moving Average,,
youtube,The Moving Average,MKJz4yURCEs,https://www.youtube.com/watch?v=MKJz4yURCEs,Ugw2mGUTlA4ySKapsRN4AaABAg.AV5RNX8KLbVAX5HA30cFht,Which prop firm,2026-05-22T00:49:19Z,2026-10-01T13:26:27.904619+00:00,0,0,,74cc4ad53237f4733f34b26be684a4221e6e7f0e2bb5fcd13046fef9d063825a,Ugw2mGUTlA4ySKapsRN4AaABAg,youtube-data-api-v3/commentThreads.list,,MKJz4yURCEs,How to Trade Gold - Ride Massive Trends Using this Method,The Moving Average,,
youtube,The Moving Average,MKJz4yURCEs,https://www.youtube.com/watch?v=MKJz4yURCEs,UgxNOlqmXJeAOEXTw194AaABAg,That's is very useful for a Swing Trader like me! This Help Solve my Problem of where to Exit the Market where I previously know nowhere to Exit and Held Until Profit become Loss or BreakEvent!,2025-05-10T11:26:57Z,2026-10-01T13:26:27.904619+00:00,5,3,,b48344da6d559e232e313122af374162db9b60fc2729d4962b49dec2717077a9,,youtube-data-api-v3/commentThreads.list,,MKJz4yURCEs,How to Trade Gold - Ride Massive Trends Using this Method,The Moving Average,,
youtube,The Moving Average,MKJz4yURCEs,https://www.youtube.com/watch?v=MKJz4yURCEs,UgxNOlqmXJeAOEXTw194AaABAg.AHwfSO0blRXAI00Wl0bKGp,@TheMovingAverage Thanks so much 🙏,2025-05-12T03:56:45Z,2026-10-01T13:26:27.904619+00:00,2,0,,b48344da6d559e232e313122af374162db9b60fc2729d4962b49dec2717077a9,UgxNOlqmXJeAOEXTw194AaABAg,youtube-data-api-v3/commentThreads.list,,MKJz4yURCEs,How to Trade Gold - Ride Massive Trends Using this Method,The Moving Average,,
youtube,The Moving Average,MKJz4yURCEs,https://www.youtube.com/watch?v=MKJz4yURCEs,UgwUJhUeHGQEdc-68UB4AaABAg,Trading gold in December is a rollercoaster 🎢 I briefly backtested this method and it turned out GREAT! Will definitely try it tomorrow !,2025-12-03T17:33:35Z,2026-10-01T13:26:27.904619+00:00,7,0,,2e234af66e829f8c8d2bf572505ddfccd34dcc16e19e8ff2af9700ff0d280a0d,,youtube-data-api-v3/commentThreads.list,,MKJz4yURCEs,How to Trade Gold - Ride Massive Trends Using this Method,The Moving Average,,
youtube,The Moving Average,MKJz4yURCEs,https://www.youtube.com/watch?v=MKJz4yURCEs,Ugxh71bLyiulZ1Rx2Ih4AaABAg,This strategy cooks,2026-04-24T10:29:11Z,2026-10-01T13:26:27.904619+00:00,2,0,,ae854e34a3375df8f19d723f42920e294926532337dec53ab145ab47132e6ba1,,youtube-data-api-v3/commentThreads.list,,MKJz4yURCEs,How to Trade Gold - Ride Massive Trends Using this Method,The Moving Average,,
youtube,The Moving Average,MKJz4yURCEs,https://www.youtube.com/watch?v=MKJz4yURCEs,Ugyixrq4IVc8AbWwRvR4AaABAg,"I hardly comment, God bless you for this SIR",2025-08-11T15:07:52Z,2026-10-01T13:26:27.904619+00:00,5,1,,60fd6bed4c70adf6edc7a11642593450f31c291dbaf543be43d714d3dfe062b7,,youtube-data-api-v3/commentThreads.list,,MKJz4yURCEs,How to Trade Gold - Ride Massive Trends Using this Method,The Moving Average,,
youtube,The Moving Average,MKJz4yURCEs,https://www.youtube.com/watch?v=MKJz4yURCEs,UgzAaeOVhkg15g6UI7R4AaABAg,Imma watch this 3 times per day,2026-02-04T18:10:12Z,2026-10-01T13:26:27.904619+00:00,3,1,,8a6a5c94a8ae8fb541948988424798494e425da47bfff9921655179b46a7193d,,youtube-data-api-v3/commentThreads.list,,MKJz4yURCEs,How to Trade Gold - Ride Massive Trends Using this Method,The Moving Average,,
youtube,The Moving Average,MKJz4yURCEs,https://www.youtube.com/watch?v=MKJz4yURCEs,UgyWvQ0FRFULWdmzj614AaABAg,"Great video. I’ve been long NAS for a few days now. Love it - no stress, just follow the rules. Thank you 😊",2025-05-18T18:47:27Z,2026-10-01T13:26:27.904619+00:00,3,1,,bd2ced38bd659b2777b6bf54f163e81150bd960f17a9c4e8bf1d8c73791a31c3,,youtube-data-api-v3/commentThreads.list,,MKJz4yURCEs,How to Trade Gold - Ride Massive Trends Using this Method,The Moving Average,,
youtube,The Moving Average,MKJz4yURCEs,https://www.youtube.com/watch?v=MKJz4yURCEs,UgxTyAE1tyPfT5OTeb54AaABAg,"Thanks bro, U gain another follower.!!.",2025-05-21T21:51:21Z,2026-10-01T13:26:27.904619+00:00,4,1,,9ed6cbdce39b0da59643cacd662e59e39aed4302e9f2da767647650041d259b1,,youtube-data-api-v3/commentThreads.list,,MKJz4yURCEs,How to Trade Gold - Ride Massive Trends Using this Method,The Moving Average,,
youtube,The Moving Average,MKJz4yURCEs,https://www.youtube.com/watch?v=MKJz4yURCEs,Ugy_4vManUUaUp-cM914AaABAg,Wow this is amazing . Thank you so much for this. This is a game changer,2025-05-10T09:57:20Z,2026-10-01T13:26:27.904619+00:00,4,1,,90f2bf9a8747ca93953a2aac486b191ef503f636a507c17554a69f04089a8d0d,,youtube-data-api-v3/commentThreads.list,,MKJz4yURCEs,How to Trade Gold - Ride Massive Trends Using this Method,The Moving Average,,
youtube,The Moving Average,MKJz4yURCEs,https://www.youtube.com/watch?v=MKJz4yURCEs,Ugz6Pg_5a1Ve6Y_M4HN4AaABAg,Love from India,2026-02-03T06:09:57Z,2026-10-01T13:26:27.904619+00:00,2,0,,f617e80a89746a1d76b5b7e046f243c0a5f3201afe23ed5495456ff5e0382676,,youtube-data-api-v3/commentThreads.list,,MKJz4yURCEs,How to Trade Gold - Ride Massive Trends Using this Method,The Moving Average,,
youtube,The Moving Average,MKJz4yURCEs,https://www.youtube.com/watch?v=MKJz4yURCEs,UgwyxkyKqSl0X9L1zhR4AaABAg,Yooo arty welcome back bro,2025-05-09T19:04:59Z,2026-10-01T13:26:27.904619+00:00,4,1,,666b15c59c3016eb53a26b18d79959a0b9169cab4e0481adb6f4fa8e790015c4,,youtube-data-api-v3/commentThreads.list,,MKJz4yURCEs,How to Trade Gold - Ride Massive Trends Using this Method,The Moving Average,,
youtube,The Moving Average,MKJz4yURCEs,https://www.youtube.com/watch?v=MKJz4yURCEs,UgwShT-HrC8Peme2eaZ4AaABAg,Everything explained clearly in less than 8 mins❤,2025-12-17T01:43:54Z,2026-10-01T13:26:27.904619+00:00,2,1,,ed1e31d60d6dd25b2baa450944eb9a0cf17ba54577395cf247de299c4aaeb1e4,,youtube-data-api-v3/commentThreads.list,,MKJz4yURCEs,How to Trade Gold - Ride Massive Trends Using this Method,The Moving Average,,
youtube,The Moving Average,MKJz4yURCEs,https://www.youtube.com/watch?v=MKJz4yURCEs,UgwB2Aao1hv2NLMNLTV4AaABAg,"Thank you Arty, I've tried and it helped me to move better in the market. Thank you! 🙏",2025-05-23T12:11:35Z,2026-10-01T13:26:27.904619+00:00,2,1,,454367724433ecf40097bf0d05f248d7da46b1322ff15757cc3e657e14985757,,youtube-data-api-v3/commentThreads.list,,MKJz4yURCEs,How to Trade Gold - Ride Massive Trends Using this Method,The Moving Average,,
youtube,The Moving Average,MKJz4yURCEs,https://www.youtube.com/watch?v=MKJz4yURCEs,UgysCYIX_dEq-UOOzxp4AaABAg,Thank you for your knowledge sharing sir. Greetings from Malaysia.,2025-08-31T06:24:25Z,2026-10-01T13:26:27.904619+00:00,2,1,,0c99d818ce1cb63dab0f822f7cc0f53d2b20c257f3427439e76fd3b2eca1cb8c,,youtube-data-api-v3/commentThreads.list,,MKJz4yURCEs,How to Trade Gold - Ride Massive Trends Using this Method,The Moving Average,,
youtube,The Moving Average,MKJz4yURCEs,https://www.youtube.com/watch?v=MKJz4yURCEs,UgwdEbajMv1FdCnOhWl4AaABAg,Ok playa you got another subscriber this was very helpful thanks you,2025-11-24T18:48:41Z,2026-10-01T13:26:27.904619+00:00,2,1,,87629b3ee2fcc15016b7ea9bba569444847603293f359ae04e3fbc600e0b713b,,youtube-data-api-v3/commentThreads.list,,MKJz4yURCEs,How to Trade Gold - Ride Massive Trends Using this Method,The Moving Average,,
youtube,The Moving Average,MKJz4yURCEs,https://www.youtube.com/watch?v=MKJz4yURCEs,UgyqwmI0KTTV6SYzYfV4AaABAg,"Thank you so much arty, you have chosen the topic.",2025-05-12T05:18:45Z,2026-10-01T13:26:27.904619+00:00,2,1,,46494ef977fd8ed00ae36a7365d046e236d1a2f7e521fc4b1bfd7b20fe6f35be,,youtube-data-api-v3/commentThreads.list,,MKJz4yURCEs,How to Trade Gold - Ride Massive Trends Using this Method,The Moving Average,,
youtube,The Moving Average,MKJz4yURCEs,https://www.youtube.com/watch?v=MKJz4yURCEs,UgwSERapYZgH3-ibKwB4AaABAg,johny johny got the skills love from kenya,2026-03-07T14:42:29Z,2026-10-01T13:26:27.904619+00:00,2,0,,27385dfb25a7a60be5e45b213c2fc32468b56064e22191a4b4dce47198928a49,,youtube-data-api-v3/commentThreads.list,,MKJz4yURCEs,How to Trade Gold - Ride Massive Trends Using this Method,The Moving Average,,
youtube,The Moving Average,MKJz4yURCEs,https://www.youtube.com/watch?v=MKJz4yURCEs,Ugxhphl2uGuxSINBEfd4AaABAg,Hey amazing content! My question is how do you set specific alerts and notification on trading view for these heiken ashi candles? i have looked everywhere? are you able to give us a video walkthrough on how to set this up exactly as you mentioned,2025-08-20T06:34:43Z,2026-10-01T13:26:27.904619+00:00,4,0,,369e0268be962d83cd5b2688208bd7d6c5fce7aaff1824012b79222cd73071c8,,youtube-data-api-v3/commentThreads.list,,MKJz4yURCEs,How to Trade Gold - Ride Massive Trends Using this Method,The Moving Average,,
youtube,The Moving Average,MKJz4yURCEs,https://www.youtube.com/watch?v=MKJz4yURCEs,UgzdPQnWAx73q7RcZLl4AaABAg,I love you Man i hope when im successful enough in this arena ill have the chance to see you one day ❤❤,2025-08-18T14:56:09Z,2026-10-01T13:26:27.904619+00:00,3,1,,f4c32550df9fbe14200ea2404ccfd386a1d4f729631a3b42d68af524c6357b64,,youtube-data-api-v3/commentThreads.list,,MKJz4yURCEs,How to Trade Gold - Ride Massive Trends Using this Method,The Moving Average,,
youtube,The Moving Average,MKJz4yURCEs,https://www.youtube.com/watch?v=MKJz4yURCEs,UgzmHBo-CxMKBWV2uxV4AaABAg,thank you brother for this valuable video.,2025-11-19T11:38:30Z,2026-10-01T13:26:27.904619+00:00,3,1,,6540f988050135bc9d6f9136006be56cff09f6c1d2746ff6091e6bd04ee261df,,youtube-data-api-v3/commentThreads.list,,MKJz4yURCEs,How to Trade Gold - Ride Massive Trends Using this Method,The Moving Average,,
youtube,The Moving Average,MKJz4yURCEs,https://www.youtube.com/watch?v=MKJz4yURCEs,Ugz3ptOedBZS6KSKy6F4AaABAg,Hi can you please make a video on how to set the alerts and notifications please,2025-09-17T18:54:00Z,2026-10-01T13:26:27.904619+00:00,2,0,,fe88607c35a3a9cc5ffbd9aa1063ffecf96a2983c7de0accc4282d7d985569f1,,youtube-data-api-v3/commentThreads.list,,MKJz4yURCEs,How to Trade Gold - Ride Massive Trends Using this Method,The Moving Average,,
youtube,The Moving Average,MKJz4yURCEs,https://www.youtube.com/watch?v=MKJz4yURCEs,UgxCjt5m5gCOuh0FhdV4AaABAg,nice content in just so simple language......thanks brother.....🔥❤️,2025-06-30T07:51:32Z,2026-10-01T13:26:27.904619+00:00,2,1,,ff07c7f0a5d0563aced5af2bf9714af32614c964c379ef26141da62e69d903b8,,youtube-data-api-v3/commentThreads.list,,MKJz4yURCEs,How to Trade Gold - Ride Massive Trends Using this Method,The Moving Average,,
youtube,The Moving Average,MKJz4yURCEs,https://www.youtube.com/watch?v=MKJz4yURCEs,UgzTPDzWw7LOhYhYSV14AaABAg,Am new in this field so trying to learn from your videos,2025-08-05T08:08:41Z,2026-10-01T13:26:27.904619+00:00,2,1,,a42e5efec8a6dd6e9f9a81f5473263eca6775527478e17f79e7dbdddee430b9a,,youtube-data-api-v3/commentThreads.list,,MKJz4yURCEs,How to Trade Gold - Ride Massive Trends Using this Method,The Moving Average,,
youtube,The Moving Average,MKJz4yURCEs,https://www.youtube.com/watch?v=MKJz4yURCEs,Ugx-mUhMjQisy-4kxtN4AaABAg,You're awesome brother! Thank you!,2025-07-10T15:11:07Z,2026-10-01T13:26:27.904619+00:00,2,1,,833492e9db0aae5a595e6ba0fc47c37b072cef88a9f070406fcf042efeba9f78,,youtube-data-api-v3/commentThreads.list,,MKJz4yURCEs,How to Trade Gold - Ride Massive Trends Using this Method,The Moving Average,,
youtube,The Moving Average,MKJz4yURCEs,https://www.youtube.com/watch?v=MKJz4yURCEs,UgwljY90ZzrwrhBIlfR4AaABAg,Thanks arty 🎉 and thanks to the questioner. Heiken ashi are great,2025-05-09T21:21:51Z,2026-10-01T13:26:27.904619+00:00,2,1,,16c5378bad8a20480688430ef02ff3faa092f9741383098219212dda2f32f1db,,youtube-data-api-v3/commentThreads.list,,MKJz4yURCEs,How to Trade Gold - Ride Massive Trends Using this Method,The Moving Average,,
youtube,The Moving Average,MKJz4yURCEs,https://www.youtube.com/watch?v=MKJz4yURCEs,UgwceHyrKOwmeX4-aHN4AaABAg,Just seen it awesome explanation. I will try it when i will have money.,2025-07-04T00:29:07Z,2026-10-01T13:26:27.905620+00:00,2,1,,09f7121f4c4468be19d7c6517e73e468df4bc77c6e380a04c56d3753ac1c067d,,youtube-data-api-v3/commentThreads.list,,MKJz4yURCEs,How to Trade Gold - Ride Massive Trends Using this Method,The Moving Average,,
youtube,The Moving Average,MKJz4yURCEs,https://www.youtube.com/watch?v=MKJz4yURCEs,UgxMBFKu-IWOINNo2sp4AaABAg,High quality content.,2025-09-17T23:54:32Z,2026-10-01T13:26:27.905620+00:00,1,1,,29ebaa9a92ccad510ebfad435e86acf5daddc49da8e7822ce209618d4ed0c423,,youtube-data-api-v3/commentThreads.list,,MKJz4yURCEs,How to Trade Gold - Ride Massive Trends Using this Method,The Moving Average,,
youtube,The Moving Average,MKJz4yURCEs,https://www.youtube.com/watch?v=MKJz4yURCEs,Ugx74ozvL9bTMM2kI4l4AaABAg,Sounds like a printer. I'll test it.. Thanks bro,2026-02-04T18:08:02Z,2026-10-01T13:26:27.905620+00:00,2,0,,8a6a5c94a8ae8fb541948988424798494e425da47bfff9921655179b46a7193d,,youtube-data-api-v3/commentThreads.list,,MKJz4yURCEs,How to Trade Gold - Ride Massive Trends Using this Method,The Moving Average,,
youtube,The Moving Average,MKJz4yURCEs,https://www.youtube.com/watch?v=MKJz4yURCEs,UgwZWddrdbHwqKoqtip4AaABAg,Fantastic Video With Strategy❗️👌🏼,2025-05-10T07:44:38Z,2026-10-01T13:26:27.905620+00:00,2,1,,5fdc1b2ddac080577fcae5e2fe148e17ca8aee889f4b27f93a696ca8131a36a6,,youtube-data-api-v3/commentThreads.list,,MKJz4yURCEs,How to Trade Gold - Ride Massive Trends Using this Method,The Moving Average,,
youtube,The Moving Average,MKJz4yURCEs,https://www.youtube.com/watch?v=MKJz4yURCEs,Ugz-qNL8Yngh13hw61B4AaABAg,Well cooked boss😊,2026-05-13T23:09:21Z,2026-10-01T13:26:27.905620+00:00,1,0,,c84c0a00fef53da3422b605cf593b6c5fd98fee25546dc84ab58737b0e7ff810,,youtube-data-api-v3/commentThreads.list,,MKJz4yURCEs,How to Trade Gold - Ride Massive Trends Using this Method,The Moving Average,,
youtube,The Moving Average,MKJz4yURCEs,https://www.youtube.com/watch?v=MKJz4yURCEs,UgyO2_m_ySrBhAR5FnZ4AaABAg,Thank you Arty  for video. but i have one question? But before you told Heiken Ashi not good for scalping. For swing it is good. Sorry but it is important. Your lessons perfect and  your opinion is very important.,2025-07-08T21:33:13Z,2026-10-01T13:26:27.905620+00:00,2,0,,e498805d8e61e9437ce7889840f69bf5f081c463688687bd8099d86b4f5e7413,,youtube-data-api-v3/commentThreads.list,,MKJz4yURCEs,How to Trade Gold - Ride Massive Trends Using this Method,The Moving Average,,
youtube,The Moving Average,MKJz4yURCEs,https://www.youtube.com/watch?v=MKJz4yURCEs,UgzVc60xg3Z_xKvLnBJ4AaABAg,Great video thank you !,2025-11-22T06:03:28Z,2026-10-01T13:26:27.905620+00:00,2,1,,645c8eca6e3dd2f501c7ac3a343006dcb1882e2dce7b1a735fb4ee57c5d8e713,,youtube-data-api-v3/commentThreads.list,,MKJz4yURCEs,How to Trade Gold - Ride Massive Trends Using this Method,The Moving Average,,
youtube,The Moving Average,MKJz4yURCEs,https://www.youtube.com/watch?v=MKJz4yURCEs,UgxvmAFvNjfHUqIaV3B4AaABAg,Great video,2025-12-10T21:17:03Z,2026-10-01T13:26:27.905620+00:00,2,1,,d7ec5e7cad2a2f77b66e0dde523ad64646576c0428c58bc3495af62f593467f4,,youtube-data-api-v3/commentThreads.list,,MKJz4yURCEs,How to Trade Gold - Ride Massive Trends Using this Method,The Moving Average,,
youtube,The Moving Average,MKJz4yURCEs,https://www.youtube.com/watch?v=MKJz4yURCEs,UgwYcljF2nxVk0ikKv54AaABAg,Nice great explanation,2026-03-08T07:47:08Z,2026-10-01T13:26:27.905620+00:00,1,0,,8f334a5695264c9d58de4f7d46a0751c7b52102bba1eb1a3a97f7d86b300a397,,youtube-data-api-v3/commentThreads.list,,MKJz4yURCEs,How to Trade Gold - Ride Massive Trends Using this Method,The Moving Average,,
youtube,The Moving Average,MKJz4yURCEs,https://www.youtube.com/watch?v=MKJz4yURCEs,Ugw_IJqRIEt-WT2Gvel4AaABAg,Thanks for sharing this video.,2025-05-11T08:55:35Z,2026-10-01T13:26:27.905620+00:00,2,1,,ddcfca99c2a08070459ae4cae832d6e575c29b73a0612595552e35638c9b1b9e,,youtube-data-api-v3/commentThreads.list,,MKJz4yURCEs,How to Trade Gold - Ride Massive Trends Using this Method,The Moving Average,,
youtube,The Moving Average,MKJz4yURCEs,https://www.youtube.com/watch?v=MKJz4yURCEs,Ugxx4l7FAh1TlYTXsYR4AaABAg,Thanks rd😊,2025-05-17T01:50:50Z,2026-10-01T13:26:27.905620+00:00,3,1,,bcc146cf5fbef1dbf742a8ae7d69f6afcb1c7cfc66540e6e20dac349f8198f2f,,youtube-data-api-v3/commentThreads.list,,MKJz4yURCEs,How to Trade Gold - Ride Massive Trends Using this Method,The Moving Average,,
youtube,The Moving Average,MKJz4yURCEs,https://www.youtube.com/watch?v=MKJz4yURCEs,UgxfrnfwmlPI4zcRajd4AaABAg,Thank you for this❤,2025-05-09T19:35:44Z,2026-10-01T13:26:27.905620+00:00,2,1,,99697c1932c841a06280cb238252ceb60975747dcecc255e5ee8249b47961a9b,,youtube-data-api-v3/commentThreads.list,,MKJz4yURCEs,How to Trade Gold - Ride Massive Trends Using this Method,The Moving Average,,
youtube,The Moving Average,MKJz4yURCEs,https://www.youtube.com/watch?v=MKJz4yURCEs,UgzY1cRKMBJLfOXELIR4AaABAg,Johnny sins of the gold 🥇🔥,2025-10-17T09:29:15Z,2026-10-01T13:26:27.905620+00:00,100,3,,ec62bcd1a8d76e92d45f9177af39a8424f2b3f9bdac28325bc0bb871fd886655,,youtube-data-api-v3/commentThreads.list,,MKJz4yURCEs,How to Trade Gold - Ride Massive Trends Using this Method,The Moving Average,,
youtube,The Moving Average,MKJz4yURCEs,https://www.youtube.com/watch?v=MKJz4yURCEs,UgzY1cRKMBJLfOXELIR4AaABAg.AONSAH7OBR9ATCJs4gUv3n,😂😂😂😂😂😂😂,2026-02-14T08:22:02Z,2026-10-01T13:26:27.905620+00:00,4,0,,9354f00dded6545df50a1ddd7f32536d971d36153af91773a6e8f87399fd4114,UgzY1cRKMBJLfOXELIR4AaABAg,youtube-data-api-v3/commentThreads.list,,MKJz4yURCEs,How to Trade Gold - Ride Massive Trends Using this Method,The Moving Average,,
youtube,The Moving Average,MKJz4yURCEs,https://www.youtube.com/watch?v=MKJz4yURCEs,UgzY1cRKMBJLfOXELIR4AaABAg.AONSAH7OBR9ATJ1OHAKI8b,LOOOOOLLLLL,2026-02-16T22:55:14Z,2026-10-01T13:26:27.905620+00:00,3,0,,d375631b844a5f034f5cb31a7257850e40709c42655647ff82d6a4f86b523b68,UgzY1cRKMBJLfOXELIR4AaABAg,youtube-data-api-v3/commentThreads.list,,MKJz4yURCEs,How to Trade Gold - Ride Massive Trends Using this Method,The Moving Average,,
youtube,The Moving Average,MKJz4yURCEs,https://www.youtube.com/watch?v=MKJz4yURCEs,UgylUbnwsAt4QCoTDLZ4AaABAg,Great knowledge ❤,2025-08-22T22:56:16Z,2026-10-01T13:26:27.905620+00:00,2,1,,535f17c4941b66fe42c4d720f566a3c8a4b9bf9f4ad62acfab2dff374f61c9b1,,youtube-data-api-v3/commentThreads.list,,MKJz4yURCEs,How to Trade Gold - Ride Massive Trends Using this Method,The Moving Average,,
youtube,The Moving Average,MKJz4yURCEs,https://www.youtube.com/watch?v=MKJz4yURCEs,UgxWvY-n-x3G4ZpJ5Yp4AaABAg,Thanks teacher your help 🎉,2025-05-09T19:09:25Z,2026-10-01T13:26:27.905620+00:00,2,1,,42aaaaf040e210b5a5debb8c3394ffdcdebff23808cf2c39bada3dd9b7157e57,,youtube-data-api-v3/commentThreads.list,,MKJz4yURCEs,How to Trade Gold - Ride Massive Trends Using this Method,The Moving Average,,
youtube,The Moving Average,MKJz4yURCEs,https://www.youtube.com/watch?v=MKJz4yURCEs,Ugxk2t-ZCF-MYfL3whJ4AaABAg,Just in time!,2025-05-11T17:44:41Z,2026-10-01T13:26:27.905620+00:00,2,1,,43c03320307d3b57c87c31b9f0c824566dd5905b6a07693eb2faee55c3117677,,youtube-data-api-v3/commentThreads.list,,MKJz4yURCEs,How to Trade Gold - Ride Massive Trends Using this Method,The Moving Average,,
youtube,The Moving Average,MKJz4yURCEs,https://www.youtube.com/watch?v=MKJz4yURCEs,UgxIKYoenhGTZJc-0ux4AaABAg,great video broo,2025-07-01T17:15:52Z,2026-10-01T13:26:27.905620+00:00,2,1,,3734b2a7f3e146f0159015791f737534488964c95429663c93a6edcbb9605b9f,,youtube-data-api-v3/commentThreads.list,,MKJz4yURCEs,How to Trade Gold - Ride Massive Trends Using this Method,The Moving Average,,
youtube,The Moving Average,MKJz4yURCEs,https://www.youtube.com/watch?v=MKJz4yURCEs,UgzS7FkVtIekkN5Bi9R4AaABAg,U are GRATE. :),2025-05-13T16:44:17Z,2026-10-01T13:26:27.905620+00:00,2,1,,d8888c7bbdc6fac7eeaa1e661ce39aa07cefba66249b1029ff7d913123806f49,,youtube-data-api-v3/commentThreads.list,,MKJz4yURCEs,How to Trade Gold - Ride Massive Trends Using this Method,The Moving Average,,
youtube,The Moving Average,MKJz4yURCEs,https://www.youtube.com/watch?v=MKJz4yURCEs,UgyK7HS0s0n8-tZtz654AaABAg,Now just time to come up with hobbies …,2025-07-18T04:26:14Z,2026-10-01T13:26:27.905620+00:00,5,0,,4b90878f6ddc8e8a3c5e6d61386b6223f7b571cc1b912780d65a38dea4087738,,youtube-data-api-v3/commentThreads.list,,MKJz4yURCEs,How to Trade Gold - Ride Massive Trends Using this Method,The Moving Average,,
youtube,The Moving Average,MKJz4yURCEs,https://www.youtube.com/watch?v=MKJz4yURCEs,UgxztHngjUr3AJ3I9h14AaABAg,Sound as a pound there Arty. Many thanks and rock on !,2025-05-09T19:18:33Z,2026-10-01T13:26:27.905620+00:00,2,1,,6decdd981787cbc700c955b446c0143a6a541adee274f5c9180b39aa70e2fb81,,youtube-data-api-v3/commentThreads.list,,MKJz4yURCEs,How to Trade Gold - Ride Massive Trends Using this Method,The Moving Average,,
youtube,The Moving Average,MKJz4yURCEs,https://www.youtube.com/watch?v=MKJz4yURCEs,Ugx6b3roPeHrsIW72ux4AaABAg,love from India❤,2025-05-15T09:46:59Z,2026-10-01T13:26:27.905620+00:00,3,1,,4a2c3b7d247244da9f93dd101ece573313763f09e7be13fe5924f6e0e1fe25ed,,youtube-data-api-v3/commentThreads.list,,MKJz4yURCEs,How to Trade Gold - Ride Massive Trends Using this Method,The Moving Average,,
youtube,The Moving Average,MKJz4yURCEs,https://www.youtube.com/watch?v=MKJz4yURCEs,UgxrOr0Qk_YXaX0UI_94AaABAg,Nice one 👍,2026-03-15T19:56:11Z,2026-10-01T13:26:27.905620+00:00,1,0,,d9602e0bea92deb1e91fdc3bec597fe5006af29a9ec62d07f64f55bbc1293ea7,,youtube-data-api-v3/commentThreads.list,,MKJz4yURCEs,How to Trade Gold - Ride Massive Trends Using this Method,The Moving Average,,
youtube,The Moving Average,MKJz4yURCEs,https://www.youtube.com/watch?v=MKJz4yURCEs,UgwcPEeZc-whqeptI_14AaABAg,Thx Arty,2025-05-10T12:48:12Z,2026-10-01T13:26:27.905620+00:00,2,1,,a384665253970da75687ab53012cb75218a22446e0a747db789eed3b63770ffc,,youtube-data-api-v3/commentThreads.list,,MKJz4yURCEs,How to Trade Gold - Ride Massive Trends Using this Method,The Moving Average,,
youtube,The Moving Average,MKJz4yURCEs,https://www.youtube.com/watch?v=MKJz4yURCEs,UgyMvOngVgRs7yEomOB4AaABAg,Thank you ima try this on demo,2026-01-06T18:17:25Z,2026-10-01T13:26:27.905620+00:00,2,1,,30ed1e575f8b4cc52ce1592990e6d770cff973155c545b7896dbfab12a29a780,,youtube-data-api-v3/commentThreads.list,,MKJz4yURCEs,How to Trade Gold - Ride Massive Trends Using this Method,The Moving Average,,
youtube,The Moving Average,MKJz4yURCEs,https://www.youtube.com/watch?v=MKJz4yURCEs,UgwRxWGIvfTcKm3UdA14AaABAg,"Alot of theory only, you should show live on charts how to apply what you say to trade xauusd for beginners...especially swing buys as gold always goes up. Images are worth more than 1000 words!",2026-04-03T20:33:03Z,2026-10-01T13:26:27.905620+00:00,2,0,,1007a1bed962da8f76933c383094b5d35f3f5f539cddd1e4c66f00d6e888c7a2,,youtube-data-api-v3/commentThreads.list,,MKJz4yURCEs,How to Trade Gold - Ride Massive Trends Using this Method,The Moving Average,,
youtube,The Moving Average,MKJz4yURCEs,https://www.youtube.com/watch?v=MKJz4yURCEs,Ugx8qWyUH3oOy9lT_QB4AaABAg,How to set alerts on a closing candle properly?,2025-05-25T16:12:59Z,2026-10-01T13:26:27.905620+00:00,2,0,,51ccab681a6ade9954899516ec550a13f04630a7a579270d47c25cee5fa4add3,,youtube-data-api-v3/commentThreads.list,,MKJz4yURCEs,How to Trade Gold - Ride Massive Trends Using this Method,The Moving Average,,
youtube,The Moving Average,MKJz4yURCEs,https://www.youtube.com/watch?v=MKJz4yURCEs,UgyxgbtxJt1n2U6kadt4AaABAg,Very interesting video ❤,2025-05-10T06:52:06Z,2026-10-01T13:26:27.905620+00:00,2,1,,006acbff287f8d7013ef17e6407090daebb6927ea08e217a4a13c46a540833c0,,youtube-data-api-v3/commentThreads.list,,MKJz4yURCEs,How to Trade Gold - Ride Massive Trends Using this Method,The Moving Average,,
youtube,The Moving Average,MKJz4yURCEs,https://www.youtube.com/watch?v=MKJz4yURCEs,UgyEqYFORW7YLGSVbHZ4AaABAg,Thanks alot,2025-05-09T19:28:41Z,2026-10-01T13:26:27.905620+00:00,1,1,,b44a497c254dace675c83593b52995ec35a8d5d185450d907d9e612aaf77e2b7,,youtube-data-api-v3/commentThreads.list,,MKJz4yURCEs,How to Trade Gold - Ride Massive Trends Using this Method,The Moving Average,,
youtube,The Moving Average,MKJz4yURCEs,https://www.youtube.com/watch?v=MKJz4yURCEs,UgyUQB7MlwgP60VnVnx4AaABAg,Bravo !,2025-05-09T19:53:42Z,2026-10-01T13:26:27.905620+00:00,2,1,,87ac02c45a67af3a024435c2f77cb9f23d8be7d4f91fb2e2c19d5d54e65f523a,,youtube-data-api-v3/commentThreads.list,,MKJz4yURCEs,How to Trade Gold - Ride Massive Trends Using this Method,The Moving Average,,
youtube,The Moving Average,MKJz4yURCEs,https://www.youtube.com/watch?v=MKJz4yURCEs,UgxiDn9YCJ085i0NqLh4AaABAg,"The timing of this video, in retrospect was amazing. Had anyone followed it, they would have had a very good year. Now, with gold consolidated and ranging, this technique may be a bit risky. May 2026.",2026-05-02T04:38:55Z,2026-10-01T13:26:27.905620+00:00,1,0,,a7f11766dd1c05c188fed4e07f4f2be48b6a8a994e53a70cb08048c652a5b0df,,youtube-data-api-v3/commentThreads.list,,MKJz4yURCEs,How to Trade Gold - Ride Massive Trends Using this Method,The Moving Average,,
youtube,The Moving Average,MKJz4yURCEs,https://www.youtube.com/watch?v=MKJz4yURCEs,UgzT0-fKBHcjFvkZw7t4AaABAg,Thanks,2025-05-20T18:05:35Z,2026-10-01T13:26:27.905620+00:00,2,1,,aea0174f33a943337392739a43902329fb482b78ea5b595a54247584f9d4d646,,youtube-data-api-v3/commentThreads.list,,MKJz4yURCEs,How to Trade Gold - Ride Massive Trends Using this Method,The Moving Average,,
youtube,The Moving Average,MKJz4yURCEs,https://www.youtube.com/watch?v=MKJz4yURCEs,UgzxVA7GYe4Uu1y5uOJ4AaABAg,How to set specific  alert in tradingview?,2025-05-09T21:02:48Z,2026-10-01T13:26:27.905620+00:00,4,0,,f12e9801cb21ef7502cb42363fa8f78bc399fa4fe7cb447786ab9240a3ca4d87,,youtube-data-api-v3/commentThreads.list,,MKJz4yURCEs,How to Trade Gold - Ride Massive Trends Using this Method,The Moving Average,,
youtube,The Moving Average,MKJz4yURCEs,https://www.youtube.com/watch?v=MKJz4yURCEs,UgzA6ECoxmUkzBn_iy14AaABAg,"Great video, gonna try this with what I've already learnt once I've started my £20 account progression challenge",2025-05-09T19:32:30Z,2026-10-01T13:26:27.905620+00:00,7,3,,bd71ae1bcf43f5e8c8b9aee4c15fd6f33d3191fb96a5ecc487044cee16f7d90a,,youtube-data-api-v3/commentThreads.list,,MKJz4yURCEs,How to Trade Gold - Ride Massive Trends Using this Method,The Moving Average,,
youtube,The Moving Average,MKJz4yURCEs,https://www.youtube.com/watch?v=MKJz4yURCEs,UgzA6ECoxmUkzBn_iy14AaABAg.AHuyDotXvxyAHwDvI6Gd6h,"Bro ,, go with funded challange",2025-05-10T07:17:38Z,2026-10-01T13:26:27.905620+00:00,2,0,,0aca99b51096b744ab7ffb75678cadb4f0ea8a24110a1e295cd93ccfca7d3d2c,UgzA6ECoxmUkzBn_iy14AaABAg,youtube-data-api-v3/commentThreads.list,,MKJz4yURCEs,How to Trade Gold - Ride Massive Trends Using this Method,The Moving Average,,
youtube,The Moving Average,MKJz4yURCEs,https://www.youtube.com/watch?v=MKJz4yURCEs,UgzA6ECoxmUkzBn_iy14AaABAg.AHuyDotXvxyAKBROoH1f2b,That’s tough for a beginner,2025-07-05T07:26:02Z,2026-10-01T13:26:27.905620+00:00,1,0,,bfbd80ab0a7aa022c6009f09b3515dcf2a650f4c2cd382900f1bd7666b1450bf,UgzA6ECoxmUkzBn_iy14AaABAg,youtube-data-api-v3/commentThreads.list,,MKJz4yURCEs,How to Trade Gold - Ride Massive Trends Using this Method,The Moving Average,,
youtube,The Moving Average,MKJz4yURCEs,https://www.youtube.com/watch?v=MKJz4yURCEs,Ugw12HJ0_HNkezm96T14AaABAg,"Good. Good. Nice. I will try it right, right now.",2025-11-29T02:08:40Z,2026-10-01T13:26:27.905620+00:00,1,2,,fe03bf351ce7e1cb72e5d937d253efd25ff781d520457e38fd4e9a73cc88a12e,,youtube-data-api-v3/commentThreads.list,,MKJz4yURCEs,How to Trade Gold - Ride Massive Trends Using this Method,The Moving Average,,
youtube,The Moving Average,MKJz4yURCEs,https://www.youtube.com/watch?v=MKJz4yURCEs,Ugw12HJ0_HNkezm96T14AaABAg.AQ5Nw2M4LaoAQ7VtxzkO2Q,"​@TheMovingAverage I am not able to send a screenshot. I am trading with Deriv MT5, I tried it with the minimum lot, 1, and  won $19.23 hahaha I was so nervous! I think it works with Volatility 100 (1s) too I used it in the Demo with that one and it went up well, but I stopped monitoring and it came down back to $4.09 as i am writing this comment. But I think I will make some money with this strategy.",2025-11-29T21:56:46Z,2026-10-01T13:26:27.905620+00:00,1,0,,fe03bf351ce7e1cb72e5d937d253efd25ff781d520457e38fd4e9a73cc88a12e,Ugw12HJ0_HNkezm96T14AaABAg,youtube-data-api-v3/commentThreads.list,,MKJz4yURCEs,How to Trade Gold - Ride Massive Trends Using this Method,The Moving Average,,
youtube,The Moving Average,MKJz4yURCEs,https://www.youtube.com/watch?v=MKJz4yURCEs,Ugw1ZCdZ8_-kt4MK_S54AaABAg,"I followed your instructions, and it's showing perfect results. Thank you so much for your analysis excellent always ❤",2025-07-14T00:47:53Z,2026-10-01T13:26:27.905620+00:00,11,1,,3e2c799a5b43f81712f0a2d2093a61ac499b93751bd4eede69588b72b7a33eb1,,youtube-data-api-v3/commentThreads.list,,MKJz4yURCEs,How to Trade Gold - Ride Massive Trends Using this Method,The Moving Average,,
youtube,The Moving Average,MKJz4yURCEs,https://www.youtube.com/watch?v=MKJz4yURCEs,UgylNLDsxuRrGubKo0F4AaABAg,Please sir can you do a video on how to set the alarm and notifications please,2026-06-02T23:31:01Z,2026-10-01T13:26:27.905620+00:00,1,0,,2b794c5a582b62a419363a187cbf204400524a274ec17008e043b8034543a1ac,,youtube-data-api-v3/commentThreads.list,,MKJz4yURCEs,How to Trade Gold - Ride Massive Trends Using this Method,The Moving Average,,
youtube,The Moving Average,MKJz4yURCEs,https://www.youtube.com/watch?v=MKJz4yURCEs,UgwRViq9XQbGxReRxY94AaABAg,about to try this strategy!,2025-07-18T00:56:27Z,2026-10-01T13:26:27.905620+00:00,1,3,,400e4b3d820c7141d6ad8dba887bbd8edda04c93f33decfae0f6cb11d6343fa8,,youtube-data-api-v3/commentThreads.list,,MKJz4yURCEs,How to Trade Gold - Ride Massive Trends Using this Method,The Moving Average,,
youtube,The Moving Average,MKJz4yURCEs,https://www.youtube.com/watch?v=MKJz4yURCEs,UgwRViq9XQbGxReRxY94AaABAg.AKhD8pVLBUXAKi52iGkvLW,Same,2025-07-18T09:04:57Z,2026-10-01T13:26:27.905620+00:00,1,0,,070a22b6ad04a0bea101874e42145e983699972f4f718fb086fe98340d0960cc,UgwRViq9XQbGxReRxY94AaABAg,youtube-data-api-v3/commentThreads.list,,MKJz4yURCEs,How to Trade Gold - Ride Massive Trends Using this Method,The Moving Average,,
youtube,The Moving Average,MKJz4yURCEs,https://www.youtube.com/watch?v=MKJz4yURCEs,UgwIbtWfDGg6R8MTBbB4AaABAg,Though I don't trade gold I'm going to apply these methods to what I do trade.,2026-01-19T21:52:27Z,2026-10-01T13:26:27.905620+00:00,1,1,,9c3aec1479b23b49d0ff6d04b8064490bee9f3477bed8d64c5ecfca0203ebed9,,youtube-data-api-v3/commentThreads.list,,MKJz4yURCEs,How to Trade Gold - Ride Massive Trends Using this Method,The Moving Average,,
youtube,The Moving Average,MKJz4yURCEs,https://www.youtube.com/watch?v=MKJz4yURCEs,UgyCRmXj8goTP1OT-qh4AaABAg,"Hi, thank you so much for sharing your knowledge through this video. This strategy actually works. May God bless you for helping others. Atleast now I have confidence in trading and earning small bit. I am really thankful to you",2025-09-03T09:58:08Z,2026-10-01T13:26:27.905620+00:00,1,1,,953b6b641b27dab3b38e6a245703a37e2a5b2e53be327d0729a3fe30530ba924,,youtube-data-api-v3/commentThreads.list,,MKJz4yURCEs,How to Trade Gold - Ride Massive Trends Using this Method,The Moving Average,,
youtube,The Moving Average,MKJz4yURCEs,https://www.youtube.com/watch?v=MKJz4yURCEs,Ugz6Lkpejyx8ssioHW14AaABAg,that's great,2025-05-11T22:03:35Z,2026-10-01T13:26:27.905620+00:00,1,1,,064dbfd71c1173dd19d129b773179c1e3d7e0e6bb0e5b01da3f598d5f0ed3cce,,youtube-data-api-v3/commentThreads.list,,MKJz4yURCEs,How to Trade Gold - Ride Massive Trends Using this Method,The Moving Average,,
youtube,The Moving Average,MKJz4yURCEs,https://www.youtube.com/watch?v=MKJz4yURCEs,Ugw7KIRsoh7yRXB9QfN4AaABAg,"Wow, this Heikin Ashi thing looks way less chaotic than the normal candles I've been trying to use! I always panic and close my trades too soon. Maybe this will help me see the trend better. Going to try this on my next trade!",2025-05-27T10:38:20Z,2026-10-01T13:26:27.905620+00:00,2,1,,80ddd7bfcaedfde9153b7bf35512cc5ba5254b351a4ec616db6683ae7c18c014,,youtube-data-api-v3/commentThreads.list,,MKJz4yURCEs,How to Trade Gold - Ride Massive Trends Using this Method,The Moving Average,,
youtube,The Moving Average,MKJz4yURCEs,https://www.youtube.com/watch?v=MKJz4yURCEs,UgwZg-FT_Y-BLgy_ni14AaABAg,"Hi  I love your channel. I am in Tasmania, Australia. I love working with the Heiken Ashi. In Trading view you can`t use the replay with them. Is there a way around this. Thanks for all your videos. Gary",2025-05-11T04:43:57Z,2026-10-01T13:26:27.905620+00:00,3,0,,96d87934e9e9936b6574bd24720a001e93a7f8bf82771b391ceee94440d11829,,youtube-data-api-v3/commentThreads.list,,MKJz4yURCEs,How to Trade Gold - Ride Massive Trends Using this Method,The Moving Average,,
youtube,The Moving Average,MKJz4yURCEs,https://www.youtube.com/watch?v=MKJz4yURCEs,UgzL4W3oJmeykCm-l3p4AaABAg,This clip really helped unlock my trading mindset! I’m no longer confused by the trend and can hold my trades with more confidence. I even combined it with my Fibonacci strategy — it works great! Thank you so much for sharing this for free. Wishing you all the best! 🌟,2025-11-01T05:46:34Z,2026-10-01T13:26:27.905620+00:00,4,1,,f55b06cc2ae2ecc409aa5e51190f40cefe7813c1a4f9c4c8c56c8fe22f365f67,,youtube-data-api-v3/commentThreads.list,,MKJz4yURCEs,How to Trade Gold - Ride Massive Trends Using this Method,The Moving Average,,
youtube,The Moving Average,MKJz4yURCEs,https://www.youtube.com/watch?v=MKJz4yURCEs,Ugz7ol4eaZh6xUFfecB4AaABAg,simple strategy 😃,2025-05-14T11:54:48Z,2026-10-01T13:26:27.905620+00:00,1,1,,c05c3e3a8738c73020697aa030603ce1b51c4ea627eb139a87364c1c4b8d8f98,,youtube-data-api-v3/commentThreads.list,,MKJz4yURCEs,How to Trade Gold - Ride Massive Trends Using this Method,The Moving Average,,
youtube,The Moving Average,MKJz4yURCEs,https://www.youtube.com/watch?v=MKJz4yURCEs,UgwoW7cUsGuvluAY7vx4AaABAg,Love from india ❤️,2025-10-15T08:43:00Z,2026-10-01T13:26:27.905620+00:00,1,1,,bc165098bf562218f1489817e1c278c7e82109919fca025ee8784636ef6071de,,youtube-data-api-v3/commentThreads.list,,MKJz4yURCEs,How to Trade Gold - Ride Massive Trends Using this Method,The Moving Average,,
youtube,The Moving Average,MKJz4yURCEs,https://www.youtube.com/watch?v=MKJz4yURCEs,UgwL0Rr8TA-7bHt72jZ4AaABAg,I don’t think Marty could have been more precise 😂. He just gave you guys the flavor and the sauce!!,2025-05-31T17:57:56Z,2026-10-01T13:26:27.905620+00:00,9,1,,121928100261564fc1ea34f46f91791a712c3f541b6167d9646fc0aca5e0a7dd,,youtube-data-api-v3/commentThreads.list,,MKJz4yURCEs,How to Trade Gold - Ride Massive Trends Using this Method,The Moving Average,,
youtube,The Moving Average,MKJz4yURCEs,https://www.youtube.com/watch?v=MKJz4yURCEs,Ugz7k1tyR3oeW874VE94AaABAg,"​@TheMovingAverage hi just happen to bump into this video . As someone new. Do i also draw support resistant on the 1hr chart as well because you mentioned only on 1 day time frame?

 If I am going to hold on long trades? Do I have to have a bigger capital to hold on . I have been scalping on m1 m5 time frame and i couldn't get the right entry point most of the times 😅. Possible to make a full video on how to trade gold on smaller time frames and bigger time frames. Really appreciate your help, buddy.",2025-09-08T09:32:43Z,2026-10-01T13:26:27.905620+00:00,2,0,,7b952518c08ab2112f8052e8000084f4c640c1aa40a5256521be8a412029e919,,youtube-data-api-v3/commentThreads.list,,MKJz4yURCEs,How to Trade Gold - Ride Massive Trends Using this Method,The Moving Average,,
youtube,The Moving Average,MKJz4yURCEs,https://www.youtube.com/watch?v=MKJz4yURCEs,UgwFBXjDZn7mV4wmaEB4AaABAg,"Hey Arty, Great video but there's many requests re TV Heikin Ashi colour change Alert on here. Are you able to help?",2025-05-10T11:50:13Z,2026-10-01T13:26:27.905620+00:00,3,0,,231af93a29a61383f5346912467bcff926a30c6cf04aa8952d01c60590052747,,youtube-data-api-v3/commentThreads.list,,MKJz4yURCEs,How to Trade Gold - Ride Massive Trends Using this Method,The Moving Average,,
youtube,The Moving Average,MKJz4yURCEs,https://www.youtube.com/watch?v=MKJz4yURCEs,UgxRkv_ROcJAiadZPqx4AaABAg,"In the checklist, you mentioned that the Heikin Ashi candle in 1 H timeframe must close with no bottom wick, however, in the example you showed us, the 1 H candle did have a bottom wick. The only Heikin Ashi candle that did not have a bottom wick was in the daily chart before it formed a red candle. Please help me understand this point in the checklist.",2026-05-04T01:17:02Z,2026-10-01T13:26:27.905620+00:00,1,0,,0e9baef5a30127476853198367983227ed8a89e4824dfea0b035c05720c8e067,,youtube-data-api-v3/commentThreads.list,,MKJz4yURCEs,How to Trade Gold - Ride Massive Trends Using this Method,The Moving Average,,
youtube,The Moving Average,MKJz4yURCEs,https://www.youtube.com/watch?v=MKJz4yURCEs,UgwGY2c4tUhigr0U-0R4AaABAg,I've been trying to work this out on my own for a while and this solve the problem for me! Its worked really well.  Appreciate you sharing your knowledge!,2025-07-01T05:37:37Z,2026-10-01T13:26:27.905620+00:00,8,1,,8887a12f54fbf4cfdf54598c2e7f7d163b17f7a7c3dca4755b1e8cab37ddf9b2,,youtube-data-api-v3/commentThreads.list,,MKJz4yURCEs,How to Trade Gold - Ride Massive Trends Using this Method,The Moving Average,,
youtube,The Moving Average,MKJz4yURCEs,https://www.youtube.com/watch?v=MKJz4yURCEs,UgzmgkLW18U0n5Jc9vx4AaABAg,I'm gonna use heikin ashi for everything now.,2025-05-24T05:01:58Z,2026-10-01T13:26:27.905620+00:00,2,1,,8aacfde42d0e14b3476eb8baf15a4223c0f1821ece3ebc9652a6e6e4a03303dc,,youtube-data-api-v3/commentThreads.list,,MKJz4yURCEs,How to Trade Gold - Ride Massive Trends Using this Method,The Moving Average,,
youtube,The Moving Average,MKJz4yURCEs,https://www.youtube.com/watch?v=MKJz4yURCEs,UgzFUBl9lR5CuIc_ouN4AaABAg,Love your videos.......!do you have n video to trade the Asian session,2025-08-25T19:01:47Z,2026-10-01T13:26:27.905620+00:00,1,1,,cf085533e11d2e615cd25dec82b5d2e96c73858f00145bd39a2d2f683b93df6a,,youtube-data-api-v3/commentThreads.list,,MKJz4yURCEs,How to Trade Gold - Ride Massive Trends Using this Method,The Moving Average,,
youtube,The Moving Average,MKJz4yURCEs,https://www.youtube.com/watch?v=MKJz4yURCEs,UgxvrQkPpkUY6-7TONV4AaABAg,You say set alerts to tell you when a different colour candle forms - how can I do this? i'm not sure its an option in the alerts?,2025-10-28T20:36:00Z,2026-10-01T13:26:27.905620+00:00,2,0,,7d32f8bae65b90a011a98c613300b8c55cf010ce09c66836f1d2612911977d8a,,youtube-data-api-v3/commentThreads.list,,MKJz4yURCEs,How to Trade Gold - Ride Massive Trends Using this Method,The Moving Average,,
youtube,The Moving Average,MKJz4yURCEs,https://www.youtube.com/watch?v=MKJz4yURCEs,Ugw0u5WrLJEgpUNVJBZ4AaABAg,"Thanks, great video and tips, advices! But could you clarify please how exactly to set the stop loss — should it be below the candle where I enter (the bottom of the candle at wich I buy)? And regarding the exit, - should it be based on the daily candle, or rather on the hourly one, if the hourly candles body looks quite large, has no wick, and is in the opposite direction? Thanks!",2025-09-16T06:10:38Z,2026-10-01T13:26:27.905620+00:00,1,0,,b9dc45ab68d7befe28b850171418d903ae7ad8a82cc5e2021e3c3e1f8d75f110,,youtube-data-api-v3/commentThreads.list,,MKJz4yURCEs,How to Trade Gold - Ride Massive Trends Using this Method,The Moving Average,,
youtube,The Moving Average,MKJz4yURCEs,https://www.youtube.com/watch?v=MKJz4yURCEs,Ugyk8iU29S0DxADF5wZ4AaABAg,good,2025-06-06T23:02:52Z,2026-10-01T13:26:27.905620+00:00,1,1,,1d65a28fa487cb2616b1e0fdbc932a8d710be9054fc0d157a26bea7dfe38f2d0,,youtube-data-api-v3/commentThreads.list,,MKJz4yURCEs,How to Trade Gold - Ride Massive Trends Using this Method,The Moving Average,,
youtube,The Moving Average,MKJz4yURCEs,https://www.youtube.com/watch?v=MKJz4yURCEs,UgyaimOEQulH3UpLl954AaABAg,🥰🥰🥰 love from kerala,2026-03-05T12:36:15Z,2026-10-01T13:26:27.905620+00:00,0,0,,c4980ddf6663a391087c993fb6ba0c7d9da39cb5b319bcfb433e9b62c62104bf,,youtube-data-api-v3/commentThreads.list,,MKJz4yURCEs,How to Trade Gold - Ride Massive Trends Using this Method,The Moving Average,,
youtube,The Moving Average,MKJz4yURCEs,https://www.youtube.com/watch?v=MKJz4yURCEs,UgzxomsIiSuev-Bjft94AaABAg,Make a full video on gold trading strategy pls..,2025-05-23T18:30:34Z,2026-10-01T13:26:27.905620+00:00,76,1,,af2eec23a2af9d006ad6a1f093fee0593e3752a68b46fe3cc24b7489f1d9736e,,youtube-data-api-v3/commentThreads.list,,MKJz4yURCEs,How to Trade Gold - Ride Massive Trends Using this Method,The Moving Average,,
youtube,The Moving Average,MKJz4yURCEs,https://www.youtube.com/watch?v=MKJz4yURCEs,UgzxomsIiSuev-Bjft94AaABAg.AITuGNpsV7UANOEcaSHtEH,hi,2025-09-22T20:18:45Z,2026-10-01T13:26:27.905620+00:00,1,0,,cd0ba34cd0d199ef7a0b5389e6ba5f6ee050a2996385a60b1195016256486f86,UgzxomsIiSuev-Bjft94AaABAg,youtube-data-api-v3/commentThreads.list,,MKJz4yURCEs,How to Trade Gold - Ride Massive Trends Using this Method,The Moving Average,,
youtube,Brad Goh (The Trading Geek),AY7fWmE1CBk,https://www.youtube.com/watch?v=AY7fWmE1CBk,UgyuUhgX3TGlIER3IHh4AaABAg,Lost 8000 due to impatience😭😭,2023-12-04T18:36:36Z,2026-10-01T13:26:29.131886+00:00,11,0,,faedc132cf0c80da59333914b9ddcfa117a7d475722cd4a9dd3901a9ff4d72b0,,youtube-data-api-v3/commentThreads.list,,AY7fWmE1CBk,"This Gold Trading Strategy Makes $1,000 a Day (Proven Results)",Brad Goh (The Trading Geek),,
youtube,Brad Goh (The Trading Geek),AY7fWmE1CBk,https://www.youtube.com/watch?v=AY7fWmE1CBk,UgxMWaVIMZ8OnMflRdd4AaABAg,"Gold trading with supply & demand strategy looks simple, but the way you explained entry timing and confirmation really makes it easier to understand. Definitely a valuable lesson for traders! 📈🔥",2026-03-06T05:54:56Z,2026-10-01T13:26:29.131886+00:00,3,0,,555da618474546fd65eb5f10f79fc3c2716b08468cae3ee5a8766cd69c7b5134,,youtube-data-api-v3/commentThreads.list,,AY7fWmE1CBk,"This Gold Trading Strategy Makes $1,000 a Day (Proven Results)",Brad Goh (The Trading Geek),,
youtube,Brad Goh (The Trading Geek),AY7fWmE1CBk,https://www.youtube.com/watch?v=AY7fWmE1CBk,UgwIoK3o9e6aF0Jz1u54AaABAg,this strategy is golden! i tried it today n scored over 1000 in profits,2025-04-09T21:44:19Z,2026-10-01T13:26:29.131886+00:00,51,1,,c70f6bfab6a8c1261680c42f85a40464314dd14f925a3dff4204ff222b891bd2,,youtube-data-api-v3/commentThreads.list,,AY7fWmE1CBk,"This Gold Trading Strategy Makes $1,000 a Day (Proven Results)",Brad Goh (The Trading Geek),,
youtube,Brad Goh (The Trading Geek),AY7fWmE1CBk,https://www.youtube.com/watch?v=AY7fWmE1CBk,UgwIoK3o9e6aF0Jz1u54AaABAg.AGhxT-NoLgtAS3JizEpTtE,no you did not,2026-01-16T23:56:15Z,2026-10-01T13:26:29.131886+00:00,7,0,,098e40d8aaae8a424a053a1a7b7cf776d7cf3473b8ae79cc23cdbb5ba05c3522,UgwIoK3o9e6aF0Jz1u54AaABAg,youtube-data-api-v3/commentThreads.list,,AY7fWmE1CBk,"This Gold Trading Strategy Makes $1,000 a Day (Proven Results)",Brad Goh (The Trading Geek),,
youtube,Brad Goh (The Trading Geek),AY7fWmE1CBk,https://www.youtube.com/watch?v=AY7fWmE1CBk,Ugw0uvaA9l3W9ytTSbZ4AaABAg,"Bro, Thanks to you today I'm profitable in my FTMO 1st day challenge 
Keep up the good work",2023-06-12T14:01:43Z,2026-10-01T13:26:29.131886+00:00,14,1,,9fa007653061f7f9d1ced78848d2d6a7dfdb0ea9253f460cab180738edd9174d,,youtube-data-api-v3/commentThreads.list,,AY7fWmE1CBk,"This Gold Trading Strategy Makes $1,000 a Day (Proven Results)",Brad Goh (The Trading Geek),,
youtube,Brad Goh (The Trading Geek),AY7fWmE1CBk,https://www.youtube.com/watch?v=AY7fWmE1CBk,Ugw0uvaA9l3W9ytTSbZ4AaABAg.9qreJ9F4qwH9xnq9Gh1Q9-,can you please tell me what is your strategy to pass ftmo challenge. I want to try it one day.,2023-12-02T02:08:01Z,2026-10-01T13:26:29.131886+00:00,0,0,,8fa2967271a9b3c06c910e82014fc3ebb93415b63c203a37740f65c62e050e73,Ugw0uvaA9l3W9ytTSbZ4AaABAg,youtube-data-api-v3/commentThreads.list,,AY7fWmE1CBk,"This Gold Trading Strategy Makes $1,000 a Day (Proven Results)",Brad Goh (The Trading Geek),,
youtube,Brad Goh (The Trading Geek),AY7fWmE1CBk,https://www.youtube.com/watch?v=AY7fWmE1CBk,UgyKtv-PRNbWpod1cEp4AaABAg,Actually new favourite YouTuber godlike ❤,2023-09-08T08:59:27Z,2026-10-01T13:26:29.131886+00:00,22,0,,4b49302b074718aea3fbc2ecbe6f482d17b0130a315c02d5513d69a6242039e4,,youtube-data-api-v3/commentThreads.list,,AY7fWmE1CBk,"This Gold Trading Strategy Makes $1,000 a Day (Proven Results)",Brad Goh (The Trading Geek),,
youtube,Brad Goh (The Trading Geek),AY7fWmE1CBk,https://www.youtube.com/watch?v=AY7fWmE1CBk,UgwEjsfTyzP87uggL0F4AaABAg,"i must admit, you were one of the first people ive watched that made me understand trading so clearly. your methods work when you truly apply it and have the patience. patience is key.",2024-12-06T07:58:57Z,2026-10-01T13:26:29.131886+00:00,72,1,,c8fb4d2919e9f1d474d716a49c9211ffc7a16234cf6c52a4adb24f2a37259c5d,,youtube-data-api-v3/commentThreads.list,,AY7fWmE1CBk,"This Gold Trading Strategy Makes $1,000 a Day (Proven Results)",Brad Goh (The Trading Geek),,
youtube,Brad Goh (The Trading Geek),AY7fWmE1CBk,https://www.youtube.com/watch?v=AY7fWmE1CBk,UgwEjsfTyzP87uggL0F4AaABAg.ABhBRH7mk67AZ2nbYDk7pV,Most Gold traders don't lose because of strategy—they lose because of emotions and poor risk management. That's exactly the problem I tried to solve with my XAUUSD bot.,2026-07-09T18:46:38Z,2026-10-01T13:26:29.131886+00:00,0,0,,61f1bb6b8b9d3767de85a41ad5063bdc581c1278e1172e4b5da2377b1044b215,UgwEjsfTyzP87uggL0F4AaABAg,youtube-data-api-v3/commentThreads.list,,AY7fWmE1CBk,"This Gold Trading Strategy Makes $1,000 a Day (Proven Results)",Brad Goh (The Trading Geek),,
youtube,Brad Goh (The Trading Geek),AY7fWmE1CBk,https://www.youtube.com/watch?v=AY7fWmE1CBk,UgzCEnRGnU74j9BJsKN4AaABAg,Ayyy rocking the dressing gown vibe like Hamza. love it!,2022-12-20T18:52:52Z,2026-10-01T13:26:29.131886+00:00,3,0,,ee408cd357eb8be8bcb05316853a7a0b6b0f446c7daa0ea5187c3948b8cfeb54,,youtube-data-api-v3/commentThreads.list,,AY7fWmE1CBk,"This Gold Trading Strategy Makes $1,000 a Day (Proven Results)",Brad Goh (The Trading Geek),,
youtube,Brad Goh (The Trading Geek),AY7fWmE1CBk,https://www.youtube.com/watch?v=AY7fWmE1CBk,Ugymh7E6u-N-Tj8qkYp4AaABAg,i watched this video multiple times just to follow and understand. his teching is something even common people can follow. tq so much,2023-08-21T11:50:40Z,2026-10-01T13:26:29.131886+00:00,8,0,,041b8395dcb238e3d9569f3ed7cbd069fb1d35841096a333dfb62c11ebfc0c82,,youtube-data-api-v3/commentThreads.list,,AY7fWmE1CBk,"This Gold Trading Strategy Makes $1,000 a Day (Proven Results)",Brad Goh (The Trading Geek),,
youtube,Brad Goh (The Trading Geek),AY7fWmE1CBk,https://www.youtube.com/watch?v=AY7fWmE1CBk,Ugxs84oo9SgqJg3EWY54AaABAg,Basically it’s a rewind so he knows where the market go.. i wish they show us the real live trade,2025-04-18T06:53:35Z,2026-10-01T13:26:29.131886+00:00,41,3,,a1aad13b2d299f4f79a8f70c0e4cd589c6466223927e3d04a62703bade7b1458,,youtube-data-api-v3/commentThreads.list,,AY7fWmE1CBk,"This Gold Trading Strategy Makes $1,000 a Day (Proven Results)",Brad Goh (The Trading Geek),,
youtube,Brad Goh (The Trading Geek),AY7fWmE1CBk,https://www.youtube.com/watch?v=AY7fWmE1CBk,Ugxs84oo9SgqJg3EWY54AaABAg.AH2XfwCxMwUAQXhhuiXKHk,It's called back testing for a reason.. lord.,2025-12-10T02:08:59Z,2026-10-01T13:26:29.131886+00:00,4,0,,2df44b9c792de9e9009925eed8ed7863343e0feb97004ac97fe6e769ecac790a,Ugxs84oo9SgqJg3EWY54AaABAg,youtube-data-api-v3/commentThreads.list,,AY7fWmE1CBk,"This Gold Trading Strategy Makes $1,000 a Day (Proven Results)",Brad Goh (The Trading Geek),,
youtube,Brad Goh (The Trading Geek),AY7fWmE1CBk,https://www.youtube.com/watch?v=AY7fWmE1CBk,Ugxs84oo9SgqJg3EWY54AaABAg.AH2XfwCxMwUARZEhfEzoJ0,@Savage_Pr1ncess IT'S NOT ! BACK TESTING IS A DIFFERENT THING !!!,2026-01-04T12:56:41Z,2026-10-01T13:26:29.131886+00:00,0,0,,ab0ee9b0bd9781cb20ebe02f5c450a74da3213636b3db764854069dd786f5205,Ugxs84oo9SgqJg3EWY54AaABAg,youtube-data-api-v3/commentThreads.list,,AY7fWmE1CBk,"This Gold Trading Strategy Makes $1,000 a Day (Proven Results)",Brad Goh (The Trading Geek),,
youtube,Brad Goh (The Trading Geek),AY7fWmE1CBk,https://www.youtube.com/watch?v=AY7fWmE1CBk,Ugxs84oo9SgqJg3EWY54AaABAg.AH2XfwCxMwUAYbYM8lJche,They don't tell us the real market strategy.,2026-06-28T19:25:51Z,2026-10-01T13:26:29.131886+00:00,0,0,,2ceb351c8e5dab2bf062ab71d3a6e79a72d7978d39bf7c0919a7561c4ce990f9,Ugxs84oo9SgqJg3EWY54AaABAg,youtube-data-api-v3/commentThreads.list,,AY7fWmE1CBk,"This Gold Trading Strategy Makes $1,000 a Day (Proven Results)",Brad Goh (The Trading Geek),,
youtube,Brad Goh (The Trading Geek),AY7fWmE1CBk,https://www.youtube.com/watch?v=AY7fWmE1CBk,UgxBCa4dGrBKirzYDjR4AaABAg,Never give up friends.. I was like both of you but now I found myself simple method gold trading,2025-01-09T05:31:42Z,2026-10-01T13:26:29.131886+00:00,0,0,,150354c4bf8d982e222d6c98eed428ed44b552d3f907df3bd4b0cfdfa1657712,,youtube-data-api-v3/commentThreads.list,,AY7fWmE1CBk,"This Gold Trading Strategy Makes $1,000 a Day (Proven Results)",Brad Goh (The Trading Geek),,
youtube,Brad Goh (The Trading Geek),AY7fWmE1CBk,https://www.youtube.com/watch?v=AY7fWmE1CBk,UgwBbhun1tTy2srCg2x4AaABAg,"I learn more about fx from him, love from Bangladesh ❤️❤️❤️",2022-11-30T13:11:32Z,2026-10-01T13:26:29.131886+00:00,6,0,,02efe4b236a5d7002b3fdaf32e0723125036cd261d443ad3ec32a04408c6e9ad,,youtube-data-api-v3/commentThreads.list,,AY7fWmE1CBk,"This Gold Trading Strategy Makes $1,000 a Day (Proven Results)",Brad Goh (The Trading Geek),,
youtube,Brad Goh (The Trading Geek),AY7fWmE1CBk,https://www.youtube.com/watch?v=AY7fWmE1CBk,UgznNA_AGuIs_jbo2Z14AaABAg,You deserve to have more than 100 000 followers,2022-11-30T14:35:59Z,2026-10-01T13:26:29.131886+00:00,2,0,,ca64ad049f0872924b99b6b960d91fa8bbe2fcd1e428067163abefbd37e60813,,youtube-data-api-v3/commentThreads.list,,AY7fWmE1CBk,"This Gold Trading Strategy Makes $1,000 a Day (Proven Results)",Brad Goh (The Trading Geek),,
youtube,Brad Goh (The Trading Geek),AY7fWmE1CBk,https://www.youtube.com/watch?v=AY7fWmE1CBk,UgzhEuMrMDxlM-Q0SfR4AaABAg,"You’re the best bro, ur analysis of trades it’s wonderful, how u describe the S&D zones ur amazing bro, keep going",2024-03-14T20:18:12Z,2026-10-01T13:26:29.131886+00:00,7,0,,5f4579fe7536ed4f6f209d97f67e935c321c368e690e0e11c69d48f4180c5729,,youtube-data-api-v3/commentThreads.list,,AY7fWmE1CBk,"This Gold Trading Strategy Makes $1,000 a Day (Proven Results)",Brad Goh (The Trading Geek),,
youtube,Brad Goh (The Trading Geek),AY7fWmE1CBk,https://www.youtube.com/watch?v=AY7fWmE1CBk,UgyLM_9gI0ufc7mferx4AaABAg,"I struggled with understanding how to read the charts but you have explained it perfectly well, had me laughing cause I knew, it finally clicked.",2024-07-14T20:40:33Z,2026-10-01T13:26:29.131886+00:00,1,0,,e3387e51527c78b72fadfe84c0ab46023e32b717fe77e82eea679bbec449cbf3,,youtube-data-api-v3/commentThreads.list,,AY7fWmE1CBk,"This Gold Trading Strategy Makes $1,000 a Day (Proven Results)",Brad Goh (The Trading Geek),,
youtube,Brad Goh (The Trading Geek),AY7fWmE1CBk,https://www.youtube.com/watch?v=AY7fWmE1CBk,UgzwVriTh-iX2hjCEnZ4AaABAg,Thanks for your knowledge master!,2023-05-24T21:53:41Z,2026-10-01T13:26:29.131886+00:00,6,0,,900e51c5d75e46d13c9a9708e388a5b6c2caecebd030da892de27745903efad1,,youtube-data-api-v3/commentThreads.list,,AY7fWmE1CBk,"This Gold Trading Strategy Makes $1,000 a Day (Proven Results)",Brad Goh (The Trading Geek),,
youtube,Brad Goh (The Trading Geek),AY7fWmE1CBk,https://www.youtube.com/watch?v=AY7fWmE1CBk,Ugxy7RI8vLO_UrdrYwp4AaABAg,You showed me how to create a money from simple work... ty for it,2023-10-24T19:41:23Z,2026-10-01T13:26:29.131886+00:00,2,0,,ce770eca7aa4cbb0d89ba61ea0b46b1c51797a9e09e337ab6fe78537e420dfd1,,youtube-data-api-v3/commentThreads.list,,AY7fWmE1CBk,"This Gold Trading Strategy Makes $1,000 a Day (Proven Results)",Brad Goh (The Trading Geek),,
youtube,Brad Goh (The Trading Geek),AY7fWmE1CBk,https://www.youtube.com/watch?v=AY7fWmE1CBk,UgyiAORFENwSfh4Lk5Z4AaABAg,Bro you are the best mentor i will ever need ❤,2024-08-27T11:03:38Z,2026-10-01T13:26:29.131886+00:00,3,0,,555aeda20d01ee69f1738815262bf3b5e1dd561a3415e668d1e6f87f09ca53ee,,youtube-data-api-v3/commentThreads.list,,AY7fWmE1CBk,"This Gold Trading Strategy Makes $1,000 a Day (Proven Results)",Brad Goh (The Trading Geek),,
youtube,Brad Goh (The Trading Geek),AY7fWmE1CBk,https://www.youtube.com/watch?v=AY7fWmE1CBk,UgwKZ0TC62Pk4oehqeR4AaABAg,Bro your strategy is working like mad🔥🔥🔥🔥🔥🔥,2024-04-30T16:16:27Z,2026-10-01T13:26:29.131886+00:00,2,0,,1db1ff8c2ce81531e6036aeea4f731462731084a2f27489cb3dc3b5e13b764b8,,youtube-data-api-v3/commentThreads.list,,AY7fWmE1CBk,"This Gold Trading Strategy Makes $1,000 a Day (Proven Results)",Brad Goh (The Trading Geek),,
youtube,Brad Goh (The Trading Geek),AY7fWmE1CBk,https://www.youtube.com/watch?v=AY7fWmE1CBk,UgzHFd0xEzMt1IksHvZ4AaABAg,thanks bro your video has made me alot of money just now,2023-10-15T13:51:02Z,2026-10-01T13:26:29.131886+00:00,21,0,,290cfb6c19ec76c40ef80da1bd0dfd256f791ce83f2c56d11787bb76a1c97e5e,,youtube-data-api-v3/commentThreads.list,,AY7fWmE1CBk,"This Gold Trading Strategy Makes $1,000 a Day (Proven Results)",Brad Goh (The Trading Geek),,
youtube,Brad Goh (The Trading Geek),AY7fWmE1CBk,https://www.youtube.com/watch?v=AY7fWmE1CBk,UgzUqqfeKfSmCZKXbFB4AaABAg,My favourite YouTube channel right now 😢🎉❤,2024-10-08T14:43:42Z,2026-10-01T13:26:29.131886+00:00,1,0,,56afb965cb62fdf714c48f441d3fcc87d553e5dd277c5c2adb74e89a993ca9a0,,youtube-data-api-v3/commentThreads.list,,AY7fWmE1CBk,"This Gold Trading Strategy Makes $1,000 a Day (Proven Results)",Brad Goh (The Trading Geek),,
youtube,Brad Goh (The Trading Geek),AY7fWmE1CBk,https://www.youtube.com/watch?v=AY7fWmE1CBk,Ugxo5sSlA6h3MT9ukAl4AaABAg,You are the best mentor have ever seen...I started learning trading just few weeks ago and I have a feeling that if I follow all your videos I gonna knw how to trade,2022-12-18T22:23:33Z,2026-10-01T13:26:29.131886+00:00,8,1,,3f9eeea541f289bd0caedd024b4a68a55b2a25280efcb39504488900473015be,,youtube-data-api-v3/commentThreads.list,,AY7fWmE1CBk,"This Gold Trading Strategy Makes $1,000 a Day (Proven Results)",Brad Goh (The Trading Geek),,
youtube,Brad Goh (The Trading Geek),AY7fWmE1CBk,https://www.youtube.com/watch?v=AY7fWmE1CBk,Ugxo5sSlA6h3MT9ukAl4AaABAg.9jnMphiqHvd9kdpZhqvBOn,"easy to show cherry picked moves and say this is what you do, or what I would have done.",2023-01-09T02:02:21Z,2026-10-01T13:26:29.131886+00:00,0,0,,89d009d8246c97d478f769b2b9a7c39fb1a7626e2513f639b0ffbdef9e193d53,Ugxo5sSlA6h3MT9ukAl4AaABAg,youtube-data-api-v3/commentThreads.list,,AY7fWmE1CBk,"This Gold Trading Strategy Makes $1,000 a Day (Proven Results)",Brad Goh (The Trading Geek),,
youtube,Brad Goh (The Trading Geek),AY7fWmE1CBk,https://www.youtube.com/watch?v=AY7fWmE1CBk,Ugx5DxQrGMlnDVOrSiJ4AaABAg,"Gold trading strategy ko itne clearly explain kiya, especially supply-demand zones wala part real trading me kaafi useful hai 🔥",2026-03-23T11:07:37Z,2026-10-01T13:26:29.131886+00:00,1,0,,530e3694f7238550feec6f37bfa494b55f7da36d7f9fc7adca2f6196640824cd,,youtube-data-api-v3/commentThreads.list,,AY7fWmE1CBk,"This Gold Trading Strategy Makes $1,000 a Day (Proven Results)",Brad Goh (The Trading Geek),,
youtube,Brad Goh (The Trading Geek),AY7fWmE1CBk,https://www.youtube.com/watch?v=AY7fWmE1CBk,UgzD4GScIT2hV-kqV_V4AaABAg,Please please tell us the main difference between learning how to trade with the help of mentor vs learning from you tube🙏🙏🙏,2022-12-04T14:26:00Z,2026-10-01T13:26:29.131886+00:00,4,0,,af65939e30c4907419ee6da4fae89227852f12829e5aae26880513d151a42571,,youtube-data-api-v3/commentThreads.list,,AY7fWmE1CBk,"This Gold Trading Strategy Makes $1,000 a Day (Proven Results)",Brad Goh (The Trading Geek),,
youtube,Brad Goh (The Trading Geek),AY7fWmE1CBk,https://www.youtube.com/watch?v=AY7fWmE1CBk,UgztWM6p46d0FpeQ0c14AaABAg,Boss you have opened up my understanding of certain things about trading I was ignorant to. Thanks for taking your time to help us understand these concepts. God bless you,2025-02-02T08:46:18Z,2026-10-01T13:26:29.131886+00:00,0,0,,3df9b0519abbdfe65de3fb8e05665c45c194ae95776a8dab8563cde036ace995,,youtube-data-api-v3/commentThreads.list,,AY7fWmE1CBk,"This Gold Trading Strategy Makes $1,000 a Day (Proven Results)",Brad Goh (The Trading Geek),,
youtube,Brad Goh (The Trading Geek),AY7fWmE1CBk,https://www.youtube.com/watch?v=AY7fWmE1CBk,UgxDfaybkCt2Qcwa3Tx4AaABAg,"hey Geek, I made 60 pips today on gold (with no worries of the price direction), thank you for your videos.",2023-05-09T14:30:37Z,2026-10-01T13:26:29.131886+00:00,73,7,,318d22928d6123cb57a91029fd8d2555f54d949b810df97d03a9fcd442c669fe,,youtube-data-api-v3/commentThreads.list,,AY7fWmE1CBk,"This Gold Trading Strategy Makes $1,000 a Day (Proven Results)",Brad Goh (The Trading Geek),,
youtube,Brad Goh (The Trading Geek),AY7fWmE1CBk,https://www.youtube.com/watch?v=AY7fWmE1CBk,UgxDfaybkCt2Qcwa3Tx4AaABAg.9pV9a12K8EcA2NwyoeSmU_,What’s your opinion on gold now?,2024-04-18T18:36:30Z,2026-10-01T13:26:29.131886+00:00,2,0,,dc131b4e21886ad7bd252efd012c7273f753fdcc2d63101adb6ba9f1b7f4411b,UgxDfaybkCt2Qcwa3Tx4AaABAg,youtube-data-api-v3/commentThreads.list,,AY7fWmE1CBk,"This Gold Trading Strategy Makes $1,000 a Day (Proven Results)",Brad Goh (The Trading Geek),,
youtube,Brad Goh (The Trading Geek),AY7fWmE1CBk,https://www.youtube.com/watch?v=AY7fWmE1CBk,UgxDfaybkCt2Qcwa3Tx4AaABAg.9pV9a12K8EcAD3TuJSg5xJ,Actually made 30 pips daily is fair enough,2025-01-09T05:34:16Z,2026-10-01T13:26:29.131886+00:00,5,0,,150354c4bf8d982e222d6c98eed428ed44b552d3f907df3bd4b0cfdfa1657712,UgxDfaybkCt2Qcwa3Tx4AaABAg,youtube-data-api-v3/commentThreads.list,,AY7fWmE1CBk,"This Gold Trading Strategy Makes $1,000 a Day (Proven Results)",Brad Goh (The Trading Geek),,
youtube,Brad Goh (The Trading Geek),AY7fWmE1CBk,https://www.youtube.com/watch?v=AY7fWmE1CBk,UgxDfaybkCt2Qcwa3Tx4AaABAg.9pV9a12K8EcAUvEhhSBUJN,I don't get it. 60 pips on gold?? Don't you mean points?,2026-03-29T00:53:24Z,2026-10-01T13:26:29.131886+00:00,1,0,,14039ae3f5d7e8d7dd8e9d493a13c942e08d7b1ff6075d86ca28b033e0eb69a2,UgxDfaybkCt2Qcwa3Tx4AaABAg,youtube-data-api-v3/commentThreads.list,,AY7fWmE1CBk,"This Gold Trading Strategy Makes $1,000 a Day (Proven Results)",Brad Goh (The Trading Geek),,
youtube,Brad Goh (The Trading Geek),AY7fWmE1CBk,https://www.youtube.com/watch?v=AY7fWmE1CBk,UgxDfaybkCt2Qcwa3Tx4AaABAg.9pV9a12K8EcAUzcfcCVvu_,Will it work at any time frame,2026-03-30T17:48:31Z,2026-10-01T13:26:29.131886+00:00,1,0,,8a5b4e0c14b9322bb10a40804631ab1bed12f552c5b830095d01b17494446d49,UgxDfaybkCt2Qcwa3Tx4AaABAg,youtube-data-api-v3/commentThreads.list,,AY7fWmE1CBk,"This Gold Trading Strategy Makes $1,000 a Day (Proven Results)",Brad Goh (The Trading Geek),,
youtube,Brad Goh (The Trading Geek),AY7fWmE1CBk,https://www.youtube.com/watch?v=AY7fWmE1CBk,UgxDfaybkCt2Qcwa3Tx4AaABAg.9pV9a12K8EcAXuygi6L5Ao,@marckcf9600 no one pip is 10 points,2026-06-11T11:58:54Z,2026-10-01T13:26:29.131886+00:00,0,0,,39172c84bee3535d03f6e45f3f2b2c4f34a32959fe710b98e4cc5d99dc11690d,UgxDfaybkCt2Qcwa3Tx4AaABAg,youtube-data-api-v3/commentThreads.list,,AY7fWmE1CBk,"This Gold Trading Strategy Makes $1,000 a Day (Proven Results)",Brad Goh (The Trading Geek),,
youtube,Brad Goh (The Trading Geek),AY7fWmE1CBk,https://www.youtube.com/watch?v=AY7fWmE1CBk,UgzJ6u3ZgOrxsOi4v-p4AaABAg,The way you explained this made it so easy to understand. 🧠,2025-01-29T22:44:23Z,2026-10-01T13:26:29.131886+00:00,0,0,,187f1090cc09fd6c8cd584fd51e45cf03aff45f0d8f1cee7ec38fbb1006901cb,,youtube-data-api-v3/commentThreads.list,,AY7fWmE1CBk,"This Gold Trading Strategy Makes $1,000 a Day (Proven Results)",Brad Goh (The Trading Geek),,
youtube,Brad Goh (The Trading Geek),AY7fWmE1CBk,https://www.youtube.com/watch?v=AY7fWmE1CBk,UgxPc0QhBu8LM9qMMB54AaABAg,thank you my brother I learned a lot in this channel from Botswana🔥🔥🔥🔥🔥🔥🔥,2022-12-01T11:16:20Z,2026-10-01T13:26:29.131886+00:00,3,1,,391b49386cb537eec23448b896cfea37c7de8bd8fb86aaf66bce7f87604cd926,,youtube-data-api-v3/commentThreads.list,,AY7fWmE1CBk,"This Gold Trading Strategy Makes $1,000 a Day (Proven Results)",Brad Goh (The Trading Geek),,
youtube,Brad Goh (The Trading Geek),AY7fWmE1CBk,https://www.youtube.com/watch?v=AY7fWmE1CBk,UgxPc0QhBu8LM9qMMB54AaABAg.9j5Oy-EEsYS9j9APY_A5_3,Yeah. Same here in south africa,2022-12-02T22:26:07Z,2026-10-01T13:26:29.131886+00:00,2,0,,91c12b6f038fd016ee48707e356a3f3ba50739e401c6a209f4525ce9b017661a,UgxPc0QhBu8LM9qMMB54AaABAg,youtube-data-api-v3/commentThreads.list,,AY7fWmE1CBk,"This Gold Trading Strategy Makes $1,000 a Day (Proven Results)",Brad Goh (The Trading Geek),,
youtube,Brad Goh (The Trading Geek),AY7fWmE1CBk,https://www.youtube.com/watch?v=AY7fWmE1CBk,UgxS-_dYlRy4mRxslKp4AaABAg,The trading Geek. Your content is very educational,2023-10-30T05:16:04Z,2026-10-01T13:26:29.131886+00:00,0,0,,e1bed6dfa84bc97ca32aeb040b65b3fafd9f7d6d2072bfead7e8bd4cf94569de,,youtube-data-api-v3/commentThreads.list,,AY7fWmE1CBk,"This Gold Trading Strategy Makes $1,000 a Day (Proven Results)",Brad Goh (The Trading Geek),,
youtube,Brad Goh (The Trading Geek),AY7fWmE1CBk,https://www.youtube.com/watch?v=AY7fWmE1CBk,Ugx2-XMUYLj81_tA9N54AaABAg,"""Follow the trend"" by buying a dump or selling a pump. Great idea Mr Dressing Gown.",2022-12-12T21:12:31Z,2026-10-01T13:26:29.131886+00:00,28,1,,a5961417407ca39f54dc392c982ee01194cd5c246cd22c81f04170c83d5aac9f,,youtube-data-api-v3/commentThreads.list,,AY7fWmE1CBk,"This Gold Trading Strategy Makes $1,000 a Day (Proven Results)",Brad Goh (The Trading Geek),,
youtube,Brad Goh (The Trading Geek),AY7fWmE1CBk,https://www.youtube.com/watch?v=AY7fWmE1CBk,Ugx2-XMUYLj81_tA9N54AaABAg.9jYmwC7TmirANxQt7Y0dzi,"😂😂😂 this guy, addressing us, in a dressing gown 😂😂😂",2025-10-06T21:38:32Z,2026-10-01T13:26:29.131886+00:00,1,0,,f97c00060736955f8595f83f3c87546255c28633a88fecfe03c564ad357bb5b7,Ugx2-XMUYLj81_tA9N54AaABAg,youtube-data-api-v3/commentThreads.list,,AY7fWmE1CBk,"This Gold Trading Strategy Makes $1,000 a Day (Proven Results)",Brad Goh (The Trading Geek),,
youtube,Brad Goh (The Trading Geek),AY7fWmE1CBk,https://www.youtube.com/watch?v=AY7fWmE1CBk,UgwyD8VrW5xOxeF_ke14AaABAg,"Bro i so love your video, it is helping my trading journey massively, i just got a paradigm shift. Thank you bro",2023-05-21T20:30:04Z,2026-10-01T13:26:29.131886+00:00,1,0,,fdc22f22fe19c29eed1f6ac331fe2b1cd24548753035271d9f0a5eb65fba955f,,youtube-data-api-v3/commentThreads.list,,AY7fWmE1CBk,"This Gold Trading Strategy Makes $1,000 a Day (Proven Results)",Brad Goh (The Trading Geek),,
youtube,Brad Goh (The Trading Geek),AY7fWmE1CBk,https://www.youtube.com/watch?v=AY7fWmE1CBk,UgylHLFebKaBkkjZF6l4AaABAg,Thanks brother...this strategy of you had made me rich am so grateful🙏🙏,2023-05-20T20:09:49Z,2026-10-01T13:26:29.131886+00:00,6,2,,9e38644ed98f55f993ae8fd7383d8680133953668527c531b5b24ee284501137,,youtube-data-api-v3/commentThreads.list,,AY7fWmE1CBk,"This Gold Trading Strategy Makes $1,000 a Day (Proven Results)",Brad Goh (The Trading Geek),,
youtube,Brad Goh (The Trading Geek),AY7fWmE1CBk,https://www.youtube.com/watch?v=AY7fWmE1CBk,UgylHLFebKaBkkjZF6l4AaABAg.9px598H0tSjA3EtxS79LCT,Do you know what time and which session is the best to trade this strategy?,2024-05-10T02:48:20Z,2026-10-01T13:26:29.131886+00:00,0,0,,12645871b0a20cc0611845833969200a1fec0ed35918e46a1e6c8114aff8a5ab,UgylHLFebKaBkkjZF6l4AaABAg,youtube-data-api-v3/commentThreads.list,,AY7fWmE1CBk,"This Gold Trading Strategy Makes $1,000 a Day (Proven Results)",Brad Goh (The Trading Geek),,
youtube,Brad Goh (The Trading Geek),AY7fWmE1CBk,https://www.youtube.com/watch?v=AY7fWmE1CBk,UgylHLFebKaBkkjZF6l4AaABAg.9px598H0tSjABDjBfdmpP1,When markets opens nyse.some times 9h00 am.,2024-11-24T12:06:12Z,2026-10-01T13:26:29.131886+00:00,0,0,,d179ea465432827bf0204e05a4927d9a49775200963a4ac5b90e6ceee7da732d,UgylHLFebKaBkkjZF6l4AaABAg,youtube-data-api-v3/commentThreads.list,,AY7fWmE1CBk,"This Gold Trading Strategy Makes $1,000 a Day (Proven Results)",Brad Goh (The Trading Geek),,
youtube,Brad Goh (The Trading Geek),AY7fWmE1CBk,https://www.youtube.com/watch?v=AY7fWmE1CBk,Ugy80AqPwN7gRcFgaK14AaABAg,"Many guys love to use this method, but I prefer more safely! But sometimes stuff like this can work too",2023-08-16T20:07:27Z,2026-10-01T13:26:29.131886+00:00,2,0,,6bb3f7bc088902ebd9a01fc0594a7d6cdd3ab2b87388fb62d1de153367cb682d,,youtube-data-api-v3/commentThreads.list,,AY7fWmE1CBk,"This Gold Trading Strategy Makes $1,000 a Day (Proven Results)",Brad Goh (The Trading Geek),,
youtube,Brad Goh (The Trading Geek),AY7fWmE1CBk,https://www.youtube.com/watch?v=AY7fWmE1CBk,UgzyDRo5x733wc4TpL54AaABAg,great explanation!!! super clear,2024-02-23T09:16:25Z,2026-10-01T13:26:29.131886+00:00,4,0,,06aa8efb41d1b7472bc306816125da81ec5370f40a4caa977b967450c188fe52,,youtube-data-api-v3/commentThreads.list,,AY7fWmE1CBk,"This Gold Trading Strategy Makes $1,000 a Day (Proven Results)",Brad Goh (The Trading Geek),,
youtube,Brad Goh (The Trading Geek),AY7fWmE1CBk,https://www.youtube.com/watch?v=AY7fWmE1CBk,UgygE4f9GNWrkKxTJZZ4AaABAg,"one of the best video out there explaining Demand and Supply, thanks for creating the content!",2025-03-13T07:54:29Z,2026-10-01T13:26:29.131886+00:00,0,0,,baebb553cc44c611dc2ddcf15ffa59f6f045efb98d59165fa69540047f08e204,,youtube-data-api-v3/commentThreads.list,,AY7fWmE1CBk,"This Gold Trading Strategy Makes $1,000 a Day (Proven Results)",Brad Goh (The Trading Geek),,
youtube,Brad Goh (The Trading Geek),AY7fWmE1CBk,https://www.youtube.com/watch?v=AY7fWmE1CBk,UgzGlLHcaYDkStk-rpt4AaABAg,I have been learning alot from you,2022-11-30T13:04:36Z,2026-10-01T13:26:29.131886+00:00,3,1,,c6f489fb326460cf32c8ec8206e67e3229f29733dfcd8a14a75b8820fd4a008a,,youtube-data-api-v3/commentThreads.list,,AY7fWmE1CBk,"This Gold Trading Strategy Makes $1,000 a Day (Proven Results)",Brad Goh (The Trading Geek),,
youtube,Brad Goh (The Trading Geek),AY7fWmE1CBk,https://www.youtube.com/watch?v=AY7fWmE1CBk,UgzGlLHcaYDkStk-rpt4AaABAg.9j30Z6maBch9jUYGlPKPC4,What u learn,2022-12-11T05:38:41Z,2026-10-01T13:26:29.131886+00:00,0,0,,91f875a07ba542415d6e0842e36c2d59be4e01d65f332d105a551d6de41d4abe,UgzGlLHcaYDkStk-rpt4AaABAg,youtube-data-api-v3/commentThreads.list,,AY7fWmE1CBk,"This Gold Trading Strategy Makes $1,000 a Day (Proven Results)",Brad Goh (The Trading Geek),,
youtube,Brad Goh (The Trading Geek),AY7fWmE1CBk,https://www.youtube.com/watch?v=AY7fWmE1CBk,UgzXVN8kiAsCzPnQMc54AaABAg,"Going through your old videos 😅😅  you combining support and resistance, demand and supply, your trading strategy of now (market mechanics) is way better",2024-11-25T22:07:43Z,2026-10-01T13:26:29.131886+00:00,1,0,,9c1a819d9e64e40c2f2f8cb5da8599467501d30e1a2c0596d418253430f5f7f9,,youtube-data-api-v3/commentThreads.list,,AY7fWmE1CBk,"This Gold Trading Strategy Makes $1,000 a Day (Proven Results)",Brad Goh (The Trading Geek),,
youtube,Brad Goh (The Trading Geek),AY7fWmE1CBk,https://www.youtube.com/watch?v=AY7fWmE1CBk,UgwyHTuPJi3CJf5U4uZ4AaABAg,Do a video on how you look at market structure,2022-11-30T13:21:37Z,2026-10-01T13:26:29.131886+00:00,5,1,,cd2b6ab913bcd95fdecf91a7451c106ab3e2735e8777d9b8787e9f44c8ac36cd,,youtube-data-api-v3/commentThreads.list,,AY7fWmE1CBk,"This Gold Trading Strategy Makes $1,000 a Day (Proven Results)",Brad Goh (The Trading Geek),,
youtube,Brad Goh (The Trading Geek),AY7fWmE1CBk,https://www.youtube.com/watch?v=AY7fWmE1CBk,UgwyHTuPJi3CJf5U4uZ4AaABAg.9j32VjClGJLAW6tpCWSumQ,Awe,2026-04-27T19:23:42Z,2026-10-01T13:26:29.131886+00:00,0,0,,5a3cf44fdcdfe58b162934b39fa743770b31431574c5ba01d282f14ad00f7912,UgwyHTuPJi3CJf5U4uZ4AaABAg,youtube-data-api-v3/commentThreads.list,,AY7fWmE1CBk,"This Gold Trading Strategy Makes $1,000 a Day (Proven Results)",Brad Goh (The Trading Geek),,
youtube,Brad Goh (The Trading Geek),AY7fWmE1CBk,https://www.youtube.com/watch?v=AY7fWmE1CBk,UgzGF2Jp0fltUPn1u2p4AaABAg,"Wow, this changed my perspective. Great job! 💡",2025-01-29T01:46:12Z,2026-10-01T13:26:29.131886+00:00,1,0,,1db9923747baef83a833ade4b245716bf521404952592be9ad8f39aa630b901e,,youtube-data-api-v3/commentThreads.list,,AY7fWmE1CBk,"This Gold Trading Strategy Makes $1,000 a Day (Proven Results)",Brad Goh (The Trading Geek),,
youtube,Brad Goh (The Trading Geek),AY7fWmE1CBk,https://www.youtube.com/watch?v=AY7fWmE1CBk,UgyKMJCLhsa_NOPjuvV4AaABAg,Thank you so much for making this crystal clear.,2023-04-12T23:22:59Z,2026-10-01T13:26:29.131886+00:00,9,0,,c828cccf6c93fe8a0f8f7b961c90b114867cdc8b70fad63562c7b96eb4a1982f,,youtube-data-api-v3/commentThreads.list,,AY7fWmE1CBk,"This Gold Trading Strategy Makes $1,000 a Day (Proven Results)",Brad Goh (The Trading Geek),,
youtube,Brad Goh (The Trading Geek),AY7fWmE1CBk,https://www.youtube.com/watch?v=AY7fWmE1CBk,Ugx6Wdp22obnxmS1Hjd4AaABAg,"Good Strategy Bro... 
Love from India",2024-12-15T21:11:14Z,2026-10-01T13:26:29.131886+00:00,1,0,,f72e2673b0feb7b463558724f72aa3fbb02b2d5781e93ae829e9a5c6a4237be0,,youtube-data-api-v3/commentThreads.list,,AY7fWmE1CBk,"This Gold Trading Strategy Makes $1,000 a Day (Proven Results)",Brad Goh (The Trading Geek),,
youtube,Brad Goh (The Trading Geek),AY7fWmE1CBk,https://www.youtube.com/watch?v=AY7fWmE1CBk,UgycAG28s7Ce4Ii8Fot4AaABAg,Your videos are so simple and easy to understand. Thank you❣,2022-12-12T18:21:59Z,2026-10-01T13:26:29.131886+00:00,15,0,,d4e49c6ab35a465fe8b3b905553ebddb353f0720637232d3638156fcd9130f25,,youtube-data-api-v3/commentThreads.list,,AY7fWmE1CBk,"This Gold Trading Strategy Makes $1,000 a Day (Proven Results)",Brad Goh (The Trading Geek),,
youtube,Brad Goh (The Trading Geek),AY7fWmE1CBk,https://www.youtube.com/watch?v=AY7fWmE1CBk,UgyCON1lcJvBAFaP0xp4AaABAg,"Gold trading strategy ka explanation bahut clear tha, especially supply-demand zones wala concept real trading ke liye kaafi helpful laga 👍",2026-03-24T08:57:08Z,2026-10-01T13:26:29.131886+00:00,0,0,,1c3f768670e28465162dc6743209c3ec7801afa43f07b439cac849c9c73a2636,,youtube-data-api-v3/commentThreads.list,,AY7fWmE1CBk,"This Gold Trading Strategy Makes $1,000 a Day (Proven Results)",Brad Goh (The Trading Geek),,
youtube,Brad Goh (The Trading Geek),AY7fWmE1CBk,https://www.youtube.com/watch?v=AY7fWmE1CBk,UgwbGNdxNzHl1KKzRuB4AaABAg,"You are the best one on the web i have LEARNED SO MUCH from you, i have highly recommended my friends to your many channels!!! I appreciate it!! Thank you for being so giving.",2023-07-17T18:09:04Z,2026-10-01T13:26:29.131886+00:00,3,0,,e7975068b4ee4c69d1abd420d26597e492c91e0245d86fbc5f7f1b65a874017c,,youtube-data-api-v3/commentThreads.list,,AY7fWmE1CBk,"This Gold Trading Strategy Makes $1,000 a Day (Proven Results)",Brad Goh (The Trading Geek),,
youtube,Brad Goh (The Trading Geek),AY7fWmE1CBk,https://www.youtube.com/watch?v=AY7fWmE1CBk,UgzBPZszFJ31OiIBGFd4AaABAg,I like this. I'm going to be using this style of trading in my demo accounts.,2024-11-30T03:24:02Z,2026-10-01T13:26:29.131886+00:00,1,0,,9034f97edbeae280679365e4b1e0bd4a1217d5fff25fdd83fccdbca767241e06,,youtube-data-api-v3/commentThreads.list,,AY7fWmE1CBk,"This Gold Trading Strategy Makes $1,000 a Day (Proven Results)",Brad Goh (The Trading Geek),,
youtube,Brad Goh (The Trading Geek),AY7fWmE1CBk,https://www.youtube.com/watch?v=AY7fWmE1CBk,UgzJt54W_Jas8gmhA1V4AaABAg,"Thanks Geek, love your videos, very much ""straight to the point"" and simple strategy",2023-01-08T22:05:09Z,2026-10-01T13:26:29.131886+00:00,13,0,,ab1258b3f41b99c97365d8e0eaec72b1556f2f40f23fc6e451e27b0525ccbb86,,youtube-data-api-v3/commentThreads.list,,AY7fWmE1CBk,"This Gold Trading Strategy Makes $1,000 a Day (Proven Results)",Brad Goh (The Trading Geek),,
youtube,Brad Goh (The Trading Geek),AY7fWmE1CBk,https://www.youtube.com/watch?v=AY7fWmE1CBk,UgwgHbMtp_wJd3PzHEZ4AaABAg,Great TA brother ❤❤❤. Your videos are amazing,2023-09-01T07:46:27Z,2026-10-01T13:26:29.131886+00:00,2,0,,80969e3e984e81f5b7efd328ac21449e52b749b54fac7f5a898cbaa5858583ed,,youtube-data-api-v3/commentThreads.list,,AY7fWmE1CBk,"This Gold Trading Strategy Makes $1,000 a Day (Proven Results)",Brad Goh (The Trading Geek),,
youtube,Brad Goh (The Trading Geek),AY7fWmE1CBk,https://www.youtube.com/watch?v=AY7fWmE1CBk,Ugx1jNDQ7vg1YFELRA94AaABAg,I'm a novice. But this video has been educative. Thank you for creating such content.,2023-07-13T10:43:47Z,2026-10-01T13:26:29.131886+00:00,4,1,,f221a756b7986bb885fe604d0a1d0bfc10b497724c641848f78a2ba333fea1dd,,youtube-data-api-v3/commentThreads.list,,AY7fWmE1CBk,"This Gold Trading Strategy Makes $1,000 a Day (Proven Results)",Brad Goh (The Trading Geek),,
youtube,Brad Goh (The Trading Geek),AY7fWmE1CBk,https://www.youtube.com/watch?v=AY7fWmE1CBk,Ugx1jNDQ7vg1YFELRA94AaABAg.9s67Idx-1uJ9x3Fzza47ff,Hello brother have you started trading?,2023-11-13T14:39:00Z,2026-10-01T13:26:29.131886+00:00,0,0,,44c89e68df84f7fddf588181a81ec67159b9373c31cc4b3f425c3d4fdb527d58,Ugx1jNDQ7vg1YFELRA94AaABAg,youtube-data-api-v3/commentThreads.list,,AY7fWmE1CBk,"This Gold Trading Strategy Makes $1,000 a Day (Proven Results)",Brad Goh (The Trading Geek),,
youtube,Brad Goh (The Trading Geek),AY7fWmE1CBk,https://www.youtube.com/watch?v=AY7fWmE1CBk,UgyoRSt_UOTypaaKzCR4AaABAg,I a newbie in forex but your videos i have watched by far are so easy to understand 🥳,2023-02-09T19:03:32Z,2026-10-01T13:26:29.131886+00:00,2,1,,51dff4ad4da37236a61e4ce6cf989a80ea691343021dbc352e96e6037c0a2c36,,youtube-data-api-v3/commentThreads.list,,AY7fWmE1CBk,"This Gold Trading Strategy Makes $1,000 a Day (Proven Results)",Brad Goh (The Trading Geek),,
youtube,Brad Goh (The Trading Geek),AY7fWmE1CBk,https://www.youtube.com/watch?v=AY7fWmE1CBk,UgyoRSt_UOTypaaKzCR4AaABAg.9lvU47knY6H9mjQqE9nkf_,Scammer,2023-03-01T23:15:47Z,2026-10-01T13:26:29.131886+00:00,0,0,,8b445147a325fe1f4c2bf6c98d3f7ed38d9eb4b4f2a668b97f88675e6c30bf9c,UgyoRSt_UOTypaaKzCR4AaABAg,youtube-data-api-v3/commentThreads.list,,AY7fWmE1CBk,"This Gold Trading Strategy Makes $1,000 a Day (Proven Results)",Brad Goh (The Trading Geek),,
youtube,Brad Goh (The Trading Geek),AY7fWmE1CBk,https://www.youtube.com/watch?v=AY7fWmE1CBk,Ugwkn64uFs6RdvnQgBp4AaABAg,Thank you trading geek for keeping us going in our Trading career you're the BEST🎉🎉🎉,2024-10-21T05:08:31Z,2026-10-01T13:26:29.131886+00:00,0,0,,826a0e963b6e3362ae1e31bec8bbf50cfb460006f645f3341b52669056b4d02f,,youtube-data-api-v3/commentThreads.list,,AY7fWmE1CBk,"This Gold Trading Strategy Makes $1,000 a Day (Proven Results)",Brad Goh (The Trading Geek),,
youtube,Brad Goh (The Trading Geek),AY7fWmE1CBk,https://www.youtube.com/watch?v=AY7fWmE1CBk,UgwUAtKheMQwBWBWTwB4AaABAg,"mate not only the strategy, we also need your skincare rutine!",2025-04-07T12:49:44Z,2026-10-01T13:26:29.131886+00:00,4,0,,e4818ee21f6fb9ee2c97e3e06a9d3c74b278e1493bea05331eb53c810bb97a79,,youtube-data-api-v3/commentThreads.list,,AY7fWmE1CBk,"This Gold Trading Strategy Makes $1,000 a Day (Proven Results)",Brad Goh (The Trading Geek),,
youtube,Brad Goh (The Trading Geek),AY7fWmE1CBk,https://www.youtube.com/watch?v=AY7fWmE1CBk,UgzgdgmfHpMkbUCd5x14AaABAg,"Thanks so much Boss, u have added so much to my trading experience, I am better now",2023-01-06T21:15:27Z,2026-10-01T13:26:29.131886+00:00,1,0,,88d6d29c3ff4c288e97c152865eecd08f44fd5ae9766ad13fe310cab7c99cc4a,,youtube-data-api-v3/commentThreads.list,,AY7fWmE1CBk,"This Gold Trading Strategy Makes $1,000 a Day (Proven Results)",Brad Goh (The Trading Geek),,
youtube,Brad Goh (The Trading Geek),AY7fWmE1CBk,https://www.youtube.com/watch?v=AY7fWmE1CBk,UgzkV4qnaZh28TtlSMZ4AaABAg,"If this was in 1hr
That means i have to wait for days to see price go to the supply zone",2025-07-30T21:10:51Z,2026-10-01T13:26:29.131886+00:00,3,0,,9ebd92630a684850066bc8006cb19e5a79d22fc671b7208b9489f25eab3d8bad,,youtube-data-api-v3/commentThreads.list,,AY7fWmE1CBk,"This Gold Trading Strategy Makes $1,000 a Day (Proven Results)",Brad Goh (The Trading Geek),,
youtube,Brad Goh (The Trading Geek),AY7fWmE1CBk,https://www.youtube.com/watch?v=AY7fWmE1CBk,UgwriPqrs_ClBGOgBQ14AaABAg,"Honestly, it's the most informative videos ever. Thanks man, all the best 👌",2023-01-09T15:17:20Z,2026-10-01T13:26:29.131886+00:00,10,0,,8db5eea20970f8b6f725c125a68f98a58ed223897ce7c013b8342e5ba12c737a,,youtube-data-api-v3/commentThreads.list,,AY7fWmE1CBk,"This Gold Trading Strategy Makes $1,000 a Day (Proven Results)",Brad Goh (The Trading Geek),,
youtube,Brad Goh (The Trading Geek),AY7fWmE1CBk,https://www.youtube.com/watch?v=AY7fWmE1CBk,Ugwj4akPd3rKqaKzRgp4AaABAg,Another video for supply and demand strategy your the best bro,2025-04-08T10:29:08Z,2026-10-01T13:26:29.131886+00:00,0,0,,1b907b041fb51d7b09ffa613c3ffe276820e74f8873cfaac8d144bbf89965024,,youtube-data-api-v3/commentThreads.list,,AY7fWmE1CBk,"This Gold Trading Strategy Makes $1,000 a Day (Proven Results)",Brad Goh (The Trading Geek),,
youtube,Brad Goh (The Trading Geek),AY7fWmE1CBk,https://www.youtube.com/watch?v=AY7fWmE1CBk,UgyXlHWw00Lx82EfW6l4AaABAg,That stop loss is alot to lose when trading a small account😭,2024-01-16T18:37:25Z,2026-10-01T13:26:29.131886+00:00,4,1,,deaa78a486a4ee4c74b121feedb7aee81e64f55429cd99e11ebfe14c11e9c5d1,,youtube-data-api-v3/commentThreads.list,,AY7fWmE1CBk,"This Gold Trading Strategy Makes $1,000 a Day (Proven Results)",Brad Goh (The Trading Geek),,
youtube,Brad Goh (The Trading Geek),AY7fWmE1CBk,https://www.youtube.com/watch?v=AY7fWmE1CBk,UgyXlHWw00Lx82EfW6l4AaABAg.9zdU9Dgt3b6AW_Sksu9Rdr,Use firms,2026-05-09T06:55:39Z,2026-10-01T13:26:29.131886+00:00,0,0,,c6da445f5ee1bdd3b731dd1c2eaea9de1fbbe97d9f2cfb87ad3e3b0401ed7d40,UgyXlHWw00Lx82EfW6l4AaABAg,youtube-data-api-v3/commentThreads.list,,AY7fWmE1CBk,"This Gold Trading Strategy Makes $1,000 a Day (Proven Results)",Brad Goh (The Trading Geek),,
youtube,Brad Goh (The Trading Geek),AY7fWmE1CBk,https://www.youtube.com/watch?v=AY7fWmE1CBk,Ugz8N9B9ic-TTWn25eJ4AaABAg,"plz do a video where you explain the tools in trading view like the long position, short position or how to read pips on these tools plz",2022-12-01T07:40:32Z,2026-10-01T13:26:29.131886+00:00,1,0,,376f221938b6b6ef70b3d1858fb9bd88bed4d19411b0f2dc50390ff33f87019f,,youtube-data-api-v3/commentThreads.list,,AY7fWmE1CBk,"This Gold Trading Strategy Makes $1,000 a Day (Proven Results)",Brad Goh (The Trading Geek),,
youtube,Brad Goh (The Trading Geek),AY7fWmE1CBk,https://www.youtube.com/watch?v=AY7fWmE1CBk,UgzLPSD1aTM5QiuaBCt4AaABAg,"At first glance, these strategies might seem effective, but once you conduct a thorough backtest across different market conditions, the reality becomes clear. I’d strongly advise against relying on such methods, as true market understanding requires a deep and critical approach. The market isn’t driven by simplistic retail strategies—it operates on institutional order flows, liquidity manipulation, and macroeconomic factors. These strategies are often designed to create herd behavior, making it easier for institutions to capitalize on retail liquidity. Instead of chasing shortcuts, focus on developing a professional-level understanding of market mechanics.",2025-03-21T15:09:12Z,2026-10-01T13:26:29.131886+00:00,25,0,,dac3ecea326780e63b60af16d99ce99ad83738c281b6a7ab6612bb6d6ef0c492,,youtube-data-api-v3/commentThreads.list,,AY7fWmE1CBk,"This Gold Trading Strategy Makes $1,000 a Day (Proven Results)",Brad Goh (The Trading Geek),,
youtube,Brad Goh (The Trading Geek),AY7fWmE1CBk,https://www.youtube.com/watch?v=AY7fWmE1CBk,Ugzrsfea0nAwVbwv3f54AaABAg,"You are the best, thank you! Very informativ! Greetings from Germany!",2022-11-30T21:00:32Z,2026-10-01T13:26:29.131886+00:00,2,0,,c85838b18563b4a8c447c0e41f015c6a452eada1b8d83875076aa76e9c8815f7,,youtube-data-api-v3/commentThreads.list,,AY7fWmE1CBk,"This Gold Trading Strategy Makes $1,000 a Day (Proven Results)",Brad Goh (The Trading Geek),,
youtube,Brad Goh (The Trading Geek),AY7fWmE1CBk,https://www.youtube.com/watch?v=AY7fWmE1CBk,Ugz-q_0q7dq41xaOhbR4AaABAg,"Dude, today has been the most profitable day of my life just trading gold like you explained in this video! I Love Gold",2023-04-25T19:36:46Z,2026-10-01T13:26:29.131886+00:00,4,1,,42303954059a7ef70c6acc4cda99ca0a386f5e784509bb71b9b3f1d33d96be9c,,youtube-data-api-v3/commentThreads.list,,AY7fWmE1CBk,"This Gold Trading Strategy Makes $1,000 a Day (Proven Results)",Brad Goh (The Trading Geek),,
youtube,Brad Goh (The Trading Geek),AY7fWmE1CBk,https://www.youtube.com/watch?v=AY7fWmE1CBk,Ugz-q_0q7dq41xaOhbR4AaABAg.9oweV7EECIl9x3GO9erTG5,Please guide me on how to start trading,2023-11-13T14:42:26Z,2026-10-01T13:26:29.131886+00:00,0,0,,44c89e68df84f7fddf588181a81ec67159b9373c31cc4b3f425c3d4fdb527d58,Ugz-q_0q7dq41xaOhbR4AaABAg,youtube-data-api-v3/commentThreads.list,,AY7fWmE1CBk,"This Gold Trading Strategy Makes $1,000 a Day (Proven Results)",Brad Goh (The Trading Geek),,
youtube,Brad Goh (The Trading Geek),AY7fWmE1CBk,https://www.youtube.com/watch?v=AY7fWmE1CBk,Ugy-LKnBPz1jpALhC_94AaABAg,Congratulations for 1m❤,2024-10-21T15:02:26Z,2026-10-01T13:26:29.131886+00:00,0,0,,dea5ac78a2ea15b8d6bdb90fefe85e0605c8a5da7da1d0151e05ca73961a6ea9,,youtube-data-api-v3/commentThreads.list,,AY7fWmE1CBk,"This Gold Trading Strategy Makes $1,000 a Day (Proven Results)",Brad Goh (The Trading Geek),,
youtube,Brad Goh (The Trading Geek),AY7fWmE1CBk,https://www.youtube.com/watch?v=AY7fWmE1CBk,UgxpJe8zwuLjM-OqkQx4AaABAg,"The most important thing that should be on everyone mind currently should be to invest in different sources of income that doesn't depend on the government. Especially with the current economic crisis around the word. This is still a good time to invest in various stocks, Gold, silver and digital currencies.",2022-12-31T11:33:19Z,2026-10-01T13:26:29.131886+00:00,753,4,,7d59af1ca20bb83910d623a5a22ab2a7d5ffc90096b76684878093a8edddf829,,youtube-data-api-v3/commentThreads.list,,AY7fWmE1CBk,"This Gold Trading Strategy Makes $1,000 a Day (Proven Results)",Brad Goh (The Trading Geek),,
youtube,Brad Goh (The Trading Geek),AY7fWmE1CBk,https://www.youtube.com/watch?v=AY7fWmE1CBk,UgxpJe8zwuLjM-OqkQx4AaABAg.9kIfkdVqLUH9kIfzDPdqcS,The key to big returns is not big moving stocks. It's managing risk in relationship to reward. Having the correct size on and turning your edge as many times as necessary to reach your goal. That holds true from long term investing to day trading.,2022-12-31T11:35:18Z,2026-10-01T13:26:29.131886+00:00,10,0,,0d0453b5ef9661325418286f8bb3c435a99df340b7d889c48a78c9e551fa39f9,UgxpJe8zwuLjM-OqkQx4AaABAg,youtube-data-api-v3/commentThreads.list,,AY7fWmE1CBk,"This Gold Trading Strategy Makes $1,000 a Day (Proven Results)",Brad Goh (The Trading Geek),,
youtube,Brad Goh (The Trading Geek),AY7fWmE1CBk,https://www.youtube.com/watch?v=AY7fWmE1CBk,UgxpJe8zwuLjM-OqkQx4AaABAg.9kIfkdVqLUH9kIgGg4uIgY,"@caroamira Even with the right technique and assets some investors would still make more than others, as an investor, you should’ve known that by now, nothing beats experience and that’s final, personally I had to reach out to a market analyst for guidance which is how I was able to grow my account close to a million, withdraw my profit right before the correction and now I’m buying again",2022-12-31T11:37:49Z,2026-10-01T13:26:29.131886+00:00,5,0,,d24211adb7dfe91cf15b712674832fa5ae96798eab34912ef6fc7764a82b87bf,UgxpJe8zwuLjM-OqkQx4AaABAg,youtube-data-api-v3/commentThreads.list,,AY7fWmE1CBk,"This Gold Trading Strategy Makes $1,000 a Day (Proven Results)",Brad Goh (The Trading Geek),,
youtube,Brad Goh (The Trading Geek),AY7fWmE1CBk,https://www.youtube.com/watch?v=AY7fWmE1CBk,UgxpJe8zwuLjM-OqkQx4AaABAg.9kIfkdVqLUH9kIjtSjM3GN,"@thifannybright That's amazing! My portfolio has taken a severe hit, so I could really use their knowledge. Who is the one directing you?",2022-12-31T12:09:28Z,2026-10-01T13:26:29.131886+00:00,2,0,,929102c91e61172c75e07fa99e0c6027a0eba1bf38986a01ad8dab00b6182b80,UgxpJe8zwuLjM-OqkQx4AaABAg,youtube-data-api-v3/commentThreads.list,,AY7fWmE1CBk,"This Gold Trading Strategy Makes $1,000 a Day (Proven Results)",Brad Goh (The Trading Geek),,
youtube,Brad Goh (The Trading Geek),AY7fWmE1CBk,https://www.youtube.com/watch?v=AY7fWmE1CBk,UgxpJe8zwuLjM-OqkQx4AaABAg.9kIfkdVqLUH9kIkJ0mmTMP,"@liuhuang Susan Lorraine Curry is the coach I utilize ,she is well-known. You can just search for her online because she has a large online presence.",2022-12-31T12:13:06Z,2026-10-01T13:26:29.131886+00:00,1,0,,d24211adb7dfe91cf15b712674832fa5ae96798eab34912ef6fc7764a82b87bf,UgxpJe8zwuLjM-OqkQx4AaABAg,youtube-data-api-v3/commentThreads.list,,AY7fWmE1CBk,"This Gold Trading Strategy Makes $1,000 a Day (Proven Results)",Brad Goh (The Trading Geek),,
youtube,Brad Goh (The Trading Geek),AY7fWmE1CBk,https://www.youtube.com/watch?v=AY7fWmE1CBk,UgxtR0hMzwKrZxQLpUh4AaABAg,in 6:24 you should place the Risk/Reward at bottom of the big RED candle but you put it above it !!!,2023-03-10T19:00:12Z,2026-10-01T13:26:29.131886+00:00,2,0,,804f3f2acee171fa2a5bcbe143cca3d1e05592d84821543a40204907c2e6260f,,youtube-data-api-v3/commentThreads.list,,AY7fWmE1CBk,"This Gold Trading Strategy Makes $1,000 a Day (Proven Results)",Brad Goh (The Trading Geek),,
youtube,Brad Goh (The Trading Geek),AY7fWmE1CBk,https://www.youtube.com/watch?v=AY7fWmE1CBk,Ugy5EBdt6VFHcfErEqJ4AaABAg,Thanks!,2023-04-01T04:24:54Z,2026-10-01T13:26:29.131886+00:00,12,1,,c8a54c5dcea33541c31c43e1faeb15760369b2d4a7e2b282659fe18b4177b616,,youtube-data-api-v3/commentThreads.list,,AY7fWmE1CBk,"This Gold Trading Strategy Makes $1,000 a Day (Proven Results)",Brad Goh (The Trading Geek),,
youtube,Brad Goh (The Trading Geek),AY7fWmE1CBk,https://www.youtube.com/watch?v=AY7fWmE1CBk,Ugy5EBdt6VFHcfErEqJ4AaABAg.9nxE3Q_V-VRAJO_UJ5H4_m,"am back to watching this video for the 5th time and its cool, glad u send him some",2025-06-15T13:24:09Z,2026-10-01T13:26:29.131886+00:00,0,0,,5b81c172fecc2e26c73ebeaaf84c569b270677776a95c2b4b4dd639315aab5c2,Ugy5EBdt6VFHcfErEqJ4AaABAg,youtube-data-api-v3/commentThreads.list,,AY7fWmE1CBk,"This Gold Trading Strategy Makes $1,000 a Day (Proven Results)",Brad Goh (The Trading Geek),,
youtube,Brad Goh (The Trading Geek),AY7fWmE1CBk,https://www.youtube.com/watch?v=AY7fWmE1CBk,UgzxKneyYJ6fapyei5l4AaABAg,Everyone has the only trading strategy u only need but they don't have the ability to do all the other important steps to execute the entire plan for u,2022-12-31T02:37:07Z,2026-10-01T13:26:29.131886+00:00,1,0,,15557ddcdad86b89ac0e362b527956f490416b7869e93e63d782c9c8c952f56d,,youtube-data-api-v3/commentThreads.list,,AY7fWmE1CBk,"This Gold Trading Strategy Makes $1,000 a Day (Proven Results)",Brad Goh (The Trading Geek),,
youtube,Brad Goh (The Trading Geek),AY7fWmE1CBk,https://www.youtube.com/watch?v=AY7fWmE1CBk,UgxoVLrYX1XKPHqzNnd4AaABAg,I kept watching fot 10m i didn’t understand,2025-09-30T21:39:18Z,2026-10-01T13:26:29.131886+00:00,3,0,,5d4609dd885e83449b031c700c69f3b7510be712e19f45f20b06a092c05b7ffd,,youtube-data-api-v3/commentThreads.list,,AY7fWmE1CBk,"This Gold Trading Strategy Makes $1,000 a Day (Proven Results)",Brad Goh (The Trading Geek),,
youtube,Brad Goh (The Trading Geek),AY7fWmE1CBk,https://www.youtube.com/watch?v=AY7fWmE1CBk,UgwEAVzUpmIO-zdbTu54AaABAg,Your sl is on another level,2025-05-15T22:57:28Z,2026-10-01T13:26:29.131886+00:00,0,0,,16758f7f52eae1791ad343b80f1f387b0f6486a9e46999f1804990c04439564a,,youtube-data-api-v3/commentThreads.list,,AY7fWmE1CBk,"This Gold Trading Strategy Makes $1,000 a Day (Proven Results)",Brad Goh (The Trading Geek),,
youtube,Brad Goh (The Trading Geek),AY7fWmE1CBk,https://www.youtube.com/watch?v=AY7fWmE1CBk,UgzE1YkwuedfCRyjgst4AaABAg,"*Mrs Muthia is the best, recommending her to all beginners who wants to recover from their losses and gain more like I did through her strategies*",2022-12-01T13:47:58Z,2026-10-01T13:26:29.131886+00:00,144,9,,09b761e720bea5d0f95fc1eac919668919cff0bc2039b7436ef1d183b62b8768,,youtube-data-api-v3/commentThreads.list,,AY7fWmE1CBk,"This Gold Trading Strategy Makes $1,000 a Day (Proven Results)",Brad Goh (The Trading Geek),,
youtube,Brad Goh (The Trading Geek),AY7fWmE1CBk,https://www.youtube.com/watch?v=AY7fWmE1CBk,UgzE1YkwuedfCRyjgst4AaABAg.9j5fJdkCw2c9j69G2-Y8i5,"My first investment with Mrs Muthia gave me profit of over $24,000 Us dollars and ever since then she has never failed to deliver and I can even say she's the most sincere broker I have known",2022-12-01T18:18:21Z,2026-10-01T13:26:29.131886+00:00,0,0,,6a26d7845b7698ed94caa70d3138940b90f50325225094dc9690361edb019b4e,UgzE1YkwuedfCRyjgst4AaABAg,youtube-data-api-v3/commentThreads.list,,AY7fWmE1CBk,"This Gold Trading Strategy Makes $1,000 a Day (Proven Results)",Brad Goh (The Trading Geek),,
youtube,Brad Goh (The Trading Geek),AY7fWmE1CBk,https://www.youtube.com/watch?v=AY7fWmE1CBk,UgzE1YkwuedfCRyjgst4AaABAg.9j5fJdkCw2c9j69Gxop7qq,Her success story is everywhere,2022-12-01T18:18:29Z,2026-10-01T13:26:29.131886+00:00,0,0,,6a26d7845b7698ed94caa70d3138940b90f50325225094dc9690361edb019b4e,UgzE1YkwuedfCRyjgst4AaABAg,youtube-data-api-v3/commentThreads.list,,AY7fWmE1CBk,"This Gold Trading Strategy Makes $1,000 a Day (Proven Results)",Brad Goh (The Trading Geek),,
youtube,Brad Goh (The Trading Geek),AY7fWmE1CBk,https://www.youtube.com/watch?v=AY7fWmE1CBk,UgzE1YkwuedfCRyjgst4AaABAg.9j5fJdkCw2c9j7vXQzo0QY,"I'm not here to converse for her but to testify just for what I'm sure of, she's trust worthy and best option ever seen",2022-12-02T10:48:08Z,2026-10-01T13:26:29.131886+00:00,0,0,,54dd51bd263ae455b03bdc219f90df360de20633440530f885ec35c50abd1e85,UgzE1YkwuedfCRyjgst4AaABAg,youtube-data-api-v3/commentThreads.list,,AY7fWmE1CBk,"This Gold Trading Strategy Makes $1,000 a Day (Proven Results)",Brad Goh (The Trading Geek),,
youtube,Brad Goh (The Trading Geek),AY7fWmE1CBk,https://www.youtube.com/watch?v=AY7fWmE1CBk,UgzE1YkwuedfCRyjgst4AaABAg.9j5fJdkCw2c9j8hUExLzeK,My first experience with her gave me the assurance that has made me to invest without fear of loosing,2022-12-02T18:04:37Z,2026-10-01T13:26:29.131886+00:00,0,0,,4b59a961ac195362078949b4652dd1c9f741bf584d2276253d0348aa98ab530c,UgzE1YkwuedfCRyjgst4AaABAg,youtube-data-api-v3/commentThreads.list,,AY7fWmE1CBk,"This Gold Trading Strategy Makes $1,000 a Day (Proven Results)",Brad Goh (The Trading Geek),,
youtube,Brad Goh (The Trading Geek),AY7fWmE1CBk,https://www.youtube.com/watch?v=AY7fWmE1CBk,UgzE1YkwuedfCRyjgst4AaABAg.9j5fJdkCw2c9j8hV0mjbuo,She's awesome,2022-12-02T18:04:43Z,2026-10-01T13:26:29.131886+00:00,0,0,,4b59a961ac195362078949b4652dd1c9f741bf584d2276253d0348aa98ab530c,UgzE1YkwuedfCRyjgst4AaABAg,youtube-data-api-v3/commentThreads.list,,AY7fWmE1CBk,"This Gold Trading Strategy Makes $1,000 a Day (Proven Results)",Brad Goh (The Trading Geek),,
youtube,Brad Goh (The Trading Geek),AY7fWmE1CBk,https://www.youtube.com/watch?v=AY7fWmE1CBk,UgymoCE3ZLmm51Pi2SF4AaABAg,Awesome strategy breakdown! 📈 Really clear explanation of the gold trading method   definitely gave me new ideas to refine my approach. Thanks for sharing!,2026-02-19T08:39:30Z,2026-10-01T13:26:29.131886+00:00,0,0,,bd7a315baaa6e3278aeee2e6b670b8b12e877075d07e4c38e3864e5d3cc59d02,,youtube-data-api-v3/commentThreads.list,,AY7fWmE1CBk,"This Gold Trading Strategy Makes $1,000 a Day (Proven Results)",Brad Goh (The Trading Geek),,
youtube,Brad Goh (The Trading Geek),AY7fWmE1CBk,https://www.youtube.com/watch?v=AY7fWmE1CBk,Ugx2GrVFdnXs9Z4hvTF4AaABAg,dude i literally watch all your videos...FROM SA TO THE MOOOON,2023-07-03T18:01:47Z,2026-10-01T13:26:29.131886+00:00,10,1,,a318a567e770cfaaee6c6bdba8e5987f9567435e0685b5b60c788f35dc346f65,,youtube-data-api-v3/commentThreads.list,,AY7fWmE1CBk,"This Gold Trading Strategy Makes $1,000 a Day (Proven Results)",Brad Goh (The Trading Geek),,
youtube,Brad Goh (The Trading Geek),AY7fWmE1CBk,https://www.youtube.com/watch?v=AY7fWmE1CBk,Ugx2GrVFdnXs9Z4hvTF4AaABAg.9ri9Tt17Db9AXdwLDqegZc,Thanks for watching,2026-06-04T21:11:15Z,2026-10-01T13:26:29.131886+00:00,0,0,,248b9034c23ffe808b826c66ef83c81d317e94bbed030cb8eaa8f15e7f413ce6,Ugx2GrVFdnXs9Z4hvTF4AaABAg,youtube-data-api-v3/commentThreads.list,,AY7fWmE1CBk,"This Gold Trading Strategy Makes $1,000 a Day (Proven Results)",Brad Goh (The Trading Geek),,
youtube,Brad Goh (The Trading Geek),AY7fWmE1CBk,https://www.youtube.com/watch?v=AY7fWmE1CBk,UgyIkyUZIGYpssNViTF4AaABAg,"its so easy to analyze because its was already happened, we are looking is how to predict the price up or down",2022-12-03T23:53:25Z,2026-10-01T13:26:29.131886+00:00,2,0,,814ee0bd49131ddaff207331c5d7e651bccbb8bc7524c1a932a772a83a925b84,,youtube-data-api-v3/commentThreads.list,,AY7fWmE1CBk,"This Gold Trading Strategy Makes $1,000 a Day (Proven Results)",Brad Goh (The Trading Geek),,
youtube,Brad Goh (The Trading Geek),AY7fWmE1CBk,https://www.youtube.com/watch?v=AY7fWmE1CBk,UgyHAyIbZtieOF0aB1V4AaABAg,"Thanks bro for allthings your the  best. In today video snall error about 0.1 lot size means in 300 pips in 300usd 
1 lot size means 1 pips in 10usdt that means   3000 pips means 3000usd for watching peoples",2022-12-15T13:01:26Z,2026-10-01T13:26:29.131886+00:00,41,3,,de8171239fea50285359755e4126166f95629f05116203d33df793d4ea4f88ff,,youtube-data-api-v3/commentThreads.list,,AY7fWmE1CBk,"This Gold Trading Strategy Makes $1,000 a Day (Proven Results)",Brad Goh (The Trading Geek),,
youtube,Brad Goh (The Trading Geek),AY7fWmE1CBk,https://www.youtube.com/watch?v=AY7fWmE1CBk,UgyHAyIbZtieOF0aB1V4AaABAg.9jed73wPPv7A7B-C7k-YEO,Yeah i noticed that too,2024-08-16T00:31:30Z,2026-10-01T13:26:29.131886+00:00,0,0,,684c592f24c3e83d36981f6d0f7a377c787d5c8030f6aea507b52d0dec3c9f3d,UgyHAyIbZtieOF0aB1V4AaABAg,youtube-data-api-v3/commentThreads.list,,AY7fWmE1CBk,"This Gold Trading Strategy Makes $1,000 a Day (Proven Results)",Brad Goh (The Trading Geek),,
youtube,Brad Goh (The Trading Geek),AY7fWmE1CBk,https://www.youtube.com/watch?v=AY7fWmE1CBk,UgyHAyIbZtieOF0aB1V4AaABAg.9jed73wPPv7A7B-GYVpMR3,But for holding that long would xauusd just cover 300 pips ?,2024-08-16T00:32:07Z,2026-10-01T13:26:29.131886+00:00,1,0,,684c592f24c3e83d36981f6d0f7a377c787d5c8030f6aea507b52d0dec3c9f3d,UgyHAyIbZtieOF0aB1V4AaABAg,youtube-data-api-v3/commentThreads.list,,AY7fWmE1CBk,"This Gold Trading Strategy Makes $1,000 a Day (Proven Results)",Brad Goh (The Trading Geek),,
youtube,Brad Goh (The Trading Geek),AY7fWmE1CBk,https://www.youtube.com/watch?v=AY7fWmE1CBk,UgyHAyIbZtieOF0aB1V4AaABAg.9jed73wPPv7AAE5PH4qb4V,​@Sneha-rc6hhyupp !! its possible....Even in my frend circle there r many traders who make profit of even 2 - 3 crores from gold,2024-10-30T18:57:38Z,2026-10-01T13:26:29.131886+00:00,0,0,,447b3992c428e0a0ebd01ee4c44d2c2857bc1aea71fda3cab994fe85e9657438,UgyHAyIbZtieOF0aB1V4AaABAg,youtube-data-api-v3/commentThreads.list,,AY7fWmE1CBk,"This Gold Trading Strategy Makes $1,000 a Day (Proven Results)",Brad Goh (The Trading Geek),,
youtube,Brad Goh (The Trading Geek),AY7fWmE1CBk,https://www.youtube.com/watch?v=AY7fWmE1CBk,UgwnVkjifflcAQ9kxjl4AaABAg,Learned this great strategy today and can't wait to do this and smash the competition.,2023-04-26T11:22:44Z,2026-10-01T13:26:29.131886+00:00,3,2,,ae90cb34d0d988839ee948b9882ae6fbdbc2906ed3ab0eca81c373cc01b9a576,,youtube-data-api-v3/commentThreads.list,,AY7fWmE1CBk,"This Gold Trading Strategy Makes $1,000 a Day (Proven Results)",Brad Goh (The Trading Geek),,
youtube,Brad Goh (The Trading Geek),AY7fWmE1CBk,https://www.youtube.com/watch?v=AY7fWmE1CBk,UgwnVkjifflcAQ9kxjl4AaABAg.9oyLkdIuyCdALEz_D2ERGR,Is it worth??,2025-07-31T13:02:32Z,2026-10-01T13:26:29.131886+00:00,0,0,,b1fadff7719fe13c94e1dc7595a689a99ebd440dee32cc66b75c5b9c9233375c,UgwnVkjifflcAQ9kxjl4AaABAg,youtube-data-api-v3/commentThreads.list,,AY7fWmE1CBk,"This Gold Trading Strategy Makes $1,000 a Day (Proven Results)",Brad Goh (The Trading Geek),,
youtube,Brad Goh (The Trading Geek),AY7fWmE1CBk,https://www.youtube.com/watch?v=AY7fWmE1CBk,UgwnVkjifflcAQ9kxjl4AaABAg.9oyLkdIuyCdALFJC5JA-C0,@anassiddiqui4115Yes I became a funded trader last month.,2025-07-31T16:02:44Z,2026-10-01T13:26:29.131886+00:00,0,0,,ae90cb34d0d988839ee948b9882ae6fbdbc2906ed3ab0eca81c373cc01b9a576,UgwnVkjifflcAQ9kxjl4AaABAg,youtube-data-api-v3/commentThreads.list,,AY7fWmE1CBk,"This Gold Trading Strategy Makes $1,000 a Day (Proven Results)",Brad Goh (The Trading Geek),,
youtube,Brad Goh (The Trading Geek),AY7fWmE1CBk,https://www.youtube.com/watch?v=AY7fWmE1CBk,UgyHGSXutj_GoYeXrIp4AaABAg,Wow you're videos are mind blowing 🎉🎉 they are really helpful,2024-12-09T12:47:04Z,2026-10-01T13:26:29.131886+00:00,0,0,,7fb4a2ca9d48642d46403f62f89ccedc0bbfc4373ec4f642724938f3347e45e0,,youtube-data-api-v3/commentThreads.list,,AY7fWmE1CBk,"This Gold Trading Strategy Makes $1,000 a Day (Proven Results)",Brad Goh (The Trading Geek),,
youtube,Brad Goh (The Trading Geek),AY7fWmE1CBk,https://www.youtube.com/watch?v=AY7fWmE1CBk,UgyYrfwq0LNxFbxn59t4AaABAg,I think it's 300$ not 3000 $ because 300 pips x 0.1 = 30 x 10 = 300$ ?,2022-11-30T20:26:24Z,2026-10-01T13:26:29.131886+00:00,3,0,,bccf83b987ef60e843daa705d8ef958f97d8e4dd41b3c4ec8bfe37918b5ab019,,youtube-data-api-v3/commentThreads.list,,AY7fWmE1CBk,"This Gold Trading Strategy Makes $1,000 a Day (Proven Results)",Brad Goh (The Trading Geek),,
youtube,Brad Goh (The Trading Geek),AY7fWmE1CBk,https://www.youtube.com/watch?v=AY7fWmE1CBk,Ugw-HrAO8b4W2iMMRyd4AaABAg,Really clear and practical explanation! 🙌 Picked up some useful insights today  — thanks for breaking it down so well! 📈🔥,2026-02-18T08:34:12Z,2026-10-01T13:26:29.131886+00:00,0,0,,262142c55d9de742a9b8b61fee464587142c35e14bce89a64fb5e9bb9639acb3,,youtube-data-api-v3/commentThreads.list,,AY7fWmE1CBk,"This Gold Trading Strategy Makes $1,000 a Day (Proven Results)",Brad Goh (The Trading Geek),,
youtube,Brad Goh (The Trading Geek),AY7fWmE1CBk,https://www.youtube.com/watch?v=AY7fWmE1CBk,Ugzza4lqzJ6eWrcT4v14AaABAg,"300pips x 0.1 300 dollara
300pips x 1.0 3000 dollars",2026-01-15T11:32:29Z,2026-10-01T13:26:29.131886+00:00,5,0,,b0e64054f9cbf59d354b3e590e457af653f1eec8c82c4aae9690ba0116524bc2,,youtube-data-api-v3/commentThreads.list,,AY7fWmE1CBk,"This Gold Trading Strategy Makes $1,000 a Day (Proven Results)",Brad Goh (The Trading Geek),,
youtube,Brad Goh (The Trading Geek),AY7fWmE1CBk,https://www.youtube.com/watch?v=AY7fWmE1CBk,UgymvnuGW6WaDZNvnsd4AaABAg,"You're a great Doctor of market, You're A Great Surgery Dr. You Have been Operation the Market. ❤❤❤",2024-02-03T08:59:26Z,2026-10-01T13:26:29.131886+00:00,0,0,,f19e0584c8b2eae1885598f73c17b2bc755d6c41392a3ffa35b6096eb9d980f8,,youtube-data-api-v3/commentThreads.list,,AY7fWmE1CBk,"This Gold Trading Strategy Makes $1,000 a Day (Proven Results)",Brad Goh (The Trading Geek),,
youtube,Brad Goh (The Trading Geek),AY7fWmE1CBk,https://www.youtube.com/watch?v=AY7fWmE1CBk,Ugwe07MGRpl9JvJCk7t4AaABAg,300 pips with a 0.1 lot size worth 300 $ not 3000 *****,2023-09-23T17:35:45Z,2026-10-01T13:26:29.131886+00:00,9,1,,a9d7b41620f40611669c6da579739992adea96b4ab625d599a77f3b5a4c03dd3,,youtube-data-api-v3/commentThreads.list,,AY7fWmE1CBk,"This Gold Trading Strategy Makes $1,000 a Day (Proven Results)",Brad Goh (The Trading Geek),,
youtube,Brad Goh (The Trading Geek),AY7fWmE1CBk,https://www.youtube.com/watch?v=AY7fWmE1CBk,Ugwe07MGRpl9JvJCk7t4AaABAg.9v0Fftsd8rnAOQVx06jAmW,good is xauusd which is 0.01 which is 300 not 0.1,2025-10-18T13:59:58Z,2026-10-01T13:26:29.131886+00:00,0,0,,96fecd633728e49768045344442ead673e77f3997f0d954b8d6ee375992afeae,Ugwe07MGRpl9JvJCk7t4AaABAg,youtube-data-api-v3/commentThreads.list,,AY7fWmE1CBk,"This Gold Trading Strategy Makes $1,000 a Day (Proven Results)",Brad Goh (The Trading Geek),,
youtube,Brad Goh (The Trading Geek),AY7fWmE1CBk,https://www.youtube.com/watch?v=AY7fWmE1CBk,Ugwe8LFJXKguOBLvFfJ4AaABAg,the kiss at the end was so random :D,2022-12-12T13:33:23Z,2026-10-01T13:26:29.131886+00:00,1,0,,58b865ce7608cc5c4daac9f6b0f6c0af9d374fb491d5d8c43a7f2afba0888101,,youtube-data-api-v3/commentThreads.list,,AY7fWmE1CBk,"This Gold Trading Strategy Makes $1,000 a Day (Proven Results)",Brad Goh (The Trading Geek),,
youtube,Brad Goh (The Trading Geek),AY7fWmE1CBk,https://www.youtube.com/watch?v=AY7fWmE1CBk,Ugw6Je0f_UREL_H29jV4AaABAg,"For those watching this trading video to learn. Please just know that some strategies worked in those years. If you are watching a trading video that's past 2yrs. You will not learn anything good. look at the latest strategies , at least from the previous year to the moment. Markets change and strategies change.",2025-08-02T15:31:52Z,2026-10-01T13:26:29.131886+00:00,12,2,,1d4b5fe6558a82e6abad415b4938288a2bf16dc0f3bd6af0ba04ce38e37e525e,,youtube-data-api-v3/commentThreads.list,,AY7fWmE1CBk,"This Gold Trading Strategy Makes $1,000 a Day (Proven Results)",Brad Goh (The Trading Geek),,
youtube,Brad Goh (The Trading Geek),AY7fWmE1CBk,https://www.youtube.com/watch?v=AY7fWmE1CBk,Ugw6Je0f_UREL_H29jV4AaABAg.ALKPFhs2FdCAPTSZMT9lbd,No it doesn’t you clown. It still holds to this day in November 2025,2025-11-13T13:59:30Z,2026-10-01T13:26:29.131886+00:00,0,0,,8f989f6ad4a0b6f0826c78d1e4c6825097b65ad2bb4b9b62cb84ab71aea3d18a,Ugw6Je0f_UREL_H29jV4AaABAg,youtube-data-api-v3/commentThreads.list,,AY7fWmE1CBk,"This Gold Trading Strategy Makes $1,000 a Day (Proven Results)",Brad Goh (The Trading Geek),,
youtube,Brad Goh (The Trading Geek),AY7fWmE1CBk,https://www.youtube.com/watch?v=AY7fWmE1CBk,Ugw6Je0f_UREL_H29jV4AaABAg.ALKPFhs2FdCAPibD9DoC3-,No lol,2025-11-19T20:31:42Z,2026-10-01T13:26:29.131886+00:00,0,0,,ff7ccb3a1943f5f4cbb8c744a92510245544a8b80586292764019aa1e8492733,Ugw6Je0f_UREL_H29jV4AaABAg,youtube-data-api-v3/commentThreads.list,,AY7fWmE1CBk,"This Gold Trading Strategy Makes $1,000 a Day (Proven Results)",Brad Goh (The Trading Geek),,
youtube,Brad Goh (The Trading Geek),AY7fWmE1CBk,https://www.youtube.com/watch?v=AY7fWmE1CBk,UgyCjKaueNMBA-mKHyh4AaABAg,Very useful !!! hope can see more these type of skills & strategy tutorial. 😍😍😍😍,2022-12-04T05:30:19Z,2026-10-01T13:26:29.131886+00:00,0,0,,2c4d4dab217d97fe2b513f2888a886096b4929d6e922e5cbce4f7a297faf9b76,,youtube-data-api-v3/commentThreads.list,,AY7fWmE1CBk,"This Gold Trading Strategy Makes $1,000 a Day (Proven Results)",Brad Goh (The Trading Geek),,
youtube,Brad Goh (The Trading Geek),AY7fWmE1CBk,https://www.youtube.com/watch?v=AY7fWmE1CBk,UgxilRhOW2iNULQjEQl4AaABAg,Hi... i love the way you present your idea... Do you as well consider currency strenght when determining a market bias?,2022-12-01T11:48:55Z,2026-10-01T13:26:29.131886+00:00,6,1,,82288509ce7938d47397b69ea755187b3f2ca7e94ce6dae6e6bbc00ea4f798e7,,youtube-data-api-v3/commentThreads.list,,AY7fWmE1CBk,"This Gold Trading Strategy Makes $1,000 a Day (Proven Results)",Brad Goh (The Trading Geek),,
youtube,Brad Goh (The Trading Geek),AY7fWmE1CBk,https://www.youtube.com/watch?v=AY7fWmE1CBk,UgxilRhOW2iNULQjEQl4AaABAg.9j5Sgj1gcC59j6GVLvoGcL,"Currency strength can’t do much in the market , I basically use tools and plartforms that have proven effective",2022-12-01T19:21:37Z,2026-10-01T13:26:29.131886+00:00,0,0,,7d1022a14a391703c2460d7c06041619e5f2644a15f84f7b95b7558f9979261d,UgxilRhOW2iNULQjEQl4AaABAg,youtube-data-api-v3/commentThreads.list,,AY7fWmE1CBk,"This Gold Trading Strategy Makes $1,000 a Day (Proven Results)",Brad Goh (The Trading Geek),,
youtube,Brad Goh (The Trading Geek),AY7fWmE1CBk,https://www.youtube.com/watch?v=AY7fWmE1CBk,UgxAT2Iaz1XwgPQxPwl4AaABAg,thank you very much bro! i've really enjoy the video,2023-07-29T23:39:57Z,2026-10-01T13:26:29.131886+00:00,1,0,,9d865276f088963242279f9f566abee367b66ce7980b3bcfe145106544555dde,,youtube-data-api-v3/commentThreads.list,,AY7fWmE1CBk,"This Gold Trading Strategy Makes $1,000 a Day (Proven Results)",Brad Goh (The Trading Geek),,
youtube,Brad Goh (The Trading Geek),AY7fWmE1CBk,https://www.youtube.com/watch?v=AY7fWmE1CBk,UgxLqY4dkjT5vRtK1D54AaABAg,"He : this is an only gold strategy...
Le me : let me try in nifty and banknifty 😂😂",2022-12-02T08:56:04Z,2026-10-01T13:26:29.131886+00:00,2,1,,a441cf3a959a9981fb490e48de10610c149e11f28c2fdf4d54532eea6eb82ad1,,youtube-data-api-v3/commentThreads.list,,AY7fWmE1CBk,"This Gold Trading Strategy Makes $1,000 a Day (Proven Results)",Brad Goh (The Trading Geek),,
youtube,Brad Goh (The Trading Geek),AY7fWmE1CBk,https://www.youtube.com/watch?v=AY7fWmE1CBk,UgxLqY4dkjT5vRtK1D54AaABAg.9j7ihbteCyNA46sFt5Liac,Hanuman gay Shiva gay ram gay,2024-05-31T20:30:58Z,2026-10-01T13:26:29.131886+00:00,0,0,,487e1b693963c148ba06b77b7f3d6b61730ed05fe9674d6da368ab59822166d2,UgxLqY4dkjT5vRtK1D54AaABAg,youtube-data-api-v3/commentThreads.list,,AY7fWmE1CBk,"This Gold Trading Strategy Makes $1,000 a Day (Proven Results)",Brad Goh (The Trading Geek),,
youtube,Brad Goh (The Trading Geek),AY7fWmE1CBk,https://www.youtube.com/watch?v=AY7fWmE1CBk,UgzzXZqTN3onm6XImyV4AaABAg,Amazing And Very Informative. Subscribed🤩,2022-12-12T18:07:20Z,2026-10-01T13:26:29.131886+00:00,1,0,,930d877d70f99c2eb57fe23bbb38e759c9a55ceeb7bbf7d1dfef8b31127abc18,,youtube-data-api-v3/commentThreads.list,,AY7fWmE1CBk,"This Gold Trading Strategy Makes $1,000 a Day (Proven Results)",Brad Goh (The Trading Geek),,
youtube,Brad Goh (The Trading Geek),AY7fWmE1CBk,https://www.youtube.com/watch?v=AY7fWmE1CBk,UgwEMTlqA7IfXsNj_Z54AaABAg,"Great Video! I must say you are an inspiration because I started up investing and trading as a scared investor who doesn’t want to lose money, glad to say I’m very profitable now and bought my first house through it..",2023-04-30T15:23:09Z,2026-10-01T13:26:29.131886+00:00,10,6,,1c556f055463a054e5e507a761c27ec21d9208f26a9dce86a6e7c9c675ce92d7,,youtube-data-api-v3/commentThreads.list,,AY7fWmE1CBk,"This Gold Trading Strategy Makes $1,000 a Day (Proven Results)",Brad Goh (The Trading Geek),,
youtube,Brad Goh (The Trading Geek),AY7fWmE1CBk,https://www.youtube.com/watch?v=AY7fWmE1CBk,UgwEMTlqA7IfXsNj_Z54AaABAg.9p84S2GC6Hn9p88OYy4DQV,"Big props to you on your wins please how did you become successful, lately I find everything difficult how did you overcome fear of loosing facing same here...",2023-04-30T15:57:38Z,2026-10-01T13:26:29.131886+00:00,1,0,,138f0bb4df069a40bbdcd0e49284bc072aa97238fe54f385330c675b7d44721b,UgwEMTlqA7IfXsNj_Z54AaABAg,youtube-data-api-v3/commentThreads.list,,AY7fWmE1CBk,"This Gold Trading Strategy Makes $1,000 a Day (Proven Results)",Brad Goh (The Trading Geek),,
youtube,Brad Goh (The Trading Geek),AY7fWmE1CBk,https://www.youtube.com/watch?v=AY7fWmE1CBk,UgwEMTlqA7IfXsNj_Z54AaABAg.9p84S2GC6Hn9p8FCR8MHdY,I felt same way when I started especially when you use demo account you might be winning but when you put in real money you start losing I understand and I pass through it all. I’m very happy I’m profitable now...,2023-04-30T16:57:08Z,2026-10-01T13:26:29.131886+00:00,2,0,,1c556f055463a054e5e507a761c27ec21d9208f26a9dce86a6e7c9c675ce92d7,UgwEMTlqA7IfXsNj_Z54AaABAg,youtube-data-api-v3/commentThreads.list,,AY7fWmE1CBk,"This Gold Trading Strategy Makes $1,000 a Day (Proven Results)",Brad Goh (The Trading Geek),,
youtube,Brad Goh (The Trading Geek),AY7fWmE1CBk,https://www.youtube.com/watch?v=AY7fWmE1CBk,UgwEMTlqA7IfXsNj_Z54AaABAg.9p84S2GC6Hn9p8Jkzxfj8r,Currently i can attest to the fact that I make  $10k  weekly through trading which is more better then my monthly salary job. trading becomes my passive income.,2023-04-30T17:36:57Z,2026-10-01T13:26:29.131886+00:00,3,0,,1c556f055463a054e5e507a761c27ec21d9208f26a9dce86a6e7c9c675ce92d7,UgwEMTlqA7IfXsNj_Z54AaABAg,youtube-data-api-v3/commentThreads.list,,AY7fWmE1CBk,"This Gold Trading Strategy Makes $1,000 a Day (Proven Results)",Brad Goh (The Trading Geek),,
youtube,Brad Goh (The Trading Geek),AY7fWmE1CBk,https://www.youtube.com/watch?v=AY7fWmE1CBk,UgwEMTlqA7IfXsNj_Z54AaABAg.9p84S2GC6Hn9p8Ndg0S1D7,As a beginner what do I need to do? how can I trade successfully and  on which platform?,2023-04-30T18:10:54Z,2026-10-01T13:26:29.131886+00:00,0,0,,57d4a81d1353e6749bb23996eab9907fb114136d000dcb0e983aeb0dda0e5b96,UgwEMTlqA7IfXsNj_Z54AaABAg,youtube-data-api-v3/commentThreads.list,,AY7fWmE1CBk,"This Gold Trading Strategy Makes $1,000 a Day (Proven Results)",Brad Goh (The Trading Geek),,
youtube,Brad Goh (The Trading Geek),AY7fWmE1CBk,https://www.youtube.com/watch?v=AY7fWmE1CBk,UgwEMTlqA7IfXsNj_Z54AaABAg.9p84S2GC6Hn9p8T8bk1TpW,"Know when to put in money on trade and when to take it out, watch good trading videos 
and have perseverance you will attain success",2023-04-30T18:58:57Z,2026-10-01T13:26:29.131886+00:00,0,0,,1c556f055463a054e5e507a761c27ec21d9208f26a9dce86a6e7c9c675ce92d7,UgwEMTlqA7IfXsNj_Z54AaABAg,youtube-data-api-v3/commentThreads.list,,AY7fWmE1CBk,"This Gold Trading Strategy Makes $1,000 a Day (Proven Results)",Brad Goh (The Trading Geek),,
youtube,Brad Goh (The Trading Geek),AY7fWmE1CBk,https://www.youtube.com/watch?v=AY7fWmE1CBk,UgzAzcdl1Pw7Ja3aGC54AaABAg,Bro you just made me a future millionaire 🤞🏼🤞🏼🤞🏼❤️❤️❤️❤️,2024-06-22T21:40:39Z,2026-10-01T13:26:29.131886+00:00,0,0,,ded4cc5ebde8b9822203c35924879dccf4b0ac274f57b41945e3e42b1b6e37a1,,youtube-data-api-v3/commentThreads.list,,AY7fWmE1CBk,"This Gold Trading Strategy Makes $1,000 a Day (Proven Results)",Brad Goh (The Trading Geek),,
youtube,Brad Goh (The Trading Geek),AY7fWmE1CBk,https://www.youtube.com/watch?v=AY7fWmE1CBk,UgzOu_-f4rAzLvSrjgB4AaABAg,I just want to say thanks to you Bro you won't believe it im now only finishing a month trading but i can say im already taking some profits from the market thanks to your videos all the way from SA❤because the way you explain the Market you make it easy for to understand👌👍,2023-06-09T01:30:52Z,2026-10-01T13:26:29.131886+00:00,3,0,,691b68a9c923a1f00f0b2658a2a65b60ed9199b4b929185321bf6bf210aa42df,,youtube-data-api-v3/commentThreads.list,,AY7fWmE1CBk,"This Gold Trading Strategy Makes $1,000 a Day (Proven Results)",Brad Goh (The Trading Geek),,
youtube,Brad Goh (The Trading Geek),AY7fWmE1CBk,https://www.youtube.com/watch?v=AY7fWmE1CBk,Ugw2OHbY6mw4FQBfb154AaABAg,Thanks for the lovely video you are great teacher god bless you,2022-11-30T21:09:01Z,2026-10-01T13:26:29.131886+00:00,2,0,,47789049e89e52a3c4a1dd5bcb0fe606e751a903d48494c5313d52fb8042008f,,youtube-data-api-v3/commentThreads.list,,AY7fWmE1CBk,"This Gold Trading Strategy Makes $1,000 a Day (Proven Results)",Brad Goh (The Trading Geek),,
youtube,Brad Goh (The Trading Geek),AY7fWmE1CBk,https://www.youtube.com/watch?v=AY7fWmE1CBk,Ugyh1H1NqO2IEyUAb8h4AaABAg,This is the most valuable information and will ever need. Make this your everyday discipline and you will be able to trade any chart in any condition. This will make u a great disciplined trader. Thank you  kind Sir. I watched it over and over and over again and I understand it fully. This is excellent Top G!!,2023-04-21T11:59:51Z,2026-10-01T13:26:29.131886+00:00,3,0,,0593e961b65518577030394a4b1d57184e3e4bfddd3712537c8752e7c9530676,,youtube-data-api-v3/commentThreads.list,,AY7fWmE1CBk,"This Gold Trading Strategy Makes $1,000 a Day (Proven Results)",Brad Goh (The Trading Geek),,
youtube,Brad Goh (The Trading Geek),AY7fWmE1CBk,https://www.youtube.com/watch?v=AY7fWmE1CBk,UgxljNATk9JtOZ7yZS14AaABAg,Amazing. Love your videos. The best ❤,2022-12-01T01:22:58Z,2026-10-01T13:26:29.131886+00:00,1,0,,a4a5d5c1d63449fc929e37d12be8584203460ebd290bfd8f9060914295376bf6,,youtube-data-api-v3/commentThreads.list,,AY7fWmE1CBk,"This Gold Trading Strategy Makes $1,000 a Day (Proven Results)",Brad Goh (The Trading Geek),,
youtube,Brad Goh (The Trading Geek),AY7fWmE1CBk,https://www.youtube.com/watch?v=AY7fWmE1CBk,UgwR4WXUmm7m91mK3N94AaABAg,he never disappoints😎,2022-11-30T13:02:59Z,2026-10-01T13:26:29.131886+00:00,6,2,,a20806b974b50d2b35f331ef5264b2dcd0f09a2c5966fef796a5bbbfb44c7a35,,youtube-data-api-v3/commentThreads.list,,AY7fWmE1CBk,"This Gold Trading Strategy Makes $1,000 a Day (Proven Results)",Brad Goh (The Trading Geek),,
youtube,Brad Goh (The Trading Geek),AY7fWmE1CBk,https://www.youtube.com/watch?v=AY7fWmE1CBk,UgwR4WXUmm7m91mK3N94AaABAg.9j30NIWelio9j3Cj8L8aim,How do you trade MA with different time frames,2022-11-30T14:50:58Z,2026-10-01T13:26:29.131886+00:00,0,0,,2081eab35ca072c73ce02873447f323c9ab6b67386caa97ae75133c6e1d8aa41,UgwR4WXUmm7m91mK3N94AaABAg,youtube-data-api-v3/commentThreads.list,,AY7fWmE1CBk,"This Gold Trading Strategy Makes $1,000 a Day (Proven Results)",Brad Goh (The Trading Geek),,
youtube,Brad Goh (The Trading Geek),AY7fWmE1CBk,https://www.youtube.com/watch?v=AY7fWmE1CBk,UgwR4WXUmm7m91mK3N94AaABAg.9j30NIWelio9j8g3Uagf3Q,This guy is too much,2022-12-02T17:52:13Z,2026-10-01T13:26:29.131886+00:00,0,0,,6222204d2f9133bffa3ee3416e1d9aac0fcce65f8db5bbc8e2378bfb6b4bee24,UgwR4WXUmm7m91mK3N94AaABAg,youtube-data-api-v3/commentThreads.list,,AY7fWmE1CBk,"This Gold Trading Strategy Makes $1,000 a Day (Proven Results)",Brad Goh (The Trading Geek),,
youtube,Brad Goh (The Trading Geek),AY7fWmE1CBk,https://www.youtube.com/watch?v=AY7fWmE1CBk,UgwLHdqAU9n2Va6ys3p4AaABAg,I JUST LEARNT SOMETHING NEW. THANKS,2022-12-19T07:48:48Z,2026-10-01T13:26:29.131886+00:00,0,0,,1ec6f45ff93792ed88cfc04bf242230ed3e5f82ab094dfc6364e514f0fccd537,,youtube-data-api-v3/commentThreads.list,,AY7fWmE1CBk,"This Gold Trading Strategy Makes $1,000 a Day (Proven Results)",Brad Goh (The Trading Geek),,
youtube,Brad Goh (The Trading Geek),AY7fWmE1CBk,https://www.youtube.com/watch?v=AY7fWmE1CBk,UgyIUUwD0YyWVBEND8J4AaABAg,"These trades seem to be very selected. Look at the chart at 11:25. Just before where the trade is being placed, there are two more very similar situations (price hitting supply zone, engulfing candle, EMA crossover). Why werent the trades placed there? If you would place your trades in any of those two previous opportunities, you would have been stopped out at the top of the third opportunity. But you never explain why you dont take those two trades and then decide to take the third one. You just explain that you took the third trade where you are not stopped out and hit TP.",2024-03-09T21:18:52Z,2026-10-01T13:26:29.131886+00:00,18,5,,6a346a6ce54e6cbb2e03d321357bd657e7088edf13b129186cb4e0290c320637,,youtube-data-api-v3/commentThreads.list,,AY7fWmE1CBk,"This Gold Trading Strategy Makes $1,000 a Day (Proven Results)",Brad Goh (The Trading Geek),,
youtube,Brad Goh (The Trading Geek),AY7fWmE1CBk,https://www.youtube.com/watch?v=AY7fWmE1CBk,UgyIUUwD0YyWVBEND8J4AaABAg.A0mEl73m2WLA3aq8d_T1-j,"Because of structure, if you look closely price is making higher highs, with no change of structure, which means price is still seeking higher areas to grab liquidity. The point where he entered, (if you can look even closer) there was a higher low that was broken and price retested it and started rejecting at that level[most recent higher low], showing us there is a change in structure( market shift.) 

Structure is foundation of any strategy.",2024-05-19T00:37:34Z,2026-10-01T13:26:29.131886+00:00,2,0,,547281a50878a84100322e454b5fb5d7d79a8eb63bea7463cb514b77e3d5ae87,UgyIUUwD0YyWVBEND8J4AaABAg,youtube-data-api-v3/commentThreads.list,,AY7fWmE1CBk,"This Gold Trading Strategy Makes $1,000 a Day (Proven Results)",Brad Goh (The Trading Geek),,
youtube,Brad Goh (The Trading Geek),AY7fWmE1CBk,https://www.youtube.com/watch?v=AY7fWmE1CBk,UgyIUUwD0YyWVBEND8J4AaABAg.A0mEl73m2WLA7fRYM7RqeT,exactly ! same thing goes to 14:02 .,2024-08-28T05:35:40Z,2026-10-01T13:26:29.131886+00:00,1,0,,445ce63456bdba6566f8c694d639bb683c591dea1f4838501ca6fabdea7873c3,UgyIUUwD0YyWVBEND8J4AaABAg,youtube-data-api-v3/commentThreads.list,,AY7fWmE1CBk,"This Gold Trading Strategy Makes $1,000 a Day (Proven Results)",Brad Goh (The Trading Geek),,
youtube,Brad Goh (The Trading Geek),AY7fWmE1CBk,https://www.youtube.com/watch?v=AY7fWmE1CBk,UgyIUUwD0YyWVBEND8J4AaABAg.A0mEl73m2WLA7fRhzSXEfB,@sh09123 the structure didnt break too when he entry the trade,2024-08-28T05:37:07Z,2026-10-01T13:26:29.131886+00:00,0,0,,445ce63456bdba6566f8c694d639bb683c591dea1f4838501ca6fabdea7873c3,UgyIUUwD0YyWVBEND8J4AaABAg,youtube-data-api-v3/commentThreads.list,,AY7fWmE1CBk,"This Gold Trading Strategy Makes $1,000 a Day (Proven Results)",Brad Goh (The Trading Geek),,
youtube,Brad Goh (The Trading Geek),AY7fWmE1CBk,https://www.youtube.com/watch?v=AY7fWmE1CBk,UgyIUUwD0YyWVBEND8J4AaABAg.A0mEl73m2WLA8wyS-q_JAi,Hoping someone sensible replies to this. Same question.,2024-09-28T21:30:23Z,2026-10-01T13:26:29.131886+00:00,1,0,,b195ffa4c63cf447b98abd03204eac7be5fa584dd41bc93846492dd38949b028,UgyIUUwD0YyWVBEND8J4AaABAg,youtube-data-api-v3/commentThreads.list,,AY7fWmE1CBk,"This Gold Trading Strategy Makes $1,000 a Day (Proven Results)",Brad Goh (The Trading Geek),,
youtube,Brad Goh (The Trading Geek),AY7fWmE1CBk,https://www.youtube.com/watch?v=AY7fWmE1CBk,UgyIUUwD0YyWVBEND8J4AaABAg.A0mEl73m2WLAH2Y-jDFh2O,"Right that’s why I thought, he just try to make video that’s it",2025-04-18T06:56:25Z,2026-10-01T13:26:29.131886+00:00,0,0,,a1aad13b2d299f4f79a8f70c0e4cd589c6466223927e3d04a62703bade7b1458,UgyIUUwD0YyWVBEND8J4AaABAg,youtube-data-api-v3/commentThreads.list,,AY7fWmE1CBk,"This Gold Trading Strategy Makes $1,000 a Day (Proven Results)",Brad Goh (The Trading Geek),,
youtube,Brad Goh (The Trading Geek),AY7fWmE1CBk,https://www.youtube.com/watch?v=AY7fWmE1CBk,UgyiIT7FtQFglcVdGpZ4AaABAg,Supply and demand where institutions are waiting to absorb retail SL I pray for the day a YouTube trading guru actually posts a strategy  that actual works,2026-07-03T14:15:26Z,2026-10-01T13:26:29.131886+00:00,1,0,,d0c25e23d4f910f0123d67d334f2a7bc3f50d946ad766889ea84d55e18586076,,youtube-data-api-v3/commentThreads.list,,AY7fWmE1CBk,"This Gold Trading Strategy Makes $1,000 a Day (Proven Results)",Brad Goh (The Trading Geek),,
youtube,Brad Goh (The Trading Geek),AY7fWmE1CBk,https://www.youtube.com/watch?v=AY7fWmE1CBk,UgxgAoNwVahOfwW5GfJ4AaABAg,"I love your videos but theres a couple of notes that needed to be clarified: 

1) 300 PIPS on lot size 0.1 = 300$ 

2) always use good Risk management & dont be greedy (if a trade keeps you up all night from sleeping dont enter it) , risk 1-3% of your capital per day ! not more !!!

3) Your stops sometimes are way to far , you could wait for a better price the market always gives you a chance , dont worry about FOMO

4) Always backtest any strategy before executing it with real money 

5) no such thing as 1000$ every day , with that mindset you'll force your trades and chaos will occur ( you're gonna try to restore all your losses then boom you lost all your money) 

*Tip : treat it like a marathon not a race , getting rich quick is not a thing , dont gamble your trades !",2022-12-02T20:49:41Z,2026-10-01T13:26:29.131886+00:00,259,4,,0d322f3cdffb7bdf682ccbd684af09d50685b60852bed7c0c40ac9a34caa2018,,youtube-data-api-v3/commentThreads.list,,AY7fWmE1CBk,"This Gold Trading Strategy Makes $1,000 a Day (Proven Results)",Brad Goh (The Trading Geek),,
youtube,Brad Goh (The Trading Geek),AY7fWmE1CBk,https://www.youtube.com/watch?v=AY7fWmE1CBk,UgxgAoNwVahOfwW5GfJ4AaABAg.9j9-NHxdkETAD3TjdwGuXd,Agree 👍,2025-01-09T05:32:48Z,2026-10-01T13:26:29.131886+00:00,7,0,,150354c4bf8d982e222d6c98eed428ed44b552d3f907df3bd4b0cfdfa1657712,UgxgAoNwVahOfwW5GfJ4AaABAg,youtube-data-api-v3/commentThreads.list,,AY7fWmE1CBk,"This Gold Trading Strategy Makes $1,000 a Day (Proven Results)",Brad Goh (The Trading Geek),,
youtube,Brad Goh (The Trading Geek),AY7fWmE1CBk,https://www.youtube.com/watch?v=AY7fWmE1CBk,UgxgAoNwVahOfwW5GfJ4AaABAg.9j9-NHxdkETAECey7gNdXz,"@TraderAmatir1 he is on a ""swing trades"" mode. the trade can takes 1 to 5 days or more.",2025-02-06T15:44:12Z,2026-10-01T13:26:29.131886+00:00,8,0,,0f8e8cf83c34f7c32cdd7958019bb076fc17f4b057663169265ebff4784af102,UgxgAoNwVahOfwW5GfJ4AaABAg,youtube-data-api-v3/commentThreads.list,,AY7fWmE1CBk,"This Gold Trading Strategy Makes $1,000 a Day (Proven Results)",Brad Goh (The Trading Geek),,
youtube,Brad Goh (The Trading Geek),AY7fWmE1CBk,https://www.youtube.com/watch?v=AY7fWmE1CBk,UgxgAoNwVahOfwW5GfJ4AaABAg.9j9-NHxdkETAWGVC9_jqKJ,💯💯💯,2026-05-01T12:52:11Z,2026-10-01T13:26:29.131886+00:00,1,0,,42373c74c14e95b65df3fa208fd2982d506fdaad2246f978925985f554ad06ae,UgxgAoNwVahOfwW5GfJ4AaABAg,youtube-data-api-v3/commentThreads.list,,AY7fWmE1CBk,"This Gold Trading Strategy Makes $1,000 a Day (Proven Results)",Brad Goh (The Trading Geek),,
youtube,Brad Goh (The Trading Geek),AY7fWmE1CBk,https://www.youtube.com/watch?v=AY7fWmE1CBk,UgxgAoNwVahOfwW5GfJ4AaABAg.9j9-NHxdkETAXmHFmGNFAd,We are The true market,2026-06-08T02:56:41Z,2026-10-01T13:26:29.131886+00:00,1,0,,ea4ea3ec2a314d2ba020f27472698fd0744c8f927dbc5aea69fc12bd843244d9,UgxgAoNwVahOfwW5GfJ4AaABAg,youtube-data-api-v3/commentThreads.list,,AY7fWmE1CBk,"This Gold Trading Strategy Makes $1,000 a Day (Proven Results)",Brad Goh (The Trading Geek),,
youtube,Brad Goh (The Trading Geek),AY7fWmE1CBk,https://www.youtube.com/watch?v=AY7fWmE1CBk,UgxXcUpqxbzCTtUq8dx4AaABAg,"Watch your video everyday, feeling seeing friend.",2023-10-20T11:24:10Z,2026-10-01T13:26:29.131886+00:00,0,0,,197ab53bcdced6f66a0459e59ca5283a22ceba759722d71bb1828c138b3a0cc6,,youtube-data-api-v3/commentThreads.list,,AY7fWmE1CBk,"This Gold Trading Strategy Makes $1,000 a Day (Proven Results)",Brad Goh (The Trading Geek),,
youtube,Brad Goh (The Trading Geek),AY7fWmE1CBk,https://www.youtube.com/watch?v=AY7fWmE1CBk,UgyBlZoM5VAF-K2lp8t4AaABAg,"I'm not kidding when I say that the market crash and high inflation have me really stressed out and worried about retirement. I've been in the red for a while now and although people say these crisis has it perks, I'm losing my mind but I get it, Investing is a long-term game, so I try to focus on the long term.",2023-05-12T00:02:19Z,2026-10-01T13:26:29.131886+00:00,129,9,,217c4ad74673292ce97a76ec7213cfe322bf7408cb58350ccc9304be78d6104c,,youtube-data-api-v3/commentThreads.list,,AY7fWmE1CBk,"This Gold Trading Strategy Makes $1,000 a Day (Proven Results)",Brad Goh (The Trading Geek),,
youtube,Brad Goh (The Trading Geek),AY7fWmE1CBk,https://www.youtube.com/watch?v=AY7fWmE1CBk,UgyBlZoM5VAF-K2lp8t4AaABAg.9paKb9Srvd59paLa3w2bYR,"I cannot focus on the long run when I should be retiring in 4years, you see l've got good companies in my portfolio and a good amount invested, but my profit has been stalling, does it mean this recession/ unstable market doesn't provide any calculated risk opportunities to make profit?",2023-05-12T00:10:54Z,2026-10-01T13:26:29.131886+00:00,0,0,,fa53c770e1f56efe575c5c8af7233872e30c982daf5296b45a3fbfca03dbd29f,UgyBlZoM5VAF-K2lp8t4AaABAg,youtube-data-api-v3/commentThreads.list,,AY7fWmE1CBk,"This Gold Trading Strategy Makes $1,000 a Day (Proven Results)",Brad Goh (The Trading Geek),,
youtube,Brad Goh (The Trading Geek),AY7fWmE1CBk,https://www.youtube.com/watch?v=AY7fWmE1CBk,UgyBlZoM5VAF-K2lp8t4AaABAg.9paKb9Srvd59paM5KFfWcj,"I completely agree, I have been consistent with my profit regardless of the market conditions, I got into the market early 2019 and the constant downtrends and losses discouraged me so I sold off, got back in Dec 2020 this time with guidance from an investment adviser that was recommended by a popular economist on a popular forum, long story short, its been years now and I've gained over $850k following guidance from my investment adviser.",2023-05-12T00:15:19Z,2026-10-01T13:26:29.131886+00:00,0,0,,4d38c53acb7aca047175c2a8eb618a48bde32792b49b0029935b9044c710abdd,UgyBlZoM5VAF-K2lp8t4AaABAg,youtube-data-api-v3/commentThreads.list,,AY7fWmE1CBk,"This Gold Trading Strategy Makes $1,000 a Day (Proven Results)",Brad Goh (The Trading Geek),,
youtube,Brad Goh (The Trading Geek),AY7fWmE1CBk,https://www.youtube.com/watch?v=AY7fWmE1CBk,UgyBlZoM5VAF-K2lp8t4AaABAg.9paKb9Srvd59paMMSiRukK,"I've been down a ton, I only hold so that I can recoup, I really need help, who is this investment-adviser that guides you",2023-05-12T00:17:39Z,2026-10-01T13:26:29.131886+00:00,0,0,,32ca13a55b659303caa694929b8c479b9d10f59f155808906eb6dc4bfa963b3e,UgyBlZoM5VAF-K2lp8t4AaABAg,youtube-data-api-v3/commentThreads.list,,AY7fWmE1CBk,"This Gold Trading Strategy Makes $1,000 a Day (Proven Results)",Brad Goh (The Trading Geek),,
youtube,Brad Goh (The Trading Geek),AY7fWmE1CBk,https://www.youtube.com/watch?v=AY7fWmE1CBk,UgyBlZoM5VAF-K2lp8t4AaABAg.9paKb9Srvd59paN1LWxuwv,"If that is the case, it would be an innovative suggestion to look out for Financial Advisors like Olivia Maria Lucas who can help shape up your portfolio. Trying times are ahead, and good personal financial management will be very important to weather the storm.",2023-05-12T00:23:30Z,2026-10-01T13:26:29.131886+00:00,0,0,,4d38c53acb7aca047175c2a8eb618a48bde32792b49b0029935b9044c710abdd,UgyBlZoM5VAF-K2lp8t4AaABAg,youtube-data-api-v3/commentThreads.list,,AY7fWmE1CBk,"This Gold Trading Strategy Makes $1,000 a Day (Proven Results)",Brad Goh (The Trading Geek),,
youtube,Brad Goh (The Trading Geek),AY7fWmE1CBk,https://www.youtube.com/watch?v=AY7fWmE1CBk,UgyBlZoM5VAF-K2lp8t4AaABAg.9paKb9Srvd59paNUo-M5_D,"Olivia Maria Lucas really seem to know her stuff. I found her website, read through her resume, educational background, qualifications and it was really impressive. She is a fiduciary who will act in my best interest. So, I booked a session with her",2023-05-12T00:27:32Z,2026-10-01T13:26:29.131886+00:00,0,0,,039a326701d63eecb31c62575ab813675935bfbf42661500b95407345068e5c6,UgyBlZoM5VAF-K2lp8t4AaABAg,youtube-data-api-v3/commentThreads.list,,AY7fWmE1CBk,"This Gold Trading Strategy Makes $1,000 a Day (Proven Results)",Brad Goh (The Trading Geek),,
youtube,Brad Goh (The Trading Geek),AY7fWmE1CBk,https://www.youtube.com/watch?v=AY7fWmE1CBk,UgxiVOE3LU8X7AHn1bx4AaABAg,"My man, always made it",2022-11-30T14:00:33Z,2026-10-01T13:26:29.131886+00:00,1,0,,7b549112e6a656bbaecddd4722a4165ae9f6a20567a228bd65b603e5f6e58dd5,,youtube-data-api-v3/commentThreads.list,,AY7fWmE1CBk,"This Gold Trading Strategy Makes $1,000 a Day (Proven Results)",Brad Goh (The Trading Geek),,
youtube,Brad Goh (The Trading Geek),AY7fWmE1CBk,https://www.youtube.com/watch?v=AY7fWmE1CBk,UgwKDs9fKDnEUGy0mnp4AaABAg,"Great video. I will be forever grateful to you, you changed my whole life and I will continue to preach on your behalf for the whole world to hear you saved me from huge financial debt with just a small investment, thank you Brian Harding Dawahare",2025-02-11T07:52:29Z,2026-10-01T13:26:29.131886+00:00,3,2,,2743764f601e6eaee9a6047173b3275382bea07d7ca0c080555758cfc011ce31,,youtube-data-api-v3/commentThreads.list,,AY7fWmE1CBk,"This Gold Trading Strategy Makes $1,000 a Day (Proven Results)",Brad Goh (The Trading Geek),,
youtube,Brad Goh (The Trading Geek),AY7fWmE1CBk,https://www.youtube.com/watch?v=AY7fWmE1CBk,UgwKDs9fKDnEUGy0mnp4AaABAg.AEOgxXpJly8AEOh_6YEs2j,"I agree with you, Indeed Mr Brian trading is one of the best traders in the world, I have made so much profits from trading with his recommended strategy",2025-02-11T07:57:53Z,2026-10-01T13:26:29.131886+00:00,0,0,,ea4a4e6c2b536008929164ac9047f3f1a595138e20038d3f16abdad2e7491f2e,UgwKDs9fKDnEUGy0mnp4AaABAg,youtube-data-api-v3/commentThreads.list,,AY7fWmE1CBk,"This Gold Trading Strategy Makes $1,000 a Day (Proven Results)",Brad Goh (The Trading Geek),,
youtube,Brad Goh (The Trading Geek),AY7fWmE1CBk,https://www.youtube.com/watch?v=AY7fWmE1CBk,UgwKDs9fKDnEUGy0mnp4AaABAg.AEOgxXpJly8AEOiJ56pps4,"I live in Warsaw, Poland, his strategies are superb and always gives accurate results, having him trade for me has really elevated me financially. I remember my first investment of $7000 and he made me $25,700 in 2 months. Having Brian trade for me is still the best investment i made last year and still this year.",2025-02-11T08:04:18Z,2026-10-01T13:26:29.131886+00:00,0,0,,a8696ef8f4f9dc25b6da74b93e418f1fd8e8f2989e64f43b60d60421b2dcfa48,UgwKDs9fKDnEUGy0mnp4AaABAg,youtube-data-api-v3/commentThreads.list,,AY7fWmE1CBk,"This Gold Trading Strategy Makes $1,000 a Day (Proven Results)",Brad Goh (The Trading Geek),,
youtube,Trading Walk,NW53PqrXCXA,https://www.youtube.com/watch?v=NW53PqrXCXA,UgyIQjBCelzz2utMZ-94AaABAg,Can't wait to get it. ❤,2026-06-08T18:27:06Z,2026-10-01T13:26:31.920941+00:00,0,3,,a1de33253d1f7811f1e9bf14dbd2170ade6abaa17a30e3f7c4b8772a6dd77ea9,,youtube-data-api-v3/commentThreads.list,,NW53PqrXCXA,Powerful XAUUSD Gold Trading Strategy,Trading Walk,,
youtube,Trading Walk,NW53PqrXCXA,https://www.youtube.com/watch?v=NW53PqrXCXA,UgyIQjBCelzz2utMZ-94AaABAg.AXnwjRaoINnAaW2lmRR1VD,​@tradingwalkIs this work in all timeframe?,2026-09-08T20:28:36Z,2026-10-01T13:26:31.920941+00:00,1,0,,adfa14edf87a00cc72795b13da1610bb18ed41256dee47b64e5196e1801b6c26,UgyIQjBCelzz2utMZ-94AaABAg,youtube-data-api-v3/commentThreads.list,,NW53PqrXCXA,Powerful XAUUSD Gold Trading Strategy,Trading Walk,,
youtube,Trading Walk,NW53PqrXCXA,https://www.youtube.com/watch?v=NW53PqrXCXA,UgwFIrdJ5xd5u3zLzaB4AaABAg,❤️,2026-05-20T10:27:53Z,2026-10-01T13:26:31.920941+00:00,1,1,,190e5b8dd7f11c0c7e88dcf4bdfd2bfed26e4477bb5c48b49b545ad497ed9de5,,youtube-data-api-v3/commentThreads.list,,NW53PqrXCXA,Powerful XAUUSD Gold Trading Strategy,Trading Walk,,
youtube,Trading Walk,NW53PqrXCXA,https://www.youtube.com/watch?v=NW53PqrXCXA,UgzsL2XtrfabvrY0PAN4AaABAg,🙌,2026-07-15T19:33:32Z,2026-10-01T13:26:31.920941+00:00,1,1,,672e8ba20b6fb76cf0fff8bc23ecebc6a3e93be18778b78654ec0426adcdead9,,youtube-data-api-v3/commentThreads.list,,NW53PqrXCXA,Powerful XAUUSD Gold Trading Strategy,Trading Walk,,
youtube,Trading Walk,NW53PqrXCXA,https://www.youtube.com/watch?v=NW53PqrXCXA,Ugz-m2sQoZh90mgk2SZ4AaABAg,10x,2026-06-05T21:50:24Z,2026-10-01T13:26:31.920941+00:00,0,1,,e7078247a5cf86b90b4ec67cd6862e8f2d803fe6edd9f066ac92fade097a4cb4,,youtube-data-api-v3/commentThreads.list,,NW53PqrXCXA,Powerful XAUUSD Gold Trading Strategy,Trading Walk,,
youtube,Trading Walk,NW53PqrXCXA,https://www.youtube.com/watch?v=NW53PqrXCXA,Ugwdul64g7YbuXBzgmd4AaABAg,Whats the win rate with this strategy and indicators during the NY session?,2025-08-03T18:20:12Z,2026-10-01T13:26:31.920941+00:00,3,1,,ee57c4dc62eaadcc6399c7566691eb07714ccd2f85606889602063fd25c3a6f2,,youtube-data-api-v3/commentThreads.list,,NW53PqrXCXA,Powerful XAUUSD Gold Trading Strategy,Trading Walk,,
youtube,Trading Walk,NW53PqrXCXA,https://www.youtube.com/watch?v=NW53PqrXCXA,UgwjG8mjb_XniKL2mV14AaABAg,Indicator,2026-08-27T05:03:22Z,2026-10-01T13:26:31.920941+00:00,1,1,,7096db71a3a811b5dd17036f93dd36e39d3d401087412e683a2ce2f166b8e91b,,youtube-data-api-v3/commentThreads.list,,NW53PqrXCXA,Powerful XAUUSD Gold Trading Strategy,Trading Walk,,
youtube,Trading Walk,NW53PqrXCXA,https://www.youtube.com/watch?v=NW53PqrXCXA,Ugz7NRtSKAJkg8wzC354AaABAg,Please where is the link to your channel???,2026-05-06T18:42:51Z,2026-10-01T13:26:31.920941+00:00,0,4,,9555312a81b226834616d69495839d3cdefbc13e4c5761c3d60b91872a67c46e,,youtube-data-api-v3/commentThreads.list,,NW53PqrXCXA,Powerful XAUUSD Gold Trading Strategy,Trading Walk,,
youtube,Trading Walk,NW53PqrXCXA,https://www.youtube.com/watch?v=NW53PqrXCXA,Ugz7NRtSKAJkg8wzC354AaABAg.AWU-IwG3fjzA_20zg9lGyF,Trading Walk,2026-08-03T08:04:25Z,2026-10-01T13:26:31.920941+00:00,0,0,,e8fcc131a53e2febe4467d5f30fcc8415e0beccf963f6af11854943843a55073,Ugz7NRtSKAJkg8wzC354AaABAg,youtube-data-api-v3/commentThreads.list,,NW53PqrXCXA,Powerful XAUUSD Gold Trading Strategy,Trading Walk,,
youtube,Trading Walk,NW53PqrXCXA,https://www.youtube.com/watch?v=NW53PqrXCXA,UgwUbYk3isv-Qnl2OeF4AaABAg,Price of indicator plz,2025-12-16T16:11:09Z,2026-10-01T13:26:31.920941+00:00,1,1,,73c648b99166d1219aff7d1247dce19175c9bf0fe3efef399d0c131fbe82d7aa,,youtube-data-api-v3/commentThreads.list,,NW53PqrXCXA,Powerful XAUUSD Gold Trading Strategy,Trading Walk,,
youtube,Trading Walk,NW53PqrXCXA,https://www.youtube.com/watch?v=NW53PqrXCXA,UgxR3Mwy51BtZpv5IsV4AaABAg,time frime,2026-03-03T23:38:10Z,2026-10-01T13:26:31.920941+00:00,0,1,,6f2457b2385eef244d495fa4438a77ad5413f53f2c16e9ad11bbac5e55589a6d,,youtube-data-api-v3/commentThreads.list,,NW53PqrXCXA,Powerful XAUUSD Gold Trading Strategy,Trading Walk,,
youtube,Trading Walk,NW53PqrXCXA,https://www.youtube.com/watch?v=NW53PqrXCXA,UgzjclDpi-sLsF9DtcB4AaABAg,How to get this indicator,2026-07-23T06:08:18Z,2026-10-01T13:26:31.920941+00:00,0,1,,544f3badd850da730ee6ff14aea3abc3200a3c52ddb2f0a60608b9c6f1ccb5ee,,youtube-data-api-v3/commentThreads.list,,NW53PqrXCXA,Powerful XAUUSD Gold Trading Strategy,Trading Walk,,
youtube,Trading Walk,NW53PqrXCXA,https://www.youtube.com/watch?v=NW53PqrXCXA,UgxRzy0A3oaQtrj_TIF4AaABAg,Whear can i get this,2026-09-20T14:09:59Z,2026-10-01T13:26:31.921943+00:00,1,1,,095ea26e6508faf763ba5da9bb4367d8f3fac48facf8666d431f5019aa9930be,,youtube-data-api-v3/commentThreads.list,,NW53PqrXCXA,Powerful XAUUSD Gold Trading Strategy,Trading Walk,,
youtube,Trading Walk,NW53PqrXCXA,https://www.youtube.com/watch?v=NW53PqrXCXA,UgwdJf4RsmyGSRDWiXp4AaABAg,How to i can use this?,2026-08-16T02:23:10Z,2026-10-01T13:26:31.921943+00:00,0,1,,15f4f72502878f437532a9ed896c815aa2b104014a96cec83129e5eea0a1672c,,youtube-data-api-v3/commentThreads.list,,NW53PqrXCXA,Powerful XAUUSD Gold Trading Strategy,Trading Walk,,
youtube,Trading Walk,NW53PqrXCXA,https://www.youtube.com/watch?v=NW53PqrXCXA,UgzuST-jjCO2QzS_0Nd4AaABAg,this script is not public how i get it this ???,2026-06-12T15:21:40Z,2026-10-01T13:26:31.921943+00:00,0,1,,c71bce9ac57ed711815539d80bffcef319735baa4478ada1d4f197dfb561991e,,youtube-data-api-v3/commentThreads.list,,NW53PqrXCXA,Powerful XAUUSD Gold Trading Strategy,Trading Walk,,
youtube,Trading Walk,NW53PqrXCXA,https://www.youtube.com/watch?v=NW53PqrXCXA,UgyV9dCLlaGWQ2aUZ1h4AaABAg,what timeframe is this?,2025-08-03T11:50:43Z,2026-10-01T13:26:31.921943+00:00,1,4,,e0ba872cf0d7f482164f6b40c455c1f0f14580e2c8b0351a62b14c97d28e3d95,,youtube-data-api-v3/commentThreads.list,,NW53PqrXCXA,Powerful XAUUSD Gold Trading Strategy,Trading Walk,,
youtube,Trading Walk,NW53PqrXCXA,https://www.youtube.com/watch?v=NW53PqrXCXA,UgyV9dCLlaGWQ2aUZ1h4AaABAg.ALM_jprbi-xALMarv4xXPL,How do we get this indicator?,2025-08-03T12:00:33Z,2026-10-01T13:26:31.921943+00:00,0,0,,e3a41c523a38f7783eabdc5b3fe35939c3e0e94583d5e94751487c6843f5111d,UgyV9dCLlaGWQ2aUZ1h4AaABAg,youtube-data-api-v3/commentThreads.list,,NW53PqrXCXA,Powerful XAUUSD Gold Trading Strategy,Trading Walk,,
youtube,Trading Walk,NW53PqrXCXA,https://www.youtube.com/watch?v=NW53PqrXCXA,UgyV9dCLlaGWQ2aUZ1h4AaABAg.ALM_jprbi-xASUVSGud0hm,@tradingwalk🎉,2026-01-27T13:18:10Z,2026-10-01T13:26:31.921943+00:00,0,0,,3273550c874336b7dc2911760ef78bda54c2e723dfe3214089bcd1b9e10063b7,UgyV9dCLlaGWQ2aUZ1h4AaABAg,youtube-data-api-v3/commentThreads.list,,NW53PqrXCXA,Powerful XAUUSD Gold Trading Strategy,Trading Walk,,
youtube,Trading Walk,NW53PqrXCXA,https://www.youtube.com/watch?v=NW53PqrXCXA,Ugx3w2DzImU_vVztgo94AaABAg,How much,2026-03-20T21:27:05Z,2026-10-01T13:26:31.921943+00:00,0,1,,684f0e20828a69f501577e023e25ac1862402a399f67a596cb0d3bbe119a16a1,,youtube-data-api-v3/commentThreads.list,,NW53PqrXCXA,Powerful XAUUSD Gold Trading Strategy,Trading Walk,,
youtube,Trading Walk,NW53PqrXCXA,https://www.youtube.com/watch?v=NW53PqrXCXA,UgyllBJ6SAAewsdvI_J4AaABAg,Hi. Where can I buy this?,2026-08-19T11:57:40Z,2026-10-01T13:26:31.921943+00:00,0,1,,d2f15dedfd604b79b250f09af6d94d14ad83bcc2056f9e004ffd8b766da82bac,,youtube-data-api-v3/commentThreads.list,,NW53PqrXCXA,Powerful XAUUSD Gold Trading Strategy,Trading Walk,,
youtube,Trading Walk,NW53PqrXCXA,https://www.youtube.com/watch?v=NW53PqrXCXA,UgzEHrrrBPdYFt3FTwx4AaABAg,❤️,2026-05-21T08:41:28Z,2026-10-01T13:26:31.921943+00:00,1,1,,a0ff4943ae11a9f02f3ce3eff69744a38c5671a02735ad0b9e709ebcebaf023c,,youtube-data-api-v3/commentThreads.list,,NW53PqrXCXA,Powerful XAUUSD Gold Trading Strategy,Trading Walk,,
youtube,Trading Walk,NW53PqrXCXA,https://www.youtube.com/watch?v=NW53PqrXCXA,UgyZg6mAv9pJIxNzLQt4AaABAg,❤️,2026-05-28T10:51:12Z,2026-10-01T13:26:31.921943+00:00,0,1,,b307c2117e247b4a4a37fa572f1aea5cd6b2637cfaf6ec9b4f3414509c257700,,youtube-data-api-v3/commentThreads.list,,NW53PqrXCXA,Powerful XAUUSD Gold Trading Strategy,Trading Walk,,
youtube,Trading Walk,NW53PqrXCXA,https://www.youtube.com/watch?v=NW53PqrXCXA,Ugza6vxfbxoP6F6oBOB4AaABAg,❤️,2026-07-22T05:42:54Z,2026-10-01T13:26:31.921943+00:00,0,1,,3aee8012ff8d8817dbbae1c0032b3aa3c014a598cab6f862765e6dc5283654b2,,youtube-data-api-v3/commentThreads.list,,NW53PqrXCXA,Powerful XAUUSD Gold Trading Strategy,Trading Walk,,
youtube,The Trader Next Door,G0o72fvqHis,https://www.youtube.com/watch?v=G0o72fvqHis,UgzgCs1K4Ibe6ZKKug54AaABAg,Thank you boss,2026-10-01T06:08:46Z,2026-10-01T13:26:32.548197+00:00,0,0,,34ea82c66fdaedf9a4d83c522a76f48dd3440ee9ed68ae394724e6efe5576677,,youtube-data-api-v3/commentThreads.list,,G0o72fvqHis,GOLD XAUUSD Trading Strategy TODAY 1-2 OCT | XAUUSD Analysis TODAY 1-2 OCT | GOLD Forecast TODAY,The Trader Next Door,,
youtube,The Trader Next Door,G0o72fvqHis,https://www.youtube.com/watch?v=G0o72fvqHis,UgweFuacGf6E25ByPPN4AaABAg,"Здравствуй Абилаш🤝
Спасибо за обзор 🙏",2026-10-01T08:43:22Z,2026-10-01T13:26:32.548197+00:00,0,0,,3b512a5871bf59c02a1ad7c6bfb89850e50d6cd81b3a0bf125f164557d5d92d0,,youtube-data-api-v3/commentThreads.list,,G0o72fvqHis,GOLD XAUUSD Trading Strategy TODAY 1-2 OCT | XAUUSD Analysis TODAY 1-2 OCT | GOLD Forecast TODAY,The Trader Next Door,,
youtube,The Trader Next Door,G0o72fvqHis,https://www.youtube.com/watch?v=G0o72fvqHis,UgzsD7Oa0rByHwaQ5bt4AaABAg,❤,2026-10-01T09:33:17Z,2026-10-01T13:26:32.548197+00:00,0,0,,d7792c32d84c4587456a801ae19d2e120269fd845436b8e746a9a133de2123b8,,youtube-data-api-v3/commentThreads.list,,G0o72fvqHis,GOLD XAUUSD Trading Strategy TODAY 1-2 OCT | XAUUSD Analysis TODAY 1-2 OCT | GOLD Forecast TODAY,The Trader Next Door,,
youtube,The Trader Next Door,G0o72fvqHis,https://www.youtube.com/watch?v=G0o72fvqHis,UgyRTxduanI8j_u7hep4AaABAg,😊❤,2026-10-01T05:56:28Z,2026-10-01T13:26:32.548197+00:00,0,0,,c98a549da45fbd68a5c06d39f185c394917d67b3d021e51103e224e89228343f,,youtube-data-api-v3/commentThreads.list,,G0o72fvqHis,GOLD XAUUSD Trading Strategy TODAY 1-2 OCT | XAUUSD Analysis TODAY 1-2 OCT | GOLD Forecast TODAY,The Trader Next Door,,
youtube,The Trader Next Door,G0o72fvqHis,https://www.youtube.com/watch?v=G0o72fvqHis,Ugxtu79HPQDHp8kovrl4AaABAg,what is your nfp prediction Mr?,2026-10-01T09:57:07Z,2026-10-01T13:26:32.548197+00:00,0,0,,533029db38d0588df912dac1174db66a587c95a1a031aeadea7cd8a84e065d39,,youtube-data-api-v3/commentThreads.list,,G0o72fvqHis,GOLD XAUUSD Trading Strategy TODAY 1-2 OCT | XAUUSD Analysis TODAY 1-2 OCT | GOLD Forecast TODAY,The Trader Next Door,,
youtube,The Trader Next Door,G0o72fvqHis,https://www.youtube.com/watch?v=G0o72fvqHis,UgwQ7cwLSvGcE2idunt4AaABAg,Thank you so much Mr. Abhilash 🙏,2026-10-01T06:25:16Z,2026-10-01T13:26:32.548197+00:00,0,1,,2447f6863a2c4b9a4228902331419cb03f169ea8bf91a5338c73b3cb7957def2,,youtube-data-api-v3/commentThreads.list,,G0o72fvqHis,GOLD XAUUSD Trading Strategy TODAY 1-2 OCT | XAUUSD Analysis TODAY 1-2 OCT | GOLD Forecast TODAY,The Trader Next Door,,
youtube,The Trader Next Door,G0o72fvqHis,https://www.youtube.com/watch?v=G0o72fvqHis,UgxdOqZ6xmdcOch9Twh4AaABAg,Boss which broker good I want to open account,2026-10-01T06:13:13Z,2026-10-01T13:26:32.548197+00:00,0,1,,34ea82c66fdaedf9a4d83c522a76f48dd3440ee9ed68ae394724e6efe5576677,,youtube-data-api-v3/commentThreads.list,,G0o72fvqHis,GOLD XAUUSD Trading Strategy TODAY 1-2 OCT | XAUUSD Analysis TODAY 1-2 OCT | GOLD Forecast TODAY,The Trader Next Door,,
youtube,Fx_mcn,RRK4bjdS7ks,https://www.youtube.com/watch?v=RRK4bjdS7ks,UgxskC1re0rbdV6BixZ4AaABAg,♥️🔥🔥🔥,2025-10-24T03:34:49Z,2026-10-01T13:26:33.312043+00:00,1,1,,2e98dd2d4824fbc08db5535c1f08c92a4821c8d320104c72d423634d2e7ca065,,youtube-data-api-v3/commentThreads.list,,RRK4bjdS7ks,XAUUSD 5-Minute Scalping Strategy for gold Beginners &amp; Pro Traders |Best Mobile Forex Indicator 2025,Fx_mcn,,
youtube,Fx_mcn,RRK4bjdS7ks,https://www.youtube.com/watch?v=RRK4bjdS7ks,Ugw9X0e2DhWFpwyyYOJ4AaABAg,🔥🙏,2025-10-24T21:18:38Z,2026-10-01T13:26:33.312043+00:00,0,1,,96e2b1bdb2e0d3541897d0987a974c506b291be53f58d8d5f1bc302c5453e584,,youtube-data-api-v3/commentThreads.list,,RRK4bjdS7ks,XAUUSD 5-Minute Scalping Strategy for gold Beginners &amp; Pro Traders |Best Mobile Forex Indicator 2025,Fx_mcn,,
youtube,Fx_mcn,RRK4bjdS7ks,https://www.youtube.com/watch?v=RRK4bjdS7ks,UgzBT9NuOuunHqTepMJ4AaABAg,bro🙌♥️,2025-10-27T20:47:33Z,2026-10-01T13:26:33.312043+00:00,0,1,,11cf7a7a6b0f0e83234711dd6c13bb6b0f1dd8ae06e381111c7f77f050b7cdbe,,youtube-data-api-v3/commentThreads.list,,RRK4bjdS7ks,XAUUSD 5-Minute Scalping Strategy for gold Beginners &amp; Pro Traders |Best Mobile Forex Indicator 2025,Fx_mcn,,
youtube,Fx_mcn,RRK4bjdS7ks,https://www.youtube.com/watch?v=RRK4bjdS7ks,UgziWyRySLomxvFHAT54AaABAg,👏👍,2025-10-23T21:35:27Z,2026-10-01T13:26:33.312043+00:00,0,1,,c4f11b3c09b6be9aea5671149f3f48dceb7f5c7c52e1f072cf9f3d28fdb058a4,,youtube-data-api-v3/commentThreads.list,,RRK4bjdS7ks,XAUUSD 5-Minute Scalping Strategy for gold Beginners &amp; Pro Traders |Best Mobile Forex Indicator 2025,Fx_mcn,,
youtube,Fx_mcn,RRK4bjdS7ks,https://www.youtube.com/watch?v=RRK4bjdS7ks,Ugyst-cyCT8g7Z4Xj1x4AaABAg,"✨🎯 Brilliant as always, professor! 🎯✨",2025-10-23T22:54:31Z,2026-10-01T13:26:33.312043+00:00,0,1,,6941e72e2b552d72022331e9795bfa7a725dcf381da45e98d1ebdaecf88a8b3e,,youtube-data-api-v3/commentThreads.list,,RRK4bjdS7ks,XAUUSD 5-Minute Scalping Strategy for gold Beginners &amp; Pro Traders |Best Mobile Forex Indicator 2025,Fx_mcn,,
youtube,Fx_mcn,RRK4bjdS7ks,https://www.youtube.com/watch?v=RRK4bjdS7ks,UgzQpQRVYV0HB2s-loR4AaABAg,"Awesome strategy, bro! Really appreciate all your guidance and support",2025-10-23T19:57:26Z,2026-10-01T13:26:33.312043+00:00,0,1,,7426046883a5c22decb28d580eade4c6d75af323ef7d47606ac8098e4a559f32,,youtube-data-api-v3/commentThreads.list,,RRK4bjdS7ks,XAUUSD 5-Minute Scalping Strategy for gold Beginners &amp; Pro Traders |Best Mobile Forex Indicator 2025,Fx_mcn,,
youtube,Fx_mcn,RRK4bjdS7ks,https://www.youtube.com/watch?v=RRK4bjdS7ks,UgxtZPis24kdg8pW6fd4AaABAg,🙏🙏🙏♥️,2025-10-23T19:57:40Z,2026-10-01T13:26:33.312043+00:00,0,1,,7426046883a5c22decb28d580eade4c6d75af323ef7d47606ac8098e4a559f32,,youtube-data-api-v3/commentThreads.list,,RRK4bjdS7ks,XAUUSD 5-Minute Scalping Strategy for gold Beginners &amp; Pro Traders |Best Mobile Forex Indicator 2025,Fx_mcn,,
youtube,Fx_mcn,RRK4bjdS7ks,https://www.youtube.com/watch?v=RRK4bjdS7ks,UgwCFxlwafzgPspHZmd4AaABAg,"Hi bro,🔥Please settings!🙏",2025-10-23T21:35:17Z,2026-10-01T13:26:33.312043+00:00,0,1,,c4f11b3c09b6be9aea5671149f3f48dceb7f5c7c52e1f072cf9f3d28fdb058a4,,youtube-data-api-v3/commentThreads.list,,RRK4bjdS7ks,XAUUSD 5-Minute Scalping Strategy for gold Beginners &amp; Pro Traders |Best Mobile Forex Indicator 2025,Fx_mcn,,
youtube,The Trading Academy,7HD5ZG2MmeQ,https://www.youtube.com/watch?v=7HD5ZG2MmeQ,Ugxwqp7nonHxmiK_0Rt4AaABAg,everyone is king of market in replay market,2025-01-26T11:14:01Z,2026-10-01T13:26:34.312947+00:00,492,22,,5dc4413fb2e3d26700ca9b86a834d1f3d20dcb861a9de86cc00315f8f3f1a900,,youtube-data-api-v3/commentThreads.list,,7HD5ZG2MmeQ,"Gold Trading Strategy Explained - SMC, Supply and demand, liquidity xauusd trade breakdown",The Trading Academy,,
youtube,The Trading Academy,7HD5ZG2MmeQ,https://www.youtube.com/watch?v=7HD5ZG2MmeQ,Ugxwqp7nonHxmiK_0Rt4AaABAg.ADkrIabZKdEAEMpOnIFhp5,As long as the win rate is over 40% then it should be fine.,2025-02-10T14:27:45Z,2026-10-01T13:26:34.312947+00:00,17,0,,1344dc82ba548ff735b8f9b5a9a56da38b92e49465f19aeeeef5fd6f7c478ed4,Ugxwqp7nonHxmiK_0Rt4AaABAg,youtube-data-api-v3/commentThreads.list,,7HD5ZG2MmeQ,"Gold Trading Strategy Explained - SMC, Supply and demand, liquidity xauusd trade breakdown",The Trading Academy,,
youtube,The Trading Academy,7HD5ZG2MmeQ,https://www.youtube.com/watch?v=7HD5ZG2MmeQ,Ugxwqp7nonHxmiK_0Rt4AaABAg.ADkrIabZKdEAFCiPVjn6M2,Fabio has made me profitable. The best way to teach is to fully explain and that's what TTA does.,2025-03-03T12:45:41Z,2026-10-01T13:26:34.312947+00:00,8,0,,a3b59d2f64962f2f5e05f3b48882b1bbb15d95d237853c5c50c43002b817c24e,Ugxwqp7nonHxmiK_0Rt4AaABAg,youtube-data-api-v3/commentThreads.list,,7HD5ZG2MmeQ,"Gold Trading Strategy Explained - SMC, Supply and demand, liquidity xauusd trade breakdown",The Trading Academy,,
youtube,The Trading Academy,7HD5ZG2MmeQ,https://www.youtube.com/watch?v=7HD5ZG2MmeQ,Ugxwqp7nonHxmiK_0Rt4AaABAg.ADkrIabZKdEAFNcPWO9fDL,@josephajah2287 Congratulations 👍,2025-03-07T18:24:54Z,2026-10-01T13:26:34.312947+00:00,0,0,,cad868a274db838337f8f48215edcc8551e1c6bd188108f7786ee56d7bc438be,Ugxwqp7nonHxmiK_0Rt4AaABAg,youtube-data-api-v3/commentThreads.list,,7HD5ZG2MmeQ,"Gold Trading Strategy Explained - SMC, Supply and demand, liquidity xauusd trade breakdown",The Trading Academy,,
youtube,The Trading Academy,7HD5ZG2MmeQ,https://www.youtube.com/watch?v=7HD5ZG2MmeQ,Ugxwqp7nonHxmiK_0Rt4AaABAg.ADkrIabZKdEAGOfMp6WXb5,@williamxavier8474as long as you’re constantly taking 1:3rr,2025-04-02T00:41:23Z,2026-10-01T13:26:34.312947+00:00,0,0,,978afc67933cd097bb4985a385795e81ebc9c3d0f085ab005815f35a1a7ba612,Ugxwqp7nonHxmiK_0Rt4AaABAg,youtube-data-api-v3/commentThreads.list,,7HD5ZG2MmeQ,"Gold Trading Strategy Explained - SMC, Supply and demand, liquidity xauusd trade breakdown",The Trading Academy,,
youtube,The Trading Academy,7HD5ZG2MmeQ,https://www.youtube.com/watch?v=7HD5ZG2MmeQ,Ugxwqp7nonHxmiK_0Rt4AaABAg.ADkrIabZKdEAIKvs2jGGnd,💀💀💀,2025-05-20T06:51:25Z,2026-10-01T13:26:34.312947+00:00,0,0,,362e1da47114634ace54d1dc808cc2e7d998d5ea33cc14ee3b2a94c845c8b8aa,Ugxwqp7nonHxmiK_0Rt4AaABAg,youtube-data-api-v3/commentThreads.list,,7HD5ZG2MmeQ,"Gold Trading Strategy Explained - SMC, Supply and demand, liquidity xauusd trade breakdown",The Trading Academy,,
youtube,The Trading Academy,7HD5ZG2MmeQ,https://www.youtube.com/watch?v=7HD5ZG2MmeQ,Ugx9pjzFPT8Kne8SYxl4AaABAg,"""The wick that is about to break the high"" is ridiculous.",2025-10-02T18:29:01Z,2026-10-01T13:26:34.312947+00:00,31,0,,23b8079a56b8c7522b9109c2a5666c9f024c559582d2bad06c64ba68a3d7dd41,,youtube-data-api-v3/commentThreads.list,,7HD5ZG2MmeQ,"Gold Trading Strategy Explained - SMC, Supply and demand, liquidity xauusd trade breakdown",The Trading Academy,,
youtube,The Trading Academy,7HD5ZG2MmeQ,https://www.youtube.com/watch?v=7HD5ZG2MmeQ,UgwQKdheYcFZF2B5ePN4AaABAg,"You are an incredible Trader!

Thanks for your free contents always.🎉",2024-09-11T14:59:58Z,2026-10-01T13:26:34.312947+00:00,16,1,,6318a3b544ab6adcf6f50b94840a3fae9956a05a53e5173e2b6f2ae32f4373ce,,youtube-data-api-v3/commentThreads.list,,7HD5ZG2MmeQ,"Gold Trading Strategy Explained - SMC, Supply and demand, liquidity xauusd trade breakdown",The Trading Academy,,
youtube,The Trading Academy,7HD5ZG2MmeQ,https://www.youtube.com/watch?v=7HD5ZG2MmeQ,UgyWwoT0ryN93ftiPNJ4AaABAg,"that's an illigal entry. entry was actually your st, when the market tested that OB since it broke structure, and ha a FVG.",2025-05-23T09:46:21Z,2026-10-01T13:26:34.312947+00:00,16,1,,9e436d44851413f9b2bf712f104fc19fc17bdf89ed4f70fe4ec2ed9bf75332af,,youtube-data-api-v3/commentThreads.list,,7HD5ZG2MmeQ,"Gold Trading Strategy Explained - SMC, Supply and demand, liquidity xauusd trade breakdown",The Trading Academy,,
youtube,The Trading Academy,7HD5ZG2MmeQ,https://www.youtube.com/watch?v=7HD5ZG2MmeQ,UgyWwoT0ryN93ftiPNJ4AaABAg.AISyGymssCvAP0EXWMgfTB,Fvg don’t work on gold,2025-11-02T05:38:57Z,2026-10-01T13:26:34.312947+00:00,1,0,,bda90ab76a81c7ac9e9f2cba05a0f0d7cbadfa083d46e2d4851e5b2d67d001b9,UgyWwoT0ryN93ftiPNJ4AaABAg,youtube-data-api-v3/commentThreads.list,,7HD5ZG2MmeQ,"Gold Trading Strategy Explained - SMC, Supply and demand, liquidity xauusd trade breakdown",The Trading Academy,,
youtube,The Trading Academy,7HD5ZG2MmeQ,https://www.youtube.com/watch?v=7HD5ZG2MmeQ,Ugzs0mlCrYCghRWhxqx4AaABAg,He has the cleanest chart colors in the industry,2026-06-13T19:48:04Z,2026-10-01T13:26:34.312947+00:00,1,0,,60ddef8971193263888559adea01498191025be2bdd9ad41fbcd427be11c0081,,youtube-data-api-v3/commentThreads.list,,7HD5ZG2MmeQ,"Gold Trading Strategy Explained - SMC, Supply and demand, liquidity xauusd trade breakdown",The Trading Academy,,
youtube,The Trading Academy,7HD5ZG2MmeQ,https://www.youtube.com/watch?v=7HD5ZG2MmeQ,Ugx335M9D41-JkHeTDt4AaABAg,This is an entry trade before the trend even starts!,2025-02-08T13:21:53Z,2026-10-01T13:26:34.312947+00:00,1,0,,4d096a0e49bca4a34ab3bba5473724761fdae1e1ae1338ebfe56349d97926580,,youtube-data-api-v3/commentThreads.list,,7HD5ZG2MmeQ,"Gold Trading Strategy Explained - SMC, Supply and demand, liquidity xauusd trade breakdown",The Trading Academy,,
youtube,The Trading Academy,7HD5ZG2MmeQ,https://www.youtube.com/watch?v=7HD5ZG2MmeQ,UgyMBFRAgWYcBt_aZKJ4AaABAg,I wouldve taken that OB retest and targeted session highs. That's my strategy,2026-02-24T23:35:17Z,2026-10-01T13:26:34.312947+00:00,2,0,,49abe31e10e4ceead5b6bbc2fc2813a70b1642ec11c69528f97b291f9eac23b9,,youtube-data-api-v3/commentThreads.list,,7HD5ZG2MmeQ,"Gold Trading Strategy Explained - SMC, Supply and demand, liquidity xauusd trade breakdown",The Trading Academy,,
youtube,The Trading Academy,7HD5ZG2MmeQ,https://www.youtube.com/watch?v=7HD5ZG2MmeQ,Ugx1HH1BH2JgwMwMN1Z4AaABAg,CHOCH High and double Break ✌️,2024-09-11T15:28:40Z,2026-10-01T13:26:34.312947+00:00,3,0,,62999532f61c61934fab720af74360bad5b80211cccf98b9cfe4c6e0f1e718e2,,youtube-data-api-v3/commentThreads.list,,7HD5ZG2MmeQ,"Gold Trading Strategy Explained - SMC, Supply and demand, liquidity xauusd trade breakdown",The Trading Academy,,
youtube,The Trading Academy,7HD5ZG2MmeQ,https://www.youtube.com/watch?v=7HD5ZG2MmeQ,UgzIac6L5pHjTXirvuV4AaABAg,"Spot gold will rise to $3000. I specialize in technical analysis of gold—following the market is the best trading strategy, and fundamentals are all deceptive.",2025-04-13T03:49:16Z,2026-10-01T13:26:34.312947+00:00,29,11,,eef92f6c8ed322ce5f2a44c0bfcbc574c9847ba71a0d9c33b2ecf009c9d2d45a,,youtube-data-api-v3/commentThreads.list,,7HD5ZG2MmeQ,"Gold Trading Strategy Explained - SMC, Supply and demand, liquidity xauusd trade breakdown",The Trading Academy,,
youtube,The Trading Academy,7HD5ZG2MmeQ,https://www.youtube.com/watch?v=7HD5ZG2MmeQ,UgzIac6L5pHjTXirvuV4AaABAg.AGqKbdwo6NSAGvjHgrGutf,"How do you  follow the market, please explain",2025-04-15T06:09:49Z,2026-10-01T13:26:34.312947+00:00,0,0,,29c49b7d8305628b8b4fa5e1fc071bd74732055f1544b7e8013e91f8d24ad83b,UgzIac6L5pHjTXirvuV4AaABAg,youtube-data-api-v3/commentThreads.list,,7HD5ZG2MmeQ,"Gold Trading Strategy Explained - SMC, Supply and demand, liquidity xauusd trade breakdown",The Trading Academy,,
youtube,The Trading Academy,7HD5ZG2MmeQ,https://www.youtube.com/watch?v=7HD5ZG2MmeQ,UgzIac6L5pHjTXirvuV4AaABAg.AGqKbdwo6NSALWGCeZ1z1E,Hey pls send me your link for your analysis,2025-08-07T06:03:42Z,2026-10-01T13:26:34.312947+00:00,0,0,,9f4ea2629325f488d0471df8c95c11fddad6777c0b16dccf96ef709b34cf95ff,UgzIac6L5pHjTXirvuV4AaABAg,youtube-data-api-v3/commentThreads.list,,7HD5ZG2MmeQ,"Gold Trading Strategy Explained - SMC, Supply and demand, liquidity xauusd trade breakdown",The Trading Academy,,
youtube,The Trading Academy,7HD5ZG2MmeQ,https://www.youtube.com/watch?v=7HD5ZG2MmeQ,UgzIac6L5pHjTXirvuV4AaABAg.AGqKbdwo6NSAOM9JB56hb3,Whoever speculated this is rich now 😂,2025-10-16T21:25:12Z,2026-10-01T13:26:34.312947+00:00,9,0,,1ec74e157eb9d71db5e008b1a494c36831104cd4ad8e76980ef59b20a6f4baf9,UgzIac6L5pHjTXirvuV4AaABAg,youtube-data-api-v3/commentThreads.list,,7HD5ZG2MmeQ,"Gold Trading Strategy Explained - SMC, Supply and demand, liquidity xauusd trade breakdown",The Trading Academy,,
youtube,The Trading Academy,7HD5ZG2MmeQ,https://www.youtube.com/watch?v=7HD5ZG2MmeQ,UgzIac6L5pHjTXirvuV4AaABAg.AGqKbdwo6NSAOPIo_OYhdp,@soargamer1437trueeee,2025-10-18T02:45:59Z,2026-10-01T13:26:34.312947+00:00,0,0,,009b942f77ee8752af40cde94e82f3857feee69a6eb550c5a6c78f08061febf0,UgzIac6L5pHjTXirvuV4AaABAg,youtube-data-api-v3/commentThreads.list,,7HD5ZG2MmeQ,"Gold Trading Strategy Explained - SMC, Supply and demand, liquidity xauusd trade breakdown",The Trading Academy,,
youtube,The Trading Academy,7HD5ZG2MmeQ,https://www.youtube.com/watch?v=7HD5ZG2MmeQ,UgzIac6L5pHjTXirvuV4AaABAg.AGqKbdwo6NSAOaXZ6StAVr,Bro you’re rich !,2025-10-22T20:45:42Z,2026-10-01T13:26:34.312947+00:00,1,0,,ed3eb7d13c86868db2629819accb2646e58cea2cd4e4c63ea38154b3585ef63a,UgzIac6L5pHjTXirvuV4AaABAg,youtube-data-api-v3/commentThreads.list,,7HD5ZG2MmeQ,"Gold Trading Strategy Explained - SMC, Supply and demand, liquidity xauusd trade breakdown",The Trading Academy,,
youtube,The Trading Academy,7HD5ZG2MmeQ,https://www.youtube.com/watch?v=7HD5ZG2MmeQ,UgyoZ6RQf_Z3Rsd5cw54AaABAg,"more for Gold, i Love it, Perfect Strategys my Friend, i send you Love",2026-07-31T12:03:35Z,2026-10-01T13:26:34.312947+00:00,0,0,,b6029811a47c01bb46d4a913d1d950798dd8e3b43b8e7c752737fb1ae299c4a8,,youtube-data-api-v3/commentThreads.list,,7HD5ZG2MmeQ,"Gold Trading Strategy Explained - SMC, Supply and demand, liquidity xauusd trade breakdown",The Trading Academy,,
youtube,The Trading Academy,7HD5ZG2MmeQ,https://www.youtube.com/watch?v=7HD5ZG2MmeQ,UgyPU0ihrKSFTTA_OUl4AaABAg,Sl should be below the candle which break the high and strategy works only during opening of sessions,2026-09-12T07:36:44Z,2026-10-01T13:26:34.312947+00:00,1,0,,5536d69f929e188c18d9e1a0acf9d6a597bb967786962f3dddfcc0fde51f729f,,youtube-data-api-v3/commentThreads.list,,7HD5ZG2MmeQ,"Gold Trading Strategy Explained - SMC, Supply and demand, liquidity xauusd trade breakdown",The Trading Academy,,
youtube,The Trading Academy,7HD5ZG2MmeQ,https://www.youtube.com/watch?v=7HD5ZG2MmeQ,UgxiJRZc2i0y-yp7KFx4AaABAg,Your trading techniques and style is just awesome!,2024-11-04T14:56:05Z,2026-10-01T13:26:34.312947+00:00,20,4,,313bbf8b51c83b6387ade11c66f4a4997cc0b1d0042b905ad82cca216cf84ab5,,youtube-data-api-v3/commentThreads.list,,7HD5ZG2MmeQ,"Gold Trading Strategy Explained - SMC, Supply and demand, liquidity xauusd trade breakdown",The Trading Academy,,
youtube,The Trading Academy,7HD5ZG2MmeQ,https://www.youtube.com/watch?v=7HD5ZG2MmeQ,UgxiJRZc2i0y-yp7KFx4AaABAg.AAQXjWgcSdpACcD6QyDOxJ,Futures?,2024-12-29T06:08:46Z,2026-10-01T13:26:34.312947+00:00,0,0,,cd85cf942e7fb6bb33efe7e5f6ab625e0bdddcc5c9dc4d9ff5b6ca12796760da,UgxiJRZc2i0y-yp7KFx4AaABAg,youtube-data-api-v3/commentThreads.list,,7HD5ZG2MmeQ,"Gold Trading Strategy Explained - SMC, Supply and demand, liquidity xauusd trade breakdown",The Trading Academy,,
youtube,The Trading Academy,7HD5ZG2MmeQ,https://www.youtube.com/watch?v=7HD5ZG2MmeQ,UgxiJRZc2i0y-yp7KFx4AaABAg.AAQXjWgcSdpAG_cL_KTBd6,Can I learn from you,2025-04-06T16:05:53Z,2026-10-01T13:26:34.312947+00:00,0,0,,b3bc19a70d0f1bac49f4f98db7efc006e3215bd03a647b7dcfad03c48e420e55,UgxiJRZc2i0y-yp7KFx4AaABAg,youtube-data-api-v3/commentThreads.list,,7HD5ZG2MmeQ,"Gold Trading Strategy Explained - SMC, Supply and demand, liquidity xauusd trade breakdown",The Trading Academy,,
youtube,The Trading Academy,7HD5ZG2MmeQ,https://www.youtube.com/watch?v=7HD5ZG2MmeQ,UgxiJRZc2i0y-yp7KFx4AaABAg.AAQXjWgcSdpAGqKkBC9ukc,"Spot gold will rise to $3000. I specialize in technical analysis of gold—following the market is the best trading strategy, and fundamentals are all deceptive.",2025-04-13T03:50:26Z,2026-10-01T13:26:34.312947+00:00,0,0,,eef92f6c8ed322ce5f2a44c0bfcbc574c9847ba71a0d9c33b2ecf009c9d2d45a,UgxiJRZc2i0y-yp7KFx4AaABAg,youtube-data-api-v3/commentThreads.list,,7HD5ZG2MmeQ,"Gold Trading Strategy Explained - SMC, Supply and demand, liquidity xauusd trade breakdown",The Trading Academy,,
youtube,The Trading Academy,7HD5ZG2MmeQ,https://www.youtube.com/watch?v=7HD5ZG2MmeQ,UgzMkzCu5vecV793_Yh4AaABAg,"when u say clean, be sprcific bro",2026-07-01T15:12:26Z,2026-10-01T13:26:34.312947+00:00,1,0,,cbccfaedafa4ef2f2ebfec50493e68cdb4a1cdee388f032eef770895e99d7d13,,youtube-data-api-v3/commentThreads.list,,7HD5ZG2MmeQ,"Gold Trading Strategy Explained - SMC, Supply and demand, liquidity xauusd trade breakdown",The Trading Academy,,
youtube,The Trading Academy,7HD5ZG2MmeQ,https://www.youtube.com/watch?v=7HD5ZG2MmeQ,Ugxb43EGS25SmVXdIM54AaABAg,📍 Good example of letting the market come to you.,2026-07-01T21:57:04Z,2026-10-01T13:26:34.312947+00:00,1,0,,73c1494ea0577661e27d3fafa1e2e2f9324a282aa6372a64880a49312a6b64fe,,youtube-data-api-v3/commentThreads.list,,7HD5ZG2MmeQ,"Gold Trading Strategy Explained - SMC, Supply and demand, liquidity xauusd trade breakdown",The Trading Academy,,
youtube,The Trading Academy,7HD5ZG2MmeQ,https://www.youtube.com/watch?v=7HD5ZG2MmeQ,Ugy8DPp8DWFItCUwXuB4AaABAg,Or just go long or short after a small bounce off Supply and Demand :D,2025-03-20T19:16:15Z,2026-10-01T13:26:34.312947+00:00,1,0,,11eaec60367c1f6e877f5b8a309bf85d9edcaa7a43e3626f0eb2c22203bbfeb2,,youtube-data-api-v3/commentThreads.list,,7HD5ZG2MmeQ,"Gold Trading Strategy Explained - SMC, Supply and demand, liquidity xauusd trade breakdown",The Trading Academy,,
youtube,The Trading Academy,7HD5ZG2MmeQ,https://www.youtube.com/watch?v=7HD5ZG2MmeQ,UgxKwJW3zDYTMaN_fwt4AaABAg,well I was practicing and I got a win rate of 66 percent with an average of like 1:2,2025-11-30T05:51:22Z,2026-10-01T13:26:34.312947+00:00,1,0,,f956a67b7d6076d4766df6a841c4b1e4fb4da4a6b8b3add7d65dd0e35399b415,,youtube-data-api-v3/commentThreads.list,,7HD5ZG2MmeQ,"Gold Trading Strategy Explained - SMC, Supply and demand, liquidity xauusd trade breakdown",The Trading Academy,,
youtube,The Trading Academy,7HD5ZG2MmeQ,https://www.youtube.com/watch?v=7HD5ZG2MmeQ,UgypkZTnE0FPUHdbWHR4AaABAg,Thanks sir ❤,2024-09-11T11:05:00Z,2026-10-01T13:26:34.312947+00:00,2,1,,b5f4725d6a56e86cfb51983d18de534c409d06771060cb261a391b17be78a231,,youtube-data-api-v3/commentThreads.list,,7HD5ZG2MmeQ,"Gold Trading Strategy Explained - SMC, Supply and demand, liquidity xauusd trade breakdown",The Trading Academy,,
youtube,The Trading Academy,7HD5ZG2MmeQ,https://www.youtube.com/watch?v=7HD5ZG2MmeQ,UgyejZLTaMywHk491HZ4AaABAg,Gold pair also did create retracement,2025-12-11T11:56:17Z,2026-10-01T13:26:34.312947+00:00,1,0,,f4a68b82f0d2a59af95415d159a1f507d165d0b815dfa7eae37aa71d2d478bb1,,youtube-data-api-v3/commentThreads.list,,7HD5ZG2MmeQ,"Gold Trading Strategy Explained - SMC, Supply and demand, liquidity xauusd trade breakdown",The Trading Academy,,
youtube,The Trading Academy,7HD5ZG2MmeQ,https://www.youtube.com/watch?v=7HD5ZG2MmeQ,UgxjkVHk8A6lj5nYyi54AaABAg,Can u explain what's a double break?,2025-12-31T05:01:53Z,2026-10-01T13:26:34.312947+00:00,2,0,,28395aeb4a06cc0f0f33587c3dcd2f563d4bed4226a420425dc2e0b53614eb23,,youtube-data-api-v3/commentThreads.list,,7HD5ZG2MmeQ,"Gold Trading Strategy Explained - SMC, Supply and demand, liquidity xauusd trade breakdown",The Trading Academy,,
youtube,The Trading Academy,7HD5ZG2MmeQ,https://www.youtube.com/watch?v=7HD5ZG2MmeQ,UgwWzgOwq6qqUAR7_nx4AaABAg,Best strategy ✅💲,2026-06-28T15:21:35Z,2026-10-01T13:26:34.312947+00:00,1,0,,cadd33ba7492a8eef70748a965c8fafe6f12f4e4229432461d3651427284f746,,youtube-data-api-v3/commentThreads.list,,7HD5ZG2MmeQ,"Gold Trading Strategy Explained - SMC, Supply and demand, liquidity xauusd trade breakdown",The Trading Academy,,
youtube,The Trading Academy,7HD5ZG2MmeQ,https://www.youtube.com/watch?v=7HD5ZG2MmeQ,UgyiZ-4yEDwSS5WkUoF4AaABAg,Cool story bro,2026-07-06T18:20:21Z,2026-10-01T13:26:34.312947+00:00,1,0,,6c8f8221ad17d2105c05aa34f5cec4d1bd7a6a0f2f8262ec15540b5a41bbe63e,,youtube-data-api-v3/commentThreads.list,,7HD5ZG2MmeQ,"Gold Trading Strategy Explained - SMC, Supply and demand, liquidity xauusd trade breakdown",The Trading Academy,,
youtube,The Trading Academy,7HD5ZG2MmeQ,https://www.youtube.com/watch?v=7HD5ZG2MmeQ,UgwQoRX6HgEDN1c3-CF4AaABAg,If I want to start everything he doing in this video what do I need to start,2026-06-24T15:26:48Z,2026-10-01T13:26:34.312947+00:00,1,0,,952ac7629cadd3dab977ebc5af892d9193e22bf580a60a4b80bb562f2f4904da,,youtube-data-api-v3/commentThreads.list,,7HD5ZG2MmeQ,"Gold Trading Strategy Explained - SMC, Supply and demand, liquidity xauusd trade breakdown",The Trading Academy,,
youtube,The Trading Academy,7HD5ZG2MmeQ,https://www.youtube.com/watch?v=7HD5ZG2MmeQ,UgxxfPFD_LlQ_owpOzR4AaABAg,A wick is not a break,2026-06-21T15:45:43Z,2026-10-01T13:26:34.312947+00:00,1,0,,ee15de22747dd6ef84044468d769a584fb42486d62a8f659a80582d4dc2033c5,,youtube-data-api-v3/commentThreads.list,,7HD5ZG2MmeQ,"Gold Trading Strategy Explained - SMC, Supply and demand, liquidity xauusd trade breakdown",The Trading Academy,,
youtube,The Trading Academy,7HD5ZG2MmeQ,https://www.youtube.com/watch?v=7HD5ZG2MmeQ,Ugx1QtHxUjOp2vqFsNB4AaABAg,What time frame ?,2026-07-28T16:10:34Z,2026-10-01T13:26:34.312947+00:00,1,0,,b332c50e31fbdae39df8deffd43400cc447f6cdccbe9ffb1dc1ba5246b625a32,,youtube-data-api-v3/commentThreads.list,,7HD5ZG2MmeQ,"Gold Trading Strategy Explained - SMC, Supply and demand, liquidity xauusd trade breakdown",The Trading Academy,,
youtube,The Trading Academy,7HD5ZG2MmeQ,https://www.youtube.com/watch?v=7HD5ZG2MmeQ,UgyEhEvg0b5INxMRH894AaABAg,so easy to talk when market already moved innit,2026-05-13T00:54:46Z,2026-10-01T13:26:34.312947+00:00,1,0,,b94c20b2154bf0e3a625e98a0fc9f26c2368c50688b6e61c812fb5203ede54cf,,youtube-data-api-v3/commentThreads.list,,7HD5ZG2MmeQ,"Gold Trading Strategy Explained - SMC, Supply and demand, liquidity xauusd trade breakdown",The Trading Academy,,
youtube,The Trading Academy,7HD5ZG2MmeQ,https://www.youtube.com/watch?v=7HD5ZG2MmeQ,UgxYE-zg1AjykrH9XCt4AaABAg,Timeframe? And whats the pip range on ur screen,2025-03-11T14:07:12Z,2026-10-01T13:26:34.312947+00:00,1,0,,825518168211371659a0338f99e217aa613f79edb492c29ef686ffc04c4a2475,,youtube-data-api-v3/commentThreads.list,,7HD5ZG2MmeQ,"Gold Trading Strategy Explained - SMC, Supply and demand, liquidity xauusd trade breakdown",The Trading Academy,,
youtube,The Trading Academy,7HD5ZG2MmeQ,https://www.youtube.com/watch?v=7HD5ZG2MmeQ,Ugzrw6hr3fvNUfWfWop4AaABAg,So detailed,2025-12-20T15:48:10Z,2026-10-01T13:26:34.312947+00:00,1,0,,5cd167f13f1379339819aaf1a90a6ae2feca7d39b748a5500d8be2402412e01f,,youtube-data-api-v3/commentThreads.list,,7HD5ZG2MmeQ,"Gold Trading Strategy Explained - SMC, Supply and demand, liquidity xauusd trade breakdown",The Trading Academy,,
youtube,The Trading Academy,7HD5ZG2MmeQ,https://www.youtube.com/watch?v=7HD5ZG2MmeQ,UgzuqZ9hxFF3-z394ch4AaABAg,timeframe>?,2026-06-12T03:14:35Z,2026-10-01T13:26:34.312947+00:00,1,0,,c35945e670362d433113447b6b1cf6a35ed2d736ae793f995f9cf844260c7d50,,youtube-data-api-v3/commentThreads.list,,7HD5ZG2MmeQ,"Gold Trading Strategy Explained - SMC, Supply and demand, liquidity xauusd trade breakdown",The Trading Academy,,
youtube,The Trading Academy,7HD5ZG2MmeQ,https://www.youtube.com/watch?v=7HD5ZG2MmeQ,Ugw0Cc5_k7oIS6NcMK54AaABAg,"Hello, Are you also involved in forex trading or using Expert Advisors (EAs)?",2026-07-02T12:03:42Z,2026-10-01T13:26:34.312947+00:00,1,0,,3ef6aba32175cb303f2d3bb70c3f2c7d0c52e37d10b1fb78d50c57ffc3f2593e,,youtube-data-api-v3/commentThreads.list,,7HD5ZG2MmeQ,"Gold Trading Strategy Explained - SMC, Supply and demand, liquidity xauusd trade breakdown",The Trading Academy,,
youtube,The Trading Academy,7HD5ZG2MmeQ,https://www.youtube.com/watch?v=7HD5ZG2MmeQ,Ugx5ZDkfyWm0LulEJiR4AaABAg,Great technique! Do you have any other techniques?,2025-02-08T05:39:08Z,2026-10-01T13:26:34.313948+00:00,3,1,,5ca37563a096aa889e73ff697f837f09d2f38ab69e0a2ce68802832f8a633e2b,,youtube-data-api-v3/commentThreads.list,,7HD5ZG2MmeQ,"Gold Trading Strategy Explained - SMC, Supply and demand, liquidity xauusd trade breakdown",The Trading Academy,,
youtube,The Trading Academy,7HD5ZG2MmeQ,https://www.youtube.com/watch?v=7HD5ZG2MmeQ,Ugx5ZDkfyWm0LulEJiR4AaABAg.AEGjJJPYqemAGd2zTYCIQM,I'm so happy now I own a book shop through trading,2025-04-08T00:05:07Z,2026-10-01T13:26:34.313948+00:00,0,0,,e35d79d6f1907a7bd4f5a3da619600f7a3a00f4980e4d451beb55f1335749574,Ugx5ZDkfyWm0LulEJiR4AaABAg,youtube-data-api-v3/commentThreads.list,,7HD5ZG2MmeQ,"Gold Trading Strategy Explained - SMC, Supply and demand, liquidity xauusd trade breakdown",The Trading Academy,,
youtube,The Trading Academy,7HD5ZG2MmeQ,https://www.youtube.com/watch?v=7HD5ZG2MmeQ,Ugz9bwzqkfG448Co5ol4AaABAg,"Please, create a full video on this. Please.",2024-09-11T15:27:10Z,2026-10-01T13:26:34.313948+00:00,1,2,,bc39463bdbcde70a7eb2a640a9f2a80505cf812fcff6d4e19176228ad351da38,,youtube-data-api-v3/commentThreads.list,,7HD5ZG2MmeQ,"Gold Trading Strategy Explained - SMC, Supply and demand, liquidity xauusd trade breakdown",The Trading Academy,,
youtube,The Trading Academy,7HD5ZG2MmeQ,https://www.youtube.com/watch?v=7HD5ZG2MmeQ,Ugz9bwzqkfG448Co5ol4AaABAg.A8FYMpoEn3jAGqKnpNvUf8,"Spot gold will rise to $3000. I specialize in technical analysis of gold—following the market is the best trading strategy, and fundamentals are all deceptive.",2025-04-13T03:50:56Z,2026-10-01T13:26:34.313948+00:00,1,0,,eef92f6c8ed322ce5f2a44c0bfcbc574c9847ba71a0d9c33b2ecf009c9d2d45a,Ugz9bwzqkfG448Co5ol4AaABAg,youtube-data-api-v3/commentThreads.list,,7HD5ZG2MmeQ,"Gold Trading Strategy Explained - SMC, Supply and demand, liquidity xauusd trade breakdown",The Trading Academy,,
youtube,The Trading Academy,7HD5ZG2MmeQ,https://www.youtube.com/watch?v=7HD5ZG2MmeQ,UgzGfFk08EcvouIL7KZ4AaABAg,What does double break mean?,2026-05-23T10:55:26Z,2026-10-01T13:26:34.313948+00:00,1,0,,0cfaad069765a5d53cd7d8f707291567ef5c70754f93f4a08176dd79d3bf01a1,,youtube-data-api-v3/commentThreads.list,,7HD5ZG2MmeQ,"Gold Trading Strategy Explained - SMC, Supply and demand, liquidity xauusd trade breakdown",The Trading Academy,,
youtube,The Trading Academy,7HD5ZG2MmeQ,https://www.youtube.com/watch?v=7HD5ZG2MmeQ,Ugx5EkZwv5Rei4KX7WJ4AaABAg,"You think you have found the key, the market changes the lock the very next day",2026-08-02T07:54:08Z,2026-10-01T13:26:34.313948+00:00,1,0,,c1dc81c8b6c1023b43a6016c65950a45b4051c44de0d1c235ea218765767fb4e,,youtube-data-api-v3/commentThreads.list,,7HD5ZG2MmeQ,"Gold Trading Strategy Explained - SMC, Supply and demand, liquidity xauusd trade breakdown",The Trading Academy,,
youtube,The Trading Academy,7HD5ZG2MmeQ,https://www.youtube.com/watch?v=7HD5ZG2MmeQ,UgwrTrTM1Ru052iBcWh4AaABAg,CAN YOU HIGHLIGHT TIMEFRAMES,2024-09-12T14:43:57Z,2026-10-01T13:26:34.313948+00:00,0,0,,8b92f6beb535d2b0cd24074be4cfebd378eb93b7afead0800b1f1c8693a3573e,,youtube-data-api-v3/commentThreads.list,,7HD5ZG2MmeQ,"Gold Trading Strategy Explained - SMC, Supply and demand, liquidity xauusd trade breakdown",The Trading Academy,,
youtube,The Trading Academy,7HD5ZG2MmeQ,https://www.youtube.com/watch?v=7HD5ZG2MmeQ,UgzoJKhDf0Oz-roInwd4AaABAg,On which minute of graph ?,2025-11-21T23:19:41Z,2026-10-01T13:26:34.313948+00:00,1,0,,ec71f44fed3757eeb77e17e208a1f80818a06905e72bfedf2c6d02e1ed578356,,youtube-data-api-v3/commentThreads.list,,7HD5ZG2MmeQ,"Gold Trading Strategy Explained - SMC, Supply and demand, liquidity xauusd trade breakdown",The Trading Academy,,
youtube,The Trading Academy,7HD5ZG2MmeQ,https://www.youtube.com/watch?v=7HD5ZG2MmeQ,UgxyfRIPW7mKo-m1q-x4AaABAg,At what time frame? This will work,2025-10-06T03:54:38Z,2026-10-01T13:26:34.313948+00:00,1,0,,ac9902c182fc4428fbb9da21c11e33810967f50ff03ff70cf3a74c09202ff138,,youtube-data-api-v3/commentThreads.list,,7HD5ZG2MmeQ,"Gold Trading Strategy Explained - SMC, Supply and demand, liquidity xauusd trade breakdown",The Trading Academy,,
youtube,The Trading Academy,7HD5ZG2MmeQ,https://www.youtube.com/watch?v=7HD5ZG2MmeQ,Ugx9h2X4lSusZrJpgsZ4AaABAg,"You try this kind of stop loss, you’re dead in less than 10 seconds, you’ll know how fast gold is,",2026-09-12T16:27:58Z,2026-10-01T13:26:34.313948+00:00,1,0,,5b88a2024d9988622c064d48b59d692d53b87a49247bdf4bfc53e0e68c17b8de,,youtube-data-api-v3/commentThreads.list,,7HD5ZG2MmeQ,"Gold Trading Strategy Explained - SMC, Supply and demand, liquidity xauusd trade breakdown",The Trading Academy,,
youtube,The Trading Academy,7HD5ZG2MmeQ,https://www.youtube.com/watch?v=7HD5ZG2MmeQ,UgyemIZIalSeMH5Aa4B4AaABAg,"Getting oriented before diving into trading is crucial, especially for newcomers. I lost money in the beginning because I didn’t have the right knowledge or strategy. Everything changed after I found a course that taught me how to trade with discipline and proper risk management. $220k profit, and there’s still more profit to come next month.",2026-09-03T07:52:51Z,2026-10-01T13:26:34.313948+00:00,1,0,,a819192ae9790b817f27852b6b9db600e9059e733f01fecc01250697ca816ec6,,youtube-data-api-v3/commentThreads.list,,7HD5ZG2MmeQ,"Gold Trading Strategy Explained - SMC, Supply and demand, liquidity xauusd trade breakdown",The Trading Academy,,
youtube,The Trading Academy,7HD5ZG2MmeQ,https://www.youtube.com/watch?v=7HD5ZG2MmeQ,UgzlWtojcuG8xz5XR_d4AaABAg,Gold hunts SL,2026-03-08T14:37:24Z,2026-10-01T13:26:34.313948+00:00,1,0,,b8d75d48c7ea16cb0d71ffb34f7b9dc93ad93fe596f28fed9068f75ac5fd4c99,,youtube-data-api-v3/commentThreads.list,,7HD5ZG2MmeQ,"Gold Trading Strategy Explained - SMC, Supply and demand, liquidity xauusd trade breakdown",The Trading Academy,,
youtube,The Trading Academy,7HD5ZG2MmeQ,https://www.youtube.com/watch?v=7HD5ZG2MmeQ,Ugz4ekd74wLSwqodqkJ4AaABAg,💯,2026-07-14T06:24:35Z,2026-10-01T13:26:34.313948+00:00,1,0,,1f8ff8bf29f793ef0cedf57428e9e64a8d85ed686b363f633992467d3a1f975f,,youtube-data-api-v3/commentThreads.list,,7HD5ZG2MmeQ,"Gold Trading Strategy Explained - SMC, Supply and demand, liquidity xauusd trade breakdown",The Trading Academy,,
youtube,The Trading Academy,7HD5ZG2MmeQ,https://www.youtube.com/watch?v=7HD5ZG2MmeQ,UgykzYO9m9ntmWimKIl4AaABAg,"I love watching these vids to humour myself, please don’t listen to this",2026-03-15T15:36:08Z,2026-10-01T13:26:34.313948+00:00,1,0,,6c07823bb87b9ba6850c26cbf703f72bef8c6f972d58f719de3dd0dac17a55bc,,youtube-data-api-v3/commentThreads.list,,7HD5ZG2MmeQ,"Gold Trading Strategy Explained - SMC, Supply and demand, liquidity xauusd trade breakdown",The Trading Academy,,
youtube,The Trading Academy,7HD5ZG2MmeQ,https://www.youtube.com/watch?v=7HD5ZG2MmeQ,UgxvLPx4rj9Upi_drcp4AaABAg,What timeframe is this in?,2025-05-11T19:10:55Z,2026-10-01T13:26:34.313948+00:00,1,0,,3dfa9a8b086b2bbb6a8756c309ffcbde86d6b6d14087d28468e8979672304f9c,,youtube-data-api-v3/commentThreads.list,,7HD5ZG2MmeQ,"Gold Trading Strategy Explained - SMC, Supply and demand, liquidity xauusd trade breakdown",The Trading Academy,,
youtube,The Trading Academy,7HD5ZG2MmeQ,https://www.youtube.com/watch?v=7HD5ZG2MmeQ,Ugz1Im1U_M-q_2dqOTN4AaABAg,Thanks,2026-07-13T07:43:05Z,2026-10-01T13:26:34.313948+00:00,1,0,,cf263e3e36c73741ab0b997b407b077a0a6730a2c2cb88033e53c7bdbf72123c,,youtube-data-api-v3/commentThreads.list,,7HD5ZG2MmeQ,"Gold Trading Strategy Explained - SMC, Supply and demand, liquidity xauusd trade breakdown",The Trading Academy,,
youtube,The Trading Academy,7HD5ZG2MmeQ,https://www.youtube.com/watch?v=7HD5ZG2MmeQ,UgyITxqTxtRc9TULF1F4AaABAg,Really,2026-01-05T03:18:42Z,2026-10-01T13:26:34.313948+00:00,1,0,,b4d70db515bc478fe9f068fadc9265fe3da9046170ce51341ad82fa5ad08136f,,youtube-data-api-v3/commentThreads.list,,7HD5ZG2MmeQ,"Gold Trading Strategy Explained - SMC, Supply and demand, liquidity xauusd trade breakdown",The Trading Academy,,
youtube,The Trading Academy,7HD5ZG2MmeQ,https://www.youtube.com/watch?v=7HD5ZG2MmeQ,UgzUdTmThiFMJDM76mB4AaABAg,which session is works fine..? London session  or NY session..?,2025-04-10T12:48:52Z,2026-10-01T13:26:34.313948+00:00,0,0,,402b9a5c76e732bba4f9f500c452ec5c0742fd33b6e55721beb0e602f2560c12,,youtube-data-api-v3/commentThreads.list,,7HD5ZG2MmeQ,"Gold Trading Strategy Explained - SMC, Supply and demand, liquidity xauusd trade breakdown",The Trading Academy,,
youtube,The Trading Academy,7HD5ZG2MmeQ,https://www.youtube.com/watch?v=7HD5ZG2MmeQ,UgzSwZgu_PHf_FADuQp4AaABAg,On which Timeframe?,2025-04-15T06:11:27Z,2026-10-01T13:26:34.313948+00:00,0,0,,29c49b7d8305628b8b4fa5e1fc071bd74732055f1544b7e8013e91f8d24ad83b,,youtube-data-api-v3/commentThreads.list,,7HD5ZG2MmeQ,"Gold Trading Strategy Explained - SMC, Supply and demand, liquidity xauusd trade breakdown",The Trading Academy,,
youtube,The Trading Academy,7HD5ZG2MmeQ,https://www.youtube.com/watch?v=7HD5ZG2MmeQ,Ugxug1XOyZWX935PWHh4AaABAg,Timeframe?,2025-04-09T03:02:37Z,2026-10-01T13:26:34.313948+00:00,1,0,,9bc48c35677f3d0407e8f1212c4bf368f5002b0ae5f676da03fa09fef82a3a09,,youtube-data-api-v3/commentThreads.list,,7HD5ZG2MmeQ,"Gold Trading Strategy Explained - SMC, Supply and demand, liquidity xauusd trade breakdown",The Trading Academy,,
youtube,The Trading Academy,7HD5ZG2MmeQ,https://www.youtube.com/watch?v=7HD5ZG2MmeQ,UgxPJbhJ-SRKafX5V9l4AaABAg,❤,2026-08-30T11:14:42Z,2026-10-01T13:26:34.313948+00:00,1,0,,6c113e017904d4a13187840d22b931ef6db7c266aabd694884df3547a8036763,,youtube-data-api-v3/commentThreads.list,,7HD5ZG2MmeQ,"Gold Trading Strategy Explained - SMC, Supply and demand, liquidity xauusd trade breakdown",The Trading Academy,,
youtube,The Trading Academy,7HD5ZG2MmeQ,https://www.youtube.com/watch?v=7HD5ZG2MmeQ,Ugy29oTKP4FTKbSeont4AaABAg,❤ Live and in person,2026-09-26T15:00:32Z,2026-10-01T13:26:34.313948+00:00,0,0,,c5672fd7d02d9e94f21794dd37ffa76dd9adb9baffa97dd68fa5bb8046516b18,,youtube-data-api-v3/commentThreads.list,,7HD5ZG2MmeQ,"Gold Trading Strategy Explained - SMC, Supply and demand, liquidity xauusd trade breakdown",The Trading Academy,,
youtube,The Trading Academy,7HD5ZG2MmeQ,https://www.youtube.com/watch?v=7HD5ZG2MmeQ,UgzygqExN4VJ8AyGmpB4AaABAg,perfect,2026-05-10T06:42:40Z,2026-10-01T13:26:34.313948+00:00,1,0,,7dfea5775947ba7065f3b7967e27903f35905c40f49bfaf490efe0ddb52c43d1,,youtube-data-api-v3/commentThreads.list,,7HD5ZG2MmeQ,"Gold Trading Strategy Explained - SMC, Supply and demand, liquidity xauusd trade breakdown",The Trading Academy,,
youtube,The Trading Academy,7HD5ZG2MmeQ,https://www.youtube.com/watch?v=7HD5ZG2MmeQ,Ugziz9882aQtDb14cGZ4AaABAg,"I have a doubt, what do you mean by clean area of demand? Is it that has not been touched ?",2025-03-18T16:15:30Z,2026-10-01T13:26:34.313948+00:00,6,4,,0783540505da91f96fe25d2a4df3a303f0cae78b6b315b3c4a2f7f849f90ed18,,youtube-data-api-v3/commentThreads.list,,7HD5ZG2MmeQ,"Gold Trading Strategy Explained - SMC, Supply and demand, liquidity xauusd trade breakdown",The Trading Academy,,
youtube,The Trading Academy,7HD5ZG2MmeQ,https://www.youtube.com/watch?v=7HD5ZG2MmeQ,Ugziz9882aQtDb14cGZ4AaABAg.AFoiLOm261eAGd2maY8t3d,"Hello, dear",2025-04-08T00:03:21Z,2026-10-01T13:26:34.313948+00:00,0,0,,e35d79d6f1907a7bd4f5a3da619600f7a3a00f4980e4d451beb55f1335749574,Ugziz9882aQtDb14cGZ4AaABAg,youtube-data-api-v3/commentThreads.list,,7HD5ZG2MmeQ,"Gold Trading Strategy Explained - SMC, Supply and demand, liquidity xauusd trade breakdown",The Trading Academy,,
youtube,The Trading Academy,7HD5ZG2MmeQ,https://www.youtube.com/watch?v=7HD5ZG2MmeQ,Ugziz9882aQtDb14cGZ4AaABAg.AFoiLOm261eAGd2qwPLO4U,Can you believe that I made $37k today,2025-04-08T00:03:57Z,2026-10-01T13:26:34.313948+00:00,0,0,,e35d79d6f1907a7bd4f5a3da619600f7a3a00f4980e4d451beb55f1335749574,Ugziz9882aQtDb14cGZ4AaABAg,youtube-data-api-v3/commentThreads.list,,7HD5ZG2MmeQ,"Gold Trading Strategy Explained - SMC, Supply and demand, liquidity xauusd trade breakdown",The Trading Academy,,
youtube,The Trading Academy,7HD5ZG2MmeQ,https://www.youtube.com/watch?v=7HD5ZG2MmeQ,Ugziz9882aQtDb14cGZ4AaABAg.AFoiLOm261eAHZIoWTYmxt,@MondayOtah xd,2025-05-01T00:18:37Z,2026-10-01T13:26:34.313948+00:00,0,0,,54ee53c3445fe4760ced7cbd7d31c037d751bcc5320664b84c2bc5d9719e5a39,Ugziz9882aQtDb14cGZ4AaABAg,youtube-data-api-v3/commentThreads.list,,7HD5ZG2MmeQ,"Gold Trading Strategy Explained - SMC, Supply and demand, liquidity xauusd trade breakdown",The Trading Academy,,
youtube,The Trading Academy,7HD5ZG2MmeQ,https://www.youtube.com/watch?v=7HD5ZG2MmeQ,Ugziz9882aQtDb14cGZ4AaABAg.AFoiLOm261eAKBtHkwK-Fy,⁠@MondayOtahcan you teach me?,2025-07-05T11:38:28Z,2026-10-01T13:26:34.313948+00:00,0,0,,3782182d1da7692f8b9f72d12d6e2c3eff2a102d0776c99c0222f562c23c713e,Ugziz9882aQtDb14cGZ4AaABAg,youtube-data-api-v3/commentThreads.list,,7HD5ZG2MmeQ,"Gold Trading Strategy Explained - SMC, Supply and demand, liquidity xauusd trade breakdown",The Trading Academy,,
youtube,The Trading Academy,7HD5ZG2MmeQ,https://www.youtube.com/watch?v=7HD5ZG2MmeQ,UgwRHI67v0CqlTKogop4AaABAg,Instantly hits sl,2025-04-18T09:02:29Z,2026-10-01T13:26:34.313948+00:00,0,0,,150ed6069e22ec5cc3cb2b6b901b094c001c5702dd24692a041a742d4accb843,,youtube-data-api-v3/commentThreads.list,,7HD5ZG2MmeQ,"Gold Trading Strategy Explained - SMC, Supply and demand, liquidity xauusd trade breakdown",The Trading Academy,,
youtube,The Trading Academy,7HD5ZG2MmeQ,https://www.youtube.com/watch?v=7HD5ZG2MmeQ,UgwYcYQwLlr9on8fjQF4AaABAg,I myanmar thanks yig,2025-08-24T01:26:17Z,2026-10-01T13:26:34.313948+00:00,0,0,,d81b8449a836406a80f5daf39c1216eb2875d7abe36d9c75aff7f9638871cab7,,youtube-data-api-v3/commentThreads.list,,7HD5ZG2MmeQ,"Gold Trading Strategy Explained - SMC, Supply and demand, liquidity xauusd trade breakdown",The Trading Academy,,
youtube,The Trading Academy,7HD5ZG2MmeQ,https://www.youtube.com/watch?v=7HD5ZG2MmeQ,UgzW6A-nkWyg27355sp4AaABAg,Probability is very low,2024-12-24T13:35:09Z,2026-10-01T13:26:34.313948+00:00,1,0,,93d9d83e91a52ae43e08445eaabb1f32b92cc575bf258d58ecdd6ce4650f8383,,youtube-data-api-v3/commentThreads.list,,7HD5ZG2MmeQ,"Gold Trading Strategy Explained - SMC, Supply and demand, liquidity xauusd trade breakdown",The Trading Academy,,
youtube,The Trading Academy,7HD5ZG2MmeQ,https://www.youtube.com/watch?v=7HD5ZG2MmeQ,Ugxq6j2-kpDbfrwcjXV4AaABAg,Always mention time frame,2025-12-25T00:20:44Z,2026-10-01T13:26:34.313948+00:00,7,1,,94e7ee3e03eb5df4f6f3841881e781d96978e61757278e992c30525c64511b94,,youtube-data-api-v3/commentThreads.list,,7HD5ZG2MmeQ,"Gold Trading Strategy Explained - SMC, Supply and demand, liquidity xauusd trade breakdown",The Trading Academy,,
youtube,The Trading Academy,7HD5ZG2MmeQ,https://www.youtube.com/watch?v=7HD5ZG2MmeQ,Ugxq6j2-kpDbfrwcjXV4AaABAg.AR88FB06ekjAa_LDjudkJp,"Like ehh, I don't understand why they won't include the time frame",2026-09-10T12:26:48Z,2026-10-01T13:26:34.313948+00:00,0,0,,2939096f808da51ef2903edce36a2a20e441397d5cb7c37aff70d42510e867a4,Ugxq6j2-kpDbfrwcjXV4AaABAg,youtube-data-api-v3/commentThreads.list,,7HD5ZG2MmeQ,"Gold Trading Strategy Explained - SMC, Supply and demand, liquidity xauusd trade breakdown",The Trading Academy,,
youtube,The Trading Academy,7HD5ZG2MmeQ,https://www.youtube.com/watch?v=7HD5ZG2MmeQ,UgxAsvGE1OQ9QwstPCN4AaABAg,1M or 5M or 15M,2025-04-08T09:52:46Z,2026-10-01T13:26:34.313948+00:00,0,0,,94fc3c78e1d76db2e9ba75ef491a2a4d584dcd8846e56c03228916ff76f6fb4c,,youtube-data-api-v3/commentThreads.list,,7HD5ZG2MmeQ,"Gold Trading Strategy Explained - SMC, Supply and demand, liquidity xauusd trade breakdown",The Trading Academy,,
youtube,The Trading Academy,7HD5ZG2MmeQ,https://www.youtube.com/watch?v=7HD5ZG2MmeQ,UgwQf3-U3J0UtOVFTYx4AaABAg,https://youtube.com/shorts/dK3nI9dnfSM?si=1HvhIgTfOksSIMa4,2026-08-01T09:09:13Z,2026-10-01T13:26:34.313948+00:00,1,0,,9dba848f65018698ec8317b0ba0ee72b0b7f61a5667f32a5d5212947f75ef516,,youtube-data-api-v3/commentThreads.list,,7HD5ZG2MmeQ,"Gold Trading Strategy Explained - SMC, Supply and demand, liquidity xauusd trade breakdown",The Trading Academy,,
youtube,The Trading Academy,7HD5ZG2MmeQ,https://www.youtube.com/watch?v=7HD5ZG2MmeQ,UgywqQ-U0GcFkoKp29d4AaABAg,which Time frame?,2025-01-26T08:48:39Z,2026-10-01T13:26:34.313948+00:00,7,2,,de0b53a64ea755abab2ccba59dbfd3ccb7242e940f37b30d4e5868572499240a,,youtube-data-api-v3/commentThreads.list,,7HD5ZG2MmeQ,"Gold Trading Strategy Explained - SMC, Supply and demand, liquidity xauusd trade breakdown",The Trading Academy,,
youtube,The Trading Academy,7HD5ZG2MmeQ,https://www.youtube.com/watch?v=7HD5ZG2MmeQ,UgywqQ-U0GcFkoKp29d4AaABAg.ADkaev9cHvcAE9_mosnQx4,1 min 5 min,2025-02-05T11:01:14Z,2026-10-01T13:26:34.313948+00:00,1,0,,89febe6663d5313d2c830fe75cc3d981d4a430f3e9aa70a27ff2a34305d57e78,UgywqQ-U0GcFkoKp29d4AaABAg,youtube-data-api-v3/commentThreads.list,,7HD5ZG2MmeQ,"Gold Trading Strategy Explained - SMC, Supply and demand, liquidity xauusd trade breakdown",The Trading Academy,,
youtube,The Trading Academy,7HD5ZG2MmeQ,https://www.youtube.com/watch?v=7HD5ZG2MmeQ,UgywqQ-U0GcFkoKp29d4AaABAg.ADkaev9cHvcAGqKlznMAut,"Spot gold will rise to $3000. I specialize in technical analysis of gold—following the market is the best trading strategy, and fundamentals are all deceptive.",2025-04-13T03:50:41Z,2026-10-01T13:26:34.313948+00:00,0,0,,eef92f6c8ed322ce5f2a44c0bfcbc574c9847ba71a0d9c33b2ecf009c9d2d45a,UgywqQ-U0GcFkoKp29d4AaABAg,youtube-data-api-v3/commentThreads.list,,7HD5ZG2MmeQ,"Gold Trading Strategy Explained - SMC, Supply and demand, liquidity xauusd trade breakdown",The Trading Academy,,
youtube,The Trading Academy,7HD5ZG2MmeQ,https://www.youtube.com/watch?v=7HD5ZG2MmeQ,Ugy9i9GIeB2Dpq5No8J4AaABAg,How to identify demand,2024-09-12T05:08:18Z,2026-10-01T13:26:34.313948+00:00,0,1,,a1408cc4abfe79e1d39e454a7a24e5e7c9b5ee9152d92ded8c46d540c7d2d265,,youtube-data-api-v3/commentThreads.list,,7HD5ZG2MmeQ,"Gold Trading Strategy Explained - SMC, Supply and demand, liquidity xauusd trade breakdown",The Trading Academy,,
youtube,The Trading Academy,7HD5ZG2MmeQ,https://www.youtube.com/watch?v=7HD5ZG2MmeQ,Ugwla7Qp-fH2FA_WvGt4AaABAg,"Hello,  which broker can I trade gold though MT5 in the US?",2025-04-17T20:14:47Z,2026-10-01T13:26:34.313948+00:00,0,1,,5d3123ff9dbc32d4a0e1ba9d31fd5529195e51b15d63ad424bb5da6665b3e2c4,,youtube-data-api-v3/commentThreads.list,,7HD5ZG2MmeQ,"Gold Trading Strategy Explained - SMC, Supply and demand, liquidity xauusd trade breakdown",The Trading Academy,,
youtube,The Trading Academy,7HD5ZG2MmeQ,https://www.youtube.com/watch?v=7HD5ZG2MmeQ,Ugwla7Qp-fH2FA_WvGt4AaABAg.AH1O_D3215qAPS1qNXq7XB,i am using tmgm. actually good,2025-11-13T00:46:48Z,2026-10-01T13:26:34.313948+00:00,0,0,,31f72e3fa96f5909e00ed389c52f0e46b955a7bd4575542d99c7322af6608d07,Ugwla7Qp-fH2FA_WvGt4AaABAg,youtube-data-api-v3/commentThreads.list,,7HD5ZG2MmeQ,"Gold Trading Strategy Explained - SMC, Supply and demand, liquidity xauusd trade breakdown",The Trading Academy,,
youtube,The Trading Academy,7HD5ZG2MmeQ,https://www.youtube.com/watch?v=7HD5ZG2MmeQ,UgwBb_MUkxqbR5TiodN4AaABAg,You're super striking 😊,2024-09-12T15:52:32Z,2026-10-01T13:26:34.313948+00:00,0,1,,dce14c775a7672d65323c5849f9936ce6edb3d4354104c26063a0b0252954d19,,youtube-data-api-v3/commentThreads.list,,7HD5ZG2MmeQ,"Gold Trading Strategy Explained - SMC, Supply and demand, liquidity xauusd trade breakdown",The Trading Academy,,
youtube,The Trading Academy,7HD5ZG2MmeQ,https://www.youtube.com/watch?v=7HD5ZG2MmeQ,Ugxe174lAIooAjuJFJd4AaABAg,"How to define area of demand , which candle to choose",2026-06-12T04:08:28Z,2026-10-01T13:26:34.313948+00:00,0,1,,09819689ae67420ed4fde831a8c3b9e4be200ec4bdcbf2107f8cb72963cbab2c,,youtube-data-api-v3/commentThreads.list,,7HD5ZG2MmeQ,"Gold Trading Strategy Explained - SMC, Supply and demand, liquidity xauusd trade breakdown",The Trading Academy,,
youtube,The Trading Academy,7HD5ZG2MmeQ,https://www.youtube.com/watch?v=7HD5ZG2MmeQ,Ugxe174lAIooAjuJFJd4AaABAg.AXwhe7PdrNxAYK7f3FU-Ro,First candle before a big move which is usually a doji candle,2026-06-21T15:46:18Z,2026-10-01T13:26:34.313948+00:00,0,0,,ee15de22747dd6ef84044468d769a584fb42486d62a8f659a80582d4dc2033c5,Ugxe174lAIooAjuJFJd4AaABAg,youtube-data-api-v3/commentThreads.list,,7HD5ZG2MmeQ,"Gold Trading Strategy Explained - SMC, Supply and demand, liquidity xauusd trade breakdown",The Trading Academy,,
youtube,The Trading Academy,7HD5ZG2MmeQ,https://www.youtube.com/watch?v=7HD5ZG2MmeQ,UgwiXZN-9Mkg0uujLLp4AaABAg,Which time frame do you use bro,2024-09-11T11:27:16Z,2026-10-01T13:26:34.313948+00:00,1,2,,61ce2e586ff110ae95a9ee08496a2573309ae5ebb1e5009f38e8a2c7e607077f,,youtube-data-api-v3/commentThreads.list,,7HD5ZG2MmeQ,"Gold Trading Strategy Explained - SMC, Supply and demand, liquidity xauusd trade breakdown",The Trading Academy,,
youtube,The Trading Academy,7HD5ZG2MmeQ,https://www.youtube.com/watch?v=7HD5ZG2MmeQ,UgwiXZN-9Mkg0uujLLp4AaABAg.A8F6ul-WERHA8GyVfW3Bet,🙏 thanks,2024-09-12T04:43:32Z,2026-10-01T13:26:34.313948+00:00,0,0,,ed32444657191786f6d5dbfe3758dd49c9cc0bf2e2ca9ae391634fb1b86a8682,UgwiXZN-9Mkg0uujLLp4AaABAg,youtube-data-api-v3/commentThreads.list,,7HD5ZG2MmeQ,"Gold Trading Strategy Explained - SMC, Supply and demand, liquidity xauusd trade breakdown",The Trading Academy,,
youtube,The Trading Academy,7HD5ZG2MmeQ,https://www.youtube.com/watch?v=7HD5ZG2MmeQ,UgxGoo0Mc40VTi596iR4AaABAg,What time frame are you using?,2025-06-04T11:44:59Z,2026-10-01T13:26:34.313948+00:00,0,1,,d92be86faf3902785d24003fcf04383b2aa9537fc1b7a3bf9f135e43713fb934,,youtube-data-api-v3/commentThreads.list,,7HD5ZG2MmeQ,"Gold Trading Strategy Explained - SMC, Supply and demand, liquidity xauusd trade breakdown",The Trading Academy,,
youtube,The Trading Academy,7HD5ZG2MmeQ,https://www.youtube.com/watch?v=7HD5ZG2MmeQ,UgxGoo0Mc40VTi596iR4AaABAg.AIx4OHyOaBEAJH3qvqFrx6,1 or 5 minutes,2025-06-12T15:24:20Z,2026-10-01T13:26:34.313948+00:00,0,0,,08ac502cf111df54246553da6a1b44cfa949c2c3ca1585d372c6fab58083ac35,UgxGoo0Mc40VTi596iR4AaABAg,youtube-data-api-v3/commentThreads.list,,7HD5ZG2MmeQ,"Gold Trading Strategy Explained - SMC, Supply and demand, liquidity xauusd trade breakdown",The Trading Academy,,
youtube,The Trading Academy,7HD5ZG2MmeQ,https://www.youtube.com/watch?v=7HD5ZG2MmeQ,UgyF6v1nXWeNfiXi6QZ4AaABAg,https://youtu.be/seFza39di1w?si=q-szVLeSt66WYk-Y Gold Updates 8 April,2025-04-08T09:57:49Z,2026-10-01T13:26:34.313948+00:00,0,0,,3bfc9d40be1fa6e120030cc4eb4de53eeb4bc09f176f0cf192e40dfc544dd5b1,,youtube-data-api-v3/commentThreads.list,,7HD5ZG2MmeQ,"Gold Trading Strategy Explained - SMC, Supply and demand, liquidity xauusd trade breakdown",The Trading Academy,,
youtube,The Trading Academy,7HD5ZG2MmeQ,https://www.youtube.com/watch?v=7HD5ZG2MmeQ,UgzPenPuhJB27b0YP614AaABAg,"No one is telling the truth about market that’s for sure , I know many things that no one is telling anywhere.",2025-07-17T04:10:16Z,2026-10-01T13:26:34.313948+00:00,1,2,,79f325f4a9f12d29c9bbf21f43fe2520175cc73de4e8c5a6124ac77c9c569c67,,youtube-data-api-v3/commentThreads.list,,7HD5ZG2MmeQ,"Gold Trading Strategy Explained - SMC, Supply and demand, liquidity xauusd trade breakdown",The Trading Academy,,
youtube,The Trading Academy,7HD5ZG2MmeQ,https://www.youtube.com/watch?v=7HD5ZG2MmeQ,UgzPenPuhJB27b0YP614AaABAg.AKezXW2MDFPAMAUb51E7hp,What you know bro?,2025-08-23T15:37:36Z,2026-10-01T13:26:34.313948+00:00,0,0,,83c5a03281bada29638764c790b615f558824e3e7f32c81dc6931c40e4b94fe9,UgzPenPuhJB27b0YP614AaABAg,youtube-data-api-v3/commentThreads.list,,7HD5ZG2MmeQ,"Gold Trading Strategy Explained - SMC, Supply and demand, liquidity xauusd trade breakdown",The Trading Academy,,
youtube,The Trading Academy,7HD5ZG2MmeQ,https://www.youtube.com/watch?v=7HD5ZG2MmeQ,UgzPenPuhJB27b0YP614AaABAg.AKezXW2MDFPANT4PCKu_wC,wat you know we are asking you,2025-09-24T17:25:37Z,2026-10-01T13:26:34.313948+00:00,0,0,,515376489110eaf29a93e0cfa6fb8feb326d59a78ce86f459137b52a7595d30d,UgzPenPuhJB27b0YP614AaABAg,youtube-data-api-v3/commentThreads.list,,7HD5ZG2MmeQ,"Gold Trading Strategy Explained - SMC, Supply and demand, liquidity xauusd trade breakdown",The Trading Academy,,
youtube,The Trading Academy,7HD5ZG2MmeQ,https://www.youtube.com/watch?v=7HD5ZG2MmeQ,UgwgCzVRzbhRp1ik9994AaABAg,"Timeframe, please?",2024-09-11T15:35:26Z,2026-10-01T13:26:34.313948+00:00,0,2,,bc39463bdbcde70a7eb2a640a9f2a80505cf812fcff6d4e19176228ad351da38,,youtube-data-api-v3/commentThreads.list,,7HD5ZG2MmeQ,"Gold Trading Strategy Explained - SMC, Supply and demand, liquidity xauusd trade breakdown",The Trading Academy,,
youtube,The Trading Academy,7HD5ZG2MmeQ,https://www.youtube.com/watch?v=7HD5ZG2MmeQ,UgwgCzVRzbhRp1ik9994AaABAg.A8FZJPZWqCWA8G04a9k7TA,"@TheTradingAcademy Thank you! BTW, will gold go down or up if we face a great recession, please?",2024-09-11T19:46:49Z,2026-10-01T13:26:34.313948+00:00,0,0,,bc39463bdbcde70a7eb2a640a9f2a80505cf812fcff6d4e19176228ad351da38,UgwgCzVRzbhRp1ik9994AaABAg,youtube-data-api-v3/commentThreads.list,,7HD5ZG2MmeQ,"Gold Trading Strategy Explained - SMC, Supply and demand, liquidity xauusd trade breakdown",The Trading Academy,,
youtube,The Trading Academy,7HD5ZG2MmeQ,https://www.youtube.com/watch?v=7HD5ZG2MmeQ,UgwC1moC3V4Da5cpLvN4AaABAg,Guru..just placed a stop loss of 160 pips… 😂😂😂,2025-03-25T07:52:37Z,2026-10-01T13:26:34.313948+00:00,1,3,,48c5439ea083e1dcadce9cfdd7dfc09d26e369437fe46ed2499885cb885c1515,,youtube-data-api-v3/commentThreads.list,,7HD5ZG2MmeQ,"Gold Trading Strategy Explained - SMC, Supply and demand, liquidity xauusd trade breakdown",The Trading Academy,,
youtube,The Trading Academy,7HD5ZG2MmeQ,https://www.youtube.com/watch?v=7HD5ZG2MmeQ,UgwC1moC3V4Da5cpLvN4AaABAg.AG4qMJjgcwjAGd31dXc8PC,Hello dear,2025-04-08T00:05:33Z,2026-10-01T13:26:34.313948+00:00,0,0,,e35d79d6f1907a7bd4f5a3da619600f7a3a00f4980e4d451beb55f1335749574,UgwC1moC3V4Da5cpLvN4AaABAg,youtube-data-api-v3/commentThreads.list,,7HD5ZG2MmeQ,"Gold Trading Strategy Explained - SMC, Supply and demand, liquidity xauusd trade breakdown",The Trading Academy,,
youtube,The Trading Academy,7HD5ZG2MmeQ,https://www.youtube.com/watch?v=7HD5ZG2MmeQ,UgwC1moC3V4Da5cpLvN4AaABAg.AG4qMJjgcwjAGqKprE2u24,"Spot gold will rise to $3000. I specialize in technical analysis of gold—following the market is the best trading strategy, and fundamentals are all deceptive.",2025-04-13T03:51:13Z,2026-10-01T13:26:34.313948+00:00,0,0,,eef92f6c8ed322ce5f2a44c0bfcbc574c9847ba71a0d9c33b2ecf009c9d2d45a,UgwC1moC3V4Da5cpLvN4AaABAg,youtube-data-api-v3/commentThreads.list,,7HD5ZG2MmeQ,"Gold Trading Strategy Explained - SMC, Supply and demand, liquidity xauusd trade breakdown",The Trading Academy,,
youtube,The Trading Academy,7HD5ZG2MmeQ,https://www.youtube.com/watch?v=7HD5ZG2MmeQ,UgwC1moC3V4Da5cpLvN4AaABAg.AG4qMJjgcwjAHXewnERJMG,Pips stop loss doesn't matter. It’s your rr & % risk newbie,2025-04-30T09:02:15Z,2026-10-01T13:26:34.313948+00:00,0,0,,bc899694df8f96b05ed8dae4960e55f0944cd685e7e538c19dfa31ea2be77b75,UgwC1moC3V4Da5cpLvN4AaABAg,youtube-data-api-v3/commentThreads.list,,7HD5ZG2MmeQ,"Gold Trading Strategy Explained - SMC, Supply and demand, liquidity xauusd trade breakdown",The Trading Academy,,
youtube,The Trading Academy,7HD5ZG2MmeQ,https://www.youtube.com/watch?v=7HD5ZG2MmeQ,UgwQdfh9mct6ydqSCo94AaABAg,Lol loads of bs,2024-09-12T18:08:33Z,2026-10-01T13:26:34.313948+00:00,3,0,,7e5941138b0ba4f6755309864a10fbe87897d840c7e0b1cc766670e48e8e07d5,,youtube-data-api-v3/commentThreads.list,,7HD5ZG2MmeQ,"Gold Trading Strategy Explained - SMC, Supply and demand, liquidity xauusd trade breakdown",The Trading Academy,,
youtube,The Trading Academy,7HD5ZG2MmeQ,https://www.youtube.com/watch?v=7HD5ZG2MmeQ,UgxoWoDIrI2o9s3piwh4AaABAg,"Profit bhi kitna ayega,jyada se jyada 10 dollar😂",2026-05-29T03:35:11Z,2026-10-01T13:26:34.313948+00:00,0,0,,63535896ebfef3a1bf8152d4ac010b0af40c04acc6f11c9d9821e8f5ddb17c1b,,youtube-data-api-v3/commentThreads.list,,7HD5ZG2MmeQ,"Gold Trading Strategy Explained - SMC, Supply and demand, liquidity xauusd trade breakdown",The Trading Academy,,
youtube,The Trading Academy,7HD5ZG2MmeQ,https://www.youtube.com/watch?v=7HD5ZG2MmeQ,UgyJdifKHm-rKO9BNOh4AaABAg,"Please Fabio, what is a double break?",2025-03-03T12:46:14Z,2026-10-01T13:26:34.313948+00:00,1,0,,a3b59d2f64962f2f5e05f3b48882b1bbb15d95d237853c5c50c43002b817c24e,,youtube-data-api-v3/commentThreads.list,,7HD5ZG2MmeQ,"Gold Trading Strategy Explained - SMC, Supply and demand, liquidity xauusd trade breakdown",The Trading Academy,,
youtube,The Trading Academy,7HD5ZG2MmeQ,https://www.youtube.com/watch?v=7HD5ZG2MmeQ,Ugx2NyAOx_BfJc_aXGV4AaABAg,That’s a bad entry and stop placement,2024-09-11T17:33:12Z,2026-10-01T13:26:34.313948+00:00,1,2,,b50e9f9fc3e2c2d0cdf7c991eb4ea96440233be230c51bac90591bec54de80b5,,youtube-data-api-v3/commentThreads.list,,7HD5ZG2MmeQ,"Gold Trading Strategy Explained - SMC, Supply and demand, liquidity xauusd trade breakdown",The Trading Academy,,
youtube,The Trading Academy,7HD5ZG2MmeQ,https://www.youtube.com/watch?v=7HD5ZG2MmeQ,Ugx2NyAOx_BfJc_aXGV4AaABAg.A8Fln-MbqkQA8Kq8HziWkh,Fr real ?,2024-09-13T16:47:24Z,2026-10-01T13:26:34.313948+00:00,0,0,,4a3a958506472f5de269f2d914dfcc5d49d9d9e05251ebfa0a10fccd2c329f8d,Ugx2NyAOx_BfJc_aXGV4AaABAg,youtube-data-api-v3/commentThreads.list,,7HD5ZG2MmeQ,"Gold Trading Strategy Explained - SMC, Supply and demand, liquidity xauusd trade breakdown",The Trading Academy,,
youtube,The Trading Academy,7HD5ZG2MmeQ,https://www.youtube.com/watch?v=7HD5ZG2MmeQ,Ugx2NyAOx_BfJc_aXGV4AaABAg.A8Fln-MbqkQABjplJP2gU0,@coldwater6949Yhh,2024-12-07T08:38:34Z,2026-10-01T13:26:34.313948+00:00,0,0,,8096da9f0425bb327880d744257abc8008cfbcb2161e45cae58b736f7984ca3c,Ugx2NyAOx_BfJc_aXGV4AaABAg,youtube-data-api-v3/commentThreads.list,,7HD5ZG2MmeQ,"Gold Trading Strategy Explained - SMC, Supply and demand, liquidity xauusd trade breakdown",The Trading Academy,,
youtube,The Trading Academy,7HD5ZG2MmeQ,https://www.youtube.com/watch?v=7HD5ZG2MmeQ,Ugznu7ogJnIxKMo6nsl4AaABAg,I tried this and now I am broke,2026-09-25T18:21:39Z,2026-10-01T13:26:34.313948+00:00,0,0,,e00db3b64158f433929fd14f255401a8027bc14abcc92ab06c7085cd941e9b19,,youtube-data-api-v3/commentThreads.list,,7HD5ZG2MmeQ,"Gold Trading Strategy Explained - SMC, Supply and demand, liquidity xauusd trade breakdown",The Trading Academy,,
youtube,The Trading Academy,7HD5ZG2MmeQ,https://www.youtube.com/watch?v=7HD5ZG2MmeQ,UgzDrsFUe1bhuS7e06F4AaABAg,I don't understand,2025-08-17T08:34:14Z,2026-10-01T13:26:34.313948+00:00,0,1,,2be1e68bbb4043b251b352605d676624d30fe4dc0f09acb019425d87d730bf09,,youtube-data-api-v3/commentThreads.list,,7HD5ZG2MmeQ,"Gold Trading Strategy Explained - SMC, Supply and demand, liquidity xauusd trade breakdown",The Trading Academy,,
youtube,The Trading Academy,7HD5ZG2MmeQ,https://www.youtube.com/watch?v=7HD5ZG2MmeQ,UgzDrsFUe1bhuS7e06F4AaABAg.ALvHNx6-xbFAPS1jAkMbE0,for the trading？,2025-11-13T00:45:49Z,2026-10-01T13:26:34.313948+00:00,0,0,,31f72e3fa96f5909e00ed389c52f0e46b955a7bd4575542d99c7322af6608d07,UgzDrsFUe1bhuS7e06F4AaABAg,youtube-data-api-v3/commentThreads.list,,7HD5ZG2MmeQ,"Gold Trading Strategy Explained - SMC, Supply and demand, liquidity xauusd trade breakdown",The Trading Academy,,
youtube,The Trading Academy,7HD5ZG2MmeQ,https://www.youtube.com/watch?v=7HD5ZG2MmeQ,UgwMOLLdp8ot5823BfJ4AaABAg,😂😂😂,2025-03-25T16:58:16Z,2026-10-01T13:26:34.313948+00:00,0,0,,b0dde2b24240e05929c007e10ebc06bc2f44ba545b8a28187129b5267a5126f0,,youtube-data-api-v3/commentThreads.list,,7HD5ZG2MmeQ,"Gold Trading Strategy Explained - SMC, Supply and demand, liquidity xauusd trade breakdown",The Trading Academy,,
youtube,The Trading Academy,7HD5ZG2MmeQ,https://www.youtube.com/watch?v=7HD5ZG2MmeQ,Ugyh1Opxb9C0WfZbdSZ4AaABAg,This is replays,2026-07-19T00:39:29Z,2026-10-01T13:26:34.313948+00:00,0,0,,f4bb1726f7ed549f834fc38d2a060e20205e78480bdb6ce016766302913eb096,,youtube-data-api-v3/commentThreads.list,,7HD5ZG2MmeQ,"Gold Trading Strategy Explained - SMC, Supply and demand, liquidity xauusd trade breakdown",The Trading Academy,,
youtube,The Trading Academy,7HD5ZG2MmeQ,https://www.youtube.com/watch?v=7HD5ZG2MmeQ,UgwZOsIs1B2N3fB9J2N4AaABAg,Just use a trading bot,2026-01-21T17:54:31Z,2026-10-01T13:26:34.313948+00:00,0,0,,de7d92ba00037ba55c09089cc9e317f92e2d94fc00f704662f2f00eb1368df64,,youtube-data-api-v3/commentThreads.list,,7HD5ZG2MmeQ,"Gold Trading Strategy Explained - SMC, Supply and demand, liquidity xauusd trade breakdown",The Trading Academy,,
youtube,The Trading Academy,7HD5ZG2MmeQ,https://www.youtube.com/watch?v=7HD5ZG2MmeQ,Ugw9MciUPASaEYAFYOx4AaABAg,Your are confused,2025-01-26T13:45:20Z,2026-10-01T13:26:34.313948+00:00,1,0,,95a889b10828a72ef5b965dedeb92b2fc01bd464472a71bab6402f51b5ef4f85,,youtube-data-api-v3/commentThreads.list,,7HD5ZG2MmeQ,"Gold Trading Strategy Explained - SMC, Supply and demand, liquidity xauusd trade breakdown",The Trading Academy,,
youtube,The Trading Academy,7HD5ZG2MmeQ,https://www.youtube.com/watch?v=7HD5ZG2MmeQ,UgyF-uvim9rz6a7q5O54AaABAg,"I don't understand with this example, look at that green candle next on choch signal, the green candle is inside bar from the big red candle near it (bcause the green day not taking low or high from that big red candle), so i would say that's impulsive move, not corrective move sir",2025-01-25T09:44:59Z,2026-10-01T13:26:34.313948+00:00,0,0,,d09a43de69780d3fad5f9ddd0bccd3d47f7dac9c19a26313e24b976623121812,,youtube-data-api-v3/commentThreads.list,,7HD5ZG2MmeQ,"Gold Trading Strategy Explained - SMC, Supply and demand, liquidity xauusd trade breakdown",The Trading Academy,,
youtube,The Trading Academy,7HD5ZG2MmeQ,https://www.youtube.com/watch?v=7HD5ZG2MmeQ,UgxcOsvuL1lDx27lzR54AaABAg,can you tell me what is change of character high?,2024-12-07T17:30:16Z,2026-10-01T13:26:34.313948+00:00,0,1,,8fc85910b2e977f76681612c2c67d4762692f364a7e97af938cbbe81e5d135ca,,youtube-data-api-v3/commentThreads.list,,7HD5ZG2MmeQ,"Gold Trading Strategy Explained - SMC, Supply and demand, liquidity xauusd trade breakdown",The Trading Academy,,
youtube,The Trading Academy,7HD5ZG2MmeQ,https://www.youtube.com/watch?v=7HD5ZG2MmeQ,UgxcOsvuL1lDx27lzR54AaABAg.ABkmbb-xZCsABkml59nYBt,and how would decide in which dierction to open trade. i meean up or down,2024-12-07T17:31:34Z,2026-10-01T13:26:34.313948+00:00,0,0,,8fc85910b2e977f76681612c2c67d4762692f364a7e97af938cbbe81e5d135ca,UgxcOsvuL1lDx27lzR54AaABAg,youtube-data-api-v3/commentThreads.list,,7HD5ZG2MmeQ,"Gold Trading Strategy Explained - SMC, Supply and demand, liquidity xauusd trade breakdown",The Trading Academy,,
youtube,The Trading Academy,7HD5ZG2MmeQ,https://www.youtube.com/watch?v=7HD5ZG2MmeQ,UgyBmhflxLKFJW_uaFd4AaABAg,Risky,2026-03-02T10:29:14Z,2026-10-01T13:26:34.313948+00:00,0,0,,caa9c5c59522540fb149643982c47d4bb58e82ef7cfbaa059f7b5603a94e92e9,,youtube-data-api-v3/commentThreads.list,,7HD5ZG2MmeQ,"Gold Trading Strategy Explained - SMC, Supply and demand, liquidity xauusd trade breakdown",The Trading Academy,,
youtube,The Trading Academy,7HD5ZG2MmeQ,https://www.youtube.com/watch?v=7HD5ZG2MmeQ,UgwhkpME0M3HhzoCZIh4AaABAg,This is silly,2026-02-23T19:24:03Z,2026-10-01T13:26:34.313948+00:00,0,0,,6e0a1a7b89d7cc0428ae769e8b32d0332573d5d9827d32c6b463a33137afe5f6,,youtube-data-api-v3/commentThreads.list,,7HD5ZG2MmeQ,"Gold Trading Strategy Explained - SMC, Supply and demand, liquidity xauusd trade breakdown",The Trading Academy,,
youtube,The Trading Academy,7HD5ZG2MmeQ,https://www.youtube.com/watch?v=7HD5ZG2MmeQ,Ugykfr_5eF0-kiM9mdJ4AaABAg,This guy chats shit,2025-02-14T23:45:00Z,2026-10-01T13:26:34.313948+00:00,0,0,,e33f339e0c79375804a386d93815e4386cff901095943ae4c9dcd211f3d9f7b4,,youtube-data-api-v3/commentThreads.list,,7HD5ZG2MmeQ,"Gold Trading Strategy Explained - SMC, Supply and demand, liquidity xauusd trade breakdown",The Trading Academy,,
youtube,The Trading Academy,7HD5ZG2MmeQ,https://www.youtube.com/watch?v=7HD5ZG2MmeQ,Ugza3NDPkMnizCyUx3F4AaABAg,Patched,2026-03-18T05:22:27Z,2026-10-01T13:26:34.313948+00:00,0,0,,c188b0eb6a7cdbb70e155bbeacaed58899930c805bf9527c27da0c4a4fca29cc,,youtube-data-api-v3/commentThreads.list,,7HD5ZG2MmeQ,"Gold Trading Strategy Explained - SMC, Supply and demand, liquidity xauusd trade breakdown",The Trading Academy,,
youtube,The Trading Academy,7HD5ZG2MmeQ,https://www.youtube.com/watch?v=7HD5ZG2MmeQ,UgyuizC_cwlAtybvnm14AaABAg,Follow this and you'll keep wiping your account,2025-07-30T04:26:13Z,2026-10-01T13:26:34.313948+00:00,0,0,,25a8439f5e6a808ac19fbbea48a0d3e1db8d6993bbbbe69cd6b6133056ad9d96,,youtube-data-api-v3/commentThreads.list,,7HD5ZG2MmeQ,"Gold Trading Strategy Explained - SMC, Supply and demand, liquidity xauusd trade breakdown",The Trading Academy,,
youtube,The Trading Academy,7HD5ZG2MmeQ,https://www.youtube.com/watch?v=7HD5ZG2MmeQ,Ugy-xO9otCjDnKhDCgt4AaABAg,Bullshit,2026-07-22T08:52:58Z,2026-10-01T13:26:34.313948+00:00,0,0,,c3920579d25b8194363183d6ed68cd49255e41cd2378e8558eeaaeb40c94863f,,youtube-data-api-v3/commentThreads.list,,7HD5ZG2MmeQ,"Gold Trading Strategy Explained - SMC, Supply and demand, liquidity xauusd trade breakdown",The Trading Academy,,
youtube,The Trading Academy,7HD5ZG2MmeQ,https://www.youtube.com/watch?v=7HD5ZG2MmeQ,Ugy7sVorYWbIBMn5ut54AaABAg,For the noobs. This is PURE BS!!,2025-11-15T04:38:06Z,2026-10-01T13:26:34.313948+00:00,0,0,,695fa05f69021cbfb8e1a63587ccb49e9bd37ad1aef5c5813372344be8167fd1,,youtube-data-api-v3/commentThreads.list,,7HD5ZG2MmeQ,"Gold Trading Strategy Explained - SMC, Supply and demand, liquidity xauusd trade breakdown",The Trading Academy,,
youtube,The Trading Academy,7HD5ZG2MmeQ,https://www.youtube.com/watch?v=7HD5ZG2MmeQ,Ugz5azOEufFmGxxr1BV4AaABAg,Thats a very taught ful tutorial,2026-06-10T23:26:14Z,2026-10-01T13:26:34.313948+00:00,0,0,,2ed72248bdbd21c70897a2506bbda42b977a9ab1484fbfc10e728c63c9366748,,youtube-data-api-v3/commentThreads.list,,7HD5ZG2MmeQ,"Gold Trading Strategy Explained - SMC, Supply and demand, liquidity xauusd trade breakdown",The Trading Academy,,
youtube,The Trading Academy,7HD5ZG2MmeQ,https://www.youtube.com/watch?v=7HD5ZG2MmeQ,UgzKCEZMyhNslhjm-gx4AaABAg,📊📈📉,2026-06-19T02:44:39Z,2026-10-01T13:26:34.313948+00:00,1,0,,ac845aef3e6cdcf960472484820caf8c46efd2b0973acbbe6d4cead71e8deecc,,youtube-data-api-v3/commentThreads.list,,7HD5ZG2MmeQ,"Gold Trading Strategy Explained - SMC, Supply and demand, liquidity xauusd trade breakdown",The Trading Academy,,
youtube,The Trading Academy,7HD5ZG2MmeQ,https://www.youtube.com/watch?v=7HD5ZG2MmeQ,Ugwdwusq6eTEKpv6qx14AaABAg,"https://youtube.com/shorts/7HD5ZG2MmeQ?is=coz9KOS4tgE9j1Wg 

Same shit different outcome 💀💀💀🤡🤡🤡",2026-08-23T18:34:16Z,2026-10-01T13:26:34.313948+00:00,0,0,,dedf80a0d1dacf843679e5808aaa17f06fed4381c3f8c4f7e8fc2ed9149b8d40,,youtube-data-api-v3/commentThreads.list,,7HD5ZG2MmeQ,"Gold Trading Strategy Explained - SMC, Supply and demand, liquidity xauusd trade breakdown",The Trading Academy,,
youtube,The Trading Academy,7HD5ZG2MmeQ,https://www.youtube.com/watch?v=7HD5ZG2MmeQ,Ugzbp8E6xlj-PA50kAt4AaABAg,Timeframe?,2026-05-19T02:38:44Z,2026-10-01T13:26:34.313948+00:00,0,0,,ef1a3d5f1f5c09a3a88711acb40d168a4896935ac43eb25038452e45a9331cba,,youtube-data-api-v3/commentThreads.list,,7HD5ZG2MmeQ,"Gold Trading Strategy Explained - SMC, Supply and demand, liquidity xauusd trade breakdown",The Trading Academy,,
