score,categories,platform,comment_text,engagement_likes,reply_count,content_url,comment_id,source_actor,source_run_id
10.772,risk_management|education_gap,youtube,"Man, you've genuinely changed my life. I was a college dropout, down to my last bit of savings, and decided to teach myself trading from scratch. I’ve watched all your 230 videos (231 including this one), and those lessons became the foundation for my own trading style. Today, my stop loss alone matches what my former teachers make in a year. I've built my capital independently, without any funding. You’re the only one out here who truly cares about teaching us the real deal. Thank you for everything!",1298,66,https://www.youtube.com/watch?v=JD_sWSjIiJE,Ugws86EZv-1Iqm7Dwgx4AaABAg,youtube-data-api-v3/commentThreads.list,
9.393,education_gap,youtube,"don't take this for granted, this guy is blessing people with these breakdowns that a kindergartener could understand.  Also, appreciate how TTrades is ANTI-ramble. straight-to the point-simplified-valuable trading knowledge.",833,16,https://www.youtube.com/watch?v=CHIK5oBRKiw,UgxKLOnhELc63Usptyt4AaABAg,youtube-data-api-v3/commentThreads.list,
9.29,education_gap,youtube,"I'm actually really good at this TDA. My problem is dicipline. I do not stick to my plan. It almost always does what I think it will when I am planning.then I see a move on the lower time frame,which I trade, and I take the trade instead of being patient. I'm so close to being profitable!",232,23,https://www.youtube.com/watch?v=GKN-iVjJpyA,UgwlM_C1qIFY2vrr51t4AaABAg,youtube-data-api-v3/commentThreads.list,
9.234,risk_management|entry_timing|education_gap,youtube,"I’ve been seriously considering deleting all my trading apps. After 8 months of studying charts, buying courses, and trying to learn the markets, I’m still losing money overall. It feels like every time I enter a trade, the market immediately moves against me. As a beginner, this is starting to feel nearly impossible. Is consistent profitability actually achievable for most people, or is a lot of what’s sold online just overhyped?😭",125,26,https://www.youtube.com/watch?v=JXHrTloZ-nE,Ugzm4kv115BYHPVk5J54AaABAg,youtube-data-api-v3/commentThreads.list,
9.185,other_question_or_pain,youtube,"We need mmxm buy and sell models from ttrades , who agrees???",256,15,https://www.youtube.com/watch?v=3OivsP1j_UE,UgwpD9FBF08LgeJA3Bl4AaABAg,youtube-data-api-v3/commentThreads.list,
8.808,risk_management|strategy_rules,youtube,"Robots are better than me because they can trade for me while I'm sleeping. They have better strategies, and they follow the strategy, which sometimes I don't because of emotion, Al is taking over the world 💀",235,39,https://www.youtube.com/watch?v=TvWks6oJ-9U,Ugz4_FOd2jvXuiA5vN14AaABAg,youtube-data-api-v3/commentThreads.list,
8.722,psychology,youtube,"Blowed all my accounts using free and paid signal providers. From now on I will stick to my analysis as I generated some profits, but with fear, I trusted signal providers. Lesson learnt",374,21,https://www.youtube.com/watch?v=G2THP1LGPB0,Ugy08td1ezgS7drW-Mp4AaABAg,youtube-data-api-v3/commentThreads.list,
8.704,entry_timing|education_gap,youtube,"Before entering into any trade, study and understand the market with a trading simulator before diving in with real cash. it's really helpful. However, my portfolio has been stalling this year. I have approximately $150k stagnant in my reserve that needs growth, any suggestions  to grow my portfolio will be highly appreciated.",201,5,https://www.youtube.com/watch?v=JD_sWSjIiJE,Ugxi2h2OOg1WglpybOl4AaABAg,youtube-data-api-v3/commentThreads.list,
8.641,education_gap,youtube,"Becoming a good trade takes time and patience. When i first got into trading i was liquidated twice, and lost my entire mortgage deposit. I could have given up, but decided to learn how to trade and put it into practice. 4 years later and i am glad i made that decision.",337,22,https://www.youtube.com/watch?v=U8xH2dEgH5A,UgwCCo6x_b88UHlnxi14AaABAg,youtube-data-api-v3/commentThreads.list,
8.547,strategy_rules,youtube,This has been my edge … I’ve been using this strategy for a while and it’s the one I sticked  to…  I can assure you it’s amazing,347,17,https://www.youtube.com/watch?v=3OivsP1j_UE,UgyYHu6ND0yyzqUH7ct4AaABAg,youtube-data-api-v3/commentThreads.list,
8.532,strategy_rules|education_gap,youtube,"I swear I’ve tried every timeframe and pattern out there 😩. 1H, 15M, 5M  nothing ever feels consistent. Every time I think I found the setup, the market flips on me. What’s so special about this 1H pattern everyone’s talking about?",100,16,https://www.youtube.com/watch?v=JD_sWSjIiJE,UgyE0W--P_PmxXxFusd4AaABAg,youtube-data-api-v3/commentThreads.list,
8.47,strategy_rules,youtube,Nowadays isee young people crazy wanna complex strategy like SMC ICT wcykoff setup without strengthen the basic of market...basic is king guys...even JEA make this video to help out ..please don't skip n understand really well of this valuable video... master market structure -SnR-SnD before look for a advance strategy... Always great content bratha 🤝,189,6,https://www.youtube.com/watch?v=LclxDYccla8,UgyUIYU3DEoROf2wb2R4AaABAg,youtube-data-api-v3/commentThreads.list,
8.469,education_gap,youtube,"Great video, one that folks really need to watch. I could have made a fortune as a day trader shorting almost every stock/Crypto 've bought. I have an uncanny ability to buy stocks at the highest price they will sell for months at a time. I have no idea how I do it.",787,2,https://www.youtube.com/watch?v=JD_sWSjIiJE,UgxwqEvv_LjvcgG9OKR4AaABAg,youtube-data-api-v3/commentThreads.list,
8.433,other_question_or_pain,youtube,"I’m about to delete all my trading apps. Spent the last 6 months studying charts, buying courses, and trying to learn the ropes, but I’m still just losing money. Every time I take a trade, the market immediately reverses on me. Being a beginner in this market feels impossible right now. Is anyone actually making consistent money or is this whole thing just a scam? 😭",100,22,https://www.youtube.com/watch?v=T06ayy3-zs8,Ugw3YZbs4xd142nvEY54AaABAg,youtube-data-api-v3/commentThreads.list,
8.241,strategy_rules|education_gap,youtube,"Price is everything, thats why no strategy needed If you know how to read behavior of price. You need to to train your eyes like an eagle to observe these behaviors. Thank you for this great observational video🙏",319,6,https://www.youtube.com/watch?v=990oOC-bHxA,UgwG00hVD13_gAZsu7F4AaABAg,youtube-data-api-v3/commentThreads.list,
8.214,other_question_or_pain,youtube,"Does anyone else feel like they’re doing everything right and still losing? I spent about a year learning. bought several trading courses, backtested strategies for hours, and my account still kept shrinking. Every time I thought I’d figured it out, the market seemed to behave differently. At one point, I honestly wondered if consistent trading was even possible",82,21,https://www.youtube.com/watch?v=3JoMwrrN89E,UgznTw1upqgbvVA3Vwt4AaABAg,youtube-data-api-v3/commentThreads.list,
8.169,strategy_rules|education_gap,youtube,"As a person who's seen Jea's course and videos when he only has a couple hundred subs. This dude ANNIHILATES inducement setups. I've seen my guy wait with a limit order, on an OB with inducement and imbalance  WITH PATIENCE. My guy waited like 2 or 3 days for a like 1:12 trade on AU. Dude really practices what he preaches.",248,9,https://www.youtube.com/watch?v=AIeBNqf8RBA,UgxaaIjyoBu8U2Amwb94AaABAg,youtube-data-api-v3/commentThreads.list,
8.158,strategy_rules|education_gap,youtube,"Every ICT model is a gem, but this strategy is something else.....I'm doing paper trading and i never lost a trade in the last month, you explained it very well",188,16,https://www.youtube.com/watch?v=0xygpCMwxbQ,UgzQCOORyx7T8s_Nh7F4AaABAg,youtube-data-api-v3/commentThreads.list,
8.149,risk_management,youtube,"When it comes to investing, we want our money to grow with the highest rate of returns and the lowest risk possible. While there are not shortcuts to getting Rich,  they're smart way to go about it I invested 10k and made up to 36k as weekly profit I appreciate the help of your channel",109,10,https://www.youtube.com/watch?v=m-G1ag77aVc,UgxXFHVeuIHf06K84ON4AaABAg,youtube-data-api-v3/commentThreads.list,
8.111,risk_management,youtube,"I have a slightly more refined idea to objectively define a displacement. Instead of only looking for a FVG, make sure that the body of middle candle of the FVG is bigger than the left candle's and the right candle's body. Hope this can help someone :)",110,9,https://www.youtube.com/watch?v=_94CPMjWi9E,UgxGzXpT1blFxkscnHx4AaABAg,youtube-data-api-v3/commentThreads.list,
7.992,strategy_rules,youtube,"hey man i love ur content is there a chnance i can join your group im tired of trading by myself since my friend gave up and i would like to have some feedback of my setups im 2,5+ in this and so obseessed and seeing no other way for me... but i have a really big problem with my ego and self control.. maybe u have tipps..",89,11,https://www.youtube.com/watch?v=9nRFcetXqkA,UgyRVOKa_Uj2w8YJyVB4AaABAg,youtube-data-api-v3/commentThreads.list,
7.889,education_gap,youtube,You don’t realize how this one video really changed my trading life. I’ve become so much more consistent in profitability. Explosive and profound.,311,5,https://www.youtube.com/watch?v=JD_sWSjIiJE,Ugx5HDnwmlWKd5aaZg54AaABAg,youtube-data-api-v3/commentThreads.list,
7.869,risk_management|psychology|education_gap,youtube,"Stop being scared of losing money lol. That fear is why most people never even start. We watch others win while we sit back worried about getting scammed. But risk comes before reward, no pain no gain. Ask questions, learn from people doing it, don't let fear stop you. I used to be scared too but once I pushed past it and stayed focused, everything changed.",136,10,https://www.youtube.com/watch?v=990oOC-bHxA,Ugye2QvBdtvvImHIFft4AaABAg,youtube-data-api-v3/commentThreads.list,
7.829,education_gap,youtube,"I stepped into trading thinking I could learn as I >go. and while I loved the ><Challenge, the reality hit Hard. YouTube wasn't enough, and the constant ups and downs left me >Guessing. I lost more than I won, but it taught me what I was missing.",216,10,https://www.youtube.com/watch?v=m-G1ag77aVc,UgwO0gaeSd5T-B9xtxZ4AaABAg,youtube-data-api-v3/commentThreads.list,
7.775,risk_management|psychology,youtube,"overcomplicating strategies
2:52 risk management + stop loss discipline
8:35 emotional decisions + revenge trading
13:20 lack of patience + discipline
18:20 mental barriers + external distractions
21:53 the funding trap
23:56 information overload
26:22 the consistency",167,9,https://www.youtube.com/watch?v=ygleB1CLhUE,UgwsEnrKrC6QPImNicp4AaABAg,youtube-data-api-v3/commentThreads.list,
7.773,strategy_rules,youtube,"This is everything you need to be profitable trade, forget about indicators etc. Have a good day guys.",130,26,https://www.youtube.com/watch?v=JhBX0TQ41H8,UgyavWN4o3levfOk7Bl4AaABAg,youtube-data-api-v3/commentThreads.list,
7.724,psychology,youtube,"I’m just starting out. And truly you’re my mentor. I’ll start from scratch and one day I could hit my first 100k. Patient, Discipline, Time .",215,8,https://www.youtube.com/watch?v=JD_sWSjIiJE,Ugy6C6AkpC29FSOwbTZ4AaABAg,youtube-data-api-v3/commentThreads.list,
7.659,strategy_rules|education_gap,youtube,"Dude !!!!! I hope you know when you wake up every morning you’re helping people who want/need this information. Thank you for showing up every week, because I appreciate you. You have changed the way I look and know charts !!! I’m coming up with my personal strategy I can use daily. I didn’t even have to ask about the pdf’s lol. Printing tomorrow 🙌🏾",70,5,https://www.youtube.com/watch?v=YESqIoA7Wyg,UgxevHIitEPxSo-1LZd4AaABAg,youtube-data-api-v3/commentThreads.list,
7.614,entry_timing|education_gap,youtube,*Excellent! I really do have a question. As a beginner interested in trading. How would you recommend we enter into trading ? I will greatly appreciate any suggestions*,47,11,https://www.youtube.com/watch?v=91-eWDvL-No,UgykgbbgU6FM0K-oR7h4AaABAg,youtube-data-api-v3/commentThreads.list,
7.611,education_gap,youtube,"Am I the only one struggling? 🤦‍♂ I’ve been losing so much lately trying to make a profit. I thought trading on a demo account was the same as the real market, but I’m getting wiped out on my real account. Can anyone actually help me or give me some advice on what to do?",18,16,https://www.youtube.com/watch?v=T06ayy3-zs8,UgwDmyijrJc9wlihw814AaABAg,youtube-data-api-v3/commentThreads.list,
7.589,education_gap,youtube,This facilitation was by far one of the best teachings on how to read candlesticks and analyze market trends. Thanks a million!,282,3,https://www.youtube.com/watch?v=990oOC-bHxA,UgxiXQ3QlGuqI-BzkTd4AaABAg,youtube-data-api-v3/commentThreads.list,
7.589,strategy_rules|education_gap,youtube,"Man… I’ve tried every “easy” scalping strategy out there. Nothing holds up live. The second emotions kick in, it’s over. How do people stay consistent??",44,12,https://www.youtube.com/watch?v=pORrgC7GjkM,UgxrchqHmazKWZ5RQf54AaABAg,youtube-data-api-v3/commentThreads.list,
7.56,education_gap,youtube,"Becoming a good trader takes time and patience. When i first got into trading i was liquidated twice, and lost my entire mortgage deposit. I could have given up, but decided to learn how to trade and put it into practice. 4 years later and i am glad i made that decision.",173,9,https://www.youtube.com/watch?v=Cq9mF42y2UQ,UgwKJHwG0HL2SSNklwJ4AaABAg,youtube-data-api-v3/commentThreads.list,
7.553,strategy_rules|education_gap,youtube,"I've been paper trading for a few weeks now after spending a ridiculous amount of time studying strategies and market structure. its been easy for me to understand and place successful trades on the higher time frames because i expect to hold those trades until they play out. I've struggled with position sizing and confidence in placing trades on lower timeframes. the pace and frequent trend changes in the market makes it hard for me to understand my opportunities on lower timeframes because, of course, it doesn't make sense to wait for a trade placed on a 5m, 30m, or 1h chart to play out over 4 days. after watching this video i understand how to analyze the lower charts and look for trades. its finally clicked. this is good information. thank you!",69,4,https://www.youtube.com/watch?v=ygleB1CLhUE,Ugx0ez05kyxTDxd4zuR4AaABAg,youtube-data-api-v3/commentThreads.list,
7.543,strategy_rules,youtube,"he is doing this on the 1-hour time frame, but this setup also works on lower time frames. I trade this setup on the 5-minute. The higher the time frame, the stronger the setup.",149,12,https://www.youtube.com/watch?v=nkMzaQqpFbw,UgxlfJNLf7OxpSaW5yJ4AaABAg,youtube-data-api-v3/commentThreads.list,
7.54,education_gap,youtube,"Been trading for 3 going on 4 years, so I dont need help. but  I like to watch videos just to consistently learn and stay sharp. I have to say, I do like how simple you keep things. trading is already hard enough, no need to complicate it more. this is why the simple Strats are the best",74,6,https://www.youtube.com/watch?v=GKN-iVjJpyA,UgyDwLZgSXHcVcuOuhx4AaABAg,youtube-data-api-v3/commentThreads.list,
7.51,risk_management,youtube,5% is way too much. I risk 1-3% max. And trading for 15 years now...,233,4,https://www.youtube.com/watch?v=pORrgC7GjkM,UgykfPSUjDtYoldLQYB4AaABAg,youtube-data-api-v3/commentThreads.list,
7.505,psychology|education_gap,youtube,"Hit $190K after years of discipline. This isn't just about money-it's about transformation: from nothing to stability, from mistakes to wisdom, and now a family that understands how to keep wealth alive for generations. That's the true",92,18,https://www.youtube.com/watch?v=cQzisFQRg3c,UgxX2DBWiDnNtlVd1xV4AaABAg,youtube-data-api-v3/commentThreads.list,
7.47,entry_timing|education_gap,youtube,"It took me four years to discover that forecasting the market based on charts is pointless; you never know what will happen.I have a little over 70k i wanted to put in the markets since last month, but the largest obstacle is the absence of clear entry and exit plans. Any guidance in this regard would be much valued.",147,6,https://www.youtube.com/watch?v=GKN-iVjJpyA,UgzTEO68VthNjEsZKc94AaABAg,youtube-data-api-v3/commentThreads.list,
7.462,strategy_rules,youtube,"Forex trading for beginners isn’t easy. But with the right skills and strategy, you’ll be profiting in no time. Getting into a trade is the easy part, but where you get out determines your profit or loss.",143,11,https://www.youtube.com/watch?v=JD_sWSjIiJE,UgxlyUBX4eN6UW6CR354AaABAg,youtube-data-api-v3/commentThreads.list,
7.46,strategy_rules,youtube,this strategy actually works way better and simpler than order blocks but when combined with like liquidity imbalances OH my god thanks bro,149,10,https://www.youtube.com/watch?v=m-G1ag77aVc,Ugw_R4g-eWqNk-ObZG94AaABAg,youtube-data-api-v3/commentThreads.list,
7.437,education_gap,youtube,I’ve tried like 6 different 1-minute scalping strategies and always get stopped out or overtrade. How do these guys make it look so effortless? Is there anyone who actually teaches how to do this the right way  in real time?,79,4,https://www.youtube.com/watch?v=yaCM_cr5BXo,UgzlUrSTkuIrLCgMqS94AaABAg,youtube-data-api-v3/commentThreads.list,
7.342,education_gap,youtube,"I started trading with $5k just last week and now I've hit $14,590. I was having this exact conversation with my son the other night – generational wealth isn't just about getting money. It's about teaching everyone not only how to make it, but also how to maintain it. It does no good for me to provide for my family if they don't understand how to manage and sustain it. That's why I really love this video",41,14,https://www.youtube.com/watch?v=g0BPjHd4OP8,UgyZmL5LcEPBKoXWKRh4AaABAg,youtube-data-api-v3/commentThreads.list,
7.329,education_gap,youtube,How can I start making solid profit as a beginner in market,164,6,https://www.youtube.com/watch?v=9nRFcetXqkA,Ugx7lzWW5viJJMtj_ep4AaABAg,youtube-data-api-v3/commentThreads.list,
7.318,strategy_rules,youtube,"This dude is a damn legend, I learned everything from him after I stop using indicators.",143,8,https://www.youtube.com/watch?v=yaCM_cr5BXo,Ugz-m8LdbCV8QH-bxsN4AaABAg,youtube-data-api-v3/commentThreads.list,
7.314,entry_timing|education_gap,youtube,"videos like this always hit hard. crazy how everyone says investing “changed their life,” but no one talks about the confusing beginning. I’m still stuck overthinking everything — stocks, crypto, timing, all of it. If anyone here actually learned from someone who explained investing in a simple way that finally clicked, please drop their name.",66,24,https://www.youtube.com/watch?v=cIv3bcPylr4,UgxiC6nYvOjA4ZbywLJ4AaABAg,youtube-data-api-v3/commentThreads.list,
7.288,strategy_rules,youtube,"Forex trading for beginners isn’t easy. But with the right skills and strategy, you’ll be profiting in no time. Getting into a trade is the easy part, but where you get out determines your profit or loss.",120,11,https://www.youtube.com/watch?v=JhBX0TQ41H8,Ugw2e9kPNM_AI63KrIx4AaABAg,youtube-data-api-v3/commentThreads.list,
7.288,risk_management,youtube,"I always thought ICT concept was a complex way to trade until i found your videos...Seriously you deserve every subscriber and more. Straight to the point, no messing around way of teaching. You are a legend",170,5,https://www.youtube.com/watch?v=0xygpCMwxbQ,UgxW2YmKGcYuennWDAB4AaABAg,youtube-data-api-v3/commentThreads.list,
7.229,other_question_or_pain,youtube,"this is by far the best video for traders - i wish she remakes it with charts view, that would clear a lot of things - visual explanation is missing. This is not a random comment, its a honest suggestion to help the traders",64,4,https://www.youtube.com/watch?v=v97Efp_UDC0,UgyDBmIv_xV_aIcHjZZ4AaABAg,youtube-data-api-v3/commentThreads.list,
7.22,education_gap,youtube,"I AM NIGERIAN AND I WISH TO EXPRESS MY DEEP APPRECIATION FOR FOR EXCEPTIONAL  STYLE AND SKILL OF TEACHING AND MAKING VERY COMPLEX TOPICS EXTREMELY SIMPLE.

MY TRADING DRASTICALY IMPROVED AND MY SNIPER ENTRIES ARE NOW SECOND TO NONE.

I DONT KNOW HOW MUCH I CAN THANK YOU.

PLEASE CONTINUE YOUR GOOD WORK.",117,10,https://www.youtube.com/watch?v=91-eWDvL-No,Ugzm25VO9nizRc0q6mV4AaABAg,youtube-data-api-v3/commentThreads.list,
7.211,strategy_rules,youtube,"Trading advice for anyone new to crypto: try not to focus too much on the 1-minute charts. When I first started trading, I made the mistake of reacting to every small price movement, and it cost me a lot of money. Constantly watching the smallest timeframes can create unnecessary stress and lead to impulsive decisions.",88,18,https://www.youtube.com/watch?v=990oOC-bHxA,UgwLfcc_dbKFCoIojup4AaABAg,youtube-data-api-v3/commentThreads.list,
7.211,education_gap,youtube,"Starting out in trading, and I've realized how important it is to have the right guidance. I'm really thankful for the support and insight I've gained from my mentor, ..it's made the learning process a lot smoother and more focused.",111,11,https://www.youtube.com/watch?v=wIyZcY6kNuo,UgxEIa5Z5ZGyKUmbv6Z4AaABAg,youtube-data-api-v3/commentThreads.list,
7.206,other_question_or_pain,youtube,Honestly the best Daily Bias video I have seen. Biggest struggle for me is the daily bias and you made it so simple to understand. Thank you and much success to you. This is gold 💯,81,2,https://www.youtube.com/watch?v=g3oDYq4P9ZE,UgwfwF48I1bkxouHExt4AaABAg,youtube-data-api-v3/commentThreads.list,
7.198,psychology,youtube,"You’re absolutely right — the shift from understanding to execution is where most traders struggle. Plenty of people can read charts or recognize trends, but turning that knowledge into consistent profit requires structure, discipline, and a clear framework.",62,4,https://www.youtube.com/watch?v=DZ08d8ORc_M,UgzA3uEWcFsGZPBBg8J4AaABAg,youtube-data-api-v3/commentThreads.list,
7.169,education_gap,youtube,"Another simple and precise explanation. Great job! Dare I say better explained than ICT himself. Would like to see another back testing video, those have helped me a lot in my progress.",78,2,https://www.youtube.com/watch?v=CHIK5oBRKiw,UgzQZt512yn94FXIYF14AaABAg,youtube-data-api-v3/commentThreads.list,
7.14,strategy_rules,youtube,"Two years of looking for a solid RR strategy and I run into you, Pat. Where you been all of my 2 year trading career, man?! You wrong for hidding from me, man. Haha. Thanks!",132,0,https://www.youtube.com/watch?v=R9yZSDpdCGE,UgyJ8pVBdxu5zhD247p4AaABAg,youtube-data-api-v3/commentThreads.list,
7.132,other_question_or_pain,youtube,"I’m starting to feel like trading just isn’t for me.😔 I’ve tried to stay patient, changed strategies, and even taken breaks, but my account keeps going down. It’s frustrating watching others succeed while I’m struggling to stay consistent. Is trading even real, or am I missing something important?",31,16,https://www.youtube.com/watch?v=6-2WXJFyBhE,UgzSak-068QVnbRz--F4AaABAg,youtube-data-api-v3/commentThreads.list,
7.127,risk_management,youtube,"If you ask me, 5% of the account at risk on a single trade is more than reckless, is insane. Unless the account represents a small fraction of my risk capital, that is: in my 10,000 $ trading account, rests the 10% of my total high risk investment capital, aka 100,000 $.",205,2,https://www.youtube.com/watch?v=pORrgC7GjkM,UgysnndYfcV0EWtFMLx4AaABAg,youtube-data-api-v3/commentThreads.list,
7.102,education_gap,youtube,Nobody so far explained why we miss traders due to the reason as explained by you.... Hats off,173,3,https://www.youtube.com/watch?v=m-G1ag77aVc,Ugy8hv-qVB0MsOhGrgl4AaABAg,youtube-data-api-v3/commentThreads.list,
7.061,education_gap,youtube,"I started trading to pay bills. 
No other source of income.
Do or die. 
Now I make about $400-$500 per day on small pre-market moves. Yes, I trade the trend on the 5 minute chart using 9 EMA and VWAP. I learned the hard way how to take a small profit. It’s ok to close a small trade and be done for the day. it’s all about the psychology. When I stopped trying to turn a $300 trade into a $1,000 trade, I started winning.",80,16,https://www.youtube.com/watch?v=T06ayy3-zs8,UgzlBXX46PHmpvfabD14AaABAg,youtube-data-api-v3/commentThreads.list,
7.046,education_gap,youtube,How can I make good profit as a beginner starting with $10k.,103,9,https://www.youtube.com/watch?v=JD_sWSjIiJE,Ugyy2Lw3s_fF377Nsal4AaABAg,youtube-data-api-v3/commentThreads.list,
7.04,entry_timing|strategy_rules,youtube,"Crypto momentum isn’t just hype it’s about positioning, timing, and knowing when to scale. I started with around $10K, and now I’m sitting just above $109K. It wasn’t luck or chasing moonshots; it came from following a structured strategy and getting the right guidance.",59,17,https://www.youtube.com/watch?v=JXHrTloZ-nE,UgwqaeCZ-KXQPwKRLOR4AaABAg,youtube-data-api-v3/commentThreads.list,
7.017,education_gap,youtube,"I started trading with $5k just last week and now I've hit $14,590. I was having this exact conversation with my son the other night – generational wealth isn't just about getting money. It's about teaching everyone not only how to make it, but also how to maintain it. It does no good for me to provide for my family if they don't understand how to manage and sustain it. That's why I really love this video",47,5,https://www.youtube.com/watch?v=v97Efp_UDC0,UgzlTz412rwYBo8XF1F4AaABAg,youtube-data-api-v3/commentThreads.list,
7.015,other_question_or_pain,youtube,"Hey TTrades, I just wanted to take a moment to say a big thank you for providing such fantastic educational content on YouTube! Your videos have been incredibly helpful in expanding my knowledge and understanding of various topics. It's truly wonderful to have access to such valuable resources that are both informative and engaging. Keep up the amazing work, and know that your efforts are greatly appreciated. #Grateful",82,1,https://www.youtube.com/watch?v=MPeeE55rNOw,UgxkSLhX7VAu5nGpn7F4AaABAg,youtube-data-api-v3/commentThreads.list,
7.002,education_gap,youtube,"Nice video. One critique would be, I personally, like more visual examples of what you are talking about playing out. Sometimes it's hard to know exactly what you mean and understand what it looks like on a chart as it happens.",118,6,https://www.youtube.com/watch?v=DZ08d8ORc_M,UgyNqHY8Iq2T_CzI9z14AaABAg,youtube-data-api-v3/commentThreads.list,
6.977,risk_management|psychology,youtube,"As a beginner in trading, keep these four principles firmly in mind:
1. Think long-term. Real success in trading is built over time, not overnight.
2. Be prepared to take calculated risks. Every investment carries risk, so learn to manage it wisely.
3. Be disciplined with your money. If your spending is not helping you grow or generate returns, reconsider it.
4. Never assume you know everything. Stay humble, keep learning, ask questions, and seek guidance from a qualified financial advisor whenever possible.",21,15,https://www.youtube.com/watch?v=v97Efp_UDC0,UgwSMaf-e78NEsy78aR4AaABAg,youtube-data-api-v3/commentThreads.list,
6.87,risk_management|psychology,youtube,"As a beginner in trading, keep these five principles firmly in mind to win successful:
1. Think long-term. Real success in trading is built over time, not overnight.
2. Be prepared to take calculated risks. Every investment carries risk, so learn to manage it wisely.
3. Be disciplined with your money. If your spending is not helping you grow or generate returns, reconsider it.
4. Never assume you know everything. Stay humble, keep learning, ask questions, and seek guidance from a qualified financial advisor whenever possible.
5. Make sure your advisor account is verified ✅",24,9,https://www.youtube.com/watch?v=T06ayy3-zs8,UgzplWyZ41Lq9zoDkGp4AaABAg,youtube-data-api-v3/commentThreads.list,
6.867,risk_management,youtube,"As a newbie about to invest, you must have these four things in mind 
1. Have a long term mindset.
2. Be willing to take risk.
3. Be careful on money usage, if you're not spending to earn back, then stop spending.
4. Never claim to know - Ask questions and it's best you work with a financial advisor Like Rolando Diaz",103,6,https://www.youtube.com/watch?v=m-G1ag77aVc,UgwqRmFsRnW4PKSAk0V4AaABAg,youtube-data-api-v3/commentThreads.list,
6.787,risk_management|psychology,youtube,"As a beginner in trading, keep these five principles firmly in mind:
1. Think long-term. Real success in trading is built over time, not overnight.
2. Be prepared to take calculated risks. Every investment carries risk, so learn to manage it wisely.
3. Be disciplined with your money. If your spending is not helping you grow or generate returns, reconsider it.
4. Never assume you know everything. Stay humble, keep learning, ask questions, and seek guidance from a qualified financial advisor whenever possible.
5. Make sure your advisor account is verified ✅",22,9,https://www.youtube.com/watch?v=3JoMwrrN89E,UgxYae9IL_FM_xPPu_B4AaABAg,youtube-data-api-v3/commentThreads.list,
6.774,risk_management|education_gap,youtube,"I came into trading with high expectations, only to realize how misleading simplicity can be...Volatile markets and inconsistent advice led to confusion, and despite testing different approaches, results haven’t followed. Instead of staying frustrated by others progress, I’m seeking solid, practical guidance to rebuild my approach the right way.",45,17,https://www.youtube.com/watch?v=wIyZcY6kNuo,Ugz8Hj800iw293T7HVJ4AaABAg,youtube-data-api-v3/commentThreads.list,
6.767,other_question_or_pain,youtube,"I'm honestly tired at this point. I've changed strategies, stayed patient, studied for hours and still my account keeps bleeding. Watching everyone else post profits while I struggle to stay consistent is mentally draining. Starting to wonder if trading is actually real, or if most of us are just being set up to lose",20,18,https://www.youtube.com/watch?v=T06ayy3-zs8,Ugxo_MBC_A7Wq14Ppol4AaABAg,youtube-data-api-v3/commentThreads.list,
6.758,education_gap,youtube,I’m done trying to figure this out solo. Feels like the market’s playing me. I’m ready to pay for legit 1-on-1 help. I just need someone who actually knows how to trade. 🙏,21,16,https://www.youtube.com/watch?v=JXHrTloZ-nE,UgypzfFHEQrCq1Z2wJl4AaABAg,youtube-data-api-v3/commentThreads.list,
6.741,education_gap,youtube,In 20 minutes I learnt what I haven't learned in over 6 months. Thanks a lot.,139,2,https://www.youtube.com/watch?v=JhBX0TQ41H8,UgzV3XVKFphy1Ug9IA14AaABAg,youtube-data-api-v3/commentThreads.list,
6.739,risk_management,youtube,Today i have put an end following anyone on youtube and choose to stick ONLY with YOU my mentor. Every time i get notified of your new video i am the one of the first to watch it. You have changed my way of trading and slowly i am becoming profitable because of you my brother. All i need is to get some good capital to go for a prop firm. That will be my life changing story. Thank you for all you do for people like me and in their names i say BIG THANKS.,120,3,https://www.youtube.com/watch?v=JhBX0TQ41H8,UgwVVbgkht8VWh7-3BJ4AaABAg,youtube-data-api-v3/commentThreads.list,
6.721,psychology,youtube,"It is important for beginners in trading and investing to understand that success in these fields requires more than just technical analysis. Emotional maturity and self-discipline are equally important, as they enable traders to make rational decisions even during periods of market volatility.",83,7,https://www.youtube.com/watch?v=DZ08d8ORc_M,UgzZrW1OU1WTxoWpFU54AaABAg,youtube-data-api-v3/commentThreads.list,
6.715,broker_platform|education_gap,youtube,"From my observation and historical market pattern, there might be a bit of turbulence in the market coming up, but here's the deal: Trying to guess what's going to happen next is less important than spreading your bets when trading and thinking long term. It's not about guessing the market's next move; it's about playing it smart and steady… for me .. Long & short-term trading is generally safer, allowing investors to weather market volatility I managed to grow a Portfolio  of around 100k to a decent 780k in the space of a few months.Thanks again, Alyssa Zentner, for the regular updates.",45,15,https://www.youtube.com/watch?v=3JoMwrrN89E,Ugzcjh6cUezxA5vp3ex4AaABAg,youtube-data-api-v3/commentThreads.list,
6.704,other_question_or_pain,youtube,"I know a very successful trader for whom I have tremendous respect. I often ask myself, ""Would Joe take this trade?"" This practice alone keeps me out of many trades that were marginal in hindsight.",85,0,https://www.youtube.com/watch?v=cIv3bcPylr4,UgynnOHH1M9RY2HwFJ94AaABAg,youtube-data-api-v3/commentThreads.list,
6.681,education_gap,youtube,I’ve tried like 6 different 1-minute scalping strategies and always get stopped out or overtrade. How do these guys make it look so effortless? Is there anyone who actually teaches how to do this the right way  in real time?,20,15,https://www.youtube.com/watch?v=6-2WXJFyBhE,Ugzqkitb45g29EQhl-l4AaABAg,youtube-data-api-v3/commentThreads.list,
6.644,strategy_rules,youtube,"For anyone new to crypto: stop looking at the 1-minute charts. I lost so much money early on because I was reacting to every tiny wiggle. Once I started looking at the higher timeframes and understanding institutional flow, my stress levels dropped and my hits started landing. Trading is 90% patience and 10% execution.",54,15,https://www.youtube.com/watch?v=GKN-iVjJpyA,UgyOGJAyRhI0XvAQplt4AaABAg,youtube-data-api-v3/commentThreads.list,
6.615,risk_management|psychology,youtube,"overcomplicating strategies
2:52 risk management + stop loss discipline
8:35 emotional decisions + revenge trading
13:20 lack of patience + discipline
18:20 mental barriers + external distractions
21:53 the funding trap
23:56 information overload
26:22 the consistency",67,5,https://www.youtube.com/watch?v=m-G1ag77aVc,UgyXStKg7yqoIWAmjnt4AaABAg,youtube-data-api-v3/commentThreads.list,
6.586,entry_timing|strategy_rules|education_gap,youtube,This exactly what i use to determine bias in higher timeframe before going to lower timeframe to find entry,62,3,https://www.youtube.com/watch?v=CHIK5oBRKiw,UgxD193G_hmk1MgzP8J4AaABAg,youtube-data-api-v3/commentThreads.list,
6.572,other_question_or_pain,youtube,Ould you please give some charts examples? That would be very helpful to better understand your expectations. Thank you anyway for sharing your knowledge.,15,2,https://www.youtube.com/watch?v=T06ayy3-zs8,UgxKKOC2IhgoxfnjYlN4AaABAg,youtube-data-api-v3/commentThreads.list,
6.54,psychology,youtube,"I'm still a student in a tradin academy with Noel Baudry, constantly learning and improving. I started with a €3,000 account, and in just one week, it grew to €11,000. It's a reminder that staying consistent, disciplined, and committed to learning can lead to incredible progress. I'm deeply grateful for this journey and more motivated than ever to keep pushing forward. ❤️",54,12,https://www.youtube.com/watch?v=JXHrTloZ-nE,Ugw3yudULszVj-eyyZl4AaABAg,youtube-data-api-v3/commentThreads.list,
6.523,strategy_rules|education_gap,youtube,"Ok, I admit it, this is the simplest explanation of Market structure and how it relates to supply & demand trading strategy I've ever seen",61,5,https://www.youtube.com/watch?v=ygleB1CLhUE,UgwBxz1OI-p88JkZCbJ4AaABAg,youtube-data-api-v3/commentThreads.list,
6.517,education_gap,youtube,"This is by far THE BEST video I've seen to explain the daily bias. Well done TTrades, you've created a gem for the struggling ones. 👏👏👏",136,1,https://www.youtube.com/watch?v=g3oDYq4P9ZE,Ugx2GxY7Noz7ZXY0d5J4AaABAg,youtube-data-api-v3/commentThreads.list,
6.513,entry_timing,youtube,"Mad respect bro , such a value from all the videos u post , i prefer your channel to ict himself, quick short and no bs , no time wastage ,just pure value... I wish u make all the icy entry set up videos with examples like this .",72,6,https://www.youtube.com/watch?v=0xygpCMwxbQ,UgyO5LbVHAXo00fW93l4AaABAg,youtube-data-api-v3/commentThreads.list,
6.483,entry_timing|education_gap,youtube,"As a beginner trader (for 3 years now), I’m starting to see the advantages of bots over human traders, especially in the early stages. Bots eliminate emotions, don’t worry about account balance or the 'perfect' timing – they simply react to market opportunities. Most importantly, they remove stress, which, to be honest, has cost me more than I’d like to admit. Overtrading is one of the biggest reasons for losses, and bots operate purely mechanically, following their programmed rules without overreacting. That’s what I like about them, and I’m ready to fully embrace their potential because they eliminate one of the biggest issues – human error.",30,2,https://www.youtube.com/watch?v=TvWks6oJ-9U,UgzztRgogWuKxwHahcF4AaABAg,youtube-data-api-v3/commentThreads.list,
6.477,other_question_or_pain,youtube,"I’ve tried everything, and this market keeps crushing me. 💔 It’s like I take two steps forward and five back. I’ve blown through strategies, watched hours of YouTube, paid for 3 courses… still can’t stay consistent. If anyone’s worked with a mentor who actually helps you trade while you’re learning, I’m listening. I’m done with theory I need results.",18,12,https://www.youtube.com/watch?v=6-2WXJFyBhE,UgwbPFAsJZ47HGgy-yF4AaABAg,youtube-data-api-v3/commentThreads.list,
6.47,education_gap,youtube,I’ve tried like 6 different 1-minute scalping strategies and always get stopped out or overtrade. How do these guys make it look so effortless? Is there anyone who actually teaches how to do this the right way  in real time?,16,15,https://www.youtube.com/watch?v=JXHrTloZ-nE,UgyY7mEmkGaODJy4ORV4AaABAg,youtube-data-api-v3/commentThreads.list,
6.463,risk_management,youtube,"Ever since I watched this video, my win rate has increased and my confidence also tremendously. 😊 God bless you.",105,2,https://www.youtube.com/watch?v=g3oDYq4P9ZE,UgyRFfe8gz0mETnHYTJ4AaABAg,youtube-data-api-v3/commentThreads.list,
6.399,strategy_rules,youtube,"Honestly at my limit here. For beginners, reading every candle strategy can feel like a losing battle. I’ve watched endless videos and paid for three courses, but nothing sticks. Theory isn't working I need real results. If anyone knows someone real who guides you through live charts while you learn, let me know. This is my last shot.",76,4,https://www.youtube.com/watch?v=T06ayy3-zs8,UgzcVURiRVgb6ee47Gl4AaABAg,youtube-data-api-v3/commentThreads.list,
6.383,risk_management|strategy_rules,youtube,"I stopped listening to random predictions and started focusing on financial education, managing risk, and sticking to one strategy that works for me. Today I officially hit my new year goal of $200k. Just a reminder that it's not about where you Start, it's about trusting the process and staying consistent..",32,15,https://www.youtube.com/watch?v=T06ayy3-zs8,UgxPLND7kNUUNJdu-2x4AaABAg,youtube-data-api-v3/commentThreads.list,
6.376,education_gap,youtube,How can I start making solid profit as a beginner in market,118,1,https://www.youtube.com/watch?v=JD_sWSjIiJE,UgznV1IoMdxIul4EfaR4AaABAg,youtube-data-api-v3/commentThreads.list,
6.367,risk_management,youtube,Fantastic. Your slow relaxed style of talking makes it easier to understand.,117,1,https://www.youtube.com/watch?v=MPeeE55rNOw,UgyawjQMQfNXWEFDq-d4AaABAg,youtube-data-api-v3/commentThreads.list,
6.342,other_question_or_pain,youtube,"I’ve tried everything, and this market keeps crushing me. 💔 It’s like I take two steps forward and five back. I’ve blown through strategies, watched hours of YouTube, paid for 3 courses… still can’t stay consistent. If anyone’s worked with a mentor who actually helps you trade while you’re learning, I’m listening. I’m done with theory I need results.",15,13,https://www.youtube.com/watch?v=v97Efp_UDC0,UgwR7nDSy5k6WD-ZYFJ4AaABAg,youtube-data-api-v3/commentThreads.list,
6.341,strategy_rules,youtube,Bro i backtested your strategy on 150trades i got 45.67% winrate with avg rr of 2 and there is little modification in strategy that one two big candles are enough zone strength. I passed one 10k funded account with this strategy. Thank you bro for teach us this strategy.,48,10,https://www.youtube.com/watch?v=nkMzaQqpFbw,Ugzm78GrcXeEpfCYaEl4AaABAg,youtube-data-api-v3/commentThreads.list,
6.333,strategy_rules,youtube,"For anyone new to TRADING: stop looking at the 1-minute charts. I lost so much money early on because I was reacting to every tiny wiggle. Once I started looking at the higher timeframes and understanding institutional flow, my stress levels dropped and my hits started landing. Trading is 90% patience and 10% execution.",37,17,https://www.youtube.com/watch?v=wIyZcY6kNuo,UgyufYXisvi00p-GLkN4AaABAg,youtube-data-api-v3/commentThreads.list,
6.324,other_question_or_pain,youtube,"Trading looked easy from the outside…> until I actually started. The price swings and nonstop mixed opinions just made everything confusing. I’ve tried a bunch of strategies, but nothing’s really clicking. Watching others win while I struggle is honestly frustrating. Is there anyone out there who actually teaches you step by step instead of repeating the same stuff?",5,12,https://www.youtube.com/watch?v=JhBX0TQ41H8,UgzfLO5IaMbSkKS_mpt4AaABAg,youtube-data-api-v3/commentThreads.list,
6.32,strategy_rules,youtube,"Trading advice for anyone new to crypto: try not to focus too much on the 1-minute charts. When I first started trading, I made the mistake of reacting to every small price movement, and it cost me a lot of money. Constantly watching the smallest timeframes can create unnecessary stress and lead to impulsive decisions..",64,5,https://www.youtube.com/watch?v=g0BPjHd4OP8,UgyMVDb-k84gQS7-DFt4AaABAg,youtube-data-api-v3/commentThreads.list,
6.31,other_question_or_pain,youtube,"this has got to be the most simple explanation of daily bias i could have gotten..
you may have rescued traders from a ton of issues with this video...

🔥🔥",28,3,https://www.youtube.com/watch?v=g3oDYq4P9ZE,UgycFMKYUx-PKwStVmB4AaABAg,youtube-data-api-v3/commentThreads.list,
6.293,other_question_or_pain,youtube,"Amazing you dropped (Master Market Structure in 68 Minutes (Step-by-Step Course)) and now (ULTIMATE Supply and Demand Masterclass (Beginner to Pro)).

❤Thanks a lot for your are help, the African community are glad to listen to you.

maybe liquidity concept is to be dropped!. your the GOAT thanks.

Thanks Thanks Thanks Thanks Thanks
Thanks Thanks Thanks Thanks Thanks
Thanks Thanks Thanks Thanks Thanks.👍👍👍",56,0,https://www.youtube.com/watch?v=yaCM_cr5BXo,UgySnFczl_Y96RLp5954AaABAg,youtube-data-api-v3/commentThreads.list,
6.276,risk_management|entry_timing|strategy_rules|psychology|education_gap,youtube,"I’m starting to wonder if I’m the problem or if 1-minute scalping is just this difficult. Every ""best strategy"" I try works perfectly on YouTube, but when I trade it live, everything falls apart. One bad entry turns into revenge trading, and before I know it, the session is over.
I’m not looking for another flashy indicator or a guaranteed win rate. I just want someone who teaches how to read the market live, manage risk, and know when not to trade. That kind of guidance seems much harder to find than another strategy video.
If anyone has found a mentor who genuinely teaches those skills, I'd love to hear about it.",16,3,https://www.youtube.com/watch?v=6-2WXJFyBhE,Ugz3t_nvFuqMwz3GB_d4AaABAg,youtube-data-api-v3/commentThreads.list,
6.265,risk_management,youtube,"so maybe if you kept the settings of the set files and not increased the risk, you'd keep making money?",31,2,https://www.youtube.com/watch?v=hSldTDpCfcc,Ugzk9Cevdv98eQoA-qN4AaABAg,youtube-data-api-v3/commentThreads.list,
6.218,risk_management|entry_timing,youtube,"For beginners 
1). Trade or invest only in uptrend stock which are trading above 100,200,500 moving Average 
2). Check if company is making money in Quarterly report 
3). Enter with small amount so incase if market go down you will be able to average 
4). Be willing to take risk
5). Never claim to know - Ask questions and it's best you work with a financial advisor
6). Don`t start from intraday or options or futures, just start from investing 
Good luck",27,15,https://www.youtube.com/watch?v=6-2WXJFyBhE,Ugyl5BQ_gqTBQ_mx_Xx4AaABAg,youtube-data-api-v3/commentThreads.list,
6.163,education_gap,youtube,"If you don't know what is liquidity, then you're the liquidity!!!!!!",67,3,https://www.youtube.com/watch?v=3JoMwrrN89E,Ugwqv0BtOszPy_3ohth4AaABAg,youtube-data-api-v3/commentThreads.list,
6.139,strategy_rules,youtube,"Trading advice for anyone new to crypto: try not to focus too much on the 1-minute charts. When I first started trading, I made the mistake of reacting to every small price movement, and it cost me a lot of money. Constantly watching the smallest timeframes can create unnecessary stress and lead to impulsive decisions.",41,9,https://www.youtube.com/watch?v=GKN-iVjJpyA,UgxBmcjbtdgdBvgqvlF4AaABAg,youtube-data-api-v3/commentThreads.list,
6.132,education_gap,youtube,"Brother, can you please make a video on how we can use the Forex Fury on prop firm accounts and challenges?  Some of us don't have $10k to put into an account. Much appreciated",27,2,https://www.youtube.com/watch?v=TvWks6oJ-9U,UgzTpITJb4GFpR4nXM54AaABAg,youtube-data-api-v3/commentThreads.list,
6.121,education_gap,youtube,I’ve tried like 6 different 1-minute scalping strategies and always get stopped out or overtrade. How do these guys make it look so effortless? Is there anyone who actually teaches how to do this the right way  in real time?,11,15,https://www.youtube.com/watch?v=DZ08d8ORc_M,UgzyxQrwXtOYzli_1ZV4AaABAg,youtube-data-api-v3/commentThreads.list,
6.057,other_question_or_pain,youtube,"This kind of video is very useful. It's not about memorizing patterns, but understanding the psychology behind the charts. This is real learning, not memorizing patterns, which is useless if you don't understand the underlying psychology.",44,0,https://www.youtube.com/watch?v=JhBX0TQ41H8,Ugx5-a_W1RgDODL14E54AaABAg,youtube-data-api-v3/commentThreads.list,
6.034,education_gap,youtube,"In my 2.5 years of learning to trade this is by far the best and most comprehensive video I have come across on Daily bias, and I have seen a lot! And best of all, it works really well. Many thanks, and this should be a great help to myself and others whatever model is being traded.",21,3,https://www.youtube.com/watch?v=g3oDYq4P9ZE,UgxnQ_fOhlFENy3sigd4AaABAg,youtube-data-api-v3/commentThreads.list,
6.029,entry_timing,youtube,"Think of it as an outside bar. When price is moving upwards, an order block is the last up candle before a downward movement. But for it to be a valid order block, the high of that candle AND the low of that candle have to be taken by the next down candle. After this down candle, price will move down for a little while, but mark out the opening of that last up candle. When price comes back up and touches that opening price of that up candle, it will act as resistance, providing a possible entry to go short.

Same for downward price movement. Say that price is moving down, and then goes upward. The order block here would be the last down candle, before that upward movement. Remember though! This candle needs to have both its low and its high taken by the next candle, which is an up candle. Price will then move upwards, now mark the opening price of that last down candle which is the order block. When price comes back down, it may use this opening price level as support, possibly giving you a long position.",118,0,https://www.youtube.com/watch?v=DMUiDBnTYc8,UgziIo4HbFXeSfNZVgZ4AaABAg.9yfvtow5K1T9yoJVXCIllm,youtube-data-api-v3/commentThreads.list,
6.005,risk_management,youtube,"I started trading with $19,000. Learned you have to trade like a robot. Manage risk, etc.  I will work my way up. Learning  the tools etc. Making $30,000-$40,000 per trade for now on wins. Losses are very limited but happen.  I like thus trend line trading! It's so simple. Thanks for the video..",29,14,https://www.youtube.com/watch?v=g3oDYq4P9ZE,UgwxTrnLRIgIIlKCegJ4AaABAg,youtube-data-api-v3/commentThreads.list,
5.998,education_gap,youtube,"Anyone else feel like no matter how many side hustles you work, you're just running on a treadmill? I was working two jobs, barely paying rent, and watching inflation eat whatever was left. Felt completely hopeless. Decided enough was enough, stopped trying to guess the charts on my own, and started copying a professional trader who actually shows their live results. Turned my last $500 into my emergency fund and finally bought my mom a proper Mother's Day gift without stressing. Crazy what happens when you stop gambling and actually learn from a pro.",14,7,https://www.youtube.com/watch?v=990oOC-bHxA,Ugxu5IqWoAZd-OuUiUB4AaABAg,youtube-data-api-v3/commentThreads.list,
5.992,risk_management|entry_timing|education_gap,youtube,"OTE is my JAM! I have a specialty entry method that gives me smaller SL sizes while allowing the OTE area to show its hand first b4 i enter...i like smaller risk so this works on lower tfs beautifully.  i usually run the 1&2m for my trades while using confluences from the 1, 2, 5, 15, 30, 60, 4hr, daily, weekly, and monthly...if anythiny peaks my interest and the SL is within my parameters, its go time! 🙌🙌🙌",21,9,https://www.youtube.com/watch?v=1YRs4Z1lMws,Ugw4-vWqnsDUj4xvG0p4AaABAg,youtube-data-api-v3/commentThreads.list,
5.986,risk_management,youtube,"2:21 SL + Buy order = BSL
5:03 SL + Sell order =SSL
9:48 IDC Zone + EQH = $$$
12:56 HTF+LTF agreement to prevent liquidated
13:44 Take extreme zone
17:52 Example
18:46 Always take extreme zone is the safest
22:23 Final breakdown",56,3,https://www.youtube.com/watch?v=9nRFcetXqkA,UgyTipTWJE4PrrA0FtR4AaABAg,youtube-data-api-v3/commentThreads.list,
5.981,risk_management|strategy_rules|psychology,youtube,"I stuck with this approach for a long time. It wasn’t just about the wins; it was built on my own mistakes and the hard lessons I learned from my mentor. Today, I’m finally sharing the exact framework that turned my chaotic trading into something disciplined. This isn’t a magic bullet that makes you rich overnight, and no trade is guaranteed to be a winner. Real trading is about understanding the market, respecting your money, and having the patience to wait for the right moment. As my mentor says: a strategy is only as good as the person using it. If you’re tired of chasing every little move and want a plan that actually works, this is for you. Learn the setup. Respect your risk. Master the habit. Let’s trade smarter, together.",25,6,https://www.youtube.com/watch?v=v97Efp_UDC0,Ugw9IX_7KbIw2KWzxPh4AaABAg,youtube-data-api-v3/commentThreads.list,
5.975,education_gap,youtube,"I started trading to pay bills. 
No other source of income.
Do or die. 
Now I make about $400-$500 per day on small pre-market moves. Yes, I trade the trend on the 5 minute chart using 9 EMA and VWAP. I learned the hard way how to take a small profit. It’s ok to close a small trade and be done for the day. it’s all about the psychology. When I stopped trying to turn a $300 trade into a $1,000 trade, I started winning. Thank you, Gary Anderson!",33,10,https://www.youtube.com/watch?v=9nRFcetXqkA,Ugz51U8Lj6a4LqkJsTd4AaABAg,youtube-data-api-v3/commentThreads.list,
5.861,other_question_or_pain,youtube,your style of teaching makes me understand that markets are not the problem.... but sometimes the individual behind the chart is. i appreciate this and i believe because of you my perspective continues to get better and all these losses begin to make me more self aware,36,0,https://www.youtube.com/watch?v=JD_sWSjIiJE,Ugy91dbJyFigHVy1t5p4AaABAg,youtube-data-api-v3/commentThreads.list,
5.86,education_gap,youtube,"I started trading to pay bills. 
No other source of income.
Do or die. 
Now I make about $400-$500 per day on small pre-market moves. Yes, I trade the trend on the 5 minute chart using 9 EMA and VWAP. I learned the hard way how to take a small profit. It’s ok to close a small trade and be done for the day. it’s all about the psychology. When I stopped trying to turn a $300 trade into a $1,000 trade, I started winning. Thank you, Chris James",28,11,https://www.youtube.com/watch?v=g3oDYq4P9ZE,Ugx0KWI1UFJAcslxmgJ4AaABAg,youtube-data-api-v3/commentThreads.list,
5.835,strategy_rules,youtube,"For anyone new to TRADING: stop looking at the 1-minute charts. I lost so much money early on because I was reacting to every tiny wiggle. Once I started looking at the higher timeframes and understanding institutional flow, my stress levels dropped and my hits started landing. Trading is 90% patience and 10% execution.",39,5,https://www.youtube.com/watch?v=T06ayy3-zs8,Ugwyclsy8V12FcYkduJ4AaABAg,youtube-data-api-v3/commentThreads.list,
5.835,entry_timing,youtube,When you hit the first take profit you are meant to put your other open positions at your entry point,48,3,https://www.youtube.com/watch?v=G2THP1LGPB0,UgzCIhn8uEkCxN5HYUJ4AaABAg,youtube-data-api-v3/commentThreads.list,
5.782,education_gap,youtube,"I've taken a few losses recently trying to figure out the market myself. Not giving up, but I feel like I need a better approach. What would you recommend at this stage.",23,14,https://www.youtube.com/watch?v=JXHrTloZ-nE,UgzsgkwB-cKveyxufaF4AaABAg,youtube-data-api-v3/commentThreads.list,
5.772,risk_management,youtube,"My life completely turned around after joining this channel. Glory be to God. I just turned 43 today, and I have reached $657K.Two years ago, I was sleeping in a basement apartment with zero savings and mounting debt. I stopped chasing 'get rich quick' schemes and started focusing on risk management and developing one solid edge. Today, I have achieved my 2026 financial goal. It's not about where you start, it's about trusting the process."" 💯📈",22,15,https://www.youtube.com/watch?v=wIyZcY6kNuo,Ugz-QT_l-VWKZt8lLRd4AaABAg,youtube-data-api-v3/commentThreads.list,
5.758,risk_management|strategy_rules,youtube,"Obviously, you can get lost down the ICT rabbit hole if you want - but this is such a simple ,solid framework to build a logical narrative - The most important aspect to nail - where is price reaching for ? - Then choose your preferred setup/confirmations - Premium, no BS content - 💎💎💎 Big Thanks Man",12,3,https://www.youtube.com/watch?v=g3oDYq4P9ZE,Ugz5TwIWiR3zkTNgeYJ4AaABAg,youtube-data-api-v3/commentThreads.list,
5.749,strategy_rules,youtube,I backtested this strategy 78% win rate 1 trade per day,33,6,https://www.youtube.com/watch?v=nkMzaQqpFbw,Ugykuh1sWlRsDpaz0SV4AaABAg,youtube-data-api-v3/commentThreads.list,
5.732,other_question_or_pain,youtube,"The structure of this video is very helpful. The walkthrough of the PDF theory without real candles, then real examples on D chart, and then top down examples, it is a very easy-to-follow way of learning. Thanks ! 🙏🏼❤",22,1,https://www.youtube.com/watch?v=g3oDYq4P9ZE,UgzQhNTfx9fQg4xPCk94AaABAg,youtube-data-api-v3/commentThreads.list,
5.727,education_gap,youtube,"It marvels me to see James share for free what most mentorships charge ALOT for!

You're appreciated here in Nigeri🇳🇬❤",87,0,https://www.youtube.com/watch?v=ygleB1CLhUE,UgwLr-9R6QUisdxu9gt4AaABAg,youtube-data-api-v3/commentThreads.list,
5.691,education_gap,youtube,"Hi JeaFX. WOW! THIS IS THE REAL BEST video I see in YouTube until now! WELL EXPLAINED, simple, direct to the point, clean! Loved the way you present things! This is GOLD for FREE! ❤❤",59,1,https://www.youtube.com/watch?v=990oOC-bHxA,UgxirLj6ckC76YAMyKd4AaABAg,youtube-data-api-v3/commentThreads.list,
5.69,education_gap,youtube,So clear! The part on liquidity forming around supply & demand zones changed how I view fakeouts. Practicing this with FastBull’s free replay mode helped me stop chasing false breaks.,17,2,https://www.youtube.com/watch?v=9nRFcetXqkA,UgxZrtHTS6Bd8wABa5R4AaABAg,youtube-data-api-v3/commentThreads.list,
5.688,strategy_rules|psychology,youtube,"I can adapt to market conditions, news, and sudden volatility—something a bot can't always do. Plus, I understand context better and avoid dumb trades a bot might take blindly
Robots have no emotions never hesitate and execute trades with perfect discipline. They don’t get greedy or scared which gives them an edge in sticking to a strategy",13,2,https://www.youtube.com/watch?v=TvWks6oJ-9U,UgwrpnBsduXCWKyDdH14AaABAg,youtube-data-api-v3/commentThreads.list,
5.681,education_gap,youtube,"I started trading to pay bills. 
No other source of income.
Do or die. 
Now I make about $400-$500 per day on small pre-market moves. Yes, I trade the trend on the 5 minute chart using 9 EMA and VWAP. I learned the hard way how to take a small profit. It’s ok to close a small trade and be done for the day. it’s all about the psychology. When I stopped trying to turn a $300 trade into a $1,000 trade, I started winning. Thank you, Chris James",20,15,https://www.youtube.com/watch?v=v97Efp_UDC0,UgwDVmNWlWV-913pjTh4AaABAg,youtube-data-api-v3/commentThreads.list,
5.657,entry_timing,youtube,"some time ago, i learned that the key component for a high probability trade (besides the liquidity) is displacement, its crazy the amount of trades that i started winning once i started focusing more and more on displacement and lack of displacement... Really good for entrys and for identifying liquidity sweeps... So displacement and liquidity my 2 golden rules that MUST be there for a trade",40,3,https://www.youtube.com/watch?v=_94CPMjWi9E,UgzAJpLAQC-hV4i5YHV4AaABAg,youtube-data-api-v3/commentThreads.list,
5.649,education_gap,youtube,"I started copy trading with only $3,000-and today it has grown to $35,500. When I shared this with my son the other night, it opened a deeper conversation about generational wealth. I realized that true wealth isn't just about making money; it's about teaching the next generation how to grow it, protect it, and sustain it. There's no real value in providing abundance if the knowledge to manage it isn't passed along. That's exactly why this video speaks to me-it captures the true meaning of building a legacy",20,14,https://www.youtube.com/watch?v=JXHrTloZ-nE,Ugwna2ZACARH2aMnrS54AaABAg,youtube-data-api-v3/commentThreads.list,
5.638,broker_platform,youtube,This presentation looks good but dry and theoretical. Illustration using the tradingview replay would have been great.,35,4,https://www.youtube.com/watch?v=v97Efp_UDC0,UgwaoOTWRVFdHCaB3YZ4AaABAg,youtube-data-api-v3/commentThreads.list,
5.581,broker_platform,youtube,I admire your good heart. You literally gave it out free of charge. This is all that is needed to become profitable. Your teaching skills is amazing. Your English accent is adorable. Thank you for the teaching. I will spread this video to as many trader as I can find. God bless you,33,4,https://www.youtube.com/watch?v=GKN-iVjJpyA,UgyH-qKy9iwZYPaHNJl4AaABAg,youtube-data-api-v3/commentThreads.list,
5.579,entry_timing|education_gap,youtube,"I struggled for months trying to figure scalping out 😭 What finally helped? Watching Roger Ruz FA trade live no pre-recorded fluff. Every scalp, entry, and exit explained as it happened.",7,0,https://www.youtube.com/watch?v=pORrgC7GjkM,UgxrchqHmazKWZ5RQf54AaABAg.APVZPUutep0APVZvQj89Sh,youtube-data-api-v3/commentThreads.list,
5.553,strategy_rules,youtube,"The reason he teaches is because he CAN'T make money from trading. Didn't you get the memo? lol. If a strategy exists that consistently makes money year on year, it would be worth billions and not for free on youtube lol.",9,0,https://www.youtube.com/watch?v=yaCM_cr5BXo,Ugz6Ldttbnut5_S-aA54AaABAg.AJv8oJYVXovAQwuz5Wq0b3,youtube-data-api-v3/commentThreads.list,
5.548,strategy_rules,youtube,"For anyone new to crypto: stop looking at the 1-minute charts. I lost so much money early on because I was reacting to every tiny wiggle. Once I started looking at the higher timeframes and understanding institutional flow, my stress levels dropped and my hits started landing. Trading is 90% patience and 10% execution.",18,14,https://www.youtube.com/watch?v=v97Efp_UDC0,UgwYIR-s6lQW6Kzf3sJ4AaABAg,youtube-data-api-v3/commentThreads.list,
5.447,education_gap,youtube,"Man you're great, honest and to the point. Finally i found someone who shows example on real charts not on screenshots.",46,1,https://www.youtube.com/watch?v=9nRFcetXqkA,UgyrEX-ePRL7iDp6Cs94AaABAg,youtube-data-api-v3/commentThreads.list,
5.42,education_gap,youtube,Thanks so much! Can you do another video on DOL please? I'm having a hard time reading how price moves from internal to external for day traders.,8,6,https://www.youtube.com/watch?v=1YRs4Z1lMws,UgwUOMVQcIexREXB6vF4AaABAg,youtube-data-api-v3/commentThreads.list,
5.417,psychology|education_gap,youtube,"Hit $190K after years of discipline. This isn't just about money-it's about transformation: from nothing to stability, from mistakes to wisdom, and now a family that understands how to keep wealth alive for generations. That's the true",18,6,https://www.youtube.com/watch?v=6-2WXJFyBhE,UgxOZNaWrS0vHhsZvSp4AaABAg,youtube-data-api-v3/commentThreads.list,
5.409,other_question_or_pain,youtube,So trend relevancy has been my problem all along? Damn. Thanks Jea,4,2,https://www.youtube.com/watch?v=GKN-iVjJpyA,UgxH6CbfR5bar1mxC8h4AaABAg,youtube-data-api-v3/commentThreads.list,
5.403,entry_timing,youtube,The most important lesson for from this video was adjusting the entry point closer to the invalidation point rather than the other way around. Thank you so much for this Ttrades.,44,1,https://www.youtube.com/watch?v=DMUiDBnTYc8,UgwK-0tngDzgFdTn8R54AaABAg,youtube-data-api-v3/commentThreads.list,
5.396,risk_management|entry_timing,youtube,"Those signals were pretty bad but you are supposed to take partials at tp1 and move stop loss to entry. When you hit tp2, partials again and move stop loss to tp1 and let it run. This way you don't lose money on the trade",21,4,https://www.youtube.com/watch?v=G2THP1LGPB0,UgzNFJuWyLRicjgZVXR4AaABAg,youtube-data-api-v3/commentThreads.list,
5.388,education_gap,youtube,My issue is soon as i go green im jumping out and when it goes red i get nervous and jump out… but then it goes the way i thought.. i loss confidence after a big loss.. and trying to figure out how to get out my head.. i need help please help ???!!!???!!,5,1,https://www.youtube.com/watch?v=JXHrTloZ-nE,UgytPFNpFTqBpl0pZ1t4AaABAg,youtube-data-api-v3/commentThreads.list,
5.351,risk_management,youtube,"Man Pat I gotta give it to you, just started recently in the telegram Group and I really like your style, humble & competent, with a slight hip hop culture Touch, salute you man from germany, Looking forward to Rock the markets 2025 together :D ahhhhyeahhh!!!",26,4,https://www.youtube.com/watch?v=hSldTDpCfcc,UgwIke93-tllvffUjGx4AaABAg,youtube-data-api-v3/commentThreads.list,
5.31,education_gap,youtube,This woman is 100% spot on.  She is talking about building a culture of trading principles.  It is like muscle memory.  Get to understand what you are looking at on your charts - the full picture.  Invest the time to learn the language of your chosen instrument and it will tell you when you trade.,40,1,https://www.youtube.com/watch?v=cQzisFQRg3c,UgwxMyG_pC0kdLrKDRZ4AaABAg,youtube-data-api-v3/commentThreads.list,
5.31,strategy_rules,youtube,My 1st SMC Mentor i came accross on youtube. You ve been trading the same strategy ever since i met ur channel. I like ur consistancy and systematic approach,40,1,https://www.youtube.com/watch?v=GKN-iVjJpyA,UgxVQit3bNrf0XFqNL94AaABAg,youtube-data-api-v3/commentThreads.list,
5.295,other_question_or_pain,youtube,Would have been more helpful if the more screen time was given to charts & candles,20,0,https://www.youtube.com/watch?v=6-2WXJFyBhE,Ugx670e31DOTsRTp3Z54AaABAg,youtube-data-api-v3/commentThreads.list,
5.249,entry_timing|strategy_rules,youtube,I think this is a classic A+ setup for all who trade ICT. The difficult part is to build that Narrative in context with the HTF and confirm it in LTF for Entry,18,4,https://www.youtube.com/watch?v=0xygpCMwxbQ,UgwLwdZK35OB0lwh8Zx4AaABAg,youtube-data-api-v3/commentThreads.list,
5.248,strategy_rules|education_gap,youtube,"This video is what I would want to start with if I were to start over learning ICT.  If you're new to ICT, this is it guys.  Mastering this will get you profitable.  Hold off on the other concepts and start with finding these setups on the charts.",29,1,https://www.youtube.com/watch?v=0xygpCMwxbQ,UgyN1-Z1XS4aG_1sfdV4AaABAg,youtube-data-api-v3/commentThreads.list,
5.246,education_gap,youtube,"We have a similar story, I’m not just too over exited yet, let me be sure I’m not dreaming, or am I about to become profitable trader just before December? If yes, my funded account is what I should be looking towards first week of next year. ❤❤❤❤❤🇳🇬🇳🇬",19,0,https://www.youtube.com/watch?v=JD_sWSjIiJE,Ugws86EZv-1Iqm7Dwgx4AaABAg.AAZk511UgN1AAa3K9bu0Sf,youtube-data-api-v3/commentThreads.list,
5.239,strategy_rules,youtube,It's so refreshing to see the timeframes. Influencers so often hide them!,26,3,https://www.youtube.com/watch?v=m-G1ag77aVc,UgxhYvqLRa3jLcRLG7B4AaABAg,youtube-data-api-v3/commentThreads.list,
5.236,education_gap,youtube,"I really love the way you teach. I can tell that you’re super knowledgeable about the charts and I really would love to learn from you. Since I am a visual learner it would have helped me a lot if you showed the charts while you’re explaining it, so I could fully comprehend what candle you were talking about and how you marked it up.",13,1,https://www.youtube.com/watch?v=6-2WXJFyBhE,UgwAaGZECwhlTuK68kl4AaABAg,youtube-data-api-v3/commentThreads.list,
5.225,strategy_rules,youtube,That trailing indicator you used has most definitely changed the game! Allowing my me to take more on my TP🔥🔥🔥🔥 keep your videos coming! They are insanely helpful 💯💯,7,5,https://www.youtube.com/watch?v=nkMzaQqpFbw,UgzsNtLNwFxGzplZCAx4AaABAg,youtube-data-api-v3/commentThreads.list,
5.208,strategy_rules|education_gap,youtube,"I feel the same way. Like, how did I never notice this simple strategy? lol",14,0,https://www.youtube.com/watch?v=g3oDYq4P9ZE,Ugw_KNf4KHMzJFs6Sjp4AaABAg.9stmxpouLps9t6wSci5nHF,youtube-data-api-v3/commentThreads.list,
5.201,risk_management,youtube,"Better risk to reward ratio, less stress, more time to get busy with other things rather than constantly stalking the charts. Long term money... Bigger picture guidance= Swing Trading! Much love!!",51,0,https://www.youtube.com/watch?v=JL7HdUKRxfI,UgzfabvEhvww2DfyEex4AaABAg,youtube-data-api-v3/commentThreads.list,
5.194,other_question_or_pain,youtube,Please if a candle closed below or above a swing high or low and the next candle closed back inside the range. Do we have a confirmation of continuation in that case or it is weep of Lq?,18,0,https://www.youtube.com/watch?v=JD_sWSjIiJE,Ugws86EZv-1Iqm7Dwgx4AaABAg.AAZk511UgN1AA_x_lYEryO,youtube-data-api-v3/commentThreads.list,
5.193,strategy_rules,youtube,"Does anyone really profit from doing trading or is it all fake? I’ve wasted 12 months, bought 3 courses from ‘gurus’, and I’m still watching my account go to zero. Every single time I backtest a strategy and it works perfect, the market changes the rules the next day. I’m literally one more margin call away from uninstalling everything and admitting I’m not built for this game.",5,9,https://www.youtube.com/watch?v=JD_sWSjIiJE,UgwXXOSr91Dv0VWSXyd4AaABAg,youtube-data-api-v3/commentThreads.list,
5.189,entry_timing|education_gap,youtube,"Videos like this always hit hard. Everyone talks about how investing ""changed their life,"" but nobody explains how they got past the confusion in the beginning. I'm still stuck overthinking every decision stocks, crypto, timing... all of it.
Life is hard, I need other ways to earn income, If anyone here actually learned from someone who simplified investing in a way that finally clicked, please drop a name.",7,24,https://www.youtube.com/watch?v=cQzisFQRg3c,UgwiEXTBviOdz20Tkk14AaABAg,youtube-data-api-v3/commentThreads.list,
5.162,other_question_or_pain,youtube,Are you looking at the higher time frames to see overall trend to know you're looking for a sell?,12,1,https://www.youtube.com/watch?v=JhBX0TQ41H8,UgzAfUF0u_0x0clztDV4AaABAg,youtube-data-api-v3/commentThreads.list,
5.148,broker_platform|education_gap,youtube,"For what it's worth, I found this useful and helpful! So when you trade, how many screens do you use, and do you trade with the ES on one and the NQ on another, on the same screen, or just switch back and forth occasionally? Also, how do you draw the multi-colored square/rectangle on Tradingview like you do at the 6:30 time frame? Lastly, as another video suggestion, and I'm still getting caught up on you older ones, so maybe you've already presented it, how do I know when to discard a liquidity point or Fair Value Gap?",2,2,https://www.youtube.com/watch?v=q1NmxUTm4n4,UgxC3T2vCZPrp1y-PVN4AaABAg,youtube-data-api-v3/commentThreads.list,
5.14,broker_platform,youtube,"Hi Pat, can we try this bot in MT5 linked with demo account and see if this gives results as expected, please suggest?",8,3,https://www.youtube.com/watch?v=hSldTDpCfcc,Ugw0TuLby4RJWLagswh4AaABAg,youtube-data-api-v3/commentThreads.list,
5.123,education_gap,youtube,Please go to  the  chart and show us life examples,33,1,https://www.youtube.com/watch?v=v97Efp_UDC0,UgynO3hptABKHcKfyXV4AaABAg,youtube-data-api-v3/commentThreads.list,
5.121,risk_management,youtube,"You sir are appreciated beyond my capacity to tell you  I'm deeply grateful for ICT's work, but it's a bit like slogging through the jungle to find the Lost city Of Gold.  Your work is like the guy who sells maps to all the stars' homes in Holly wood.  Endless thanks.",47,0,https://www.youtube.com/watch?v=CHIK5oBRKiw,UgzrIM9OXZViqgpMtSt4AaABAg,youtube-data-api-v3/commentThreads.list,
5.095,strategy_rules,youtube,"Very nice video. Pair this with inversion and a MMXM and you pretty much have a very high win rate bullet proof strategy. (as long as you always keep the HTF direction in mind). 

Weekly expansion/ Monthly expansion like clock work. 🍻🥳",26,2,https://www.youtube.com/watch?v=CHIK5oBRKiw,Ugyhn7qRzJiG2WNCtwl4AaABAg,youtube-data-api-v3/commentThreads.list,
5.084,entry_timing|strategy_rules,youtube,"12:10 Example 4. AMD or the Box setup. 
13:05 Box setup [SS]. 
13:55 On the retracement <> TT looks for a 2nd leg entry. The -OB becomes the key level of interest. 
13:57 Review order types Sell stop and sell limit orders. 
14:05 AND THERE WE GO. 
14:32 Bullish reversal. 
15:15 AND THERE WE GO. 123",35,0,https://www.youtube.com/watch?v=CHIK5oBRKiw,UgwAw7Jsl1aFRA3K7OZ4AaABAg,youtube-data-api-v3/commentThreads.list,
5.065,strategy_rules|education_gap,youtube,"u cant blame them. most of us went through it. not everyone a genius can read market structure well through first year of trading. we try to find indicators, strategies patterns concepts or whatever to help us easily understand the seemingly complex charts because we are tought to use them in the first place. and it is essential to balance the market and benefit the big player to take our cash. before we realize wow all of that are bullsheet and all of the beginner courses were made so the big players can take our money. not only that, it took time our eyes can see the market structure as what can we see right now.",12,0,https://www.youtube.com/watch?v=LclxDYccla8,UgyUIYU3DEoROf2wb2R4AaABAg.9vp-hQHf6YEA8MwKMPqJrm,youtube-data-api-v3/commentThreads.list,
5.042,risk_management,youtube,"Great! Thanks JeaFX, I have been watching you for some time and now, and must say that your videos are VERY informative.

Thank you for this video, I had some queries regarding the indecision candle which you have answered. Thank you for these knowledgeable videos, please continue to help us intermediate traders; they are very useful. I shall continue to plug into your content.

I add, can you please do a video on market manipulation, it's causes, affects and effects and if this is fully conveyed to us as retail traders, i.e., are we consenting ambiguously or ambiguously. I did some research and found that market manipulation does not hold integrity within and of the market itself; do you find this to be a true statement?

Peace",5,0,https://www.youtube.com/watch?v=990oOC-bHxA,UgzQfu14UvUNUYIheCp4AaABAg,youtube-data-api-v3/commentThreads.list,
5.034,strategy_rules,youtube,"Our charts are uncluttered. No indicators. And we are doing just fine thanks to your immense mentoring... Candle closures, very important. Thank you.",43,0,https://www.youtube.com/watch?v=JD_sWSjIiJE,UgyhsTnagZHRUNdYicJ4AaABAg,youtube-data-api-v3/commentThreads.list,
5.023,education_gap,youtube,"I had problem comprehending trading in general. I tried watching other YouTube trading channels, but they made the concepts more complicated. I was almost giving up until when i discovered content and explain everything in detail. The videos are easy to follow",3,15,https://www.youtube.com/watch?v=JhBX0TQ41H8,UgwkGY8MPf_DCzZrLYV4AaABAg,youtube-data-api-v3/commentThreads.list,
4.998,broker_platform,youtube,"Just cant believe my eyes.....the way U simplify Complex ICT Concepts to a level where even a Beginner can comprehend easily.,...U got a a Gift from God to teach and spread knowledge...Keep it up Bro......",29,1,https://www.youtube.com/watch?v=3OivsP1j_UE,UgwH9VX923XUeObE4fd4AaABAg,youtube-data-api-v3/commentThreads.list,
4.994,strategy_rules,youtube,Men your videos have really helped me in winning so much trades. The daily bias and draw on liquidity and intraday strategy have improved me so much,10,1,https://www.youtube.com/watch?v=3OivsP1j_UE,Ugw5ZTO2twhgjN8AlBp4AaABAg,youtube-data-api-v3/commentThreads.list,
4.994,other_question_or_pain,youtube,Best video. I started trading & the moves were opposite. I never understood market structure just chasing trends. Watched 1000 videos confused. This is the best video & I’m starting over. I tried it on replay and WOAH. It’s not hard as we make it. Thank you,10,1,https://www.youtube.com/watch?v=ygleB1CLhUE,UgwMVm2nzi__uoJOI_94AaABAg,youtube-data-api-v3/commentThreads.list,
4.994,education_gap,youtube,"From 2026/06/13 After One year watching you videos and training in demo i officially start Making 25 dollars per day thank to your videos and you knowledge – i can't thank you enough, you are really the best compares to other don't understand anything or show false info or just partial info so they can make you to buy their courses, which is totally useless compare to your videos , thank you again and keep going you are helping a lot of people interested in becoming traders and make money , god bless you and god will return everything you are doing in good ways and you will be very happy in your life , 

but just noticed something you need to distinguish the difference between the BOS and CHoCH because both have different directions, or maybe just a mistake when you mention them in your videos",10,1,https://www.youtube.com/watch?v=JhBX0TQ41H8,UgwzaAoKfrgMzydhGQt4AaABAg,youtube-data-api-v3/commentThreads.list,
4.994,other_question_or_pain,youtube,I used to always struggle with draw on liquidity on lower time frames but I think using external-internal liquidity on Hourly  Frames can help me complete my trading model.,10,1,https://www.youtube.com/watch?v=3OivsP1j_UE,Ugyz-0DxNplsPFZbA6p4AaABAg,youtube-data-api-v3/commentThreads.list,
4.988,education_gap,youtube,"besides, it is so insane once you start realising every single move, literally every single move in price can be explained, financial crashes and all, all explained trough price action, crazy world. fun to live in",41,0,https://www.youtube.com/watch?v=1YRs4Z1lMws,UgyLwJSNb6oWw-_tzsh4AaABAg,youtube-data-api-v3/commentThreads.list,
4.935,risk_management,youtube,I came out from drawdown because of your system...  Big love from Nigeria 🇳🇬,22,2,https://www.youtube.com/watch?v=9nRFcetXqkA,UgxfN5ePvJ1B5HMotHN4AaABAg,youtube-data-api-v3/commentThreads.list,
4.929,education_gap,youtube,"After 7 years of trading, after watching your videos, I realized that the market moves very logically and what was my mistake in recognizing the path of the chart. I owe you and you are so awesome and amazing. I haven't stopped since I watched all your YouTube videos. I am also surprised.😍🤩🥰",27,1,https://www.youtube.com/watch?v=JD_sWSjIiJE,Ugw2vHKQFnyYh7b_BHF4AaABAg,youtube-data-api-v3/commentThreads.list,
4.929,strategy_rules,youtube,"This is it ! The missing piece of my strategy. I'll use these candles, Instead of looking Choch/mss/cisd in lower timeframe for confirmation. Its more clear confirmation for me. Your goat bro!!",27,1,https://www.youtube.com/watch?v=990oOC-bHxA,Ugx6pKY4NJ56Y07fPd54AaABAg,youtube-data-api-v3/commentThreads.list,
4.899,other_question_or_pain,youtube,"Thanks!☕ Have a great new year! Hope you know that your leassons are helping a lot of people. 

God bless you and thanks for your valuable lessons. Greetings from México.",9,1,https://www.youtube.com/watch?v=DMUiDBnTYc8,UgyawUYbtRLjn5Byquh4AaABAg,youtube-data-api-v3/commentThreads.list,
4.886,broker_platform|education_gap,youtube,"Hi Pat, awesome video, I like when traders have humor also, most traders are so boring.  With that, I do have a few technical questions.

In the United States, Hedging/Scalping with a US broker is illegal, meaning I can't open a buy and sell at the same time,  also another dumb law the United States has to keep their residents poor is the FIFO rule (First In First Out).

So my questions are:

1) What broker do you use?
2) Do you need a VSP to create a broker account? (so my IP address isn't from the US?) What VPS do you use? 
3) Do you need a foreign address?  If so how do you confirm your address when a broker asks? 

Thank you, and keep making great videos!",3,0,https://www.youtube.com/watch?v=hSldTDpCfcc,Ugzr-589o2K4d5ONLKN4AaABAg,youtube-data-api-v3/commentThreads.list,
4.879,other_question_or_pain,youtube,"if i want to do faster trades, is it also reliable to look for supply and demand zones in the 5 min time frame for example?",7,2,https://www.youtube.com/watch?v=91-eWDvL-No,Ugz9I0Fn6KYnlBwA-HV4AaABAg,youtube-data-api-v3/commentThreads.list,
4.846,other_question_or_pain,youtube,"Thanks Raghee, I took a big loss on the nasdaq today Friday June 12. Had I seen this video beforehand it wouldn’t have happened. Anyway hopefully it will help me in the future.",5,4,https://www.youtube.com/watch?v=6-2WXJFyBhE,UgxFcYralQK2kWi19u94AaABAg,youtube-data-api-v3/commentThreads.list,
4.844,education_gap,youtube,"I dont know how many times ive watched this video since it came out. This can give u monthly bias, weekly bias and daily bias. 

With this video u can be swing trader and day trader easily",20,2,https://www.youtube.com/watch?v=g3oDYq4P9ZE,UgzImCPuwMMZ6K18OWd4AaABAg,youtube-data-api-v3/commentThreads.list,
4.841,risk_management|strategy_rules|education_gap,youtube,"Here’s the thing  Evan Dennis always says the pattern itself isn’t the magic, it’s what the pattern reveals about you. When you trade the 1H setup properly, you’re not reacting anymore  you’re observing. The pattern forces you to slow down, to let the market come to you. That’s when you realize trading isn’t about prediction; it’s about alignment. Evan Dennis words stuck with me: “Once you stop trying to control the candle, you start controlling yourself  and that’s when consistency starts.” That’s what changed my trading forever.",21,0,https://www.youtube.com/watch?v=JD_sWSjIiJE,UgyE0W--P_PmxXxFusd4AaABAg.APDuI4Lh7CAAPDumJcRQQu,youtube-data-api-v3/commentThreads.list,
4.832,psychology|education_gap,youtube,"The box doesn’t protect you.
Your behavior at the edge does.

Support and resistance are structure.
Reaction is what breaks traders.

Discipline is decided before price moves.",27,0,https://www.youtube.com/watch?v=v97Efp_UDC0,UgxIW8M4UpWPhixAkaN4AaABAg,youtube-data-api-v3/commentThreads.list,
4.795,education_gap,youtube,"So much to absorb in this! Even though it makes the videos longer, I like going candle by candle and seeing what's going to happen. Yes, it's repetitious, but that's what I need and this was perfect!",19,2,https://www.youtube.com/watch?v=g3oDYq4P9ZE,Ugy2uaO3iB5azj7drsZ4AaABAg,youtube-data-api-v3/commentThreads.list,
4.794,other_question_or_pain,youtube,"If anyone wants to learn trading, then they have to look at your channel.. highly recommend.

I use to mark every single high and low and gets confused but life become a lot easier after coming to your channel",8,1,https://www.youtube.com/watch?v=yaCM_cr5BXo,Ugwge1NpY44pzUQ7WAx4AaABAg,youtube-data-api-v3/commentThreads.list,
4.794,other_question_or_pain,youtube,"In the next three months I would like to see some consistency in my trades, not crazy amounts of money but enough to make me be able to help my parents with my college funds",8,1,https://www.youtube.com/watch?v=nkMzaQqpFbw,Ugxd2mqT9xYTRfot6Xx4AaABAg,youtube-data-api-v3/commentThreads.list,
4.792,psychology|education_gap,youtube,"If you are better than a robot, why are you better than a robot?
Because I have instincts… and coffee. A bot won’t skip a bad trade just because ‘something feels off,’ but I can. Plus I don’t crash when the WiFi dies!
If robots are better than you, why are robots better than you?
They don’t revenge trade get FOMO or randomly decide ‘just one more trade’ at 2 AM. A bot sticks to the plan—I stick to my emotions.",6,1,https://www.youtube.com/watch?v=TvWks6oJ-9U,UgwLUuUfMvzDRHQTgJF4AaABAg,youtube-data-api-v3/commentThreads.list,
4.791,entry_timing|education_gap,youtube,"Another out-of-the-box and clear explanation . What I value most in your explanations is when you go from BIAS to the entry point, your videos are great. You should be hired by ICT to teach us 😁.",18,1,https://www.youtube.com/watch?v=uDJI2AbyyCs,UgwqNFgPTfO1vf3056t4AaABAg,youtube-data-api-v3/commentThreads.list,
4.747,psychology,youtube,"Because I have instincts… and coffee. A bot won’t skip a bad trade just because something feels off but I can. Plus I don’t crash when the WiFi dies!
They don’t revenge trade, get FOMO, or randomly decide just one more trade at 2 AM. A bot sticks to the plan—I stick to my emotions.",32,0,https://www.youtube.com/watch?v=TvWks6oJ-9U,UgxVwwlzxxX_3TrAA214AaABAg,youtube-data-api-v3/commentThreads.list,
4.735,education_gap,youtube,Honestly the reason why the robot is better than me is because school is usually over whelming and i dont have time to practice but if i get the robot it would help me alot 😢,11,0,https://www.youtube.com/watch?v=TvWks6oJ-9U,UgyAKQ9WIJe8DPTDYYN4AaABAg,youtube-data-api-v3/commentThreads.list,
4.691,risk_management|education_gap,youtube,"I am beginner on demo.
My winning rate is 98%  last 4month with out stop loss.
Plz plz currect me what I do next?",3,4,https://www.youtube.com/watch?v=cIv3bcPylr4,Ugz7AOw-YhmKzEMZa4l4AaABAg,youtube-data-api-v3/commentThreads.list,
4.68,strategy_rules|education_gap,youtube,"I cottoned onto you on Friday and spent the whole weekend watching your videos. I've learned more from you in 3 days than in the 3 months since I started. I've not liked indicators from the start, because they tell me nothing about why a trend is going one way or the other or whether it's likely to reverse. I needed to know why to place a buy or sell trade and where, not just jump in and hope, and you've filled in those gaps. I finally have something logical to work with. :) In fact, I won a trade yesterday and am in what looks like a winner right now, thanks to following what you've shown.",16,1,https://www.youtube.com/watch?v=m-G1ag77aVc,UgxuSInFeXL-4o7xKc54AaABAg,youtube-data-api-v3/commentThreads.list,
4.676,education_gap,youtube,Just realized that just because you understand the concepts doesn't mean you understand top-down analysis. Great video. Going to watch all TDA videos along with rewatching in the course. The backtesting has helped me know what I need to fix and reconsider. Thanks,7,1,https://www.youtube.com/watch?v=GKN-iVjJpyA,UgwnlScXC5nvpJXnMRh4AaABAg,youtube-data-api-v3/commentThreads.list,
4.676,other_question_or_pain,youtube,"Awesome video, so much value in here. I love your channel and all your work simplifying ICT teachings, very straight forward. You've helped me a lot understanding a few concepts that I had a bunch doubt and my trading improved drastically. As well as the cheat sheets you have shared with some of the ICT models. I even shared some of your videos to my brother that he trades retail and it even helped him improving his edge dramatically. Keep up the good work!! ❤❤❤❤",7,1,https://www.youtube.com/watch?v=YESqIoA7Wyg,Ugyq257suvE_mCku92x4AaABAg,youtube-data-api-v3/commentThreads.list,
4.676,education_gap,youtube,"It's been quite a pump. But you know, with crypto, the big question is always when to take profits. What are your thoughts on that? I've been holding $250k worth of crypto since 2021 and seen it pump n dump",3,7,https://www.youtube.com/watch?v=JD_sWSjIiJE,UgzH3cL-40o-EI7D3xV4AaABAg,youtube-data-api-v3/commentThreads.list,
4.676,education_gap,youtube,Can you show us examples on charts of what you are teaching? Love your delivery! Just need to see examples. Thank you!,7,1,https://www.youtube.com/watch?v=pORrgC7GjkM,UgzU0aQx6yhR9XdQLDN4AaABAg,youtube-data-api-v3/commentThreads.list,
4.648,other_question_or_pain,youtube,"TT you are so good to a point where i dropped a tear after watching this;it has been a long 5 years of ICT but i was unprofitable because i really struggled with BIAS, you made my day, this will get me out of this mud, god loves you, god will bless you.",10,0,https://www.youtube.com/watch?v=g3oDYq4P9ZE,UgzSQeL_QaLOKibdouh4AaABAg,youtube-data-api-v3/commentThreads.list,
4.641,risk_management,youtube,"Seriously, the knowledge you've provided through your channel is priceless. Thank you.",20,1,https://www.youtube.com/watch?v=uDJI2AbyyCs,UgxhF2tOvmOspHz4ihp4AaABAg,youtube-data-api-v3/commentThreads.list,
4.64,entry_timing|strategy_rules|education_gap,youtube,"I wanted to learn about supply and demand but something was always missing when I watched other videos from other content creators. You explained everything so well, I was able to execute a trade today on EURUSD, London Session using the 1min timeframe, only looking for a short setup from a supply zone as we were still down trending and I used the 15s timeframe for confirmation entry (MSS) resulting in a +3R trade. Thank you for the golden nuggets of information you have provided for free, I've had my first proper profitable day. I know how to draw these zones properly now. Thank you!",17,0,https://www.youtube.com/watch?v=yaCM_cr5BXo,Ugw43nfLBf6onhQoQyl4AaABAg,youtube-data-api-v3/commentThreads.list,
4.638,entry_timing|education_gap,youtube,I´m new to trading and I have a few questions. 1) What time frame do you use to trade? 2)do you have one on one mentorship? 3) What platforms do you use to analyze data and enter trades? Thank You,5,1,https://www.youtube.com/watch?v=JhBX0TQ41H8,UgyS3zCQqCSQX6JA_SV4AaABAg,youtube-data-api-v3/commentThreads.list,
4.636,other_question_or_pain,youtube,"There is NO 4-Hour 5AM to 9AM candle, only 6AM to 10AM which contradicts your previous teachings ""Wait until 9:35 AM to see which direction market goes"" ... if the box finds a new High/Low after 9:35AM then we cannot complete the box until 10:00AM, can you clarify Better, please?",1,3,https://www.youtube.com/watch?v=6-2WXJFyBhE,UgzPot9vhBwDUdikzmV4AaABAg,youtube-data-api-v3/commentThreads.list,
4.62,strategy_rules,youtube,"One of the best indicators for ICT, I've been using it since you uploaded this video and it has been a game changer for me. Thanks for the amazing content",12,4,https://www.youtube.com/watch?v=MPeeE55rNOw,UgwKQPC-CO0xc_SAu_l4AaABAg,youtube-data-api-v3/commentThreads.list,
4.613,risk_management,youtube,"I started trading with $12,000. Learned you have to trade like a robot. Manage risk, etc.  I will work my way up. Learning  the tools etc. Making $19,000-$20,000 per trade for now on wins. Losses are very limited but happen.  I like thus trend line trading! It's so simple. Thanks for the video",6,16,https://www.youtube.com/watch?v=3JoMwrrN89E,Ugzo06EWvyhayMbKSmF4AaABAg,youtube-data-api-v3/commentThreads.list,
4.591,education_gap,youtube,"guys, ive installed the second bot just like pat showed it in the video. but how do i know that the bot works? bc it didnt start one trade yet..",5,2,https://www.youtube.com/watch?v=TvWks6oJ-9U,UgwDfcofEaUELGo9Pkd4AaABAg,youtube-data-api-v3/commentThreads.list,
4.591,strategy_rules|education_gap,youtube,Finally someone explained properly about orb strategy. Thank you so much.,21,0,https://www.youtube.com/watch?v=T06ayy3-zs8,UgwrEBy-B5mt2Ah2V2h4AaABAg,youtube-data-api-v3/commentThreads.list,
4.572,entry_timing,youtube,took a sniper entry on gold and I'm in profits,15,2,https://www.youtube.com/watch?v=m-G1ag77aVc,UgxmWi9hfSoPejISWbV4AaABAg,youtube-data-api-v3/commentThreads.list,
4.572,strategy_rules,youtube,"Experienced trader here! 👋 Great explanation!  Just one recommendation, incorporate traderview while talking about your strategy for the visual learners.",15,2,https://www.youtube.com/watch?v=6-2WXJFyBhE,UgzH_pc7S6jtk3hg9ld4AaABAg,youtube-data-api-v3/commentThreads.list,
4.553,other_question_or_pain,youtube,if will  restart  learning forex i will go for your youtube thanks you helped after my mentor,9,0,https://www.youtube.com/watch?v=91-eWDvL-No,UgyV5044iUm8CiVwsi14AaABAg,youtube-data-api-v3/commentThreads.list,
4.553,education_gap,youtube,Amazing video! Helped me win 2 trades today because I now understand how to mark my zones properly. Thank you,9,0,https://www.youtube.com/watch?v=91-eWDvL-No,UgzvMuIMMEagZdrryx14AaABAg,youtube-data-api-v3/commentThreads.list,
4.542,other_question_or_pain,youtube,your   simplicity in  teaching is awesome  & very helpful  to implement on charts,6,1,https://www.youtube.com/watch?v=m-G1ag77aVc,UgxN-kXhc-Wcc8qIK754AaABAg,youtube-data-api-v3/commentThreads.list,
4.542,education_gap,youtube,The Candle should be from 6 AM to 10AM on the 4 hours. What market? Futures are usually 6 to 10.,6,1,https://www.youtube.com/watch?v=6-2WXJFyBhE,UgyXSOxh1m2uVseHmXh4AaABAg,youtube-data-api-v3/commentThreads.list,
4.542,education_gap,youtube,"Love your videos, bro. Been using these recently to help reinforce concepts I've already been using for quite some time but still need better refinement of my trading system. Your ability to distill these concepts down and CLEARLY AND SUCCINCTLY explain them without going into a two-hour rant is exactly what is needed. You do a great job, keep it up!",6,1,https://www.youtube.com/watch?v=_94CPMjWi9E,UgypvhWTVix-9IYHM294AaABAg,youtube-data-api-v3/commentThreads.list,
4.508,risk_management,youtube,"You are my Defacto ICT trainer after ICT himself. Your ability to seamlessly blend these concepts is truly impressive.. I commend you for your expertise. With great respect, I would like to request that you consider taking the relay when the legendary ICT himself retires in November 2023. Your knowledge and skill make you a fitting successor. Please consider this heartfelt appeal.",12,3,https://www.youtube.com/watch?v=0xygpCMwxbQ,Ugw1o59Ww5Gf_8zbKaB4AaABAg,youtube-data-api-v3/commentThreads.list,
4.508,education_gap,youtube,"This explains why support and resistance fail for most people. It’s not lines, it’s patience and waiting for real confirmation.",25,0,https://www.youtube.com/watch?v=-QkFsIBmqSA,UgzHFXfmUkj_3y15n4t4AaABAg,youtube-data-api-v3/commentThreads.list,
4.469,education_gap,youtube,It's not this simple.  I'd love to see this explained against the countless examples on the daily chart where price doesn't move like this.,24,0,https://www.youtube.com/watch?v=g3oDYq4P9ZE,UgzU343-e_1zRwy1jhF4AaABAg.9wc9sJ4oTQfAF8C53AF4gL,youtube-data-api-v3/commentThreads.list,
4.469,psychology,youtube,"If it were only that easy. I think you have to be on the charts for some time to see these situations present themself over time. As you very well know we start out in control ans we get caught up in the moment looking at something else. ""IF WECAN STAY DISCIPLINED AND TRADE JUST THIS ONE SYSTEM"" There is hope for us 🍾🍾👏🏻👏🏻",24,0,https://www.youtube.com/watch?v=g3oDYq4P9ZE,Ugzh9P8gCLPUSw8HNTJ4AaABAg.9ssfykA3wj-9stHKHEtY72,youtube-data-api-v3/commentThreads.list,
4.463,risk_management|education_gap,youtube,"Crypto is risky as many would say but I think the actual risk in crypto is not investing, buying the capitulation isn't a tough call, but it is a very tough call to figure out what to do aside holding. I remember when I just got into crypto back in 2019 but leter in 2020 I ended up selling it because I was dump and I didn't understand it. I studied and learned and now I know how it works. Go back into crypto early in 2023 with 10k and I'm up with 128k in a short of time.... 👌👌",4,14,https://www.youtube.com/watch?v=JXHrTloZ-nE,UgyJKgx9AH1eugB-LOh4AaABAg,youtube-data-api-v3/commentThreads.list,
4.458,strategy_rules|psychology|education_gap,youtube,"1. One undisciplined action can ruin a week, a month, or even a year of gains. So be disciplined at all times ❤
2 Overconfidence is a big reason why even the most experienced traders fail. We learn from our victories, but never let them cloud your judgment.
3. Each trade is random in the short term. Only by focusing on thinking with the scale of larger trades will it be enough data for you to determine whether that strategy is effective or not.
4. Making a trade outside of the plan but unexpectedly making a profit is not a good trade, nor is it necessarily a good thing. If you consider it a strategy, it is considered as creating a bad habit for yourself, a habit of losing money in the future.",14,0,https://www.youtube.com/watch?v=JD_sWSjIiJE,UgzSP3uCMbvesf939Md4AaABAg,youtube-data-api-v3/commentThreads.list,
4.456,strategy_rules|psychology,youtube,"I can think outside the box. Robots follow rules but I can spot opportunities they might miss especially when the market isn’t moving in a textbook way.
They don’t get tired or emotional. I might hesitate or second-guess a trade but a bot executes without fear or doubt which helps in sticking to a strict strategy",4,1,https://www.youtube.com/watch?v=TvWks6oJ-9U,UgygYERY0gYMqiAisgp4AaABAg,youtube-data-api-v3/commentThreads.list,
4.447,other_question_or_pain,youtube,"Petty, that idea actually saved me in 2022. My advisor, Rita Joyce McNeal, helped me apply a version of it when semis started dropping. We adjusted exposure early and avoided a big loss about $200K saved, quietly.",8,0,https://www.youtube.com/watch?v=Cq9mF42y2UQ,UgxTJRQIY9o2nZu8abp4AaABAg.APLaj9dMaMmAPPsZAXplsu,youtube-data-api-v3/commentThreads.list,
4.446,strategy_rules|education_gap,youtube,"You define Swing Trading as holding as short as 24 hours, yet the examples given are all day trades. You say to use 1 day,  4 hour, and 1 hou r timeframes, but in the examples only use the  1 hour candles. Yes I know that day traders use faster candles, but what am I missing here? Watching hourly candles for the duration of the trade feels more like daytrading than swing trading.",6,0,https://www.youtube.com/watch?v=JL7HdUKRxfI,Ugxk1wGWmO_RmpBGhJh4AaABAg,youtube-data-api-v3/commentThreads.list,
4.444,strategy_rules|education_gap,youtube,So simple to understand. Many traders use this strategy but you have explained it in the best way. I have also seen you do it live so i know your not just faking past results. Excellent work!,18,0,https://www.youtube.com/watch?v=B_dVwXYQ-oc,Ugxy0PzHTaQkjCgH4gp4AaABAg,youtube-data-api-v3/commentThreads.list,
4.436,strategy_rules|education_gap,youtube,"Great setup. What inch monitors are these? and also what kind of video graphics card you are running to run multiple monitors. thanks,",3,2,https://www.youtube.com/watch?v=96kZw9oR4QU,UgwPwPv2EZeRA81frC14AaABAg,youtube-data-api-v3/commentThreads.list,
4.43,education_gap,youtube,"TTrades; huge thank you for all these videos. In general, any and all videos where you blend every concept together go from daily to 1 minute applying every concept will be of the best use. You have already give us all the basics, the theory, no lets apply it, so watching you do it is like ""taking us by the hand"" and showing us what ""to look for, how to see it and how to apply it"" ... huge THANK YOU in advance !!!",16,1,https://www.youtube.com/watch?v=CHIK5oBRKiw,UgzgSNRpm_3jLCNldj14AaABAg,youtube-data-api-v3/commentThreads.list,
4.428,entry_timing,youtube,"Traded down into 15m OB and FVG. Could’ve jumped long right after target for Turtle Soup entry long, using the sick sister concepts. The possibilities are endless. From PD array to PD array. The rabbit hole is so deep. Infinite money glitch. I love it! Nice video bud.",11,3,https://www.youtube.com/watch?v=q1NmxUTm4n4,UgwOLarSZ3uMEXDQwbF4AaABAg,youtube-data-api-v3/commentThreads.list,
4.428,strategy_rules,youtube,"supply and demand strategy like that has worked well for me over the years too, always good to see the details in action. yeah i do that on my ERA wallet",23,0,https://www.youtube.com/watch?v=nkMzaQqpFbw,Ugx2RxYexY0ejFi-AWd4AaABAg,youtube-data-api-v3/commentThreads.list,
4.428,strategy_rules,youtube,"Dude this was the best video on order block, now I'm just going to order block as my strategy and cut out all the noise",23,0,https://www.youtube.com/watch?v=DMUiDBnTYc8,UgxTXYIjIQxoNHU_hb54AaABAg,youtube-data-api-v3/commentThreads.list,
4.409,other_question_or_pain,youtube,Nothing she said is new or anything you didn't already know. It won't help you become profitable. She's just selling more hope to desperate people.,4,2,https://www.youtube.com/watch?v=cIv3bcPylr4,UgyuhgiMkVY8KFo4f-94AaABAg,youtube-data-api-v3/commentThreads.list,
4.399,risk_management|strategy_rules|psychology,youtube,"Robots are better then us because
Speed – Bots react way faster than any human ever could. They execute trades in milliseconds!
 No Emotions – No fear, no greed, no second-guessing—just pure logic.
 24/7 Trading – While humans need sleep, bots keep grinding.
 Data Processing – They analyze insane amounts of data instantly.
 Discipline – Bots stick to the strategy, no impulsive decisions.
 Multi-Market Action – They can trade multiple markets at once, something no human can do efficiently.

Of course, they’re not magic bad strategies = bad results. But with the right setup, bots can be absolute game changers",9,1,https://www.youtube.com/watch?v=TvWks6oJ-9U,Ugz_oXOJy4eY2jghP7J4AaABAg,youtube-data-api-v3/commentThreads.list,
4.388,other_question_or_pain,youtube,Woah! This was OUTSTANDING. I absolutely loved the endless repetition. It really helped to get candle after candle after candle. By the end I feel like I got it! Thank you.,5,1,https://www.youtube.com/watch?v=g3oDYq4P9ZE,Ugw0KBM-3Tqnxm4xXm54AaABAg,youtube-data-api-v3/commentThreads.list,
4.388,education_gap,youtube,2nd day learning 2nd tutorial video. Im guessing this is the best tutorials to start with for beginners.  Cheers bro. Im only doing this to help others in need of support. Letsgo 💪,5,1,https://www.youtube.com/watch?v=990oOC-bHxA,UgwfCVLu71o193CrFKp4AaABAg,youtube-data-api-v3/commentThreads.list,
4.388,education_gap,youtube,@26:24 But this last marked indecision candle is being invaded by  a bottom wick. How is that an imbalance of confident well by zone?,5,1,https://www.youtube.com/watch?v=yaCM_cr5BXo,UgxUwmUwtzA8zMp8oph4AaABAg,youtube-data-api-v3/commentThreads.list,
4.388,strategy_rules,youtube,This video helps me a lot. My goal is to finally finalize my trading strategy and be at least 70% profitable.,5,1,https://www.youtube.com/watch?v=nkMzaQqpFbw,Ugy8xJc-TyrKzR5aXZd4AaABAg,youtube-data-api-v3/commentThreads.list,
4.388,other_question_or_pain,youtube,super important video. Learned this from MMXM Trader too. Without this concept you can't understand liquidity and using this on the higher time frames makes finding your bias so much more easy,5,1,https://www.youtube.com/watch?v=3OivsP1j_UE,UgyTgeKME8J2_7qjOOF4AaABAg,youtube-data-api-v3/commentThreads.list,
4.388,other_question_or_pain,youtube,"@10:48 ... huh??    4 hour candle that starts at 5AM EST???  
I'm in ESt zone, and 4 hour candles are aligned to 6am (6am, 10am, 2pm ...etc.. )  
So you don't get any 4 hour candle that goes from 5am to 9am EST
 ... I guess you draw a block around to simulate it  then   ... or did you actually mean the 6am  4H candle ??",5,1,https://www.youtube.com/watch?v=6-2WXJFyBhE,UgyUBFMjl2Cs1-l6ksV4AaABAg,youtube-data-api-v3/commentThreads.list,
4.385,education_gap,youtube,It is better to miss the trade than to over trade. You explain this so good!,22,0,https://www.youtube.com/watch?v=m-G1ag77aVc,UgwXRWFXCZjh5m5hJ_14AaABAg,youtube-data-api-v3/commentThreads.list,
4.369,entry_timing,youtube,"Been struggling with this recently, great timing!",15,1,https://www.youtube.com/watch?v=U8xH2dEgH5A,UgwMNVxvQ93s6jBlY094AaABAg,youtube-data-api-v3/commentThreads.list,
4.341,education_gap,youtube,I am really grateful to you man! 🙏 Has never seen someone explaining price action or candles so simply and effectively. Thank you so much you are awesome❤🙏🙏🙏,21,0,https://www.youtube.com/watch?v=990oOC-bHxA,UgyMY4PoKaJx_R9HzDJ4AaABAg,youtube-data-api-v3/commentThreads.list,
4.329,other_question_or_pain,youtube,"Awesome stuff as always 😊
I have been following you  for a while now and I have noticed you mostly use supply and demand for your entries. I want to ask if there are other concepts or things you look out for to add to your confluence when taking a trade?",3,3,https://www.youtube.com/watch?v=91-eWDvL-No,UgwFz3ZF7sXdlPKQxtN4AaABAg,youtube-data-api-v3/commentThreads.list,
4.329,other_question_or_pain,youtube,Everytime I watch your videos I get revised through the concepts and it help me a lot. Thank you !!😊,7,0,https://www.youtube.com/watch?v=JD_sWSjIiJE,Ugx5wtO6dwOJHu5d-_14AaABAg,youtube-data-api-v3/commentThreads.list,
4.329,other_question_or_pain,youtube,"Facts 😭 Every “perfect” scalp I touch flips immediately. Roger’s name keeps popping up is he really trading live, or is it just curated examples?",7,0,https://www.youtube.com/watch?v=pORrgC7GjkM,UgxrchqHmazKWZ5RQf54AaABAg.APVZPUutep0APV_8KUmxxZ,youtube-data-api-v3/commentThreads.list,
4.329,other_question_or_pain,youtube,@riyas28 You'll struggle as a trader of u taking that root .. himself says that .. there's no short cuts to this game bro,7,0,https://www.youtube.com/watch?v=0xygpCMwxbQ,UgyO5LbVHAXo00fW93l4AaABAg.9qIfvzd6nqV9qLh5DlC2cn,youtube-data-api-v3/commentThreads.list,
4.329,education_gap,youtube,"Dammm , I finally understood trading clearly from this video. I watched many other traders before, but I always ended up confused. This video explained everything in a simple way and helped me a lot. I'll definitely be watching more of your videos to keep learning. Thanks, mate!
- Love from India ❤",7,0,https://www.youtube.com/watch?v=ygleB1CLhUE,Ugydy4iNrtBamHYPPqF4AaABAg,youtube-data-api-v3/commentThreads.list,
4.329,other_question_or_pain,youtube,hi mam I love to learn and do trading can you teach me am.a single parent mum working so hard this will help me,3,3,https://www.youtube.com/watch?v=cQzisFQRg3c,UgzWPRNVjEVuKeOY9uV4AaABAg,youtube-data-api-v3/commentThreads.list,
4.305,education_gap,youtube,This is the first and only video in fact the first and only channel I've seen that actually teaches and explains everything about trading. That's amazing.,14,1,https://www.youtube.com/watch?v=990oOC-bHxA,Ugy_SSC9aJikDqLyu5t4AaABAg,youtube-data-api-v3/commentThreads.list,
4.295,strategy_rules,youtube,This supply & Demand Strategy Changed my trading journey💯,20,0,https://www.youtube.com/watch?v=91-eWDvL-No,UgxE-w4jh-dcabTACjZ4AaABAg,youtube-data-api-v3/commentThreads.list,
4.295,broker_platform,youtube,This guy is a 100% right with this theory. This was one of the very first things that caught my attention on tradingview bar replay.,20,0,https://www.youtube.com/watch?v=JD_sWSjIiJE,UgzZRQb9fhyFXbE3UF94AaABAg,youtube-data-api-v3/commentThreads.list,
4.292,strategy_rules|education_gap,youtube,What is the name of the indicator please?,5,0,https://www.youtube.com/watch?v=U8xH2dEgH5A,Ugwqlht6Yu7Od1yIVgt4AaABAg.9rVthwuvvw_9t-FY1G4EQD,youtube-data-api-v3/commentThreads.list,
4.29,other_question_or_pain,youtube,"That's so helpful thank you, would this be box the previous 'Day Candle'?",1,1,https://www.youtube.com/watch?v=v97Efp_UDC0,UgwvqbiEhNwiViQxCsR4AaABAg,youtube-data-api-v3/commentThreads.list,
4.29,education_gap,youtube,"If the true day starts at 00.00 ny midnight, wont you use the highs and lows between 00:00 instead of the printed daily candles? Im very confused. Whats the point of using midnihht opening pricr in anaylsis if you going to use the printed daily camdles higjs and lows for liquidty and not the highs and lows secrioned between 00:00 and 00:00",1,1,https://www.youtube.com/watch?v=YESqIoA7Wyg,UgyGE1HiZ85d2lS6a2t4AaABAg,youtube-data-api-v3/commentThreads.list,
4.273,strategy_rules|education_gap,youtube,"Seems  trading isn’t for me . ripped $1k out of my account overnight. I follow every rule, watch every setup, still somehow end up in red. I don’t know if it’s the market or me, but I feel like I’m losing my mind over this.",7,3,https://www.youtube.com/watch?v=3JoMwrrN89E,UgxoEBiJfOngcpmXRRJ4AaABAg,youtube-data-api-v3/commentThreads.list,
4.246,education_gap,youtube,"I have to say I have watched many of these videos, but.... This is the greatest TDA videos I have ever seen. Well done to you sir, it has completely opened my eyes to how the market takes out liquidity. And you explain it so clearly and simply. Awesome video mate.",19,0,https://www.youtube.com/watch?v=GKN-iVjJpyA,Ugz5po53RSHLlAk4B_J4AaABAg,youtube-data-api-v3/commentThreads.list,
4.236,education_gap,youtube,This video would be 10X better if you showing us all this in the charts while explaining! Some of us have ADHD and by the time the video finishes we just looking at lips moving and not hearing a single thing because our minds are already thinking about wether to put bananas or berries in my breakfast today,13,1,https://www.youtube.com/watch?v=T06ayy3-zs8,UgxXP95OQQLlgE9EWSV4AaABAg,youtube-data-api-v3/commentThreads.list,
4.233,entry_timing|education_gap,youtube,"Sir ,when price Breaks the previous lower high with a large displacement then where  will be our entry , I'm really confused about how to identify the exact order block or POI pleas make a detailed video on it 😢, I'll be waiting for you sir,❤u",3,1,https://www.youtube.com/watch?v=91-eWDvL-No,UgxEsJwMACkdbRdviFR4AaABAg,youtube-data-api-v3/commentThreads.list,
4.233,entry_timing|education_gap,youtube,"What do you do if it doesn't come back to your zone?
I look at the 1hr 30 min and take entry on 15min and sometime 30 min. 
But what do you do if it doesn't come to your zone and it's still shooting up in up trend?",3,1,https://www.youtube.com/watch?v=91-eWDvL-No,UgyBbQYco5254TAUmjh4AaABAg,youtube-data-api-v3/commentThreads.list,
4.208,entry_timing|strategy_rules,youtube,"She's wise. I'm in admiration.
No need of many screens, many strategies or patterns, 
That one strategy you learned and works for you is enough.
If you enter a trade without confirmation, YOU'RE GAMBLING. Period.",14,0,https://www.youtube.com/watch?v=cQzisFQRg3c,UgwQ2qJuBK0xY5LaWvp4AaABAg,youtube-data-api-v3/commentThreads.list,
4.208,risk_management|education_gap,youtube,"Mate!!! I studied Supply and Demand this weekend. Watched this and your other SD videos, practiced quite a few trades on the TV replay, journaled them and now just landed my first TP SD trade with +70pts on the 5m chart of the GER40 during the usually slow Asian session. Your videos are so structured and you explain everything essential so well. Thank YOU so MUCH 🙏",14,0,https://www.youtube.com/watch?v=yaCM_cr5BXo,UgxAjixTZCjFo2pzgX14AaABAg,youtube-data-api-v3/commentThreads.list,
4.208,risk_management|education_gap,youtube,"Video Topic Suggestions:
 1)  placing stop losses at logical positions and what positions will be good to place them after trade starts moving in our favour.
2)  what changes the break in market structure for long term like what are the parameters you would use to confirm that we are changing direction for long term ( quarterly shifts, seasonal tendency, using Bonds, Yields etc). Maybe this video can be useful for a year end review on what made us changes the direction throughut 2023
3) Video on the invalidation levels on different time frames, Say we are bearish on Daily so what are inalidation levels which we look for. Retracement up to which level will be acceptable and  will not cause any major shift in the direction of the market",14,0,https://www.youtube.com/watch?v=MPeeE55rNOw,UgyXJcdQybcs14pb1CV4AaABAg,youtube-data-api-v3/commentThreads.list,
4.206,other_question_or_pain,youtube,"this is farrr easier said than done. i’ve been trading this for a while now, and the problem is, you never know which of your zones price is gonna react from. So you end up taking trades think that it is gonna react from this level and then market just continues and stops you out. And in other cases you just miss trades. If you do hit though, you’ll end up getting atleast a 3RR.",4,1,https://www.youtube.com/watch?v=yaCM_cr5BXo,Ugx6LAJgCIfKQsPiY_94AaABAg,youtube-data-api-v3/commentThreads.list,
4.206,risk_management,youtube,"We can't thank you enough. Trading is difficult but you made it super easy. 

Your video on trailing SL has helped limited losses. Thanks",4,1,https://www.youtube.com/watch?v=JhBX0TQ41H8,UgxU1ya2etYJUo36YSR4AaABAg,youtube-data-api-v3/commentThreads.list,
4.206,education_gap,youtube,"At 12:35 you mark Out the 2nd demand Zone, and use it in a trade later (and win🎉). But why did you take it? There is a demand Zone below and you taught us before, that the lowest one is the strongest?",4,1,https://www.youtube.com/watch?v=nkMzaQqpFbw,Ugyb8TAKMjjWdPE252l4AaABAg,youtube-data-api-v3/commentThreads.list,
4.206,other_question_or_pain,youtube,"Wouldn't it be nice if all this talk were coupled with some real, practical chart examples?",4,1,https://www.youtube.com/watch?v=6-2WXJFyBhE,UgzL0j34pBYt9-dimLN4AaABAg,youtube-data-api-v3/commentThreads.list,
4.197,strategy_rules,youtube,"Hi: I used the 34ema (smoothed with 14 periods of that 34), on the 1m chart.  It is very good at spotting internal resistances and supports that is not visible on the larger timeframes.",10,2,https://www.youtube.com/watch?v=pORrgC7GjkM,UgwcP14MEFFLTSFprgd4AaABAg,youtube-data-api-v3/commentThreads.list,
4.196,strategy_rules,youtube,Did I just watch a YouTube video of a trading strategy without a trading chart? Whaaat?,6,0,https://www.youtube.com/watch?v=g0BPjHd4OP8,Ugwz7Kz5I9umbVdXoMl4AaABAg,youtube-data-api-v3/commentThreads.list,
4.196,other_question_or_pain,youtube,"Wait so you’re literally watching him take trades live? Like, not replay footage but actual real time scalps?",6,0,https://www.youtube.com/watch?v=pORrgC7GjkM,UgxrchqHmazKWZ5RQf54AaABAg.APVZPUutep0APV_LUARb_1,youtube-data-api-v3/commentThreads.list,
4.194,strategy_rules,youtube,"OTE is everything! After watching so much of ICT's concepts it took me so long to figure out which Strategy worked best for me. Once getting a better understanding of Institutional Order Flow, Market Structure shifts, Liquidity Runs, and PD Arrays the whole game changed. Great video and as always best of luck in the Markets! (also trade indices, mostly Dow Futures)",18,0,https://www.youtube.com/watch?v=0xygpCMwxbQ,Ugx6iL_6jfFb6t5Lq_14AaABAg,youtube-data-api-v3/commentThreads.list,
4.186,strategy_rules,youtube,Do you often trade this way on the 5-10 minute timeframe? Or is this method best suited for the 1-hour and 4-hour timeframes?,3,2,https://www.youtube.com/watch?v=m-G1ag77aVc,UgyS18DNm_rex8OaLIl4AaABAg,youtube-data-api-v3/commentThreads.list,
4.162,strategy_rules,youtube,Nice setup! I'm amazed you can run all that on one desktop. I'm running TOS on two i7 desktop computers with 6 monitors. That is the only way I have found to get TOS to run smoothly.,12,1,https://www.youtube.com/watch?v=96kZw9oR4QU,UgwpJdCBFrOHfC1SBAp4AaABAg,youtube-data-api-v3/commentThreads.list,
4.162,education_gap,youtube,"This is probably the best trading video I’ve ever watched. Imo TDA is the most important concept to apply in trading but I’m not even talking about that, the way u explained it all and focused on the key areas was great",12,1,https://www.youtube.com/watch?v=GKN-iVjJpyA,UgxpRZSwZmQsAnh8MCZ4AaABAg,youtube-data-api-v3/commentThreads.list,
4.162,entry_timing,youtube,"You truly are the best ICT educator on YouTube..I hope you have plans to expand your enterprise..I would really like to be part of a mentorship program that you might consider offering…you really are a champion. Thanks for all the hard work and such clear, concise educational content!",12,1,https://www.youtube.com/watch?v=_94CPMjWi9E,UgyWuNGbzo2DWy5qB_h4AaABAg,youtube-data-api-v3/commentThreads.list,
4.148,strategy_rules|psychology|education_gap,youtube,"1. I’m better than a robot because I can adapt, think critically, and make decisions based on more than just numbers. A robot follows a set of rules, but I can recognize when the market is shifting in ways data alone can’t predict. I understand emotion, news events, and market psychology, things that can’t always be coded into an algorithm. That flexibility gives me an edge. But in all honestly in this day and age I don't really think I'm better than a robot

2. Robots are better than me at speed and discipline. They don’t hesitate, second guess, or get emotional. They stick to the plan no matter what. But here’s the thing, robots only do what they’re programmed to do. The real power isnt in the bot itself, it’s in the person who builds the strategy behind it. A great trader knows how to use automation as a tool, not a crutch.",10,0,https://www.youtube.com/watch?v=TvWks6oJ-9U,Ugxkwj2drpcxBk3z-TZ4AaABAg,youtube-data-api-v3/commentThreads.list,
4.14,education_gap,youtube,"That's why trading and investing is not the same thing. Everyone can invest, but not everyone can become a trader. a trader is a profession",17,0,https://www.youtube.com/watch?v=JXHrTloZ-nE,UgwuPUzZyVUup4OPjJ14AaABAg,youtube-data-api-v3/commentThreads.list,
4.14,strategy_rules,youtube,"This is an awesome strategy, been using it + OTE + m15 TF . You can draw a fibo from H/L of the candle that made the CISD, chef kiss.",17,0,https://www.youtube.com/watch?v=CHIK5oBRKiw,Ugz1-N2dVhnPEOImv3Z4AaABAg,youtube-data-api-v3/commentThreads.list,
4.14,education_gap,youtube,Hi Mr James what it takes for a trader to get funded I sometimes hear you saying that someone got funded 10k million dollars in someof your teaching videos.....Im the one of your followers,17,0,https://www.youtube.com/watch?v=wIyZcY6kNuo,UgzuLqSNPXLDqAZgeuJ4AaABAg,youtube-data-api-v3/commentThreads.list,
4.139,risk_management|psychology,youtube,Seriously! I get hit of dopamine for respecting my stop loss. Way to go disciplined me. 😂😂😂,6,3,https://www.youtube.com/watch?v=cIv3bcPylr4,UgyuSPHkZwzKS8yQfEx4AaABAg,youtube-data-api-v3/commentThreads.list,
4.129,entry_timing|education_gap,youtube,"This looks so simple thanks to your wonderful explanation. Everything is at top level: simple explanation from the PDF THEN demosntration on different market day per day.
And at the end, two demonstration or how to use to get an entry or two different session. Wonderful.",7,2,https://www.youtube.com/watch?v=g3oDYq4P9ZE,Ugx1C5xYJdbq_zbJdSR4AaABAg,youtube-data-api-v3/commentThreads.list,
4.109,psychology|education_gap,youtube,"That makes sense, but why do so many people still blow up even when they claim to know the theory? Is it really just about discipline, or is it because they’re gambling with money that matters too much relative to their account size?",4,0,https://www.youtube.com/watch?v=JXHrTloZ-nE,Ugw-BH_lkZaSUDV3Brd4AaABAg.AbLPM4R0i96AbLPdQ2GN2X,youtube-data-api-v3/commentThreads.list,
4.109,strategy_rules|education_gap,youtube,I’ve also been following the strategy from Isaac Elias. ❤ His patience and the way he reads the charts is what actually helped me stay consistent.,4,0,https://www.youtube.com/watch?v=JXHrTloZ-nE,UgwqaeCZ-KXQPwKRLOR4AaABAg.AaTn_EABL1LAaTnn_wQ9HU,youtube-data-api-v3/commentThreads.list,
4.083,education_gap,youtube,I wish you had spent more time showing the chart. Thank you,16,0,https://www.youtube.com/watch?v=6-2WXJFyBhE,UgyFbbGiA03pgLJj7F54AaABAg,youtube-data-api-v3/commentThreads.list,
4.042,education_gap,youtube,"Hello, how did you do it? I'm a newbie and I've lost a lot of money investing on my own. Please can you advise on how to go about this?",5,0,https://www.youtube.com/watch?v=JXHrTloZ-nE,UgwqaeCZ-KXQPwKRLOR4AaABAg.AaTn_EABL1LAaTngGeLTjl,youtube-data-api-v3/commentThreads.list,
4.042,education_gap,youtube,"Just to be clear, this isn’t financial advice and everyone’s situation is different. In my own experience, getting input from a qualified professional has been helpful. If you’re interested in that kind of support, you can search online for financial professionals who match what you’re looking for. One person I’ve learned from in the past is someone named *Mary Elizabeth McOwen* you can look up the name if you want general information, or can just browse her full name for more.",5,0,https://www.youtube.com/watch?v=Cq9mF42y2UQ,UgxXOftR7rqwgQ5zmll4AaABAg.APPxubxNxjSAQZEyySFOqf,youtube-data-api-v3/commentThreads.list,
4.042,other_question_or_pain,youtube,"Skip keh 
A gold digger should skip gold?",5,0,https://www.youtube.com/watch?v=9nRFcetXqkA,UgxlI4BVIJvtp7Il4r94AaABAg.AJLcQaHd2pLAJLhQn32300,youtube-data-api-v3/commentThreads.list,
4.042,entry_timing,youtube,"an entry model video sounds perfect!  Your videos are extremely helpful for me - apart from being delivered in an authoritative, intelligent manner, being succinct but thorough. A pleasure to watch and absorb the contents.",5,0,https://www.youtube.com/watch?v=CHIK5oBRKiw,Ugy86fw0x8Hmh-88PwZ4AaABAg,youtube-data-api-v3/commentThreads.list,
4.042,other_question_or_pain,youtube,"I'm not profitable yet. From the first time I watched your video,   i feel inspired and hopeful.

It's easy for me to identify change of character, demand and supply zones now.

I'm currently working on being patience and flawless execution.

You're a Messiah in this industry. I can't wait to make my first withdrawal and joing your academy as a mentee.

Thank you sir ❤",5,0,https://www.youtube.com/watch?v=9nRFcetXqkA,UgyLq2kBX6v-h1EjE014AaABAg,youtube-data-api-v3/commentThreads.list,
4.042,other_question_or_pain,youtube,"Congrats on you pp account. It helps boost confidence and you will
Be very happy with your outcome once you do take a live trade. Congrats on advance",5,0,https://www.youtube.com/watch?v=0xygpCMwxbQ,UgzQCOORyx7T8s_Nh7F4AaABAg.9qVDWM0jQ9D9va9Koe3Q6P,youtube-data-api-v3/commentThreads.list,
4.042,other_question_or_pain,youtube,"Ever since I met you, when I journal to my old chart I'm laughing and crying at the same time, I can't believe it's me  whose busy scamming myself 😂😭.  From you I'm learning and improving every day. All the way from Technical Analysis to Psychological trading. . I'm blessed to have a Mentor like you 🙏🏽🥰🤞🏽💙💙💙🇿🇦",5,0,https://www.youtube.com/watch?v=yaCM_cr5BXo,Ugzk3qVq_jxHi67DRe14AaABAg,youtube-data-api-v3/commentThreads.list,
4.001,education_gap,youtube,"U see what u have just taught now, even if all the youtube trading channels can be closed and only this video left, it enough.

This is for begginers, intermediate and advanced trader

After watching this i never wana watch another video in my life, it will confuse me😅",6,4,https://www.youtube.com/watch?v=g3oDYq4P9ZE,UgylT3JI7CXlPa-2he54AaABAg,youtube-data-api-v3/commentThreads.list,
3.994,education_gap,youtube,Finally! You're the only Youtuber I found that explains clearly about automated bot trading.  Thank you ❤🎉,10,1,https://www.youtube.com/watch?v=TvWks6oJ-9U,Ugw_JA9eJvh94MSxH5Z4AaABAg,youtube-data-api-v3/commentThreads.list,
3.994,education_gap,youtube,I wish you would show what you are explaining on a chart. My brain can’t follow all these verbal explanations 😢,10,1,https://www.youtube.com/watch?v=v97Efp_UDC0,UgxH00oiQdi9R7k1QcN4AaABAg,youtube-data-api-v3/commentThreads.list,
3.983,other_question_or_pain,youtube,"I heard each monitor adds +1mil to your trading account, is it true?",3,1,https://www.youtube.com/watch?v=96kZw9oR4QU,UgwXkMM0Vedw9BQYp514AaABAg,youtube-data-api-v3/commentThreads.list,
3.983,strategy_rules,youtube,I already became profitable in three months 🤪 love the videos though they keep me balanced and help me flesh out my strategy.,3,1,https://www.youtube.com/watch?v=nkMzaQqpFbw,UgxRyKLKOksUDzdE1pN4AaABAg,youtube-data-api-v3/commentThreads.list,
3.983,strategy_rules,youtube,Just tried out the strategy today on my demo account and all 3 trades came through. Just from watching your video. You really made it easy to understand after being confused for months. Keep it up. 💯,3,1,https://www.youtube.com/watch?v=nkMzaQqpFbw,UgxxpB8UTxBVhKQoxD54AaABAg,youtube-data-api-v3/commentThreads.list,
3.983,education_gap,youtube,JeaFX is closing so many potholes in my forex journey. you are a true GOAT.  can you make a video on what a real pullback is because I'm confuse weather it's a 3-candle pullback or if it has to extend pass the last bullish or bearish candle. I'm mostly confused when you have a few pullback candles that's small but don't extend pass the last bullish or bearish candle. I appreciate all the videos you have done you are truly one of the top GOATS on my list or should I say the top GOAT on my list 🤣,3,1,https://www.youtube.com/watch?v=91-eWDvL-No,Ugy-ZANPHLyZ1Va-K8J4AaABAg,youtube-data-api-v3/commentThreads.list,
3.958,education_gap,youtube,"Your channel has proven that trading isn’t hard, someone just need to get the understanding of how trading actually works, when you understands forex market, you will make money from the market",14,0,https://www.youtube.com/watch?v=990oOC-bHxA,Ugx5Q5bNDeZXVapbHk54AaABAg,youtube-data-api-v3/commentThreads.list,
3.958,risk_management,youtube,Bro seriously I'm changing everything this is amazing bro you saved my life,14,0,https://www.youtube.com/watch?v=JD_sWSjIiJE,UgycBWb2fXZERHG8KI94AaABAg,youtube-data-api-v3/commentThreads.list,
3.958,education_gap,youtube,"This is exactly why its so important to get back to basics no matter how long one has done trades. I absolutely love your take on this, blew my mind. Thank you",14,0,https://www.youtube.com/watch?v=990oOC-bHxA,UgzUKV-woDA02XoRmd14AaABAg,youtube-data-api-v3/commentThreads.list,
3.945,strategy_rules|education_gap,youtube,"To TTrades,

I just wanted to take a moment to sincerely thank you for everything you've shared through your content. You’ve not only taught me valuable concepts like ICT and SMC in a way that truly clicks, but you also did something that most people wouldn’t dare to do — you gave away your own setup, your knowledge, your hard-earned experience… for free, just to help others grow.

That level of generosity and transparency is rare, and I can’t even begin to express how much I respect you for it. Because of you, I've grown in ways I never thought possible. Your passion, patience, and dedication have lit a fire in me, and I know I’m not the only one.

Please keep going, even when it gets tough. You’ve already changed lives, and you're building something way bigger than you might even realize right now. Your work matters. You matter.

Thank you for being real. Thank you for leading with value. And thank you for being a mentor to so many of us, even from behind a screen.

Much love and endless respect.
– A grateful learner",2,1,https://www.youtube.com/watch?v=0xygpCMwxbQ,UgyLHzNQEMlMDcdQJlJ4AaABAg,youtube-data-api-v3/commentThreads.list,
3.943,education_gap,youtube,What if I only trade 1 contract? Which is my problem,1,0,https://www.youtube.com/watch?v=JXHrTloZ-nE,Ugw1AwYF_p-uZcYnfVR4AaABAg,youtube-data-api-v3/commentThreads.list,
3.943,education_gap,youtube,"You're a great teacher JEA❤ this few days I came across your YouTube channel I've got learn a lot. Though I've not started trading with real $$$, I'm still playing with my demo account😅. But you're actually motivating me real good, I can't wait to start trading with real account. 

How can I get your full course and how about I want you to mentor me?
Hoping to hear from you🙏🙏",1,0,https://www.youtube.com/watch?v=LclxDYccla8,UgwASHwjJm16BHGCaph4AaABAg,youtube-data-api-v3/commentThreads.list,
3.943,other_question_or_pain,youtube,It's honestly rare to find someone who's willing to help beginners understand their charts without making everything about expensive courses. 😅 Does he also provide study materials or anything you can review in your own time?,1,0,https://www.youtube.com/watch?v=6-2WXJFyBhE,Ugz3t_nvFuqMwz3GB_d4AaABAg.A_GN2JSbmFjA_GO7mkD0vZ,youtube-data-api-v3/commentThreads.list,
3.899,entry_timing,youtube,"This is probably one of your best ones. Incorporating the most fundamental ict concept to actually pull the trigger for a live fund entry. 
Manipulation+FVG+OTE+OB+BB ✨️",9,1,https://www.youtube.com/watch?v=0xygpCMwxbQ,UgzegrEbGNTij5XHOEB4AaABAg,youtube-data-api-v3/commentThreads.list,
3.898,entry_timing|education_gap,youtube,​@JeaFxForexTradingPlease sir what if you have a demand zone with imbalance in 4hour and in 1hour it has been reacted on will it still be valid for a trade entry in the 4hours,10,0,https://www.youtube.com/watch?v=91-eWDvL-No,UgxIdIMLZkfO8FiUdzh4AaABAg.A8Ue9GQx1wPA8V3F0lV1aO,youtube-data-api-v3/commentThreads.list,
3.898,risk_management|strategy_rules,youtube,"One thing I would add is risk management. Learning the setup is important, but knowing when to stop after a few losses can make a huge difference, especially for beginners.",10,0,https://www.youtube.com/watch?v=7Hu7Rl1VYgE,Ugz4-Y_kL4yIEcdHaeZ4AaABAg,youtube-data-api-v3/commentThreads.list,
3.889,risk_management,youtube,This is the kind of content new traders need. I’ve been letting my bot handle entries lately and just focusing on risk management—huge difference.,13,0,https://www.youtube.com/watch?v=hSldTDpCfcc,UgwE368MksvUbbqCZUV4AaABAg,youtube-data-api-v3/commentThreads.list,
3.886,entry_timing|broker_platform,youtube,"I'm happy for you. Like you, I'm more comfortable being a swing trader. So I use the higher time frames to identify key areas and trend, while I usually use the 1-Hr time frame to find entry signals. Then  I've found the 1-min time frame beneficial for taking sniper entries that could easily cater for the spreads. So that helps me to leave the red figures (loss) and enter the blue figures (profit) very quickly 😁. 

But if your method works perfectly for you, just stick with it 👍.",3,0,https://www.youtube.com/watch?v=ygleB1CLhUE,Ugx0ez05kyxTDxd4zuR4AaABAg.AKhNX1CQcyQAKy0jPo2FLg,youtube-data-api-v3/commentThreads.list,
3.886,strategy_rules|education_gap,youtube,"Hi Raghee, great video, thanks for sharing with us. You are the smartest of all the traders i have watched set up videos of, because every single one of them had fancy paintings on the walls, lights, and everything else, but none of them had ups back up :) I even never thought of it until i saw yours!! I have one question, at 7:48 minute, on your TOS chart watchlist, you have 2 columns that says RH34 / RH81321 with Bearish / Bullish Wave indicators. Which study is that one? If you could shortly explain it, i would certainly appreciate it. Thanks, and happy trading!",3,0,https://www.youtube.com/watch?v=96kZw9oR4QU,UgzB-GdrM8Di6hC4aah4AaABAg,youtube-data-api-v3/commentThreads.list,
3.879,education_gap,youtube,If you get “stopped out” WAIT! don’t keep averaging down! You have NO clue where the bottom is! This is how $50 losses turn into $1500,7,2,https://www.youtube.com/watch?v=Cq9mF42y2UQ,UgzDVItLdEdOMOjE4mp4AaABAg,youtube-data-api-v3/commentThreads.list,
3.859,education_gap,youtube,"geniune question, why do i see some people say mark the first 15min candle of new york open (930am EST), and then ive seen some people say mark the 8am candle? but it is always 15min candle, ive never seen 30min until now, but very interested.",4,0,https://www.youtube.com/watch?v=T06ayy3-zs8,Ugw_dzvPZcP1W6gnL954AaABAg,youtube-data-api-v3/commentThreads.list,
3.859,education_gap,youtube,This made liquidity feel way simpler than how it’s usually explained. The sweep + confirmation part especially helped.,4,0,https://www.youtube.com/watch?v=sclIAK3x2dw,Ugwc6zdf72RKZ83MFcx4AaABAg,youtube-data-api-v3/commentThreads.list,
3.859,education_gap,youtube,"Thanks for the reality check, this is exactly where I reside my win rate is well above 60% however my dollar loss value well exceed my wins. It has been a difficult thing for me to come to grips with a loosing trade, at the same time I use a mental stop, not a good idea for someone with my mind set. When I was a child there was this Nun who would bust my knuckles with a ruler when I would touch stuff she warned me not to, wish she was still around, any volunteers? Thanks again.",4,0,https://www.youtube.com/watch?v=JXHrTloZ-nE,Ugwn9STxJHswQPITaJd4AaABAg,youtube-data-api-v3/commentThreads.list,
3.859,other_question_or_pain,youtube,"listen carefully to this teacher,if you can't make profit after learning from this teacher  you have your own problem",4,0,https://www.youtube.com/watch?v=JD_sWSjIiJE,UgwnsC6Rdl0mdPx9n6N4AaABAg,youtube-data-api-v3/commentThreads.list,
3.859,education_gap,youtube,"Yeah man, I am so grateful to ICT for his willingness to share all of his golden insights, but he could edit out all of his boasting and defensive commentary. It draws out his videos to forever and makes him really hard to watch. He literally drives me nuts with all that, and then I can't even say anything because he has the comments turned off, lmao. Additionally, while he clearly has the passkey to understanding how these markets work, he isn't as gifted in terms of conveying it all in a clear and digestible way. Sometimes it feels like I have to sit through an hour and a half of content to find the 5 or 6 minutes of pure gold, but it's gold of such purity as to make it worth the wait. So thank God for guys like you, whose gift is in the ability to provide a clear and focused treatment of ICT's concepts and techniques. So yeah, thanx man..",4,0,https://www.youtube.com/watch?v=U8xH2dEgH5A,UgxmXtOhH3ZZEaL8iDx4AaABAg.9rWVhrzVVe-AC2Wt189ER3,youtube-data-api-v3/commentThreads.list,
3.859,education_gap,youtube,"Just to be clear, this isn’t financial advice and everyone’s situation is different. In my own experience, getting input from a qualified professional has been helpful. If you’re interested in that kind of support, you can search online for financial professionals who match what you’re looking for. One person I’ve learned from in the past is someone named *Mary Elizabeth McOwen* you can look up the name if you want general information, or can just browse her full name for more.",4,0,https://www.youtube.com/watch?v=Cq9mF42y2UQ,UgxwgiMNTBUjigVbu6F4AaABAg.APa07bDXUY8AQZDsbkdYJI,youtube-data-api-v3/commentThreads.list,
3.859,other_question_or_pain,youtube,"Am massive fan of your work ... watching all the way from Zambia Africa.... your videos have helped my trading journey 
I've greatly improved since I came across your YouTube channel 💯
But I was wondering if you could do some of us a favour 
By doing a fully detailed video of 
Combining SMC + RSI  divergence..... am curious guy and it's been bugging for quite some time now 😅 I hope this comment gets to the team behind this channel....",4,0,https://www.youtube.com/watch?v=q1NmxUTm4n4,UgxyWIMdfyobKrNTXDt4AaABAg,youtube-data-api-v3/commentThreads.list,
3.859,other_question_or_pain,youtube,This help me ALOT wit my understandin of this...thank u bro,4,0,https://www.youtube.com/watch?v=LclxDYccla8,Ugy5W1KyrMfFp2GCkbN4AaABAg,youtube-data-api-v3/commentThreads.list,
3.859,education_gap,youtube,It's insane how we get such golden information free...James we sure can't thank you enough,4,0,https://www.youtube.com/watch?v=JhBX0TQ41H8,UgyJ76cS0DkJ4Rn_dMh4AaABAg,youtube-data-api-v3/commentThreads.list,
3.859,other_question_or_pain,youtube,"Hi Pat, are you going to make a bot that trades crypto or memecoins?",4,0,https://www.youtube.com/watch?v=TvWks6oJ-9U,Ugyl_F3oo6AYy5lUq4x4AaABAg,youtube-data-api-v3/commentThreads.list,
3.859,education_gap,youtube,"*How to trade Forex   ?*
*How   ?*",4,0,https://www.youtube.com/watch?v=wIyZcY6kNuo,UgywkYSTHhXknad_mj54AaABAg,youtube-data-api-v3/commentThreads.list,
3.859,education_gap,youtube,"2026 has been nothing but mixed signals, recession warnings one minute, AI optimism the next. How would you put $550k to work in this environment?",4,0,https://www.youtube.com/watch?v=3JoMwrrN89E,UgyzWvues6sMpL0r0KN4AaABAg.AYZ7jt94dfnAZ6yfXxIICU,youtube-data-api-v3/commentThreads.list,
3.859,education_gap,youtube,"Can you please make  a video about your trading journey?How you started ,the challenges you faced,when you had your breakthrough etc",4,0,https://www.youtube.com/watch?v=91-eWDvL-No,Ugz1-FAnGSX0eTCpgqp4AaABAg,youtube-data-api-v3/commentThreads.list,
3.859,other_question_or_pain,youtube,"Yes a diagram with your explanation would be quite helpful...thank you, you do shed a good light on trading smart...🌹🏌️",4,0,https://www.youtube.com/watch?v=T06ayy3-zs8,Ugz61jUdrk4uiizpWCJ4AaABAg.AYnR2hl6zk3AZ2g5z47je7,youtube-data-api-v3/commentThreads.list,
3.859,education_gap,youtube,"I can't understand WHY professional traders don't do this! We need a display of a diagram to really ""get it"".",4,0,https://www.youtube.com/watch?v=T06ayy3-zs8,Ugz61jUdrk4uiizpWCJ4AaABAg.AYnR2hl6zk3AZCoEVjIO0g,youtube-data-api-v3/commentThreads.list,
3.859,education_gap,youtube,"Loved the explanations; however, I would like to see examples on charts to really help this hit home",4,0,https://www.youtube.com/watch?v=DZ08d8ORc_M,UgzP8-vB4Y9nkKeiS9l4AaABAg,youtube-data-api-v3/commentThreads.list,
3.847,entry_timing|education_gap,youtube,"Hey, Great content its helped alot on the ICT concepts.  I like you direct and unpretentious style.  I find most of the ICT concepts are a counter candle or counter move type of thinking.  At times this counter way of thinking gets me into trouble fighting the short term trend or move or waiting for a pull back that never comes.  I was curious what your thoughts were on when do you think your wrong or maybe when you think you should flip?.  I know,  hit your stop and thats when your wrong  but seems we always emphasize  the entry and profit target.  Maybe Failed plays might be a good presentation.  Thanks man, appreciate ya.",0,1,https://www.youtube.com/watch?v=1YRs4Z1lMws,UgwMQ6mNFQX6OYtucep4AaABAg,youtube-data-api-v3/commentThreads.list,
3.847,broker_platform|education_gap,youtube,Thanks for the amazing videos.  I can't find a video where they explain how to set multiple take profits in tradingview. Can someone help me?,0,1,https://www.youtube.com/watch?v=YESqIoA7Wyg,UgxSlpaJdlT8kHllCmJ4AaABAg,youtube-data-api-v3/commentThreads.list,
3.841,entry_timing|education_gap,youtube,Please make a video on how to take entry in LTF ❤️,5,2,https://www.youtube.com/watch?v=GKN-iVjJpyA,Ugw8o1BpfdK_DCkip_t4AaABAg,youtube-data-api-v3/commentThreads.list,
3.815,education_gap,youtube,"Very simple way to explain how the market moves and how trades can take advantage of it, clean screen with the necessary marks of supply and demand areas , well done, you are the best out there.",12,0,https://www.youtube.com/watch?v=GKN-iVjJpyA,UgxKO0kjy2F-4Bxaj9R4AaABAg,youtube-data-api-v3/commentThreads.list,
3.815,education_gap,youtube,​@Vwxkla that means you didn't understand how to trade😂,12,0,https://www.youtube.com/watch?v=yaCM_cr5BXo,Ugz6Ldttbnut5_S-aA54AaABAg.AJv8oJYVXovARL-K9sXb5D,youtube-data-api-v3/commentThreads.list,
3.803,entry_timing|education_gap,youtube,"Love how you project MTs as trade entries to get a better RR. I use the same principle as well and when you identify valid OBs, you can use it as your 2nd entry when your tp is not yet hit. Awesome video as always @ttrades",9,0,https://www.youtube.com/watch?v=DMUiDBnTYc8,Ugy0wOsrZBdsBnNQmct4AaABAg,youtube-data-api-v3/commentThreads.list,
3.803,strategy_rules|education_gap,youtube,"By far, this is the best tutorial for any strategy I've ever seen. Hardly ever leave comments on videos, but this was incredibly well done. Thank you",9,0,https://www.youtube.com/watch?v=yaCM_cr5BXo,Ugzn6BTEmLeHqp8HJbt4AaABAg,youtube-data-api-v3/commentThreads.list,
3.799,other_question_or_pain,youtube,"Yet another set of great insights! Cool... I was wondering whether in your series of educational videos there would be s.t. around ""high and low resistance runs"". Can u help? Cheers!",0,2,https://www.youtube.com/watch?v=q1NmxUTm4n4,UgxhwZaS-I5MNtG05P94AaABAg,youtube-data-api-v3/commentThreads.list,
3.799,other_question_or_pain,youtube,"Hey Pat, I been on a birthday vacation. Awesome video. You have helped me on scalping and I have been pulled to also swing trade. Is your win strike live still going? Everyone much love.",0,2,https://www.youtube.com/watch?v=R9yZSDpdCGE,Ugy9zoyoFEa6mBeZoWF4AaABAg,youtube-data-api-v3/commentThreads.list,
3.794,education_gap,youtube,this is why trading is hard because it is so simple 🙏🙏🙏,8,1,https://www.youtube.com/watch?v=cQzisFQRg3c,Ugy7oIscnkAUI-XoM8Z4AaABAg,youtube-data-api-v3/commentThreads.list,
3.794,risk_management,youtube,Robots are better because I over trade I do good for awhile then slowly start loosing everything.,8,1,https://www.youtube.com/watch?v=TvWks6oJ-9U,UgyltfH2jV_-Is3BEwF4AaABAg,youtube-data-api-v3/commentThreads.list,
3.75,risk_management|strategy_rules|education_gap,youtube,"​@WankitttAnother Stupid thinking that I don't know about stop loss, stupid, you're talking to a well off trader here! Unlike these attention seeking traders who show off, I trade for myself, I create wealth for myself, obviously I know about setting stop loss on my limit orders. Secondly, I am both a technical & fundamental analysist. So my comment about ""Expectations being blown"" yes, that used to be me thinking about ""last down candle stick before the impulse"" and I applied stop losses along with it and guess what... EXPECTATION WAS ALWAYS BLOWN! Because I used to think that now I know about the last candlestick before the impulse(order blocks) I'm all set now which I was wrong like this guy who thinks now that he knows about the last candles before the impulse, everything is set to his path. 

By the way, Fundamental is where most money is made, I only approach technical when I feel like shutting off people who think just because I'm into fundamentals, I don't know about SMC: Liquidity Sweeps, Fvgs, SmT, 9:30 EST set up by ICT... I started trading with all that before Fundamental... I'm god to the technical analysis, now I'm about to become all with Fundamental...while y'all be waiting Break of Structure, Then An Imbalance, Followed by Orderblock, and Nearby resting Liquidity near the orderblock setup before taking a trade😂😂😂predictable hence easy!!! 

What do you know about fundamental setup.. hm? Nothing cause real money making setups can't be shown the way money losing setups are shown like SMC orderblocks that y'all love so much",0,0,https://www.youtube.com/watch?v=yaCM_cr5BXo,UgxOUqaU0IYmjLaoSU14AaABAg.AQtI7OYn24DARqE4F2UMvd,youtube-data-api-v3/commentThreads.list,
3.75,risk_management|entry_timing|education_gap,youtube,"I stumbled onto the CRT pattern on my own. Thank you for explaining the mechanics behind it. It helped connect a lot of dots for me. The part I’m still struggling with is entry timing, especially fading the initial sweep back into the range and knowing when to enter on expansion. On expansion, I’ve been trying to enter on the second break of the middle/step candle to minimize drawdown, but I’m having mixed results. Any advice on tightening up those entries?",0,0,https://www.youtube.com/watch?v=6-2WXJFyBhE,Ugyib5kygbk6Ps1HWEt4AaABAg,youtube-data-api-v3/commentThreads.list,
3.745,education_gap,youtube,"Excellent! Honestly, I would watch you for hours just tracking price action and explaining what you're thinking, win or lose. Maybe even with something like FXReplay. I really learn a lot just by observing. Heck, I'd pay for that. You are the only creator I really pay any attention to other than ICT any more because your work compliments his so well. 

The only thing I have found myself regularly wondering is what time frame you're on. I know it doesn't always matter, or it's just ""long term"" vs ""short term,"" but it would be cool if there was a stamp somewhere that was clearly visible, quick and easy to see. No big deal, just an idea. :)",6,2,https://www.youtube.com/watch?v=_94CPMjWi9E,UgwvELcUrIrkN-JYIrh4AaABAg,youtube-data-api-v3/commentThreads.list,
3.745,risk_management,youtube,"i have been looking for a good, slow, novice explanation of this liquidity concept and you have done it. appreciate it man.",6,2,https://www.youtube.com/watch?v=U8xH2dEgH5A,UgyQJSNJeGlNuHC0P_h4AaABAg,youtube-data-api-v3/commentThreads.list,
3.745,strategy_rules,youtube,"Yes true..trust me as you see this...not every demand and supply are valid, but if you want your demand and supply to be valid use the higher timeframe to spot S&D levels..never trade a demand in the lowest of timeframe 

If you say timeframe doesn't matter, they are the big deals to your trading setups for A+ trades, if not your strategies are useless",6,2,https://www.youtube.com/watch?v=nkMzaQqpFbw,UgzOvrAz5LQVwtzV3s94AaABAg,youtube-data-api-v3/commentThreads.list,
3.742,entry_timing|education_gap,youtube,Awesome video Pat!! ⭐️ Thank you so much for your education! I’ll definitely try this out on demo. 😉 I’m learning so much from your videos and your live streams. I’m finally green for the third week in a row. 😊 Even though I don’t copy your trades in the stream I just watch you trade and learn how you decide which one to take where to enter and where to exit. You’re helping me because a better trader! 🥰 Honestly thank you!! Much love from Germany 🇩🇪 and see you on Monday… ❤,1,2,https://www.youtube.com/watch?v=B_dVwXYQ-oc,Ugzz73TGEZcDGIZJla54AaABAg,youtube-data-api-v3/commentThreads.list,
3.735,education_gap,youtube,"Thank you for this, now teach us how to use the trading tools for fresh learners",11,0,https://www.youtube.com/watch?v=wIyZcY6kNuo,Ugwy0HO9NmYvRZifgxN4AaABAg,youtube-data-api-v3/commentThreads.list,
3.735,education_gap,youtube,"Hmm, Not bad at all.  Defiantly a few neat tidbits in here which I had not heard of like the blue light software.  I have put off redoing my trade desk as I had been considering even some of those ultrawide monitors.  But after seeing what you have put together I definitely am going to go with the KISS principle and go with my original idea to do something like this.  Well done and good trading !",5,3,https://www.youtube.com/watch?v=96kZw9oR4QU,Ugx0uXMEaoR-q5lC-3N4AaABAg,youtube-data-api-v3/commentThreads.list,
3.697,strategy_rules|education_gap,youtube,"You explain really clearly, and I appreciate it mate! Been studying trading for a year now and it’s neat to come back to find little tools to apply to my strategy.",8,0,https://www.youtube.com/watch?v=LclxDYccla8,UgzAfKprxWVlVxq3ScR4AaABAg,youtube-data-api-v3/commentThreads.list,
3.696,risk_management|entry_timing|education_gap,youtube,"This was what happened to me yesterday, I entered the trade after seeing the weak candle crossing which I later realised was a mistake after it hitted my stop loss and went up then crossed with the body , thanks that am coming across this video at the right time",6,0,https://www.youtube.com/watch?v=JD_sWSjIiJE,Ugzvrytz12ljOy8zVqR4AaABAg,youtube-data-api-v3/commentThreads.list,
3.695,other_question_or_pain,youtube,I can't believe Ttrade is still liking comment from this video after 1 year ❤❤,2,1,https://www.youtube.com/watch?v=0xygpCMwxbQ,UgwKubWiW8ixa2jpkiN4AaABAg,youtube-data-api-v3/commentThreads.list,
3.695,education_gap,youtube,I tried using the trading robot in demo mode on Metatrader 5 but it doesn’t work. I set the auto algo trading on but it didn’t do anything. What am I doing wrong?,2,1,https://www.youtube.com/watch?v=hSldTDpCfcc,UgwOieOiZ_HIdfdlfMZ4AaABAg,youtube-data-api-v3/commentThreads.list,
3.695,education_gap,youtube,You got my follow. I understand ICT concepts but when. I backtest it's like I don't understand what I'm looking for and you just explained.,2,1,https://www.youtube.com/watch?v=0xygpCMwxbQ,UgxEAlqbjKH2UzY4-G14AaABAg,youtube-data-api-v3/commentThreads.list,
3.695,psychology,youtube,Thanks. This is helpful advice. Scaling in and out makes perfect sense. The discipline is the real key. I was aware of it but don't always follow it.,2,1,https://www.youtube.com/watch?v=Cq9mF42y2UQ,Ugz7nzuI9Kzb3SPPTU14AaABAg,youtube-data-api-v3/commentThreads.list,
3.648,strategy_rules,youtube,"Looking forward to the updated SWING Trading strategy by you, sir!! Thanks!!",10,0,https://www.youtube.com/watch?v=GKN-iVjJpyA,Ugw9gSG_kmrKD2UKqdx4AaABAg,youtube-data-api-v3/commentThreads.list,
3.648,risk_management,youtube,"Wow , that double top or bottom on demand zone took my stop loss all the time that , shift in structure I was lacking, thanks again",10,0,https://www.youtube.com/watch?v=9nRFcetXqkA,UgxAR1-haZcVqLZ8g_F4AaABAg,youtube-data-api-v3/commentThreads.list,
3.648,strategy_rules,youtube,"For real ,G's.indicators cause  lots of confusion,Welcome to our world Pure price action traders..",10,0,https://www.youtube.com/watch?v=yaCM_cr5BXo,Ugz-m8LdbCV8QH-bxsN4AaABAg.AJwp7xcWoRgAK4_NPJc28y,youtube-data-api-v3/commentThreads.list,
3.636,other_question_or_pain,youtube,God bless you for sharing the most important information and helping the traders.,3,0,https://www.youtube.com/watch?v=JD_sWSjIiJE,UgwAIXSV827b3QZLp9R4AaABAg,youtube-data-api-v3/commentThreads.list,
3.636,other_question_or_pain,youtube,Do you have free mobile trading bots?😭😭😭,3,0,https://www.youtube.com/watch?v=TvWks6oJ-9U,UgwCpxu2Xekgz9mWrYR4AaABAg,youtube-data-api-v3/commentThreads.list,
3.636,education_gap,youtube,"What I’ve found that helps as I was having the same problem trying to figure out where the next candle is going to go. Try the 4hr and use his same tactic of DOL, more candles so it gives you a better view on if price is bullish or bearish, hope that helps 👍🏽",3,0,https://www.youtube.com/watch?v=1YRs4Z1lMws,UgwUOMVQcIexREXB6vF4AaABAg.9uZhme2I4cx9u_1Wiqw0_S,youtube-data-api-v3/commentThreads.list,
3.636,education_gap,youtube,"The corect question would be: If trading was easy why the institutions hire only top PhD in mathematics, phisics and computer science and not some randomm ""guru"" from youtube?",3,0,https://www.youtube.com/watch?v=3JoMwrrN89E,UgwVeb-tko-5Q8E0UdN4AaABAg,youtube-data-api-v3/commentThreads.list,
3.636,education_gap,youtube,"I have a boring trading life also. I play the long game... Why take more than 1%/day? I take .75%-1% each day everyday. Over several years you're far ahead because you're consistent, boring, and compounding daily.",3,0,https://www.youtube.com/watch?v=g0BPjHd4OP8,Ugwe2MHtd4Je-FJWCJN4AaABAg,youtube-data-api-v3/commentThreads.list,
3.636,education_gap,youtube,Yo I’m from SA. How was your first month trading with pat?,3,0,https://www.youtube.com/watch?v=G2THP1LGPB0,UgwiK2Wb3tPEN15PWvl4AaABAg.9qiPNtXIkwl9s0Oi6Ki0FX,youtube-data-api-v3/commentThreads.list,
3.636,other_question_or_pain,youtube,Hi James hope you good. Your videos really help me out a lot.,3,0,https://www.youtube.com/watch?v=m-G1ag77aVc,UgxKqlO1fQ_9bF_sP3N4AaABAg,youtube-data-api-v3/commentThreads.list,
3.636,education_gap,youtube,How do they know what color to make the indecision candle?,3,0,https://www.youtube.com/watch?v=990oOC-bHxA,UgxfxQdg2ayoHOR-fvl4AaABAg,youtube-data-api-v3/commentThreads.list,
3.636,risk_management,youtube,"Institutional traders don't ""guess"" where orders are; they locate market liquidity using advanced tools. Because they execute large block trades, they rely on data that maps out where other traders' stop losses and pending orders are clustered.  Where is the champion for the small investor?  Where is the level playing field?  I could probably make more money if my Congressman would share his information about trading with me.",1,3,https://www.youtube.com/watch?v=3JoMwrrN89E,UgxiFTfo7edOzf6WKLh4AaABAg,youtube-data-api-v3/commentThreads.list,
3.636,other_question_or_pain,youtube,I just luv u ttrader u help me so much remove all the confusion i have in ict concept.,3,0,https://www.youtube.com/watch?v=CHIK5oBRKiw,UgxqV7WG22KTpCH0kRV4AaABAg,youtube-data-api-v3/commentThreads.list,
3.636,other_question_or_pain,youtube,@qurbenalupa101 for learning forex?,3,0,https://www.youtube.com/watch?v=G2THP1LGPB0,Ugy08td1ezgS7drW-Mp4AaABAg.9qLzPcG8pP19qooSjK_EY-,youtube-data-api-v3/commentThreads.list,
3.636,other_question_or_pain,youtube,This is all talk no practical chart example?,3,0,https://www.youtube.com/watch?v=6-2WXJFyBhE,Ugy3QH3TbNn-G1KLK4x4AaABAg,youtube-data-api-v3/commentThreads.list,
3.636,education_gap,youtube,"She has always been very difficult to understand.  Even 20 years ago she'd get lost in these long-winded explanations and no one would know what the heck she was talking about.  She seems to have gotten worse and now completely over-board.  I think she believes that if she can impress you with her expertise, you'll like her and buy her program. But I think she would do a lot better if she talked less, showed MARKED examples (because the examples she shows are also difficult to follow) and had shorter videos.   I've met people like this many times who can't explain what they know.   But there is a cure as long as they're not stubborn and hard-headed.",3,0,https://www.youtube.com/watch?v=v97Efp_UDC0,UgynO3hptABKHcKfyXV4AaABAg.ATu8VFJfspmAYtZvyBmPFm,youtube-data-api-v3/commentThreads.list,
3.636,other_question_or_pain,youtube,Pretty incredible - I can't believe I've never seen candle price action described like this in over 6 months of study and literally hundreds of videos!,3,0,https://www.youtube.com/watch?v=g3oDYq4P9ZE,UgzUqItukg9JaF_Y17B4AaABAg,youtube-data-api-v3/commentThreads.list,
3.599,broker_platform|education_gap,youtube,how do you account for spread in this?,2,0,https://www.youtube.com/watch?v=B_dVwXYQ-oc,UgwaFVuYe1UqrehRe7d4AaABAg,youtube-data-api-v3/commentThreads.list,
3.599,risk_management|education_gap,youtube,"Sir,there is an another doubt from my side,if you are trading over a decade,how much account balance are you using to trade?if your account balance are kinda sound,your 1% risk may kinda fair and the 1:1 reward may be good,but seeing 1400 profit per trade seems not fine,please say if i'm wrong,is that the way you are trading?",2,0,https://www.youtube.com/watch?v=hSldTDpCfcc,UgxNwQ9mwN1xZDQ02SB4AaABAg,youtube-data-api-v3/commentThreads.list,
3.599,strategy_rules|education_gap,youtube,"wow, explaining a trading strategy without showing a screen or a drawing. And people watch that ?",2,0,https://www.youtube.com/watch?v=g0BPjHd4OP8,UgytwbwWoJB4qIxys2V4AaABAg,youtube-data-api-v3/commentThreads.list,
3.599,strategy_rules|education_gap,youtube,"Absolutely Purest content with the simplest explanation seen in the YouTube.
PERIOD 
Never thought trading would look that easy.
Great Great work mate.
Just a quick question if you can answer 
What's the best timeframe to trade this model mate?",2,0,https://www.youtube.com/watch?v=JhBX0TQ41H8,UgyzWtM0oF-tUgaU_9x4AaABAg,youtube-data-api-v3/commentThreads.list,
3.599,risk_management|education_gap,youtube,"Hi Pat! Could you please make a video on risk management with EAs?
I saw you have money management option disabled for this one, so you for sure didn’t quadruple the account using 0.01 lot size.
I’m really interested to see how someone with 15 years of experience with robots does that.",2,0,https://www.youtube.com/watch?v=hSldTDpCfcc,UgzLLMyE8Yt8AKXxLhF4AaABAg,youtube-data-api-v3/commentThreads.list,
3.597,other_question_or_pain,youtube,"Thanks for this video, it was extremely helpful! One question, If you have an hourly ote, and the candle closes a bit above the ote, you wouldn’t take the trade right? Thanks again.",0,1,https://www.youtube.com/watch?v=1YRs4Z1lMws,UgxOaROHwi-AF6M1FkZ4AaABAg,youtube-data-api-v3/commentThreads.list,
3.591,strategy_rules,youtube,"i prayed to God for a good winning strategy,  boom, then i saw this. Thank you so much Pat.",5,2,https://www.youtube.com/watch?v=R9yZSDpdCGE,UgxfjjEFtGuZ20s6YC94AaABAg,youtube-data-api-v3/commentThreads.list,
3.579,entry_timing|education_gap,youtube,"I saw a YouTube trader draw a straight 45 degree line on a white board .  It represented the S&P 500 over its life time.
He then asked how long you intend to be investing…..eg 5 years.   So pick your starting point and go out 5 years.    Of course in between the entry point and exit point there are many up and down movements, but if you know your exit point is 5 years in the future, they don’t matter.   When you see the geometry drawn out this way it seems so simple.   
Trading and investing are two different things.   I think for the vast majority of us investing is way less dangerous.   Maybe invest 90% and trade with what’s left.  
Good luck folks.",7,0,https://www.youtube.com/watch?v=cQzisFQRg3c,Ugy1cw4aWdN7ZrvMepp4AaABAg,youtube-data-api-v3/commentThreads.list,
3.553,education_gap,youtube,Would be nice if you can explain everything with a chart,9,0,https://www.youtube.com/watch?v=Cq9mF42y2UQ,UgxHC6w_fvx9F6kY4z94AaABAg,youtube-data-api-v3/commentThreads.list,
3.553,education_gap,youtube,"Video idea 
If possible,Implement every confluence in one example 
Or try add more confluences in one each example, 
Take a trade and show how many possible perspective are there , 
For example if u take a trade using fib retracment level , there is a possibility it can have a ob and fvg at the same level , 
Like that , 
Daily basis + killzone + silver bullet + etc ...",9,0,https://www.youtube.com/watch?v=1YRs4Z1lMws,UgxRkK0lzE-w6ZnQxwt4AaABAg.9u_XQh-voO79uaG1oUhUwy,youtube-data-api-v3/commentThreads.list,
3.553,entry_timing,youtube,"The piano in the background hooked me. I'm a jazz pianist that studied music theory and audio editing software. The way you described the candlesticks was easy for me to follow. You stayed on topic and used the most specific terminology. Some people try to entertain by making run on sentences and word salads. Example, using nouns as verbs/adjectives and vice versa. Making conflicting statements joined by the word ""but"". Thank you for sharing.",9,0,https://www.youtube.com/watch?v=DZ08d8ORc_M,UgzN5H_-SCCepVDE1nd4AaABAg,youtube-data-api-v3/commentThreads.list,
3.542,risk_management,youtube,"TTrades, bro I told you nobody else presents these concepts so succinctly and briefly. Congratulations for reaching 100K! It will be 200K before you know it. Get ready! I personally want to thank you for all your content that you give so freely and selflessly. Your videos and PDFs have accelerated my understanding tremendously and I know making a living is possible for me. We are in your debt. Many thanks my friend! 🤑",6,1,https://www.youtube.com/watch?v=MPeeE55rNOw,UgwcakUu7mHG9vosV6x4AaABAg,youtube-data-api-v3/commentThreads.list,
3.542,risk_management|strategy_rules|education_gap,youtube,"I was introduced to Isaac Elias' trading strategy, and by learning from him, following his signals, and applying proper risk management, I was able to reach this level.
The right guidance can make all the difference. Learn how to manage your trades with confidence and consistency.",5,0,https://www.youtube.com/watch?v=JXHrTloZ-nE,UgwqaeCZ-KXQPwKRLOR4AaABAg.AaTn_EABL1LAaTniSphVq0,youtube-data-api-v3/commentThreads.list,
3.542,risk_management|strategy_rules|education_gap,youtube,PRICELESS. Understanding this will shorten the learning curve of a newbie by YEARS!!!!!! And also keep you away from the million indicator videos and two million gurus on YT claiming to have THE way to profitability. This is all you need…really. Many thanks for creating this and explaining it so slowly and so well. ✌🏾NEW SUB (w/notifications on) HERE!!,5,0,https://www.youtube.com/watch?v=ygleB1CLhUE,Ugwu4X3w_Bu-y3-MP9N4AaABAg,youtube-data-api-v3/commentThreads.list,
3.542,risk_management|broker_platform|education_gap,youtube,"Pat I’d like to know what source you use within TradingView if you use Hankotrade as a broker, given Hankotrade isn’t a source. Spreads when scalping could be misleading based on different source tickers. Thanks",5,0,https://www.youtube.com/watch?v=G2THP1LGPB0,UgxXbh4ZnRf4hf55R3R4AaABAg,youtube-data-api-v3/commentThreads.list,
3.542,education_gap,youtube,This was what was overwhelming my trading but you just cleared the air thanks👍💖,6,1,https://www.youtube.com/watch?v=AIeBNqf8RBA,Ugxil_cHBhndqq3i2Np4AaABAg,youtube-data-api-v3/commentThreads.list,
3.542,education_gap,youtube,"I have watched every video you have posted I have learnt a lot. I am so grateful to you for you posting these videos and explaining all these topics in great detail. I just wanna ask that if you made a video that would allow us to understand when to use which concept like whether I should be looking for a model, MSB, orderblocks or liquidity",6,1,https://www.youtube.com/watch?v=MPeeE55rNOw,UgxtZ5uCLorMQPG0nX54AaABAg,youtube-data-api-v3/commentThreads.list,
3.542,education_gap,youtube,"Excellent video! I love the fact that as much as this video talks about the types of liquidity, it also shows how one can easily find the higher time frame bias.",6,1,https://www.youtube.com/watch?v=3OivsP1j_UE,UgxxQ_oK5tjqS32BWPF4AaABAg,youtube-data-api-v3/commentThreads.list,
3.542,risk_management,youtube,Brilliant. Most of them I use too depending upon the RR. Just want to add that after a Breaker Block one can try for Propulsion Block (ICT Core Content Month 4 Episode 8) which gives another chance to take positions and with less risk.,6,1,https://www.youtube.com/watch?v=0xygpCMwxbQ,UgySp2P0ACTrye-qGmx4AaABAg,youtube-data-api-v3/commentThreads.list,
3.54,entry_timing|education_gap,youtube,"Thanks for the video; really appreciated.

I have some questions about Top Down Example 1. There is a possibility the displacement could have been viewed as a stop raid or was the big bearish bar on the HTF too strong to be perceived as that, what do you think?

Why did you not enter on 5 min FVG but chose to create further order block on 1 min tf? 

Thank you very much",1,1,https://www.youtube.com/watch?v=1YRs4Z1lMws,Ugx6N4u5vCtp0PVZoHB4AaABAg,youtube-data-api-v3/commentThreads.list,
3.54,broker_platform|education_gap,youtube,"At time mark 8:04, you stated:

8:04 this high so if this high is going to
8:06 hold then I want to see price displaced
8:08 below the Asia low

Why is this the case?
What tool in Tradingview did you use to draw the project?

Thanks for your good work!",1,1,https://www.youtube.com/watch?v=YESqIoA7Wyg,UgykyckQuhFX9VTvPmB4AaABAg,youtube-data-api-v3/commentThreads.list,
3.54,strategy_rules|education_gap,youtube,love how you break down the breaker/bpr concept into something as simple as the “box setup”; visually this has helped me identify these areas much more. thank you,1,1,https://www.youtube.com/watch?v=CHIK5oBRKiw,UgyzD3aC9iPmCfdCRm14AaABAg,youtube-data-api-v3/commentThreads.list,
3.5,entry_timing|education_gap,youtube,"@StephenGallman How did that help you stop losing? I just want to take a trade without my heart racing. Every entry I make, my hands shake and I watch every candle. How do you stay calm if timing matters more than price?",0,0,https://www.youtube.com/watch?v=JD_sWSjIiJE,UgwXXOSr91Dv0VWSXyd4AaABAg.AYWqzvyPfUtAYWrHYOGwSU,youtube-data-api-v3/commentThreads.list,
3.5,strategy_rules|education_gap,youtube,"​@roberthamlin6638
Apparently you don't use the strategy after 10 years but claim it happens daily?
The issue is the explanation. This is a classic example of confirmation bias. What if only one of the three plays out? Taking papercut after papercut? This type of trading isn't sustainable in the long run.",0,0,https://www.youtube.com/watch?v=6-2WXJFyBhE,UgxFcYralQK2kWi19u94AaABAg.AXzGYX6NoOfAY31KrAkRSL,youtube-data-api-v3/commentThreads.list,
3.5,strategy_rules|education_gap,youtube,"​@roberthamlin6638
Don't use the strategy after 10 years but claim it happens daily?
The issue is the explanation. This is a classic example of confirmation bias. What if only one of the three parts plays out? Taking loss after loss? This type of trading isn't sustainable in the long run.",0,0,https://www.youtube.com/watch?v=6-2WXJFyBhE,UgxFcYralQK2kWi19u94AaABAg.AXzGYX6NoOfAY3DJokgwmJ,youtube-data-api-v3/commentThreads.list,
3.5,risk_management|education_gap,youtube,"Yeah. I can relate to the second guy (being at the Family house and everyone speaking Tagalog, or in my case Ilocano) and like Pea said, it's normal. Just because he'd heard them speak English doesn't mean they're fluent. Or, you can even say maybe too, that they're too shy to speak whatever English they know to him. Like that. Heh, frankly I think he feels his fiance is not being inclusive enough whenever she's with her family and feels left out. I'm sure she's explained to him that they're not talking about him (well, not in every conversation) good or bad. Pea's advice is good, just based on what he wrote & his circumstances but for me, long termwise, will be detrimental to their relationship. Like I said, I can totally relate to how he feels because I went through it. Family means a lot and it's best to meet them halfway. Even if it means learning a little Tagalog to find common ground. There are soo many ways to workaround the language barrier too, especially if he suspects they know some English. Compliment the food, talk about the weather, the house, how nice the province is, shopping experience for him (could segway into asking them about places to shop) etc. In whatever capacity, talking slower, using small words & even hand gestures to engage in conversation means alot to them...that you are trying your best even if they can't really understand you...in my experience, they'll try their best to reciprocate. Of course, it'll be rocky at first but over time it'll get better because you're building a relationship with each other. There's a lot more nuances but you can see the framework. Instead of sitting in a corner feeling like a dumbass (yeah, I've done that) show them why your fiance chose you. Help with the dishes, offer to get drinks, carry something (anything heh) whenever someone new is coming in the gate. Like that. But then, I'm just sharing these things because if he's really sincere with his fiance, he'd want to be sincere with her family. Point is, the language thing is sometimes an excuse to deflect from other problems or issues...what? Dunno. I don't know him and their relationship. Anyways, apologies for the thesis 😅 guys Stay Blessed 🙌🏼",0,0,https://www.youtube.com/watch?v=6-2WXJFyBhE,UgyTLw33Z69ZqB-3iHZ4AaABAg,youtube-data-api-v3/commentThreads.list,
3.492,other_question_or_pain,youtube,"Most helpful  and easy to understand.
Thank`s a lot :)",1,2,https://www.youtube.com/watch?v=_94CPMjWi9E,UgzX7HtJWFmG9fhdm5J4AaABAg,youtube-data-api-v3/commentThreads.list,
3.447,education_gap,youtube,"This is how markets move, driven by liquidity. when you master market movement, you have mastered the game",8,0,https://www.youtube.com/watch?v=YESqIoA7Wyg,UgwEoxD9fV8kSE2-qYp4AaABAg,youtube-data-api-v3/commentThreads.list,
3.447,education_gap,youtube,"Definitely, show some charts …",8,0,https://www.youtube.com/watch?v=v97Efp_UDC0,UgxnMaQ9UqoKoLfzUcN4AaABAg.ATejxqANlwwATstF8a840X,youtube-data-api-v3/commentThreads.list,
3.447,education_gap,youtube,I like how you explain everything in detail especially for beginners. A lot of these guys will miss steps in explaining details and your left not knowing anything than when u first watched the video ha,8,0,https://www.youtube.com/watch?v=JD_sWSjIiJE,UgzYgFSCNwSL6YdAHGB4AaABAg,youtube-data-api-v3/commentThreads.list,
3.447,education_gap,youtube,"Mentorship changed how I see the market 🙌. He teaches patience and market cycles, which every trader needs.",8,0,https://www.youtube.com/watch?v=JXHrTloZ-nE,Ugzm4kv115BYHPVk5J54AaABAg.AbE1zzeQbl0AbEVTRXwCgM,youtube-data-api-v3/commentThreads.list,
3.446,strategy_rules|education_gap,youtube,"Support for the Channel & Praise for Accurate Market Interpretation

I want to sincerely commend the work and educational value this channel provides.
The way chart reading and market reaction execution are explained is on a high level and very precise.

Of course, there are many more layers to consider—such as additional confirmations that come with time, experience, and deeper understanding of market movement—but the foundation presented here is correct and well-structured.

In a world where most chase indicators and false signals, it’s rare to come across an explanation based on true market logic and how price actually moves.

All in all—very well explained, and more importantly—executed correctly.",6,0,https://www.youtube.com/watch?v=m-G1ag77aVc,UgwMNeJ16yhZ4-PT0Ix4AaABAg,youtube-data-api-v3/commentThreads.list,
3.446,strategy_rules|education_gap,youtube,"Raghee. The information you shared is great. However, I do agree with the comments that you didn't include a template as you indicated in your video. You also provide too few examples to explain your strategy. You do sell trading courses, which I am now having doubts about.",6,0,https://www.youtube.com/watch?v=g0BPjHd4OP8,UgxSIadLqRlKr5jtZaN4AaABAg,youtube-data-api-v3/commentThreads.list,
3.443,risk_management|strategy_rules|education_gap,youtube,"The expectancy equation explains this perfectly:
Expectancy = (win rate × average win) − (loss rate × average loss).

A strategy can be profitable with only a 40% win rate if the average winner is sufficiently larger than the average loser. The difficult part is surviving the losing streaks without increasing position size or abandoning the system. How do you determine when a drawdown is statistically normal versus evidence that the strategy’s edge has weakened?",1,0,https://www.youtube.com/watch?v=JXHrTloZ-nE,Ugx4zjPV7sVe3OeqRd94AaABAg,youtube-data-api-v3/commentThreads.list,
3.443,risk_management|strategy_rules|education_gap,youtube,"RETESTING THE EXTREME ZONE & THE LOGIC BEHIND BANK MOVEMENTS

The market didn’t revisit the extreme zone by accident—it returned to close a banking order that was positioned around the 50% mark of a wick. On the lower timeframes, we can spot liquidity within the wick, but on the higher timeframes, like the Daily, the story becomes clearer: the market shifted direction and formed a new Higher High (HH).

Here's the key: the market always pulls back to the last order that pushed it forward—the one that caused the recent HH or LL—before continuing the move. That’s why we must analyze higher timeframes first and then fine-tune entries on lower ones. Only when we combine both can we see the true narrative unfold.

Smaller timeframes always follow the structure of the higher ones. Banks move capital, revisit their positions to reinvest, and then drive the market where they want it to go. Our job is not to predict—it’s to respond to their inevitable reactions, once we truly understand how the market breathes.

Meanwhile, banks continuously bait retail traders, luring them into traps to collect the liquidity they need for their next move—one that’s often already telegraphed on the higher timeframes.

So what do we do?

We study. We stay present. We train our eyes. We learn to read what the banks are saying—without saying it. Because banks don’t speak with headlines—they speak through the chart, and with each candle, they negotiate.

Final word:
Follow the money—not the noise. Play their game—but play it against them.
Because that’s the only true way to trade like the banks.

And remember—this isn’t just a market.
It’s not a battlefield, and it's not a casino.

It’s a coordinated operation of capital—
Led by those who orchestrate the game.",1,0,https://www.youtube.com/watch?v=m-G1ag77aVc,UgxLIDroccje6V8cul54AaABAg.AIckJ2DvWSjAInAuXu2RS7,youtube-data-api-v3/commentThreads.list,
3.443,risk_management|strategy_rules|education_gap,youtube,"RETESTING THE EXTREME ZONE & THE LOGIC BEHIND BANK MOVEMENTS

The market didn’t revisit the extreme zone by accident—it returned to close a banking order that was positioned around the 50% mark of a wick. On the lower timeframes, we can spot liquidity within the wick, but on the higher timeframes, like the Daily, the story becomes clearer: the market shifted direction and formed a new Higher High (HH).

Here's the key: the market always pulls back to the last order that pushed it forward—the one that caused the recent HH or LL—before continuing the move. That’s why we must analyze higher timeframes first and then fine-tune entries on lower ones. Only when we combine both can we see the true narrative unfold.

Smaller timeframes always follow the structure of the higher ones. Banks move capital, revisit their positions to reinvest, and then drive the market where they want it to go. Our job is not to predict—it’s to respond to their inevitable reactions, once we truly understand how the market breathes.

Meanwhile, banks continuously bait retail traders, luring them into traps to collect the liquidity they need for their next move—one that’s often already telegraphed on the higher timeframes.

So what do we do?

We study. We stay present. We train our eyes. We learn to read what the banks are saying—without saying it. Because banks don’t speak with headlines—they speak through the chart, and with each candle, they negotiate.

Final word:
Follow the money—not the noise. Play their game—but play it against them.
Because that’s the only true way to trade like the banks.

And remember—this isn’t just a market.
It’s not a battlefield, and it's not a casino.

It’s a coordinated operation of capital—
Led by those who orchestrate the game.",1,0,https://www.youtube.com/watch?v=m-G1ag77aVc,UgxLIDroccje6V8cul54AaABAg.AIckJ2DvWSjAInBcQYbWI0,youtube-data-api-v3/commentThreads.list,
3.436,strategy_rules|education_gap,youtube,"Nice eye catcher setup,
Can u please do tell about how did u connected 8 27' monitor's to one PC.",3,2,https://www.youtube.com/watch?v=96kZw9oR4QU,UgxvIfpqUjjtjepiGOp4AaABAg,youtube-data-api-v3/commentThreads.list,
3.409,risk_management,youtube,SL of 888 pips🤯 9:55,4,2,https://www.youtube.com/watch?v=TvWks6oJ-9U,UgyMYjoZxaoGNPYSR7V4AaABAg,youtube-data-api-v3/commentThreads.list,
3.388,education_gap,youtube,"Thanks TTrades for this Video. 

I have been hearing ICT saying that SMT is for Confirmation to an already existing model, and my early interpretation to this has been, that SMT comes 'last' to my Trading set-up, as its 'Confriming the set-up'. 

However, what you have just demonstrated makes for easier application of His SMT. Thanks for the Insight  brother.",5,1,https://www.youtube.com/watch?v=q1NmxUTm4n4,UgwBo8Qaaty-UOwbD3N4AaABAg,youtube-data-api-v3/commentThreads.list,
3.388,risk_management,youtube,Robots are better than me because of these main reasons: 1. They trade with zero emotion. 2. They can trade while I am asleep. 3. They can follow the set algorithm / coding 100% to the tea,5,1,https://www.youtube.com/watch?v=TvWks6oJ-9U,Ugx2fJIDjvmD4dAwn894AaABAg,youtube-data-api-v3/commentThreads.list,
3.388,education_gap,youtube,"It's incredible how simply and clearly it's explained. I've been trying to be successful with scalping for years, but after just watching the video twice, I can now generate profits very easily and comfortably. Thank you so much – you're amazing!",5,1,https://www.youtube.com/watch?v=v97Efp_UDC0,UgyM_fy3XbpvMt3aj9h4AaABAg,youtube-data-api-v3/commentThreads.list,
3.388,education_gap,youtube,I always felt like charts are telling me stories or doing commentaries of real time action through candles but i always ridicule such thoughts by corrupting because  i consumed a lot technical analysis videos on yt of institutions are big enemy against whom we all retail trader has win some with losses of few fellow troops😂 thanks for letting  me know that only present matters be it in life or in trading charts.. love you through roofs.. i will always keep you in my goodnes whatever good i will do in my life you will be directly part of it and you are the real influencer ❤,5,1,https://www.youtube.com/watch?v=990oOC-bHxA,UgzlL8hQKk1xwMh4m1d4AaABAg,youtube-data-api-v3/commentThreads.list,
3.359,entry_timing|strategy_rules|education_gap,youtube,"Yeah spot on bro, I used to enter Buy limits at 15Min Pullbacks and used to wonder why price would reverse half way not realising that the HTF pullback zones below that hold the most volume so price would induce me into going long at the 15 min breakout just to liquidate me to tap into 1H demand. 😂. Just like you said, Always trade extreme zones such as 1H,4H, Daily + Pullback zones and target Either A Higher Timeframe Zone or previous highs for a safer trade. Only recently I realised that trend lines are a no go for entries as 90% of the time they’re just institutional manipulation.",4,0,https://www.youtube.com/watch?v=9nRFcetXqkA,UgyTipTWJE4PrrA0FtR4AaABAg.AKpG8qn-ZnYAN8Dh1fUv54,youtube-data-api-v3/commentThreads.list,
3.349,risk_management,youtube,Trade 1:1 just get some good experiences. Don’t try to go for “sniper entries”. Stay in demo. Do not change your risk. Just trade. Don’t bounce around strategies. You’re at this video. This is your one and only teacher now. Bouncing around won’t help.,2,0,https://www.youtube.com/watch?v=T06ayy3-zs8,Ugw3YZbs4xd142nvEY54AaABAg.A_7T6CF2dJbA_8IwRXXfZn,youtube-data-api-v3/commentThreads.list,
3.349,other_question_or_pain,youtube,Can you really judge something from 2 or 3 signals? Could be better to give each of them 10 signals chance to be fair,2,0,https://www.youtube.com/watch?v=G2THP1LGPB0,UgwKavvOQ-IKE6ibR7d4AaABAg,youtube-data-api-v3/commentThreads.list,
3.349,other_question_or_pain,youtube,awesome explanation of S&D. I notice u like to markup and trade from higher time frames. is this true?,2,0,https://www.youtube.com/watch?v=yaCM_cr5BXo,UgwMLCxEz2YaFa3Er254AaABAg.AMzOpF_DTtUANei5jVu8dD,youtube-data-api-v3/commentThreads.list,
3.349,education_gap,youtube,"Sometimes on the higher time frames there is no imbalance before the SZ so we don't sell from there as you say, but going down  to a Lower time zone Imbalance may appear so how do you trade  that now ? can you then sell from that SZ.....Thanks for all your teachings by the way, Insights is a great channel and highly recommended",2,0,https://www.youtube.com/watch?v=yaCM_cr5BXo,UgwMLCxEz2YaFa3Er254AaABAg.AMzOpF_DTtUAP8eHAhkL3K,youtube-data-api-v3/commentThreads.list,
3.349,other_question_or_pain,youtube,"The usage of trend, TP targets, inducement and then refining the zone in this video helps a lot!",2,0,https://www.youtube.com/watch?v=91-eWDvL-No,UgwOCjMq2gJRrnO8MV14AaABAg,youtube-data-api-v3/commentThreads.list,
3.349,other_question_or_pain,youtube,You have 3 video cards? that itself is a clear indication that you are making boat load of money from trading :P,2,0,https://www.youtube.com/watch?v=96kZw9oR4QU,UgwWCWBon252vAcECrZ4AaABAg,youtube-data-api-v3/commentThreads.list,
3.349,broker_platform,youtube,"Well... with credit spreads... high win rates are the norm if one is staying far OTM... so I think it's just best to say, Expected Value is the whole story... winners have to out weigh losers no matter the win rate.  I just prefer to below last high as little as possible, so I do chase high win rate methods. Can't stand down days, LOL!",2,0,https://www.youtube.com/watch?v=JXHrTloZ-nE,UgwYAqLYloFcC4s-W7R4AaABAg,youtube-data-api-v3/commentThreads.list,
3.349,risk_management,youtube,"Very interesting. Is there not a _Stop Loss_ protocol that you can implement to save you from annihilation? 😋 Next time, take profit and just reinvent your initial deposit.😏",2,0,https://www.youtube.com/watch?v=hSldTDpCfcc,UgwdVf4gM6etk8PO-Kl4AaABAg,youtube-data-api-v3/commentThreads.list,
3.349,other_question_or_pain,youtube,"Me finding this video in 2025 is a sign. Thank You Man, This is Life changing Daily Bias is one of the most difficult aspects of trading and you made it like Abc's. It can't be any easier than this.",2,0,https://www.youtube.com/watch?v=g3oDYq4P9ZE,UgwkedXpFD1kKXe0a8d4AaABAg,youtube-data-api-v3/commentThreads.list,
3.349,strategy_rules,youtube,"You seem to be all over the place with different strategies?  If you had a winning strategy and were profitable trading , wouldn’t you stick to that strategy ?",2,0,https://www.youtube.com/watch?v=v97Efp_UDC0,UgwrVYO2TpNvo8vTARd4AaABAg,youtube-data-api-v3/commentThreads.list,
3.349,education_gap,youtube,What if there's no MARUBOZU CANDLE ON M1?,2,0,https://www.youtube.com/watch?v=B_dVwXYQ-oc,UgwwGHXo2RuqbqC9o-14AaABAg,youtube-data-api-v3/commentThreads.list,
3.349,education_gap,youtube,"for what it's worth, I think using visual chart examples would help a lot of people out.  this is the first vid I've seen in a long time where there were no visuals, just someone talking, usually it's just the opposite.  great content and I appreciate the vid, it will just help you reach a lot more people that way.",2,0,https://www.youtube.com/watch?v=T06ayy3-zs8,UgxKbaWbXcyEsaCjqd54AaABAg,youtube-data-api-v3/commentThreads.list,
3.349,other_question_or_pain,youtube,"This video really help me a lot, I gain in-depth knowledge about support and demand zone 
I guess theirs is no much difference between inefficiency gaps and D&S zones",2,0,https://www.youtube.com/watch?v=91-eWDvL-No,UgxZ0Ts79sHUYVWUI0J4AaABAg,youtube-data-api-v3/commentThreads.list,
3.349,other_question_or_pain,youtube,So traders are influencers too??🙄,2,0,https://www.youtube.com/watch?v=m-G1ag77aVc,UgxhYvqLRa3jLcRLG7B4AaABAg.AIbreS-5HPYAMCFLBAbQ3H,youtube-data-api-v3/commentThreads.list,
3.349,entry_timing,youtube,For the last examples you entered the trade when there’s no break of structure. Do you see other things for further confirmation? Thanks!,2,0,https://www.youtube.com/watch?v=nkMzaQqpFbw,UgyKvcf4wnxXeCipDmV4AaABAg,youtube-data-api-v3/commentThreads.list,
3.349,other_question_or_pain,youtube,"Hey man am following yours videos from few days really helpful to my trading, thanks for being straight forward clean trader",2,0,https://www.youtube.com/watch?v=JhBX0TQ41H8,UgyQaGUgdnV0-sqfBF54AaABAg,youtube-data-api-v3/commentThreads.list,
3.349,other_question_or_pain,youtube,"liquidity sweep concept finally samajh aaya, false breakout wali explanation kaafi helpful thi 🔥",2,0,https://www.youtube.com/watch?v=9nRFcetXqkA,UgyUwZQCt6xe0kVyvhV4AaABAg,youtube-data-api-v3/commentThreads.list,
3.349,other_question_or_pain,youtube,​@TradewithPat hey can i plesse get vip for 1 week please i am really poor only have 8$ in my account please i want my balance to grow its stuck please help md 😢,2,0,https://www.youtube.com/watch?v=R9yZSDpdCGE,UgyVbtO46KNKa387kpV4AaABAg.AJsHf7CryKuAJsLpOyZ0Oo,youtube-data-api-v3/commentThreads.list,
3.349,risk_management,youtube,The first step to successful investing is figuring out your goals and risk tolerance either on your own or with the help of a financial professional but is very advisable you make use of a professional.,2,0,https://www.youtube.com/watch?v=m-G1ag77aVc,UgyXStKg7yqoIWAmjnt4AaABAg.APYGkOeKs5vAPYHbdmdbKI,youtube-data-api-v3/commentThreads.list,
3.349,education_gap,youtube,Guys I just realised why I was confused I've been trading blind since😅I took demand zones with wick confirmations to them as active zones I just checked all of his trades in the past and they all show thesame thing.ive been the one doing the wrong thing since for some time thank you for this video man it gave me peak clarity👌🏾👌🏾👌🏾you're a real gee bro,2,0,https://www.youtube.com/watch?v=yaCM_cr5BXo,Ugyb3MUTwnCaeaTMsRl4AaABAg,youtube-data-api-v3/commentThreads.list,
3.349,education_gap,youtube,"Can you do a video explaining the different trading sessions (asia, london, new york) and what the difference is to killzones? because everyone i see say different trading sessions",2,0,https://www.youtube.com/watch?v=MPeeE55rNOw,UgymhMxyfnAnthuF0SF4AaABAg,youtube-data-api-v3/commentThreads.list,
3.349,other_question_or_pain,youtube,Are his signals good?,2,0,https://www.youtube.com/watch?v=G2THP1LGPB0,UgyrlfBtE1WrDtpotLl4AaABAg.A23Mk926nEsABGC8HoBkAG,youtube-data-api-v3/commentThreads.list,
3.349,strategy_rules,youtube,"I 3months i want to learn your strategy bro 
Hopefully i wilk profitable like you bro ..i want to stop working as un overseas bro .. i want to be like you financial freedom time freedom and i provide anything for my family hope i can go inside to your vip and learn some of ur strategy bro to became profitable like you bro ..💪💪💪one strategy that can help me bro ..💪💪💪",2,0,https://www.youtube.com/watch?v=nkMzaQqpFbw,Ugz-6AOfBvlP3VgtQkl4AaABAg.AO8Nj1HkRtTAO8UDOdzAiL,youtube-data-api-v3/commentThreads.list,
3.349,risk_management,youtube,"Not financial advice only personal experience and opinion.
No problem with a Funded Futures acct. Starting with 1 micro Emini MNQ position size. When overall context and price direction is correct. Helps psychologically not to worry about the position initially. Large volume of orders or Stops get challenged by bigger players. Order flow is the game we’re playing with or against. Price always fluctuates. Not just because technical signals are causing it. But institutions can absorb volume and take in a completely different direction. 1 micro emini won’t blow your acct, even if price goes extreme in one direction before max trailing drawdown, you can always add 1 more contract and still be within risk tolerance. Of course if context changes and or change of character changes as SMC traders will notice then you can get out with less drawdown by averaging max micro positions. Maybe kind of like grid trading in crypto traders. 😮😮😮",2,0,https://www.youtube.com/watch?v=Cq9mF42y2UQ,UgzFfpTQjuXtL321DsF4AaABAg,youtube-data-api-v3/commentThreads.list,
3.349,education_gap,youtube,"Sir I am from India . And I am very thankful for the knowledge u are sharing . Even the paid people won't teach us this much . Thankyou so much sir. Lots of love from India . And I got a question too , if there is no imbalance in 5mins chart but in 3mins it's showing a imbalance should we consider the 3 min imbalance??? ..... Thankyou once again sir for educating us . Keep rocking and keep teaching us 😊",2,0,https://www.youtube.com/watch?v=JhBX0TQ41H8,UgzJ2jPIqBQMl6ElbpR4AaABAg,youtube-data-api-v3/commentThreads.list,
3.349,education_gap,youtube,I'm a newbie and I've lost a lot of money investing on my own. Please can you advise on how to go about this?,2,0,https://www.youtube.com/watch?v=T06ayy3-zs8,UgzlBXX46PHmpvfabD14AaABAg.A_UxdqRc_2kA_Uy1bKb6Tu,youtube-data-api-v3/commentThreads.list,
3.349,other_question_or_pain,youtube,Your analysis has helped so many traders improve their skills. A VIP bot would make a big difference in my trading journey. I hope I'm lucky enough to win this giveaway. Thank you for your generosity!,2,0,https://www.youtube.com/watch?v=7Hu7Rl1VYgE,Ugzlxxjfl8aKSw_fVxh4AaABAg,youtube-data-api-v3/commentThreads.list,
3.349,other_question_or_pain,youtube,Wait… so you actually trade with him live? Not just watching some pre-recorded lessons?,2,0,https://www.youtube.com/watch?v=JD_sWSjIiJE,UgzvxN1bUI1gcZB2-5Z4AaABAg.AW1tMjulCxxAW1wNauHBe6,youtube-data-api-v3/commentThreads.list,
3.329,education_gap,youtube,"Seems easy for you to explain, not so easy to understand and not easy at all to trade in real market. Anyway thanks a lot for the masterclass!",7,0,https://www.youtube.com/watch?v=yaCM_cr5BXo,Ugw9zJxUbzijSGtrRZd4AaABAg,youtube-data-api-v3/commentThreads.list,
3.329,education_gap,youtube,Using chart examples to explain the concept will go a long way in enhancing the lecture.,7,0,https://www.youtube.com/watch?v=6-2WXJFyBhE,UgwYWyFH3Q_8dLuijHh4AaABAg,youtube-data-api-v3/commentThreads.list,
3.329,strategy_rules,youtube,"Learned the strategy today, executed 2 trades and both were profitable.",7,0,https://www.youtube.com/watch?v=nkMzaQqpFbw,UgwhNb0RzskguFdUTdV4AaABAg,youtube-data-api-v3/commentThreads.list,
3.329,education_gap,youtube,😂 that why most losses ICT teach trade live   on MMXM model but unfortunately still people want to learn from demo ballars who don't trade,7,0,https://www.youtube.com/watch?v=3OivsP1j_UE,UgwpD9FBF08LgeJA3Bl4AaABAg.9xfDmrpOSaV9xfyuVEdh_0,youtube-data-api-v3/commentThreads.list,
3.329,education_gap,youtube,I don't know how to thank you but your information has brought me growth a lot since 2023,3,3,https://www.youtube.com/watch?v=TvWks6oJ-9U,UgwzeSyyLvHVSJp3Suh4AaABAg,youtube-data-api-v3/commentThreads.list,
3.329,education_gap,youtube,"Yes, I know him. I actually followed his signals, and that experience really changed how I trade.",7,0,https://www.youtube.com/watch?v=cQzisFQRg3c,UgxU4E8T3b_TE9VFsKJ4AaABAg.AVvSArzpe2gAVvVKYffj_2,youtube-data-api-v3/commentThreads.list,
3.329,education_gap,youtube,"Hey man, I mean no disrespect but I don't get how people can be so hyped about this. I backtested this whole year (January - August 2023) to get Daily Bias on EURUSD and even though you say this happens MOSTLY, if not always, I beg to differ. I may be wrong but results show an accuracy of 40% (+/- 2%) when used to get Daily Bias. Now before people jump in with guns blazing, one can still be profitable with a 40% Daily Bias accuracy, I know that. However, I'm here to see if you had better numbers. I appreciate all that you're doing for the community, however, would love to know your data regarding this pair for this year if you sat down backtesting. Kudos to you!",7,0,https://www.youtube.com/watch?v=g3oDYq4P9ZE,UgxdS9pSydTG0dfc96B4AaABAg.9ssWSQtkwjp9tHUBtLdcxU,youtube-data-api-v3/commentThreads.list,
3.329,risk_management,youtube,"A lot of traders will teach you not to average down. It's risky because you are essentially buying against the trend. Trading is a very difficult way to make money and the deck is stacked against retail in so many ways.

You can make an incredible stock pick, watch the price go way up, and then the company will dilute you all the way back down with a new stock offering. They end up with all the cash you invested. There are so many things that can happen that will cause you to take a loss.

I'm just warning people that this is a very, very difficult way to make money.",3,3,https://www.youtube.com/watch?v=Cq9mF42y2UQ,UgzXfZkt0_oZ9wkamZp4AaABAg,youtube-data-api-v3/commentThreads.list,
3.329,education_gap,youtube,"Trading alone can be absolutely brutal, especially with how the market moves. Don't let one rough season break you better days are ahead. Stay patient and keep learning! 💪",7,0,https://www.youtube.com/watch?v=JXHrTloZ-nE,Ugzm4kv115BYHPVk5J54AaABAg.AbE1zzeQbl0AbEVQ5JG70A,youtube-data-api-v3/commentThreads.list,
3.329,education_gap,youtube,I’m speechless on how easy you explained daily bias! This changes everything! I have been able to receive two payouts so far in this seven month journey of trading. I’m so excited to see what I can do next. Thank you so much for the video and I will definitely be studying the next day model and your other lessons. Thank you again. 🍻,7,0,https://www.youtube.com/watch?v=g3oDYq4P9ZE,Ugzv_Apv_qjX5nuUdP94AaABAg,youtube-data-api-v3/commentThreads.list,
3.292,risk_management|education_gap,youtube,"@Judysumeyyanash Yep, fully live. You see every scalp play as it happens entries, exits, risk management, all explained on the spot. No edited wins, no hindsight charts. It’s super no BS and focused on execution.",5,0,https://www.youtube.com/watch?v=pORrgC7GjkM,UgxrchqHmazKWZ5RQf54AaABAg.APVZPUutep0APV_b-_j92i,youtube-data-api-v3/commentThreads.list,
3.292,risk_management|education_gap,youtube,"This happened to me yesterday in gold
I had spotted the liquidity zone, knew the market will fill the imb, but ........ 
I forgot and man got caught out of the with a wick

It was then I remembered your video on how to set stop loss😂😂",5,0,https://www.youtube.com/watch?v=JhBX0TQ41H8,UgyNsWOSNuXZNMOsCdN4AaABAg,youtube-data-api-v3/commentThreads.list,
3.29,other_question_or_pain,youtube,Thank you very much! These classes help a lot!😃😃😃,1,1,https://www.youtube.com/watch?v=_94CPMjWi9E,Ugw41wChSsnkTH18k394AaABAg,youtube-data-api-v3/commentThreads.list,
3.29,other_question_or_pain,youtube,"is that michael jordan behind you?  Ive read about Mark Minervini's book, MJ is on that book too.... now he too is in your video.  So, there is a pattern now, some successful traders embodies the consistency and obsession for success just like MJ.",1,1,https://www.youtube.com/watch?v=cIv3bcPylr4,UgwEV6O5JZUjJ3PSrEl4AaABAg,youtube-data-api-v3/commentThreads.list,
3.29,other_question_or_pain,youtube,You mention the 5-9 4hr candle being your favorite.  Is that 5-9 central and 6-10 eastern?  Or 5-9 eastern?,1,1,https://www.youtube.com/watch?v=6-2WXJFyBhE,UgwP3vtURbwa4U34sJx4AaABAg,youtube-data-api-v3/commentThreads.list,
3.29,other_question_or_pain,youtube,Love the PDFs they help a lot thank you,1,1,https://www.youtube.com/watch?v=_94CPMjWi9E,UgwSDjg0T4GCSW22bnh4AaABAg,youtube-data-api-v3/commentThreads.list,
3.29,entry_timing,youtube,Thanks pat for the clear and concise explanation. Helps a lot in understanding the technical and basis to enter a trading position,1,1,https://www.youtube.com/watch?v=JL7HdUKRxfI,UgxZ85pCCjWJ4sqkWL14AaABAg,youtube-data-api-v3/commentThreads.list,
3.29,education_gap,youtube,"Raghee, I hear some differences in some videos concerning the levels to mark. Is it pre-market high/low, or better previous day high/low? What about significant swings in the contextual structure (e.g. day-trading in the middle of a multi-day pullback)?",1,1,https://www.youtube.com/watch?v=3JoMwrrN89E,UgyaAThM9QQGnoKJINR4AaABAg,youtube-data-api-v3/commentThreads.list,
3.29,other_question_or_pain,youtube,"ABSOLUTELY a fan of your work. the way you present and organize ICTs magic is second to none. Thanks TTrades, you helped me a lot. Thanks ICT, forever grateful,",1,1,https://www.youtube.com/watch?v=_94CPMjWi9E,UgzIGJZcvlvDVXbUhch4AaABAg,youtube-data-api-v3/commentThreads.list,
3.25,other_question_or_pain,youtube,Can you help me be great with trading?,0,0,https://www.youtube.com/watch?v=TvWks6oJ-9U,Ugw7FM-lHGVtN6crCrJ4AaABAg.AQ8XUwZCaiOAQnsaE7Crz8,youtube-data-api-v3/commentThreads.list,
3.25,education_gap,youtube,"Great video. I’m learning swing trading and practicing on Robinhood. One thing I’m still confused about is setting up buy calls. How do you figure out the right price for the future? For example, if I’m looking at the weekly chart, it might not hit the strike price within that time. How would I plan a call option for the following week?",0,0,https://www.youtube.com/watch?v=JL7HdUKRxfI,UgwS1xoIcaKgp691FQt4AaABAg,youtube-data-api-v3/commentThreads.list,
3.25,education_gap,youtube,I've been making a lot of looses trying to make profit trading. I thought trading on a demo account is just like trading the real market. Can anyone help me out or at least advise me on what to do?,0,0,https://www.youtube.com/watch?v=JhBX0TQ41H8,UgwkGY8MPf_DCzZrLYV4AaABAg.AGMtE-j90dJAGMuD4jYeR9,youtube-data-api-v3/commentThreads.list,
3.25,education_gap,youtube,"@TTrades_edu Thank you! The screens explanation was also helpful. Discarding a liquidity point or FVG... On your screen you have liquidity targets, and you've drawn in Fair Value Gaps - how long do you keep them for? Once they've been pierced, do you get rid of them? Do you keep them until the end of the day in case they might get hit again? Longer? etc.",0,0,https://www.youtube.com/watch?v=q1NmxUTm4n4,UgxC3T2vCZPrp1y-PVN4AaABAg.9nDw3b9qVHJ9njbeZjy0qE,youtube-data-api-v3/commentThreads.list,
3.25,other_question_or_pain,youtube,Very late to your work Raghee but have a ton downloaded.  I'm 4 years into and 1 year heavy with futures props as a focus.  I know this is older but the logic is still great in your video.  You mentioned everything but the stones/rocks on your desk?  I keep vanadinite nearby as its supposed to help energies of intense problem solving which trading certainly is!  Much respect for your work,0,0,https://www.youtube.com/watch?v=96kZw9oR4QU,UgxMJ6-CQstxI5iPOtt4AaABAg,youtube-data-api-v3/commentThreads.list,
3.25,education_gap,youtube,"so the videos he makes, Give you enough knowledge? What exactly are you thanking him for. I’m a beginner in Options and i want you to basically summarize what important information, he said in this Video that Is going to help you and make you profitable while trading. if you decide to respond* it will be helping me, i love learning, i think everybody should ask questions. its the only way you learn yk? Good luck bro",0,0,https://www.youtube.com/watch?v=JD_sWSjIiJE,UgxYTfjWjGPDCEXCOU94AaABAg.AU_weT0NdzeAVPztXEYUVd,youtube-data-api-v3/commentThreads.list,
3.25,education_gap,youtube,"that's great, but I'm still confised as to how to determine the swing highs and swing lows, can anyone help, please?",0,0,https://www.youtube.com/watch?v=JL7HdUKRxfI,Ugxs0zcSAE4FP8zqTxR4AaABAg,youtube-data-api-v3/commentThreads.list,
3.25,education_gap,youtube,"What if, your uptrend after the pull back never goes up past the discounted price? Is it considered a proper set up?? Any insight would be helpful, thank you!",0,0,https://www.youtube.com/watch?v=JL7HdUKRxfI,Ugy8u48Vk3mSvD-XD5p4AaABAg,youtube-data-api-v3/commentThreads.list,
3.25,strategy_rules,youtube,The only strategy wich 100 % exact with minimum loss possible. Is the Eliot! Problem ? It's so hard very few I mean very few dare to try it. 😂😂😂,0,0,https://www.youtube.com/watch?v=g0BPjHd4OP8,Ugyu7mVMIuyISOhKjfp4AaABAg,youtube-data-api-v3/commentThreads.list,
3.233,risk_management|education_gap,youtube,"Thanks for a great video... you are a true hero of the game! I used to lose money and have no idea why... now I lose money and can explain exactly why ! Next step, losing slightly less money!",3,1,https://www.youtube.com/watch?v=_94CPMjWi9E,Ugw2ezVSy3eUvApWy9l4AaABAg,youtube-data-api-v3/commentThreads.list,
3.233,strategy_rules|education_gap,youtube,hello bro i had a confusion if your strategy is really 73% win rate then why you are uploading video on YouTube rather than earning with your own strategy,3,1,https://www.youtube.com/watch?v=nkMzaQqpFbw,Ugw6uLAJ_YZI7jB3_R94AaABAg,youtube-data-api-v3/commentThreads.list,
3.233,risk_management|psychology,youtube,"If you survive the market for 35 years, you're good. It's much easier to lose your money than it is to turn a profit. The market goes up slowly, but it goes down rapidly. Stairs up, elevator down. 

You have to be extremely disciplined to do well over a long period of time. Most new traders lose 90% of their money within 3-6 months.",3,1,https://www.youtube.com/watch?v=v97Efp_UDC0,UgzpxTkxyh8k79CB0dV4AaABAg,youtube-data-api-v3/commentThreads.list,
3.223,education_gap,youtube,"How do you know when the market actually shifts from ranging to trending? Because by the time I figure it out, I feel like I am already late.",0,6,https://www.youtube.com/watch?v=g0BPjHd4OP8,Ugxc4CIL5I_xYnD8lxt4AaABAg,youtube-data-api-v3/commentThreads.list,
3.206,strategy_rules,youtube,This is the most simplest and really best strategy wow i am one who does the breakout and retest strategy,4,1,https://www.youtube.com/watch?v=B_dVwXYQ-oc,Ugx3NA_UFEVFNwYjUXB4AaABAg,youtube-data-api-v3/commentThreads.list,
3.206,strategy_rules,youtube,S&D + Liquidity is the only way to read the tape. No indicators needed when you see the footprints,4,1,https://www.youtube.com/watch?v=yaCM_cr5BXo,UgxoUdFyHW100-VohSZ4AaABAg,youtube-data-api-v3/commentThreads.list,
3.206,education_gap,youtube,"keep up your work man love your simplifying ICT teaching cuz it gets a bit confusing for some people since i found your channel my ict understanding increased even more thanks for that my G.
And if you dont mind me asking whats your chart colors,thanks if you reply appreciate it fam,keep up the good work!! ❤",4,1,https://www.youtube.com/watch?v=YESqIoA7Wyg,UgxxHr9vjz6ujG9P_XR4AaABAg,youtube-data-api-v3/commentThreads.list,
3.206,education_gap,youtube,"It’s been such a long journey, after 5 years I moved to ICT Concepts. But I don’t have the same energy to assimilate all the content.

Even though it’s not ICT explaining. It gathers a lot of information that I got from ICT’s videos that were not concluded yet. 

Tks a lot bro, god bless you!",4,1,https://www.youtube.com/watch?v=g3oDYq4P9ZE,Ugy2_hfTNhuCilWYZ0t4AaABAg,youtube-data-api-v3/commentThreads.list,
3.206,education_gap,youtube,I noticed We started with H1 time frame and then took most of the trades on M5 time frame . Kindly explain more,4,1,https://www.youtube.com/watch?v=nkMzaQqpFbw,UgyBavhMJ2BzhFk3LER4AaABAg,youtube-data-api-v3/commentThreads.list,
3.206,entry_timing,youtube,FIRE AS ALWAYS! LAST ONE example really did it for me with working from the daily all the way down to the 5min for the entry! fuego,4,1,https://www.youtube.com/watch?v=0xygpCMwxbQ,UgyiPyqkIxRzQtFb5St4AaABAg,youtube-data-api-v3/commentThreads.list,
3.206,education_gap,youtube,"For those of us who are visual learners, it was very hard for me to get what Raghee was talking about. I had to listen and visualize charts in my head at the same time, then got lost. I am pretty sure she knows what she is talking about, having been in the game for a while; charts and graphs would have been nice.",4,1,https://www.youtube.com/watch?v=v97Efp_UDC0,UgyosYqJc2Kjdvlu-N94AaABAg,youtube-data-api-v3/commentThreads.list,
3.196,education_gap,youtube,"Trading alone can be absolutely brutal, especially with how the market moves. Don't let one rough season break you better days are ahead. Stay patient and keep learning! 💪",6,0,https://www.youtube.com/watch?v=T06ayy3-zs8,Ugw3YZbs4xd142nvEY54AaABAg.A_7T6CF2dJbA_8Lyo3fSD4,youtube-data-api-v3/commentThreads.list,
3.196,risk_management,youtube,DAM i remember watching this when i was newbie to trading didn't have a clue im 4 months in and i can say im doing good. i did paper trading for two months did alot of studying and research its a hassle not going to lie but its fucken worth it i finally got a funded account this week i made 580 in an hour!! anything is possible you guys dont give up !,6,0,https://www.youtube.com/watch?v=nkMzaQqpFbw,UgwzED09wPVUIvt68Yl4AaABAg,youtube-data-api-v3/commentThreads.list,
3.196,education_gap,youtube,​@StephenThantsi that's why it's important to have a Stoploss so as not to have 'YOUR EXPECTATIONS BLOWN IN SECONDS',6,0,https://www.youtube.com/watch?v=yaCM_cr5BXo,UgxOUqaU0IYmjLaoSU14AaABAg.AQtI7OYn24DARq9XrNz4x4,youtube-data-api-v3/commentThreads.list,
3.196,education_gap,youtube,"I like how you kept it simple with highs and lows instead of overcomplicating it with trendlines and random tools. The way you broke down impulses vs corrections and BOS makes it way clearer when structure actually shifts and when it’s just internal noise. I’ve been pairing that kind of structure mapping with first light beacon to spot when we’re expanding out of a real break instead of just wicking liquidity. When structure, order flow, and expansion all line up, the trades feel a lot more intentional instead of forced.",6,0,https://www.youtube.com/watch?v=ygleB1CLhUE,Ugz8Pu7O50mfpruO6xN4AaABAg,youtube-data-api-v3/commentThreads.list,
3.196,strategy_rules,youtube,"IF I BECOME A TRADER, ITS BECAUSE OF YOU. 
JEAFX GOAT OF PRICE ACTION TRADING. 

WHILE OTHER INFLUNCERS ARE MAKING MONEY SHARING THEIR FANCY LIFESTYLE AND MEANINGLESS STRATEGIES WITH INDICATORS.

THIS GUY HERE DESERVES RESPECT+++++.",6,0,https://www.youtube.com/watch?v=91-eWDvL-No,UgzY1hGhD_TcfK1TmKN4AaABAg,youtube-data-api-v3/commentThreads.list,
3.196,psychology,youtube,"You can Tell she's disciplined and she knows her stuff, she means business",6,0,https://www.youtube.com/watch?v=DZ08d8ORc_M,UgzfV8EsMVwqtqbZkmB4AaABAg.AQuJBYaoSwrARNVsMGrLaN,youtube-data-api-v3/commentThreads.list,
3.193,entry_timing|strategy_rules,youtube,"Great video, this strategy helps a lot when entering the market after a consolidation range. 🙏",1,0,https://www.youtube.com/watch?v=JD_sWSjIiJE,Ugw0VIBfpo5YPm7qxDJ4AaABAg,youtube-data-api-v3/commentThreads.list,
3.193,entry_timing|education_gap,youtube,"I don't know why, your video is perfect timing, it's been a struggle (only two years ) losing nearly 30g. I know I can't recoup it, exposure without a plan, I thought I had one, however double guessing if any of it works. Taking all you say on board, thank you so much,",1,0,https://www.youtube.com/watch?v=JXHrTloZ-nE,Ugw1anpfFINI1yB3MNl4AaABAg,youtube-data-api-v3/commentThreads.list,
3.193,risk_management|education_gap,youtube,"I think trading is alot easier then ppl expect or assume. If your trying to go into any field lets say to become a dentist you need to go to school in order to learn the trade right? Prescribing drugs, how the face works, how blood is supplied, nerve endings, how to fill in cavaities, etc. Its the samething for trading, alot of people just hear ""you can make alot of money"" which is true, its very possible on the contrary its difficult in order to grasp the concept of trading. All the best traders know how to lose money without having it affect their mental game. If you want to become a successful trader you need to learn how your financial instrument operates. How to mark up a chart, where to get in, where to get out, how to set up a stop loss, how to set up a take profit. What kind of position are you looking for in that specific day? i.e shorts or longs. I think alot of ppl tend to complicate trading, making it more complicated then what it really is. Me personally I trade gold against the dollar. I know how it works so I have no need to go learn about another financial market.",1,0,https://www.youtube.com/watch?v=3JoMwrrN89E,UgwU5wOLygQYCQfiGVp4AaABAg,youtube-data-api-v3/commentThreads.list,
3.193,strategy_rules|education_gap,youtube,Wow what a nice setup. And this is from over two years ago? Dang.,1,0,https://www.youtube.com/watch?v=96kZw9oR4QU,Ugwpq21eWsBtALuc0bh4AaABAg,youtube-data-api-v3/commentThreads.list,
3.193,entry_timing|education_gap,youtube,"Darvis based. Say whatever you want, order flow is random and changes. Make your defined entry and hope others help you out",1,0,https://www.youtube.com/watch?v=v97Efp_UDC0,UgwqmCLUNfOTU0fpz1F4AaABAg,youtube-data-api-v3/commentThreads.list,
3.193,strategy_rules|education_gap,youtube,Nice setup! What graphics card are you using?,1,0,https://www.youtube.com/watch?v=96kZw9oR4QU,UgwtW9Bn_NwbQp8wrel4AaABAg,youtube-data-api-v3/commentThreads.list,
3.193,risk_management|education_gap,youtube,How do you calculate your take profit and stop loss?,1,0,https://www.youtube.com/watch?v=JL7HdUKRxfI,UgwvCPiTyw5DUwap7vZ4AaABAg,youtube-data-api-v3/commentThreads.list,
3.193,strategy_rules|education_gap,youtube,I’ve been following the strategy from Chris James Cooks. ❤ His patience and the way he reads the charts is what actually helped me stay consistent.,1,0,https://www.youtube.com/watch?v=wIyZcY6kNuo,UgxRXMkx3d4sAKT-ig94AaABAg.AW4lv92EcT6AW4mFIjFR7N,youtube-data-api-v3/commentThreads.list,
3.193,risk_management|education_gap,youtube,"I have a  question, in one of the example you specified if someone buy 3 contracts and trail the target. Sell 1 at 1st target and so one. But I didnt get how the SL will work. In my view if SL hist all open positions will exit. But i couldent get your onion on same. Can you explain it a bit more?",1,0,https://www.youtube.com/watch?v=JXHrTloZ-nE,Ugxfof_vAHnkMMcGiCZ4AaABAg,youtube-data-api-v3/commentThreads.list,
3.193,psychology|education_gap,youtube,This is the truth. I’ve been making so many emotional mistakes lately. How did you finally get to a point where you stayed disciplined?,1,0,https://www.youtube.com/watch?v=JXHrTloZ-nE,UgxydwU0k83WFWBuiPt4AaABAg.AaTSjuHMQPXAaTSw-8nU-T,youtube-data-api-v3/commentThreads.list,
3.193,strategy_rules|education_gap,youtube,@ShannaJ.Schmidt  So what’s this pattern exactly? Is it like a liquidity sweep or more of a trend setup?,1,0,https://www.youtube.com/watch?v=JD_sWSjIiJE,UgyE0W--P_PmxXxFusd4AaABAg.APDuI4Lh7CAAPDuj9ed6Am,youtube-data-api-v3/commentThreads.list,
3.193,strategy_rules|education_gap,youtube,What timeframe?,1,0,https://www.youtube.com/watch?v=nkMzaQqpFbw,Ugykuh1sWlRsDpaz0SV4AaABAg.ASXgruBIanaAToo-cKHu61,youtube-data-api-v3/commentThreads.list,
3.193,entry_timing|education_gap,youtube,the question is how you will entry when the pullback is happening and which signals you will you to get the right ride?,1,0,https://www.youtube.com/watch?v=LclxDYccla8,Ugz1Nd3s_bzVrnKwAmh4AaABAg,youtube-data-api-v3/commentThreads.list,
3.193,strategy_rules|education_gap,youtube,"I've also been following the strategy from Evelyn Burchett.
Her patience and the way she reads the
charts is what actually helped me stay consistent.",1,0,https://www.youtube.com/watch?v=3JoMwrrN89E,Ugz67dLJtOYCWGM35nR4AaABAg.AYjoJnemLtLAYjopUDZpVO,youtube-data-api-v3/commentThreads.list,
3.193,strategy_rules|education_gap,youtube,in what timeframe are u talking about the candles?,1,0,https://www.youtube.com/watch?v=DZ08d8ORc_M,UgzJQ1ZBFUEGmpPIfJ54AaABAg,youtube-data-api-v3/commentThreads.list,
3.193,strategy_rules|education_gap,youtube,"Hello,

I really love your setup. What is the name of the monitor stand? Maybe you can post a link of it. Thanks.",1,0,https://www.youtube.com/watch?v=96kZw9oR4QU,UgzM8YR8aoOBdf7IuEF4AaABAg,youtube-data-api-v3/commentThreads.list,
3.193,strategy_rules|education_gap,youtube,"Very instructive, clear and concise, thank you very much. One question though : I understand the bit about not trading until the price drops to below 50 per cent fibonacci retracement, but what is the significance of the 76 per cent level? Maybe you use that for some more advanced strategy but you don't mention it here. So, why is it included, and why 76 point whatever it was? Thanks again.",1,0,https://www.youtube.com/watch?v=JL7HdUKRxfI,UgzMQvQkGyJKeTttV8h4AaABAg,youtube-data-api-v3/commentThreads.list,
3.193,risk_management|education_gap,youtube,"Such a great teacher 👏👏. You first explain the concept and then show it on the charts, which makes it so much easier to understand. The pace is perfect,not too fast and not too slow. You may not know this, but your teaching style is really helpful. Thank you!",1,0,https://www.youtube.com/watch?v=ygleB1CLhUE,UgziAvuxUWKk38cpPMt4AaABAg,youtube-data-api-v3/commentThreads.list,
3.186,entry_timing,youtube,Hi and thank you for your simplifying the ict. Can you please prepare a video for best entry areas using the order book. 🙏 ❤,3,2,https://www.youtube.com/watch?v=YESqIoA7Wyg,UgzvEFXvTWRtEcqZEIt4AaABAg,youtube-data-api-v3/commentThreads.list,
3.136,risk_management|entry_timing|strategy_rules,youtube,One the trade at 12:49 was like 2 weeks of hell lol. Yeah the broken clock is right once a day tactic. 1 hr charts don’t have enough resolution. 30min for setups and 5 min for entries have been best bet for me. 1min is no fly zone as every setup fails like engulfing candles ema’s small trendlines lome 5-10candles all fail as much as not. Risk reward has been most important thing I’ve learned since learning to win because even tho I won I still was behind and not profitable. Take profit off early and leaver runners with break even stops is only way to win after learning to trade. Also can exit then enter again with same size lot keeping runners on. Have to keep runners or it’ll run without ya.,3,0,https://www.youtube.com/watch?v=JD_sWSjIiJE,UgxwdG50ibCkF4SJWd94AaABAg,youtube-data-api-v3/commentThreads.list,
3.136,strategy_rules|psychology|education_gap,youtube,"Hey Pat — I’ve watched your live streams multiple times and your manual trading results already prove how consistent your strategy is. The fact that your robot is built on the same approach and backed by audited results makes it even more solid. I’m currently studying data science, so I really appreciate that the EA’s logic is based on academic papers  which I heard you say in another video — that’s exactly how trading should evolve: probabilities, statistics, and discipline. I’ve wasted money on other scalpers before that turned out to be garbage, but your work actually makes sense. I’m definitely planning to buy it, but winning a free license would be awesome. Keep up the great work!",3,0,https://www.youtube.com/watch?v=WFRBLxKCtPw,Ugz-Cza2K6HLfzRe5xJ4AaABAg,youtube-data-api-v3/commentThreads.list,
3.109,strategy_rules|education_gap,youtube,Trade with pat trust me am from kenya and guess what have been using ur strategy especially supply and demand and let me tell u aah it's awesome thank u so much pat keep winning,4,0,https://www.youtube.com/watch?v=7Hu7Rl1VYgE,UgxUrz-DbCutM26iVhJ4AaABAg,youtube-data-api-v3/commentThreads.list,
3.109,risk_management|education_gap,youtube,Why would you increase the risk when it was already winning…,4,0,https://www.youtube.com/watch?v=hSldTDpCfcc,UgxdEcecQP6q61d-8XN4AaABAg,youtube-data-api-v3/commentThreads.list,
3.109,entry_timing|strategy_rules,youtube,Thank you for not being a fake guru that’s money hungry. This is exactly my strategy but fall to this occasionally and have the battle of entering due to the multiple zones. Especially when supply and demand zones with inducement are close together. Subbed! Thanks again!,4,0,https://www.youtube.com/watch?v=AIeBNqf8RBA,UgykxR58795D2o7XXSB4AaABAg,youtube-data-api-v3/commentThreads.list,
3.109,risk_management|education_gap,youtube,ive been looking for this video for 2 years. thank you. everybody talks about risk management but noone ever shows how to calculate it,4,0,https://www.youtube.com/watch?v=pORrgC7GjkM,UgzOpqNVuIlFHf1F64x4AaABAg,youtube-data-api-v3/commentThreads.list,
3.109,risk_management|strategy_rules,youtube,"This is the strategy i am using so far, happy to see a related content🙏 
With proper risk management and the right trading conditions it's actually a balanced act of DCA in Futures Trading, 
Emotions should be ruled out and not 99% but 100% sticking to a repeateable profitable system leads to success over time.",4,0,https://www.youtube.com/watch?v=Cq9mF42y2UQ,UgzWRwkmdB9lWOMjsDt4AaABAg,youtube-data-api-v3/commentThreads.list,
3.042,education_gap,youtube,"Mentorship changed how I see the market 🙌. He teaches patience and market cycles, which every trader needs.",5,0,https://www.youtube.com/watch?v=T06ayy3-zs8,Ugw3YZbs4xd142nvEY54AaABAg.A_7T6CF2dJbA_8MDiS3rxg,youtube-data-api-v3/commentThreads.list,
3.042,education_gap,youtube,Would be nice to explain on chart.,5,0,https://www.youtube.com/watch?v=T06ayy3-zs8,UgwCUEVpfoOScwuYFBd4AaABAg,youtube-data-api-v3/commentThreads.list,
3.042,strategy_rules,youtube,Cuz it's not putting it simply ms is simplified on higher time frame and even wicks are brakes if your strategy aligns with and so on its all about adaptability,5,0,https://www.youtube.com/watch?v=LclxDYccla8,UgwgY5ZAneuVVubKkfl4AaABAg.AIVZIEetWR8AJ5ZZBQhWPO,youtube-data-api-v3/commentThreads.list,
3.042,strategy_rules,youtube,I love your ORB strategy and I'm using it since past 6 months ❤ it would me grateful if you give me your vip bot,5,0,https://www.youtube.com/watch?v=7Hu7Rl1VYgE,UgwvlBRG5oCkorZcp7J4AaABAg,youtube-data-api-v3/commentThreads.list,
3.042,psychology,youtube,Agreed. This is probably the most comprehensive walk-through of price action I've ever come across.,5,0,https://www.youtube.com/watch?v=990oOC-bHxA,UgxCe6cikd8jbq2zM1x4AaABAg.AIUMhFnSO12AImg6JhjbW3,youtube-data-api-v3/commentThreads.list,
3.042,education_gap,youtube,"You got it, give it a go, give it a whirl, learn from every loss. And this aint no game, because the pain is real. Every day comes with victory and a challenge balance them out and come out on top green, fight, crawl, kick whatever it takes to climb. I'm cheering for you",5,0,https://www.youtube.com/watch?v=m-G1ag77aVc,UgxVS1NJypeurDq_tJl4AaABAg.AISumuAUOrgAITDPsY2yX-,youtube-data-api-v3/commentThreads.list,
3.042,education_gap,youtube,Personally this tutorial video is the best ever seen it has touched me and trying to apply all in the chart,5,0,https://www.youtube.com/watch?v=ygleB1CLhUE,UgxbYx0PJTIsp-0FFQ54AaABAg,youtube-data-api-v3/commentThreads.list,
3.042,psychology,youtube,This is the Discipline in trading.,5,0,https://www.youtube.com/watch?v=pORrgC7GjkM,Ugxk6Y1WI8O5HEkh9594AaABAg,youtube-data-api-v3/commentThreads.list,
3.042,strategy_rules,youtube,This strategy is changing my life each and every day I am opening mu positions thanks for this,5,0,https://www.youtube.com/watch?v=91-eWDvL-No,UgxwTtTGHJsiJ_2w4YJ4AaABAg,youtube-data-api-v3/commentThreads.list,
3.042,strategy_rules,youtube,"This is the same ol' useless riff. ""It is not your strategy, it's you"".",2,3,https://www.youtube.com/watch?v=3JoMwrrN89E,UgyiCKGB30S1DajNFz94AaABAg,youtube-data-api-v3/commentThreads.list,
3.042,risk_management,youtube,In the  next three months i realllly would like to trade with consistency and to be able to enjoy life and my family while I'm still here without being a slave to my job everyday🙏 I need this Vip bro,5,0,https://www.youtube.com/watch?v=nkMzaQqpFbw,UgysQBufVhDqPZu-iDV4AaABAg,youtube-data-api-v3/commentThreads.list,
3.042,education_gap,youtube,"I tested strategies that work 100% but takes about 4 weeks/month to pay out. These needs someone who is patient enough to wait...

Trading is profitable but the psychology is what makes people loose...🤞🏽",5,0,https://www.youtube.com/watch?v=Cq9mF42y2UQ,Ugz0i9i8fj_qbFQiLQ94AaABAg,youtube-data-api-v3/commentThreads.list,
3.042,psychology,youtube,Agreed!!,5,0,https://www.youtube.com/watch?v=T06ayy3-zs8,Ugz61jUdrk4uiizpWCJ4AaABAg.AYnR2hl6zk3AYvnAklFrms,youtube-data-api-v3/commentThreads.list,
3.042,entry_timing,youtube,Exactly. You are meant to put trades on entry after the first tp,5,0,https://www.youtube.com/watch?v=G2THP1LGPB0,UgzNFJuWyLRicjgZVXR4AaABAg.9wljFD6M3GW9xDzdv1pDLu,youtube-data-api-v3/commentThreads.list,
3.042,education_gap,youtube,"Always enjoy your content, actual charts demonstrating what you are describing is needed",5,0,https://www.youtube.com/watch?v=pORrgC7GjkM,UgzObEkKi8gNR4oYp1J4AaABAg,youtube-data-api-v3/commentThreads.list,
3.042,education_gap,youtube,I know there is a reason why i unfollowed all YouTube channels about trading apart from this one ....... I have been able to grow in the forex world 🌎 because of his vids. Jaefx is from another planet. Thanks bro ❤❤❤,5,0,https://www.youtube.com/watch?v=JD_sWSjIiJE,UgzjVcPOeUGILA6snoV4AaABAg,youtube-data-api-v3/commentThreads.list,
2.983,education_gap,youtube,"Always enjoy your class 
Please whats the best time frame for a newbie trader",3,1,https://www.youtube.com/watch?v=91-eWDvL-No,Ugw1UrJMjRo56TKgWM94AaABAg,youtube-data-api-v3/commentThreads.list,
2.983,education_gap,youtube,Never saw a YouTube video well explained an simple as this one! Good job! Everyone hide a lot of details! Thanks! 🙏🏼,3,1,https://www.youtube.com/watch?v=w8rfTNCer2A,Ugw3C-O2lhwzuBfSZIp4AaABAg,youtube-data-api-v3/commentThreads.list,
2.983,risk_management,youtube,I’ve done this but it’s risky and you better be able to depart with all the capital you’ve thrown at the trade cause price might not revert.,3,1,https://www.youtube.com/watch?v=Cq9mF42y2UQ,UgxdhEQCUw4BYEHH5Gd4AaABAg,youtube-data-api-v3/commentThreads.list,
2.983,risk_management,youtube,I will say the bot is better because we as humans need sleep and the bot don't hope I can get a copy of the forex fury bot,3,1,https://www.youtube.com/watch?v=TvWks6oJ-9U,Ugxulu-NIIMUC2tZQqh4AaABAg,youtube-data-api-v3/commentThreads.list,
2.983,risk_management,youtube,In the next 3 months I want to become consistently profit and maintain good risk management! My family needs me to take it to the next level asap!,3,1,https://www.youtube.com/watch?v=nkMzaQqpFbw,UgyFAjhwC3CfNdegV6d4AaABAg,youtube-data-api-v3/commentThreads.list,
2.983,strategy_rules,youtube,"Thank you Sir, you really have a talent for delivering these concepts in a concrete way that is easy 2 understand. Keep up the good work. This is the only channel I'm using to learn the ICT strategy. Hope you reach great success in trading and on this YouTube channel:)",3,1,https://www.youtube.com/watch?v=_94CPMjWi9E,UgyIESKQKy-ABoeFTNN4AaABAg,youtube-data-api-v3/commentThreads.list,
2.983,education_gap,youtube,"Professional traders do what professionals do.  They make the market with their orders and wait for novices to cave.  They have nothing against us.  It's a job they do, and they have the money to do it.  We have to get better at reading the signals and being willing to take the scraps.",3,1,https://www.youtube.com/watch?v=3JoMwrrN89E,UgzYAaCngPB6Ir4gqsF4AaABAg,youtube-data-api-v3/commentThreads.list,
2.983,risk_management,youtube,"Congratulations on reaching 100k on YouTube.  You are one of those who effortlessly and consistently seek to make us better traders, God bless you richly my hero",3,1,https://www.youtube.com/watch?v=MPeeE55rNOw,Ugzjm1efkhm9l5WsSXl4AaABAg,youtube-data-api-v3/commentThreads.list,
2.945,psychology|education_gap,youtube,What I have learned from this video is that I am fomo momo bozo. Thanks a bunch. 😂,2,1,https://www.youtube.com/watch?v=6-2WXJFyBhE,UgwtmvyVPV1pSEv2lTp4AaABAg,youtube-data-api-v3/commentThreads.list,
2.945,strategy_rules|education_gap,youtube,"Maybe I was distracted, I don't get how do you pick which one of the two indexes' divergences leads the way to the other one. However I've to understand how to apply this kind of price concepts on crypto (which I know you don't trade). I usually use indicators for divergences but I've the feeling that SMT on price are more powerful",2,1,https://www.youtube.com/watch?v=q1NmxUTm4n4,Ugy4ViUVIWHzz4MQMx14AaABAg,youtube-data-api-v3/commentThreads.list,
2.945,risk_management|education_gap,youtube,"This video right here! Everything is 100% honest and accurate! When you control your Risk-Reward ratio ,even an average win rate of 55-60% will make you profitable. And following your rules is probably the hardest part to master psychologically but when you do it, you’ll see the results. However i want to add one point that improvising while you're in the trade is not necessarily bad. Yes,you need to plan before and follow that plan but sometimes when the market structure or price action seems weird,its better to improvise and close trade lets say you targeted 1:3 and you're at 1:2 and now the market is acting really choppy or maybe even potentially moving against the direction,so you might as well secure that 1:2 or take partials in that. Would love to hear your opinion on that point!",2,1,https://www.youtube.com/watch?v=JXHrTloZ-nE,UgyJGH2s3Jvz7BYw7RF4AaABAg,youtube-data-api-v3/commentThreads.list,
2.945,strategy_rules|education_gap,youtube,When a woman that knows what she is doing is talking  I know by her non verbal cues that she is right  I wish I could master this strategy!,2,1,https://www.youtube.com/watch?v=Cq9mF42y2UQ,UgzNakxr61cg2UoiDfF4AaABAg,youtube-data-api-v3/commentThreads.list,
2.943,risk_management,youtube,yo can do video where you put sl and tp in xauusd gold ?,1,0,https://www.youtube.com/watch?v=7Hu7Rl1VYgE,Ugw-OVjdhrftD13k8314AaABAg,youtube-data-api-v3/commentThreads.list,
2.943,other_question_or_pain,youtube,"Are there any retail trader making consistent profit, I have being building and blowing my account for 5 years now and am starting to wonder if people around me were right. can people make a living from actually trading, not selling courses or robot?",1,0,https://www.youtube.com/watch?v=JXHrTloZ-nE,Ugw0TYtDmghd9gtWAX94AaABAg,youtube-data-api-v3/commentThreads.list,
2.943,other_question_or_pain,youtube,"I swear you are my real mentor sir
After your videos and with the help of Allah i started making big profit 🎉❤",1,0,https://www.youtube.com/watch?v=m-G1ag77aVc,Ugw2OItBCza1mxc9Llt4AaABAg,youtube-data-api-v3/commentThreads.list,
2.943,education_gap,youtube,"I saw the recommendation about John but I didn't bother chatting him up, i keep loosing really, I still don't understand how the Forex market works though, I'm just gonna search him up.",1,0,https://www.youtube.com/watch?v=JD_sWSjIiJE,UgwBPdSxhikXiD1k5YJ4AaABAg.ADTvREcc5wZADVEdhokcmF,youtube-data-api-v3/commentThreads.list,
2.943,strategy_rules,youtube,But did u make money using his strategy?,1,0,https://www.youtube.com/watch?v=ygleB1CLhUE,UgwBxz1OI-p88JkZCbJ4AaABAg.AJbOtw8cSlkAJeb3yC2iH1,youtube-data-api-v3/commentThreads.list,
2.943,other_question_or_pain,youtube,"This video helped me with my candlestick analysis, I feel like this was the missing piece that i needed",1,0,https://www.youtube.com/watch?v=990oOC-bHxA,UgwI-YmbyBZAQoXLK5p4AaABAg,youtube-data-api-v3/commentThreads.list,
2.943,other_question_or_pain,youtube,"I honestly think these aren't to be given free. Such a goated teacher you're sir. I randomly found your channel and now this channel has become my favourite. Your classes have really helped me find the direction of the market. Thank God, after two and a half years of being consistent in trading, I've been in Breakeven for this June and July and I'm profitable since the last 30 days🥹❤. I'm 22 and I'm broke now. Hoping for my first payout next month. Once again, thankyou so much🙏🏻",1,0,https://www.youtube.com/watch?v=CHIK5oBRKiw,UgwLYo7aIeC_SwrNm014AaABAg,youtube-data-api-v3/commentThreads.list,
2.943,other_question_or_pain,youtube,@TTrades_edu Nice! MMXM model. Btw Your content has been helping me undertand price action much better,1,0,https://www.youtube.com/watch?v=0xygpCMwxbQ,UgwLwdZK35OB0lwh8Zx4AaABAg.9qJA2lnPJjL9qKTIR5Xzfz,youtube-data-api-v3/commentThreads.list,
2.943,other_question_or_pain,youtube,Appreciate the underlying reasoning to  each feature detail. Not a lot of content creators take this degree of care - but it sure helps the learning.,1,0,https://www.youtube.com/watch?v=JhBX0TQ41H8,UgwM8dE6CrA5-y2AVR94AaABAg,youtube-data-api-v3/commentThreads.list,
2.943,education_gap,youtube,"are you profitable enough? after spending 26 years in the market you must have figured it out what it takes! its not an hate comment just a question from me that you shouldve earned in millions ig after aall this years so why are you in a need of making videos on yt, selling mentorships? what is the purpose? again im just asking not hateing,thankyou!",1,0,https://www.youtube.com/watch?v=cQzisFQRg3c,UgwOBe7C8ustRCSbsg14AaABAg,youtube-data-api-v3/commentThreads.list,
2.943,other_question_or_pain,youtube,"I've been confused about inducements for a while, but the chart examples finally made it click. Really appreciate this video.",1,0,https://www.youtube.com/watch?v=9nRFcetXqkA,UgwPWAqFp0fcfCZpD3h4AaABAg,youtube-data-api-v3/commentThreads.list,
2.943,education_gap,youtube,I'm a newbie and I've lost a lot of money investing on my own. Please can you advise on how to go about this?,1,0,https://www.youtube.com/watch?v=v97Efp_UDC0,UgwSMaf-e78NEsy78aR4AaABAg.AZ-xxEA3svTAZ-yBjQGYLE,youtube-data-api-v3/commentThreads.list,
2.943,education_gap,youtube,You're clearly right about what you say.  I just think that the success path has to be failing over and over.  I've tried helping friends trade and it doesn't work because they have no respect for the market.  That can only be learned through devastating losses.,1,0,https://www.youtube.com/watch?v=cIv3bcPylr4,UgwSk6VrLAcJAgnqyvt4AaABAg,youtube-data-api-v3/commentThreads.list,
2.943,other_question_or_pain,youtube,"I’m super new to Forex and been looking for ways to learn properly for a while until I stumbled on your channel, super interesting, super informative and super helpful, thank you so much, great job",1,0,https://www.youtube.com/watch?v=w8rfTNCer2A,UgwUSrvIln22wB_2RY54AaABAg.AWpnUgasHbxAWq25ket41f,youtube-data-api-v3/commentThreads.list,
2.943,other_question_or_pain,youtube,"Hi Raghee, do you offer live trtading once wwe sign up ? Buy / T.P / Exit signals ? Thank you and God Bless .",1,0,https://www.youtube.com/watch?v=T06ayy3-zs8,UgwX-wNd77Y5zRqT8dl4AaABAg,youtube-data-api-v3/commentThreads.list,
2.943,risk_management,youtube,"Godinama sam promatrao ljude na Forexu kako mijenjaju indikatore, strategije i mentore i uvijek završe na istom mjestu. Jedan indikator kasni, drugi crpi signal tek nakon što je kretanje već završeno, treći izgleda savršeno na starom grafikonu, ali se raspada čim se uključi pravo tržište. Ne kažem da su svi indikatori beskorisni ili da svaki edukator namjerno obmanjuje ljude. Problem je dublji: većina početnika pokušava predvidjeti kamo će cijena ići, bez da pitaju **zašto je prije morala ići u krivom smjeru**. Tržište često prvo pokaže laž, a tek onda pokaže svoju pravu namjeru. Cijena probija prethodni maksimum i privlači kupce, uzima stop-loss cijene prodavača, a zatim se vraća. Probija dno, uvjerava ljude da počinje pad, uzima likvidnost ispod njega i naglo mijenja smjer. Ljudi to nazivaju lažnim probojem, lovom na stop-loss ili manipulacijom, ali samo ime nije dovoljno. Slijed događaja je ono što je važno. Povlačenje likvidnosti nije automatski ulazak. Zona ponude ili potražnje nije automatski ulazak. Blok naloga, FVG, linija trenda, RSI, EMA ili bilo koja strelica nije automatski unos. Prvo moram znati gdje je likvidnost. Zatim čekam da cijena uzme tu poziciju, da se zatvori natrag, promijenim kratkoročnu strukturu kroz CHoCH ili BOS i tek se onda vraćam testirati mjesto odakle je krenuo pravi impuls. Bez tog lanca događaja, gledam samo oblik na grafikonu, a ne priču iza njega. Isto vrijedi i za vremenske okvire. Jedna minuta može se činiti savršenom za kupnju, dok petnaest minuta i jedan sat i dalje vode cijenu prema nižoj likvidnosti. Manji vremenski okvir ne treba promatrati kao zasebno tržište. On je samo detalj veće slike. Azijska sesija često gradi raspon i ostavlja likvidnost iznad i ispod njega. London može zauzeti stranu, napraviti snažan prvi potez ili postaviti zamku. New York tada može potvrditi London, vratiti se na svoj račun ili potpuno preokrenuti priču. Zato sat na grafikonu, prethodni dnevni i tjedni usponi i padovi te cjenovna pozicija unutar veće zone često znače više od nove obojene strelice. Kod EUR/USD, GBP/USD i zlata, dolar čak ni ne gledam zasebno. DXY mi daje kontekst, ali nije ni ulazni nalog. Ako je dolar u ključnoj zoni i samo uzima vlastitu likvidnost, signal na drugom instrumentu može imati potpuno drugačije značenje nego što se na prvi pogled čini. Najveća zabluda nije da tržište nema pravila. Zabluda je da se ta pravila mogu svesti na jednu liniju, prijelaz dvaju prosjeka ili postotak napisan pored signala. A još veća zabluda je da će vas dobar ulaz spasiti od lošeg upravljanja rizikom. Bez jasno definirane invalidacije, pravilnog stop-lossa i kontrole veličine pozicije, čak i ispravno čitanje tržišta može se pretvoriti u gubitak. Na ovom tržištu nema nepogrešive strategije niti zajamčene dobiti. Već dugo pokušavam sve dijelove spojiti u jednu logičnu cjelinu: likvidnost, lažni proboji, sesije, viši i niži vremenski okviri, DXY, bankarske zone, promjena strukture,povratak na posljednji nalog i upravljanje rizikom. Tek tada sam shvatio da prava razlika nije u tome tko ima više indikatora, nego tko razumije **što se mora dogoditi prije nego što kvalitetan ulaz uopće smije postojati**.
Najvažniji dio te priče nisam napisao u ovom komentaru, jer bez cijelog konteksta zvuči kao još jedna brza strategija. Složio sam ga u vlastitom priručniku, bez obećanja lake zarade i bez čarobnog signala. Tko ozbiljno proučava tržište i želi razgovarati o logici iza kretanja cijene, može mi se javiti",1,0,https://www.youtube.com/watch?v=w8rfTNCer2A,Ugwa7f0-AnEm5LN9Ly14AaABAg.AWpi2YyoBTzAZf3NTLldvX,youtube-data-api-v3/commentThreads.list,
2.943,other_question_or_pain,youtube,are you profitable by supply and demand by any chance?,1,0,https://www.youtube.com/watch?v=91-eWDvL-No,UgweS_IATqqWN58Cn0x4AaABAg.AQ9qxt33NS0AQUb0ZaVJSx,youtube-data-api-v3/commentThreads.list,
2.943,strategy_rules,youtube,Thnks Pat for the awesome video !  Can your ORB strategy be used for Prop firm futures trading say on NQ and ES futures ?,1,0,https://www.youtube.com/watch?v=R9yZSDpdCGE,UgwgrzzeE3fLQgmoi-h4AaABAg,youtube-data-api-v3/commentThreads.list,
2.943,other_question_or_pain,youtube,Can this helps in Swing trading,1,0,https://www.youtube.com/watch?v=JXHrTloZ-nE,Ugwmg6U4Fpbmm1i11XB4AaABAg,youtube-data-api-v3/commentThreads.list,
2.943,education_gap,youtube,"That's how most Malaysian traders layer their entries....

Btw your insights from the second half of this video is helpful....

Thank you",1,0,https://www.youtube.com/watch?v=Cq9mF42y2UQ,UgwvKU7SgjU4aPtnnZV4AaABAg,youtube-data-api-v3/commentThreads.list,
2.943,other_question_or_pain,youtube,"My biggest issue is finding a stock to be patient with.  Since I'm a small retail trader, I generally limit myself to micro and nano caps.  The larger market caps seem to have a more stable, readable flow.  Unfortunately, with my small account, If I buy a Large cap, I'm limited to one or two shares, so profitability may be more likely, but I'll be 106 before I can retire.  :D",1,0,https://www.youtube.com/watch?v=v97Efp_UDC0,UgwzFYpkLFiFMVgyH3B4AaABAg,youtube-data-api-v3/commentThreads.list,
2.943,other_question_or_pain,youtube,"This has changed my trading perspective. Very helpful video, the best price analysis video in YouTube..... Thanks so much",1,0,https://www.youtube.com/watch?v=990oOC-bHxA,Ugx-Gc39Y8nwQQViexF4AaABAg,youtube-data-api-v3/commentThreads.list,
2.943,other_question_or_pain,youtube,I notice there are about 5 main patterns 1. Box. 2. flag.  3. Head and shoulder 4. Pendant. 5. Cup and handle.    Box seems to be the most unpredictable to the upside or downside.  Thoughts?   Head and shoulders seems most reliable breakout.,1,0,https://www.youtube.com/watch?v=v97Efp_UDC0,Ugx-_I3E2qi7V81p7KB4AaABAg,youtube-data-api-v3/commentThreads.list,
2.943,other_question_or_pain,youtube,are you still trading?,1,0,https://www.youtube.com/watch?v=JD_sWSjIiJE,Ugx5HDnwmlWKd5aaZg54AaABAg.AGSHSz8_YJ0APevfP-es4B,youtube-data-api-v3/commentThreads.list,
2.943,other_question_or_pain,youtube,Thank you so much it helped me a lot !!,1,0,https://www.youtube.com/watch?v=9nRFcetXqkA,UgxCTKqIYIPbmWrsrTt4AaABAg,youtube-data-api-v3/commentThreads.list,
2.943,other_question_or_pain,youtube,@TTrades_edu  can you share your settings of STD?,1,0,https://www.youtube.com/watch?v=CHIK5oBRKiw,UgxD193G_hmk1MgzP8J4AaABAg.9xNxvI8l70p9xOln1cpJrJ,youtube-data-api-v3/commentThreads.list,
2.943,risk_management,youtube,@SurvivorMinors thats like asking an MMA champion is boxing the only thing you need to become a professional? Obviously not but its a good start.,1,0,https://www.youtube.com/watch?v=3OivsP1j_UE,UgxHFaMsqJjDfUZowMR4AaABAg.A-N_94ieLVAAEuChagJgta,youtube-data-api-v3/commentThreads.list,
2.943,other_question_or_pain,youtube,"Hay,! Mam,,,,,  Right now i loss $10k Confused man....( Crude oil /US).....pls you now the pain : i listening u..!!",1,0,https://www.youtube.com/watch?v=w8rfTNCer2A,UgxNyr1LGJsVEUoaloB4AaABAg,youtube-data-api-v3/commentThreads.list,
2.943,other_question_or_pain,youtube,"I will like to make my start in to day trading, can you be my mentor?",1,0,https://www.youtube.com/watch?v=g0BPjHd4OP8,UgxOzDFeO0dlZ5CmrAB4AaABAg,youtube-data-api-v3/commentThreads.list,
2.943,education_gap,youtube,Y not showing on real chart ?,1,0,https://www.youtube.com/watch?v=DZ08d8ORc_M,UgxRO8RVfuVUX_lqK-J4AaABAg,youtube-data-api-v3/commentThreads.list,
2.943,other_question_or_pain,youtube,Is it good or bad to trade a single instrument(especially on a small account)?,1,0,https://www.youtube.com/watch?v=JXHrTloZ-nE,UgxRzoK4KZXNnJdTOHx4AaABAg,youtube-data-api-v3/commentThreads.list,
2.943,other_question_or_pain,youtube,"I used to watch your live sessions daily and trade along with you, but I really miss them since you stopped going live. Hope you restart them soon—getting your VIP access would truly help me a lot in my trading journey.",1,0,https://www.youtube.com/watch?v=7Hu7Rl1VYgE,UgxWiyHXzTHzmREaBF54AaABAg,youtube-data-api-v3/commentThreads.list,
2.943,strategy_rules,youtube,Hi is necessary to take a technical analysis course before starting day trading. And a technical indicators course ? I do understand the candlestick but not the technicals,1,0,https://www.youtube.com/watch?v=DZ08d8ORc_M,UgxX0DtBw1wMSiZb9hh4AaABAg,youtube-data-api-v3/commentThreads.list,
2.943,education_gap,youtube,I'm a beginner and i can now frame a daily bias this way but how exactly to trade with this ?,1,0,https://www.youtube.com/watch?v=g3oDYq4P9ZE,UgxaA4lySwpXmgsnzpR4AaABAg.9uTZ-rLII0oA0xgm4Zyl82,youtube-data-api-v3/commentThreads.list,
2.943,other_question_or_pain,youtube,As a newbie I experienced this with so many trading channels on telegram but thank God it was on a demo account. Anyone can help a brother with 100$ 😢😅,1,0,https://www.youtube.com/watch?v=G2THP1LGPB0,UgxePl782fe6B_xLEsF4AaABAg,youtube-data-api-v3/commentThreads.list,
2.943,other_question_or_pain,youtube,"thank you for your honest elaboret explanation on the best free robots , please continue helping many out there who really needs your insight on automsted trading and free robots",1,0,https://www.youtube.com/watch?v=TvWks6oJ-9U,Ugxg2gdtrFDTRYS9wBB4AaABAg,youtube-data-api-v3/commentThreads.list,
2.943,education_gap,youtube,"What’s stronger right now, the USD or SPX99X support level? 😂",1,0,https://www.youtube.com/watch?v=7Hu7Rl1VYgE,UgxqsBsw0fbBRahKwfV4AaABAg,youtube-data-api-v3/commentThreads.list,
2.943,other_question_or_pain,youtube,"“I really like your content 👍 it’s very valuable.
But due to language, it’s a bit difficult for me to understand.
If possible, please add Hindi audio track.
This will help a lot of Indian viewers, and your content can reach a much wider audience.” In hindi",1,0,https://www.youtube.com/watch?v=JD_sWSjIiJE,Ugy0_l-y7GbTO7hXanl4AaABAg.AMzP-gio5KLAWCjBqPfqzw,youtube-data-api-v3/commentThreads.list,
2.943,other_question_or_pain,youtube,"I have a few problems with this.  With the market right now, the market doesn't really recover intraday regularly or often trades sideways after the morning.  Also, only trading 3-5% only works if you have a sizeable portfolio.  For most people, that's working hard for peanuts.  Most people are not good at catching a rebound of a falling knife because they don't have the patience- it may take hours of serious concentration.",1,0,https://www.youtube.com/watch?v=Cq9mF42y2UQ,Ugy4cVpWMgvtliFcadh4AaABAg,youtube-data-api-v3/commentThreads.list,
2.943,education_gap,youtube,I am a newbie in cryptocurrency investments. Can you please guide me on how you made profits?,1,0,https://www.youtube.com/watch?v=JD_sWSjIiJE,Ugy6xCofqZDS3ij0pGB4AaABAg.AEsaLFLbt4oAEsad5UGe4j,youtube-data-api-v3/commentThreads.list,
2.943,education_gap,youtube,I hit the like and subscribe So as to be able to take advantage of your insights going forward. Perhaps the nomenclature here has been explained in a previous video which I will search for. However I have been a trader for some time now I was almost able to follow this despite my linguistic challenges. What occurred to me is even if I knew exactly which all of your terms meant some visual Support is really needed. You're describing something verbally that is best understood visually and without any visualization this entire presentation creates more questions than it answers.  Even a white board in this digital age would be helpful if you could simply draw out the patterns that you were talking about so that we could put your words together with some visualization. It would help me anyway.,1,0,https://www.youtube.com/watch?v=6-2WXJFyBhE,UgyJk4wQiZZqoVrc6B94AaABAg,youtube-data-api-v3/commentThreads.list,
2.943,other_question_or_pain,youtube,I always didn't know when to time low Resistance Liquidity Runs. AM Trades helped me with his Weekly Profile from a year ago. I actually applied it this week. Now I can't wait to check the daily bias from this perspective. T Trades .. thanks man. Sheeeesh... ICT Created Monsters man. And they share all these freely. 🎉,1,0,https://www.youtube.com/watch?v=g3oDYq4P9ZE,UgyQN6WypHxn_wv6jB94AaABAg,youtube-data-api-v3/commentThreads.list,
2.943,education_gap,youtube,"From the link you shared, I saw that you only trade ETFs what about those who trade Forex and crypto? Can we follow your mentorship programme trade them?",1,0,https://www.youtube.com/watch?v=cIv3bcPylr4,UgyTRYzQ2uPleLy3NHF4AaABAg,youtube-data-api-v3/commentThreads.list,
2.943,other_question_or_pain,youtube,"Hi Jea, unbelievable helpful information! So far I am on your 2nd video and both of them are a true GEM to me! Thank you so much! I wish I started with your videos as early as you posted them. It was so informative and never boring, marked up my charts as I listened to your lesson and I already feel more confident for Sunday night open! God Bless you!",1,0,https://www.youtube.com/watch?v=ygleB1CLhUE,UgyXHBo5jM0hQHFooip4AaABAg,youtube-data-api-v3/commentThreads.list,
2.943,risk_management,youtube,The first step to successful investment is figuring your goals and risk tolerance either on your own or with the help of  a financial professional but it's very advisable you make use of professional,1,0,https://www.youtube.com/watch?v=WFRBLxKCtPw,UgyZu-PW91y2GUbZlTR4AaABAg.APJhAWghx7AAPKEVLnfYbQ,youtube-data-api-v3/commentThreads.list,
2.943,other_question_or_pain,youtube,"Pls is this trading leaning only for forex traders or bot forex and crypto?

Much love mentor ❤🥰🥰😍",1,0,https://www.youtube.com/watch?v=AIeBNqf8RBA,UgyaFz-TK0YwqWwIA794AaABAg.AMzP5z278y_AUGeqQUlV-s,youtube-data-api-v3/commentThreads.list,
2.943,education_gap,youtube,"So basically keep going against the the market /trend when you start to lose ? In the hope of market reverses back ? 
This can be dangerous territory for most of us ..you know that right ? 😢
Or am I missing something ? Plz make another video on it to explain to us like we are 10 years old :) ❤",1,0,https://www.youtube.com/watch?v=Cq9mF42y2UQ,Ugyb1vAo9b_AlwCnl614AaABAg,youtube-data-api-v3/commentThreads.list,
2.943,strategy_rules,youtube,Very nice setup. I like you desk too. Where did you get it from?,1,0,https://www.youtube.com/watch?v=96kZw9oR4QU,Ugybckx5JqriykeL7hV4AaABAg,youtube-data-api-v3/commentThreads.list,
2.943,risk_management,youtube,"Great you help me 😅, my contribution -Your site is a bit slow , you can improve that for more conversion",1,0,https://www.youtube.com/watch?v=LclxDYccla8,UgygGUDlpc0XhiGnXe54AaABAg,youtube-data-api-v3/commentThreads.list,
2.943,education_gap,youtube,Hmm… chat gpt says it’s almost always better to learn swing trading on your own and gives solid examples as to why. Am I missing something?,1,0,https://www.youtube.com/watch?v=cIv3bcPylr4,UgygRuHTEDhLk-7ICBl4AaABAg,youtube-data-api-v3/commentThreads.list,
2.943,other_question_or_pain,youtube,"is this on a 3 month chart , 1 day?",1,0,https://www.youtube.com/watch?v=DZ08d8ORc_M,UgyksorVp8Ay73vWJg94AaABAg,youtube-data-api-v3/commentThreads.list,
2.943,other_question_or_pain,youtube,You trade with Hinz Maria as well? She's been a true blessing to my family! ❤️❤️,1,0,https://www.youtube.com/watch?v=B_dVwXYQ-oc,UgymrkI9XExlGTeIvjp4AaABAg.ALXYePuGDv0ALbvbFsF_BS,youtube-data-api-v3/commentThreads.list,
2.943,other_question_or_pain,youtube,"I heard you need bigger capital in swing structure than substructure, am I right?",1,0,https://www.youtube.com/watch?v=LclxDYccla8,Ugyo3FI8BxESMlyQDP14AaABAg.A6fMDUSTJM3ANSYD43o49n,youtube-data-api-v3/commentThreads.list,
2.943,education_gap,youtube,"for what does it work the best? krypto, forex, futures,fiat etc?",1,0,https://www.youtube.com/watch?v=B_dVwXYQ-oc,UgyxgRmWwW0N3tvbi_54AaABAg,youtube-data-api-v3/commentThreads.list,
2.943,strategy_rules,youtube,Do you mean there's no need of indicators in Supply and Demand?,1,0,https://www.youtube.com/watch?v=yaCM_cr5BXo,Ugz-m8LdbCV8QH-bxsN4AaABAg.AJwp7xcWoRgAPhPqRopJjg,youtube-data-api-v3/commentThreads.list,
2.943,entry_timing,youtube,@TTrades_edu hey can you do a video with using bias like this and using entrys in LTF like 5min/15min a more detailed video? Please Thank you,1,0,https://www.youtube.com/watch?v=g3oDYq4P9ZE,Ugz5TwIWiR3zkTNgeYJ4AaABAg.9svCNelPaGbAGHIc17sS80,youtube-data-api-v3/commentThreads.list,
2.943,education_gap,youtube,Ms Raghee is very knowledgeable about the stock market techniques but for me as a beginner using the chart and explaining the fundamentals would be so helpful for visual learners like myself.,1,0,https://www.youtube.com/watch?v=v97Efp_UDC0,Ugz8Eu9E3yFPP9Mng7B4AaABAg,youtube-data-api-v3/commentThreads.list,
2.943,other_question_or_pain,youtube,"Hi Pat, when  we can expect Forex Fury version 5 to be released ? please include capability for it to scalp xauusd gold as well.",1,0,https://www.youtube.com/watch?v=G2THP1LGPB0,Ugz8hbAhBHkKbq4QEU54AaABAg,youtube-data-api-v3/commentThreads.list,
2.943,other_question_or_pain,youtube,"6:19 

Everyone knows that.

The question is which side of liquidity is taken out first?",1,0,https://www.youtube.com/watch?v=YESqIoA7Wyg,UgzK-1_g2SK0W_EYZwl4AaABAg,youtube-data-api-v3/commentThreads.list,
2.943,education_gap,youtube,"Thanks for sharing. Honestly, I really need help learning how to trade. Seeing my portfolio so low makes me really sad.",1,0,https://www.youtube.com/watch?v=990oOC-bHxA,UgzM5Kt7ZILpSUeVj114AaABAg.AFb45k1U0wgARAwudgRPbT,youtube-data-api-v3/commentThreads.list,
2.943,other_question_or_pain,youtube,I am pretty much a newbie when it comes to trading. Would this program be suitable for me?,1,0,https://www.youtube.com/watch?v=990oOC-bHxA,UgzM5Kt7ZILpSUeVj114AaABAg.AFb45k1U0wgARAzdnVvNfU,youtube-data-api-v3/commentThreads.list,
2.943,other_question_or_pain,youtube,"Trading is easy if you have your own money and not struggling with addiction. Trading is difficult for the guys paying for account hoping to trade for companies like forex. Telling someone to follow a rule to trading when they have an addiction to trading is almost impossible.  

These young poor guys trying to trade for forex end up with anxiety, depression, insomnia, family problems and erectile dysfunction.

The only one making money are trading gurus selling wisdom and strategies to the poor people looking to get rich quick.",1,0,https://www.youtube.com/watch?v=3JoMwrrN89E,UgzQB5qxN8i24WMd0od4AaABAg,youtube-data-api-v3/commentThreads.list,
2.943,risk_management,youtube,2:27 there was one more candle contender of being swing slow until another lower swing low formed and if in such a condition If we marked the above one then ?,1,0,https://www.youtube.com/watch?v=1YRs4Z1lMws,UgzW1jnsFGwkHoqgm194AaABAg,youtube-data-api-v3/commentThreads.list,
2.943,strategy_rules,youtube,"You know you can create your own indicator based on your strategy right? I think indicators have been demonized too much in modern trading. The right approach, i believe , is not to use too many of them at the same time as they can give conflicting signals.",1,0,https://www.youtube.com/watch?v=cQzisFQRg3c,UgzXE0FifL7MWwIFL0V4AaABAg,youtube-data-api-v3/commentThreads.list,
2.943,entry_timing,youtube,hi! hoping to get an answer i just wanna ask do you wait to close the candle on a 1 hr tf before you go to the 5 min tf to enter a trade?,1,0,https://www.youtube.com/watch?v=-QkFsIBmqSA,UgzcxhPIYTtXLoNmQzt4AaABAg,youtube-data-api-v3/commentThreads.list,
2.943,other_question_or_pain,youtube,Raghee—Are you still with Simpler Trading?  Ken Rice,1,0,https://www.youtube.com/watch?v=g0BPjHd4OP8,UgzgfRMjut5K3ur6ANZ4AaABAg,youtube-data-api-v3/commentThreads.list,
2.943,strategy_rules,youtube,"That was very helpful, atleast someone who doesnt just gamble on bad trade setups... Waiting is key.",1,0,https://www.youtube.com/watch?v=AIeBNqf8RBA,UgzifjY11Zyp3oDAgqR4AaABAg,youtube-data-api-v3/commentThreads.list,
2.943,education_gap,youtube,Sir can you help us with SELL  side on this swing trading tutorial ❤,1,0,https://www.youtube.com/watch?v=JL7HdUKRxfI,UgzngMZVJpW844PZlDZ4AaABAg,youtube-data-api-v3/commentThreads.list,
2.943,strategy_rules,youtube,"thats sad but you learned many things , bro can you tell me is this strategy works on Indian markets or not ? if yes can you share the timeframe. if you want to.",1,0,https://www.youtube.com/watch?v=nkMzaQqpFbw,UgzovjBM2H-YeKEIq3d4AaABAg.AUtQGrbteYwAX8Poi5jiia,youtube-data-api-v3/commentThreads.list,
2.943,other_question_or_pain,youtube,Btw are you no longer with Simpler Trading?,1,0,https://www.youtube.com/watch?v=Cq9mF42y2UQ,UgzpnlmbNs5s2Dk9IHp4AaABAg,youtube-data-api-v3/commentThreads.list,
2.943,education_gap,youtube,I'm a newbie and I've lost a lot of money investing on my own. Please can you advise on how to go about this?,1,0,https://www.youtube.com/watch?v=v97Efp_UDC0,UgzrFXkQhwVVpgECbGh4AaABAg.AXl2E_M-OjSAZ-J1HsiRXB,youtube-data-api-v3/commentThreads.list,
2.943,psychology,youtube,@PamelaHayes-k2s I was in a similar spot managing seven figures and kept questioning whether I needed to make changes or just stay the course. Speaking with a professional helped me build a more disciplined long-term approach.,1,0,https://www.youtube.com/watch?v=3JoMwrrN89E,UgzsJxCz1QFOXqWFAlx4AaABAg.AYm7rDiCUinAZEnUt5GO5k,youtube-data-api-v3/commentThreads.list,
2.943,other_question_or_pain,youtube,This giveaway is amazing! I would truly love to win the VIP bot because it would help me become a more consistent trader. Thank you for supporting the trading community and giving people this opportunity. Wishing everyone the best of luck!,1,0,https://www.youtube.com/watch?v=7Hu7Rl1VYgE,UgzyixX-ePlxe6xrVOV4AaABAg,youtube-data-api-v3/commentThreads.list,
2.898,education_gap,youtube,lost too much in not booking profit. This market is very smart and moving up and down right before the level you want to sell. Take whatever market is giving you waiting will zero your account. sorry dont agree,2,2,https://www.youtube.com/watch?v=3JoMwrrN89E,Ugw92paB3HclKrL92ul4AaABAg,youtube-data-api-v3/commentThreads.list,
2.898,risk_management,youtube,"Great for trading stocks, but I only trade options and it's too risky for that. But thanks for the info.",2,2,https://www.youtube.com/watch?v=Cq9mF42y2UQ,Ugwgc0zjBKwov-Xg5ol4AaABAg,youtube-data-api-v3/commentThreads.list,
2.898,strategy_rules,youtube,starting to see this strategy everywhere. all over youtube and every group im in. won't be surprised if market makers start playing games with this range soon.,2,2,https://www.youtube.com/watch?v=R9yZSDpdCGE,UgygZc7sYY6zNTcCgj54AaABAg,youtube-data-api-v3/commentThreads.list,
2.898,education_gap,youtube,In future videos do you think you’ll be able to discuss kill zones and especially the optimal times to trade indices and if possible why currencies or indices may be Beter than one another,2,2,https://www.youtube.com/watch?v=q1NmxUTm4n4,UgzWrR3MC76i2AToNbp4AaABAg,youtube-data-api-v3/commentThreads.list,
2.898,education_gap,youtube,"Finally a Forex guide that doesn't just flash Lambos and crazy numbers! I really appreciated the breakdown of the 'Mechanical' vs 'Discretionary' approach. Making the rules clear is exactly what a beginner needs. Thanks for the 17 years of wisdom, Pat! 📈🚀 #TradeWithPat",2,2,https://www.youtube.com/watch?v=w8rfTNCer2A,UgzjHLrTwyPSSYuErXJ4AaABAg,youtube-data-api-v3/commentThreads.list,
2.886,strategy_rules|education_gap,youtube,"@nogutsnoglory2026 interesting! I will take a look.   The long version:  (I am a guy who for a long time did not use any form of indicators. I am a pure price action guy.  So, the 34ema(smoothed by a factor of 14) is pretty new addition.  And my eyes have really started to like the EMA.  Therefore, I am open to testing out the 50, as you suggested).  34 is a fib sequencce nubmer, and 50 is also.  I will see how that looks.  )",3,0,https://www.youtube.com/watch?v=pORrgC7GjkM,UgwcP14MEFFLTSFprgd4AaABAg.APLxjI07h24APU4J6opGf-,youtube-data-api-v3/commentThreads.list,
2.886,entry_timing|education_gap,youtube,"8:34 However it's out of killzone I am not watching it 
What does that mean 
It went beyond 0.79 later but you said this as soon as It enter the Fvg range",3,0,https://www.youtube.com/watch?v=1YRs4Z1lMws,UgwlRd1LZ6g0Q5gOMt14AaABAg,youtube-data-api-v3/commentThreads.list,
2.886,strategy_rules|education_gap,youtube,"I use PO3 (Power of 3 - Accummulation, Manipulation, Distribution).   And using CRT dovetails very nicely with what I'm looking for in the NYAM session.   This week, finished green with this simple yet very effective strategy.    I like to use the 4hr candle (candle 1, candle 2 and candle 3 as the distribution move).   But if there is not a 4-hr opportunity, then I will use the 1 hour candles.         The idea is that in the wick of the candle, there will be a Smart Money Reversal.   

Very simple strategy to employ and really good for beginners.  Thanks for highlighting this strategy/confluence.",3,0,https://www.youtube.com/watch?v=6-2WXJFyBhE,Ugx5jUfOJgLsAMG2C9l4AaABAg,youtube-data-api-v3/commentThreads.list,
2.886,psychology|education_gap,youtube,"Backtest for a year data and watch the price print LIVE for the next month. Knowing what to look for is different than doing it yourself. The challenge comes in when you wake up and your expected draw on Liquidity is taken just 1 hour after NY midnight😮, and you have the rest of the day to stay away and be disciplined. Dealing with The fear of missing out is difficult beast. 😞.",3,0,https://www.youtube.com/watch?v=g3oDYq4P9ZE,UgxkoXC4HjxtvQ2Ttc14AaABAg.9t55WUDdHE_9tQWo2FJnNJ,youtube-data-api-v3/commentThreads.list,
2.886,strategy_rules|education_gap,youtube,"I knew there was a missing piece in my trading model, but I couldn't figure out what it was. After watching this video, everything just clicked.

I combined the liquidity concepts with my existing setup and went 2 for 2 on my first trades of this week. Small sample size, of course, but I already feel much more confident in my market reads.

Thank you for this amazing content<3",3,0,https://www.youtube.com/watch?v=9nRFcetXqkA,Ugys7u5AoHs_z9WJwKF4AaABAg,youtube-data-api-v3/commentThreads.list,
2.886,risk_management|psychology,youtube,"@IsmoilAmonov-d2l 
Sounds like you're trying to make money too quick, in one go and it's not going happen brother.
Lot size maybe too big or too many open positions, No risk management and I sense a bit of greed.
That's a lot of money to lose overnight",3,0,https://www.youtube.com/watch?v=990oOC-bHxA,UgzM5Kt7ZILpSUeVj114AaABAg.AFb45k1U0wgARqqi5Uqm8D,youtube-data-api-v3/commentThreads.list,
2.886,risk_management|education_gap,youtube,first week of paper trading last week. 15 trades 3 per day.  - 33% win rate - average win $51.8 average loss $29.4. total wins 259. total loss 294. biggest win 111 biggest loss 85. first 2 days were straight loss and then i learnt what a stop loss was and became profitable in the following days. thank you for the valuable lesson. really nails home the simple maths and risk management that i will be implenting this week of paper trading. i plan to trade with a $500 account so will set my stop loss to $10. 21 yo planning ahead for the long run,3,0,https://www.youtube.com/watch?v=JXHrTloZ-nE,Ugza4oRnDJ7BpbKIYHp4AaABAg,youtube-data-api-v3/commentThreads.list,
2.859,strategy_rules,youtube,Well😅 This works😅 but every strategy has its own pros and cons,4,0,https://www.youtube.com/watch?v=JhBX0TQ41H8,Ugw1sYrCxez0xnm1jqZ4AaABAg.ABEWy6CvhmLABi0NFvflVj,youtube-data-api-v3/commentThreads.list,
2.859,strategy_rules,youtube,Still new to this i havent started paper trading yet but im learning market structure before i move on to the actual charts and indicators,4,0,https://www.youtube.com/watch?v=JXHrTloZ-nE,Ugw9jSXztExUGLUAPeF4AaABAg,youtube-data-api-v3/commentThreads.list,
2.859,risk_management,youtube,"This is a ridiculously useful video thanks
For the info",4,0,https://www.youtube.com/watch?v=990oOC-bHxA,UgwAoZsO1WK6EWbMcoJ4AaABAg,youtube-data-api-v3/commentThreads.list,
2.859,education_gap,youtube,I believe it's a promotional video to  sell the content and link is provided to  visit the site for the same. That's why there's no chart illustrations.,4,0,https://www.youtube.com/watch?v=v97Efp_UDC0,UgwaoOTWRVFdHCaB3YZ4AaABAg.AV9aGJ4q9krAXTEvmePOkH,youtube-data-api-v3/commentThreads.list,
2.859,education_gap,youtube,"Great video, however I would appreciate it if you could explain using chart visuals of trades you have taken b4, so we can flow along with your tutorial better. It's a bit of a challenge to imagine what you mean accurately especially for inexperienced traders like me. Thank you so much.",4,0,https://www.youtube.com/watch?v=DZ08d8ORc_M,Ugx9sjc7fKM26O1b34d4AaABAg,youtube-data-api-v3/commentThreads.list,
2.859,strategy_rules,youtube,"And when your zone is valid, it will work on every timeframe.",4,0,https://www.youtube.com/watch?v=m-G1ag77aVc,UgxLIDroccje6V8cul54AaABAg.AIckJ2DvWSjAIuTosp6-JD,youtube-data-api-v3/commentThreads.list,
2.859,risk_management,youtube,P/L is all that matters.  Higher P/L higher profits.  I'm still fighting to keep my losses low.  I had to move my stop loss to match my current skills and experience.  Once I get better I can risk more. I'm making more money now.,4,0,https://www.youtube.com/watch?v=JXHrTloZ-nE,UgxULpA950jh8qgOSA14AaABAg,youtube-data-api-v3/commentThreads.list,
2.859,education_gap,youtube,"What you need to know and do with trading profits, like with any other income stream, whether it's your main income salary or a side hustle is to PAY YOUR SELF FIRST. So, every day you lock in those profits you set a aside 10-30% of them not available to trading anymore. 

Instead, these funds you invest in broad ETF's, mixed growth stocks, double compounders, dividend growth stocks - your choice, but you do it no matter what. You owe that to your self. Doing this enables you to lower the variance in trading and create self replicating money machine, also for those times trading doesn't work or you wish to take a break. Then the markets are still working for you.",4,0,https://www.youtube.com/watch?v=3JoMwrrN89E,Ugx_aTtIykMxKUbGK5x4AaABAg,youtube-data-api-v3/commentThreads.list,
2.859,education_gap,youtube,"JAMES! watching the chart now, finely i understand BOS and how the market works strategically, praise God for you. I prayed much for this. Gambling is not a job, now i have a job, no more guessing!",4,0,https://www.youtube.com/watch?v=ygleB1CLhUE,Ugxf_Wa_MNdtd8pQw-x4AaABAg,youtube-data-api-v3/commentThreads.list,
2.859,entry_timing,youtube,The market is volatile at this time. I will suggest you get yourself a financial-advisor that can provide you with entry and exit points on the shares/ETF you focus on.,4,0,https://www.youtube.com/watch?v=JD_sWSjIiJE,Ugxi2h2OOg1WglpybOl4AaABAg.ADRZgXaZAEtADRZlPB5AmX,youtube-data-api-v3/commentThreads.list,
2.859,education_gap,youtube,"I'm from the Philippines, studying Forex Trading in the past 3 weeks, yes I'm new to this and fairly enough done anything good. I came across your channel and I really liked the way you explain concepts. In the next three months, I will keep on practicing demo until month 6th, before fully commiting cash to this, cause who knows, that first deposit I make, will for sure be a ""Market Tuition"" haha. Thanks for sharing this! All the best!",4,0,https://www.youtube.com/watch?v=nkMzaQqpFbw,Ugxs_JEsOOxxhEBpBtd4AaABAg,youtube-data-api-v3/commentThreads.list,
2.859,strategy_rules,youtube,"Looks like all of this time ive been off track coz of market structure,thank you for updating my strategy mr James,i also trade supply and demand🎉,and ive been scared of gold,but this time around we rolling🚀🚀🚀",4,0,https://www.youtube.com/watch?v=ygleB1CLhUE,Ugy2h8a5VpwYzgqV9dp4AaABAg,youtube-data-api-v3/commentThreads.list,
2.859,education_gap,youtube,"I just watched your video, Ive been trading for about 8 years. I would like to think I am a pretty smart guy and know a thing or two, after watching your video I have to say sometimes the simple answer is the best answer. It takes real talent earned the hard way to explain trading the way you are. Trading is actually really simple but it takes a long time and a ton of hard lessons to understand to relax and play your system. Most traders loose in there minds well before the trade comes and you just laid it out as simple as I have ever heard it. You my dear should have millions of followers because you are giving a free master class with out the fluff and bullshit. Thank you for giving your time to these videos, you really are as good as it gets.",4,0,https://www.youtube.com/watch?v=JXHrTloZ-nE,Ugy9-RSNJFyGhTLjILV4AaABAg,youtube-data-api-v3/commentThreads.list,
2.859,psychology,youtube,"no , you are wrong . Discipline is a difficult thing to practice . Highly disciplined people are rare.",4,0,https://www.youtube.com/watch?v=3JoMwrrN89E,UgyEe2tzUOsDE1ewvVZ4AaABAg.AYX3rZgsBDyAYYqZHPzQXq,youtube-data-api-v3/commentThreads.list,
2.859,strategy_rules,youtube,Love you from bottom of my heart... nobody teaches the way you teach and the thing I like most about you is that you don't give random strategies to please viewers rather you clear the path through your teachings and students may experiment and create their own definition to trade setups while not making basic mistakes...thank you for contributing to my journey🥺💗,4,0,https://www.youtube.com/watch?v=YESqIoA7Wyg,UgyEhU0eccgDstB0bfJ4AaABAg,youtube-data-api-v3/commentThreads.list,
2.859,entry_timing,youtube,candle close confirmation wala concept solid hai… early entry se better wait karna actually false signals kam karta hai.,4,0,https://www.youtube.com/watch?v=JD_sWSjIiJE,Ugz1_zf3KyhdKnaRo_Z4AaABAg,youtube-data-api-v3/commentThreads.list,
2.859,education_gap,youtube,Thanks pat!!!! I used to trade but all the information and stress was too doggone much however I was looking for robots and this is awesome,4,0,https://www.youtube.com/watch?v=TvWks6oJ-9U,UgzXHVBZQA9cO21KbOB4AaABAg,youtube-data-api-v3/commentThreads.list,
2.859,education_gap,youtube,"This is hands down the best guide on candlestick psychology! 🧠 I love how you simplify everything into Strength, Control Shift, and Indecision candles",4,0,https://www.youtube.com/watch?v=990oOC-bHxA,Ugzd6muzIDv7maWb1KZ4AaABAg,youtube-data-api-v3/commentThreads.list,
2.859,strategy_rules,youtube,He low-key casted my strategy 😅,4,0,https://www.youtube.com/watch?v=nkMzaQqpFbw,UgzlMr5kCC-sDpeZNEN4AaABAg,youtube-data-api-v3/commentThreads.list,
2.859,education_gap,youtube,Same story with me my job is ending this December 😢 so I'm here to learn how to trade,4,0,https://www.youtube.com/watch?v=wIyZcY6kNuo,Ugzu3w7sBhBpo2iRBJ54AaABAg.APPfriOCtQAAPSeU1TAL71,youtube-data-api-v3/commentThreads.list,
2.859,education_gap,youtube,"just retested this, been trading with supply and demand for 2 years, never understood why and how, the knowledge i got from this 40min video is insane, thanks!",4,0,https://www.youtube.com/watch?v=yaCM_cr5BXo,Ugzyo5D_-EjSil0li754AaABAg,youtube-data-api-v3/commentThreads.list,
2.849,entry_timing|strategy_rules|education_gap,youtube,"This is why I entrusted a fiduciary with my investment decisions. Many underestimate advisors until emotions lead to losses. My advisor crafted a tailored strategy aligning with my long-term goals, guiding entry and exit points for the equities I focus on. This has grown my portfolio to over $850k. My personal best so far",2,0,https://www.youtube.com/watch?v=JD_sWSjIiJE,Ugxi2h2OOg1WglpybOl4AaABAg.ADRZgXaZAEtADRZq3ZlD_8,youtube-data-api-v3/commentThreads.list,
2.847,risk_management|education_gap,youtube,Thanks for video. Technical question. How did you get simulation on both graphics simultaneously?,0,1,https://www.youtube.com/watch?v=q1NmxUTm4n4,UgxD8_LhAKVcxLByd7h4AaABAg,youtube-data-api-v3/commentThreads.list,
2.847,entry_timing|education_gap,youtube,"Please provide chart examples, you are just talking and trying to explain verbally which we cannot understand. Other traders provide lots of chart examples entry, exit rules.",0,1,https://www.youtube.com/watch?v=6-2WXJFyBhE,Ugxwwj9sLMFIeWS_fSp4AaABAg,youtube-data-api-v3/commentThreads.list,
2.847,strategy_rules|education_gap,youtube,"Thanks for this amazing video on the 1 Scalping Strategy, Pat! I really appreciate how you broke down your 16 years of experience and shared live trade examples with an 84% win rate—super inspiring! I have a question: How do you adapt this strategy during high-volatility market conditions?",0,1,https://www.youtube.com/watch?v=R9yZSDpdCGE,UgyGxbzISa_yCAP_1bJ4AaABAg,youtube-data-api-v3/commentThreads.list,
2.847,entry_timing|education_gap,youtube,"Amazing content. In the top down example, how do you know to expect so many retracements before you enter? It creates asian range, displaces out, back in, up in new york, down, *then* you draw ote expecting *another* displacement up then down again! 6 retracements in 1 play essentially, I got a little lost.",0,1,https://www.youtube.com/watch?v=YESqIoA7Wyg,UgzH_9QBXd1qUfOO3Np4AaABAg,youtube-data-api-v3/commentThreads.list,
2.799,other_question_or_pain,youtube,Are you Trades By Matt brother?,0,2,https://www.youtube.com/watch?v=7Hu7Rl1VYgE,UgwMe0S598vPM7VGJb14AaABAg,youtube-data-api-v3/commentThreads.list,
2.799,strategy_rules,youtube,"With so much used PCs and monitors avaible, you can create a setup like this for around $1k or even a little under. I currently run 4 (24"")  monitors myself from a i7 PC with 16Gb RAM and another 2 monitors on portrait from an old Lenovo laptop where the screen got heavily cracked but the two video ports still working. I'm fortunate enough to source another couple of 24"" monitors from my brothers when he upgraded the PCs from his small medical centre. I helped setup his new computers of course. Can't wait to start trading again.",0,2,https://www.youtube.com/watch?v=96kZw9oR4QU,UgxrKcyMlTFu-BbDrNR4AaABAg,youtube-data-api-v3/commentThreads.list,
2.799,other_question_or_pain,youtube,"Thank you for this. It would be really helpful if you could illustrate the concepts you talk about in the chart. Otherwise, your advice falls in deaf ears for those who, like me, are beginners.",0,2,https://www.youtube.com/watch?v=pORrgC7GjkM,UgxzuzANg_-rZ_1sXd14AaABAg,youtube-data-api-v3/commentThreads.list,
2.799,education_gap,youtube,"Great video, as always TTrades! 💪 Question: what divergence pair for trading Gold?! Thanks!",0,2,https://www.youtube.com/watch?v=q1NmxUTm4n4,Ugy6BYyLbB7A91k23eR4AaABAg,youtube-data-api-v3/commentThreads.list,
2.75,entry_timing|strategy_rules|psychology|education_gap,youtube,"Let’s be honest. what really wins? Is it the perfect entry? The patience to wait? Or handling the trade when it goes sideways? I used to think it was all about the strategy. But here’s the truth I learned the hard way: The strategy is only half the battle. The other half? Discipline. Without it, even the best strategy falls apart. Discipline is what keeps you steady when things get tough. And that’s where the real advantage is.",0,0,https://www.youtube.com/watch?v=v97Efp_UDC0,Ugw9IX_7KbIw2KWzxPh4AaABAg.A_muRNj4bpDA_mubtf_1bf,youtube-data-api-v3/commentThreads.list,
2.75,risk_management|entry_timing|education_gap,youtube,"I felt the exact same way until I found Rolando Mario. Most people just sell you a dream and leave you, but he actually provides a structure you can follow. It’s the first time I’ve felt like I have a real guide who actually breaks down the timing and risk control instead of just showing flashy wins?",0,0,https://www.youtube.com/watch?v=T06ayy3-zs8,UgwDmyijrJc9wlihw814AaABAg.AaZxMxA3SFFAaZxhARSApj,youtube-data-api-v3/commentThreads.list,
2.75,entry_timing|strategy_rules|education_gap,youtube,So what best swing trader Entry timeframe?,0,0,https://www.youtube.com/watch?v=JL7HdUKRxfI,UgwKbfq4nzy7XP61qQp4AaABAg,youtube-data-api-v3/commentThreads.list,
2.75,risk_management|psychology|education_gap,youtube,"The quickest way to LOSE  your (15k) is to trade WITHOUT knowing what you are doing!! Paper Trade first, by learning how to read charts, fundamentals,  risk management, discipline, and  develop your analytical skills.  Don't trade Real Money until you are consistently profitable with Paper Trading!!  Hope this helps!",0,0,https://www.youtube.com/watch?v=DZ08d8ORc_M,UgxXIOcnK93DM2WaD4J4AaABAg.AQpGy1Ywy3VAQrfm3Pag_S,youtube-data-api-v3/commentThreads.list,
2.75,risk_management|entry_timing|education_gap,youtube,"How about simply suck it in and take the first small loss (since position size is smaller) and then finding a better entry at a better price? Maybe then take a second small loss. And then a third sl hit. Still, this series of losses don't come close to the compounding losses as explained in this video. How about doing the reverse and adding onto positions once market proves you right?",0,0,https://www.youtube.com/watch?v=Cq9mF42y2UQ,UgyI7Tmco-RXAgLFlZN4AaABAg,youtube-data-api-v3/commentThreads.list,
2.75,strategy_rules|broker_platform|education_gap,youtube,"Hey Pat,

I’ve been following your work for a while now and am really impressed with your insights. However, I’m still trying to figure out what platform you use. Is it MT5? Also, do you have any video tutorials or guides that show how to achieve a similar setup to what you’re using?",0,0,https://www.youtube.com/watch?v=JL7HdUKRxfI,Ugyq3ZwNphTAC4GWaj54AaABAg,youtube-data-api-v3/commentThreads.list,
2.75,entry_timing|psychology|education_gap,youtube,"Hey Pat, I have been followed and watching your video series over a year passed. I am totally impressed by your tight trading rules and confluences plus entry with a confirmation has to be applied all times. Trade with discipline will help to generata a higher win ratio! How i wish to join your huge trading community to be a part of the big family ! Cheers and have a great times always, much love ~!",0,0,https://www.youtube.com/watch?v=sclIAK3x2dw,UgzcVGrwnTT3gTj6A594AaABAg,youtube-data-api-v3/commentThreads.list,
2.695,education_gap,youtube,"awesome teachings, been trading for 2 years and you are by far the best at explaining methods.",2,1,https://www.youtube.com/watch?v=_94CPMjWi9E,UgwJToC-uu7IYB_eXBd4AaABAg,youtube-data-api-v3/commentThreads.list,
2.695,education_gap,youtube,You explain forex in simple terms even a 5 year old would understand. Keep teaching us sir,2,1,https://www.youtube.com/watch?v=AIeBNqf8RBA,UgwRyWKGP4zgA5EUBQt4AaABAg,youtube-data-api-v3/commentThreads.list,
2.695,entry_timing,youtube,"Amazing video man, a lot of entertaining and important info.
Would love to see videos like this <3",2,1,https://www.youtube.com/watch?v=0xygpCMwxbQ,Ugx0Cl5Ucz9nnLDbMyh4AaABAg,youtube-data-api-v3/commentThreads.list,
2.695,strategy_rules,youtube,"I have been buying and selling for 4 years, it is the most successful indicator I have seen. ,

Thanks for the valuable information my friend.",2,1,https://www.youtube.com/watch?v=MPeeE55rNOw,Ugy0qhTKAUmIoQ8aLZV4AaABAg,youtube-data-api-v3/commentThreads.list,
2.695,strategy_rules,youtube,Never trade immediately on the OPEN = always start looking for trades starting at 9:45 am and beyond!  Here is a simple strategy to try out:  plot a 12 SMA and a 100 SMA on a 5-minute candle chart - when the candles are above the 12 SMA = GO LONG.  When the candles are below the 12 SMA = GO SHORT!,2,1,https://www.youtube.com/watch?v=g0BPjHd4OP8,UgyJMg3-gNCc1x9UENF4AaABAg,youtube-data-api-v3/commentThreads.list,
2.695,risk_management,youtube,"Investing is less difficult than trading.  If everyone invests in a good company that does very well, all shareholders win.  In trading with options for example or daytrading, someone has to be on the losing side of the trade.

I do both.  One of my sayings about the options market is that it will work to maximize the total misery among the participants.  In options, I am competing hopefully against people less bright than me.  Dunning Kruger is gonna slap participants in half the trades commensurate with the magnitude of the slap.",2,1,https://www.youtube.com/watch?v=3JoMwrrN89E,UgyK-TOI3gaN0O1oiz14AaABAg,youtube-data-api-v3/commentThreads.list,
2.695,strategy_rules,youtube,Great to hear your strategy....i am on SAME page. Peace.,2,1,https://www.youtube.com/watch?v=Cq9mF42y2UQ,UgyLQxil_GGy1YEv_2F4AaABAg,youtube-data-api-v3/commentThreads.list,
2.695,strategy_rules,youtube,"This is awesome, I have done some backtesting of this strategy and i like it.. thanks friend",2,1,https://www.youtube.com/watch?v=0xygpCMwxbQ,UgyWaGuJsu60y0DD1A14AaABAg,youtube-data-api-v3/commentThreads.list,
2.695,education_gap,youtube,"“Successful traders are boring traders.”
That’s what I’ve learned.",2,1,https://www.youtube.com/watch?v=g0BPjHd4OP8,UgyjGzxxBB8ibXft7494AaABAg,youtube-data-api-v3/commentThreads.list,
2.695,education_gap,youtube,This is probably the best video i've seen explaining Trading and Game Theory mindset in a healthy fashion. Thank YOU!!!,2,1,https://www.youtube.com/watch?v=JXHrTloZ-nE,Ugz4DPAaC3BP1OLtwvR4AaABAg,youtube-data-api-v3/commentThreads.list,
2.695,strategy_rules,youtube,Please make a video on support and resistance trading strategy for 30 minutes all in one with Full accuracy and time frame 1H and take trade with 5 minutes TIMES FRAME,2,1,https://www.youtube.com/watch?v=-QkFsIBmqSA,UgzGXGfVao68M1b3Qst4AaABAg,youtube-data-api-v3/commentThreads.list,
2.695,risk_management,youtube,I risk 1.7% or 1% out of a six figure account.  It is all about capital preservation.,2,1,https://www.youtube.com/watch?v=pORrgC7GjkM,Ugzup3TDahT5CfeDhCt4AaABAg,youtube-data-api-v3/commentThreads.list,
2.636,education_gap,youtube,"I agree 100%! Copy trading is an excellent bridge for beginners who are still learning the ropes. It gives you real-time exposure to smart strategies while automating your trades—huge time saver. For experienced traders, it’s a backup system that keeps your account running even when you’re away. And following someone like Vivienne Thompson, who shares both the “what” and the “why” behind trades, makes it even more valuable for growth.",3,0,https://www.youtube.com/watch?v=yaCM_cr5BXo,Ugw92VPK8c3Hxqx0sel4AaABAg.AJwfF42ejeuAJwgUfBfcbk,youtube-data-api-v3/commentThreads.list,
2.636,strategy_rules,youtube,"Oi James, about Supply and demand,in which timeframe its working better and which currency/>",3,0,https://www.youtube.com/watch?v=JD_sWSjIiJE,UgwA346nobi-BwbKEON4AaABAg,youtube-data-api-v3/commentThreads.list,
2.636,risk_management,youtube,"It's rare to find a mentor who prioritizes market psychology and risk management over the usual hype. 17 years of wisdom condensed into such clear, actionable advice is invaluable. Looking forward to learning more under your guidance. #TradeWithPat😍",3,0,https://www.youtube.com/watch?v=w8rfTNCer2A,UgwNGmLCebAnzod8And4AaABAg,youtube-data-api-v3/commentThreads.list,
2.636,entry_timing,youtube,"Learning entry patterns before mss and mmbm and mmsm is bassackwards.  

One of the biggest mistakes I made as a new trader is jumping into entry signals and patterns without a model for the market.",3,0,https://www.youtube.com/watch?v=_94CPMjWi9E,UgwTKFwLwNPfSYgqflB4AaABAg,youtube-data-api-v3/commentThreads.list,
2.636,education_gap,youtube,"It's almost impossible to compare him with adaptive trader. 
He created the model and know exactly what behind concept. 
Easy to explain mean sure understanding and satisfaction. 
Albert said.",3,0,https://www.youtube.com/watch?v=0xygpCMwxbQ,Ugwag093h-rXOAf4HmJ4AaABAg.9qM0gP5v4mJ9yWGSFkq0QJ,youtube-data-api-v3/commentThreads.list,
2.636,strategy_rules,youtube,Your strategy has revived my passion for learning trading after it all started to feel like over complicated gambling. Thank you ❤,3,0,https://www.youtube.com/watch?v=GKN-iVjJpyA,UgwhIo5aRPhOq-Fay1F4AaABAg,youtube-data-api-v3/commentThreads.list,
2.636,entry_timing,youtube,"Bro u are talking nicely, i like your accent 🤣 very nice to listen . Love your work, really thanks bro, i actually use this and i trade only supply and demand after taking liquidity i enter then on new formed supply in that higher time frame supply, iam swing trader i use monthly weekly daily 4 h , for entries 1 hour and some time agressively 15 min, but the market is really crazy these days, not easy for those who want to join now and they are new to this market for sure , be carefull trading now",3,0,https://www.youtube.com/watch?v=9nRFcetXqkA,Ugwp9gFcdyh_a6WPhbN4AaABAg,youtube-data-api-v3/commentThreads.list,
2.636,education_gap,youtube,@jeaFX what's your rules for identity valid pullback because on 20:53 that little indecision candle you make as new high i look at the own level as on leg to the downside.  Please can you make a video on valid pullback. Thanks,3,0,https://www.youtube.com/watch?v=9nRFcetXqkA,UgxLKGnDAw6JffZsUah4AaABAg,youtube-data-api-v3/commentThreads.list,
2.636,psychology,youtube,Hi Mr. Pat: 1. I am not always better than robots 2. Robots are better than me because they choose very carefully without recklessness or forgetting anything or not paying attention to anything because they are very accurate so that they trade without fear of loss or the feelings that I suffer from in trading,3,0,https://www.youtube.com/watch?v=TvWks6oJ-9U,UgxLhlf3NNXRZb3Vbwd4AaABAg,youtube-data-api-v3/commentThreads.list,
2.636,strategy_rules,youtube,Subbed. This is gold. True working strategy. You are really giving people the game right here. This is all you need if you practice it and can master it. Thank you for keeping it real.,3,0,https://www.youtube.com/watch?v=nkMzaQqpFbw,UgxV4kg6CbnnYGrF6G14AaABAg,youtube-data-api-v3/commentThreads.list,
2.636,education_gap,youtube,"@TTrades_edu That makes sense! I believe forward-testing in alignment with what you said would raise the probability dramatically. Even while backtesting, 40% success rate while holding other factors constant is great. Much appreciated!",3,0,https://www.youtube.com/watch?v=g3oDYq4P9ZE,UgxdS9pSydTG0dfc96B4AaABAg.9ssWSQtkwjp9tHxhqJXJU5,youtube-data-api-v3/commentThreads.list,
2.636,entry_timing,youtube,@sskhussainieven the ict shouldn’t be taunted here since it’s his efforts that made us all enter into a completely unique perspective of trading,3,0,https://www.youtube.com/watch?v=U8xH2dEgH5A,UgxmXtOhH3ZZEaL8iDx4AaABAg.9rWVhrzVVe-A2KNjjRefzN,youtube-data-api-v3/commentThreads.list,
2.636,education_gap,youtube,"probably the best video to understand Supply, Demand which was always confusing for me. this made me realize what  bad decisions i've made in my past trades. thanks a ton Fabio. keep up the good work. Bless you",3,0,https://www.youtube.com/watch?v=JhBX0TQ41H8,UgxoGyveAxEPKc7PbZl4AaABAg,youtube-data-api-v3/commentThreads.list,
2.636,strategy_rules,youtube,"I will have a setup like this one day, I will, I will!!!!",3,0,https://www.youtube.com/watch?v=96kZw9oR4QU,Ugy-2x6bLLjes_zFp354AaABAg,youtube-data-api-v3/commentThreads.list,
2.636,education_gap,youtube,"Pls Ma you should show some of this explanation on chart not just speaking, some persons done no this things in real chart.",3,0,https://www.youtube.com/watch?v=6-2WXJFyBhE,Ugy3y3qvoRXF-JepXI54AaABAg,youtube-data-api-v3/commentThreads.list,
2.636,education_gap,youtube,YOU TALK ABOUT TRADING SHOW US A VIDEO OF YOU MAKING REAL LIVE TRADES AND STOP ALL THE TALK. SHOW US YOUR WINS AND LOSES SHOW US STATEMENTS FOR THE PAST 10 YEARS SINCE YOU CLAIM YOU'VE BEEN TRADING FOR OVER 35 YEARS. PROVE IT!!,3,0,https://www.youtube.com/watch?v=Cq9mF42y2UQ,Ugy4luMnbgeWQXWQeId4AaABAg.APAWo9E05HJAPJ3aTRYfjF,youtube-data-api-v3/commentThreads.list,
2.636,education_gap,youtube,"it changed how I think about the market. Free or paid, this is the most value-packed trading channel out there. VIP or not, I’m not going anywhere. 🙌",3,0,https://www.youtube.com/watch?v=sclIAK3x2dw,Ugy5tlDwc18oPOYglFB4AaABAg.AUPyk5dWFZqAUPzuiT3Qi_,youtube-data-api-v3/commentThreads.list,
2.636,strategy_rules,youtube,I don’t have that time. I want to learn a simple strategy  and start smart with a small account,3,0,https://www.youtube.com/watch?v=cIv3bcPylr4,UgyNE911P14Ihu4g8UJ4AaABAg,youtube-data-api-v3/commentThreads.list,
2.636,education_gap,youtube,Liquidity and structure 🔥🔥 This is what separates retail traders from smart money thinkers.,3,0,https://www.youtube.com/watch?v=JhBX0TQ41H8,UgySo05MricflKKOIr94AaABAg,youtube-data-api-v3/commentThreads.list,
2.636,risk_management,youtube,"Robots are the answer to Warren Buffett:

""If you don't find a way to make money while you sleep, you're going to work until you die.""",3,0,https://www.youtube.com/watch?v=TvWks6oJ-9U,UgydbRbhqQuPZNSeSFh4AaABAg,youtube-data-api-v3/commentThreads.list,
2.636,strategy_rules,youtube,I was wondering if you maybe could make a video about Cameron's strategy combined with the killzones. Keep up the good work,1,3,https://www.youtube.com/watch?v=MPeeE55rNOw,UgyyxN2R-tyVJUOrrKh4AaABAg,youtube-data-api-v3/commentThreads.list,
2.636,strategy_rules,youtube,"The headlines change every day, but my strategy doesn’t. With around $970k invested, I stuck to my CFP’s plan and my portfolio is up roughly 34%.",3,0,https://www.youtube.com/watch?v=3JoMwrrN89E,UgyzWvues6sMpL0r0KN4AaABAg.AYZ7jt94dfnAZ6ymH7D2Vx,youtube-data-api-v3/commentThreads.list,
2.636,psychology,youtube,"Hello Pat,
  I think that one way that I would be better than the Bot is that I am able to avoid trading news releases and announcements, which may reduce potential losses. Price action is really difficult for me to predict around these events.
  The biggest way that the Bot would be better than me is that it takes lack of discipline and emotion out of trading. Which would be huge for me. 
 Great video Pat.
Thank you,
Bob",3,0,https://www.youtube.com/watch?v=TvWks6oJ-9U,Ugz76EuWqqw8f-WDZCF4AaABAg.AF-xdUYNdiVAF09NFJaDf3,youtube-data-api-v3/commentThreads.list,
2.636,strategy_rules,youtube,Nice indicator 👍,3,0,https://www.youtube.com/watch?v=U8xH2dEgH5A,UgzF4dK211pRHw0lFyl4AaABAg,youtube-data-api-v3/commentThreads.list,
2.636,strategy_rules,youtube,Great video. Anchoring vwap to the previous day close and the current days first 15min candle makes the whole day easy to read. Add a session vwap plus the prev day high and lows and volume profile context is all you need. Maybe a volume indicator and your good. Happy trading,1,3,https://www.youtube.com/watch?v=T06ayy3-zs8,UgzHPANxnY4F-GJRUQp4AaABAg,youtube-data-api-v3/commentThreads.list,
2.636,strategy_rules,youtube,Must admin that this was the best video I have found over youtube about liquidity strategy. Cheers mate!,3,0,https://www.youtube.com/watch?v=JhBX0TQ41H8,UgzjN63enXAW_u1GSAR4AaABAg,youtube-data-api-v3/commentThreads.list,
2.636,education_gap,youtube,Backtest What Time Frame and Also On Which Pair U Tested,3,0,https://www.youtube.com/watch?v=nkMzaQqpFbw,Ugzm78GrcXeEpfCYaEl4AaABAg.AS3j_KPzimMASdnU0Khm9N,youtube-data-api-v3/commentThreads.list,
2.636,risk_management,youtube,would have liked to see the bot without you increasing the risk for the month.,3,0,https://www.youtube.com/watch?v=hSldTDpCfcc,UgztjH0sBk3R8bLCwjd4AaABAg,youtube-data-api-v3/commentThreads.list,
2.599,risk_management|strategy_rules,youtube,"Over the next 3 months, I want to become consistent enough to pass and maintain a prop firm account. I’ll focus on improving my risk management, mastering my confluence strategy, and developing emotional control so that trading becomes a long-term, stable skill — not just luck.❤",2,0,https://www.youtube.com/watch?v=nkMzaQqpFbw,UgwkBJKC19VmECvfKr14AaABAg,youtube-data-api-v3/commentThreads.list,
2.599,strategy_rules|education_gap,youtube,Love your explanation and can visualize it in the head since I've been trading from 2020 however for a new learner it might be tough to understand the setups without visualization,2,0,https://www.youtube.com/watch?v=DZ08d8ORc_M,UgzFX8eDL0conbaGyK94AaABAg,youtube-data-api-v3/commentThreads.list,
2.599,entry_timing|education_gap,youtube,"Thoroughly enjoyed it......sir , could you kindly make some more similar videos . Especially sir once direction is known , it's always the supply zones that confuse , and re- entry points ( coz we fail to understand whether the pullback is done and we should enter , or there's still more to it). Sir please explain more of this as well. Thankyou . This was enlightening. ❤❤❤",2,0,https://www.youtube.com/watch?v=JD_sWSjIiJE,UgzFqu119FGv2z0AQXx4AaABAg,youtube-data-api-v3/commentThreads.list,
2.599,risk_management|education_gap,youtube,automation looks powerful but understanding how the robot actually manages risk is the real key.,2,0,https://www.youtube.com/watch?v=TvWks6oJ-9U,UgzGGEOUDLjeVeMX6Ud4AaABAg,youtube-data-api-v3/commentThreads.list,
2.599,risk_management|education_gap,youtube,"@JamieBaite 😂🤣😅
It is just the use of words, take it at your own risk.

My second to none could mean something completely different from what you understand or mean.",2,0,https://www.youtube.com/watch?v=91-eWDvL-No,Ugzm25VO9nizRc0q6mV4AaABAg.A8UpshcsOpxA8X7Q9hQ7ky,youtube-data-api-v3/commentThreads.list,
2.597,other_question_or_pain,youtube,Very helpful thank you TTrades for dropping gold,0,1,https://www.youtube.com/watch?v=DMUiDBnTYc8,Ugw2TUpLz9Gsqut1PyF4AaABAg,youtube-data-api-v3/commentThreads.list,
2.597,other_question_or_pain,youtube,"Bro you help me alot, teach me aolt Thankyou man Apreciated❤",0,1,https://www.youtube.com/watch?v=uDJI2AbyyCs,UgwCfTek0vV6NX8B87d4AaABAg,youtube-data-api-v3/commentThreads.list,
2.597,strategy_rules,youtube,"love the info, definitely helped me minimize the amount of indicators i have in use .appreciate ya !",0,1,https://www.youtube.com/watch?v=MPeeE55rNOw,UgwENkqZpNot5al0zst4AaABAg,youtube-data-api-v3/commentThreads.list,
2.597,other_question_or_pain,youtube,"Great video as usual,   do you only take OTE trades in the Kill Zones ?  Thanks",0,1,https://www.youtube.com/watch?v=1YRs4Z1lMws,UgwETkwkfBFeSfF8d4N4AaABAg,youtube-data-api-v3/commentThreads.list,
2.597,other_question_or_pain,youtube,"BEST SMT VIDEO EVER LOVED IT!
CAN WE BACKTEST 2 PAIRS AT THE SAME TIME ON FX REPLAY FOR SMT?
❤",0,1,https://www.youtube.com/watch?v=q1NmxUTm4n4,UgwFmBMXqrJPWvkqwWp4AaABAg,youtube-data-api-v3/commentThreads.list,
2.597,other_question_or_pain,youtube,"Thanks for your videos - really excellent material. Can I ask, when considering PDH/L - sometimes they appear to have been taken when viewing the daily candles but then looking intraday they don't look like theyve been taken (due to using NY time). Do you go by the daily candle, or the new york midnight-midnight for daily highs and lows? (thanks again)!.",0,1,https://www.youtube.com/watch?v=YESqIoA7Wyg,UgwLuQMYvMPn4REyMqF4AaABAg,youtube-data-api-v3/commentThreads.list,
2.597,education_gap,youtube,"I am litte bit confused with EMA, because on 1 H time frame its shows me that we are in downtrend but in 5 min TF is uptrend.😐",0,1,https://www.youtube.com/watch?v=-QkFsIBmqSA,UgwY7Ym7yB9tupTZCb54AaABAg,youtube-data-api-v3/commentThreads.list,
2.597,education_gap,youtube,Great! Thanks for Sharing! Could you please explain the difference between Draw on liquidity and Frame Reversal?,0,1,https://www.youtube.com/watch?v=YESqIoA7Wyg,UgwhZ7AXv3IphQIwPvF4AaABAg,youtube-data-api-v3/commentThreads.list,
2.597,other_question_or_pain,youtube,"Looking at the thumbnails has. Begin to teach me new things, can't wait either, I have learnt a lot for him, thanks TTrader",0,1,https://www.youtube.com/watch?v=1YRs4Z1lMws,UgwxinIlWob2Yqkt3GN4AaABAg,youtube-data-api-v3/commentThreads.list,
2.597,other_question_or_pain,youtube,"The repetition really helped me out a lot, very good explanation 👏🏾👏🏾",0,1,https://www.youtube.com/watch?v=U8xH2dEgH5A,Ugx3O9VAinJoYC68hkd4AaABAg,youtube-data-api-v3/commentThreads.list,
2.597,education_gap,youtube,"wow nice video, worth to watch,, hey sir i have a question what should i look for smt in gold,gbpusd?(forex)",0,1,https://www.youtube.com/watch?v=q1NmxUTm4n4,Ugx3c7alzCSOuWkO4o14AaABAg,youtube-data-api-v3/commentThreads.list,
2.597,education_gap,youtube,can you make a video about daily swing highs and lows? and how to use them?? thank ou ttrades,0,1,https://www.youtube.com/watch?v=YESqIoA7Wyg,Ugx7-tD9LytWdqoHvuR4AaABAg,youtube-data-api-v3/commentThreads.list,
2.597,other_question_or_pain,youtube,i have a question and hoping ill get a nice answer... Is 75hz monitor good for trading?,0,1,https://www.youtube.com/watch?v=96kZw9oR4QU,UgxBBnGZo08v9QY_ISF4AaABAg,youtube-data-api-v3/commentThreads.list,
2.597,other_question_or_pain,youtube,Do you trade the breakouts?,0,1,https://www.youtube.com/watch?v=g0BPjHd4OP8,UgxP-t3n_PV5zD3Y2IZ4AaABAg,youtube-data-api-v3/commentThreads.list,
2.597,broker_platform,youtube,Hi pat does this have to be run on a vps or is normal mt5 ok?,0,1,https://www.youtube.com/watch?v=hSldTDpCfcc,UgxUVI2PqCWVDnNGOjd4AaABAg,youtube-data-api-v3/commentThreads.list,
2.597,other_question_or_pain,youtube,"I discovered your twitter account a few days ago and I saw that you also had a youtube channel with an educational playlist, I have been in this wonderful world for less than a month and I know that I still have a lot to learn but I am clear that with your content I will be a step closer to achieving it, as a beginner I really appreciate your effort and help! 🤝🤝🤝",0,1,https://www.youtube.com/watch?v=0xygpCMwxbQ,UgxYqu2ICTG75RH2HyZ4AaABAg,youtube-data-api-v3/commentThreads.list,
2.597,other_question_or_pain,youtube,"Hey pat, which VPS do you use so your bot can trade 24/7?",0,1,https://www.youtube.com/watch?v=hSldTDpCfcc,UgxZeqcf5BXPeAGHCsh4AaABAg,youtube-data-api-v3/commentThreads.list,
2.597,other_question_or_pain,youtube,Are you including wicks in your ORBs or just the settled open and close of the first 30 minute candle?,0,1,https://www.youtube.com/watch?v=T06ayy3-zs8,UgxcnVvEVhFaH5WEZ394AaABAg,youtube-data-api-v3/commentThreads.list,
2.597,other_question_or_pain,youtube,Hello Do u have a video for GOLD SMT DIVERGENCE?,0,1,https://www.youtube.com/watch?v=q1NmxUTm4n4,Ugxe5kcfG4B39lSvm5B4AaABAg,youtube-data-api-v3/commentThreads.list,
2.597,other_question_or_pain,youtube,Can  we try this for intraday trading also?,0,1,https://www.youtube.com/watch?v=Cq9mF42y2UQ,UgxwgiMNTBUjigVbu6F4AaABAg,youtube-data-api-v3/commentThreads.list,
2.597,education_gap,youtube,"Is this trading view for back test? 
I’m just wondering how you have both charts running at the same time with replay. Great video man",0,1,https://www.youtube.com/watch?v=q1NmxUTm4n4,UgxzogVdwNdPqVOCp8x4AaABAg,youtube-data-api-v3/commentThreads.list,
2.597,other_question_or_pain,youtube,This dude is the man! Thanks for helping out retail trader's.,0,1,https://www.youtube.com/watch?v=0xygpCMwxbQ,Ugy9x-QNqcaXlHLEO514AaABAg,youtube-data-api-v3/commentThreads.list,
2.597,other_question_or_pain,youtube,"Thank you for this concise video on liquidity, it’ll definitely help me out in future trades!",0,1,https://www.youtube.com/watch?v=U8xH2dEgH5A,UgyGcYrlBhB2bxJvJe94AaABAg,youtube-data-api-v3/commentThreads.list,
2.597,strategy_rules,youtube,"Awesome video thanks! 
do you only consider SMT on a 15min timeframe? 
For example if SMT was occurring between highs on a 5 min chart would you consider that relevant?",0,1,https://www.youtube.com/watch?v=q1NmxUTm4n4,UgyOhmI3iGHwe1WAdEN4AaABAg,youtube-data-api-v3/commentThreads.list,
2.597,other_question_or_pain,youtube,"Pat the man understands the beginners struggles and make help to them 


Thanks a lot man...",0,1,https://www.youtube.com/watch?v=sclIAK3x2dw,UgygOpkItKzpy63hifl4AaABAg,youtube-data-api-v3/commentThreads.list,
2.597,education_gap,youtube,Whats the minimum you would recommend for someone to start with forex trading? Also thanks for the video,0,1,https://www.youtube.com/watch?v=w8rfTNCer2A,UgyiCAWD1fZWd-gyNlR4AaABAg,youtube-data-api-v3/commentThreads.list,
2.597,other_question_or_pain,youtube,hey man I want to start trading with a bot as well too but do I really have to start off with $3K ? Can I start with like $100 first ?,0,1,https://www.youtube.com/watch?v=hSldTDpCfcc,UgywYBEQFvrl8ProbKV4AaABAg,youtube-data-api-v3/commentThreads.list,
2.597,other_question_or_pain,youtube,"I downloaded your PDF, i know it will help me a lot espcially with the BIAS. Thanks man for the efforts you put into your videos. Definately gona be going through all of them",0,1,https://www.youtube.com/watch?v=CHIK5oBRKiw,UgyyJJlUlA5izhsuutd4AaABAg,youtube-data-api-v3/commentThreads.list,
2.597,other_question_or_pain,youtube,Thank for this I love trading the IFVG you just helped me out with this video . Amazing job again .,0,1,https://www.youtube.com/watch?v=uDJI2AbyyCs,Ugz8ZazhoFlYEKQgLFN4AaABAg,youtube-data-api-v3/commentThreads.list,
2.597,other_question_or_pain,youtube,"Another great video.
Thanks for your help and great effort Sir.
Is it possible to have a full video for top down analysis for intraday trading putting all ICT concepts together into work.
🙏 Thanks 🙏",0,1,https://www.youtube.com/watch?v=q1NmxUTm4n4,UgzevNo7dRTivahf3714AaABAg,youtube-data-api-v3/commentThreads.list,
2.597,other_question_or_pain,youtube,does an old computer and an old monitor affects  a trader? coz Im still using an old computer and monitor? will that affect the execution?,0,1,https://www.youtube.com/watch?v=96kZw9oR4QU,UgzoLb-uYxsKpZyaFkN4AaABAg,youtube-data-api-v3/commentThreads.list,
2.597,strategy_rules,youtube,Very helpfull indicator!,0,1,https://www.youtube.com/watch?v=U8xH2dEgH5A,Ugzt4VslT471swqyE094AaABAg,youtube-data-api-v3/commentThreads.list,
2.54,psychology|education_gap,youtube,"Because people see stockmarkets as casino's and are never educated on it. Less than a year ago, that was me also. I started last Aug '25 with $50K, and I have now (at a peek) $127K in only 10 months (40+%) time. I watch channels with weight, e.g. Howard Marks, Ed Yardeni, Goldmann Sachs, and ignore all no-name fear mongers.",1,1,https://www.youtube.com/watch?v=3JoMwrrN89E,Ugw3vZe5WuWVuttUBpl4AaABAg,youtube-data-api-v3/commentThreads.list,
2.54,entry_timing|education_gap,youtube,"See even tho you're teaching ICT's content i like your videos SO much better! 90% of his videos are him just talking about how good he is and how bad other traders are or teaching some emotional lesson, but you get right to the actual relevant content and reasons for entry! THANK YOU.",1,1,https://www.youtube.com/watch?v=0xygpCMwxbQ,Ugw7pMCTkXxi-86fbLN4AaABAg,youtube-data-api-v3/commentThreads.list,
2.54,risk_management|strategy_rules,youtube,"Although I understand the point of the video I think It´s important that all traders understand that win rate has nothing to do with being profitable. Some of the best traders in USIC have 20% and 30% accuracy/winrate because they approach evey trade risk first. And also is good to master a setup but the market doesnt pay the same setup in all environments. In a good environment breakouts might be an excellente setup , While in choppy market pullbacks to MA´s might be better or in bear market short sales setups might work better. It´s good to not be all over the place but be careful not to over simplify too much",1,1,https://www.youtube.com/watch?v=cQzisFQRg3c,Ugyfxo0qZEVvMB_zfH54AaABAg,youtube-data-api-v3/commentThreads.list,
2.54,strategy_rules|education_gap,youtube,You did a a whole 20 min video and did not show any examples. I need to see the setups not just talking,1,1,https://www.youtube.com/watch?v=6-2WXJFyBhE,UgzclWvYNVwqIZ-cHsN4AaABAg,youtube-data-api-v3/commentThreads.list,
2.5,broker_platform|education_gap,youtube,"I have a question: how much fees does u pay per trade? Is it a fixed one? And how much leverage do u use? Which broker ? I want ti implement a trading bot for forex from tradingview , which broker are u using? Thank you",0,0,https://www.youtube.com/watch?v=hSldTDpCfcc,Ugw0tTS9o8FbMmK-s3N4AaABAg,youtube-data-api-v3/commentThreads.list,
2.5,risk_management|education_gap,youtube,"Thanks for sharing your situation—congrats on the sale! Starting with CA$25k–$50k is a strong beginning. The time it takes to reach a 7-figure portfolio depends on a few key factors: your risk tolerance, consistency in returns, the strategies you follow, and how much you add over time. With smart, compounding growth, even a modest starting point can build serious wealth. It’s highly recommended to work with an experienced advisor or trader—someone like Mrs. Vivienne Morgan, who can help you avoid costly mistakes and guide your capital with precision.",0,0,https://www.youtube.com/watch?v=yaCM_cr5BXo,Ugw92VPK8c3Hxqx0sel4AaABAg.AJwfF42ejeuAJwfN6Q7rEl,youtube-data-api-v3/commentThreads.list,
2.5,strategy_rules|psychology,youtube,Do you use the same plan for markets that are moving up as you do for markets that are stuck? I feel like most beginners focus too much on finding the “perfect” strategy and not enough on having the discipline to stick with it. Having a mentor like him definitely cuts down on the guesswork. He sounds like a huge part of your success!,0,0,https://www.youtube.com/watch?v=v97Efp_UDC0,Ugw9IX_7KbIw2KWzxPh4AaABAg.A_muRNj4bpDA_mudSOn9T7,youtube-data-api-v3/commentThreads.list,
2.5,strategy_rules|education_gap,youtube,I’ve been following the strategy from Chris James Cooks. ❤ His patience and the way he reads the charts is what actually helped me stay consistent.,0,0,https://www.youtube.com/watch?v=v97Efp_UDC0,UgwDVmNWlWV-913pjTh4AaABAg.AWpVXQcvi0ZAWpXXekRbJo,youtube-data-api-v3/commentThreads.list,
2.5,risk_management|education_gap,youtube,honestly that risk control part is exactly where I’m failing. I’m tired of losing money. How did you actually get in touch with him to see that structure?,0,0,https://www.youtube.com/watch?v=T06ayy3-zs8,UgwDmyijrJc9wlihw814AaABAg.AaZxMxA3SFFAaZxofU63aQ,youtube-data-api-v3/commentThreads.list,
2.5,strategy_rules|education_gap,youtube,Newby Question...Can you explain why the 3 timeframes? Which one is better?,0,0,https://www.youtube.com/watch?v=JL7HdUKRxfI,UgwEabTqKfd_xKF_U-l4AaABAg,youtube-data-api-v3/commentThreads.list,
2.5,strategy_rules|education_gap,youtube,"Hmmmm when do you recognize your catching a falling knife. If the answer is when the trend breaks, why not buy at that level or buy at a break and retest level? This strategy seems like the person is buying in dead air",0,0,https://www.youtube.com/watch?v=Cq9mF42y2UQ,UgwLjzuiySTLBpY8Iht4AaABAg,youtube-data-api-v3/commentThreads.list,
2.5,risk_management|education_gap,youtube,"​@qwertyhi5107if you are curious i can tell he might be in loss thats how this thing is and its not the statergy fault or market problem its the emotions where we slightly shift our behaviour and blame on 

If you wanna to be relay profitable and looking for long therm there is no shortcut or any statergy going to work its only you and your knowledge understandings and experience all along analysing reading realtime market and takeing decesion base on it and the results or profit are the way markets reply 😅",0,0,https://www.youtube.com/watch?v=990oOC-bHxA,UgwMO1aCMLnNXwoUTuh4AaABAg.AJ6AW8SbklAAUkCAuS7nzJ,youtube-data-api-v3/commentThreads.list,
2.5,entry_timing|education_gap,youtube,"What time frame is it best to draw the fib on, to enter trades in 1m-5m??",0,0,https://www.youtube.com/watch?v=1YRs4Z1lMws,UgwQe5QXGemksdJj65h4AaABAg,youtube-data-api-v3/commentThreads.list,
2.5,strategy_rules|education_gap,youtube,"Thank you 🎉...  How can you manage so much knowledge
Wich is your favorite  strategy?",0,0,https://www.youtube.com/watch?v=sclIAK3x2dw,UgwR9v43Gsf4bqBmPr94AaABAg,youtube-data-api-v3/commentThreads.list,
2.5,strategy_rules|psychology,youtube,"Don’t quit on yourself yet. One year of screen time + 3 courses means you’ve built discipline that 95% of people quit before getting. The problem usually isn’t you, it’s the retail logic that blows accounts by design. The moment I switched from textbook setups to reading real market structure, my results flipped. You’re literally one mindset shift away from this clicking, I promise you.",0,0,https://www.youtube.com/watch?v=JD_sWSjIiJE,UgwXXOSr91Dv0VWSXyd4AaABAg.AYWqzvyPfUtAYWr5Ks_3qo,youtube-data-api-v3/commentThreads.list,
2.5,strategy_rules|education_gap,youtube,"@StephenGallman That sounds professional. How can I get his info? I’ll give it one last try if the logic is real. Tired of indicators. If he teaches why price moves, I need that.",0,0,https://www.youtube.com/watch?v=JD_sWSjIiJE,UgwXXOSr91Dv0VWSXyd4AaABAg.AYWqzvyPfUtAYWrOfHLs0f,youtube-data-api-v3/commentThreads.list,
2.5,entry_timing|education_gap,youtube,3rd day on demo app today success rate is 80/20 today. The other 2 days less use more trying to get an understanding of candle and wick sighting and timing - helped from this tutorial 👍,0,0,https://www.youtube.com/watch?v=990oOC-bHxA,UgwfCVLu71o193CrFKp4AaABAg.AHag8D4tFBSAHdo8eGUbYn,youtube-data-api-v3/commentThreads.list,
2.5,strategy_rules|education_gap,youtube,@ragheehorner Do you use that strategy with 0 DTE options? That's primarily what I trade so my patience is limited if a trade moves against me. I exit fast.,0,0,https://www.youtube.com/watch?v=Cq9mF42y2UQ,Ugwgc0zjBKwov-Xg5ol4AaABAg.APJ5_6xTIv_APK76BJiYfi,youtube-data-api-v3/commentThreads.list,
2.5,strategy_rules|education_gap,youtube,How do yall’ set your alerts for this strategy?,0,0,https://www.youtube.com/watch?v=JL7HdUKRxfI,Ugwxs-LQOAW7hTvNUzF4AaABAg,youtube-data-api-v3/commentThreads.list,
2.5,strategy_rules|education_gap,youtube,"Hello Madam
You keep talking. Rather showing any examples in the system. It will help people to understand what you are saying and people will trust your strategy",0,0,https://www.youtube.com/watch?v=pORrgC7GjkM,Ugx9kASPZTKWvLwuWdh4AaABAg,youtube-data-api-v3/commentThreads.list,
2.5,strategy_rules|education_gap,youtube,"Heey  Pat! The strategy is amazing! But i had one question, how big do you draw your boxes in the support and resistance zones? Thank you!",0,0,https://www.youtube.com/watch?v=-QkFsIBmqSA,UgxD7w6FSxQRFoa5YKp4AaABAg,youtube-data-api-v3/commentThreads.list,
2.5,risk_management|education_gap,youtube,So what was the optimal risk setting?,0,0,https://www.youtube.com/watch?v=hSldTDpCfcc,UgxO3eTg_8gTVkhqbet4AaABAg,youtube-data-api-v3/commentThreads.list,
2.5,strategy_rules|education_gap,youtube,"Cool setup, but why not just use 2 large TVs and split each into quad?",0,0,https://www.youtube.com/watch?v=96kZw9oR4QU,UgxREEHONbke5FHHWj54AaABAg,youtube-data-api-v3/commentThreads.list,
2.5,strategy_rules|education_gap,youtube,What will you do when NASDAQ and Nyse go to 24 hour trading? I'm worried because my strategy depends on trading near market open... Worried how this will impact things,0,0,https://www.youtube.com/watch?v=R9yZSDpdCGE,UgxSgp6iGkD-1i0rMgN4AaABAg,youtube-data-api-v3/commentThreads.list,
2.5,strategy_rules|education_gap,youtube,"Where the strategy here? it is a mindset you are talking about, not a strategy. it's like saying ""make smart investment"" without saying how.",0,0,https://www.youtube.com/watch?v=g0BPjHd4OP8,UgxVwSyNNd1rdM2tk_N4AaABAg,youtube-data-api-v3/commentThreads.list,
2.5,strategy_rules|education_gap,youtube,why all your vids for the past 16years have all indicators then? u just getting it then now ?,0,0,https://www.youtube.com/watch?v=cQzisFQRg3c,UgxZBk9YErNnSLQmiV94AaABAg,youtube-data-api-v3/commentThreads.list,
2.5,risk_management|education_gap,youtube,@JeaFxForex trading...can I have a class that actually show how to set stop loss?,0,0,https://www.youtube.com/watch?v=AIeBNqf8RBA,UgxaaIjyoBu8U2Amwb94AaABAg.A7CyarbExG6AH6O8g6tII3,youtube-data-api-v3/commentThreads.list,
2.5,strategy_rules|education_gap,youtube,What is the cost of your whole setup ?,0,0,https://www.youtube.com/watch?v=96kZw9oR4QU,Ugxf67pA7Cf7EizM8kJ4AaABAg,youtube-data-api-v3/commentThreads.list,
2.5,strategy_rules|psychology,youtube,I am a NLP Self Hypnosis Coach and I help Traders eliminate fear and greed from their mindset so that you can just focus on your trading strategy.,0,0,https://www.youtube.com/watch?v=w8rfTNCer2A,UgxfW5oeiGh42a1gPvh4AaABAg,youtube-data-api-v3/commentThreads.list,
2.5,strategy_rules|education_gap,youtube,"Raghee, I'm trying to implement this strategy while keeping it as simple as possible AND including what's important.  So, trying to decide what levels to include.  There is:  today's open, first x number of minute high/low, overnight high/low, yesterday's high/low/close. And VWAP!  That's nine lines--not simple.  Which of these do you consider the most important?",0,0,https://www.youtube.com/watch?v=g0BPjHd4OP8,Ugxg7TxBLLCcJ_UpMFV4AaABAg,youtube-data-api-v3/commentThreads.list,
2.5,strategy_rules|education_gap,youtube,What is indicator name???,0,0,https://www.youtube.com/watch?v=U8xH2dEgH5A,UgxiKNBkzvz2H-3v0Fd4AaABAg.9rdRY6qDfjPA5mxFRtm5SE,youtube-data-api-v3/commentThreads.list,
2.5,risk_management|entry_timing,youtube,"Was stuck in that same loop until I found Mario. Only mentor I’ve seen teaching 1-min scalping with actual structure. Exact entry timing, stop placement, risk control. No guessing. No hype. Just real logic while candles print. Tired of getting smoked? Check him out. Changed everything for me.",0,0,https://www.youtube.com/watch?v=T06ayy3-zs8,Ugxo_MBC_A7Wq14Ppol4AaABAg.AbBbV-cvcEKAbBboTQ2Z7Y,youtube-data-api-v3/commentThreads.list,
2.5,strategy_rules|education_gap,youtube,I’ve been following the strategy from CHRIS JAMES COOK. ❤ His patience and the way he reads the charts is what actually helped me stay consistent.,0,0,https://www.youtube.com/watch?v=JXHrTloZ-nE,UgxydwU0k83WFWBuiPt4AaABAg.AaTSjuHMQPXAaTTGDp728V,youtube-data-api-v3/commentThreads.list,
2.5,risk_management|education_gap,youtube,"ask:

“What is your average loss, average win, and maximum drawdown over the last 12 months?”",0,0,https://www.youtube.com/watch?v=Cq9mF42y2UQ,Ugy0c20F_XWUHlPo9p54AaABAg,youtube-data-api-v3/commentThreads.list,
2.5,strategy_rules|education_gap,youtube,I’ve been following the strategy from Joseph Hogue. ❤ His patience and the way he reads the charts is what actually helped me stay consistent.,0,0,https://www.youtube.com/watch?v=6-2WXJFyBhE,UgyBD34c1LEOhnu1RZh4AaABAg.A_T9Q1-2-gMA_T9y7nhIK7,youtube-data-api-v3/commentThreads.list,
2.5,strategy_rules|education_gap,youtube,I’m brand new to this is great but how do I scan for these setups?? Love the video,0,0,https://www.youtube.com/watch?v=JL7HdUKRxfI,UgyFjwWWH6wZPwtJail4AaABAg,youtube-data-api-v3/commentThreads.list,
2.5,broker_platform|education_gap,youtube,"Hello...mam big fan here ..✌️
What are your top 3 suggested brokers 
And prop firms...?",0,0,https://www.youtube.com/watch?v=cIv3bcPylr4,UgyGuCPy_HnzAOw_Tyl4AaABAg,youtube-data-api-v3/commentThreads.list,
2.5,entry_timing|education_gap,youtube,"I use the same system and working for me. A price gap move above the Box or resistance line, wait for a re-test before entering a position. Checking VProfile will help your decision on what to do next. If and when re-test fails, probability of down move to the previous day's low is higher.",0,0,https://www.youtube.com/watch?v=v97Efp_UDC0,UgyIWQCwawRobVmhZSl4AaABAg.ATepQWIf_dxAWdlLG6VXxt,youtube-data-api-v3/commentThreads.list,
2.5,psychology|education_gap,youtube,"The is the truth. I've been making so many emotional mistakes lately.
How did you finally get to a point where you stayed disciplined?",0,0,https://www.youtube.com/watch?v=JXHrTloZ-nE,UgyJKgx9AH1eugB-LOh4AaABAg.AaTR3lkA8YpAaTRG6U4Rg2,youtube-data-api-v3/commentThreads.list,
2.5,strategy_rules|education_gap,youtube,I've been following the strategy from  Elizabeth Lopez . ❤️ Her petience and the way she reads the charts is what actually helped,0,0,https://www.youtube.com/watch?v=JXHrTloZ-nE,UgyJKgx9AH1eugB-LOh4AaABAg.AaTR3lkA8YpAaTS5WjVGhx,youtube-data-api-v3/commentThreads.list,
2.5,risk_management|strategy_rules,youtube,People talk about marking different levels because different traders have different strategies and different time frames that they trade as well as different instruments. The truth is they all work if you have a statistically validated process based on them. I've used both the levels you mentioned in my own setups. The problem is usually getting a level to mark without also knowing the system used to trade that level (or the risk tolerance of the trader doing it). Contextual structure is a great question and whole other thing.. I'll leave that to RH to answer (hope she does),0,0,https://www.youtube.com/watch?v=3JoMwrrN89E,UgyaAThM9QQGnoKJINR4AaABAg.AYF4P98CEGEAYFzcKRLvsc,youtube-data-api-v3/commentThreads.list,
2.5,strategy_rules|education_gap,youtube,If its so then what you need all those indicators behind of you? I don't use indicators and the most time i make wins. its not so easy as you say.,0,0,https://www.youtube.com/watch?v=Cq9mF42y2UQ,Ugyas3wH9IlxSK6Ieth4AaABAg,youtube-data-api-v3/commentThreads.list,
2.5,strategy_rules|education_gap,youtube,youve got a sub... hello from the Philippines.. what are your recommendations for assets to trade.. what i meant is that one asset per category in forex futures indices and metals.. for this strategy.. or perhaps if you are to trade one asset only for a lifetime which asset you will use to trade with this strategy?,0,0,https://www.youtube.com/watch?v=R9yZSDpdCGE,Ugyh-JMsHPpgBnyFtyN4AaABAg,youtube-data-api-v3/commentThreads.list,
2.5,strategy_rules|psychology,youtube,"It sounds repetitive because people constantly try to fix a psychological problem with a technical solution. You can have a strategy with a verified 60% win rate, but if you panic and cut your wins early or expand your stops out of fear, the system fails because of execution, not the math. A bad strategy will break your account, but bad discipline will break any strategy.",0,0,https://www.youtube.com/watch?v=3JoMwrrN89E,UgyiCKGB30S1DajNFz94AaABAg.AYY5Rz_UipiAY_mRxL6ZUo,youtube-data-api-v3/commentThreads.list,
2.5,psychology|education_gap,youtube,This is the truth. I’ve been making so many emotional mistakes lately. How did you finally get to a point where you stayed disciplined?,0,0,https://www.youtube.com/watch?v=6-2WXJFyBhE,Ugyl5BQ_gqTBQ_mx_Xx4AaABAg.AY7wxa_-2uDAY7x94BcouX,youtube-data-api-v3/commentThreads.list,
2.5,strategy_rules|education_gap,youtube,How wide is your total setup?,0,0,https://www.youtube.com/watch?v=96kZw9oR4QU,UgysMF-4b9yyvJLQ8_54AaABAg,youtube-data-api-v3/commentThreads.list,
2.5,strategy_rules|education_gap,youtube,Thank you so much for sharing your insights! The strategy helps to understand how the market behaves. Thanks again!,0,0,https://www.youtube.com/watch?v=nkMzaQqpFbw,UgywU3Tr3kFSY3hX_lR4AaABAg,youtube-data-api-v3/commentThreads.list,
2.5,broker_platform|education_gap,youtube,Hey what settings did you tweak in MT4?,0,0,https://www.youtube.com/watch?v=hSldTDpCfcc,Ugyy8waqV-QjoVCAhjJ4AaABAg,youtube-data-api-v3/commentThreads.list,
2.5,risk_management|education_gap,youtube,"Go to the monthly chart and place it on last months candle, then drop down to the daily or 1 hr and watch how accurate it is. It helped me out of a massive drawdown.",0,0,https://www.youtube.com/watch?v=v97Efp_UDC0,UgyyqdmNsmoLnAYXm6d4AaABAg.AV4Oxz8onONAV4TzSopRm_,youtube-data-api-v3/commentThreads.list,
2.5,entry_timing|education_gap,youtube,"just curious, once prices touches the top or bottom of the box, enter blindly? or wait for what?",0,0,https://www.youtube.com/watch?v=v97Efp_UDC0,Ugz6RAxsHl2QZvGKchl4AaABAg,youtube-data-api-v3/commentThreads.list,
2.5,strategy_rules|education_gap,youtube,Over the next 3 months I continue to excel in reading charts. Not so much about how much money I’m making off each one necessarily but rather the accuracy and win rate of these trades. I’ve already learned so much just by watching you trade live plus your other videos and it’s already helping me succeed. Currently developing my own strategy for both swing and intraday trading!,0,0,https://www.youtube.com/watch?v=nkMzaQqpFbw,Ugz72g9_aRmp96HBq5h4AaABAg,youtube-data-api-v3/commentThreads.list,
2.5,strategy_rules|education_gap,youtube,What timeframes to use with this strategy ?,0,0,https://www.youtube.com/watch?v=JL7HdUKRxfI,Ugz7IXaO4jW70g1zO0t4AaABAg,youtube-data-api-v3/commentThreads.list,
2.5,strategy_rules|education_gap,youtube,"This liquidity strategy breakdown is very helpful. Many traders ignore liquidity, but it's one of the most important parts of smart trading. Thanks for sharing! 💯
 I’ve been struggling with fake breakouts, and this liquidity concept makes a lot of sense. Definitely going to test this strategy. 👍 Amazing content! Liquidity hunting and market manipulation concepts are explained so clearly here. Looking forward to more trading lessons. 🚀
 Liquidity strategy is a game changer for trading. Thanks for the valuable insights!",0,0,https://www.youtube.com/watch?v=sclIAK3x2dw,Ugz8vK1do6i9SnzgGcl4AaABAg,youtube-data-api-v3/commentThreads.list,
2.5,strategy_rules|broker_platform,youtube,"Hello, thank you for sharing your knowledge. Is there a similar indicator for MT4 platform?",0,0,https://www.youtube.com/watch?v=MPeeE55rNOw,Ugz9btj4IS2WI1KofFB4AaABAg,youtube-data-api-v3/commentThreads.list,
2.5,entry_timing|education_gap,youtube,"8:44 what to do after enter in a the lower time frame?
Should we go back to 1hr and set the target to the resistance level or just set it at 1:2 R:R?

It takes too much for 1: 2 R after waiting a long time in 1Hr to touch a level. It might takes days.
How to trade every day ? And end it the same day?",0,0,https://www.youtube.com/watch?v=-QkFsIBmqSA,UgzBicFAxs26JNkcLmZ4AaABAg,youtube-data-api-v3/commentThreads.list,
2.5,strategy_rules|education_gap,youtube,"What strategy do you use pls and what's your winrate if you don't mind ? 🙏, Eight years is quite a feat 🎉👏",0,0,https://www.youtube.com/watch?v=GKN-iVjJpyA,UgzTxdREat2LDL56t_94AaABAg.AAchAShIURjAD4lzni43Sm,youtube-data-api-v3/commentThreads.list,
2.5,psychology|education_gap,youtube,This is the truth. I’ve been making so many emotional mistakes lately. How did you finally get to a point where you stayed disciplined?,0,0,https://www.youtube.com/watch?v=JXHrTloZ-nE,UgzVdMtNPykDVmiVhLF4AaABAg.AaOjjw1LTMkAaOjvOs2bsd,youtube-data-api-v3/commentThreads.list,
2.5,strategy_rules|education_gap,youtube,"great vid,does the indicator show the weekly and monthly open on the 1m timeframe?",0,0,https://www.youtube.com/watch?v=MPeeE55rNOw,UgzWJkqD2_Cn0vEVEt54AaABAg,youtube-data-api-v3/commentThreads.list,
2.5,entry_timing|education_gap,youtube,"So, when one forms HH and the other LH , how do u determine whether to go long or short? You enter at retest onifvg as confirmation on 2minutes?",0,0,https://www.youtube.com/watch?v=q1NmxUTm4n4,UgzgRckzvObzbADyrA94AaABAg,youtube-data-api-v3/commentThreads.list,
2.5,risk_management|education_gap,youtube,"how is his winrate and risk to reward ratios? i might go in
ž",0,0,https://www.youtube.com/watch?v=nkMzaQqpFbw,UgzirXiNkRVIIztnCk54AaABAg.AO8OYwB763SAOYSyG9qlDS,youtube-data-api-v3/commentThreads.list,
2.5,psychology|education_gap,youtube,This is the truth. I’ve been making so many emotional mistakes lately. How did you finally get to a point where you stayed disciplined?,0,0,https://www.youtube.com/watch?v=T06ayy3-zs8,UgzlBXX46PHmpvfabD14AaABAg.A_UxdqRc_2kA_Uxr8z4Wqf,youtube-data-api-v3/commentThreads.list,
2.5,risk_management|education_gap,youtube,"Big shoutout to Chris James Cook for the technical guidance! Starting as a beginner is tough, but having someone help with trend spotting and entries has been huge. Honestly, the focus on risk management was the real game changer for me. It’s been great for keeping my decisions in line with how the market is actually moving.",0,0,https://www.youtube.com/watch?v=v97Efp_UDC0,UgzlTz412rwYBo8XF1F4AaABAg.ATmaNK8UwCHATma_xrO5pS,youtube-data-api-v3/commentThreads.list,
2.5,strategy_rules|psychology,youtube,"Don't quit on yourself yet. One year of screen time + 3 courses means you've built discipline that 95% of people quit before getting. The problem usually isn't you, it's the retail logic that blows accounts by design. The moment I switched from textbook setups to reading real market structure, my results flipped. You're literally one mindset shift away from this clicking, I promise you.",0,0,https://www.youtube.com/watch?v=3JoMwrrN89E,UgznTw1upqgbvVA3Vwt4AaABAg.AYw-XFTpzIaAYw0tqK-DbC,youtube-data-api-v3/commentThreads.list,
2.5,strategy_rules|education_gap,youtube,Why I can't do setting like you for fib retracement indicator,0,0,https://www.youtube.com/watch?v=JL7HdUKRxfI,Ugzuznp9FNztcyk2w8V4AaABAg,youtube-data-api-v3/commentThreads.list,
2.492,strategy_rules,youtube,This strategy and the Intraday Bias (4h) are the Holy Grail. I assume that the SMT Divergence works better in NY open. I live in Eurpe so I use both: Intraday Bias for London open and SMT Divergence in NY open,1,2,https://www.youtube.com/watch?v=q1NmxUTm4n4,UgxacygUpjPgziDeufZ4AaABAg,youtube-data-api-v3/commentThreads.list,
2.492,entry_timing,youtube,"Adjust my entry to get closer to my invalidation point, rather than adjust my invalidation to get closer to my entry. Thats gold right there !!",1,2,https://www.youtube.com/watch?v=DMUiDBnTYc8,UgyBIdTMn8WVitWqbhp4AaABAg,youtube-data-api-v3/commentThreads.list,
2.492,education_gap,youtube,I can’t get the thing to work no matter what I do. I did exactly what everyone else did and installed it perfectly and I still have a frowny face it hasn’t placed a trade yet on my demo account,1,2,https://www.youtube.com/watch?v=hSldTDpCfcc,Ugzf9iX8U2kx9kH7v8N4AaABAg,youtube-data-api-v3/commentThreads.list,
2.443,entry_timing|strategy_rules|education_gap,youtube,Supply & Demand zones are so powerful when you learn to wait for the A+ setup. This 3-step breakdown makes it much easier to understand how to enter with proper confirmation. Great video! 📈🔥,1,0,https://www.youtube.com/watch?v=nkMzaQqpFbw,Ugx0qyeVnlyd2Lmb6Rt4AaABAg,youtube-data-api-v3/commentThreads.list,
2.443,entry_timing|strategy_rules|education_gap,youtube,Please make a video on how inverted fair value gaps work in different timeframe and how we can use them as entry model.,1,0,https://www.youtube.com/watch?v=CHIK5oBRKiw,Ugx5RsL79ptHlSPMZxp4AaABAg,youtube-data-api-v3/commentThreads.list,
2.443,risk_management|strategy_rules|psychology|education_gap,youtube,"You won’t. 😂. You’ll make no profit for a good 2 years. Could even be 3. To really master this game, you need to master yourself so your discipline and psychology. And most importantly, experience. 2 years deep brother. Only just became profitable. And one more advice. DONT live trade in your first year of learning. Only demo forward test. Don’t even Backtest. Waste of time. You need to feel the real markets in real time. It will teach you patience and quick decision making. Creating your strategy is easy once you know the basics, but creating a system and following your rules and risk management and demo forward testing it for a whole year while documenting every trade is the hard part. But it’s all worth it because the basics strategy you first practiced will slowly unwind itself into a big complex system that only you understand through out your Practice year on demo then it will all click toward the middle or end of the year. It will all make sense. The simple strategy you first practiced will be your own personal system that you’ve created from adding on new confluences, from new information you’ve learned and experienced while trading. Believe me bro. That’s the only way to really be profitable. Then when you’ve got a whole years data showing you that you’re profitable, then you do it again on a live account for a year trading your finalised system sticking to your rules strictly. The live trading year is mainly a focus on your psychology and how you handle wins and losses trading your real money. If you ended that year sticking to your rules and profitable, that’s when you can get funded because you’ve proved to yourself you’re profitable. Don’t go live as a beginner looking to get funded. Believe me bro, in your first year as a beginner, you ain’t learned nothing yet😂😂. Experience will teach you what you need to know. Take your journey slow and steady. It’s not a race but a marathon. Good luck 🫡",1,0,https://www.youtube.com/watch?v=9nRFcetXqkA,Ugx7lzWW5viJJMtj_ep4AaABAg.AJXPommr_kcAN8GjC__NxF,youtube-data-api-v3/commentThreads.list,
2.443,risk_management|strategy_rules|psychology,youtube,"In my opinion, robots are better at trading than humans because they don’t experience fear or greed but strictly follow their strategy. They analyze vast amounts of data and execute trades in milliseconds without fatigue. Additionally, they manage risks precisely and operate 24/7 without emotional mistakes. And amazing video!🤩",1,0,https://www.youtube.com/watch?v=TvWks6oJ-9U,UgxrxDehcHUCBT4qjQ94AaABAg,youtube-data-api-v3/commentThreads.list,
2.349,entry_timing,youtube,"Exactly. Most fail because they jump into live markets without simulating the size of the position first. You can backtest the entry until you’re blue in the face, but if you don’t have the capital to sustain the variance while waiting for the math to play out, emotions kick in fast. The gap between knowing the math and having the liquidity to execute it consistently is where everyone falls apart.",2,0,https://www.youtube.com/watch?v=JXHrTloZ-nE,Ugw-BH_lkZaSUDV3Brd4AaABAg.AbLPM4R0i96AbLR4jU8I2A,youtube-data-api-v3/commentThreads.list,
2.349,entry_timing,youtube,"5:55 It does form a swing low but by the time it form swing low entry was already trigger so rather It would be nicer to say You marked out a displacement lag maybe 
Well two candles make displacement lag 
Idk correct me if I'm wrong",2,0,https://www.youtube.com/watch?v=1YRs4Z1lMws,Ugw2IDLwBJyG5GOO73F4AaABAg,youtube-data-api-v3/commentThreads.list,
2.349,education_gap,youtube,"By far your channel have the best explaination on how and when to trade, I've been binged watching your videos, I'd love to be consistent someday with my trading and grind full-time.",2,0,https://www.youtube.com/watch?v=sclIAK3x2dw,Ugw2u7CJeCWBRb4POCl4AaABAg,youtube-data-api-v3/commentThreads.list,
2.349,education_gap,youtube,I really appreciate this video. You really explain everything crisp and clear. This also works in binary option trading. Great video!!,2,0,https://www.youtube.com/watch?v=JD_sWSjIiJE,Ugw6rbw_Or5CBz9G4U54AaABAg,youtube-data-api-v3/commentThreads.list,
2.349,education_gap,youtube,"Pls sir make a series of videos on your live trade, your profits and loss and what caused the losses",2,0,https://www.youtube.com/watch?v=JhBX0TQ41H8,UgwY1GWuKsn-GoEir7t4AaABAg,youtube-data-api-v3/commentThreads.list,
2.349,entry_timing,youtube,Today chart just taught me this that the first move is not actually move us trap or liquidity sweep so be patient after trap enter,2,0,https://www.youtube.com/watch?v=g0BPjHd4OP8,UgwZK5OBteNyUgnX7yF4AaABAg,youtube-data-api-v3/commentThreads.list,
2.349,education_gap,youtube,"Hello Raghee, do you offer Trade Management. I just want to invest with you and make some money. I am a single parent with to kids soon to graduate from high school. All I want is to provide them a life outside of the trailer park. Lastly, how much do I need to start and where do I send the money. Thank you respectfully. Have a great day.",2,0,https://www.youtube.com/watch?v=96kZw9oR4QU,UgwdGShrb9rkF9kjLMR4AaABAg,youtube-data-api-v3/commentThreads.list,
2.349,education_gap,youtube,Listening to your bottom and top one will become crazy. Most traders know what you are saying.,2,0,https://www.youtube.com/watch?v=v97Efp_UDC0,UgwjSAgKDEqbUn-Mq6h4AaABAg,youtube-data-api-v3/commentThreads.list,
2.349,broker_platform,youtube,Hello id lvoe to try this out but is this MT4 OR MT5,2,0,https://www.youtube.com/watch?v=hSldTDpCfcc,UgwlNM-2MFl-Ma8Dvll4AaABAg,youtube-data-api-v3/commentThreads.list,
2.349,risk_management,youtube,$0.50 loss per share at 100 shares is only a $50 lose.  The correct number is 1000 shares if your risk is $500.,2,0,https://www.youtube.com/watch?v=pORrgC7GjkM,UgwmLwqTMi80d8HSutx4AaABAg,youtube-data-api-v3/commentThreads.list,
2.349,strategy_rules,youtube,"Great job broo, you should do a TGI setup video, big fan !!!",2,0,https://www.youtube.com/watch?v=1YRs4Z1lMws,Ugwowxz5-nChPY7pDLZ4AaABAg,youtube-data-api-v3/commentThreads.list,
2.349,entry_timing,youtube,This is a big time frame and because of this You're going to have a very long wait for your entry.,2,0,https://www.youtube.com/watch?v=m-G1ag77aVc,UgxLIDroccje6V8cul54AaABAg.AIckJ2DvWSjAIuTX_kRHDi,youtube-data-api-v3/commentThreads.list,
2.349,entry_timing,youtube,Robots are not scared of entering trades after loosing a couple like I do. Robots analyze market conditions in seconds while I can take hours to make a trade decision too late. Robots allow you to achieve financial freedom and time freedom. Robots are better than me because they can trade every day even when im not in the right state of mind to trade myself,2,0,https://www.youtube.com/watch?v=TvWks6oJ-9U,UgxWlVXaAB6elrlp90x4AaABAg,youtube-data-api-v3/commentThreads.list,
2.349,education_gap,youtube,"That used to be me too. I was overcomplicating everything until I found EVAN DENNIS 1H pattern. It’s not about finding more trades   it’s about waiting for the trade. Once you see it play out a few times, you realize how simple the market can be when you stop chasing every move.",2,0,https://www.youtube.com/watch?v=JD_sWSjIiJE,UgyE0W--P_PmxXxFusd4AaABAg.APDuI4Lh7CAAPDuYy54D0X,youtube-data-api-v3/commentThreads.list,
2.349,psychology,youtube,Trade with big players so that you can liquidate for a quick profit. Find your profit margin and don’t be greedy!,2,0,https://www.youtube.com/watch?v=3JoMwrrN89E,UgyOM5DfFoSPC6h3FqZ4AaABAg,youtube-data-api-v3/commentThreads.list,
2.349,risk_management,youtube,If you're looking for me and am no where please just can on this page you will definitely find me cause it's where I sleep. I can only thank this legend for the skill and knowledge am learning ❤ hoping for the best,2,0,https://www.youtube.com/watch?v=yaCM_cr5BXo,UgyYMCrwWQd_Q2UheO94AaABAg,youtube-data-api-v3/commentThreads.list,
2.349,entry_timing,youtube,"When I enter trades, I always pay attention to the higher time frame FVG. I completed my The5ers challenge accounts in this manner",2,0,https://www.youtube.com/watch?v=GKN-iVjJpyA,UgyiHTFnaDlRytVILyh4AaABAg,youtube-data-api-v3/commentThreads.list,
2.349,education_gap,youtube,"Mam Please explain what you are saying in chart or do a live stream.
Thank you.",2,0,https://www.youtube.com/watch?v=6-2WXJFyBhE,Ugyji2GJeo24HdBcYbl4AaABAg,youtube-data-api-v3/commentThreads.list,
2.349,education_gap,youtube,This is a GREAT video that shows the basics  of Candlestick paterns. Thanks,2,0,https://www.youtube.com/watch?v=DZ08d8ORc_M,UgylQDyFlqobif_AJOZ4AaABAg,youtube-data-api-v3/commentThreads.list,
2.349,education_gap,youtube,Please show it on live chart. Nice video. Highly energetic presentation.,2,0,https://www.youtube.com/watch?v=DZ08d8ORc_M,Ugyz4TgRhFCkmfhTuTN4AaABAg,youtube-data-api-v3/commentThreads.list,
2.349,strategy_rules,youtube,This one strategy I'm using lately very effective when used with fib retracement,2,0,https://www.youtube.com/watch?v=R9yZSDpdCGE,Ugz4AGMNWEApqxaB8ZR4AaABAg,youtube-data-api-v3/commentThreads.list,
2.349,education_gap,youtube,"There is another reason why 10:00 AM -- the end of the 30 minute range -- is important:  it marks the close of a 4 hour candle.  Institutions typically use 4 hour candles in their algorithms, so you can also use CRT and the 4 hour candle to determine likelihood of the break having legs.",2,0,https://www.youtube.com/watch?v=T06ayy3-zs8,UgzNsJsrV545096wduN4AaABAg,youtube-data-api-v3/commentThreads.list,
2.349,education_gap,youtube,"For long, many teachers i met couldn't explain candle story to me with this level of ease. I am lucky coming across your video. 

As i have subscribed, its now my duty to watch all other videos you have made cos I believe in their positive impact.",2,0,https://www.youtube.com/watch?v=990oOC-bHxA,UgzSrfvSLhZRbzw7o_14AaABAg,youtube-data-api-v3/commentThreads.list,
2.349,education_gap,youtube,the way you explained that forex pullback had me doubting but honestly blew trades chasing it blind before lol.,2,0,https://www.youtube.com/watch?v=wIyZcY6kNuo,UgzTWZF1AD5gPKP3ZeZ4AaABAg,youtube-data-api-v3/commentThreads.list,
2.349,strategy_rules,youtube,Definitely gonna try with this strategy and join your signals soon! Much love ❤,2,0,https://www.youtube.com/watch?v=B_dVwXYQ-oc,UgzbMWUeaMktU6sns7V4AaABAg,youtube-data-api-v3/commentThreads.list,
2.349,strategy_rules,youtube,"Learning so much from your channel .. thanks Pat ... loving the last video tooo... 200 EMa , Support and Resistance Zones Strategy working for me...thanks Pat",2,0,https://www.youtube.com/watch?v=w8rfTNCer2A,Ugzco1NwPlP8GjHpbFd4AaABAg,youtube-data-api-v3/commentThreads.list,
2.349,strategy_rules,youtube,Nice setup dear FRIEND,2,0,https://www.youtube.com/watch?v=96kZw9oR4QU,UgziyxLU_NeV6xvqdPJ4AaABAg,youtube-data-api-v3/commentThreads.list,
2.349,education_gap,youtube,This is the first accurate video that I have found that actually reads and explains the chart and candles properly. Thank you!,2,0,https://www.youtube.com/watch?v=JD_sWSjIiJE,Ugzk_0tWq9yyMW-x_O94AaABAg,youtube-data-api-v3/commentThreads.list,
2.349,strategy_rules,youtube,"I also tested this strategy on 100 trades and surprisingly I got 55% WINRATE on 1:3 TARGET and that is
 impressive and I tested it on XRP",2,0,https://www.youtube.com/watch?v=nkMzaQqpFbw,Ugzm78GrcXeEpfCYaEl4AaABAg.AS3j_KPzimMATw7PGQO4Xk,youtube-data-api-v3/commentThreads.list,
2.349,education_gap,youtube,Makes the killzones transitions much clearer to me now from LDN to NY. And how NY goes to take out the LDN high. Thanks a lot Mr T.,2,0,https://www.youtube.com/watch?v=YESqIoA7Wyg,UgztXbfprUaYzmp09tZ4AaABAg.9vuzEmR9yUf9w0yJT3vhNF,youtube-data-api-v3/commentThreads.list,
2.29,broker_platform,youtube,Glad you mentioned to check spreads because many videos miss this point.,1,1,https://www.youtube.com/watch?v=R9yZSDpdCGE,Ugx-vTpr8FYQExq0og94AaABAg,youtube-data-api-v3/commentThreads.list,
2.29,risk_management,youtube,Just watched a whole slew of these.  This took me to the next level!!! 🎉,1,1,https://www.youtube.com/watch?v=g3oDYq4P9ZE,Ugx0e52sva4Dx9aIQ9F4AaABAg,youtube-data-api-v3/commentThreads.list,
2.29,strategy_rules,youtube,"Sorry I have a question if price dosnt retrace into the 50% or OTE
And it just goes down or up do we cancel the former fib ote setup and draw a new one or just continue to extend the previous one",1,1,https://www.youtube.com/watch?v=1YRs4Z1lMws,Ugx4toXYdH9-59y1Eop4AaABAg,youtube-data-api-v3/commentThreads.list,
2.29,education_gap,youtube,This is super clear explanation of how liquidity works 🙌🏽 salute Sir kip it up,1,1,https://www.youtube.com/watch?v=U8xH2dEgH5A,UgxA0JtwiylZXxGbdH54AaABAg,youtube-data-api-v3/commentThreads.list,
2.29,education_gap,youtube,"I actually really like this trading style. I do a more of a 30 min candle with a 10 or 15 min trading, but also depending on the momentum for the day will do the 15 min candle and trade on the 5 min timechart. . I have combined this boxed range from the 30 min with what's called the Darvas box theory where you also take the prior day high and low which gives you an idea where the new days trading can fall within or break out from for a longer swing trade",1,1,https://www.youtube.com/watch?v=R9yZSDpdCGE,UgxDNi5b71duO8Qbxe94AaABAg,youtube-data-api-v3/commentThreads.list,
2.29,education_gap,youtube,"My win rate is about 15%, so I am a losing trader.   I almost feel like if I reverse the buy/sell button I can be successful.   I am a new futures trader, trading the MES.  I have come to the conclusion that my stops are too tight.  I  will continue to follow you videos so see how I can improve. thanks",1,1,https://www.youtube.com/watch?v=JXHrTloZ-nE,UgxHthLohGfvJcOji8x4AaABAg,youtube-data-api-v3/commentThreads.list,
2.29,education_gap,youtube,I came back to this video again because it seems like a gold mine. By far the best trading tutorial on YouTube.,1,1,https://www.youtube.com/watch?v=g3oDYq4P9ZE,Ugxt2UKK1sgeItmFrh94AaABAg,youtube-data-api-v3/commentThreads.list,
2.29,entry_timing,youtube,"If my breakout happens to be a Marubozo candle and an engulfing candle, I personally like to make my entry there. The retest isn’t consistent as we witnessed in this video..",1,1,https://www.youtube.com/watch?v=B_dVwXYQ-oc,UgxxVQdJ-aB4qZTUzeZ4AaABAg,youtube-data-api-v3/commentThreads.list,
2.29,strategy_rules,youtube,Give some indicator and statergy which  never fails and run in all market all timeframe,1,1,https://www.youtube.com/watch?v=JXHrTloZ-nE,UgyJeYOAq5mz-LIbTS54AaABAg,youtube-data-api-v3/commentThreads.list,
2.29,psychology,youtube,You rock man as always following you for long time did not had the discipline to do trading but now I am in  much love <3,1,1,https://www.youtube.com/watch?v=B_dVwXYQ-oc,UgyUwWDErAiTw5PFeHd4AaABAg,youtube-data-api-v3/commentThreads.list,
2.29,education_gap,youtube,"Some of the best info I've seen anywhere. People complain about the lack of chart examples, but I like  the video like it is, because it causes me to really focus closely on what is being said, because I'm trying to see it in my mind. Thanks for sharing with us.",1,1,https://www.youtube.com/watch?v=v97Efp_UDC0,UgybGAsTP3ZMywN48jF4AaABAg,youtube-data-api-v3/commentThreads.list,
2.29,strategy_rules,youtube,"Pat, thank you so much for the strategy. You’re the best!",1,1,https://www.youtube.com/watch?v=B_dVwXYQ-oc,UgytaEcDRWRMwsrB08F4AaABAg,youtube-data-api-v3/commentThreads.list,
2.29,strategy_rules,youtube,Bro just leaked my strategy 😅😅 a very nice one 👍,1,1,https://www.youtube.com/watch?v=1YRs4Z1lMws,Ugzdz-j05yVxTCBkhQV4AaABAg,youtube-data-api-v3/commentThreads.list,
2.25,risk_management,youtube,"So who taught you this perspective? I've watched dozens of free videos on ""basic math"" and risk management, but nothing stuck until recently. Is there someone specific behind these insights on scaling capital, or just self-taught experience?",0,0,https://www.youtube.com/watch?v=JXHrTloZ-nE,Ugw-BH_lkZaSUDV3Brd4AaABAg.AbLPM4R0i96AbLRWODIeyc,youtube-data-api-v3/commentThreads.list,
2.25,other_question_or_pain,youtube,"Oh yeah He is actually giving a QUICK email messages and he has help me a lot 
You can check your email if you're lucky",0,0,https://www.youtube.com/watch?v=w8rfTNCer2A,Ugw00HM5kvYFj88g_Bp4AaABAg.A_NXs51ycZdAawT1ezB6Kp,youtube-data-api-v3/commentThreads.list,
2.25,education_gap,youtube,What time should o trader this concept?,0,0,https://www.youtube.com/watch?v=0xygpCMwxbQ,Ugw1o59Ww5Gf_8zbKaB4AaABAg.9qmyhaDeqeu9rFWqWXRMpi,youtube-data-api-v3/commentThreads.list,
2.25,other_question_or_pain,youtube,​@TTrades_eduPlease do. Just a small criticism which will help us all. Project your voice & don't VOCAL FRY. It's so difficult to hear you sometimes. Other than this. Outstanding work.,0,0,https://www.youtube.com/watch?v=0xygpCMwxbQ,Ugw1o59Ww5Gf_8zbKaB4AaABAg.9qmyhaDeqeu9rwupWk0Hx6,youtube-data-api-v3/commentThreads.list,
2.25,strategy_rules,youtube,Hi Pat! Great strategy! Which pair does this work best? Does it work with gold?,0,0,https://www.youtube.com/watch?v=B_dVwXYQ-oc,Ugw1tAzkSI0muoqM3xF4AaABAg,youtube-data-api-v3/commentThreads.list,
2.25,risk_management,youtube,​@Contentout123like seriously bro?,0,0,https://www.youtube.com/watch?v=990oOC-bHxA,Ugw3bXVxQFFJnJu1xPh4AaABAg.AGPgw4aWqHQAITAPn1cMjM,youtube-data-api-v3/commentThreads.list,
2.25,risk_management,youtube,so did he only loose his money because he increased the risk using the robot?,0,0,https://www.youtube.com/watch?v=hSldTDpCfcc,Ugw5J_lu3Ninn6ylyVN4AaABAg,youtube-data-api-v3/commentThreads.list,
2.25,other_question_or_pain,youtube,"thanks very much for this is helping me a lot bro
🥰",0,0,https://www.youtube.com/watch?v=YESqIoA7Wyg,Ugw90sgmEMf5it1ASP54AaABAg,youtube-data-api-v3/commentThreads.list,
2.25,strategy_rules,youtube,"1+ subscriber ,i hated trading forex  cause of indicators and for my situation i had to learn it but it wasn't easy ,still its not easy but you make this look very simple and i understood everything on this lesson can't wait to watch the next video brother",0,0,https://www.youtube.com/watch?v=R9yZSDpdCGE,Ugw9XTvk54Y-5TbyFPR4AaABAg,youtube-data-api-v3/commentThreads.list,
2.25,other_question_or_pain,youtube,Have you done any trading yet?,0,0,https://www.youtube.com/watch?v=990oOC-bHxA,Ugw9iNky8vS-ddxNwWp4AaABAg.AGRyuI9IoBUALmtsNgr4vh,youtube-data-api-v3/commentThreads.list,
2.25,strategy_rules,youtube,Do you make money using the strategy in this video? 😂​@matthewobiadi6001,0,0,https://www.youtube.com/watch?v=ygleB1CLhUE,UgwBxz1OI-p88JkZCbJ4AaABAg.AJbOtw8cSlkAJgxLMmUicp,youtube-data-api-v3/commentThreads.list,
2.25,education_gap,youtube,"The problem with demo is there’s no skin in the game. You need a real mentor who can show you how to manage the psychology of it, not just the charts",0,0,https://www.youtube.com/watch?v=T06ayy3-zs8,UgwDmyijrJc9wlihw814AaABAg.AaZxMxA3SFFAaZxeO_Cyss,youtube-data-api-v3/commentThreads.list,
2.25,other_question_or_pain,youtube,Wow I see the pic now. Is that true? I am a basketball player who started getting serious with trading gotta do a research on that. Thanks,0,0,https://www.youtube.com/watch?v=cIv3bcPylr4,UgwEV6O5JZUjJ3PSrEl4AaABAg.AQkhh0qGDXOAaEkq2eNHzM,youtube-data-api-v3/commentThreads.list,
2.25,other_question_or_pain,youtube,"YO Pat,
 does your VIP Trading room have a room dedicated to Swing Trades?",0,0,https://www.youtube.com/watch?v=JL7HdUKRxfI,UgwEusouVgha-ay7XFV4AaABAg.ANtvINFMzLxAYjB23rOFek,youtube-data-api-v3/commentThreads.list,
2.25,education_gap,youtube,"How to implement this on crypto market, is it 00:00 candle or it is some other candle?",0,0,https://www.youtube.com/watch?v=R9yZSDpdCGE,UgwEyrxRc0tBrgL6UVd4AaABAg,youtube-data-api-v3/commentThreads.list,
2.25,education_gap,youtube,"I like to follow your free signals on telegram. But i have a question: i follow your signals with a small amount of money. Is it useful to use leverage? And if, what kind of leverage should I use?",0,0,https://www.youtube.com/watch?v=G2THP1LGPB0,UgwFjw4KYd9gEi4RXCd4AaABAg,youtube-data-api-v3/commentThreads.list,
2.25,strategy_rules,youtube,i always struggled with best timeframe to refine my entries and saved by the 2 step down rule thanks so much ❤,0,0,https://www.youtube.com/watch?v=m-G1ag77aVc,UgwG5KaR1B7nygLGPep4AaABAg,youtube-data-api-v3/commentThreads.list,
2.25,education_gap,youtube,Thank you. Great video. In your experience what’s are the opening range and opening balance times for forex pairs such as EURUSD during NY session?,0,0,https://www.youtube.com/watch?v=T06ayy3-zs8,UgwIGw45WIEkaOEgrBB4AaABAg,youtube-data-api-v3/commentThreads.list,
2.25,other_question_or_pain,youtube,"@TradewithPat can i get some insite or help i been following you for awhile an,getting more into the trading bots",0,0,https://www.youtube.com/watch?v=hSldTDpCfcc,UgwIke93-tllvffUjGx4AaABAg.ABkRKxkUKosAEEv58cQXko,youtube-data-api-v3/commentThreads.list,
2.25,other_question_or_pain,youtube,She says you can't learn trading from a course or book and shills her course and book.,0,0,https://www.youtube.com/watch?v=cQzisFQRg3c,UgwJtPBcFsVFpsRpS094AaABAg,youtube-data-api-v3/commentThreads.list,
2.25,strategy_rules,youtube,I can't use this indicator. please need your help,0,0,https://www.youtube.com/watch?v=MPeeE55rNOw,UgwKQPC-CO0xc_SAu_l4AaABAg.A1-udhn_lW8A51WLxr58yd,youtube-data-api-v3/commentThreads.list,
2.25,strategy_rules,youtube,"@condeadama7238  edit them
 //@version=5
indicator(""Standardized MACD Heikin-Ashi Transformed"", ""[Ʌ] - 𝗦𝘁. 𝗠𝗔𝗖𝗗 𝗛-𝗔"", false)

/////xxxxxxxxxxxxxxxxxxxxxxxxxxxxxxxxxxxxxxxxxxxxxxxxxxxxxxxxxxxxxxxx
t1 = time(timeframe.period, ""0300-0600"")
t2 = time(timeframe.period, ""0800-1000"")
t3 = time(timeframe.period, ""2100-0100"")
f23= time(timeframe.period, ""1100-1300"")
f910=time(timeframe.period, ""0900-1000"")

London = na(t1) ? na : #f0bacf3a
NY = na(t2) ? na :  color.rgb(135, 74, 195, 58)
Tokio= na(t3) ? na : color.rgb(178, 93, 28, 84)
ff23= na(f23) ? na :color.rgb(158, 131, 122, 76)
ff910= na(f910) ? na :color.rgb(39, 86, 188, 54)

bgcolor(ff23, transp=66, title=""f23.london close"")
bgcolor(ff910, transp=66, title=""f910"")
bgcolor(London, transp=66, title=""London"")
bgcolor(NY, transp=66, title=""New York"")
bgcolor(Tokio, title=""Tokio"")",0,0,https://www.youtube.com/watch?v=MPeeE55rNOw,UgwKQPC-CO0xc_SAu_l4AaABAg.A1-udhn_lW8A9W_ySA45XY,youtube-data-api-v3/commentThreads.list,
2.25,broker_platform,youtube,"Your description on the other video, wirh Forex Fury performance and afterward looking for it, has changed everything that i was thinking, to earn good with MT4! You are great man! So one question pls.: you had mentioned that before proceeding in installing a free bot at the beginning, you need to do one trade manually and AFTER to set it on automatic, correct? Otherwise it won't work? I didn't done that (forgot it), but in the same time, on the weekends the market is closed on MT4, alowing only Crypro to be traded! Sure i didn't knew that either! 🙄 Being a newbie into this, i am learning now. So can you advice me on those two questions pls.? Bot if all matter and changimg to crypto market in weekends. Regards!",0,0,https://www.youtube.com/watch?v=hSldTDpCfcc,UgwMa3-sJUbtbAOGmJd4AaABAg,youtube-data-api-v3/commentThreads.list,
2.25,strategy_rules,youtube,Where's the template for the level checklist? I couldn't find it. Is there an indicator on trading view that automatically sets out the levels every day?,0,0,https://www.youtube.com/watch?v=g0BPjHd4OP8,UgwMttpDxHyS9RoYOiB4AaABAg,youtube-data-api-v3/commentThreads.list,
2.25,education_gap,youtube,I am on the other side of the world. What is the best time zone to trade?,0,0,https://www.youtube.com/watch?v=R9yZSDpdCGE,UgwO0Hr-Vwss4DROvPF4AaABAg,youtube-data-api-v3/commentThreads.list,
2.25,other_question_or_pain,youtube,"Is it safe to say the inside candle is the order block? 

Gosh you made this so clear, excellent teaching I definitely subscribed and will follow",0,0,https://www.youtube.com/watch?v=DZ08d8ORc_M,UgwPByxEDQvNSTTOrhx4AaABAg,youtube-data-api-v3/commentThreads.list,
2.25,education_gap,youtube,​@TradewithPathow can I get this robot?,0,0,https://www.youtube.com/watch?v=TvWks6oJ-9U,UgwQ1vtGoqjB7OAbbp94AaABAg.AF-yWR9hNAaAFcVBO-Id6H,youtube-data-api-v3/commentThreads.list,
2.25,education_gap,youtube,@TradewithPat I love trading gold. How do I get into your room ?,0,0,https://www.youtube.com/watch?v=TvWks6oJ-9U,UgwQ1vtGoqjB7OAbbp94AaABAg.AF-yWR9hNAaAFmM3hSVJPN,youtube-data-api-v3/commentThreads.list,
2.25,other_question_or_pain,youtube,"Hey He is actually giving a QUICK email messages and he has help me a lot 
You can check your email if you're lucky",0,0,https://www.youtube.com/watch?v=w8rfTNCer2A,UgwRMk7kyPmbjM3WkxB4AaABAg.A_QyiofTqY-AawTcxZzyH4,youtube-data-api-v3/commentThreads.list,
2.25,education_gap,youtube,"​@JeaFxForexTradingin previous video you said when we have an equal top or bottom then the price will strike them , so why would you sell from Equal tops in 13:00 minute?",0,0,https://www.youtube.com/watch?v=GKN-iVjJpyA,UgwRNuyf7bodTO9s6tJ4AaABAg.A1jX6OnAOYPAKm47vzDAkg,youtube-data-api-v3/commentThreads.list,
2.25,education_gap,youtube,"Im on Trading view but cant get the same fib levels as you show in this video
can you help please",0,0,https://www.youtube.com/watch?v=JL7HdUKRxfI,UgwSpp0GPEsmhjSdl7h4AaABAg,youtube-data-api-v3/commentThreads.list,
2.25,other_question_or_pain,youtube,@TradewithPat thank you.. do you think the same setting would work with EUR/CHF? :),0,0,https://www.youtube.com/watch?v=hSldTDpCfcc,UgwUNSaLpN5R0ucpD6x4AaABAg.ABkTUZreaUFABkTv08bc-H,youtube-data-api-v3/commentThreads.list,
2.25,other_question_or_pain,youtube,"@TTrades_edu Do you know, I actually figured a lot of my issues are lack of backtesting and had it on my list to get backtesting a lot more so thanks, this is confirmation.",0,0,https://www.youtube.com/watch?v=1YRs4Z1lMws,UgwUOMVQcIexREXB6vF4AaABAg.9uZhme2I4cx9uZtttVipdm,youtube-data-api-v3/commentThreads.list,
2.25,other_question_or_pain,youtube,"@tradewithpat does this still work in summer months,?",0,0,https://www.youtube.com/watch?v=R9yZSDpdCGE,UgwUPAu1pLdOKeVg2MB4AaABAg.AJtGpOwGVXqAK-9W0dhJuJ,youtube-data-api-v3/commentThreads.list,
2.25,other_question_or_pain,youtube,@xthenoobshubh1321you still trading?,0,0,https://www.youtube.com/watch?v=JhBX0TQ41H8,UgwVVbgkht8VWh7-3BJ4AaABAg.AAL_RwN3rMrAE6-YPQT-K2,youtube-data-api-v3/commentThreads.list,
2.25,risk_management,youtube,"Am not rushing but so far i have passed 2 accounts and currently active, 1-25K and 1-50K Apex.  I havent received any payouts as of this time.  I have paid the one time fees but also slowly taking my time to get a payout. No rush on my part and that is my personal choice.  I Thank ICT, TTrades, Ash Trades and other good training materials for helping me with my journey.  Blessings to all!",0,0,https://www.youtube.com/watch?v=DMUiDBnTYc8,UgwWFBVo7V18-7VCdPF4AaABAg.9yvQdIUIujDAMrXdu4EuOD,youtube-data-api-v3/commentThreads.list,
2.25,other_question_or_pain,youtube,But here's the problem if you're trading stocks that's fine but when you're trading options you have extreme Leverage. So I just set an alert that way it alerts me to look at the position and look at the chart Trend direction to see if I want to pull out close the position or not second of all I don't pay trade so I don't have to freak out and go nuts. I swing trade on option contracts on a trend direction,0,0,https://www.youtube.com/watch?v=pORrgC7GjkM,UgwWnfDatPlFtU0SGDd4AaABAg,youtube-data-api-v3/commentThreads.list,
2.25,education_gap,youtube,"I want to believe that, but honestly it feels like the market is rigged against me. I buy perfect support and it breaks 5 pips. I sell perfect resistance and it pumps 50 pips without me. How do people actually see where the big moves are starting before they happen? Because right now I’m always late to the move.",0,0,https://www.youtube.com/watch?v=JD_sWSjIiJE,UgwXXOSr91Dv0VWSXyd4AaABAg.AYWqzvyPfUtAYWr7EC-JP2,youtube-data-api-v3/commentThreads.list,
2.25,other_question_or_pain,youtube,@TradewithPat  only that much setting was there ?,0,0,https://www.youtube.com/watch?v=hSldTDpCfcc,UgwanBXlPUF2y-spRUB4AaABAg.ABkUS_BvQoGABkVpIikz6K,youtube-data-api-v3/commentThreads.list,
2.25,other_question_or_pain,youtube,Right !? This become more sense that the candles are just a pure trick by the big player for the sake of ur losing money😂,0,0,https://www.youtube.com/watch?v=JD_sWSjIiJE,Ugwbbsz2k1xo2SbLUA14AaABAg.AAYsR1PQvWIAaefEWfmGNY,youtube-data-api-v3/commentThreads.list,
2.25,other_question_or_pain,youtube,​@TradewithPat ok ..but m confused,0,0,https://www.youtube.com/watch?v=w8rfTNCer2A,Ugwc-5QbGRU6Y7Oc3tV4AaABAg.AYA0eulxSkmAYAGKRTewpw,youtube-data-api-v3/commentThreads.list,
2.25,strategy_rules,youtube,i thought the indicator was free lol?? can i have it pls?,0,0,https://www.youtube.com/watch?v=YESqIoA7Wyg,Ugwd9lwaIc2h7KtLkfp4AaABAg,youtube-data-api-v3/commentThreads.list,
2.25,other_question_or_pain,youtube,Any tips in the case of swing trades (not intraday)?,0,0,https://www.youtube.com/watch?v=g0BPjHd4OP8,Ugwe-OTj23WouOainDx4AaABAg,youtube-data-api-v3/commentThreads.list,
2.25,other_question_or_pain,youtube,"I’m starting out on my trading journey less than a year and still learning. Thank you for your videos, they are very helpful. I have been watching a few different people but I really like the way that you teach. You break it down for those of us who are just starting out and learning.",0,0,https://www.youtube.com/watch?v=LclxDYccla8,Ugwgj6puANhHWOq3D8d4AaABAg,youtube-data-api-v3/commentThreads.list,
2.25,education_gap,youtube,"Lol this video lliterally *IS* ""Trade with Pat""
Nice to hear that you give free signals.

But what makes me wonder:
What is the difference between your free and your paid signal service?",0,0,https://www.youtube.com/watch?v=G2THP1LGPB0,UgwhsOz_ITIi60yaR6h4AaABAg,youtube-data-api-v3/commentThreads.list,
2.25,education_gap,youtube,"Ey Nkabi , how are his signals?",0,0,https://www.youtube.com/watch?v=G2THP1LGPB0,UgwiK2Wb3tPEN15PWvl4AaABAg.9qiPNtXIkwl9vh_APt_YdI,youtube-data-api-v3/commentThreads.list,
2.25,education_gap,youtube,"With NO actual (Candle Breakdown ) and illustration giving a visual picture... How ARE you showing how to Read candles ""With Words BUT know Candles""??",0,0,https://www.youtube.com/watch?v=DZ08d8ORc_M,UgwkZUBl4MO2yLtvIXF4AaABAg.AQmd0NED2gwAT4lzRhESh3,youtube-data-api-v3/commentThreads.list,
2.25,other_question_or_pain,youtube,"hey ttrades, can you do a video on scaling in on trades?",0,0,https://www.youtube.com/watch?v=MPeeE55rNOw,Ugwl72y_3dgd8TtP-t54AaABAg,youtube-data-api-v3/commentThreads.list,
2.25,strategy_rules,youtube,"Thanks Pat, Pls. I`m new but love Fixed Time more, Can this strategy work forme there ?",0,0,https://www.youtube.com/watch?v=R9yZSDpdCGE,UgwlxTnI6vbmZuD_i6J4AaABAg,youtube-data-api-v3/commentThreads.list,
2.25,strategy_rules,youtube,Bro as you back tested this strategy can you tell me the winrate in a year?,0,0,https://www.youtube.com/watch?v=B_dVwXYQ-oc,UgwmA0xQsCi4w5drXNt4AaABAg,youtube-data-api-v3/commentThreads.list,
2.25,education_gap,youtube,I'm a newbie and I've lost a lot of money trading on my own. Please can you advise on how to go about this?,0,0,https://www.youtube.com/watch?v=JXHrTloZ-nE,Ugwna2ZACARH2aMnrS54AaABAg.AaLz1vanTgYAaLzQb5J1hj,youtube-data-api-v3/commentThreads.list,
2.25,strategy_rules,youtube,hey pat did you make the sell video allready with this same strategy??,0,0,https://www.youtube.com/watch?v=JL7HdUKRxfI,Ugwnn3mA_CKJTUydD9Z4AaABAg,youtube-data-api-v3/commentThreads.list,
2.25,education_gap,youtube,Why opening of one candle does not matches the closing of previous one.?,0,0,https://www.youtube.com/watch?v=DZ08d8ORc_M,Ugwof_lfPrha1Z4YEEl4AaABAg,youtube-data-api-v3/commentThreads.list,
2.25,other_question_or_pain,youtube,I can't find your video about micro windows and institutional trading times.,0,0,https://www.youtube.com/watch?v=DZ08d8ORc_M,UgwpWE6i-RoLJs5VQxR4AaABAg,youtube-data-api-v3/commentThreads.list,
2.25,strategy_rules,youtube,you talked about an  indicator .. withs one ??  and pdf is not there ?,0,0,https://www.youtube.com/watch?v=U8xH2dEgH5A,Ugwqlht6Yu7Od1yIVgt4AaABAg.9rVthwuvvw_A1P40ROXEl1,youtube-data-api-v3/commentThreads.list,
2.25,education_gap,youtube,Nice... could you please demonstrate how it's done on a live chart ... for better understanding? Thanks,0,0,https://www.youtube.com/watch?v=Cq9mF42y2UQ,Ugwrm1xQV60wjTIp99l4AaABAg,youtube-data-api-v3/commentThreads.list,
2.25,risk_management,youtube,The first step to successful investing is figuring out your goals and risk tolerance either on your own or with the help of a financial professional but is very advisable you make use of a professional.,0,0,https://www.youtube.com/watch?v=ygleB1CLhUE,UgwsEnrKrC6QPImNicp4AaABAg.AN_C1L0NXuzAN_CH3c54IM,youtube-data-api-v3/commentThreads.list,
2.25,risk_management,youtube,"Thank you for this wonderful video. I have been watching your videos a lot and this one particularly covers all the struggles i have been facing as a losing trader. More than stratergies Risk management is very important i feel that now. U have really put all this together, thank you so much and please continue giving more of these valuable lessons. I appreciate your hard work.",0,0,https://www.youtube.com/watch?v=pORrgC7GjkM,UgwsT3_AmrFFp17ShCV4AaABAg,youtube-data-api-v3/commentThreads.list,
2.25,other_question_or_pain,youtube,"I have a family to support, and now I'm facing big issues with my rent.",0,0,https://www.youtube.com/watch?v=w8rfTNCer2A,UgwsWOwDcTPuLtk1lu94AaABAg,youtube-data-api-v3/commentThreads.list,
2.25,education_gap,youtube,Thanks for the video pat! But how we do mark the support and the Resistance zone?,0,0,https://www.youtube.com/watch?v=-QkFsIBmqSA,UgwsoqmzexKLv_AxYJ14AaABAg,youtube-data-api-v3/commentThreads.list,
2.25,other_question_or_pain,youtube,I used to get confused between a liquidity sweep and a real break of structure. This actually made it much easier to understand. The examples on the chart helped a lot,0,0,https://www.youtube.com/watch?v=ygleB1CLhUE,Ugwss_mLRGLi38Ky_cB4AaABAg,youtube-data-api-v3/commentThreads.list,
2.25,other_question_or_pain,youtube,"I HAVE A QUESTION IM STRUGLING WITH
let's say today is Wednesday & I'm looking to take a trade for NY session so I'm looking for daily bias at around 9am before market opens. When I go to the daily time frame there's Mondays closed candle, Tuesdays closed candle, and then Wednesday's current daily candle which is not closed yet as it opened during Asia session last night. Am I looking to see if Wednesday's candle opened above or below Tuesday's candle? or am I looking to see if Tuesday's candle closed above or below Mondays and making a guess on Wednesdays direction off those 2 prior days?",0,0,https://www.youtube.com/watch?v=g3oDYq4P9ZE,Ugwv1oOSlsgYcKxeKel4AaABAg,youtube-data-api-v3/commentThreads.list,
2.25,other_question_or_pain,youtube,Are these raw candles 8:15  or Heikenashi candles ?,0,0,https://www.youtube.com/watch?v=DZ08d8ORc_M,Ugwvzt1dSVSb92IjDNh4AaABAg,youtube-data-api-v3/commentThreads.list,
2.25,other_question_or_pain,youtube,"Which time frame for chart reading?
And which session",0,0,https://www.youtube.com/watch?v=cQzisFQRg3c,Ugx-89LITuW3UpXDISN4AaABAg,youtube-data-api-v3/commentThreads.list,
2.25,strategy_rules,youtube,Thank you so much Brother❤Do you recommend any pairs for this strategy?,0,0,https://www.youtube.com/watch?v=R9yZSDpdCGE,Ugx-YOWlzZZAOr59CxB4AaABAg,youtube-data-api-v3/commentThreads.list,
2.25,other_question_or_pain,youtube,Hey Kenyan let me say your student but I blow my accounts a lot and need help man,0,0,https://www.youtube.com/watch?v=7Hu7Rl1VYgE,Ugx3hxrxpYlP970AXfN4AaABAg,youtube-data-api-v3/commentThreads.list,
2.25,other_question_or_pain,youtube,Does the trade allow you put any amount? Plz I want to know,0,0,https://www.youtube.com/watch?v=JD_sWSjIiJE,Ugx5HDnwmlWKd5aaZg54AaABAg.AGSHSz8_YJ0ASKYnfw3qEN,youtube-data-api-v3/commentThreads.list,
2.25,education_gap,youtube,Can explain your vedios with chart examples?,0,0,https://www.youtube.com/watch?v=cIv3bcPylr4,Ugx6uvH65psrPNCaKXR4AaABAg,youtube-data-api-v3/commentThreads.list,
2.25,education_gap,youtube,I've been making a lot of looses trying to trade on me own😩 How can I start making profits from cryptocurrency and the stock market? I am still a beginner,0,0,https://www.youtube.com/watch?v=wIyZcY6kNuo,Ugx7IgsnY9PqLMwnYtF4AaABAg.AXm1PNmkrF4AXm1_wywQyD,youtube-data-api-v3/commentThreads.list,
2.25,other_question_or_pain,youtube,"The first time we had tried, we invested $1400 and after a week we received $5,230. That really helped us a lot to pay our bills.",0,0,https://www.youtube.com/watch?v=990oOC-bHxA,UgxD-4u__8_X0JzIb294AaABAg.AIshcwNuVPEAIvFcEC5ct9,youtube-data-api-v3/commentThreads.list,
2.25,other_question_or_pain,youtube,​@TheNYTradeyou find std setting?,0,0,https://www.youtube.com/watch?v=CHIK5oBRKiw,UgxD193G_hmk1MgzP8J4AaABAg.9xNxvI8l70pATHh7Fo7XR9,youtube-data-api-v3/commentThreads.list,
2.25,education_gap,youtube,do you do it exactly at 9:30? after that how do you know wich candle its the rightone?,0,0,https://www.youtube.com/watch?v=R9yZSDpdCGE,UgxDNi5b71duO8Qbxe94AaABAg.AK0Qo-8abd6ARwEanhw4T8,youtube-data-api-v3/commentThreads.list,
2.25,education_gap,youtube,WHAT DO U THINK U CAN TEACH ME . NOTHING UNLESS U CAN SCRIPT ME AN AUTO  TRADE PROGRAM . TRADING FRO 1967 ? .,0,0,https://www.youtube.com/watch?v=T06ayy3-zs8,UgxDSm7iSzGA8a_iKDB4AaABAg,youtube-data-api-v3/commentThreads.list,
2.25,other_question_or_pain,youtube,"I've tried everything, and this market keeps crushing me.😩 It's like I take two steps forward and five back. I've blown through strategies, watched hours of YouTube, paid for 3 courses... still can't stay consistent. This mentor of yours that you talked about can they actually help you trade while you're learning, I'm listening. I'm done with theory I need results",0,0,https://www.youtube.com/watch?v=wIyZcY6kNuo,UgxEIa5Z5ZGyKUmbv6Z4AaABAg.AWEVxyCBZwtAWEYoaxLjBv,youtube-data-api-v3/commentThreads.list,
2.25,other_question_or_pain,youtube,Can i use william fractals to identify swing highs and lows eaiser?,0,0,https://www.youtube.com/watch?v=JL7HdUKRxfI,UgxEh2oHyWp8DFhCQ8d4AaABAg,youtube-data-api-v3/commentThreads.list,
2.25,other_question_or_pain,youtube,Is this all you looked at to become a funded trader?,0,0,https://www.youtube.com/watch?v=3OivsP1j_UE,UgxHFaMsqJjDfUZowMR4AaABAg.A-N_94ieLVAA3J5CxXFQ_G,youtube-data-api-v3/commentThreads.list,
2.25,other_question_or_pain,youtube,"I keep telling people that having a decent mentor is essential to achieve successful results with your investments. There’s a saying I live by, '100 days of reading or a day with a mentor.' After wasting thousands on ineffective coaches I found Richard vitale, he’s the only one who has managed to grow my wealth exponentially. he charges only from profits, regularly donates to charity and helps the homeless.",0,0,https://www.youtube.com/watch?v=990oOC-bHxA,UgxHZdo9JeZFPGBF6W94AaABAg.AO50_MvfSLBAO52_llTAP2,youtube-data-api-v3/commentThreads.list,
2.25,risk_management,youtube,Is your risk:reward ratio really high?,0,0,https://www.youtube.com/watch?v=JXHrTloZ-nE,UgxHthLohGfvJcOji8x4AaABAg.AahiG7cshthAbIncoLY_DY,youtube-data-api-v3/commentThreads.list,
2.25,other_question_or_pain,youtube,I just download the forex app today please help me im a beginner i dont know nothing,0,0,https://www.youtube.com/watch?v=w8rfTNCer2A,UgxK7cLuR4WLp16yi7F4AaABAg,youtube-data-api-v3/commentThreads.list,
2.25,education_gap,youtube,"Hello, how did you achieve such returns? I'm a newbie and I've lost a lot of money investing on my own. Please can you advise on how to go about this?",0,0,https://www.youtube.com/watch?v=v97Efp_UDC0,UgxLDL0dlxJDam0yIUp4AaABAg.Aagmo_Yo_LsAagmxNOntxa,youtube-data-api-v3/commentThreads.list,
2.25,other_question_or_pain,youtube,I made over $878k through trading this year. I absolutely need to find some assets or a business this year to mitigate my taxes I'm dedicating my year to doing just that. I can't be paying all these.,0,0,https://www.youtube.com/watch?v=v97Efp_UDC0,UgxLDL0dlxJDam0yIUp4AaABAg.Aagmo_Yo_LsAagnBnhXQ2P,youtube-data-api-v3/commentThreads.list,
2.25,education_gap,youtube,"What's better to trade : CFD's, ETF's, Stocks?
BTW , love your videos. 
Thanks😊",0,0,https://www.youtube.com/watch?v=DZ08d8ORc_M,UgxLdIbkA_uTnOZAhjV4AaABAg,youtube-data-api-v3/commentThreads.list,
2.25,other_question_or_pain,youtube,I'm still a new trader from Africa and this really helpful and simple to follow for a beginner like me. Hopefully I'll be able to join your VIP Trading room soon,0,0,https://www.youtube.com/watch?v=R9yZSDpdCGE,UgxLxh2kUI8JRWl-_xh4AaABAg,youtube-data-api-v3/commentThreads.list,
2.25,education_gap,youtube,"Hi, hope you are good. Thanks alot for your taching and how you do simplify charts to understand them... your videos are very helpful and thoughtful",0,0,https://www.youtube.com/watch?v=m-G1ag77aVc,UgxM3QrnrdyR3OJms7d4AaABAg,youtube-data-api-v3/commentThreads.list,
2.25,education_gap,youtube,Why are you not considering Liquidity sweep at support or resistance?,0,0,https://www.youtube.com/watch?v=m-G1ag77aVc,UgxMuCpsh29U7U44xYl4AaABAg,youtube-data-api-v3/commentThreads.list,
2.25,strategy_rules,youtube,Can this strategy be combined with Wave Analysis?,0,0,https://www.youtube.com/watch?v=w8rfTNCer2A,UgxRd_eBp6cTrcCK_SN4AaABAg,youtube-data-api-v3/commentThreads.list,
2.25,broker_platform,youtube,Looking at your screens is that one instance of THINK OR SWIM spread to all those screens ??,0,0,https://www.youtube.com/watch?v=Cq9mF42y2UQ,UgxT9GHp6kqjR8fMu0N4AaABAg,youtube-data-api-v3/commentThreads.list,
2.25,education_gap,youtube,great info but  talking about ORB  without showing any charts ???,0,0,https://www.youtube.com/watch?v=T06ayy3-zs8,UgxTr2q_gmqpmcExlbF4AaABAg,youtube-data-api-v3/commentThreads.list,
2.25,other_question_or_pain,youtube,are you still trading ?,0,0,https://www.youtube.com/watch?v=JhBX0TQ41H8,UgxU1ya2etYJUo36YSR4AaABAg.AAM4VQ7C3HfANs8MaW8H55,youtube-data-api-v3/commentThreads.list,
2.25,other_question_or_pain,youtube,When did you start trading 💹???,0,0,https://www.youtube.com/watch?v=GKN-iVjJpyA,UgxVQit3bNrf0XFqNL94AaABAg.A2SNzVhq5l4A3b0qOnX7Yo,youtube-data-api-v3/commentThreads.list,
2.25,other_question_or_pain,youtube,"I like her explanations! But then again I’m a woman. 😅 
More chart illustrations and examples would be helpful though.",0,0,https://www.youtube.com/watch?v=6-2WXJFyBhE,UgxWLVrJgpY1wP1Umfl4AaABAg.AXyv-xhxgdeAY0AXkVQDXs,youtube-data-api-v3/commentThreads.list,
2.25,education_gap,youtube,Hi Pat.  I consider myself an intermediate trader.  How do you feel about prop firms?  I'm a Canadian.,0,0,https://www.youtube.com/watch?v=-QkFsIBmqSA,UgxWk0R7bWxSYaFwub94AaABAg,youtube-data-api-v3/commentThreads.list,
2.25,other_question_or_pain,youtube,@TTrades_edu I trade in the UK and trade the DAX . Would you use NY time to indicate the start/finish of the day when looking for PDL and PDH or use the time that the markets trading?,0,0,https://www.youtube.com/watch?v=U8xH2dEgH5A,UgxXguAifCHKCry2xvR4AaABAg.9rWB7vJV0bn9rXjSVTCv8O,youtube-data-api-v3/commentThreads.list,
2.25,education_gap,youtube,Does anyone even know how ttrades look like ?,0,0,https://www.youtube.com/watch?v=q1NmxUTm4n4,UgxXurKwsBA6tFxap3R4AaABAg.9nFaLZlZPAcA9ghXquotmM,youtube-data-api-v3/commentThreads.list,
2.25,other_question_or_pain,youtube,Do you have a scholarship option for someone who is financially zero? as i do feel like i am trading blind even though i have done a course ... just curious 🙏,0,0,https://www.youtube.com/watch?v=cIv3bcPylr4,UgxYOzvJu4tMIsSnOmx4AaABAg,youtube-data-api-v3/commentThreads.list,
2.25,education_gap,youtube,*Chris James Cooks*~ really appreciate him. he's one of the smartest and most supportive mentor I've ever learned from. His mindset and the way he explains things really helped me a lot,0,0,https://www.youtube.com/watch?v=3JoMwrrN89E,UgxYae9IL_FM_xPPu_B4AaABAg.AYU91isAE9HAYU9cG_fDJs,youtube-data-api-v3/commentThreads.list,
2.25,other_question_or_pain,youtube,But the real question is are you profitable with this?,0,0,https://www.youtube.com/watch?v=JhBX0TQ41H8,UgxYajapvJzd5X1jxlB4AaABAg.AALlVP4LsHAAPFUwmM5YVD,youtube-data-api-v3/commentThreads.list,
2.25,strategy_rules,youtube,Hey Pat! Just wanted to say that I appreciate you and your videos so much. Buying your FX VIP was the best decision ever ❤️ I have one question… Which are the best currency pairs to use this strategy on?,0,0,https://www.youtube.com/watch?v=R9yZSDpdCGE,Ugx_2PNGhL_2jKpJ0Ql4AaABAg,youtube-data-api-v3/commentThreads.list,
2.25,other_question_or_pain,youtube,"@JeaFxForexTradinghi Jea, I am new to trading and I think I should 1st should trade with the trend before trying to catch counter trend trading< don’t you think ? I loved your video but I don’t think I’m ready for this kind of trading.",0,0,https://www.youtube.com/watch?v=LclxDYccla8,Ugx_9_eOZSeeMW9qxB54AaABAg.9vosaoO1k32AKc3F19AZN5,youtube-data-api-v3/commentThreads.list,
2.25,other_question_or_pain,youtube,Does it work the same way on option charts too?,0,0,https://www.youtube.com/watch?v=JL7HdUKRxfI,Ugxb3maWxmNFyWq_Iqd4AaABAg,youtube-data-api-v3/commentThreads.list,
2.25,education_gap,youtube,how to fing this autotrading button guys pleasee ??,0,0,https://www.youtube.com/watch?v=hSldTDpCfcc,UgxbYoQKLw38G0lskKd4AaABAg,youtube-data-api-v3/commentThreads.list,
2.25,education_gap,youtube,what trading app are you using?,0,0,https://www.youtube.com/watch?v=-QkFsIBmqSA,UgxcZd5jK96O463a1sd4AaABAg,youtube-data-api-v3/commentThreads.list,
2.25,strategy_rules,youtube,Do you still use the strategy?,0,0,https://www.youtube.com/watch?v=R9yZSDpdCGE,UgxfjjEFtGuZ20s6YC94AaABAg.AMXh065ja8AAOHOxBGY9Ss,youtube-data-api-v3/commentThreads.list,
2.25,strategy_rules,youtube,"Thank you for this video, do you have a particular scan to find potential setups like this?",0,0,https://www.youtube.com/watch?v=JL7HdUKRxfI,UgxfnXpBFGaVX6iQqHp4AaABAg,youtube-data-api-v3/commentThreads.list,
2.25,strategy_rules,youtube,When is the best time to get out of the trade with this strategy?,0,0,https://www.youtube.com/watch?v=6-2WXJFyBhE,Ugxi1xAFE6bCitmj9ux4AaABAg,youtube-data-api-v3/commentThreads.list,
2.25,other_question_or_pain,youtube,Thanks bro you have helped me a lot,0,0,https://www.youtube.com/watch?v=AIeBNqf8RBA,Ugxi9qe7VXiKnP96aSl4AaABAg,youtube-data-api-v3/commentThreads.list,
2.25,psychology,youtube,"Honestly, in this day and age you have access to these same tools too. Dealer gamma? Check - that's SpotGamma. Bookmap heat data and orders? Check. Level 2 data? Check. You have all the data you need, you just have to have a process and be disciplined and consistent",0,0,https://www.youtube.com/watch?v=3JoMwrrN89E,UgxiFTfo7edOzf6WKLh4AaABAg.AYFkAZ3OESwAYFzAV59X53,youtube-data-api-v3/commentThreads.list,
2.25,strategy_rules,youtube,"Thanks Pat. I have been using your Demand and Supply Strategy and I really wanna say its so easy, simple and Helpful. Now getting consistent with it so that I can become a consistently profitable trader.",0,0,https://www.youtube.com/watch?v=nkMzaQqpFbw,UgxiMj7Ip_fCnHXFxNF4AaABAg,youtube-data-api-v3/commentThreads.list,
2.25,other_question_or_pain,youtube,Thank you 4 this video. It helps me a lot 🎉,0,0,https://www.youtube.com/watch?v=q1NmxUTm4n4,UgxjwCiSPKhf6EjSwR54AaABAg,youtube-data-api-v3/commentThreads.list,
2.25,education_gap,youtube,"You must be a proffitable trader. If what you teach is true you can trade and get million dollars. I wonder why do you and all others on youtube in the same boat sharing those affiliate links and asking us to join via that link to get a few commision. If you can trade and get Millions why are you wasting time creating these videos for youtube. Just asked, cause i am confused. Any way thanks for the video. Cheers.",0,0,https://www.youtube.com/watch?v=uDJI2AbyyCs,UgxmzZiPXk_KLabFHfZ4AaABAg.9xx5s1y_scGAMS3KgOeRls,youtube-data-api-v3/commentThreads.list,
2.25,other_question_or_pain,youtube,"hey Patrick you don't talk about , short positions , is the same thing ? down trend ecc .. ?",0,0,https://www.youtube.com/watch?v=JL7HdUKRxfI,Ugxn2zM7pozh7sNQG8F4AaABAg,youtube-data-api-v3/commentThreads.list,
2.25,other_question_or_pain,youtube,"Yes he is good on it and He is actually giving a QUICK email messages and he has help me a lot 
You can check your email if you're lucky",0,0,https://www.youtube.com/watch?v=w8rfTNCer2A,Ugxn9I7vkYVdDFkY9R54AaABAg.Aa42HK1rDiJAawTQbPLwG3,youtube-data-api-v3/commentThreads.list,
2.25,education_gap,youtube,"At 8:50, the displacement occurred on a bullish candle. I assumed price would move higher after sweeping the Asia low. How should the subsequent price action after the displacement be interpreted?",0,0,https://www.youtube.com/watch?v=YESqIoA7Wyg,UgxpKlwEt8c6SQXgjXl4AaABAg,youtube-data-api-v3/commentThreads.list,
2.25,other_question_or_pain,youtube,Are you profitable from it? 😂,0,0,https://www.youtube.com/watch?v=cIv3bcPylr4,Ugxv9ycpTrrSpAsIqMh4AaABAg.AQZ2VCkOoryAQw0obeOX_5,youtube-data-api-v3/commentThreads.list,
2.25,entry_timing,youtube,"I've operated with this technique for a while. Problem is when you think market is uptrend, but it starts to go opposite and consistently. Once the market goes against you, you tend to increase the position, might entering on levels you think will hold, which might in fact not hold. And the more you increase the position the more is difficult to move your average price, while the market might stay for a while at much lower price... or go so down that you will have to fight with your margins (if you are able to do that!). It might require quite some time and nerves before it comes back at exit levels. On the other side, if the market goes in your favour, you will have a small position size, so smaller gains. Therefore overall, I would not advise this technique, you have to be really very careful+luck that you dont find in these situations, that when happen, are very painful. Better take a stop right away and keep operational.",0,0,https://www.youtube.com/watch?v=Cq9mF42y2UQ,UgxvIU0tsSLFdiqZm8B4AaABAg,youtube-data-api-v3/commentThreads.list,
2.25,education_gap,youtube,How do you get the live trading account window?,0,0,https://www.youtube.com/watch?v=hSldTDpCfcc,Ugxw5BCpGjjO5_ieSjF4AaABAg,youtube-data-api-v3/commentThreads.list,
2.25,entry_timing,youtube,"This really wasn't hard to understand, I don't know where you got confused. She told you where to set your stops, where to enter, and her video told you her first exit target anyway, around the 14:00 mark ish. It's roughly the midpoint of the 4 hr candle.",0,0,https://www.youtube.com/watch?v=6-2WXJFyBhE,Ugxwwj9sLMFIeWS_fSp4AaABAg.AXzT9SmrhAoAY26hz88JZG,youtube-data-api-v3/commentThreads.list,
2.25,strategy_rules,youtube,"Thank you sir for the information,I had a question,if price reaches the order block which was marked on weekly timeframe,do you always wait for the break of structure in 4 hourly timeframe or you can even use 1 hourly timeframe ? Thank you",0,0,https://www.youtube.com/watch?v=GKN-iVjJpyA,UgxxHyUPgeeF0197APB4AaABAg.AMzP2uj13n-AOwsvo4E9kg,youtube-data-api-v3/commentThreads.list,
2.25,other_question_or_pain,youtube,Can you help me trade. Am new here,0,0,https://www.youtube.com/watch?v=91-eWDvL-No,Ugy-ZANPHLyZ1Va-K8J4AaABAg.A8VM8T2p95OARdSuyPygrL,youtube-data-api-v3/commentThreads.list,
2.25,other_question_or_pain,youtube,Can you make a video on Journaling trades?,0,0,https://www.youtube.com/watch?v=pORrgC7GjkM,Ugy2nSw4jFi-YXvpW014AaABAg,youtube-data-api-v3/commentThreads.list,
2.25,education_gap,youtube,It will be really helpful if you show us on the charts how to execute these trades and what they look like.,0,0,https://www.youtube.com/watch?v=Cq9mF42y2UQ,Ugy4luMnbgeWQXWQeId4AaABAg.APAWo9E05HJAZbOMC4Zhc3,youtube-data-api-v3/commentThreads.list,
2.25,risk_management,youtube,I like the 1 hr+ charts but it's hard to layout a trade with reasonable risk on such a high time frame. Suggestions?,0,0,https://www.youtube.com/watch?v=cIv3bcPylr4,Ugy5_r1hn_mtxLdWzW94AaABAg,youtube-data-api-v3/commentThreads.list,
2.25,other_question_or_pain,youtube,"As a beginner, you can earn money with the guidance of a sincere and professional trader who can help you execute trades.",0,0,https://www.youtube.com/watch?v=JD_sWSjIiJE,Ugy6xCofqZDS3ij0pGB4AaABAg.AEsaLFLbt4oAEsas5rQZLU,youtube-data-api-v3/commentThreads.list,
2.25,education_gap,youtube,How long have you been trading?,0,0,https://www.youtube.com/watch?v=yaCM_cr5BXo,Ugy7w6VjlLgNHvgmmkZ4AaABAg.AJruWSmOa3fAMRR-AehGao,youtube-data-api-v3/commentThreads.list,
2.25,education_gap,youtube,What’s your honest thoughts on trading forex over futures??   🙏 🙏 🙏,0,0,https://www.youtube.com/watch?v=-QkFsIBmqSA,Ugy8LSKQODraO8xJVVh4AaABAg,youtube-data-api-v3/commentThreads.list,
2.25,education_gap,youtube,Can you help me learn how to trade,0,0,https://www.youtube.com/watch?v=wIyZcY6kNuo,UgyGMxxfjB6mmv0majV4AaABAg.9yYJ-wq1MLZAS1deN0E7nI,youtube-data-api-v3/commentThreads.list,
2.25,other_question_or_pain,youtube,REally? Without Charts??? !!!!!!!!!!!!!!!!!!!!!!!!!!!!!!!!!!!!!!!!!!!!!!!!!!!!!!!!!!!!!!!!,0,0,https://www.youtube.com/watch?v=v97Efp_UDC0,UgyHVBmL56hdWj3MGcZ4AaABAg,youtube-data-api-v3/commentThreads.list,
2.25,other_question_or_pain,youtube,"Next three months I will be moving home, and just had my mothers funeral two weeks back. Still trying to stay focused on my passion - Trading! Love your live streams, Pat, and your videos! This one in particular was a great reminder regarding trending markets against ranging - Which will also help with trying to work out when to switch on and off, Fury. And, of course, also helps with live, manual trading with descretion for day trading. I feel I'm now in the right place and group with TWP - Thanks",0,0,https://www.youtube.com/watch?v=nkMzaQqpFbw,UgyITfnbbRfmSNoaLHZ4AaABAg,youtube-data-api-v3/commentThreads.list,
2.25,other_question_or_pain,youtube,Bro nice stragity but I would like to know on which best leverage you mark ?50x 40x 30x I dont know which is the best ?because liquidation can wipe you up .,0,0,https://www.youtube.com/watch?v=R9yZSDpdCGE,UgyJm7jmJEBKO0SUoVR4AaABAg,youtube-data-api-v3/commentThreads.list,
2.25,other_question_or_pain,youtube,If I become profitable this yr jae I swear u one of the reasons ur videos helps me a lot,0,0,https://www.youtube.com/watch?v=m-G1ag77aVc,UgyLVe20LlH9qA0p3UV4AaABAg,youtube-data-api-v3/commentThreads.list,
2.25,other_question_or_pain,youtube,Is this without weapon industry support?,0,0,https://www.youtube.com/watch?v=g0BPjHd4OP8,UgyMhgLM3m_uBglZIed4AaABAg,youtube-data-api-v3/commentThreads.list,
2.25,education_gap,youtube,I'm a newbie and I've lost a lot of money trading on my own. Please can you advise on how to go about this?,0,0,https://www.youtube.com/watch?v=JXHrTloZ-nE,UgyOJkaJjCns9jPyJ_J4AaABAg.AaSPau36QHZAaSPlBTPhBH,youtube-data-api-v3/commentThreads.list,
2.25,other_question_or_pain,youtube,Are you profitable now???,0,0,https://www.youtube.com/watch?v=U8xH2dEgH5A,UgyQJSNJeGlNuHC0P_h4AaABAg.9xUSPBtOzVEA5ZJRn5GyL0,youtube-data-api-v3/commentThreads.list,
2.25,other_question_or_pain,youtube,"​@DavidRoberts-j4vHey I'm a Forex trader let's connect, I can help you upgrade your skill and maybe trade ab account for you in a sharing profit ratio agreement.",0,0,https://www.youtube.com/watch?v=9nRFcetXqkA,UgyRVOKa_Uj2w8YJyVB4AaABAg.AMzqPnoOfNaANGrw8w70FI,youtube-data-api-v3/commentThreads.list,
2.25,other_question_or_pain,youtube,is there such thing as 4hr candle from 5am to 9am for futures??,0,0,https://www.youtube.com/watch?v=6-2WXJFyBhE,UgyTCKtw_kcYXi_koqx4AaABAg,youtube-data-api-v3/commentThreads.list,
2.25,education_gap,youtube,What are the basics? I have learned liquidity,0,0,https://www.youtube.com/watch?v=LclxDYccla8,UgyUIYU3DEoROf2wb2R4AaABAg.9vp-hQHf6YEA9RTTJOk-Pd,youtube-data-api-v3/commentThreads.list,
2.25,other_question_or_pain,youtube,Please I'm having issues with identifying liquidity please can you help out​@darkdart2497,0,0,https://www.youtube.com/watch?v=LclxDYccla8,UgyUIYU3DEoROf2wb2R4AaABAg.9vp-hQHf6YEAI1B-kZF9q4,youtube-data-api-v3/commentThreads.list,
2.25,strategy_rules,youtube,my friend pat i used 1minute time frame for confirmation on orb strategy is thats good or not?,0,0,https://www.youtube.com/watch?v=w8rfTNCer2A,UgyUea2RMSOpUxyorkR4AaABAg,youtube-data-api-v3/commentThreads.list,
2.25,entry_timing,youtube,"This trade looked clean  but is it part of a real system or just a lucky entry?
1-min scalping is brutal without rules.",0,0,https://www.youtube.com/watch?v=JXHrTloZ-nE,UgyY7mEmkGaODJy4ORV4AaABAg.AaNA1PKrAc6AaNAIEJWtP7,youtube-data-api-v3/commentThreads.list,
2.25,other_question_or_pain,youtube,"Thanks, the explanation is master; it is helping a lot. Yes, for the indepth study. Be blessed, brother.",0,0,https://www.youtube.com/watch?v=CHIK5oBRKiw,UgyZBw2GwX63vpIQ2od4AaABAg,youtube-data-api-v3/commentThreads.list,
2.25,other_question_or_pain,youtube,Grind trading?,0,0,https://www.youtube.com/watch?v=hSldTDpCfcc,UgyZHgUu0YrBRQ7yzDt4AaABAg.ABu_FsJOsYnACAS05di0yh,youtube-data-api-v3/commentThreads.list,
2.25,education_gap,youtube,"It would be nice if one can know the trend beforehand... But the problem is no one can tell what the market's next move will be, let alone the trend. Ultimately, one will enjoy the game if one has money to lose. Otherwise, doing YT videos is the better way to go... LoL ... 😊",0,0,https://www.youtube.com/watch?v=Cq9mF42y2UQ,Ugy_-pHNfHZ4nFUrrU54AaABAg,youtube-data-api-v3/commentThreads.list,
2.25,education_gap,youtube,"Yep it's a long road, but one day you'll reach the end of the road and decide the methods are already good enough.
Lose a little, win a lot is the name of the game, not win every trade.
Then automate your strategies, let EAs get beaten up day in day out while you put your feet up..

95% of trades are automated, yet retail somehow thinks they can beat the computers, yet most can't even beat the PlayStation.
Makes no sense, no wonder 95% lose in the market.
An EA only needs 5-10 conditions or less to either take a trade / close or ignore a trade, coders will write an EA for anyone for a small fee, just give them the conditions job done, time to put your feet up again..",0,0,https://www.youtube.com/watch?v=3JoMwrrN89E,Ugy_3WHIW10-G0Iq9714AaABAg.AYGA7QItj7nAYqjqQ2xqXX,youtube-data-api-v3/commentThreads.list,
2.25,strategy_rules,youtube,thanks ur vdos helped me to refine my strategy...thanks again,0,0,https://www.youtube.com/watch?v=m-G1ag77aVc,Ugyazjbb_dOVtjrZ_vl4AaABAg,youtube-data-api-v3/commentThreads.list,
2.25,other_question_or_pain,youtube,@mphopatricia1247 has your trading improved?,0,0,https://www.youtube.com/watch?v=ygleB1CLhUE,Ugyb9LE04z5t2smkyVd4AaABAg.AJagn_pvIkWALFQfMpnVWg,youtube-data-api-v3/commentThreads.list,
2.25,broker_platform,youtube,"The market is NOT a zero sum game. If it was then who pays for the brokerage and fees?  So there is no zero sum gain, someone has to pay the bro and fees.",0,0,https://www.youtube.com/watch?v=6-2WXJFyBhE,Ugybr7BGv5INwOtuqrx4AaABAg,youtube-data-api-v3/commentThreads.list,
2.25,other_question_or_pain,youtube,Thanks so much for your videos man. You have really helped my trading a lot. Props to you.,0,0,https://www.youtube.com/watch?v=1YRs4Z1lMws,UgybrTUyJLjfkUau5IJ4AaABAg,youtube-data-api-v3/commentThreads.list,
2.25,education_gap,youtube,I have NY time checked but my 4 hr candle doesn’t close when yours does. Why is that? I live in NC.,0,0,https://www.youtube.com/watch?v=6-2WXJFyBhE,UgyeNsJ7XFuIAEBmeeJ4AaABAg,youtube-data-api-v3/commentThreads.list,
2.25,education_gap,youtube,"What platform are you using? All my platforms have a 4hr candle at 5-9 on the futures charts. That said, marking the 1hr box will work just fine and you'll see the process play out",0,0,https://www.youtube.com/watch?v=6-2WXJFyBhE,UgyeZ2h2UDF_BXhf4QB4AaABAg.AXyloUE3JkMAY26X9ubxFP,youtube-data-api-v3/commentThreads.list,
2.25,psychology,youtube,"You’ve already helped me become a more confident trader, and I’m so grateful for that! 🙏 Over the next 3 months, I want to focus on consistency, discipline, and steady growth. Winning this membership would be a dream come true to keep improving under your guidance! 🚀",0,0,https://www.youtube.com/watch?v=nkMzaQqpFbw,UgygQX3KuA8dlCyHo7h4AaABAg,youtube-data-api-v3/commentThreads.list,
2.25,other_question_or_pain,youtube,Which trading plataform is good to set alerts?,0,0,https://www.youtube.com/watch?v=cQzisFQRg3c,UgyggNlotj732hrgKet4AaABAg.AV5hlcXLImgAVB5uk9AgZM,youtube-data-api-v3/commentThreads.list,
2.25,education_gap,youtube,"Been trading for a while now, but for whatever reason always struggled to understand order blocks, however I do now you explained this amazing !",0,0,https://www.youtube.com/watch?v=DMUiDBnTYc8,UgyiG3wf3usUlr6lCzh4AaABAg,youtube-data-api-v3/commentThreads.list,
2.25,other_question_or_pain,youtube,"10 screens to trade really? With 27k followers after 35 years of trading? Well, strange.",0,0,https://www.youtube.com/watch?v=pORrgC7GjkM,UgyiLfPWJUYcVywb8qx4AaABAg,youtube-data-api-v3/commentThreads.list,
2.25,other_question_or_pain,youtube,​@TTrades_eduShould wicks be considered when looking for an OB in any instance?,0,0,https://www.youtube.com/watch?v=CHIK5oBRKiw,UgyiOcs69ZHUjJRoNFZ4AaABAg.9xOafnZsThAA01tYGorbJL,youtube-data-api-v3/commentThreads.list,
2.25,education_gap,youtube,"Hi Raghee, how are you? My name is Ademar, and I'm from Brazil. I have been trading in prop firms for 3 years. I've managed to pass the evaluations before, but I couldn't maintain consistency. I have accumulated a very large loss. Today, I am no longer trading because I lost a lot of money. I blew my accounts 23 times, and I honestly don't know how to pick myself up.
I watched your videos, and your approach is completely different from all the other videos and training I’ve ever had. I am going to rewatch all of your content and try to relearn everything from scratch. Your knowledge truly fascinated me and gave me a glimmer of hope, but I know I need to keep studying. I used to trade Nasdaq, but I believe I still have a lot to learn.
Thank you so much for your advice and knowledge. I believe many traders learn a great deal from you.
Best regards,
Ademar""",0,0,https://www.youtube.com/watch?v=JXHrTloZ-nE,UgyjeHLnmrx63I7bY0B4AaABAg,youtube-data-api-v3/commentThreads.list,
2.25,other_question_or_pain,youtube,"Hey your video is really useful.. and the level works.. would like to know whether refined zone or indicesion candle can be spotted on Daily or weekly time frame? Please suggest which time frame is best for stocks and indices..
Thanks",0,0,https://www.youtube.com/watch?v=m-G1ag77aVc,UgykolSQFsIa9_pe-Qt4AaABAg,youtube-data-api-v3/commentThreads.list,
2.25,education_gap,youtube,Hey pat can you explain about the last conformation candle that you're waiting for ?,0,0,https://www.youtube.com/watch?v=JL7HdUKRxfI,UgylIzpIMgiCxc-yifZ4AaABAg,youtube-data-api-v3/commentThreads.list,
2.25,risk_management,youtube,​@TheSlyfoxgame if you don't understand you need to study more this is elementary if you understand the market structure,0,0,https://www.youtube.com/watch?v=6-2WXJFyBhE,UgyoGoqTM9Ck_KWA9Hl4AaABAg.AYXwgAXhyCPAZznBud5od6,youtube-data-api-v3/commentThreads.list,
2.25,other_question_or_pain,youtube,"I’ve also heard a lot about Jason, but no one ever shares his details. Please can you share?🙏🙏",0,0,https://www.youtube.com/watch?v=JXHrTloZ-nE,UgypzfFHEQrCq1Z2wJl4AaABAg.AaZozKHZK4rAaZpaShaGdS,youtube-data-api-v3/commentThreads.list,
2.25,other_question_or_pain,youtube,"When Will you post more live trading in here? Learning a lot from those, with all your thoughts and build-up explanation. Thanks in advance.",0,0,https://www.youtube.com/watch?v=sclIAK3x2dw,Ugyq2TgPhxMGXS77fOl4AaABAg,youtube-data-api-v3/commentThreads.list,
2.25,education_gap,youtube,"The absolute best explanation of what SMT divergence is. I have watched many videos, spoken to many traders and never have i seen such a clear explanation. Thank you TT Trades, please continue to help us all with your videos. Many thanks",0,0,https://www.youtube.com/watch?v=q1NmxUTm4n4,UgyqTVmsK0xTaoEElf54AaABAg,youtube-data-api-v3/commentThreads.list,
2.25,other_question_or_pain,youtube,"I trade with the help of an expert trader, he's the backbone behind my success as a trader, his trading strategies are top notch. I’m guided by Rolando Diaz",0,0,https://www.youtube.com/watch?v=GKN-iVjJpyA,UgyscRynhMiRF-NjcWl4AaABAg.AHOFMFEuwqxAHOIPHOqtoY,youtube-data-api-v3/commentThreads.list,
2.25,education_gap,youtube,What you think of signals by FXFARO?,0,0,https://www.youtube.com/watch?v=G2THP1LGPB0,UgyvGV9tMaup8CGpJSV4AaABAg.A7qvpJF80zLATkLCRA9rBm,youtube-data-api-v3/commentThreads.list,
2.25,strategy_rules,youtube,@MarkPerry-f1c Who did you talk to? I feel like I need a more grounded strategy.,0,0,https://www.youtube.com/watch?v=g0BPjHd4OP8,UgywiWcYi6tuo5ITE4B4AaABAg.AVW1kvdcVVIAVbemzmvDUL,youtube-data-api-v3/commentThreads.list,
2.25,other_question_or_pain,youtube,"@TTrades_edu but do you think the trade has a higher probability, when you are using session liquidity?",0,0,https://www.youtube.com/watch?v=MPeeE55rNOw,UgyyxN2R-tyVJUOrrKh4AaABAg.9vkYfwQ218n9vmWVoStWW7,youtube-data-api-v3/commentThreads.list,
2.25,other_question_or_pain,youtube,This breakdown of liquidity sweeps and inducements is incredibly clear and helpful! A must-watch for any serious trader,0,0,https://www.youtube.com/watch?v=9nRFcetXqkA,UgyzBxuQRIM5oATVovV4AaABAg,youtube-data-api-v3/commentThreads.list,
2.25,other_question_or_pain,youtube,"SMT is a liquidity sweep after which price can't break some structure. Instead of a top/bottom, it becomes SMT. If you can define 'BOS', you know when it stops being SMT and starts to exist as an inducement.",0,0,https://www.youtube.com/watch?v=q1NmxUTm4n4,Ugyzbi4XlLWUX2NDJ6F4AaABAg.APJzW7nj-yQAPW6eUws67q,youtube-data-api-v3/commentThreads.list,
2.25,education_gap,youtube,"I've realized how much I've lost trading without any professional guidance. It has definitely been a tough journey. I'm keen to learn more about the expertise you follow. What guidance or resources do you recommend for navigating this current bear market?""",0,0,https://www.youtube.com/watch?v=wIyZcY6kNuo,Ugz-QT_l-VWKZt8lLRd4AaABAg.AWxYS1sd9KfAWxYjIcdAcS,youtube-data-api-v3/commentThreads.list,
2.25,education_gap,youtube,Would love to teach us about pips. How do we calculate pips? Or How do we go about pips?,0,0,https://www.youtube.com/watch?v=m-G1ag77aVc,Ugz2qvI_vc6xLO1v61J4AaABAg.AIStdcSrdJiAITARIRKxJD,youtube-data-api-v3/commentThreads.list,
2.25,other_question_or_pain,youtube,"The problem with Trader #1 was his inverse R2R, not really his small wins. His losses should have been equally measured. Plenty of seasoned scalpers understand this.",0,0,https://www.youtube.com/watch?v=JXHrTloZ-nE,Ugz4ebMpqQgdLZKNSD94AaABAg,youtube-data-api-v3/commentThreads.list,
2.25,education_gap,youtube,ok but how do you choose which one to trade?,0,0,https://www.youtube.com/watch?v=q1NmxUTm4n4,Ugz4tlSr2jpVn4epv-t4AaABAg,youtube-data-api-v3/commentThreads.list,
2.25,education_gap,youtube,"Hello, how did you do it? I'm a newbie and I've lost a lot of money investing on my own. Please can you advise on how to go about this?",0,0,https://www.youtube.com/watch?v=3JoMwrrN89E,Ugz67dLJtOYCWGM35nR4AaABAg.AYjoJnemLtLAYjo_T_ELT0,youtube-data-api-v3/commentThreads.list,
2.25,strategy_rules,youtube,"amazing video thank you!! does your strategy also work for swing trading stocks before I start backtesting, do you also do mentoring for swing trading stocks or do you only trade forex and commodities?",0,0,https://www.youtube.com/watch?v=JL7HdUKRxfI,Ugz7e-sFbKif8Idqsfl4AaABAg,youtube-data-api-v3/commentThreads.list,
2.25,education_gap,youtube,@RobertoA.BeckmanWhat’s your commission for promoting some no name trader? This woman has 35 years of success.,0,0,https://www.youtube.com/watch?v=DZ08d8ORc_M,UgzA3uEWcFsGZPBBg8J4AaABAg.AQnpkt1eDxqAQoAu9VMRLZ,youtube-data-api-v3/commentThreads.list,
2.25,other_question_or_pain,youtube,Can u make the bearish swing video u mentioned at the end of this video? Looking fwd to it,0,0,https://www.youtube.com/watch?v=JL7HdUKRxfI,UgzAMjMEqHlf6VaxCBl4AaABAg,youtube-data-api-v3/commentThreads.list,
2.25,other_question_or_pain,youtube,"Thank you, TTrades, for your valuable education! Your guidance has been instrumental in helping me become a profitable trader. I truly appreciate your efforts and support. Sending love from Cambodia. 🇰🇭❤",0,0,https://www.youtube.com/watch?v=CHIK5oBRKiw,UgzBFXu0HU0NSJrj4_l4AaABAg,youtube-data-api-v3/commentThreads.list,
2.25,other_question_or_pain,youtube,Thank you a lot for this helpful video ! 💪,0,0,https://www.youtube.com/watch?v=m-G1ag77aVc,UgzCoNX4hs2dGKhrIwV4AaABAg,youtube-data-api-v3/commentThreads.list,
2.25,education_gap,youtube,Plz I just want to start trading I don't know what app to use please I need help,0,0,https://www.youtube.com/watch?v=wIyZcY6kNuo,UgzCvR7ERgVb3skAynZ4AaABAg.9uEd_mlQkVqARqYmiFhj4h,youtube-data-api-v3/commentThreads.list,
2.25,risk_management,youtube,Is that bot adjusting TP and SL dynamically?,0,0,https://www.youtube.com/watch?v=hSldTDpCfcc,UgzE1Uc4wHi9Qo4VzCJ4AaABAg,youtube-data-api-v3/commentThreads.list,
2.25,strategy_rules,youtube,"Isn't the strategy of video 2 in your playlist called dollar cost averaging? I do this in paper trading quite often and some times I have to eat a loss but more often, I end up with a nice position that only needs to get a small rejection to win or at worst break even. It's good enough that I plan to continue using it in my swing trades.",0,0,https://www.youtube.com/watch?v=Cq9mF42y2UQ,UgzEh7VsSV9iwgBzpXd4AaABAg,youtube-data-api-v3/commentThreads.list,
2.25,strategy_rules,youtube,"Hi Pat. Thank you for this strategy andI'm going to try it on demo account. One question, can I use it on 5M/1M timeframe?",0,0,https://www.youtube.com/watch?v=R9yZSDpdCGE,UgzIg9850VT09cGPWn94AaABAg,youtube-data-api-v3/commentThreads.list,
2.25,risk_management,youtube,"Tradewithpat 
If buy purchase robot one time payment after lifetime or year annual 
Everyday earning profits 100% or 80% 
Risk loss..
I can't speak n hear 
I am deaf my Person with Disability from India 
I was msg sent your Instragram 
Please reply to me",0,0,https://www.youtube.com/watch?v=WFRBLxKCtPw,UgzK8E4VrytXLqLuHYF4AaABAg.APBWU_4z0nHAPB_cXsy80l,youtube-data-api-v3/commentThreads.list,
2.25,other_question_or_pain,youtube,Can I finally make profit with your bot? It looks amazing and best robot ever seen,0,0,https://www.youtube.com/watch?v=WFRBLxKCtPw,UgzK8E4VrytXLqLuHYF4AaABAg.APBWU_4z0nHAPBkzsdv8LT,youtube-data-api-v3/commentThreads.list,
2.25,other_question_or_pain,youtube,hi do you have forex robot for mobile phone ? thank you,0,0,https://www.youtube.com/watch?v=hSldTDpCfcc,UgzKxCTKbX1LzQdGnMp4AaABAg,youtube-data-api-v3/commentThreads.list,
2.25,other_question_or_pain,youtube,It'd helpful with chart,0,0,https://www.youtube.com/watch?v=v97Efp_UDC0,UgzMaHIUpUTicKFYy4N4AaABAg,youtube-data-api-v3/commentThreads.list,
2.25,other_question_or_pain,youtube,Do you know any trusted signal providers?,0,0,https://www.youtube.com/watch?v=G2THP1LGPB0,UgzNFJuWyLRicjgZVXR4AaABAg.9wljFD6M3GWA6t3lnPHdw-,youtube-data-api-v3/commentThreads.list,
2.25,education_gap,youtube,"Would you analyse BE for this last week and what you would have done, and where it may have got you? Made over all, but fought losses twice this week that surprised me.",0,0,https://www.youtube.com/watch?v=T06ayy3-zs8,UgzPCIqIQdg9-zJ93vp4AaABAg,youtube-data-api-v3/commentThreads.list,
2.25,broker_platform,youtube,wait so you do your charts on tradingview but trade on mt5 ?,0,0,https://www.youtube.com/watch?v=R9yZSDpdCGE,UgzPEVy4sV0sP5MH5vN4AaABAg,youtube-data-api-v3/commentThreads.list,
2.25,education_gap,youtube,what is the best paper trading account you have been using?,0,0,https://www.youtube.com/watch?v=0xygpCMwxbQ,UgzQCOORyx7T8s_Nh7F4AaABAg.9qVDWM0jQ9DA7jknoKJPTv,youtube-data-api-v3/commentThreads.list,
2.25,education_gap,youtube,"addicted to watching every single tutorials of yours. As a new trader, I find your videos very helpful and super easy to follow. Thank you so much",0,0,https://www.youtube.com/watch?v=JD_sWSjIiJE,UgzQylnqpcTMSaLVTXN4AaABAg,youtube-data-api-v3/commentThreads.list,
2.25,education_gap,youtube,Can you tell me in this example you provided which exact forex pair you worked with and what days of the year it was?,0,0,https://www.youtube.com/watch?v=B_dVwXYQ-oc,UgzSWmkx77WvNVs-TzV4AaABAg,youtube-data-api-v3/commentThreads.list,
2.25,education_gap,youtube,"Not sure if I missed it, but what time freme are these candles? 1 minute, 5, 1 hour, etc?",0,0,https://www.youtube.com/watch?v=DZ08d8ORc_M,UgzTxQJGAYka7Unmfzd4AaABAg,youtube-data-api-v3/commentThreads.list,
2.25,strategy_rules,youtube,sir kindly can you brief The Market Hikes up and down strategy ??,0,0,https://www.youtube.com/watch?v=_94CPMjWi9E,UgzX7HtJWFmG9fhdm5J4AaABAg.9szFYTVFzbu9t4kaFFX9lz,youtube-data-api-v3/commentThreads.list,
2.25,entry_timing,youtube,"Do you provide advise for swing trading to investors?
Which stocks  and when to buy?",0,0,https://www.youtube.com/watch?v=JL7HdUKRxfI,UgzZKltG_IXYbrR_nPd4AaABAg,youtube-data-api-v3/commentThreads.list,
2.25,education_gap,youtube,"If you could show the chart while you talk, that would be very helpful.",0,0,https://www.youtube.com/watch?v=DZ08d8ORc_M,UgzZL6LFVPEeWBXHMfl4AaABAg,youtube-data-api-v3/commentThreads.list,
2.25,other_question_or_pain,youtube,"Hello, like others have said, can you put chart examples in your videos? We appreciate your explanation",0,0,https://www.youtube.com/watch?v=v97Efp_UDC0,UgzZigaqo48vF_UOC554AaABAg.ATdxQYYmaq7AVmqcM-EBEt,youtube-data-api-v3/commentThreads.list,
2.25,education_gap,youtube,Hello pat how come you deleted the telegram chart with me?,0,0,https://www.youtube.com/watch?v=7Hu7Rl1VYgE,UgzcGFEANo3E_EfmXZZ4AaABAg,youtube-data-api-v3/commentThreads.list,
2.25,other_question_or_pain,youtube,@TradewithPat so only email support? not any seperate telegram support channel am i right?,0,0,https://www.youtube.com/watch?v=-QkFsIBmqSA,UgzcYpoMLEpGlT095154AaABAg.ARvbJMujeUKARvgS3yEkSL,youtube-data-api-v3/commentThreads.list,
2.25,other_question_or_pain,youtube,"I really liked this video on liquidity. I don't know English, but since this video is in Hindi, it was extremely helpful to me. Thank you so much; the issue regarding liquidity that you discussed in the video is something I encounter quite frequently.❤❤❤❤",0,0,https://www.youtube.com/watch?v=sclIAK3x2dw,UgzcinyvfZG-rjtFLzF4AaABAg,youtube-data-api-v3/commentThreads.list,
2.25,education_gap,youtube,"I want to take the 30 days trial but I see that you trade ETFs, I have no idea how to go about that. I trade Forex and I had traded crypto. So can I follow you and make it in Forex. I feel like live sessions won't help me since I don't trade your same pairs. 🤔",0,0,https://www.youtube.com/watch?v=cIv3bcPylr4,Ugzdmdk8P9LfiPS8wF54AaABAg.AQXV0IInRBWARX9WxoYWp8,youtube-data-api-v3/commentThreads.list,
2.25,other_question_or_pain,youtube,"​@7o0dyy 143 profit in 1 week?, did u use it 24 hr?",0,0,https://www.youtube.com/watch?v=hSldTDpCfcc,UgzeP6LD6Kx_YtzfXTJ4AaABAg.AGWrnuT3DFsAGmLfUSaAs0,youtube-data-api-v3/commentThreads.list,
2.25,other_question_or_pain,youtube,​@TTrades_edu I need this PDF?,0,0,https://www.youtube.com/watch?v=g3oDYq4P9ZE,UgzfQR6yhDTjXpFSb914AaABAg.9st-ukclDnTANYfQOA3Kgg,youtube-data-api-v3/commentThreads.list,
2.25,other_question_or_pain,youtube,"Man you just make my day with the Fury! Definitely i will purchase it! About the robots are better that me, by the way i am at my beginnings into the trades and when seeing your results, everything makes sense now! Well done buddy! I would appreciate some help here! Regards!",0,0,https://www.youtube.com/watch?v=TvWks6oJ-9U,UgzfS1OC4xO4xy0NO5l4AaABAg,youtube-data-api-v3/commentThreads.list,
2.25,other_question_or_pain,youtube,"I can't earn on Forex, maybe I will with VIP spot :)",0,0,https://www.youtube.com/watch?v=w8rfTNCer2A,UgzffPw15oX6UTDQJG54AaABAg,youtube-data-api-v3/commentThreads.list,
2.25,education_gap,youtube,What happens aif everyone start using this srategy? That will mean institutions wont find liquidity to fill their orders. That means price wont snap back and move to the opposite side,0,0,https://www.youtube.com/watch?v=6-2WXJFyBhE,UgzgQHrOfRWNPHcKavR4AaABAg,youtube-data-api-v3/commentThreads.list,
2.25,strategy_rules,youtube,Can u describe ur strategy more?,0,0,https://www.youtube.com/watch?v=T06ayy3-zs8,UgzhHMrhuMynkxmPmB14AaABAg.AZF5nDeVdzhAZeovyEebJN,youtube-data-api-v3/commentThreads.list,
2.25,strategy_rules,youtube,"Awesome stuff!  I know this is designed for market open, but could you deploy this strategy at any time of the day by selecting the previous 15 min range and following the set up?",0,0,https://www.youtube.com/watch?v=R9yZSDpdCGE,UgzhWgSXKwHupPvaNFd4AaABAg,youtube-data-api-v3/commentThreads.list,
2.25,other_question_or_pain,youtube,"Thats amazing it helped a lot i was confused about it and i have watched a lot of videos but this video is insane it cleared all of my doubts.
Thanks a lot",0,0,https://www.youtube.com/watch?v=_94CPMjWi9E,UgzjC_wnh_Q2NigBM2R4AaABAg,youtube-data-api-v3/commentThreads.list,
2.25,strategy_rules,youtube,"I agree he has too many variations for his ""one"" scalping/stupid strategy. Since all of his strategy videos end with a pitch to join his mentorship program, I'm starting to think he's hoping traders have problems to encourage them to join to resolve the issues they're have with making a ""simple"" strategy work.",0,0,https://www.youtube.com/watch?v=yaCM_cr5BXo,UgzlUrSTkuIrLCgMqS94AaABAg.AOh272G3mkYAOh2uKdrcp-,youtube-data-api-v3/commentThreads.list,
2.25,other_question_or_pain,youtube,does the breakout have to agree with the past trendline? or does it work if it changes trend?,0,0,https://www.youtube.com/watch?v=B_dVwXYQ-oc,UgzltIiLS86D14aiK2N4AaABAg,youtube-data-api-v3/commentThreads.list,
2.25,other_question_or_pain,youtube,You helped me a lot 😊 love you from Pakistan,0,0,https://www.youtube.com/watch?v=3OivsP1j_UE,UgzmCoH5XY9lNm-GnSV4AaABAg,youtube-data-api-v3/commentThreads.list,
2.25,education_gap,youtube,"Quick question about this strat, do you put a buy limit order the moment you see the signs? And if given it's 1min chart how do you quickly know what position size to use?",0,0,https://www.youtube.com/watch?v=B_dVwXYQ-oc,Ugzn6M_6AF4wfJharTV4AaABAg,youtube-data-api-v3/commentThreads.list,
2.25,education_gap,youtube,"I want to believe that, but honestly it feels like the market is rigged against me. I buy perfect support and it breaks 5 pips. I sell perfect resistance and it pumps 50 pips without me. How do people actually see where the big moves are starting before they happen? Because right now I'm always late to the move.",0,0,https://www.youtube.com/watch?v=3JoMwrrN89E,UgznTw1upqgbvVA3Vwt4AaABAg.AYw-XFTpzIaAYw3dcXkhry,youtube-data-api-v3/commentThreads.list,
2.25,education_gap,youtube,I've been making a lot of looses trying to trade on me own😩 How can I start making profits from cryptocurrency and the market? I am still a beginner,0,0,https://www.youtube.com/watch?v=3JoMwrrN89E,Ugzo06EWvyhayMbKSmF4AaABAg.AZUrTblUfKNAZUrk7eiLXa,youtube-data-api-v3/commentThreads.list,
2.25,entry_timing,youtube,"This trade looked clean  but is it part of a real system or just a lucky entry?
1-min scalping is brutal without rules.",0,0,https://www.youtube.com/watch?v=6-2WXJFyBhE,Ugzqkitb45g29EQhl-l4AaABAg.AbDDisYGtBXAbDE87Ime5q,youtube-data-api-v3/commentThreads.list,
2.25,strategy_rules,youtube,@honestone1894 😂😂😂😂 did your strategy work tho ?,0,0,https://www.youtube.com/watch?v=B_dVwXYQ-oc,Ugzs1XoTRpJVnp8azgl4AaABAg.APDo8cjyrhyATd4pMqW50Q,youtube-data-api-v3/commentThreads.list,
2.25,strategy_rules,youtube,I can't find this indicator,0,0,https://www.youtube.com/watch?v=nkMzaQqpFbw,UgzsNtLNwFxGzplZCAx4AaABAg.AO8RISiObSUAYoGsVzoiHL,youtube-data-api-v3/commentThreads.list,
2.25,education_gap,youtube,"How..? Am a newbie in trading, please can you guide me through on how you made profit?",0,0,https://www.youtube.com/watch?v=JXHrTloZ-nE,UgzsgkwB-cKveyxufaF4AaABAg.AaW8I4tZkq5AaW8VCsQNlR,youtube-data-api-v3/commentThreads.list,
2.25,education_gap,youtube,"Big thanks Agatha, I really appreciate her. She's one of the smartest and most supportive mentor I've ever learned from. Her mindset and the way she explains things really helped me a lot😊❤️",0,0,https://www.youtube.com/watch?v=JXHrTloZ-nE,UgzsgkwB-cKveyxufaF4AaABAg.AaW8I4tZkq5AaW8cZTObgP,youtube-data-api-v3/commentThreads.list,
2.25,other_question_or_pain,youtube,"That woman has been so helpful when it comes to generating accurate signals for traders either old or new
We value her here in Finland",0,0,https://www.youtube.com/watch?v=JXHrTloZ-nE,UgzsgkwB-cKveyxufaF4AaABAg.AaW8I4tZkq5AaW8gQuT_qQ,youtube-data-api-v3/commentThreads.list,
2.25,other_question_or_pain,youtube,is there a plan on telegram for swing trading alerts?,0,0,https://www.youtube.com/watch?v=JL7HdUKRxfI,Ugzu6PM630MgHkiz3_t4AaABAg,youtube-data-api-v3/commentThreads.list,
2.25,education_gap,youtube,Nice but what if the trend is going down ???,0,0,https://www.youtube.com/watch?v=JL7HdUKRxfI,UgzvYTIyrl5ZBSF8dVx4AaABAg,youtube-data-api-v3/commentThreads.list,
2.25,strategy_rules,youtube,"Yeah, but you forgot to mention that you can’t use that same “repeatable” strategy in every market regime… I was the iron condor expert until this face ripping melt-up appeared.. and I was thinking “during a war? no way this could never happen!!”",0,0,https://www.youtube.com/watch?v=cQzisFQRg3c,UgzxrprU3S3J2dG6DXp4AaABAg,youtube-data-api-v3/commentThreads.list,
2.25,education_gap,youtube,Why does she never show an actual stock chart?,0,0,https://www.youtube.com/watch?v=v97Efp_UDC0,UgzycUeTOystkbJXxvN4AaABAg,youtube-data-api-v3/commentThreads.list,
2.25,other_question_or_pain,youtube,"Same here the very first time we tried. We invested $1000 and after a week, we received 4,500. That really helped us a lot to pay up our bills",0,0,https://www.youtube.com/watch?v=DZ08d8ORc_M,Ugzyv48uF-4XZMCIjNp4AaABAg.AQzlmsCCpYqAQzrzeUC42M,youtube-data-api-v3/commentThreads.list,
2.25,entry_timing,youtube,"This trade looked clean  but is it part of a real system or just a lucky entry?
1-min scalping is brutal without rules.",0,0,https://www.youtube.com/watch?v=DZ08d8ORc_M,UgzyxQrwXtOYzli_1ZV4AaABAg.AanBjyBhgZDAanBzrApId6,youtube-data-api-v3/commentThreads.list,
2.25,entry_timing,youtube,Can it used just looking at one asset chart? For example gold? Is it simular as after bear or bullish movement it fails to make lower low or Higher high then a watch entry at Mitigation block?? Pls answer,0,0,https://www.youtube.com/watch?v=q1NmxUTm4n4,UgzzPUgg9an6mk0HZEx4AaABAg,youtube-data-api-v3/commentThreads.list,
2.25,other_question_or_pain,youtube,Thank you Raghee! This is some of the most informative knowledge I have come across. Helps a lot!,0,0,https://www.youtube.com/watch?v=T06ayy3-zs8,UgzzzFBAvI7Zim0qUO94AaABAg,youtube-data-api-v3/commentThreads.list,
2.193,strategy_rules|education_gap,youtube,"Exactly—and that’s why this video is called ""Watch Before Trading."" It’s not just another tutorial; it's a reality check on the math. Most gurus sell courses promising riches, but few show you the capital requirements. If you’re trading small, every mistake feels huge. If you’re trading with significant capital, every small mistake is just noise in the system. Trading feels harder when you realize that without enough principal, even a ""winning"" strategy won’t impact your life.",1,0,https://www.youtube.com/watch?v=JXHrTloZ-nE,Ugw-BH_lkZaSUDV3Brd4AaABAg.AbLPM4R0i96AbLRJpKqkgW,youtube-data-api-v3/commentThreads.list,
2.193,strategy_rules|education_gap,youtube,🔥 Loved this! The way you explained it made the concept super clear   definitely saving this strategy for my next session! 📈🙌,1,0,https://www.youtube.com/watch?v=-QkFsIBmqSA,Ugw0kVhCzuKEKWlCHcd4AaABAg,youtube-data-api-v3/commentThreads.list,
2.193,risk_management|strategy_rules,youtube,I slowly now understand with this strategy and i feel my potential is slowly unlocking up each day/weeks since i started july and i lost little by little usdt and 3 days ago i lost 1 usdt but stoploss save me from scary sell short after i wrong decide without analyst the chart and it's my first time to lose fr,1,0,https://www.youtube.com/watch?v=JL7HdUKRxfI,UgwA4ChFlDqHeVMdDHN4AaABAg,youtube-data-api-v3/commentThreads.list,
2.193,strategy_rules|education_gap,youtube,"Talking through a strategy is easy, but actually incorporating live charts and visual aids requires a much higher level of effort and expertise. Guess this is why she is only talking.",1,0,https://www.youtube.com/watch?v=6-2WXJFyBhE,UgwAaGZECwhlTuK68kl4AaABAg.AZ3pe_TLZOtAZ_MPTop7HF,youtube-data-api-v3/commentThreads.list,
2.193,strategy_rules|education_gap,youtube,Understanding what a Fair Value Gap or an Order Block looks like in isolation is easy—the real skill is using Top-Down Analysis to see if that block aligns with daily and 4-hour institutional liquidity flow. Backtesting is the only mirror that doesn't lie to you about whether you're forcing a setup or actually following the macro structure. Keep reviewing those logs; that's where the real edge is refined! 📊✨,1,0,https://www.youtube.com/watch?v=GKN-iVjJpyA,UgwnlScXC5nvpJXnMRh4AaABAg.AUYoMOnzyjqAX_7dGzClpJ,youtube-data-api-v3/commentThreads.list,
2.193,strategy_rules|education_gap,youtube,She gave a clear explanation of why it is NOT recommended to use the 5 or 15 vs the 30 minute timeframe.,1,0,https://www.youtube.com/watch?v=T06ayy3-zs8,Ugwz2e6PDU2jneHMLoJ4AaABAg.AZvkZnvm1B5A_9E0OKjPaE,youtube-data-api-v3/commentThreads.list,
2.193,risk_management|education_gap,youtube,@JamesLyn-j1mBubba I’ve been trading for ten years. What she is talking about almost happens daily. Not always but most of the time. The 9:30 open blasts off in a direction only to reverse after fifteen minutes. All you have to do is backtest to see it.,1,0,https://www.youtube.com/watch?v=6-2WXJFyBhE,UgxFcYralQK2kWi19u94AaABAg.AXzGYX6NoOfAY1zMW3EyEV,youtube-data-api-v3/commentThreads.list,
2.193,risk_management|entry_timing,youtube,"bro, after you hit TP1 you should typically close half your position and move your stop loss to the entry level",1,0,https://www.youtube.com/watch?v=G2THP1LGPB0,UgxPJUfvw7swVfiPFjF4AaABAg,youtube-data-api-v3/commentThreads.list,
2.193,risk_management|entry_timing,youtube,"I have to come and comment on this video man .. watched it a few days ago and I’ve been back testing and I swear , my daily bias is more often right than wrong!! And if the market doesn’t go the way I framed my bias , I don’t enter the trade so I don’t risk any capital. But god damn this video is a life changer !!!!!!",1,0,https://www.youtube.com/watch?v=g3oDYq4P9ZE,UgxS4xrjTEQwWJTMu8p4AaABAg,youtube-data-api-v3/commentThreads.list,
2.193,entry_timing|education_gap,youtube,"Swing highs, Equal highs, & Trendlines hold huge liquidity same for lows. That’s why it’s best to only enter after the they get swept. When you see equal lows below Demand, place a limit order at the equal low. If you know price wicks equal lows then you have a safe systematic entry model. If price only taps the demand imbalance but doesn’t wick the equal, lows and continues to go bullish, then delete your order and come again tomorrow. It may not wick your entry in the trade a few times before hitting your TP but when it does, you’ll have the cheapest price to sell for a huge profit.",1,0,https://www.youtube.com/watch?v=9nRFcetXqkA,UgxZrtHTS6Bd8wABa5R4AaABAg.AJQXI-QLTqQAN8Erk3oxQN,youtube-data-api-v3/commentThreads.list,
2.193,strategy_rules|education_gap,youtube,"There are no 100% strategy, if there were everyone would be rich, shit is kinda changing and chaotic. everyone will still lose it is matter of how much and how often, because havin 100% losing trades means you are miracle just in reverse...",1,0,https://www.youtube.com/watch?v=pORrgC7GjkM,UgxeOlrAk7z_hYryqzp4AaABAg,youtube-data-api-v3/commentThreads.list,
2.193,risk_management|strategy_rules,youtube,Obviously had NO strategy,1,0,https://www.youtube.com/watch?v=3JoMwrrN89E,UgxoEBiJfOngcpmXRRJ4AaABAg.AYH_mLqop9nAYKSTUwy5zQ,youtube-data-api-v3/commentThreads.list,
2.193,strategy_rules|education_gap,youtube,"Yeah, I've realized institutions could care less about indicators. They put their orders wherever they want to put them. Indicators are shiny toys to get retailers involved and let them think they are predicting what will happen. Aka fuel for the next actual move",1,0,https://www.youtube.com/watch?v=yaCM_cr5BXo,UgxoUdFyHW100-VohSZ4AaABAg.AUyE5X1d78BAWaldI3AXN0,youtube-data-api-v3/commentThreads.list,
2.193,strategy_rules|education_gap,youtube,"Mark levels,Wait for setup and execute your bet is the coolest way to explain trading under 5 seconds",1,0,https://www.youtube.com/watch?v=cQzisFQRg3c,UgyMv_fwGKVASVa2FK14AaABAg,youtube-data-api-v3/commentThreads.list,
2.193,entry_timing|strategy_rules,youtube,"Me: finds a “perfect” 1-min setup
Also me: enters late, exits early, re-enters, stops out, cries",1,0,https://www.youtube.com/watch?v=JXHrTloZ-nE,UgyY7mEmkGaODJy4ORV4AaABAg.AaNA1PKrAc6AaNA9ZzAIg3,youtube-data-api-v3/commentThreads.list,
2.193,strategy_rules|education_gap,youtube,"This strategy have been for years!!! And you are only seeing it now because you are getting recommendations about it from YouTube. 
And yes, market makers always and have been grabbing liquidity from this and other strategy for years but guess... what it's too powerful to always loss. %75 win rate for just a break of range is powerful, and if you know how to take multiple trades it's a badass strategy.",1,0,https://www.youtube.com/watch?v=R9yZSDpdCGE,UgygZc7sYY6zNTcCgj54AaABAg.AJteFAtYNapAJuPWYu5ud4,youtube-data-api-v3/commentThreads.list,
2.193,strategy_rules|education_gap,youtube,"Hi JeFx
I have been trading for the last eight months, tried almost every strategy other trading gurus recommended, but didn't have the guts to trade confidently. However, since I started following your videos, my life is beginning to change. I am very thankful to you for teaching how to identify demand and supply zones, they really work. I have now much more confidence predicting the market trends. You are a genius. Thank you heaps.",1,0,https://www.youtube.com/watch?v=91-eWDvL-No,Ugymos7h29YZGsfyn7p4AaABAg,youtube-data-api-v3/commentThreads.list,
2.193,risk_management|psychology,youtube,"The greatest risk is that specifically i fear (panic selling, holding onto losers) and greed (overleveraging, moving , whiles a trading robot executes orders based only on the predefined code and signals. It never suffers from FOMO, never gets tired, and never second-guesses its own logic, ensuring perfect discipline and consistency.",1,0,https://www.youtube.com/watch?v=TvWks6oJ-9U,UgyvhC9-zSxeh-lc9fx4AaABAg,youtube-data-api-v3/commentThreads.list,
2.193,risk_management|education_gap,youtube,"Seriously, pay attention to what they're saying. Focusing on risk management and protecting your capital can make a huge difference. It's one of the best ways to avoid the mistakes that wipe out trading accounts.",1,0,https://www.youtube.com/watch?v=6-2WXJFyBhE,Ugz3t_nvFuqMwz3GB_d4AaABAg.A_GN2JSbmFjA_GObCeuCRq,youtube-data-api-v3/commentThreads.list,
2.193,strategy_rules|education_gap,youtube,"hey Pat, been watching countless of videos to learn how to properly trade and honestly yours are the ones that are not only best explained but they truly work, I mean your strategy DOES make profits! dunno if you ever read this, still thanks a lot",1,0,https://www.youtube.com/watch?v=-QkFsIBmqSA,UgzTD743vXVJvP2C_ZZ4AaABAg,youtube-data-api-v3/commentThreads.list,
2.193,strategy_rules|education_gap,youtube,"My win rate has been below 50%, but I just made an indicator that enforces looking at levels, shows high-prob. targets, and sets stops in areas where they are not likely to be hit. It will likely be a chame ganger.",1,0,https://www.youtube.com/watch?v=JXHrTloZ-nE,UgzZ4TAylkEql-6UY_R4AaABAg,youtube-data-api-v3/commentThreads.list,
2.193,strategy_rules|education_gap,youtube,🔥 This support & resistance strategy is really clear and actionable   exactly what traders need to understand market structure better! Loved how practical the drawing method is for real setups 📈💡,1,0,https://www.youtube.com/watch?v=-QkFsIBmqSA,UgznlE1pPwFJZADDF0x4AaABAg,youtube-data-api-v3/commentThreads.list,
2.049,strategy_rules|education_gap,youtube,"Powerful content boss, thanks. I would have loved to share an idea with u about a golden strategy i came up with but i do not know how to get in touch with you😊",0,2,https://www.youtube.com/watch?v=YESqIoA7Wyg,UgxW6cpq2Rs4ickWO094AaABAg,youtube-data-api-v3/commentThreads.list,
1.943,entry_timing,youtube,"Good teaching Sir. You make ICT concept look like is in nappies..no single FVGs (altho also vital for entry confirmation) mentioned, just focusing on a bigger picture. Good Job🤝",1,0,https://www.youtube.com/watch?v=GKN-iVjJpyA,Ugw61_vQhwndOmXyxZ54AaABAg,youtube-data-api-v3/commentThreads.list,
1.943,education_gap,youtube,Love ur content but I think u should've explained it better how and where to draw the demand zones especially when all the graphic popping up on the charts. Sometimes u guys get to fancy and yapping forgetting most people here because they're trying to learn and are newbies,1,0,https://www.youtube.com/watch?v=B_dVwXYQ-oc,Ugw6nU-uGuluTtCIkcl4AaABAg.ALXBqBpqmYQALYWFiwAXPA,youtube-data-api-v3/commentThreads.list,
1.943,psychology,youtube,agreed,1,0,https://www.youtube.com/watch?v=GKN-iVjJpyA,Ugw8o1BpfdK_DCkip_t4AaABAg.A1jetiFDirmA1llZC645ct,youtube-data-api-v3/commentThreads.list,
1.943,strategy_rules,youtube,Trading under the guidance of an expert is the best strategy for beginners.,1,0,https://www.youtube.com/watch?v=JD_sWSjIiJE,UgwBPdSxhikXiD1k5YJ4AaABAg.ADTvREcc5wZADV8UBC9QXP,youtube-data-api-v3/commentThreads.list,
1.943,education_gap,youtube,Best explanation of how the market works. After watching this play out in an instrument over and over this has made me more of a swing trader. Buy at the bottom of an established zone and sell at the top. Repeat,1,0,https://www.youtube.com/watch?v=v97Efp_UDC0,UgwD5JlKSuQUieiEApF4AaABAg,youtube-data-api-v3/commentThreads.list,
1.943,risk_management,youtube,"Nah, the title wasn't misleading for one bit. This is the best structure video I've come across by far. Thanks man ❤",1,0,https://www.youtube.com/watch?v=LclxDYccla8,UgwExLjFRKfLXwD6LeV4AaABAg,youtube-data-api-v3/commentThreads.list,
1.943,education_gap,youtube,Nice showing the losses its important to show the reality of the profession,1,0,https://www.youtube.com/watch?v=B_dVwXYQ-oc,UgwNLV4DE2SEffhZTu94AaABAg,youtube-data-api-v3/commentThreads.list,
1.943,education_gap,youtube,this is how i trade everyday....nice teach....,1,0,https://www.youtube.com/watch?v=sclIAK3x2dw,UgwOW0q7s9rBwq5-DXd4AaABAg,youtube-data-api-v3/commentThreads.list,
1.943,education_gap,youtube,Please explain confluence with chart image so we can understand better,1,0,https://www.youtube.com/watch?v=pORrgC7GjkM,UgwRBDRwKgOcoJu2yN94AaABAg,youtube-data-api-v3/commentThreads.list,
1.943,risk_management,youtube,Yep I Started This Learning I watch Ict But it won't clear The actual ICT teaching I Started to Watch This Playlist going slow Making Notes Practice on chart Right now Failing in the live but it clear Lot of Thing to me Personally If Any one Wants to Start Learning trading start from This Playlist!! 😊,1,0,https://www.youtube.com/watch?v=YESqIoA7Wyg,UgwVUKM1egHO8szAhOl4AaABAg.9w9Bq2ApDAdAXxuB9qssTp,youtube-data-api-v3/commentThreads.list,
1.943,psychology,youtube,"People successful in Trading with 1:1 RR win rate, they have 70-80% win rate, trading is not about win rate or RR , of course its matter but discipline is everything",1,0,https://www.youtube.com/watch?v=JXHrTloZ-nE,Ugwa3TR5WPhG7rSjOR54AaABAg,youtube-data-api-v3/commentThreads.list,
1.943,education_gap,youtube,"Believe me no one can teach to you the false breakouts explained here. Hats off bro, keep it up ❤❤❤",1,0,https://www.youtube.com/watch?v=ygleB1CLhUE,Ugwf2AhIOxyYd7aKXS94AaABAg,youtube-data-api-v3/commentThreads.list,
1.943,strategy_rules,youtube,I’ve been losing so much lately hopefully this strategy gets me into profits 😅,1,0,https://www.youtube.com/watch?v=B_dVwXYQ-oc,Ugwgb5NMMZYu2z_S1Yd4AaABAg,youtube-data-api-v3/commentThreads.list,
1.943,education_gap,youtube,U don't even know how to Breakeven trades once tp1 smashed lmao 🤣,1,0,https://www.youtube.com/watch?v=G2THP1LGPB0,Ugwh7sTxY4EqSLqIksh4AaABAg.9pV-lTKEEXq9q2eEBR0gHg,youtube-data-api-v3/commentThreads.list,
1.943,education_gap,youtube,"ict explains great always no comparison with any, tho any can explain well as ttrades do",1,0,https://www.youtube.com/watch?v=DMUiDBnTYc8,UgwojaceH7LMUPhCxZR4AaABAg.9ypWffGiY93AGFL6ShRt7r,youtube-data-api-v3/commentThreads.list,
1.943,strategy_rules,youtube,This is superb strategy,1,0,https://www.youtube.com/watch?v=B_dVwXYQ-oc,Ugwr2xZlUVkH9b3HMKV4AaABAg,youtube-data-api-v3/commentThreads.list,
1.943,education_gap,youtube,I am new in trading learning how to trade and this is the gem I have found.,1,0,https://www.youtube.com/watch?v=990oOC-bHxA,Ugwu1KaGZeLPLIeJToJ4AaABAg,youtube-data-api-v3/commentThreads.list,
1.943,risk_management,youtube,I love the robots because no emotions attached. The fact you can set it for high risk or low risk is excellent.,1,0,https://www.youtube.com/watch?v=TvWks6oJ-9U,Ugx2bfMV5AM74rWB7sh4AaABAg,youtube-data-api-v3/commentThreads.list,
1.943,education_gap,youtube,how much annual returns(in terms of percentage of total capital) does a profitable trader make in a year. please do answer it as it gives clarity to young traders of how much they should expect to make money out of trading,1,0,https://www.youtube.com/watch?v=3JoMwrrN89E,Ugx3QCV6g4J7ZRp-4EJ4AaABAg,youtube-data-api-v3/commentThreads.list,
1.943,strategy_rules,youtube,Your strategy made my family safe .God bless you pat ..lucky kid 💖,1,0,https://www.youtube.com/watch?v=7Hu7Rl1VYgE,Ugx4BiGZARV7C9RQ0TN4AaABAg,youtube-data-api-v3/commentThreads.list,
1.943,strategy_rules,youtube,"You confirm which one holds through confirmation entries, avoid using orders especially if there is another higher timeframe zone below or above",1,0,https://www.youtube.com/watch?v=yaCM_cr5BXo,Ugx6LAJgCIfKQsPiY_94AaABAg.ANIRt9l_l_CANIeLb_2cwP,youtube-data-api-v3/commentThreads.list,
1.943,strategy_rules,youtube,"thank you pat! thanks for all your videos, thanks to your strategy i have recently made my first 1k ❤",1,0,https://www.youtube.com/watch?v=w8rfTNCer2A,Ugx6syohQQZm63zpPXl4AaABAg,youtube-data-api-v3/commentThreads.list,
1.943,strategy_rules,youtube,Premium is definitely more complete if you want more frequent setups,1,0,https://www.youtube.com/watch?v=wIyZcY6kNuo,Ugx7rL-Ijj8tlBhJ9jx4AaABAg.AULmRpcjGDUAYNNA76WQnQ,youtube-data-api-v3/commentThreads.list,
1.943,entry_timing,youtube,"It great to have a daily bias, now you have to find the entry. That’s the hard part",1,0,https://www.youtube.com/watch?v=g3oDYq4P9ZE,UgxGX4ym1-Tc7yeuXRl4AaABAg,youtube-data-api-v3/commentThreads.list,
1.943,strategy_rules,youtube,Hi pat can we do these strategy in any pair in nyse opening which pair is best in nyse opening,1,0,https://www.youtube.com/watch?v=R9yZSDpdCGE,UgxNBozX3qCTafgLPrh4AaABAg,youtube-data-api-v3/commentThreads.list,
1.943,strategy_rules,youtube,"Thanks, that was my doubt where to place the Trade.I'm  still practicing your strategy❤",1,0,https://www.youtube.com/watch?v=AIeBNqf8RBA,UgxQ7zKA4L2eGTvCgDh4AaABAg,youtube-data-api-v3/commentThreads.list,
1.943,education_gap,youtube,"But then again it is a break of structure with a bold bearish candle. Kindly explain the absence of an imbalance during a sell confirmation at ""demand zone""",1,0,https://www.youtube.com/watch?v=yaCM_cr5BXo,UgxUwmUwtzA8zMp8oph4AaABAg.ALXkI1o6SOkALXkfOEtWNI,youtube-data-api-v3/commentThreads.list,
1.943,strategy_rules,youtube,amazing setup!! more than 3 monitors for me its its madness. But it looks great.,1,0,https://www.youtube.com/watch?v=96kZw9oR4QU,UgxVluxJ17mmSBsShI94AaABAg,youtube-data-api-v3/commentThreads.list,
1.943,psychology,youtube,"Since I started to learn trading I have realized that the most important things are patience and discipline, Waiting for the clear and right opportunity.",1,0,https://www.youtube.com/watch?v=m-G1ag77aVc,UgxXFHVeuIHf06K84ON4AaABAg.AIsvSDfuAb4AIswOg6UnqT,youtube-data-api-v3/commentThreads.list,
1.943,strategy_rules,youtube,"As someone who consistently loses money in the markets, the idea of not buying at the highs nor selling at the lows, and avoiding the middle altogether, sounds like a winning strategy! 😂",1,0,https://www.youtube.com/watch?v=v97Efp_UDC0,UgxZ5CARQkIAofCWGsZ4AaABAg,youtube-data-api-v3/commentThreads.list,
1.943,strategy_rules,youtube,"Simplest and high win rate strategy❤
Back to backtest😅",1,0,https://www.youtube.com/watch?v=AIeBNqf8RBA,UgxbIW0Q0vynsKocET54AaABAg,youtube-data-api-v3/commentThreads.list,
1.943,education_gap,youtube,"These videos are good and i highly recommend them but when you truly want to make it, you stop taking insights from others and focus on observing things that work for you on your own.Delete the socials, remove the noise in your head,.....focus and trade following your own plans , you will get more from that than from someone else and those things you learn will stick with you more than what you get from a second party",1,0,https://www.youtube.com/watch?v=3JoMwrrN89E,Ugxhz3AvG2gF1pD7qtl4AaABAg,youtube-data-api-v3/commentThreads.list,
1.943,strategy_rules,youtube,"Thank you for the video, indicator and pdf file.",0,3,https://www.youtube.com/watch?v=U8xH2dEgH5A,UgxiKNBkzvz2H-3v0Fd4AaABAg,youtube-data-api-v3/commentThreads.list,
1.943,psychology,youtube,"I adjusted my portfolio and added tech exposure in a disciplined way. With guidance, my stock portfolio has 3x since august.",1,0,https://www.youtube.com/watch?v=990oOC-bHxA,UgxiXQ3QlGuqI-BzkTd4AaABAg.AOJqZUS6k6PASSwgcX1MWO,youtube-data-api-v3/commentThreads.list,
1.943,risk_management,youtube,"💯  probability, percentages , risk rewards ratio etc.",1,0,https://www.youtube.com/watch?v=JXHrTloZ-nE,UgxqkjXbmCF5ovpb-td4AaABAg.AaaPE82Vwg4AampUmfRyGA,youtube-data-api-v3/commentThreads.list,
1.943,strategy_rules,youtube,"if price goes for buy side liquidity, then retraces back, look for ote setups until higher time frame buy side liquidity is taken out.",1,0,https://www.youtube.com/watch?v=1YRs4Z1lMws,Ugxrs7AUGKvc3eBV85d4AaABAg,youtube-data-api-v3/commentThreads.list,
1.943,risk_management,youtube,"This hits home so hard. I was literally drowning in credit card debt last year, eating instant ramen twice a day. Finding a real mentor completely flipped my life around too. Once you learn proper risk management from someone who knows the game, the market stops feeling like a casino. Best decision I ever made.",1,0,https://www.youtube.com/watch?v=990oOC-bHxA,Ugxu5IqWoAZd-OuUiUB4AaABAg.Aaohl200OmbAaohv35yEo1,youtube-data-api-v3/commentThreads.list,
1.943,strategy_rules,youtube,"Things have changed thanks to you,I didn't take a trade for whole 2 weeks bcz of no setup 

But I have made profits thanks to you",1,0,https://www.youtube.com/watch?v=GKN-iVjJpyA,UgxxHyUPgeeF0197APB4AaABAg.AMzP2uj13n-ARWB0RiD8_6,youtube-data-api-v3/commentThreads.list,
1.943,education_gap,youtube,This was one of the best explanations and illustrations of market structure trading for me. You are a really good teacher at explaining these concepts. Thank you.,1,0,https://www.youtube.com/watch?v=ygleB1CLhUE,Ugy-ejYMGg4Mfa8Ht8d4AaABAg,youtube-data-api-v3/commentThreads.list,
1.943,education_gap,youtube,"Hi brother, it's crazy how I discovered your channel through someone on X, now I see your take on supply and demand, and its almost the same with what I've learned teaching myself through different courses and trial and error gave me a kind of hope that my time is coming, but it's not exactly the same,there's still some difference maybe due to different experiences on the chart, but you explain more real life concepts than other ppl, like the multiple internal zones in the htf poi, but I usually go daily to h4 to 30mins, Anyway thanks for your content it's the real deal.",1,0,https://www.youtube.com/watch?v=m-G1ag77aVc,Ugy1N0wgPmYQ1uq7O7h4AaABAg,youtube-data-api-v3/commentThreads.list,
1.943,education_gap,youtube,I've never seen a better video. Till date I watched so many videos and thought all these were BS until I saw this video. Such a pure gold. Thanks a lot for the very clear video explaining it very clearly ❤,1,0,https://www.youtube.com/watch?v=yaCM_cr5BXo,UgyFA4YVSMNGOlUx2dR4AaABAg,youtube-data-api-v3/commentThreads.list,
1.943,strategy_rules,youtube,Using higher timeframe bias as the foundation is something I’ve preached for years. The video presented it clearly. Auto Trading Zone has tools and insights that align perfectly with experienced traders focusing on top-down analysis.,1,0,https://www.youtube.com/watch?v=6-2WXJFyBhE,UgyHJ-GcSrbsHllcWNl4AaABAg,youtube-data-api-v3/commentThreads.list,
1.943,strategy_rules,youtube,"Bruhhh, i can swear that so far in my journey of looking for a better mentor and setup, this is the best i have came across,  you smart bruh, and thanks for delivering this for free",1,0,https://www.youtube.com/watch?v=GKN-iVjJpyA,UgyJj9xBm8ANtdFxHeN4AaABAg,youtube-data-api-v3/commentThreads.list,
1.943,education_gap,youtube,I’ve been trading for over 35 years also and I just realized that making YouTube videos and selling courses or subscriptions is how to make real gains in trading.,1,0,https://www.youtube.com/watch?v=v97Efp_UDC0,UgyNilWq3sLxmWfia0R4AaABAg,youtube-data-api-v3/commentThreads.list,
1.943,psychology,youtube,"@sibusisovilani3284 
Agreed",1,0,https://www.youtube.com/watch?v=0xygpCMwxbQ,UgyO5LbVHAXo00fW93l4AaABAg.9qIfvzd6nqV9qOO3hkOcGi,youtube-data-api-v3/commentThreads.list,
1.943,strategy_rules,youtube,I am agree with ma'am...I am using 10 indicators with 4 monitors and lost $40 k....,1,0,https://www.youtube.com/watch?v=cQzisFQRg3c,UgybFLOaSFpDwN0BNN14AaABAg,youtube-data-api-v3/commentThreads.list,
1.943,risk_management,youtube,"Good noobie video all round.  Thanks.  But correction needed at 2 min 25.    $500 / 0.5 = 1000 shares not 100.     On the plus side, your risk would be much smaller, especially as a noobie.   I would also add - just paper trade for months until you really are consistently profitable on paper.    The market will still be there next week, next month, and IF you can paper trade for a long time you will a) learn a lot more about markets and yourself and b) learn to resist ""jumping in"" and getting over excited; the desire to switch from paper to real money is huge.........but losing paper trades doesn't hurt and losing real money does.",1,0,https://www.youtube.com/watch?v=pORrgC7GjkM,UgyfAJdVLLeg-0G-elF4AaABAg,youtube-data-api-v3/commentThreads.list,
1.943,strategy_rules,youtube,Good strategy👍,1,0,https://www.youtube.com/watch?v=-QkFsIBmqSA,Ugyg4WSspdh_aZTeUOh4AaABAg,youtube-data-api-v3/commentThreads.list,
1.943,education_gap,youtube,"If chart  not turn back  what we do lot of contracts ,most account  going  zero this dump tecnhic 😂😂😂😂😂😂😂",1,0,https://www.youtube.com/watch?v=Cq9mF42y2UQ,UgyhFNUFLCExCRwGUvl4AaABAg,youtube-data-api-v3/commentThreads.list,
1.943,broker_platform,youtube,"The safest approach I feel to tackle it is to diversify investments. By spreading investments across different asset classes, like bonds, real estate, and international stocks, they can reduce the impact of a market meltdown.",1,0,https://www.youtube.com/watch?v=pORrgC7GjkM,UgykfPSUjDtYoldLQYB4AaABAg.APcxrHhO35wAQ2HcVF-DCH,youtube-data-api-v3/commentThreads.list,
1.943,strategy_rules,youtube,Thanks for this information. This strategy has change my trading career in the last week. Keep up the great work,1,0,https://www.youtube.com/watch?v=3JoMwrrN89E,UgylbOr1VaWOHP2ScCt4AaABAg,youtube-data-api-v3/commentThreads.list,
1.943,strategy_rules,youtube,"1.reacting instated of preparing 
2.don't predict ,have a process 
3.do not Chase, wait for setup 
4.execute time tested strategy instead of improvising 11:17",1,0,https://www.youtube.com/watch?v=3JoMwrrN89E,UgyoPcesoqVIK37bX5B4AaABAg,youtube-data-api-v3/commentThreads.list,
1.943,entry_timing,youtube,"keep it simple, just put a 5 min MTF heiken ashi on a 1 min chart, when it changes direction enter",1,0,https://www.youtube.com/watch?v=6-2WXJFyBhE,Ugyoow5U2AyQkbCWk1J4AaABAg,youtube-data-api-v3/commentThreads.list,
1.943,education_gap,youtube,"Watching from Brazil. Thank you for sharing thie relevant information. I learned the same you told here, but I spent a lot of money and years of studies to accept this reality. Guys, believe, what Raghee told here is the very true thing. Just follow and you will have better results.",1,0,https://www.youtube.com/watch?v=cQzisFQRg3c,UgypnEVJYRFiNuQBSSV4AaABAg,youtube-data-api-v3/commentThreads.list,
1.943,entry_timing,youtube,"I’m currently studying the trading process before entering into the market. This video by far is the most comprehensive video, I’ve watched. Currently in a 3 day training class, which the instructor started speaking in “ Japanese”, couldn’t understand. You made a difference in my understanding, I still need to watch this repeatedly, to take it all in. Thank you sir.",1,0,https://www.youtube.com/watch?v=JD_sWSjIiJE,UgysBnxgch4_7p89FeB4AaABAg,youtube-data-api-v3/commentThreads.list,
1.943,education_gap,youtube,"To be honest, I need a lot of assistance learning to trade. I get really depressed when I see how low my portfolio is.",1,0,https://www.youtube.com/watch?v=990oOC-bHxA,UgytPE8w347G5bakf094AaABAg.AUom0lvvrlmAUompLaNrjJ,youtube-data-api-v3/commentThreads.list,
1.943,risk_management,youtube,Please add telugu translation,1,0,https://www.youtube.com/watch?v=cQzisFQRg3c,UgytZfozeEYJq9ZVRoZ4AaABAg,youtube-data-api-v3/commentThreads.list,
1.943,risk_management,youtube,Trailing stop losses are the 8th wonder of the world..,1,0,https://www.youtube.com/watch?v=cIv3bcPylr4,UgyuSPHkZwzKS8yQfEx4AaABAg.AQgBD3AWb54ARLEp2DEjFm,youtube-data-api-v3/commentThreads.list,
1.943,strategy_rules,youtube,"Hi pat I  a newbie trader who is using you supply and demand strategy and I would love to learn from you directly but I don't have money for vip , please can I be part of the lucky 6 😢",1,0,https://www.youtube.com/watch?v=7Hu7Rl1VYgE,Ugz-ltM3V2_nJZEnAnF4AaABAg.AYl3yGQudEeAYmB3-Q5ODA,youtube-data-api-v3/commentThreads.list,
1.943,psychology,youtube,Brain never gets full bro. We only fear to bring up confusion,1,0,https://www.youtube.com/watch?v=AIeBNqf8RBA,Ugz-xebsGcaqvgGlhQl4AaABAg.A88Po9VRTReAOgU4gn8861,youtube-data-api-v3/commentThreads.list,
1.943,education_gap,youtube,Interpretation is the key and then applying it. Jeafx has a lot of knowledge that he takes for granted but he has done a lot of research in how markets work. He does make it seem easy but he can see things that the beginner has to learn. Great video.,1,0,https://www.youtube.com/watch?v=ygleB1CLhUE,Ugz0HK86KKeXyLjxJQt4AaABAg,youtube-data-api-v3/commentThreads.list,
1.943,risk_management,youtube,Right I was watching Videos on my way to sleep and while I sleeping I heard this video woke up and had to subscribe,1,0,https://www.youtube.com/watch?v=ygleB1CLhUE,Ugz0So2aPwATHBujPX94AaABAg.ANZrSdhd7nCARs99JUVF80,youtube-data-api-v3/commentThreads.list,
1.943,psychology,youtube,"Hey Pat,
Indeed for the next 3 months mostly i want to stay consistent, small daily gains but consistent, focus on discipline and avoid over trading, maintain prop firm funding with clean performance.
Thank you for your Question!",1,0,https://www.youtube.com/watch?v=nkMzaQqpFbw,Ugz0dvgr6oGGjrEbVzZ4AaABAg,youtube-data-api-v3/commentThreads.list,
1.943,education_gap,youtube,i always mess up gold sizing without thinking but this pullback nailed why it matters.,1,0,https://www.youtube.com/watch?v=9nRFcetXqkA,Ugz0ojkRVjxVZ1h8gfB4AaABAg,youtube-data-api-v3/commentThreads.list,
1.943,strategy_rules,youtube,"According to my trading strategy EURUSD will go down, USDCHF up, GBPUSD up, EURAUD up, EURJPY up, USDJPY up, AUDUSD down, NZDUSD down, USDCAD up.",1,0,https://www.youtube.com/watch?v=G2THP1LGPB0,Ugz1o2ekyT2FeBOhaa94AaABAg,youtube-data-api-v3/commentThreads.list,
1.943,entry_timing,youtube,"The three-act framework made the concept much easier to follow. Breaking the move into the Sweep, Range, and Expansion phases gives traders a logical process instead of reacting to every breakout. Auto Trading Zone discussions often emphasize waiting for the complete story to unfold before entering a trade.",1,0,https://www.youtube.com/watch?v=6-2WXJFyBhE,Ugz1rFwOtTHUCUKGqS54AaABAg,youtube-data-api-v3/commentThreads.list,
1.943,psychology,youtube,Agreed! 💯,1,0,https://www.youtube.com/watch?v=JXHrTloZ-nE,Ugz4DPAaC3BP1OLtwvR4AaABAg.Aawst4OqmFxAaxp8587fel,youtube-data-api-v3/commentThreads.list,
1.943,education_gap,youtube,"This is the best video I have seen on candlestick yet, as you explained reasoning behind the candle formation! Loved it keep up the good work",1,0,https://www.youtube.com/watch?v=990oOC-bHxA,Ugz5aJRSc--3sOfXQp54AaABAg,youtube-data-api-v3/commentThreads.list,
1.943,risk_management,youtube,There’s nobody else who teaches this better than you. Seriously man!,1,0,https://www.youtube.com/watch?v=AIeBNqf8RBA,Ugz609FRG55EKHTC8wN4AaABAg,youtube-data-api-v3/commentThreads.list,
1.943,strategy_rules,youtube,"Yes, it works at any timeframe, it's just the higher tf is more reliable",1,0,https://www.youtube.com/watch?v=91-eWDvL-No,Ugz9I0Fn6KYnlBwA-HV4AaABAg.ALCYwHywOWVAO3NR8bs4Q0,youtube-data-api-v3/commentThreads.list,
1.943,entry_timing,youtube,Thanns a ton! More in-depth entry model video pls.🙏,1,0,https://www.youtube.com/watch?v=CHIK5oBRKiw,UgzAKOHEBU3m5Cp2mrt4AaABAg,youtube-data-api-v3/commentThreads.list,
1.943,strategy_rules,youtube,He used the 15 min timeframe,1,0,https://www.youtube.com/watch?v=JhBX0TQ41H8,UgzAfUF0u_0x0clztDV4AaABAg.AALxupz5TsDATW3lIwdClJ,youtube-data-api-v3/commentThreads.list,
1.943,strategy_rules,youtube,"CRT my high cheating strategy, I can scame all your money ,wait",1,0,https://www.youtube.com/watch?v=6-2WXJFyBhE,UgzCQr182qxjaI3vOQR4AaABAg,youtube-data-api-v3/commentThreads.list,
1.943,risk_management,youtube,Without a doubt! Rolando Mario is a trader who goes above and beyond. he has an exceptional skill for analyzing market movements and spotting profitable opportunities. his strategies are meticulously crafted based on thorough research and years of practical experience.,1,0,https://www.youtube.com/watch?v=ygleB1CLhUE,UgzFsw3HuFMXZKATbIB4AaABAg.ATCzajDRQxAATD-67w8iAe,youtube-data-api-v3/commentThreads.list,
1.943,education_gap,youtube,What platform are yall trading on,1,0,https://www.youtube.com/watch?v=DZ08d8ORc_M,UgzJT5i1t1UcmGt93XN4AaABAg,youtube-data-api-v3/commentThreads.list,
1.943,risk_management,youtube,it is continuosly overtrading and blow the account soon,1,0,https://www.youtube.com/watch?v=hSldTDpCfcc,UgzKUOvYS_oFH_rVlNd4AaABAg,youtube-data-api-v3/commentThreads.list,
1.943,strategy_rules,youtube,Thanks for the Strategy!,1,0,https://www.youtube.com/watch?v=Cq9mF42y2UQ,UgzLik8PHlWBZS7DbDR4AaABAg,youtube-data-api-v3/commentThreads.list,
1.943,education_gap,youtube,"Pips tell you what price did.
Percent tells you what you did with it. Pips only measure movement, not performance. Percentage gain is what tells you whether you’re actually compounding capital",1,0,https://www.youtube.com/watch?v=g0BPjHd4OP8,UgzLyE-soHJkpJqbpc14AaABAg.AVSe0JWSvITAVSk8-Yp6SM,youtube-data-api-v3/commentThreads.list,
1.943,education_gap,youtube,"Hello mam, i am a scalper, i do find my edge, but you second point is true, but idk how will I include a 2nd instrument in my arsenal because following one is hard enough.",1,0,https://www.youtube.com/watch?v=cQzisFQRg3c,UgzMKA00WCPDedIprH94AaABAg,youtube-data-api-v3/commentThreads.list,
1.943,education_gap,youtube,"Simple explanations, well executed. Watched many videos to understand how to read candlesticks. Here i go thanks mate brilliant work",1,0,https://www.youtube.com/watch?v=990oOC-bHxA,UgzP6CyOUiKBNFwOH_14AaABAg,youtube-data-api-v3/commentThreads.list,
1.943,broker_platform,youtube,"indeed. There is no such thing if you're just going off your own typical chart (like I do on my Webull app). She's talking about those who use TradingView or some other comprehensive charting platform where you can set the 4hr candle range from 5am-9am NY time also popularly known as ""The Magic Candle"" in CRT (Candle Range Theory she mentioned) or ICT's Quarterly Theory. Guess she assumed we're traders with some experience that are looking for an edge and didn't feel the need to go into that one detail.",1,0,https://www.youtube.com/watch?v=6-2WXJFyBhE,UgzPot9vhBwDUdikzmV4AaABAg.AXz74O70bcdAY-kcMoDKkx,youtube-data-api-v3/commentThreads.list,
1.943,education_gap,youtube,"There's absolutely a 5-9am candle on Futures, not cash market. I have it on all my platforms in the 4hr chart. Whatever platform you are using is either setting their candles to weird times or you somehow changed settings without realizing it.",1,0,https://www.youtube.com/watch?v=6-2WXJFyBhE,UgzPot9vhBwDUdikzmV4AaABAg.AXz74O70bcdAY26M8bQn1Z,youtube-data-api-v3/commentThreads.list,
1.943,education_gap,youtube,"Trading is real, and it takes time to reach a level where you can consistently make money. It’s not easy money like some people believe. You have keep going till you find what works for you",1,0,https://www.youtube.com/watch?v=6-2WXJFyBhE,UgzSak-068QVnbRz--F4AaABAg.AaDkkiWjNPQAaDkzA3J_UH,youtube-data-api-v3/commentThreads.list,
1.943,risk_management,youtube,"It was just an arbitrary tight stop loss amount. But instead of it allowing for a 100 share position as she stated it would allow for a 1,000 share position.",1,0,https://www.youtube.com/watch?v=pORrgC7GjkM,UgzT4Y6vqIpx3uvvtmd4AaABAg.APM-I7-uXNVAPMAxwb2OKv,youtube-data-api-v3/commentThreads.list,
1.943,strategy_rules,youtube,17:18 Whan will sell with this strategy video is coming,1,0,https://www.youtube.com/watch?v=JL7HdUKRxfI,UgzUWYDywkw3Ounjvfp4AaABAg,youtube-data-api-v3/commentThreads.list,
1.943,risk_management,youtube,"In the thumbnail, the stop loss wat hit as seen in the low of the green candle",1,0,https://www.youtube.com/watch?v=JL7HdUKRxfI,UgzWnvPSCpHajZnty8F4AaABAg,youtube-data-api-v3/commentThreads.list,
1.943,education_gap,youtube,"I'm favoured financially, Thank you Jesus $10,200 weekly profit regardless of how bad it gets on the economy.",1,0,https://www.youtube.com/watch?v=JD_sWSjIiJE,UgzZkD_GcGswRntcOl14AaABAg.AK8SnnuGr8bAK8TC3JaVfq,youtube-data-api-v3/commentThreads.list,
1.943,strategy_rules,youtube,Trade one or two markets and keep it simple. Ditch multiple indicators. I can do that.,1,0,https://www.youtube.com/watch?v=cQzisFQRg3c,UgzhCtzgQMgD8-GPHLh4AaABAg,youtube-data-api-v3/commentThreads.list,
1.943,education_gap,youtube,Rare youtuber investor/trader who tell you how it is! 99.9% of them dont tell you the truth. They will be playing mind game and you no longer interested in their video once you realize how trading truly works,1,0,https://www.youtube.com/watch?v=cIv3bcPylr4,UgzjHMRWa1RgBxM1hcp4AaABAg,youtube-data-api-v3/commentThreads.list,
1.943,education_gap,youtube,I have seen your page but your words are really inverse of what you're saying about chart simplicity,1,0,https://www.youtube.com/watch?v=cQzisFQRg3c,UgzjKsBqL4AH83uvPVh4AaABAg,youtube-data-api-v3/commentThreads.list,
1.943,psychology,youtube,"I  swear I am at the none zone aready.
The market fears me henceforth",1,0,https://www.youtube.com/watch?v=91-eWDvL-No,Ugzm25VO9nizRc0q6mV4AaABAg.A8UpshcsOpxA8VbiJ2dTIg,youtube-data-api-v3/commentThreads.list,
1.943,strategy_rules,youtube,You are right I’m looser but I didn’t give up I learn spend hours chart news data technical chart is more important during the trading make strategy market goes up with the time goes down falls like from top building to down but don’t stay in the market when falling from top use your safety come out as quick you can buy when you are on first floor 😂,1,0,https://www.youtube.com/watch?v=v97Efp_UDC0,UgzpxTkxyh8k79CB0dV4AaABAg.ATgnuTwakf9ATnLjAfIC7S,youtube-data-api-v3/commentThreads.list,
1.943,strategy_rules,youtube,"I agree, I pretty much just got to the point to where hell ima just come up with my own strategy and own loophole around it with no video advice",1,0,https://www.youtube.com/watch?v=B_dVwXYQ-oc,Ugzs1XoTRpJVnp8azgl4AaABAg.APDo8cjyrhyAQHZwCcYRoq,youtube-data-api-v3/commentThreads.list,
1.943,risk_management,youtube,Pat you should have withdrawn the 3k that you invested at first and not increase the lot size please make a part of it,1,0,https://www.youtube.com/watch?v=hSldTDpCfcc,UgzwO44dGTZxpndp8p54AaABAg,youtube-data-api-v3/commentThreads.list,
1.943,education_gap,youtube,By far the best video for understanding and reading candles. It took 5 separate videos from other respected content creators to do what you just did in 27 minutes. And thank you for the Real Market Context!,1,0,https://www.youtube.com/watch?v=990oOC-bHxA,UgzzKAkzDRcHHUW304Z4AaABAg,youtube-data-api-v3/commentThreads.list,
1.847,strategy_rules|education_gap,youtube,"Solid video, excellent indicator. Honestly somehow cleaner than all the lines on my charts.",0,1,https://www.youtube.com/watch?v=U8xH2dEgH5A,UgwaOxn5lrtTWak56iZ4AaABAg,youtube-data-api-v3/commentThreads.list,
1.847,entry_timing|education_gap,youtube,Sir please make one video on daily candle entry how we take intery one daily low or higher target,0,1,https://www.youtube.com/watch?v=YESqIoA7Wyg,Ugx7RvNjWnJtTS1hq3d4AaABAg,youtube-data-api-v3/commentThreads.list,
1.847,risk_management|education_gap,youtube,God you really just make it seem so easy... and when I watch em I see it is... I just don't know what happens to me when I sit in front of my ES chart 😢... keep trying I guess. Another fabulous video. I think I may have to switch to the 5min.. its just I have has sucsess on the 1min...i would love to trade the 15 minute but I just always feel like my risk is going to be massive on the HTFs. As you can see I get conflicted a lot lol,0,1,https://www.youtube.com/watch?v=1YRs4Z1lMws,UgxPwhJdyMIVNq7J2MF4AaABAg,youtube-data-api-v3/commentThreads.list,
1.847,strategy_rules|education_gap,youtube,"The way you explained market structure (higher highs, higher lows, etc.) makes it much easier to understand price movement. This is something every beginner trader should learn before focusing on indicators. Great lesson! 📈",0,1,https://www.youtube.com/watch?v=LclxDYccla8,Ugy0FVvANDztQZgG_RJ4AaABAg,youtube-data-api-v3/commentThreads.list,
1.847,risk_management|education_gap,youtube,"@ragheehorner Thank you for the video. For the technical confluence involving price action with the 34 EMA and support/resistance levels, I didn’t hear you mention how the slow stochastic is used alongside these. I’m assuming you typically look for oversold conditions when trading bullish price action off support, and overbought conditions when trading price action off resistance, but would like to hear your take on it. Thanks",0,1,https://www.youtube.com/watch?v=pORrgC7GjkM,UgzvX8ZnJ8zHfGCPVi94AaABAg,youtube-data-api-v3/commentThreads.list,
1.799,risk_management,youtube,If your NVDA graphic card only has 3 display port slots is there anyway to hook up 6 monitors,0,2,https://www.youtube.com/watch?v=96kZw9oR4QU,UgwvovgYE5z3rupa2Dp4AaABAg,youtube-data-api-v3/commentThreads.list,
1.75,entry_timing|strategy_rules|psychology,youtube,This is cost averaging. This strategy will work only on stable coins. New or unstable coins may never bounce back. And must have a discipline on when to enter at right intervals.,0,0,https://www.youtube.com/watch?v=Cq9mF42y2UQ,UgxXnAyhid16Cf3gKfJ4AaABAg,youtube-data-api-v3/commentThreads.list,
1.75,risk_management|psychology|education_gap,youtube,"Really solid breakdown 🔥 This is the kind of trading content people need to see, not just the wins, but the process behind the outcome. What stood out for me is the discipline and how you managed risk throughout the trade. That’s what separates consistent traders from gamblers. Too many people focus only on entries, but this shows how important execution, patience, and psychology are. Keep sharing this type of value, it’s very educational and realistic 💯",0,0,https://www.youtube.com/watch?v=sclIAK3x2dw,Ugy8TYs0fUBWDsotC_x4AaABAg,youtube-data-api-v3/commentThreads.list,
1.75,entry_timing|strategy_rules|education_gap,youtube,"Price action is fractal. Aka it works on all timeframe. However make sure you do top down analysis for clear Point of interest, liquidity and bias. Entry and confirmation  on small timeframe",0,0,https://www.youtube.com/watch?v=m-G1ag77aVc,UgyS18DNm_rex8OaLIl4AaABAg.AUM10EJE6OBAUbrkQbJAUU,youtube-data-api-v3/commentThreads.list,
1.75,risk_management|entry_timing|strategy_rules|education_gap,youtube,"That’s the difference Rolando Mario. strategy is 100% rules-based.
He teaches you what to look for, how to enter early, and where to manage risk.
It’s built for speed, but also built to protect your capital.",0,0,https://www.youtube.com/watch?v=JXHrTloZ-nE,UgyY7mEmkGaODJy4ORV4AaABAg.AaNA1PKrAc6AaNAL3hRiuc,youtube-data-api-v3/commentThreads.list,
1.75,entry_timing|broker_platform|education_gap,youtube,"Of course, I've been on this field of work for many years now with the bank brokerage expertise trading the foreign exchange market. Truly the market timing enrolls smoothly for many traders. Having a great Job is an attribute for someone to participate in trading and individuals without any Job finds it difficulty to start trading. And secondly the awareness of numerous unlicensed trading platforms is somehow a barrier to the minds of many people.",0,0,https://www.youtube.com/watch?v=3JoMwrrN89E,UgybfYdj4BdJ5JOZYq14AaABAg,youtube-data-api-v3/commentThreads.list,
1.75,entry_timing|strategy_rules|psychology|education_gap,youtube,"Her information is great, but it will take patience.  Most of the video trading gurus show you backtesting with great results, but when you try the strategy, it doesn't work.  The reason is that during a live trade, your natural instinct is to sell on a pullback, and FOMO makes you jump into setups outside the strategy entry triggers.  My suggestion is to practice patience in a demo account or trade with a minimal size.",0,0,https://www.youtube.com/watch?v=v97Efp_UDC0,UgzoQblAAEKaPOmr-v14AaABAg,youtube-data-api-v3/commentThreads.list,
1.75,risk_management|entry_timing|strategy_rules|education_gap,youtube,"That’s the difference Rolando Mario. strategy is 100% rules-based.
He teaches you what to look for, how to enter early, and where to manage risk.
It’s built for speed, but also built to protect your capital.",0,0,https://www.youtube.com/watch?v=6-2WXJFyBhE,Ugzqkitb45g29EQhl-l4AaABAg.AbDDisYGtBXAbDEEZt_yxW,youtube-data-api-v3/commentThreads.list,
1.75,risk_management|entry_timing|strategy_rules|education_gap,youtube,"That’s the difference Rolando Mario. strategy is 100% rules-based.
He teaches you what to look for, how to enter early, and where to manage risk.
It’s built for speed, but also built to protect your capital.",0,0,https://www.youtube.com/watch?v=DZ08d8ORc_M,UgzyxQrwXtOYzli_1ZV4AaABAg.AanBjyBhgZDAanC6RKqjPu,youtube-data-api-v3/commentThreads.list,
1.597,education_gap,youtube,"AN EXCELLENT TUTORIAL WHICH IS VERY MUCH EFFECTIVE, THANKS A LOT PAT",0,1,https://www.youtube.com/watch?v=R9yZSDpdCGE,Ugw1LYNMRmyHmdUZbNV4AaABAg,youtube-data-api-v3/commentThreads.list,
1.597,education_gap,youtube,"Now that was an educational video. I'd love to see more failed trades, and the analysis behind why they failed. Most YT is just showing successful trades. 👍",0,1,https://www.youtube.com/watch?v=R9yZSDpdCGE,UgwKMyheL2c8WeF6Q0t4AaABAg,youtube-data-api-v3/commentThreads.list,
1.597,education_gap,youtube,"If these are secrets why are u sharing them

Wait because its easy to make from you tube video
Than actual trading of ur own money

Beware everyone of these secret people",0,1,https://www.youtube.com/watch?v=pORrgC7GjkM,UgwN8Fh5p4XYJGkgcjN4AaABAg,youtube-data-api-v3/commentThreads.list,
1.597,psychology,youtube,"Hello, newbie here. I really wanted to learn this thing. In a very disciplined way.  
Thank you for your guidance. Keep it up.",0,1,https://www.youtube.com/watch?v=w8rfTNCer2A,UgwRMk7kyPmbjM3WkxB4AaABAg,youtube-data-api-v3/commentThreads.list,
1.597,education_gap,youtube,No body can better explain than ttrades even a 5 years old child can understand this,0,1,https://www.youtube.com/watch?v=DMUiDBnTYc8,UgwUbNg-8et-bWBnWYp4AaABAg,youtube-data-api-v3/commentThreads.list,
1.597,education_gap,youtube,the way how explain ICT Concepts is so simple and easy thank you so much TTrades may God bless you brother !,0,1,https://www.youtube.com/watch?v=3OivsP1j_UE,UgwUxIIp44GUlcCWri14AaABAg,youtube-data-api-v3/commentThreads.list,
1.597,education_gap,youtube,"Bro your explaination skills are very simple and into the point... that gives me a great understading of market liquidity.
🔔Notification is enabled from India 👍🇮🇳",0,1,https://www.youtube.com/watch?v=YESqIoA7Wyg,UgwWBeXA1Tjv0k53B9h4AaABAg,youtube-data-api-v3/commentThreads.list,
1.597,education_gap,youtube,"yes Pat i like your approach to building a sustainable and profitable trading career,please how can i get started with you.",0,1,https://www.youtube.com/watch?v=w8rfTNCer2A,Ugwj-jDX6NieC2hac6J4AaABAg,youtube-data-api-v3/commentThreads.list,
1.597,risk_management,youtube,I watch all your videos continuously. I'm glad I'm doing better. i thank you for my betterment,0,1,https://www.youtube.com/watch?v=CHIK5oBRKiw,Ugwot1z_1uuGhKtRooh4AaABAg,youtube-data-api-v3/commentThreads.list,
1.597,strategy_rules,youtube,Can this be a 15min and 1min strategy,0,1,https://www.youtube.com/watch?v=6-2WXJFyBhE,UgwtVi46k5kScpRQC9V4AaABAg,youtube-data-api-v3/commentThreads.list,
1.597,education_gap,youtube,A big thank you to you TTrades... you have created a crazy shift in how I read this thing.....,0,1,https://www.youtube.com/watch?v=MPeeE55rNOw,Ugx-0iKAgpyYwByhFsR4AaABAg,youtube-data-api-v3/commentThreads.list,
1.597,education_gap,youtube,This video was great! I understood the concept of liquidity but the simplicity of how the market move & the way you just explained it was beautiful 👏🏾 Thank you!,0,1,https://www.youtube.com/watch?v=3OivsP1j_UE,Ugx0XKSnqDgROIXnWIR4AaABAg,youtube-data-api-v3/commentThreads.list,
1.597,education_gap,youtube,"For someone who has a short attention span with whatever I do TT trades is perfect for me, I learn and understand fast compared to ICT, or Fractal flows. Thank you so much",0,1,https://www.youtube.com/watch?v=DMUiDBnTYc8,Ugx2ZejsjGlb-6A2Ybt4AaABAg,youtube-data-api-v3/commentThreads.list,
1.597,strategy_rules,youtube,"Hi Pat Do love this strategy could I ask you a favour would it be possible to make a PDF file of the complete steps of the strategy,that would be appreciated by all your members.😀",0,1,https://www.youtube.com/watch?v=R9yZSDpdCGE,Ugx76qnu2BFzWeRKS2l4AaABAg,youtube-data-api-v3/commentThreads.list,
1.597,strategy_rules,youtube,"omg,,,, thanks for the indicator u really made it easy bless u",0,1,https://www.youtube.com/watch?v=U8xH2dEgH5A,UgxE9bPV3SMaEqcaLD94AaABAg,youtube-data-api-v3/commentThreads.list,
1.597,strategy_rules,youtube,You are a great teacher. Your long trading experience is coming thru clearly in your words and calm voice.  I very much like your strategy which removes stress as you don’t have to always be correct in your first initial position.  Averaging in and then averaging out is a wonderful strategy.,0,1,https://www.youtube.com/watch?v=Cq9mF42y2UQ,UgxFEFhKC7cBQ0TxwTx4AaABAg,youtube-data-api-v3/commentThreads.list,
1.597,strategy_rules,youtube,"Wonderful one boss, thanks for building my confidence with this powerful setup. I've been finding it difficult with my entries on this particular setup, thanks a lot ❤",0,1,https://www.youtube.com/watch?v=0xygpCMwxbQ,UgxMMF3yOkFdflvUecl4AaABAg,youtube-data-api-v3/commentThreads.list,
1.597,education_gap,youtube,"This was fun to watch. Since their signals are clearly garbage, I wonder who's posting them and for what reason.",0,1,https://www.youtube.com/watch?v=G2THP1LGPB0,UgxOZuuQY-JN-zoictt4AaABAg,youtube-data-api-v3/commentThreads.list,
1.597,risk_management,youtube,"Dude, seriously. I don’t use ICT, but yeah.. you’re -the best- teacher out there. I’ve probably watched 100 different trading channels by now.",0,1,https://www.youtube.com/watch?v=3OivsP1j_UE,UgxOb9xhGOLpOleLx994AaABAg,youtube-data-api-v3/commentThreads.list,
1.597,education_gap,youtube,"Just came across your channel, This is absolutely gold and very well explained. Thankyou!",0,1,https://www.youtube.com/watch?v=U8xH2dEgH5A,UgxU4su1Sptf9aAEzmx4AaABAg,youtube-data-api-v3/commentThreads.list,
1.597,education_gap,youtube,"Not been subscribed long but watched a lot of your videos, and i can tell you that you explain things like no other. Thank you so much for what you do sir you truly are amazing",0,1,https://www.youtube.com/watch?v=DMUiDBnTYc8,UgxUZvwGRrCX5IZbY3N4AaABAg,youtube-data-api-v3/commentThreads.list,
1.597,education_gap,youtube,"hey man, appreciate all of your work, you give me an inspiration to learn how to trade again, hoping you'll never get tired to teach and create wonderful vids!",0,1,https://www.youtube.com/watch?v=3OivsP1j_UE,UgxW1tJQAHhgNcyRZkN4AaABAg,youtube-data-api-v3/commentThreads.list,
1.597,entry_timing,youtube,Thank you brother.  May the big man upstairs continue to bless you.  Can you do another video with more examples on when to enter.  🙏,0,1,https://www.youtube.com/watch?v=q1NmxUTm4n4,UgxjIbVKEjsRDGPAif94AaABAg,youtube-data-api-v3/commentThreads.list,
1.597,education_gap,youtube,"Good explain TTrader, Very much thank you...",0,1,https://www.youtube.com/watch?v=U8xH2dEgH5A,UgxlaOoWmXAYQCLtKnx4AaABAg,youtube-data-api-v3/commentThreads.list,
1.597,strategy_rules,youtube,This is a sweet & clean indicator! Many thanks 🙏,0,1,https://www.youtube.com/watch?v=MPeeE55rNOw,Ugxwwclgl5ONB-pN2o14AaABAg,youtube-data-api-v3/commentThreads.list,
1.597,education_gap,youtube,"TTrades, this video is loaded with inforation and not only on Liquidity, FVGm price searching and reaching for Liquidity and Imbalances, but all in context with Displacements, Trend and Structure. Beutifully done and explained. Huge thank you !!!",0,1,https://www.youtube.com/watch?v=3OivsP1j_UE,UgyDP2SEUfQ2QrPcdxV4AaABAg,youtube-data-api-v3/commentThreads.list,
1.597,entry_timing,youtube,"You truly are the best ICT educator on YouTube..I hope you have plans to expand your enterprise..I would really like to be part of a mentorship program that you might consider offering…you really are a champion. Thanks for all the hard work and such clear, concise educational content!",0,1,https://www.youtube.com/watch?v=_94CPMjWi9E,UgyPyRleEPbHQ4bMKGR4AaABAg,youtube-data-api-v3/commentThreads.list,
1.597,education_gap,youtube,Even though I’m interested in how candlesticks work. But correct me if I’m wrong. Warren Buffet possibly never used candlesticks. And likely focused on the fundamentals,0,1,https://www.youtube.com/watch?v=DZ08d8ORc_M,UgyX6iCciwH5jm4jrwN4AaABAg,youtube-data-api-v3/commentThreads.list,
1.597,strategy_rules,youtube,very nice strategy logic behind is good pat definely a honest trader much love i will continue supporting❤,0,1,https://www.youtube.com/watch?v=B_dVwXYQ-oc,UgysU-OH84eyH_knir14AaABAg,youtube-data-api-v3/commentThreads.list,
1.597,strategy_rules,youtube,Fantastic explanation in depth of the ICT Killzone indicator. Thank you for valuable video.,0,1,https://www.youtube.com/watch?v=MPeeE55rNOw,Ugyxbm0I3mkuI96qboR4AaABAg,youtube-data-api-v3/commentThreads.list,
1.597,strategy_rules,youtube,Bro changing strategy every day,0,1,https://www.youtube.com/watch?v=R9yZSDpdCGE,UgzKbP44Nc3le5XafuR4AaABAg,youtube-data-api-v3/commentThreads.list,
1.597,education_gap,youtube,What a video to start your forex journey with,0,1,https://www.youtube.com/watch?v=w8rfTNCer2A,UgzLB34IdVBoysTVHn94AaABAg,youtube-data-api-v3/commentThreads.list,
1.597,entry_timing,youtube,Thank you for this rare gem. Will surely need more on entry model,0,1,https://www.youtube.com/watch?v=CHIK5oBRKiw,Ugz_tj62CaCrBagBQPd4AaABAg,youtube-data-api-v3/commentThreads.list,
1.597,education_gap,youtube,it's dope that you always show love and shout out the MMXM trader,0,1,https://www.youtube.com/watch?v=3OivsP1j_UE,UgzqYTfUa9S29rdns2x4AaABAg,youtube-data-api-v3/commentThreads.list,
1.597,strategy_rules,youtube,best video on liquidity strategy,0,1,https://www.youtube.com/watch?v=sclIAK3x2dw,UgzqrK2LkHJ6ttkvV1d4AaABAg,youtube-data-api-v3/commentThreads.list,
1.597,strategy_rules,youtube,"The First Pullback Strategy, Awesome!!!🔥🔥🔥🔥🔥🤘🏽",0,1,https://www.youtube.com/watch?v=R9yZSDpdCGE,Ugzzv7HMbhBrSYEymYt4AaABAg,youtube-data-api-v3/commentThreads.list,
1.5,strategy_rules|education_gap,youtube,"I started with YouTube tutorials, then found a mentor in the person of JonathonCStansberry. He didn’t offer magic indicators; he refined my execution and taught me how to structure my capital so that the ""basic math"" actually compounds into life-changing returns rather than just pocket change.",0,0,https://www.youtube.com/watch?v=JXHrTloZ-nE,Ugw-BH_lkZaSUDV3Brd4AaABAg.AbLPM4R0i96AbLRiPWP2OT,youtube-data-api-v3/commentThreads.list,
1.5,entry_timing|strategy_rules,youtube,Hhhhhhmmmmm. Sounds like a lot of capital is needed for this strategy if I am to double the contracts each entry. And sheention use only 10% of my total capital.,0,0,https://www.youtube.com/watch?v=Cq9mF42y2UQ,Ugw0Qzy9z6-tKNEhn154AaABAg,youtube-data-api-v3/commentThreads.list,
1.5,risk_management|strategy_rules,youtube,"If you’re losing money trading on your own, that’s a clear sign to pause and reassess. Trading isn’t just clicking buttons—it’s about strategy, psychology, and risk management. Learning from someone experienced can save you years of pain.",0,0,https://www.youtube.com/watch?v=yaCM_cr5BXo,Ugw92VPK8c3Hxqx0sel4AaABAg.AJwfF42ejeuAJwgOLNRlw5,youtube-data-api-v3/commentThreads.list,
1.5,strategy_rules|education_gap,youtube,Thats more like how to lose money strategy,0,0,https://www.youtube.com/watch?v=nkMzaQqpFbw,UgwBuB8oZJBB5E5nvcB4AaABAg.AQJX3FAtHh4AXCRvhKulaE,youtube-data-api-v3/commentThreads.list,
1.5,strategy_rules|education_gap,youtube,⁠@matthewobiadi6001 yeah until the manipulation starts to happen and it all comes down 😂🎉. That’s why no strategy can beat FVG,0,0,https://www.youtube.com/watch?v=ygleB1CLhUE,UgwBxz1OI-p88JkZCbJ4AaABAg.AJbOtw8cSlkAKpCMtPcwYq,youtube-data-api-v3/commentThreads.list,
1.5,strategy_rules|education_gap,youtube,Do you mind making a video on how you would use the economic news to setup a trade,0,0,https://www.youtube.com/watch?v=MPeeE55rNOw,UgwCHYyy7SNsIrGt8Hl4AaABAg,youtube-data-api-v3/commentThreads.list,
1.5,strategy_rules|education_gap,youtube,💯 The way you explained market structure here is clean! Too many people trade without understanding higher timeframe bias.,0,0,https://www.youtube.com/watch?v=LclxDYccla8,UgwG19Pu_9thgcIT6dd4AaABAg,youtube-data-api-v3/commentThreads.list,
1.5,entry_timing|strategy_rules,youtube,"On an ideal setup where the raid occurs near PD arrays, I mark BB as an initial bumper to support the trend, look for CISD, mark OB to identify an entry along with fvg where applicable, and enter a trade when MSS is confirmed. In case I miss the initial OTE, I monitor the PA to identify 2nd/3rd entry using MBs",0,0,https://www.youtube.com/watch?v=DMUiDBnTYc8,UgwHVYn6h8La9772hXl4AaABAg,youtube-data-api-v3/commentThreads.list,
1.5,entry_timing|education_gap,youtube,This is exactly how I enter my trades. I love buying multiple dips in same trade.,0,0,https://www.youtube.com/watch?v=Cq9mF42y2UQ,UgwHqRyS0gmthkKAptd4AaABAg,youtube-data-api-v3/commentThreads.list,
1.5,entry_timing|education_gap,youtube,what i would love is to get some insights about your thoughts before entering a position and how you do enter!,0,0,https://www.youtube.com/watch?v=1YRs4Z1lMws,UgwKaYbde9vBrnWVI3V4AaABAg,youtube-data-api-v3/commentThreads.list,
1.5,broker_platform|education_gap,youtube,Thanks for the explanation but if she can use Tradingview / graphs whilst explaining I would understand it .,0,0,https://www.youtube.com/watch?v=v97Efp_UDC0,UgwP2iBwMGaMClEUtMR4AaABAg,youtube-data-api-v3/commentThreads.list,
1.5,strategy_rules|psychology,youtube,"Trading feels like 80% mental gymnastics, 20% revenge clicking 😓 If I actually stuck to my plan instead of chasing every setup I felt, I'd be sipping drinks on a yacht by now.",0,0,https://www.youtube.com/watch?v=v97Efp_UDC0,UgwR7nDSy5k6WD-ZYFJ4AaABAg.AbDH8jYvCMvAbDHTYnDBMf,youtube-data-api-v3/commentThreads.list,
1.5,risk_management|strategy_rules,youtube,I found an orb strategy where we can detect fake breakouts and choppy days which would increase win rate massively and less drawdown,0,0,https://www.youtube.com/watch?v=T06ayy3-zs8,UgwR_-ceRW-zrIgSm7J4AaABAg,youtube-data-api-v3/commentThreads.list,
1.5,risk_management|education_gap,youtube,"I seriously appreciate your teaching method. I had a lot of stop start, replay but that is simply how learning a new thing is. I feel that you shared very valuable information.",0,0,https://www.youtube.com/watch?v=DZ08d8ORc_M,UgwU2ENwKNjmcx6aAz54AaABAg,youtube-data-api-v3/commentThreads.list,
1.5,risk_management|education_gap,youtube,"I have 1 more 50K account and 1-250K account to pass.  My 250K is not looking good so am now using it as my practice account.  I need 2.3K more for my 50K to pass.  I noticed on my part personally that bad trading is habit forming that is why am taking it slow, i still have my fulltime job anyway so no rush for me.  Am also following Zeussy",0,0,https://www.youtube.com/watch?v=DMUiDBnTYc8,UgwWFBVo7V18-7VCdPF4AaABAg.9yvQdIUIujDAMrYQAv36ao,youtube-data-api-v3/commentThreads.list,
1.5,risk_management|entry_timing,youtube,"Sept was so easy, every contract I entered worked beautifully.  Oct was bad.  And shame on me for not setting stop losses.   I had to roll and wait quite some time for recovery.  Never again. I am setting stops and if it tanks I have fast confirmation and then use the freed up capital for sensible.  trades.",0,0,https://www.youtube.com/watch?v=Cq9mF42y2UQ,Ugw_Q20QbcV1qRj5H_l4AaABAg,youtube-data-api-v3/commentThreads.list,
1.5,strategy_rules|psychology,youtube,"Trading feels like 80% mental gymnastics, 20% revenge clicking 😓 If I actually stuck to my plan instead of chasing every setup I felt, I'd be sipping drinks on a yacht by now.",0,0,https://www.youtube.com/watch?v=6-2WXJFyBhE,UgwbPFAsJZ47HGgy-yF4AaABAg.Aa_0BNsTyXCAa_0QZcEUfD,youtube-data-api-v3/commentThreads.list,
1.5,strategy_rules|education_gap,youtube,To get the directions on how to work with the strategy open your own charts and start doing what she says from here 21:21,0,0,https://www.youtube.com/watch?v=v97Efp_UDC0,UgwjEIvCcgYvfZ_m_id4AaABAg,youtube-data-api-v3/commentThreads.list,
1.5,risk_management|education_gap,youtube,Great video thanks. Such a beginner I would need to look at all settings first to see how it is trading and risks,0,0,https://www.youtube.com/watch?v=TvWks6oJ-9U,Ugwl8aRYKok43qx8lJV4AaABAg,youtube-data-api-v3/commentThreads.list,
1.5,strategy_rules|education_gap,youtube,Please what's ICT is it an indicator,0,0,https://www.youtube.com/watch?v=nkMzaQqpFbw,UgwljD72iIe5Rpt2FYp4AaABAg.APpUwSW0Wc4ARyUVhgLRyd,youtube-data-api-v3/commentThreads.list,
1.5,risk_management|entry_timing,youtube,"As a beginner investor, it’s essential for you to have a mentor to keep you accountable.
 Chris James is my trade analyst, he has guided me to identify key market trends, pinpointed strategic entry points, and provided risk assessments, ensuring my trades decisions align with market dynamics for optimal returns .",0,0,https://www.youtube.com/watch?v=cQzisFQRg3c,UgwtfuylUmYv9PPvP9x4AaABAg.AVorkswO_UrAVos4i9Lnn1,youtube-data-api-v3/commentThreads.list,
1.5,strategy_rules|broker_platform,youtube,if you can use tradingview. use a pref day HLOC indicator. its simpel.,0,0,https://www.youtube.com/watch?v=3JoMwrrN89E,Ugwy0TiSZ4QchqyZPTx4AaABAg.AYTUhcGlfU3AYUvxlALz2j,youtube-data-api-v3/commentThreads.list,
1.5,risk_management|entry_timing,youtube,"As a beginner investor, it’s essential for you to have a mentor to keep you accountable.
 Chris James is my trade analyst, he has guided me to identify key market trends, pinpointed strategic entry points, and provided risk assessments, ensuring my trades decisions align with market dynamics for optimal returns .",0,0,https://www.youtube.com/watch?v=g3oDYq4P9ZE,Ugx0KWI1UFJAcslxmgJ4AaABAg.AUMNOLymKuwAUMNXkqAOVi,youtube-data-api-v3/commentThreads.list,
1.5,entry_timing|education_gap,youtube,"One thing I've learned from the market is that success isn't just about timing, it's about spotting the right opportunities and having the right mentor by your side. That's what also keeps you steady during dips like this.",0,0,https://www.youtube.com/watch?v=wIyZcY6kNuo,Ugx7IgsnY9PqLMwnYtF4AaABAg.AXm1PNmkrF4AXm1iBSy-0C,youtube-data-api-v3/commentThreads.list,
1.5,risk_management|entry_timing,youtube,"same, the biggest difference is that they actually give clear entry, SL and TP levels",0,0,https://www.youtube.com/watch?v=wIyZcY6kNuo,Ugx7rL-Ijj8tlBhJ9jx4AaABAg.AULmRpcjGDUAYNNAtxIShF,youtube-data-api-v3/commentThreads.list,
1.5,strategy_rules|education_gap,youtube,"Thank you. Now I’m watching your latest videos and it’s very clear how your strategy has changed and progressed. It has also become easier, it seems to me",0,0,https://www.youtube.com/watch?v=0xygpCMwxbQ,Ugx99PmPfsErNtUnMp94AaABAg,youtube-data-api-v3/commentThreads.list,
1.5,strategy_rules|psychology,youtube,We’ve seen so many traders fail trying to juggle 20 indicators when all they needed was one solid edge and the discipline to wait for it. Simplicity isnt just a strategy; it’s a professional requirement.Thanks for sharing these brutal truths!,0,0,https://www.youtube.com/watch?v=cQzisFQRg3c,UgxAC4YQRrtzK1Bead54AaABAg,youtube-data-api-v3/commentThreads.list,
1.5,strategy_rules|education_gap,youtube,"What stocks are you'll trading with. I've been trying this strategy for weeks, and It never breaks up or dowb.",0,0,https://www.youtube.com/watch?v=R9yZSDpdCGE,UgxF0hW8lTqADp4yPIx4AaABAg,youtube-data-api-v3/commentThreads.list,
1.5,strategy_rules|psychology,youtube,"Trading feels like 80% mental gymnastics, 20% revenge clicking 😓 If I actually stuck to my plan instead of chasing every setup I felt, I'd be sipping drinks on a yacht by now.",0,0,https://www.youtube.com/watch?v=T06ayy3-zs8,UgxPLND7kNUUNJdu-2x4AaABAg.AaIXV4jH9cQAaIXijKFNIu,youtube-data-api-v3/commentThreads.list,
1.5,broker_platform|education_gap,youtube,I’m new how is it going on your end and who do you suggest as a broker 🤔,0,0,https://www.youtube.com/watch?v=9nRFcetXqkA,UgxSK6rm-4w-ZQqiGnV4AaABAg.AQcpeKSEI04ASlyqKlsdo5,youtube-data-api-v3/commentThreads.list,
1.5,risk_management|entry_timing,youtube,"As a beginner investor, it’s essential for you to have a mentor to keep you accountable.
 Chris James Cooks is my trade analyst, he has guided me to identify key market trends, pinpointed strategic entry points, and provided risk assessments, ensuring my trades decisions align with market dynamics for optimal returns .",0,0,https://www.youtube.com/watch?v=cQzisFQRg3c,UgxX2DBWiDnNtlVd1xV4AaABAg.AV-BPeGFPAtAV-B_EPtuAs,youtube-data-api-v3/commentThreads.list,
1.5,risk_management|entry_timing,youtube,"As a beginner investor, it’s essential for you to have a mentor to keep you accountable.
EVAN DENNIS is my trade analyst, he has guided me to identify key market trends, pinpointed strategic entry points, and provided risk assessments, ensuring my trades decisions align with market dynamics for optimal returns.",0,0,https://www.youtube.com/watch?v=m-G1ag77aVc,UgxXFHVeuIHf06K84ON4AaABAg.AIsvSDfuAb4AIswYkip_6t,youtube-data-api-v3/commentThreads.list,
1.5,broker_platform|education_gap,youtube,"It is not true. Real forex is meant for institutional trader regulated by world bank. Before any bank place any order , they first know their profit because they are doing it for their customers that need foreign currency for their international trades and these institution only follow prices. The activities of retail traders is not getting to real market and even if it does, the volume effect is nothing to drive the activities of market maker. Retail trading stop at brokers level. It's a game design for financial betting using the chat of real market. Banks don't loose to market because they are not betting, they are only doing pure business transaction. It is retail traders that is betting, always at the mercy of what is happening at the real market . Know this and have peace ❤",0,0,https://www.youtube.com/watch?v=3JoMwrrN89E,UgxiFTfo7edOzf6WKLh4AaABAg.AYFkAZ3OESwAYGm0WLdi-C,youtube-data-api-v3/commentThreads.list,
1.5,strategy_rules|broker_platform,youtube,"Hey, I saw your comment about trading tools. I'm a developer working on an AI-powered indicator for TradingView (runs on macOS). It's currently in beta, but I'm offering a free 5-day trial for testers. If you're on a Mac, I can send you a link. Let me know!",0,0,https://www.youtube.com/watch?v=9nRFcetXqkA,UgxlI4BVIJvtp7Il4r94AaABAg.AJLcQaHd2pLATqbiSIqjUB,youtube-data-api-v3/commentThreads.list,
1.5,strategy_rules|education_gap,youtube,Please show us yoour fib setup,0,0,https://www.youtube.com/watch?v=w8rfTNCer2A,UgxzC3bSMcl5Pacfbpt4AaABAg,youtube-data-api-v3/commentThreads.list,
1.5,strategy_rules|education_gap,youtube,Supply and demand explained clearly—great strategy.,0,0,https://www.youtube.com/watch?v=B_dVwXYQ-oc,Ugy3X7Nb_w7TbB3RqYZ4AaABAg,youtube-data-api-v3/commentThreads.list,
1.5,strategy_rules|education_gap,youtube,"Finally a internal SMC strategy revealed... i have been seeing this, but becareful to note what the overall state of the market structure is, it can go left to in agreement with a higher time frame.",0,0,https://www.youtube.com/watch?v=m-G1ag77aVc,Ugy8ZJ29Je9vUQvZqYl4AaABAg,youtube-data-api-v3/commentThreads.list,
1.5,risk_management|strategy_rules,youtube,"@TTrades_edu I was always hesitant about whether I should tighten my stop loss or not, and I would often use order blocks that were invalid because they had no higher timeframe PD array. But this video really cleared up some things for me. Thanks for the explanation!",0,0,https://www.youtube.com/watch?v=DMUiDBnTYc8,UgyBIdTMn8WVitWqbhp4AaABAg.9zFRWh7HYUv9zFVUiQKfp6,youtube-data-api-v3/commentThreads.list,
1.5,risk_management|education_gap,youtube,"Thank you for explaining clearly, so I can learn the knowledge in my own language using YouTube's automatic translator.",0,0,https://www.youtube.com/watch?v=-QkFsIBmqSA,UgyDG4kERfhi7ZK9hXF4AaABAg,youtube-data-api-v3/commentThreads.list,
1.5,entry_timing|education_gap,youtube,what of if i try using 30mins and entering on the 5mins west african time,0,0,https://www.youtube.com/watch?v=R9yZSDpdCGE,UgyF7r79y-KNulcDO9h4AaABAg,youtube-data-api-v3/commentThreads.list,
1.5,entry_timing|education_gap,youtube,"New sub, hope to be entering the market soon.  I'm a super visual person. Visuals would sink in better for me.  I did however capture on paper what visuals you did show.  You lost me on the V blah, blah so I will go back and rewatch a few times in order to hopefully comprehend.",0,0,https://www.youtube.com/watch?v=DZ08d8ORc_M,UgyNjRmlxKm4NEcuIB94AaABAg,youtube-data-api-v3/commentThreads.list,
1.5,strategy_rules|education_gap,youtube,"Timeframe, I spend most of my time on the 30m but keep in mind they’re all showing the same thing just in different scales. Try to see that and look at the 30, the 1hr then 4h. I like the 4h to get the best visual representation of the day because it cleans up the mess. I don’t like looking at tons of candles while the 4h shows me what I need which is how far up or down we went that day. I use Robinhood for now cuz it’s easy for me to use but there’s benefits to using tda as opposed to rh. The last 30min rh exercises your contracts automatic.",0,0,https://www.youtube.com/watch?v=JhBX0TQ41H8,UgyS3zCQqCSQX6JA_SV4AaABAg.AGQ9EuMvN8vAPF8vLUph_j,youtube-data-api-v3/commentThreads.list,
1.5,strategy_rules|education_gap,youtube,One of the best videos i have found.Your way of explaining is very good and the strategy also seems good i will be backtesting it and work on it,0,0,https://www.youtube.com/watch?v=-QkFsIBmqSA,UgyTLoQzgry5kaP_z-J4AaABAg,youtube-data-api-v3/commentThreads.list,
1.5,risk_management|broker_platform,youtube,Stumbled on your videos a few days ago on my journey and I love them. Looking for the best way to start. Im using MT5 demo account(testing everything out) and learning the ins and out. In 3 months I hope to be trading with real money. With more confidence and more knowledge. Right now Im just learning things on MT5. I cant seem to figure out the TP’s and the SL. Using the mobile app atm because my pc is down. But Im slowly learning. Always looking for tips. Thank you for breaking everything down a lil easier for me.,0,0,https://www.youtube.com/watch?v=nkMzaQqpFbw,UgyV5mfI_05cq3GauHZ4AaABAg,youtube-data-api-v3/commentThreads.list,
1.5,risk_management|entry_timing,youtube,"I was stuck in that same cycle until I found Rolando Mario. He’s the only mentor I’ve seen who breaks down 1-minute scalping with structure, not just flashy wins. He teaches exact entry timing, stop placement, and risk control  so you’re not just guessing.",0,0,https://www.youtube.com/watch?v=JXHrTloZ-nE,UgyY7mEmkGaODJy4ORV4AaABAg.AaNA1PKrAc6AaNA6MGRFmh,youtube-data-api-v3/commentThreads.list,
1.5,risk_management|entry_timing,youtube,"As a beginner investor, it’s essential for you to have a mentor to keep you accountable.
 Chris James is my trade analyst, he has guided me to identify key market trends, pinpointed strategic entry points, and provided risk assessments, ensuring my trades decisions align with market dynamics for optimal returns .",0,0,https://www.youtube.com/watch?v=g0BPjHd4OP8,UgyZmL5LcEPBKoXWKRh4AaABAg.AViSWXptUvjAViSnSqTBLj,youtube-data-api-v3/commentThreads.list,
1.5,risk_management|education_gap,youtube,"real talk i had a friend named ROLANDO MARIO who actually sat me down and explained risk management when i first started. like actually explained it, not just 'hodl and pray' lol. saved me from blowing up my account chasing pumps. most beginners dont got someone to show them the boring basics and it shows",0,0,https://www.youtube.com/watch?v=990oOC-bHxA,Ugye2QvBdtvvImHIFft4AaABAg.AUpKCnKj2VKAUpKwUMTmVw,youtube-data-api-v3/commentThreads.list,
1.5,strategy_rules|broker_platform,youtube,"Technically, if you have TradingView you can click on the ""5am NY4r high/low"" indicator and voila! Your wish has come true! Otherwise, I guess your workaround is cool too.",0,0,https://www.youtube.com/watch?v=6-2WXJFyBhE,UgyeZ2h2UDF_BXhf4QB4AaABAg.AXyloUE3JkMAY-m6MQgUN7,youtube-data-api-v3/commentThreads.list,
1.5,risk_management|education_gap,youtube,Okay so what if you would’ve left the risk the same then would your gains be quadrupled,0,0,https://www.youtube.com/watch?v=hSldTDpCfcc,UgyeZCkafCjM02b2dwp4AaABAg,youtube-data-api-v3/commentThreads.list,
1.5,risk_management|entry_timing,youtube,Risk management+ trade execute+ daily candle+ only bullish engulfing/bearing engulfing+ entry level predefined+ exit level predefined+ no emotion u r successful..,0,0,https://www.youtube.com/watch?v=cQzisFQRg3c,UgyggNlotj732hrgKet4AaABAg.AV5hlcXLImgAVTBzlBpEkQ,youtube-data-api-v3/commentThreads.list,
1.5,strategy_rules|broker_platform,youtube,"Hey, I saw your comment about trading tools. I'm a developer working on an AI-powered indicator for TradingView (runs on macOS). It's currently in beta, but I'm offering a free 5-day trial for testers. If you're on a Mac, I can send you a link. Let me know!",0,0,https://www.youtube.com/watch?v=9nRFcetXqkA,UgyjBIqqQqT9K5rmMel4AaABAg.AMnGJ03L1fEATqbirBnqpX,youtube-data-api-v3/commentThreads.list,
1.5,entry_timing|education_gap,youtube,"I would suggest to reach out to Morris. What impresses me most about Mavis is how well he accumulate profit for client's and explains basic concept of winning before actually trading for you. And letting you use he's  trade signals. And he will also teach you how to trade as he trade for you, and let you know when to enter and exit trade for maximum profit as he trade for you. This goes a long way to ensure winning trades.",0,0,https://www.youtube.com/watch?v=91-eWDvL-No,UgykgbbgU6FM0K-oR7h4AaABAg.A94-2YGhMFNA94-H1sMtbL,youtube-data-api-v3/commentThreads.list,
1.5,strategy_rules|education_gap,youtube,What would be confirmation patterns using this strategy,0,0,https://www.youtube.com/watch?v=v97Efp_UDC0,UgykyU8wl7qe3mQ_DJV4AaABAg,youtube-data-api-v3/commentThreads.list,
1.5,entry_timing|education_gap,youtube,"One thing I've learned from the market is that success isn't just about timing, it's about spotting the right opportunities and having the right mentor by your side. That's what also keeps you steady during dips like this.",0,0,https://www.youtube.com/watch?v=6-2WXJFyBhE,Ugyl5BQ_gqTBQ_mx_Xx4AaABAg.AY7wxa_-2uDAY7xeXIupvh,youtube-data-api-v3/commentThreads.list,
1.5,psychology|education_gap,youtube,"Testers are also invaluable, before even demo trading, can demo at the same time on some.
People think their strategies will work on demo, only to find out they don't beforehand on a tester, can reasonably easily just change their methods, sometimes with just a few tweaks and it often then works.
All good advice Btw.
I've heard of you before back in the day, you're still around 🙂
Why anyone wants to trade with a prop firm is a mystery to me, greed i assume so people can make more faster. But the tortoise always wins, or so they say.",0,0,https://www.youtube.com/watch?v=cIv3bcPylr4,UgyoCikXugEvpEkE82x4AaABAg,youtube-data-api-v3/commentThreads.list,
1.5,strategy_rules|education_gap,youtube,"She starts off with good but very general advice, but never talks about what the indicators say and what confirms that a trend is real and not just market noise. All you'll windup doing is trading on headlines instead of real information.",0,0,https://www.youtube.com/watch?v=cQzisFQRg3c,UgypVDx9I2Wxy7BXCox4AaABAg,youtube-data-api-v3/commentThreads.list,
1.5,risk_management|entry_timing,youtube,"As a beginner investor, it’s essential for you to have a mentor to keep you accountable.
 Chris James Cooks is my trade analyst, he has guided me to identify key market trends, pinpointed strategic entry points, and provided risk assessments, ensuring my trades decisions align with market dynamics for optimal returns .",0,0,https://www.youtube.com/watch?v=990oOC-bHxA,UgytPE8w347G5bakf094AaABAg.AUom0lvvrlmAUomfgMHQ4f,youtube-data-api-v3/commentThreads.list,
1.5,entry_timing|education_gap,youtube,My only question with a smaller account what 5-7 stocks should you watch consistently and find the times to enter or is there scanner settings to find different stocks daily,0,0,https://www.youtube.com/watch?v=JL7HdUKRxfI,Ugytody0XFi7k-Y3rdl4AaABAg,youtube-data-api-v3/commentThreads.list,
1.5,risk_management|entry_timing,youtube,"As a beginner investor, it’s essential for you to have a mentor to keep you accountable.
 Rolando Mario is my trade analyst, he has guided me to identify key market trends, pinpointed strategic entry points, and provided risk assessments, ensuring my trades decisions align with market dynamics for optimal returns .",0,0,https://www.youtube.com/watch?v=GKN-iVjJpyA,Ugz41jO8Y1Cal0Q-nXF4AaABAg.ATCFM7fBPONATCFagV4L2A,youtube-data-api-v3/commentThreads.list,
1.5,entry_timing|education_gap,youtube,Hey bro Can you share How do you confirm your entry after daily bias thankyu,0,0,https://www.youtube.com/watch?v=g3oDYq4P9ZE,Ugz5TwIWiR3zkTNgeYJ4AaABAg.9svCNelPaGbAIkA0M6BQeJ,youtube-data-api-v3/commentThreads.list,
1.5,strategy_rules|education_gap,youtube,What's your go to strategy @rosa5741,0,0,https://www.youtube.com/watch?v=91-eWDvL-No,Ugz9I0Fn6KYnlBwA-HV4AaABAg.ALCYwHywOWVAO5EyWYctWO,youtube-data-api-v3/commentThreads.list,
1.5,strategy_rules|education_gap,youtube,"Good advice, would have been amazing if you showed the chart setups. Unfortunately some of us learn better from seeing! Thx",0,0,https://www.youtube.com/watch?v=pORrgC7GjkM,UgzCUtsSuE_fCIsXvEt4AaABAg,youtube-data-api-v3/commentThreads.list,
1.5,psychology|education_gap,youtube,Literally God whispered to me 4hrs yesterday. I started revisiting my clumsy trade from last week & I see how I could have decreased my fear. & Now this 📝💕,0,0,https://www.youtube.com/watch?v=cIv3bcPylr4,UgzD_HTAP-DW2WuPA4R4AaABAg,youtube-data-api-v3/commentThreads.list,
1.5,risk_management|education_gap,youtube,Seriously like how does she expect us to understand 😭,0,0,https://www.youtube.com/watch?v=6-2WXJFyBhE,UgzH_pc7S6jtk3hg9ld4AaABAg.AZRa02_xTWaA_yZI2mGd_i,youtube-data-api-v3/commentThreads.list,
1.5,broker_platform|education_gap,youtube,Pleaseeeeeeeeeee Pat make a video on how you use TradingView properly for beginners,0,0,https://www.youtube.com/watch?v=JL7HdUKRxfI,UgzIbVYdWQYf3dy4KjZ4AaABAg,youtube-data-api-v3/commentThreads.list,
1.5,risk_management|strategy_rules,youtube,"Most comprehensive vid on supply and demand I have seen. Though to me, its a more risky strategy. Gratitude 🤝",0,0,https://www.youtube.com/watch?v=yaCM_cr5BXo,UgzLHYIKOs7vIvEQIRt4AaABAg,youtube-data-api-v3/commentThreads.list,
1.5,strategy_rules|education_gap,youtube,"Thanks Pat.  This is an easy and well explained strataegy, however, the Marubozu candle indicator you used makes it look a lot muddled up.  I'd rather you do a bare indication candle to make it easier to spot, especially for new traders on here.",0,0,https://www.youtube.com/watch?v=B_dVwXYQ-oc,UgzQobAhGwtgWem5vv54AaABAg,youtube-data-api-v3/commentThreads.list,
1.5,entry_timing|education_gap,youtube,"One thing I've learned from the market is that success isn't just about timing, it's about spotting the right opportunities and having the right mentor by your side. That's what also keeps you steady during dips like this,",0,0,https://www.youtube.com/watch?v=JXHrTloZ-nE,UgzVdMtNPykDVmiVhLF4AaABAg.AaOjjw1LTMkAaOk7OVYDVc,youtube-data-api-v3/commentThreads.list,
1.5,strategy_rules|broker_platform,youtube,"Hey, I saw your comment about trading tools. I'm a developer working on an AI-powered indicator for TradingView (runs on macOS). It's currently in beta, but I'm offering a free 5-day trial for testers. If you're on a Mac, I can send you a link. Let me know!",0,0,https://www.youtube.com/watch?v=9nRFcetXqkA,UgzZmGGDAqYuLrtOLsB4AaABAg.AJLdGuseJozATqbjGALEBH,youtube-data-api-v3/commentThreads.list,
1.5,entry_timing|education_gap,youtube,"One thing I've learned from the market is that success isn't just about timing, it's about spotting the right opportunities and having the right mentor by your side. That's what also keeps you steady during dips like this,",0,0,https://www.youtube.com/watch?v=T06ayy3-zs8,UgzlBXX46PHmpvfabD14AaABAg.A_UxdqRc_2kA_Uy9b3LQ-n,youtube-data-api-v3/commentThreads.list,
1.5,risk_management|entry_timing,youtube,"I was stuck in that same cycle until I found Rolando Mario. He’s the only mentor I’ve seen who breaks down 1-minute scalping with structure, not just flashy wins. He teaches exact entry timing, stop placement, and risk control  so you’re not just guessing.",0,0,https://www.youtube.com/watch?v=6-2WXJFyBhE,Ugzqkitb45g29EQhl-l4AaABAg.AbDDisYGtBXAbDDs3EdXNd,youtube-data-api-v3/commentThreads.list,
1.5,entry_timing|strategy_rules,youtube,"Me: finds a “perfect” 1-min setup
Also me: enters late, exits early, re-enters, stops out, cries",0,0,https://www.youtube.com/watch?v=6-2WXJFyBhE,Ugzqkitb45g29EQhl-l4AaABAg.AbDDisYGtBXAbDE2XDNlxC,youtube-data-api-v3/commentThreads.list,
1.5,risk_management|strategy_rules,youtube,Agatha's risk management principles saved my trading account. I recovered from significant losses and have been making steady profit withdrawals ever since. Her strategy is genuinely like finding gold in this industry.,0,0,https://www.youtube.com/watch?v=JXHrTloZ-nE,UgzsgkwB-cKveyxufaF4AaABAg.AaW8I4tZkq5AaW8RJheAVO,youtube-data-api-v3/commentThreads.list,
1.5,risk_management|entry_timing,youtube,"I was stuck in that same cycle until I found Rolando Mario. He’s the only mentor I’ve seen who breaks down 1-minute scalping with structure, not just flashy wins. He teaches exact entry timing, stop placement, and risk control  so you’re not just guessing.",0,0,https://www.youtube.com/watch?v=DZ08d8ORc_M,UgzyxQrwXtOYzli_1ZV4AaABAg.AanBjyBhgZDAanBtB6Cj05,youtube-data-api-v3/commentThreads.list,
1.5,entry_timing|strategy_rules,youtube,"Me: finds a “perfect” 1-min setup
Also me: enters late, exits early, re-enters, stops out, cries",0,0,https://www.youtube.com/watch?v=DZ08d8ORc_M,UgzyxQrwXtOYzli_1ZV4AaABAg.AanBjyBhgZDAanBw1bLVun,youtube-data-api-v3/commentThreads.list,
1.25,strategy_rules,youtube,new subs here! That's a nice looking setup 🙂,0,0,https://www.youtube.com/watch?v=96kZw9oR4QU,Ugw1USYAWzSYL_OwjIp4AaABAg,youtube-data-api-v3/commentThreads.list,
1.25,strategy_rules,youtube,"5mins, 15mins and 30mins timeframe.",0,0,https://www.youtube.com/watch?v=91-eWDvL-No,Ugw1UrJMjRo56TKgWM94AaABAg.A8UiATd7hlPAAJcwIif9og,youtube-data-api-v3/commentThreads.list,
1.25,education_gap,youtube,"Absolutely Josh'' , it’s best you try out what works for you, understand it and stick to it. With the right guide and skill one can definitely achieve trade success.",0,0,https://www.youtube.com/watch?v=JhBX0TQ41H8,Ugw2e9kPNM_AI63KrIx4AaABAg.AGvgb6YTqvPAGvh9-h_eAh,youtube-data-api-v3/commentThreads.list,
1.25,education_gap,youtube,"Video idea 
If possible,Implement every confluence in one example 
Or try add more confluences in one each example, 
Take a trade and show how many possible perspective are there , 
For example if u take a trade using fib retracment level , there is a possibility it can have a ob and fvg at the same level , 
Like that , 
Daily basis + killzone + silver bullet + etc ...",0,0,https://www.youtube.com/watch?v=1YRs4Z1lMws,Ugw4SJTbzmfJEuNhA3x4AaABAg,youtube-data-api-v3/commentThreads.list,
1.25,education_gap,youtube,What trading app do u use for buying stocks brother name please,0,0,https://www.youtube.com/watch?v=JL7HdUKRxfI,Ugw5l2gi65KTlkmYvnd4AaABAg.ARvyT19AybAASA-LTxXo7S,youtube-data-api-v3/commentThreads.list,
1.25,education_gap,youtube,I believe you provide  good contents but all verbal won't do good to many people! You got to show charts while explaining...,0,0,https://www.youtube.com/watch?v=6-2WXJFyBhE,Ugw67-_fvHBoX9zY1TZ4AaABAg,youtube-data-api-v3/commentThreads.list,
1.25,entry_timing,youtube,@rarecommenter 😅,0,0,https://www.youtube.com/watch?v=3JoMwrrN89E,Ugw77ZgYDP_A7tb7yEF4AaABAg.AYdNYM8Cgi7AYdandbzQaW,youtube-data-api-v3/commentThreads.list,
1.25,education_gap,youtube,My Headway charts have shown similar price action recently.,0,0,https://www.youtube.com/watch?v=7Hu7Rl1VYgE,Ugw9GpQ208-JppbNNa14AaABAg,youtube-data-api-v3/commentThreads.list,
1.25,psychology,youtube,agreed,0,0,https://www.youtube.com/watch?v=990oOC-bHxA,Ugw9iNky8vS-ddxNwWp4AaABAg.AGRyuI9IoBUAOziKq2t0Cz,youtube-data-api-v3/commentThreads.list,
1.25,strategy_rules,youtube,"Hello Captain Pat, I am from Kuwait. This is the first educational video on trading that I learned from you. I watch all of your videos and I learned a lot and took all the advice. The last video was in Arabic, the single candle strategy. I hope to join you if possible.",0,0,https://www.youtube.com/watch?v=nkMzaQqpFbw,UgwAmGJ2Yb4LAYHQCfJ4AaABAg,youtube-data-api-v3/commentThreads.list,
1.25,entry_timing,youtube,I have been using combination of the 15 min OR and the 60 min IB to on SPX to gauge the probability of a sustained breakout. I have used Claude to perform interesting analyses regarding the size and timing of the breakout and their effect on probability. I will have to look into the 30 min OR.,0,0,https://www.youtube.com/watch?v=T06ayy3-zs8,UgwCfCn6R8ztKAfqttx4AaABAg,youtube-data-api-v3/commentThreads.list,
1.25,broker_platform,youtube,@jeffreychappell1936check the spread,0,0,https://www.youtube.com/watch?v=TvWks6oJ-9U,UgwDfcofEaUELGo9Pkd4AaABAg.AF09460ZpuRAGThS6KXNKg,youtube-data-api-v3/commentThreads.list,
1.25,education_gap,youtube,Please tell us what pairs are the best pairs on your opinion for swing trading,0,0,https://www.youtube.com/watch?v=JL7HdUKRxfI,UgwEusouVgha-ay7XFV4AaABAg.ANtvINFMzLxASalfaWBFMX,youtube-data-api-v3/commentThreads.list,
1.25,risk_management,youtube,"All bullshit...😂😂 CUZ

My balance is 50$... Minimal risk 20-25% 😂😂",0,0,https://www.youtube.com/watch?v=pORrgC7GjkM,UgwHDM9sqC34xMIP5Ct4AaABAg,youtube-data-api-v3/commentThreads.list,
1.25,entry_timing,youtube,Great method for better entry confirmations!,0,0,https://www.youtube.com/watch?v=1YRs4Z1lMws,UgwJnC6fsurgvriLE2p4AaABAg,youtube-data-api-v3/commentThreads.list,
1.25,strategy_rules,youtube,"@condeadama7238maybe u have two indicators already, remove one to download this indicator",0,0,https://www.youtube.com/watch?v=MPeeE55rNOw,UgwKQPC-CO0xc_SAu_l4AaABAg.A1-udhn_lW8A5zh5Lv37GH,youtube-data-api-v3/commentThreads.list,
1.25,risk_management,youtube,This will be a life saver. I am from Australia and the time zones are crazy for me - I will definitely be looking forward to some sleep now!!!!,0,0,https://www.youtube.com/watch?v=TvWks6oJ-9U,UgwLcUzZgLqE84PfqoB4AaABAg,youtube-data-api-v3/commentThreads.list,
1.25,education_gap,youtube,"Thank you so much for this video. Without going into too many details, you have explained the chart and candle sticks well enough for beginners like me to understand and enjoy watching charts.",0,0,https://www.youtube.com/watch?v=990oOC-bHxA,UgwMNYNQyrrUuMUISh94AaABAg,youtube-data-api-v3/commentThreads.list,
1.25,strategy_rules,youtube,7:10  TFO ICT KILL ZONE indicator.,0,0,https://www.youtube.com/watch?v=YESqIoA7Wyg,UgwNyCRd9-0_UUo2rId4AaABAg,youtube-data-api-v3/commentThreads.list,
1.25,education_gap,youtube,"9:09 Oh, so that's what that means. I ain't trading btc anymore 😬😬",0,0,https://www.youtube.com/watch?v=R9yZSDpdCGE,UgwQSi6oZf0hvzGz7uN4AaABAg,youtube-data-api-v3/commentThreads.list,
1.25,strategy_rules,youtube,Use the money you'll make from this video's strategy to invest in other assets and you'll become unstoppable.,0,0,https://www.youtube.com/watch?v=-QkFsIBmqSA,UgwQun6oRKBeA3r4C2F4AaABAg.AS-mQ3HOr15AWI96q2lEC0,youtube-data-api-v3/commentThreads.list,
1.25,education_gap,youtube,"How would you approach running Renko charts along with candles sticks, same time frame , which chart would you read first... , I like both, don't know which one to go with, they both make since...",0,0,https://www.youtube.com/watch?v=cIv3bcPylr4,UgwS5HSQYyWFc3noXjt4AaABAg,youtube-data-api-v3/commentThreads.list,
1.25,education_gap,youtube,"What impresses me most about his approach is the transparency. He gives clients direct access to the trading platform, allowing us to monitor every trade in real-time. It’s rare to find that level of openness.",0,0,https://www.youtube.com/watch?v=v97Efp_UDC0,UgwSMaf-e78NEsy78aR4AaABAg.AZ-xxEA3svTAZ-yS5N5Nko,youtube-data-api-v3/commentThreads.list,
1.25,risk_management,youtube,"luv to TTrades but every time im tryna learn im half dead bout to fall asleep, genuine unintentional asmr",0,0,https://www.youtube.com/watch?v=U8xH2dEgH5A,UgwTyWB0_M6u9LCb1A94AaABAg,youtube-data-api-v3/commentThreads.list,
1.25,strategy_rules,youtube,love the NY time setup! wow,0,0,https://www.youtube.com/watch?v=WFRBLxKCtPw,UgwU6lHmO4Vd1j75NiJ4AaABAg,youtube-data-api-v3/commentThreads.list,
1.25,risk_management,youtube,@Briggslife831 Stop spamming my comments!,0,0,https://www.youtube.com/watch?v=1YRs4Z1lMws,UgwUOMVQcIexREXB6vF4AaABAg.9uZhme2I4cx9uazMOHoJRB,youtube-data-api-v3/commentThreads.list,
1.25,psychology,youtube,I was winning in 7 8 trades in a row btc futures then this peace talks came in Trump vs Iran then I became greedy and prideful and lost my all trades  in single trade xd,0,0,https://www.youtube.com/watch?v=g0BPjHd4OP8,UgwVAvJ-DnEjovOzQ7B4AaABAg,youtube-data-api-v3/commentThreads.list,
1.25,strategy_rules,youtube,"If you want the exact pre-market checklist I use to prepare
6:016 minutes, 1 secondfor the market every single day, it's available in the description. In fact, I'll share with you some of the indicators that I use that are available
6:096 minutes, 9 secondsfree on Trading View, and I'll give you the step by step that I look at each morning.        THIS IS NOT IN THE DESCRIPTION!",0,0,https://www.youtube.com/watch?v=T06ayy3-zs8,UgwVzvoAWLh3N6j0Xwp4AaABAg,youtube-data-api-v3/commentThreads.list,
1.25,psychology,youtube,Agreed ❤,0,0,https://www.youtube.com/watch?v=yaCM_cr5BXo,UgwXXn2WrPl4Lh1JVL54AaABAg.AJsN3VYLJctAKXKYa9-Obw,youtube-data-api-v3/commentThreads.list,
1.25,education_gap,youtube,"Thanks, now i know how trade the manupulation candle....:)",0,0,https://www.youtube.com/watch?v=6-2WXJFyBhE,UgwXxdm_sy2D2AbmAhd4AaABAg,youtube-data-api-v3/commentThreads.list,
1.25,education_gap,youtube,I’ve been trying to do that but I honestly don’t even know what 'institutional flow' looks like on a chart. Everything just looks like random candles to me right now.,0,0,https://www.youtube.com/watch?v=v97Efp_UDC0,UgwYIR-s6lQW6Kzf3sJ4AaABAg.AbQE7kaVjNbAbQF3IJ5Jdm,youtube-data-api-v3/commentThreads.list,
1.25,education_gap,youtube,"How do you know how high to set your ATR on the buy trades you showed, thank you I've learned a lot just from this video!",0,0,https://www.youtube.com/watch?v=JL7HdUKRxfI,UgwYcMTWlm3jeZM--o14AaABAg,youtube-data-api-v3/commentThreads.list,
1.25,broker_platform,youtube,Which broker you use,0,0,https://www.youtube.com/watch?v=9nRFcetXqkA,UgwYgePmMs5sS17s6b54AaABAg.AJLd-4DFTlFAJS2b9g0ZKe,youtube-data-api-v3/commentThreads.list,
1.25,strategy_rules,youtube,Great breakdown. I actually just finished backtesting this strategy on my channel and the results were really interesting. The data always tells the real story 🔥,0,0,https://www.youtube.com/watch?v=6-2WXJFyBhE,Ugw_EkZ4zivXjngaC-p4AaABAg,youtube-data-api-v3/commentThreads.list,
1.25,strategy_rules,youtube,"Definitely gotta be brave, ruthless and fast with sizing up during  intraday if you are day trading this strategy. But a swing on a 21DTE or 30DTE makes this more manageable.",0,0,https://www.youtube.com/watch?v=Cq9mF42y2UQ,Ugw_HIkRFI2ic9jZw-B4AaABAg,youtube-data-api-v3/commentThreads.list,
1.25,strategy_rules,youtube,every day new strategy wow,0,0,https://www.youtube.com/watch?v=B_dVwXYQ-oc,Ugw_b679zzpiZIHY9cZ4AaABAg,youtube-data-api-v3/commentThreads.list,
1.25,entry_timing,youtube,Bro plz make video  ON. MSS genuinely and real MSS criteria Entry method thanks,0,0,https://www.youtube.com/watch?v=-QkFsIBmqSA,Ugwb4n9-8wh8fOvHIXR4AaABAg,youtube-data-api-v3/commentThreads.list,
1.25,strategy_rules,youtube,"Really one of the  best setup 👏👍 
Thanks sir",0,0,https://www.youtube.com/watch?v=nkMzaQqpFbw,UgwbTEDeGzFN23iNZLh4AaABAg,youtube-data-api-v3/commentThreads.list,
1.25,education_gap,youtube,"Speaking as a Ralph Wiggum of trading, I like the way you explain stuff.",0,0,https://www.youtube.com/watch?v=Cq9mF42y2UQ,UgwdDzaXRtfoEwypMZJ4AaABAg,youtube-data-api-v3/commentThreads.list,
1.25,strategy_rules,youtube,@DanielYemane-py1wdyea bro this is bad strategy. Watch ict,0,0,https://www.youtube.com/watch?v=91-eWDvL-No,UgweS_IATqqWN58Cn0x4AaABAg.AQ9qxt33NS0ATNDa5d8SR7,youtube-data-api-v3/commentThreads.list,
1.25,strategy_rules,youtube,It would be better if u had a detailed documents or PDF...yr content is crucial..becoz that's the strategy i use,0,0,https://www.youtube.com/watch?v=T06ayy3-zs8,UgwfHg3N-nFTySYrP-x4AaABAg,youtube-data-api-v3/commentThreads.list,
1.25,education_gap,youtube,Your bot makes trading look easy! Love your trading bot and want to have it. It’s exactly what I need💡👏,0,0,https://www.youtube.com/watch?v=TvWks6oJ-9U,Ugwi8J55BftJr3E_Ym94AaABAg,youtube-data-api-v3/commentThreads.list,
1.25,broker_platform,youtube,"Best advice: Getting a financial advisor at a brokerage will do, bc it means professional investment management, trading services, weekly reports, and no extra fees. Not for beginners alone-but it saves you from YouTubers nonsense and daily hopium",0,0,https://www.youtube.com/watch?v=cQzisFQRg3c,UgwiEXTBviOdz20Tkk14AaABAg.AV3zHt_HX_SAV4-uzrGiDq,youtube-data-api-v3/commentThreads.list,
1.25,risk_management,youtube,"​@jaydenrobiThat's the right mindset. Crypto investing works best when you learn from experienced traders, manage risk, and stay patient. Guessing usually leads to losses.",0,0,https://www.youtube.com/watch?v=cQzisFQRg3c,UgwiEXTBviOdz20Tkk14AaABAg.AV3zHt_HX_SAV40h_8Y0gl,youtube-data-api-v3/commentThreads.list,
1.25,risk_management,youtube,Fast saving has less risk than fast money,0,0,https://www.youtube.com/watch?v=cQzisFQRg3c,UgwiEXTBviOdz20Tkk14AaABAg.AV3zHt_HX_SAV40pi_-YH2,youtube-data-api-v3/commentThreads.list,
1.25,strategy_rules,youtube,This explanation of confirmation entries is game-changing. Thanks for sharing this advanced strategy!,0,0,https://www.youtube.com/watch?v=9nRFcetXqkA,UgwiSnepdm8LN4j5XDJ4AaABAg,youtube-data-api-v3/commentThreads.list,
1.25,education_gap,youtube,How do I know the difference of trending or ranging,0,0,https://www.youtube.com/watch?v=6-2WXJFyBhE,UgwjcUmV3kKohRilQjl4AaABAg,youtube-data-api-v3/commentThreads.list,
1.25,education_gap,youtube,Candles show you what sellers and buyers are Doing,0,0,https://www.youtube.com/watch?v=DZ08d8ORc_M,UgwkZUBl4MO2yLtvIXF4AaABAg.AQmd0NED2gwAW_4tOZhw85,youtube-data-api-v3/commentThreads.list,
1.25,strategy_rules,youtube,"3 upward candles  ,plus RDI  good indicators",0,0,https://www.youtube.com/watch?v=DZ08d8ORc_M,UgwkZUBl4MO2yLtvIXF4AaABAg.AQmd0NED2gwAW_5gohGSiT,youtube-data-api-v3/commentThreads.list,
1.25,risk_management,youtube,"Gold content. Simple to understand. Is that make swing proftable and no risky. I'm a beginner swing trading, I chill and wait one month to close the positions. Buy low sell high.",0,0,https://www.youtube.com/watch?v=JL7HdUKRxfI,UgwkZdGuLG18o4PI3th4AaABAg,youtube-data-api-v3/commentThreads.list,
1.25,entry_timing,youtube,Thanks TT! Waiting for in-depth version of this cisd entry model.,0,0,https://www.youtube.com/watch?v=CHIK5oBRKiw,Ugwl4k2xDJygnHiHj2F4AaABAg,youtube-data-api-v3/commentThreads.list,
1.25,education_gap,youtube,​@Marius.tradezhow to use ict + demand please explain clearly,0,0,https://www.youtube.com/watch?v=nkMzaQqpFbw,UgwljD72iIe5Rpt2FYp4AaABAg.APpUwSW0Wc4ATJyDBuzlje,youtube-data-api-v3/commentThreads.list,
1.25,entry_timing,youtube,Bro thank you. I miss so much trade some days I don't trade at all because I always go for 5 munites after that I watch the stock hit double  or more. Now I know I put my entry to low and the market never reach it .,0,0,https://www.youtube.com/watch?v=m-G1ag77aVc,UgwlxaiDIVo-NpSkbiR4AaABAg,youtube-data-api-v3/commentThreads.list,
1.25,strategy_rules,youtube,"Thanks Pat, I take profit today from USDJPY. 1st take profit and then break even.  Love this strategy.",0,0,https://www.youtube.com/watch?v=B_dVwXYQ-oc,Ugwo7xLNpxGwuuzd5DF4AaABAg,youtube-data-api-v3/commentThreads.list,
1.25,strategy_rules,youtube,So which timeframe you usually excuting the trades,0,0,https://www.youtube.com/watch?v=w8rfTNCer2A,UgwrtF7z3K1PuEnhJax4AaABAg,youtube-data-api-v3/commentThreads.list,
1.25,education_gap,youtube,Thanks for your videos.  Just wanted to know why you did tp previous high for the last trade shown. Please make a video for swing trades with those trading hacks. Thanks again😊❤,0,0,https://www.youtube.com/watch?v=JL7HdUKRxfI,Ugwt29pxI2xxFkJo__F4AaABAg,youtube-data-api-v3/commentThreads.list,
1.25,education_gap,youtube,"Best teacher ever! Wow! For the first time, I actually understand how trading works. Thank you ❤",0,0,https://www.youtube.com/watch?v=wIyZcY6kNuo,UgwtJG0j6lWCxMgZ9H94AaABAg,youtube-data-api-v3/commentThreads.list,
1.25,strategy_rules,youtube,yes 9:30 EST or wherever theres a setup preferably before 11:00AM,0,0,https://www.youtube.com/watch?v=6-2WXJFyBhE,UgwtVi46k5kScpRQC9V4AaABAg.AY1CI9TNJ9OAY39WL-o0vK,youtube-data-api-v3/commentThreads.list,
1.25,education_gap,youtube,"To be honest, I need a lot of assistance learning to trade. I get really depressed when I see how low my portfolio is.",0,0,https://www.youtube.com/watch?v=cQzisFQRg3c,UgwtfuylUmYv9PPvP9x4AaABAg.AVorkswO_UrAVos6mW9Hfk,youtube-data-api-v3/commentThreads.list,
1.25,risk_management,youtube,"Trading without proper guidance is one of the biggest challenges for beginners. Without a qualified advisor, many traders either remain stuck or face losses that slow their progress.",0,0,https://www.youtube.com/watch?v=cQzisFQRg3c,UgwtfuylUmYv9PPvP9x4AaABAg.AVorkswO_UrAVosBrQcYiY,youtube-data-api-v3/commentThreads.list,
1.25,education_gap,youtube,"Add another card. Or, if the CPU itself has an integrated GPU, depending on how many outputs it can support, and how many the motherboard provides, the IGPU can be used. I'm currently running 4 monitors off a video card and 2 off the IGPU of this 12700K",0,0,https://www.youtube.com/watch?v=96kZw9oR4QU,UgwvovgYE5z3rupa2Dp4AaABAg.9cRpBbqQ0zc9oULor_rwCx,youtube-data-api-v3/commentThreads.list,
1.25,education_gap,youtube,​@TradewithPat-pwhat I do bro I don't hv any wts app now a days I'm totally wipped out around 60k dollar loss and very heavy debt.😢,0,0,https://www.youtube.com/watch?v=sclIAK3x2dw,UgwwwrGmIShksydbEet4AaABAg.AUdZe2W0cSjAUet1wZss9F,youtube-data-api-v3/commentThreads.list,
1.25,strategy_rules,youtube,"It’s both honestly. Market conditions matter, but so does whether you actually have a system or just reacting to strategy",0,0,https://www.youtube.com/watch?v=g3oDYq4P9ZE,UgwxTrnLRIgIIlKCegJ4AaABAg.AYlCAFeKdVmAYlCbp27-7Z,youtube-data-api-v3/commentThreads.list,
1.25,education_gap,youtube,I wish you'd  use actual charts to show us all this my brain works in pictures,0,0,https://www.youtube.com/watch?v=v97Efp_UDC0,UgwyIjjebYVwHh6Zxcl4AaABAg,youtube-data-api-v3/commentThreads.list,
1.25,strategy_rules,youtube,gonna need an update one on this since there is a new version of the indicator,0,0,https://www.youtube.com/watch?v=MPeeE55rNOw,UgwyeYrWMxd1VT0LxX94AaABAg,youtube-data-api-v3/commentThreads.list,
1.25,education_gap,youtube,Why are you not using prop farms when you are able to make some profit,0,0,https://www.youtube.com/watch?v=JhBX0TQ41H8,UgwzaAoKfrgMzydhGQt4AaABAg.AY-4i7hA5orA_n5kaYPiPj,youtube-data-api-v3/commentThreads.list,
1.25,education_gap,youtube,what do you mainly trade doing swing trading,0,0,https://www.youtube.com/watch?v=JL7HdUKRxfI,Ugx-8ryVHRmXqGxcYNN4AaABAg,youtube-data-api-v3/commentThreads.list,
1.25,risk_management,youtube,To risk it all for the sake of the Channel was actually Legendary,0,0,https://www.youtube.com/watch?v=hSldTDpCfcc,Ugx-PEF8YicdP80UCYR4AaABAg,youtube-data-api-v3/commentThreads.list,
1.25,risk_management,youtube,"Trading without proper guidance is one of the biggest challenges for beginners. Without a qualified advisor, many traders either remain stuck or face losses that slow their progress.",0,0,https://www.youtube.com/watch?v=g3oDYq4P9ZE,Ugx0KWI1UFJAcslxmgJ4AaABAg.AUMNOLymKuwAUMNc3LYF2i,youtube-data-api-v3/commentThreads.list,
1.25,education_gap,youtube,"What impresses me most about his approach is the transparency. He gives clients direct access to the trading platform, allowing us to monitor every trade in real-time. It’s rare to find that level of openness.",0,0,https://www.youtube.com/watch?v=g3oDYq4P9ZE,Ugx0KWI1UFJAcslxmgJ4AaABAg.AUMNOLymKuwAUMNfk-Oh18,youtube-data-api-v3/commentThreads.list,
1.25,education_gap,youtube,"Bro, you explain it very very much clear. Now I understand liquidity relationship from IRL to ERL.
Thank you very much and am now a subscriber of you🙏",0,0,https://www.youtube.com/watch?v=3OivsP1j_UE,Ugx1WNSengvPRosSh054AaABAg,youtube-data-api-v3/commentThreads.list,
1.25,risk_management,youtube,If they trade while you sleep at nightly hours with heavy swaps and margins 🤣 bro shut your robot off and open it only during hours of volatile trading,0,0,https://www.youtube.com/watch?v=TvWks6oJ-9U,Ugx2fJIDjvmD4dAwn894AaABAg.AFQIJ4iOgvxAOVIa4gPSWr,youtube-data-api-v3/commentThreads.list,
1.25,strategy_rules,youtube,If you combine your strategy with volume analysis you will reach superior results,0,0,https://www.youtube.com/watch?v=JL7HdUKRxfI,Ugx3hait4hIX5Z2hHBR4AaABAg,youtube-data-api-v3/commentThreads.list,
1.25,education_gap,youtube,"i think, market maker have to make some people lose money. its their mission. and well, there is two direction. and they do it extensive ways.  so what ever they do, people lose money eventually. because, it have to be that way. thecnically, %50 people would win in the end, but most of them will lose second time of trading. and worst case of senario, they would win. but they afraid, scare of market, and just get very limited profit even they ""know"" what will happen that time... and the time he/she coudnt see whats actually happening and lose %100. 

i mean, we want to know like oracle. even market makers short time movements. like coming future,  but its not math. its utopia.",0,0,https://www.youtube.com/watch?v=3JoMwrrN89E,Ugx4djsK_XrMeni1cQB4AaABAg,youtube-data-api-v3/commentThreads.list,
1.25,strategy_rules,youtube,obvisouly not :) The final PnL of any trading strategy must be viewed over a few years (or backtested),0,0,https://www.youtube.com/watch?v=g0BPjHd4OP8,Ugx5ZueLeqPWcHwg_dF4AaABAg.AVSVcdqpXHWAVSbju4DW2F,youtube-data-api-v3/commentThreads.list,
1.25,education_gap,youtube,Thank you so much for all your videos. They are very insightful and informative. Please can you do a video on how to trade London session.,0,0,https://www.youtube.com/watch?v=YESqIoA7Wyg,Ugx5fPBWfxPfQpwlkUB4AaABAg,youtube-data-api-v3/commentThreads.list,
1.25,strategy_rules,youtube,The best Supply and Demand strategy video. thanks a lot.,0,0,https://www.youtube.com/watch?v=yaCM_cr5BXo,Ugx6sQxpVs2EL3ckWwh4AaABAg,youtube-data-api-v3/commentThreads.list,
1.25,risk_management,youtube,"Trading without proper guidance is one of the biggest challenges for beginners. Without a qualified advisor, many traders either remain stuck or face losses that slow their progress.",0,0,https://www.youtube.com/watch?v=wIyZcY6kNuo,Ugx7IgsnY9PqLMwnYtF4AaABAg.AXm1PNmkrF4AXm1g_U_ZtQ,youtube-data-api-v3/commentThreads.list,
1.25,strategy_rules,youtube,Hi Pat! Great content! Best strategy of all time! Congrats and Thank you! ❤,0,0,https://www.youtube.com/watch?v=sclIAK3x2dw,UgxB-u6CMMNy11ASyBh4AaABAg,youtube-data-api-v3/commentThreads.list,
1.25,education_gap,youtube,I like the way you explain i learned a lot sir thank you!❤,0,0,https://www.youtube.com/watch?v=-QkFsIBmqSA,UgxBKGvgb0ij4meEMQ94AaABAg,youtube-data-api-v3/commentThreads.list,
1.25,risk_management,youtube,"One quick correction if I may.  $500.00 risk with a 50 cent stop loss is 1000 shares and not 100 shares.  100 shares gives you a $50.00 risk at 0.50 stop loss.     Your channel has good content, thank you!",0,0,https://www.youtube.com/watch?v=pORrgC7GjkM,UgxEMWM_WmG0qfoGvKR4AaABAg.APRTRlzwntdAPfp66znPh8,youtube-data-api-v3/commentThreads.list,
1.25,education_gap,youtube,"Hahahaha....this holygrail mentality is EXACTLY why people fail at trading.
This is called confirmation bias. Stop believing any infomercial to lure newbies into trading. This is no different than the Nigerian dating scams.",0,0,https://www.youtube.com/watch?v=6-2WXJFyBhE,UgxFcYralQK2kWi19u94AaABAg.AXzGYX6NoOfAY1nEGAuzLF,youtube-data-api-v3/commentThreads.list,
1.25,education_gap,youtube,Common let's say it for what they are they have gamemafied  trading.. but hey all is fair in Love and trading..and what you get is 2k to 4.5k in funny money with a ton of rules to pass the test.  Having said all that it is better to blow $100 at a Time than blowing 5k in one day in your real account.. learn to pass these and then you've got it.. Good luck 🤞,0,0,https://www.youtube.com/watch?v=cIv3bcPylr4,UgxGDFLMslbRD1XWraB4AaABAg,youtube-data-api-v3/commentThreads.list,
1.25,education_gap,youtube,"Thank you so much! You simplified reading candle sticks and showed what really matters. I hope you have great health, wealth, and happiness in the new year!",0,0,https://www.youtube.com/watch?v=990oOC-bHxA,UgxHH_7JBI3v7V7fYlp4AaABAg,youtube-data-api-v3/commentThreads.list,
1.25,risk_management,youtube,"Traders make YouTube videos despite claiming to be wealthy because YouTube income is steady and ""risk-free"", whereas trading profits are volatile and can turn negative at any time. By creating content, they convert their trading skills into a second, more predictable business that is often more profitable than the actual trading they do. .........
Enjoy the free content .....but dont give money",0,0,https://www.youtube.com/watch?v=g0BPjHd4OP8,UgxI0TgjnLTS-YZf1654AaABAg,youtube-data-api-v3/commentThreads.list,
1.25,education_gap,youtube,Your Opening speach.is exactly what I tell my Students. The Trading Chart is a language just like the music script.,0,0,https://www.youtube.com/watch?v=DZ08d8ORc_M,UgxIo7Lm1T_DzCA4gjx4AaABAg,youtube-data-api-v3/commentThreads.list,
1.25,strategy_rules,youtube,The  perfect indicator,0,0,https://www.youtube.com/watch?v=MPeeE55rNOw,UgxIrKVlRk1A301yji14AaABAg,youtube-data-api-v3/commentThreads.list,
1.25,education_gap,youtube,"Raghee you very much for sharing this.  However it would be so much clearer if you would have shown on a chart what you are talking about. Now my visualization is failingh me , so my understanding is below par. It all sounds good though.",0,0,https://www.youtube.com/watch?v=v97Efp_UDC0,UgxJTfdXcubGfMZaCtR4AaABAg,youtube-data-api-v3/commentThreads.list,
1.25,education_gap,youtube,"@TTrades_eduYou are my new all time favorite yt'ber, changedd how i trade for good",0,0,https://www.youtube.com/watch?v=CHIK5oBRKiw,UgxKLOnhELc63Usptyt4AaABAg.9xR64_ur3Lh9y6MTUyRVaA,youtube-data-api-v3/commentThreads.list,
1.25,education_gap,youtube,"Your counter trade just made me realise why I got  stopped out , any time the price fills my fvg  then comes to my OB,   indusdes me with a mss just for me to be stopped   out of the trade 😭",0,0,https://www.youtube.com/watch?v=JD_sWSjIiJE,UgxLfe2unKnEicZjbhx4AaABAg.AAYKk9bdfJIAAYZe93DpIl,youtube-data-api-v3/commentThreads.list,
1.25,education_gap,youtube,"Your BTC analysis matches what I’ve been seeing on FastBull’s charts. If volume picks up, we might get that big move soon.",0,0,https://www.youtube.com/watch?v=B_dVwXYQ-oc,UgxM3_AhbpAEawuU5mZ4AaABAg,youtube-data-api-v3/commentThreads.list,
1.25,strategy_rules,youtube,"Trading advice for anyone new to stock: try not to focus too much on the 1-minute charts. When I first started trading, I made the mistake of reacting to every small price movement, and it cost me a lot of money. Constantly watching the smallest timeframes can create unnecessary stress and lead to impulsive decisions.",0,0,https://www.youtube.com/watch?v=3JoMwrrN89E,UgxNZD986XKUXffmGqB4AaABAg.AYuuEgQQEyMAYv9VLDgU8E,youtube-data-api-v3/commentThreads.list,
1.25,education_gap,youtube,I was just backtesting this and I ran into the important level orderblocks example and did exactly what you showed not to do. Glad to have learning experinces like this!,0,0,https://www.youtube.com/watch?v=DMUiDBnTYc8,UgxPBbX2ghA20yqcYUV4AaABAg,youtube-data-api-v3/commentThreads.list,
1.25,risk_management,youtube,"Sometimes you have to stop watching and just jump in. Keep it simple. Find one method, stick with it, grow slow. Most folks blow up because they’re trying to get rich in a week. Treat it like building a solid house, not playing the lottery.",0,0,https://www.youtube.com/watch?v=T06ayy3-zs8,UgxPLND7kNUUNJdu-2x4AaABAg.AaIXV4jH9cQAaIXqRm4rl5,youtube-data-api-v3/commentThreads.list,
1.25,education_gap,youtube,"Chris James Cooks is simple  if you don’t make money, he doesn’t either. No fee to join, no subscription junk. He only gets paid after you see profit. That’s why I trusted it in the first place.",0,0,https://www.youtube.com/watch?v=T06ayy3-zs8,UgxPLND7kNUUNJdu-2x4AaABAg.AaIXV4jH9cQAaIY-Ax-xsu,youtube-data-api-v3/commentThreads.list,
1.25,education_gap,youtube,Yk what i just watched this vid a while ago and i tried it out and there in in profit 🎉,0,0,https://www.youtube.com/watch?v=-QkFsIBmqSA,UgxQK0UpYAcVd3qm-7B4AaABAg,youtube-data-api-v3/commentThreads.list,
1.25,broker_platform,youtube,"​@JabarieBrown-e9lif you want a good and safe broker go for Icmarkets 
Its good",0,0,https://www.youtube.com/watch?v=9nRFcetXqkA,UgxSK6rm-4w-ZQqiGnV4AaABAg.AQcpeKSEI04AV7S3YUS1HB,youtube-data-api-v3/commentThreads.list,
1.25,strategy_rules,youtube,"I'm following your strategy step by step to make it mine bro, you are the man mate",0,0,https://www.youtube.com/watch?v=91-eWDvL-No,UgxSlutmw6F7YXl42w54AaABAg,youtube-data-api-v3/commentThreads.list,
1.25,entry_timing,youtube,"Yes, the spacing concept makes a lot of sense. Using volatility to adjust entry gaps seems like a more patient version of averaging down less guessing, more structure.",0,0,https://www.youtube.com/watch?v=Cq9mF42y2UQ,UgxTJRQIY9o2nZu8abp4AaABAg.APLaj9dMaMmAPPsOAVEopd,youtube-data-api-v3/commentThreads.list,
1.25,psychology,youtube,"@TimothyMadike55let go of fear. Stopped hesitating on winning trades, running out of winners, cutting losers too early etc",0,0,https://www.youtube.com/watch?v=JXHrTloZ-nE,UgxUU8o0Cq9PKws9Oqt4AaABAg.Ab4ki6RL8mEAb6Gfq4FTiq,youtube-data-api-v3/commentThreads.list,
1.25,education_gap,youtube,"​@TTrades_eduWhat if daily dol has taken 
Like:- daily candle high taken what should we do",0,0,https://www.youtube.com/watch?v=0xygpCMwxbQ,UgxW2YmKGcYuennWDAB4AaABAg.9tF6ShoXX9bAM1u6g0Immd,youtube-data-api-v3/commentThreads.list,
1.25,education_gap,youtube,"What impresses me most about his approach is the transparency. He gives clients direct access to the trading platform, allowing us to monitor every trade in real-time. It’s rare to find that level of openness.",0,0,https://www.youtube.com/watch?v=cQzisFQRg3c,UgxX2DBWiDnNtlVd1xV4AaABAg.AV-BPeGFPAtAV-Bot4NEkn,youtube-data-api-v3/commentThreads.list,
1.25,risk_management,youtube,"​@Rana-q9r6oMere experience mein process smooth raha, isliye kaafi relief mila.",0,0,https://www.youtube.com/watch?v=7Hu7Rl1VYgE,UgxXR1MF04twhFodEo54AaABAg.AadbFwUrjLaAaddRaDC3n8,youtube-data-api-v3/commentThreads.list,
1.25,education_gap,youtube,"That's how I do it as well:) grundsätzlich that out, I trade 2 weeks now",0,0,https://www.youtube.com/watch?v=Cq9mF42y2UQ,UgxXreZlrQXpE1y6I8V4AaABAg,youtube-data-api-v3/commentThreads.list,
1.25,entry_timing,youtube,"I hit a massive milestone of $1.6M this morning, and the first thing I want to do is pass that energy to whoever is reading this. ✨ May God ease your burdens, quiet your mind, and fill your home with the kind of peace that surpasses understanding. Your breakthrough is closer than it looks trust His timing. 🙏 God is so good!",0,0,https://www.youtube.com/watch?v=3JoMwrrN89E,UgxYNUNS_I4U0zqXH6h4AaABAg,youtube-data-api-v3/commentThreads.list,
1.25,risk_management,youtube,"Trading without proper guidance is one of the biggest challenges for beginners. Without a qualified advisor, many traders either remain stuck or face losses that slow their progress.",0,0,https://www.youtube.com/watch?v=3JoMwrrN89E,UgxYae9IL_FM_xPPu_B4AaABAg.AYU91isAE9HAYU9aAGzW6J,youtube-data-api-v3/commentThreads.list,
1.25,education_gap,youtube,"A lot of trading jargon here, I unfortunately don't really understand what you said",0,0,https://www.youtube.com/watch?v=g0BPjHd4OP8,UgxYqnb9AXoDi2V-yDF4AaABAg,youtube-data-api-v3/commentThreads.list,
1.25,strategy_rules,youtube,Ohoo 😮😮😮😮 your setup look awesome 😊,0,0,https://www.youtube.com/watch?v=96kZw9oR4QU,UgxZsE4xdBwujo6O3j54AaABAg,youtube-data-api-v3/commentThreads.list,
1.25,strategy_rules,youtube,I must add the Unicorn strategy. The best setup ever. Thanks man :),0,0,https://www.youtube.com/watch?v=q1NmxUTm4n4,UgxacygUpjPgziDeufZ4AaABAg.9uvSL8o_wKF9vF1UPnhQap,youtube-data-api-v3/commentThreads.list,
1.25,risk_management,youtube,Risk developes only when you’re trading too big.,0,0,https://www.youtube.com/watch?v=Cq9mF42y2UQ,UgxdhEQCUw4BYEHH5Gd4AaABAg.APKErpTrQfaAVhGRITZCBH,youtube-data-api-v3/commentThreads.list,
1.25,strategy_rules,youtube,She's really good in studying the market and making a strategy and i am learning so much from her already!,0,0,https://www.youtube.com/watch?v=cIv3bcPylr4,UgxiC6nYvOjA4ZbywLJ4AaABAg.AQgW5PY1oswAQgWq3kKymS,youtube-data-api-v3/commentThreads.list,
1.25,strategy_rules,youtube,@zenishpatel9854Indicator is ICT Killzones + Pivots [TFO]. TTrades has linked it in the video description.,0,0,https://www.youtube.com/watch?v=U8xH2dEgH5A,UgxiKNBkzvz2H-3v0Fd4AaABAg.9rdRY6qDfjPA5tADSxycIX,youtube-data-api-v3/commentThreads.list,
1.25,entry_timing,youtube,"it works but not always, wait for the perfect timing",0,0,https://www.youtube.com/watch?v=JL7HdUKRxfI,UgxibbbP_FnmwVzYt654AaABAg.AUANA5CGSGtAUeqF0Vw4J6,youtube-data-api-v3/commentThreads.list,
1.25,education_gap,youtube,"Also, how do you find stocks to trade.",0,0,https://www.youtube.com/watch?v=JL7HdUKRxfI,Ugxkh1VOcwrwj0m3zEJ4AaABAg,youtube-data-api-v3/commentThreads.list,
1.25,education_gap,youtube,"Absolutely Josh'' , it’s best you try out what works for you, understand it and stick to it. With the right guide and skill one can definitely achieve trade success.",0,0,https://www.youtube.com/watch?v=JD_sWSjIiJE,UgxlyUBX4eN6UW6CR354AaABAg.AGvdI0pwWvuAGvdu-lwiLp,youtube-data-api-v3/commentThreads.list,
1.25,risk_management,youtube,"I never use stop loss no trap for me 😂 but of course I only trade bluechip stocks, so I do the waiting game, DCA and wait",0,0,https://www.youtube.com/watch?v=3JoMwrrN89E,UgxmGFzeDFMZ3G7iBQN4AaABAg,youtube-data-api-v3/commentThreads.list,
1.25,strategy_rules,youtube,@TTrades_edu It will be worth backtesting this to find if it is as accurate with fractals. Not only smaller timeframes but also the weekly in order to get an early take on whether the PWH or PWL is likely to be swept first.,0,0,https://www.youtube.com/watch?v=g3oDYq4P9ZE,UgxnQ_fOhlFENy3sigd4AaABAg.9ssvahuojti9sy7HIyIAu1,youtube-data-api-v3/commentThreads.list,
1.25,strategy_rules,youtube,"simply the best u shaped my strategy to the best , everything is perfectly simplified!!",0,0,https://www.youtube.com/watch?v=yaCM_cr5BXo,Ugxo4pvstvvm2DmVpm54AaABAg,youtube-data-api-v3/commentThreads.list,
1.25,strategy_rules,youtube,Great strategy,0,0,https://www.youtube.com/watch?v=B_dVwXYQ-oc,UgxolPHed2KnJJC5Ri14AaABAg,youtube-data-api-v3/commentThreads.list,
1.25,education_gap,youtube,I don't know how long you are in the trading world but the brain and the eyes need to work together (synchronized) if you are new it will take some time talking from personal experience. @itstoasty7089,0,0,https://www.youtube.com/watch?v=_94CPMjWi9E,UgxrDwdz4fn6Amz4Nj94AaABAg.9sQsLceI0Q79vfkFevOv9n,youtube-data-api-v3/commentThreads.list,
1.25,risk_management,youtube,"Watching from Kenya, The time is 0457hrs, I haven't slept a wink. 
I'ma come back here after a year only this time i'll be a funded profitable trader.
Thank you TT trades, your videos have made a difference. 
#baraka",0,0,https://www.youtube.com/watch?v=DMUiDBnTYc8,Ugxs9ZVBnK3AcnE5grR4AaABAg,youtube-data-api-v3/commentThreads.list,
1.25,broker_platform,youtube,Please recommend a good broker for forex trading,0,0,https://www.youtube.com/watch?v=w8rfTNCer2A,UgxsYfrBJpTWbNgsuKJ4AaABAg,youtube-data-api-v3/commentThreads.list,
1.25,strategy_rules,youtube,"@TTrades_edu honestly mean it. I only have two indicators, FVG and daily profile. Enough to make a living.",0,0,https://www.youtube.com/watch?v=YESqIoA7Wyg,Ugxy1fjf2S53w3dnNA54AaABAg.9vzZ8l5Wavf9x-2DlTphhf,youtube-data-api-v3/commentThreads.list,
1.25,strategy_rules,youtube,@TTrades_edu Adding the market structure concept to this gives the best setup which I've come to realisation.,0,0,https://www.youtube.com/watch?v=YESqIoA7Wyg,Ugxy1fjf2S53w3dnNA54AaABAg.9vzZ8l5Wavf9zHh8PQ3-xd,youtube-data-api-v3/commentThreads.list,
1.25,strategy_rules,youtube,this strategy will work for indian markets sir,0,0,https://www.youtube.com/watch?v=B_dVwXYQ-oc,Ugxz4Jnz4Dxq5_I0dxV4AaABAg,youtube-data-api-v3/commentThreads.list,
1.25,education_gap,youtube,"Lots of talking, but not showing on a chart what you're talking about",0,0,https://www.youtube.com/watch?v=6-2WXJFyBhE,UgxzZ8Zm1bE28q8OnZt4AaABAg,youtube-data-api-v3/commentThreads.list,
1.25,risk_management,youtube,They are similar but a margin account is a higher personal risk than a prop firm,0,0,https://www.youtube.com/watch?v=cIv3bcPylr4,Ugxzc1nz4vLNq2bi0Bd4AaABAg.AR0L1_7LuCVAR4tg11BU4P,youtube-data-api-v3/commentThreads.list,
1.25,strategy_rules,youtube,"Yup exactly! I'm only using candlestick, volume, level2, time&sales. My strategy is price action, supply and demand, significant support and resistance. Candlestick is advertisement, volume is the effort. - Daytrader, premarket.",0,0,https://www.youtube.com/watch?v=cQzisFQRg3c,Ugy05X_6WJr98A-iDHV4AaABAg,youtube-data-api-v3/commentThreads.list,
1.25,strategy_rules,youtube,"yeah, it's not easy to create that indicator but I did it hehe, it's hard to lose if you follow the right side. The easiest way is know the correct market structure hehe",0,0,https://www.youtube.com/watch?v=LclxDYccla8,Ugy0FVvANDztQZgG_RJ4AaABAg.AUPKEcAk7_HAUQ1dhUz0-v,youtube-data-api-v3/commentThreads.list,
1.25,education_gap,youtube,how do u know if the market is ranging or trending,0,0,https://www.youtube.com/watch?v=g0BPjHd4OP8,Ugy0_xf8ZzjiD_RVqvd4AaABAg,youtube-data-api-v3/commentThreads.list,
1.25,education_gap,youtube,That's why options exist and why many people prefer them. They give better leverage per dollar spent. But stocks never expire and options do so... They're a different animal,0,0,https://www.youtube.com/watch?v=3JoMwrrN89E,Ugy0a0ubQ_Izf6PtMIh4AaABAg.AYFlhROh1CHAYFzmHtbKjy,youtube-data-api-v3/commentThreads.list,
1.25,strategy_rules,youtube,The fourth day i saw a buy with retesting strategy,0,0,https://www.youtube.com/watch?v=B_dVwXYQ-oc,Ugy0cHgbbb3pTvhfQ4l4AaABAg,youtube-data-api-v3/commentThreads.list,
1.25,education_gap,youtube,I liked it a lot Pat !You explained it so simple and effective. I appreciate a lot that you are modest and show that losing is part of the trade. Respect !,0,0,https://www.youtube.com/watch?v=nkMzaQqpFbw,Ugy1D5KvpgNw3ljO4894AaABAg,youtube-data-api-v3/commentThreads.list,
1.25,education_gap,youtube,I have a question what pair should i trade when i have an smt the one that swept the high/low or the one that did'nt please answer T,0,0,https://www.youtube.com/watch?v=q1NmxUTm4n4,Ugy2alay-AmAEPRz3AB4AaABAg,youtube-data-api-v3/commentThreads.list,
1.25,strategy_rules,youtube,Nice setup,0,0,https://www.youtube.com/watch?v=96kZw9oR4QU,Ugy2eFVuT0ilnK7F2Hp4AaABAg,youtube-data-api-v3/commentThreads.list,
1.25,education_gap,youtube,"I want to join your copy  trade
How do I join
The you",0,0,https://www.youtube.com/watch?v=-QkFsIBmqSA,Ugy3qRVWGFzUOgAr9Ut4AaABAg,youtube-data-api-v3/commentThreads.list,
1.25,education_gap,youtube,"Instead of talking shit, you should have shown on chart 😂",0,0,https://www.youtube.com/watch?v=6-2WXJFyBhE,Ugy41h0ELZzYJQqJDT94AaABAg,youtube-data-api-v3/commentThreads.list,
1.25,strategy_rules,youtube,"Hi Pat, I only found your YT Chanel a few weeks ago. I really like the way you break down your strategy for the trades you took in the video’s. I think a quality robot trades better than me at this point, cause I’ve only started trading forex recently. 😂 Keep making quality video’s! 👍🏻",0,0,https://www.youtube.com/watch?v=TvWks6oJ-9U,Ugy4mHVIz8_mNrCXps14AaABAg,youtube-data-api-v3/commentThreads.list,
1.25,education_gap,youtube,"dont hrow all in on EAs, they are like an investment, can go wrong, or can win a lot of money, really depends on market cycle and understanding about what conditions your robot works better",0,0,https://www.youtube.com/watch?v=hSldTDpCfcc,Ugy7K61GQODXBWZIohZ4AaABAg.AC9zZA-kNJMADdVjoZ9yuy,youtube-data-api-v3/commentThreads.list,
1.25,risk_management,youtube,"Don't focus on win rate focus on risk to reward ratio make it 1:3, 1:4 if your win rate is 50% or 60% is enough (from experience)",0,0,https://www.youtube.com/watch?v=nkMzaQqpFbw,Ugy8xJc-TyrKzR5aXZd4AaABAg.AO8VkRb9qC-AQ8vDyT6vrv,youtube-data-api-v3/commentThreads.list,
1.25,entry_timing,youtube,"Thanks so much TTrader❤, u just made me a unique entry model",0,0,https://www.youtube.com/watch?v=CHIK5oBRKiw,UgyAepImHEzKcBsMPIh4AaABAg,youtube-data-api-v3/commentThreads.list,
1.25,education_gap,youtube,Thank you for your professional and experienced wisdom.  How can you tell the opening 30 minute range if you’re trading for example indices like NASDAQ in the Asia session or gold trading it on the Asia session which I tend to notice a lot of the major moves tend to happen between 7 and 8 PM or sometimes 630 to 8 is when a move takes place with the duration to about 10 PM or sometimes it may be the continuation into New York session possibly if you’re catching a daily candle for 3 to 5 day moves thank you again for everything you’re doing and love your channel. Stay blessed.,0,0,https://www.youtube.com/watch?v=T06ayy3-zs8,UgyC3YzN4sO_QwVTFwd4AaABAg,youtube-data-api-v3/commentThreads.list,
1.25,strategy_rules,youtube,"Great insight, I love the historic references you make about the opening range, and that clear the definitions and even the history of the concept, lovely to hear from someone that has lived and breathed it. Sad when I hear ICT traders talking of new setups that have been invented/discovered.. uhuh.. the setups don't change, only the suckers do.",0,0,https://www.youtube.com/watch?v=T06ayy3-zs8,UgyC7DEqON7qx2imGnN4AaABAg,youtube-data-api-v3/commentThreads.list,
1.25,education_gap,youtube,"i just found your channel , what a great place for education , your crt ict concepts are absolutely game changers for my trading thank you for sharing this",0,0,https://www.youtube.com/watch?v=0xygpCMwxbQ,UgyCkSI2LyuXWaEQyMl4AaABAg,youtube-data-api-v3/commentThreads.list,
1.25,risk_management,youtube,"notice she never mentions hedging. All this stuff is about guessing or obsessing about direction. This is high risk and not consistent and 90% will blow up their accounts doing it. There is no magical trading set up. And your never trading just a stock. Your trading the SPX too. If the SPX turns down and your long your favorite set up, good luck.",0,0,https://www.youtube.com/watch?v=v97Efp_UDC0,UgyDDlM78L-f3xleA5F4AaABAg,youtube-data-api-v3/commentThreads.list,
1.25,education_gap,youtube,"@bballah9969 3 years is relevant to how fast you learn. I'm funded with topstep, have my personal portfolio for investing  and profitable and definitely not a kid. may have taken you more than 3 years to learn but im not you.",0,0,https://www.youtube.com/watch?v=GKN-iVjJpyA,UgyDwLZgSXHcVcuOuhx4AaABAg.A8VyKwEndRJABvViAZ8Yf_,youtube-data-api-v3/commentThreads.list,
1.25,education_gap,youtube,"This is what I am realizing ""RIGHT NOW"", after a year of Paper Trading... over trading... bad habit of chasing candles.. and not being ""Brutally selective"", on my entries... You've just listed out, everything I'm needn't to do right now. lol.  All true.",0,0,https://www.youtube.com/watch?v=g0BPjHd4OP8,UgyEbO79I7ONSclCbyB4AaABAg,youtube-data-api-v3/commentThreads.list,
1.25,strategy_rules,youtube,Study behaviour!! I used it in my strategy,0,0,https://www.youtube.com/watch?v=cQzisFQRg3c,UgyH2ATB2s1RDFuO6Gh4AaABAg,youtube-data-api-v3/commentThreads.list,
1.25,education_gap,youtube,Just what I needed ❤😊 Lot of love and respect from IND,0,0,https://www.youtube.com/watch?v=m-G1ag77aVc,UgyHR5ynB_phQu2BEdl4AaABAg,youtube-data-api-v3/commentThreads.list,
1.25,education_gap,youtube,"Thank you for this - you explain very clearly, i’m only 6 days into learning how to trade but i’ll watch this a few times and hopefully it’ll stick. And I’ll subscribe. 👊🏽",0,0,https://www.youtube.com/watch?v=LclxDYccla8,UgyIA__KytI-6ttVbIV4AaABAg,youtube-data-api-v3/commentThreads.list,
1.25,psychology,youtube,"I think you're right, but you can never tell when the market reverses against your direction, and if you keep 'improvising' everytime you feel the market is becoming choppy, then you'll always end up closing your trades a little too early, and that could be a sign of fear",0,0,https://www.youtube.com/watch?v=JXHrTloZ-nE,UgyJGH2s3Jvz7BYw7RF4AaABAg.AaeuWTgIiJfAaiAMRYISox,youtube-data-api-v3/commentThreads.list,
1.25,education_gap,youtube,Best video on youtube about iFVG by far.  Ttrades you are the goat. I have watched this so many times. The way you explain and demonstrate everything is so clearly is just amazing. Thank you for your content Ttrades. Truly educational.,0,0,https://www.youtube.com/watch?v=uDJI2AbyyCs,UgyK5HaLHlaqvBYeZUx4AaABAg,youtube-data-api-v3/commentThreads.list,
1.25,strategy_rules,youtube,Supern I am from Sri Lanka I want crypto trading strategys,0,0,https://www.youtube.com/watch?v=-QkFsIBmqSA,UgyKNN66d4slzOR-ho14AaABAg,youtube-data-api-v3/commentThreads.list,
1.25,strategy_rules,youtube,This is a valuable video everyone should trade on this strategy because market works on money and where money is set it becomes 100% confirmation trade with 0 loss thanks brother it worked for me today without worried my tp was hit automatically IT ITN FEELS LIKE YES THIS IS REAL TRADING,0,0,https://www.youtube.com/watch?v=sclIAK3x2dw,UgyKV1t0n19HJnuWkKJ4AaABAg,youtube-data-api-v3/commentThreads.list,
1.25,risk_management,youtube,I do only XAUUSD...keep your SL at other side of the range...if it hits accept and move on...One rule i follow is not to trade ORB if its range is more than my SL....this is simple...no need to complicate..,0,0,https://www.youtube.com/watch?v=T06ayy3-zs8,UgyKYwOL2jassn7jFaV4AaABAg,youtube-data-api-v3/commentThreads.list,
1.25,education_gap,youtube,Do you no how to trade bollinger bands,0,0,https://www.youtube.com/watch?v=w8rfTNCer2A,UgyKcYOeOHfz2sw3eA14AaABAg,youtube-data-api-v3/commentThreads.list,
1.25,education_gap,youtube,"Becoming a good trader takes time and patience. When i first got into trading i was liquidated twice, and lost my entire mortgage deposit. I could have given up, but decided to learn how to trade and put it into practice. 4 years later and i am glad i made that decision.",0,0,https://www.youtube.com/watch?v=Cq9mF42y2UQ,UgyLQxil_GGy1YEv_2F4AaABAg.APJDxlugqQ3APKASk6E7j9,youtube-data-api-v3/commentThreads.list,
1.25,education_gap,youtube,"I startet with trading for 15 month ago, why i startede is becorse i whant to give my 2 kids a bether furture the i had, youre content is powerfull, love it.",0,0,https://www.youtube.com/watch?v=nkMzaQqpFbw,UgyMKjcIR6tto6rIqSt4AaABAg,youtube-data-api-v3/commentThreads.list,
1.25,education_gap,youtube,How can you talk about something like this without charts,0,0,https://www.youtube.com/watch?v=DZ08d8ORc_M,UgyMKxW6eCX2fvKcN5B4AaABAg,youtube-data-api-v3/commentThreads.list,
1.25,risk_management,youtube,SL 8888 PIPS 10:16,0,0,https://www.youtube.com/watch?v=TvWks6oJ-9U,UgyMYjoZxaoGNPYSR7V4AaABAg.AF07LitVEndAMDGy4Fk0Yp,youtube-data-api-v3/commentThreads.list,
1.25,strategy_rules,youtube,hello can we add ADX indicator for identifying momentum at breakout..,0,0,https://www.youtube.com/watch?v=B_dVwXYQ-oc,UgyO4bP2-u184l0dR4B4AaABAg,youtube-data-api-v3/commentThreads.list,
1.25,education_gap,youtube,and that is why you are struggling lmaooo ict does it on purpose to lure out the lazy low attention span viewers lol trust theres a shit ton of gold in all of ict videos and is a MUST to watch them fully. dont half ass it,0,0,https://www.youtube.com/watch?v=0xygpCMwxbQ,UgyO5LbVHAXo00fW93l4AaABAg.9qIfvzd6nqV9qKJtjL0kH2,youtube-data-api-v3/commentThreads.list,
1.25,education_gap,youtube,I’ve been trying to do that but I honestly don’t even know what 'institutional flow' looks like on a chart. Everything just looks like random candles to me right now.,0,0,https://www.youtube.com/watch?v=GKN-iVjJpyA,UgyOGJAyRhI0XvAQplt4AaABAg.AXFHQfpdj-VAXFHfrbz_tE,youtube-data-api-v3/commentThreads.list,
1.25,strategy_rules,youtube,"Consulting an expert like Ava Harris to refine your investment strategy is a smart move.
‎",0,0,https://www.youtube.com/watch?v=JhBX0TQ41H8,UgyOJsMTBXhgnY2lXhZ4AaABAg.AJfoc68Qxy8AJfoj6Wv7Vt,youtube-data-api-v3/commentThreads.list,
1.25,education_gap,youtube,"@TradewithPatI m for real I see a
Good presentation u explain step
By sten that’s what we need",0,0,https://www.youtube.com/watch?v=R9yZSDpdCGE,UgyOhqT8e2dXPpD7pkx4AaABAg.AJsIOFYk7TvAJsIumW1Vi1,youtube-data-api-v3/commentThreads.list,
1.25,education_gap,youtube,"Brother, don’t buy a course. I learned how to trade from a guy called sci trades on YouTube his course is free. Just giving u a gem. And no I’m not a bot lol",0,0,https://www.youtube.com/watch?v=9nRFcetXqkA,UgyRVOKa_Uj2w8YJyVB4AaABAg.AMzqPnoOfNaAOBj6OANMo7,youtube-data-api-v3/commentThreads.list,
1.25,education_gap,youtube,"@darkdart2497The basics are essentially mastering the understanding of what a Trend is, What support and resistance are and a theory around market mechanics ( How it all goes together ) such as Wykoff or Elliot wave theory which in my perspective are the same in mechanics but different in approach to the market. This will allow you to understand the simple and straight to the point content of this amazing video. The less you know the longer the videos you have to watch….and yes we have all gone through it. Nobody skips paying market tuition 🤙",0,0,https://www.youtube.com/watch?v=LclxDYccla8,UgyUIYU3DEoROf2wb2R4AaABAg.9vp-hQHf6YEAFnNcw2CuQI,youtube-data-api-v3/commentThreads.list,
1.25,education_gap,youtube,how can we get these analysis please ​@TradewithPat,0,0,https://www.youtube.com/watch?v=G2THP1LGPB0,UgyWFMpIIxq4iRROnoR4AaABAg.9pVv9W6TdUeA8SPQuxoD4Q,youtube-data-api-v3/commentThreads.list,
1.25,strategy_rules,youtube,ORB strategy has soooo many different variations. Good video!,0,0,https://www.youtube.com/watch?v=T06ayy3-zs8,UgyWunWqZgDr5Aat0Vp4AaABAg,youtube-data-api-v3/commentThreads.list,
1.25,education_gap,youtube,"To be honest, I need a lot of assistance learning to trade. I get really depressed when I see how low my portfolio is.",0,0,https://www.youtube.com/watch?v=g0BPjHd4OP8,UgyZmL5LcEPBKoXWKRh4AaABAg.AViSWXptUvjAViSonJeTvK,youtube-data-api-v3/commentThreads.list,
1.25,risk_management,youtube,"Trading without proper guidance is one of the biggest challenges for beginners. Without a qualified advisor, many traders either remain stuck or face losses that slow their progress.",0,0,https://www.youtube.com/watch?v=g0BPjHd4OP8,UgyZmL5LcEPBKoXWKRh4AaABAg.AViSWXptUvjAViSyDcZc4l,youtube-data-api-v3/commentThreads.list,
1.25,risk_management,youtube,"Yeah, since meeting expert Rolando Diaz, I now agree that with an expert managing your portfolio, the rate of profit high, with less risk.",0,0,https://www.youtube.com/watch?v=WFRBLxKCtPw,UgyZu-PW91y2GUbZlTR4AaABAg.APJhAWghx7AAPKCFm1mkXZ,youtube-data-api-v3/commentThreads.list,
1.25,education_gap,youtube,"I lost over $80k when everything started to tank. Not because I was in an exchange that went belly up. I was just stupid to hold and because that's what everyone said. I'm still responsible. It just taught me to be a better investor now that I understand more of what could go wrong. It took me over two years of being in the market, I'm really grateful I found one source to recover my money, at least $10k profits weekly. Thanks Valerie Yarvin",0,0,https://www.youtube.com/watch?v=JhBX0TQ41H8,UgyavWN4o3levfOk7Bl4AaABAg.AAMw2vl4KpkAMt2YWS5WPJ,youtube-data-api-v3/commentThreads.list,
1.25,strategy_rules,youtube,This is one of the simplest explanations for Demand and supply strategy. You made it look simple and easy to grab.,0,0,https://www.youtube.com/watch?v=nkMzaQqpFbw,UgybLvbNq_2jq3QFH9Z4AaABAg,youtube-data-api-v3/commentThreads.list,
1.25,entry_timing,youtube,7:47 i didn't understand the aggressive  entry. I think it could goes lower and lower,0,0,https://www.youtube.com/watch?v=-QkFsIBmqSA,Ugybs-G5AiRo68jG2RN4AaABAg,youtube-data-api-v3/commentThreads.list,
1.25,education_gap,youtube,​@TTrades_edu   so how then do you take entries 😢,0,0,https://www.youtube.com/watch?v=g3oDYq4P9ZE,UgycFMKYUx-PKwStVmB4AaABAg.9st7UYRGNQjAEqduCqedl1,youtube-data-api-v3/commentThreads.list,
1.25,strategy_rules,youtube,"Thank you big BOSS for this video,,, 1 SET UP FOR A LIFE, ONLY ONE TRADE EVERYDAY,
IM FROM PHILIPPINES,  I WANT TO TRY THIS TRADING STRATEGY....",0,0,https://www.youtube.com/watch?v=R9yZSDpdCGE,UgycPO3LT6WAPmQwb594AaABAg,youtube-data-api-v3/commentThreads.list,
1.25,education_gap,youtube,What ever you are explaining. Show it in a chart. A live chart or a screenshot or a hand written.,0,0,https://www.youtube.com/watch?v=g0BPjHd4OP8,UgyfsLtirPnvDCYHbwx4AaABAg,youtube-data-api-v3/commentThreads.list,
1.25,strategy_rules,youtube,"You are genius bro 🎉🎉 your strategy is very clear and to the point , your level in trading is perfect 👌",0,0,https://www.youtube.com/watch?v=nkMzaQqpFbw,UgyhLq7wFi3GkxhtZqh4AaABAg,youtube-data-api-v3/commentThreads.list,
1.25,education_gap,youtube,Amazing content! Liquidity hunting and market manipulation concepts are explained so clearly here. Looking forward to more trading lessons. 🚀,0,0,https://www.youtube.com/watch?v=sclIAK3x2dw,Ugyhr1glGgJIO1zorj54AaABAg,youtube-data-api-v3/commentThreads.list,
1.25,risk_management,youtube,"Start with a $0 Demo Account to practice the strategies without risk! Once you're consistently winning, start with $100 - $500 on a live micro-account so you can practice real risk management without blowing a huge balance. Focus on the process and compounding small percentage gains, not the dollar amount! 📈💸",0,0,https://www.youtube.com/watch?v=w8rfTNCer2A,UgyiCAWD1fZWd-gyNlR4AaABAg.AWxwR0fkMjmAX7c-tA9Oo0,youtube-data-api-v3/commentThreads.list,
1.25,risk_management,youtube,"5% is too small. I believe 5% risk is for newbies. So you have enough fuckup room.

A pro should be risking nothing less than 20% and above per trade",0,0,https://www.youtube.com/watch?v=pORrgC7GjkM,UgykfPSUjDtYoldLQYB4AaABAg.APcxrHhO35wAQ5ZWLbV9zc,youtube-data-api-v3/commentThreads.list,
1.25,strategy_rules,youtube,timeframe bad bro,0,0,https://www.youtube.com/watch?v=nkMzaQqpFbw,Ugykuh1sWlRsDpaz0SV4AaABAg.ASXgruBIanaAV2lF4jb0O9,youtube-data-api-v3/commentThreads.list,
1.25,risk_management,youtube,"Trading without proper guidance is one of the biggest challenges for beginners. Without a qualified advisor, many traders either remain stuck or face losses that slow their progress.",0,0,https://www.youtube.com/watch?v=6-2WXJFyBhE,Ugyl5BQ_gqTBQ_mx_Xx4AaABAg.AY7wxa_-2uDAY7xbd331ck,youtube-data-api-v3/commentThreads.list,
1.25,risk_management,youtube,Start using your stop loss bar more often and you'll see that you won't lose everything,0,0,https://www.youtube.com/watch?v=TvWks6oJ-9U,UgyltfH2jV_-Is3BEwF4AaABAg.AUJJDa_8EGxAZzwtzWnTgS,youtube-data-api-v3/commentThreads.list,
1.25,education_gap,youtube,"It seems story of my life 😩😂 Just when I think I’ve got it, the market flips like a prank. Dylan Clark, actually explains every move instead of just pointing at charts. That kind of guidance is what finally makes correction to the madness…",0,0,https://www.youtube.com/watch?v=wIyZcY6kNuo,Ugym8u7Bb_yt2gRdryF4AaABAg.AQj1RwFtA1jAQj25roCSwo,youtube-data-api-v3/commentThreads.list,
1.25,risk_management,youtube,You've got to also be careful when you're using a stop loss a market maker can trigger your stop loss and throw you out of that position quick and then turn right around and rally at the other direction and they do that. I set an alert so I can look at the position and see if it's broke my line of support. I never set a stop loss because that'll throw you out of a stock quicker than anything,0,0,https://www.youtube.com/watch?v=pORrgC7GjkM,UgymuXrjgjw0TtJCAyp4AaABAg,youtube-data-api-v3/commentThreads.list,
1.25,strategy_rules,youtube,SIR BEST TIME FRAME  FOR THIS Strategy INTRADAY,0,0,https://www.youtube.com/watch?v=-QkFsIBmqSA,UgynEeN10WrT8vIsCvx4AaABAg,youtube-data-api-v3/commentThreads.list,
1.25,entry_timing,youtube,yooo i will select in commenters,0,0,https://www.youtube.com/watch?v=7Hu7Rl1VYgE,UgyoGU9Gek_vXbE2P6V4AaABAg,youtube-data-api-v3/commentThreads.list,
1.25,education_gap,youtube,"Excellent
I wish I can trade like you
How can I join your group",0,0,https://www.youtube.com/watch?v=-QkFsIBmqSA,UgyoUimRsnW6EHv0i5x4AaABAg,youtube-data-api-v3/commentThreads.list,
1.25,strategy_rules,youtube,"I had a really good losing strategy for a long time,  i always bought high and sold low. So,  I had to change my losing strategy for another,  I started to sell low and buying high. I'm almost ready to change these strategies for a winning one now!",0,0,https://www.youtube.com/watch?v=v97Efp_UDC0,UgyohHB2QEoFiMv5Q_l4AaABAg,youtube-data-api-v3/commentThreads.list,
1.25,entry_timing,youtube,Thanks for this but please where is the confirmation before entry,0,0,https://www.youtube.com/watch?v=m-G1ag77aVc,Ugypn8GjVsho4KwCimJ4AaABAg,youtube-data-api-v3/commentThreads.list,
1.25,risk_management,youtube,Bollinger bands don't contain anything.. stop misleading people... they just measure volatillity,0,0,https://www.youtube.com/watch?v=hSldTDpCfcc,UgyrFJaNkBHXFg-GdAB4AaABAg,youtube-data-api-v3/commentThreads.list,
1.25,psychology,youtube,"I see lady understood, im tryding the same, agreed 90%",0,0,https://www.youtube.com/watch?v=cQzisFQRg3c,UgytCBGkA9_CS7GxSYt4AaABAg,youtube-data-api-v3/commentThreads.list,
1.25,education_gap,youtube,Completely fake none of this is what makes trading profitable.,0,0,https://www.youtube.com/watch?v=3JoMwrrN89E,Ugyu9dymwrFoVy30n6B4AaABAg,youtube-data-api-v3/commentThreads.list,
1.25,education_gap,youtube,I’ve been trying to do that but I honestly don’t even know what 'institutional flow' looks like on a chart. Everything just looks like random candles to me right now.,0,0,https://www.youtube.com/watch?v=wIyZcY6kNuo,UgyufYXisvi00p-GLkN4AaABAg.AX_uLMXdck0AX_ualIa8dt,youtube-data-api-v3/commentThreads.list,
1.25,strategy_rules,youtube,"Honestly just join thinkorswim and start making mock trades. You'll pick it up quickly.  Watch these channels to learn strategy and start trading fake dollars.  You don't need everything spoon fed.  We gotta learn to look for the patterns ourselves because of everyone does the same thing, it's either not as profitable or no longer works at all. 

You may need a small amount to open the account, but I'm not sure.  You need more of you want to trade fractional shares, and whole stocks are expensive.  But just putting money in an account doesn't mean you have to use it immediately.  Just practice.",0,0,https://www.youtube.com/watch?v=DZ08d8ORc_M,UgyugKzzqvY4164ffY94AaABAg.AXlCzvksyRYAZS84_LPcZE,youtube-data-api-v3/commentThreads.list,
1.25,education_gap,youtube,Whats your top 5 currency pairs to trade,0,0,https://www.youtube.com/watch?v=m-G1ag77aVc,UgyvODK7yaDehOELyOh4AaABAg,youtube-data-api-v3/commentThreads.list,
1.25,strategy_rules,youtube,Thanks for sharing your setup! cheers!,0,0,https://www.youtube.com/watch?v=96kZw9oR4QU,UgyvyoTaR0xvuDB3-s14AaABAg,youtube-data-api-v3/commentThreads.list,
1.25,broker_platform,youtube,"Safest approach i feel to tackle is to diversify investment . By spreading investment across different asset classes, like bonds, real estate, and international stocks, they can reduce the impact of a market meltdown, its important to seek the guidance of an expert..",0,0,https://www.youtube.com/watch?v=990oOC-bHxA,UgyyKGlFVlO9nnjCWX54AaABAg.ASGJaOLqDbiASGJp4tkGCB,youtube-data-api-v3/commentThreads.list,
1.25,education_gap,youtube,"One of the best explanations of market structure I’ve seen! The way you broke down trends, highs, and lows makes it much easier to understand how the market actually moves. This is gold for beginner traders. Thanks for sharing! 📈🔥",0,0,https://www.youtube.com/watch?v=LclxDYccla8,UgyzqyAt-y1sVo345rx4AaABAg,youtube-data-api-v3/commentThreads.list,
1.25,education_gap,youtube,Wish I know just 50% of what you known I need more knowledge about trading,0,0,https://www.youtube.com/watch?v=nkMzaQqpFbw,Ugz-6AOfBvlP3VgtQkl4AaABAg.AO8Nj1HkRtTAO8XGbrZNcq,youtube-data-api-v3/commentThreads.list,
1.25,education_gap,youtube,"Congratulations on your wins, Please can you share with me how it works. I have suffered huge losses trading as a beginner, I thought I could trade on my own, my partner and I have been thinking of our retirement lately",0,0,https://www.youtube.com/watch?v=wIyZcY6kNuo,Ugz-QT_l-VWKZt8lLRd4AaABAg.AWxYS1sd9KfAWxYbQO2CQB,youtube-data-api-v3/commentThreads.list,
1.25,education_gap,youtube,"To be honest, I need a lot of assistance learning to trade. I get really depressed when I see how low my portfolio is.",0,0,https://www.youtube.com/watch?v=wIyZcY6kNuo,Ugz-QT_l-VWKZt8lLRd4AaABAg.AWxYS1sd9KfAWxYeCA8wQR,youtube-data-api-v3/commentThreads.list,
1.25,education_gap,youtube,"@thomasmuske2367bro how’s it going now, mhen I’ve been learning and trading since January, still no success, ups and down🤦🏽",0,0,https://www.youtube.com/watch?v=yaCM_cr5BXo,Ugz-m8LdbCV8QH-bxsN4AaABAg.AJwp7xcWoRgANlDixdX3eS,youtube-data-api-v3/commentThreads.list,
1.25,education_gap,youtube,I stumbled across a video for beginners in Forex Trading and started doing some research and watching more videos and wow there is a lot to take in and learn and your videos seem to be the clearest and most simplest way to understand how to get started. Im lookong forward to practicing with a demo account once I feel I have learned enough to even start that way.,0,0,https://www.youtube.com/watch?v=LclxDYccla8,Ugz0XYuv8uR8lCDworF4AaABAg,youtube-data-api-v3/commentThreads.list,
1.25,education_gap,youtube,Mam bro yar apke bal pak gaye yar market me buy sell karte karte how become early profitable trader at the age of 25😢😢😢,0,0,https://www.youtube.com/watch?v=cQzisFQRg3c,Ugz22vBGnAqVty9ulhV4AaABAg,youtube-data-api-v3/commentThreads.list,
1.25,education_gap,youtube,you didn't show an HTF high candle when you went on 1m on HTF candle was locked on LTF this candle wasn't there yet lol,0,0,https://www.youtube.com/watch?v=q1NmxUTm4n4,Ugz3mlLuhOBA_HnXpfd4AaABAg,youtube-data-api-v3/commentThreads.list,
1.25,risk_management,youtube,"Trading without proper guidance is one of the biggest challenges for beginners. Without a qualified advisor, many traders either remain stuck or face losses that slow their progress.",0,0,https://www.youtube.com/watch?v=GKN-iVjJpyA,Ugz41jO8Y1Cal0Q-nXF4AaABAg.ATCFM7fBPONATCFd5sJH0u,youtube-data-api-v3/commentThreads.list,
1.25,risk_management,youtube,"My Win Rate : 40-50% , I risk 0.2-0.5% per Trade Idea  & making 2-3% Comfortably Weekly. 

Monthly aim - 8-10% ❤ Small Risk / small Gains gives me Flexibility & consistency instead of trying to make 5% a Week .",0,0,https://www.youtube.com/watch?v=JXHrTloZ-nE,Ugz4HQZ3Q3eesAUvLt94AaABAg,youtube-data-api-v3/commentThreads.list,
1.25,strategy_rules,youtube,"(6min mark)  --Once you identify the key level, you can trade peacefully, setting targets properly. Watch for setups above and below - waiting for candles to approach lines",0,0,https://www.youtube.com/watch?v=v97Efp_UDC0,Ugz5DgonHh9kcJeAN914AaABAg,youtube-data-api-v3/commentThreads.list,
1.25,education_gap,youtube,"Great explanation! I thought I already understood how markets work... until I came across a small channel called DeltaFlow Quant. They explain market auctions, liquidity, absorption and participation in a completely different way. Definitely worth watching.",0,0,https://www.youtube.com/watch?v=T06ayy3-zs8,Ugz61jUdrk4uiizpWCJ4AaABAg.AYnR2hl6zk3AZ4P4sNdG4o,youtube-data-api-v3/commentThreads.list,
1.25,strategy_rules,youtube,"Depending on scattered advice online only stretched losses further. The shift happened once consistent, logical guidance replaced guesswork. Understanding the purpose behind each setup made trading feel grounded instead of uncertain.",0,0,https://www.youtube.com/watch?v=wIyZcY6kNuo,Ugz8Hj800iw293T7HVJ4AaABAg.AVuO55gYrnBAVuOISJyK3S,youtube-data-api-v3/commentThreads.list,
1.25,education_gap,youtube,"Learning from Alex Gavin has transformed how I approach trading. By trading the same sessions and following his structured framework, I’m able to maintain clarity and make deliberate decisions even in fast-moving market conditions,",0,0,https://www.youtube.com/watch?v=wIyZcY6kNuo,Ugz8Hj800iw293T7HVJ4AaABAg.AVuO55gYrnBAVuOn0cgO3F,youtube-data-api-v3/commentThreads.list,
1.25,risk_management,youtube,I don't like this advice. I think a beginner trader can easily blow through a $1000 on a live account. It makes more sense to risk $50 on a prop firm simulated account first.,0,0,https://www.youtube.com/watch?v=cIv3bcPylr4,Ugz9GPoRcLckpDfR6Jl4AaABAg,youtube-data-api-v3/commentThreads.list,
1.25,strategy_rules,youtube,"Consulting an expert like Ava Harris to refine your investment strategy is a smart move.
‎",0,0,https://www.youtube.com/watch?v=9nRFcetXqkA,Ugz9IwnFb5EQQ5bdHFJ4AaABAg.AJas3eFI30LAJasykLy3Po,youtube-data-api-v3/commentThreads.list,
1.25,entry_timing,youtube,i greatly appreciate the tips about the confirmations before entry,0,0,https://www.youtube.com/watch?v=-QkFsIBmqSA,UgzA0iqFEosDEdFDIfN4AaABAg,youtube-data-api-v3/commentThreads.list,
1.25,education_gap,youtube,How to screen swing trading stock one full video please please please please please please please------ Indian exchange as how  NSE Screen swing trading stock,0,0,https://www.youtube.com/watch?v=JL7HdUKRxfI,UgzCB6S0hIEawizCrvJ4AaABAg,youtube-data-api-v3/commentThreads.list,
1.25,psychology,youtube,"I started out doing a lot of break and retest, then fomo kicked in and started to try to trade the break without retest.",0,0,https://www.youtube.com/watch?v=T06ayy3-zs8,UgzEfFCI8g61PankR-F4AaABAg,youtube-data-api-v3/commentThreads.list,
1.25,education_gap,youtube,"We love you but PLEASE show us examples of what your speaking to. This is a lot of info to take in without visuals of how ""the set up"" looks. Most of us are visual learners.",0,0,https://www.youtube.com/watch?v=6-2WXJFyBhE,UgzGAMigJRm31jJmzYJ4AaABAg.AXyyQZKzh_SAZKfp42PavZ,youtube-data-api-v3/commentThreads.list,
1.25,entry_timing,youtube,"I've been keeping an eye on the charts, and it does look like a major breakout. The real challenge is predicting when this pump will end. Timing the market can be tricky.",0,0,https://www.youtube.com/watch?v=JD_sWSjIiJE,UgzH3cL-40o-EI7D3xV4AaABAg.ABCFqSW6iK1ABCGIN75i7p,youtube-data-api-v3/commentThreads.list,
1.25,education_gap,youtube,Hi pat how can I get to watch you in the live trade time,0,0,https://www.youtube.com/watch?v=B_dVwXYQ-oc,UgzHeDj4MEYFfWLKgiN4AaABAg,youtube-data-api-v3/commentThreads.list,
1.25,education_gap,youtube,This tutorial is absolutely gold🥇❗️,0,0,https://www.youtube.com/watch?v=LclxDYccla8,UgzIrWxQo24JOnNWuEd4AaABAg,youtube-data-api-v3/commentThreads.list,
1.25,entry_timing,youtube,"If you need a chart, youre not experienced enough yet.. take 1 candle. Daily, 4hr, 1hr. Draw the high and low. This is a range.. Wait for a swp and close back inside your range. Enter. Target 50% of your range and or the opposing side of your range. Look up Romeotpt. He made the CRT famous.",0,0,https://www.youtube.com/watch?v=6-2WXJFyBhE,UgzL0j34pBYt9-dimLN4AaABAg.AY5T3KGZyZIAYQICgXu48Y,youtube-data-api-v3/commentThreads.list,
1.25,strategy_rules,youtube,Good trading strategy,0,0,https://www.youtube.com/watch?v=B_dVwXYQ-oc,UgzNgPaA_yMyQMLYGnx4AaABAg,youtube-data-api-v3/commentThreads.list,
1.25,entry_timing,youtube,"I've been in touch with a financial analyst ever since I started investing.
Knowing today's culture The challenge is knowing when to purchase or sell when investing in stocks, which is pretty simple. On my portfolio, which has grown over 90% in a little over a year, my advisr chooses entry and exit orders.",0,0,https://www.youtube.com/watch?v=JD_sWSjIiJE,UgzPcSnCh9teuLLLlqF4AaABAg.ALn3dSXC7c8ALn4-QdHR5b,youtube-data-api-v3/commentThreads.list,
1.25,broker_platform,youtube,@zanewalsh5279 tradingview paper trading,0,0,https://www.youtube.com/watch?v=0xygpCMwxbQ,UgzQCOORyx7T8s_Nh7F4AaABAg.9qVDWM0jQ9DA7ljCqSvX4K,youtube-data-api-v3/commentThreads.list,
1.25,education_gap,youtube,Look at the QQQ yesterday for factual price action as to the ORB and reversal that you talked about in the video. The futures were up and the first two candles (I use the 10 minute time frame) were large green candles and then immediately reversed for the rest of the day. Great subject and thanks for covering it and that is why I like your channel so much!,0,0,https://www.youtube.com/watch?v=T06ayy3-zs8,UgzQUPPLHKikyeCtUWh4AaABAg,youtube-data-api-v3/commentThreads.list,
1.25,education_gap,youtube,you maam are phenomenal! I wish you should show chart examples but it makes a lot of sense.,0,0,https://www.youtube.com/watch?v=6-2WXJFyBhE,UgzQtY97k9WlJMEHtnB4AaABAg,youtube-data-api-v3/commentThreads.list,
1.25,risk_management,youtube,"Yes, I noticed that too.  For $500.00 risk and a 50 cent stop loss, that is 1000 shares.   100 shares would be a $50.00 risk.",0,0,https://www.youtube.com/watch?v=pORrgC7GjkM,UgzRe8mbIq7-FGpzyK54AaABAg.APMhKVCmpLfAPfoD8HdRdl,youtube-data-api-v3/commentThreads.list,
1.25,education_gap,youtube,This might sound kinda dumb but do you ever use the concept of liquidity to try and estimate what to target or is it primarily support and resistance/ supply and demand,0,0,https://www.youtube.com/watch?v=JL7HdUKRxfI,UgzSWI7wDebKtvTkT1V4AaABAg,youtube-data-api-v3/commentThreads.list,
1.25,psychology,youtube,"Strategies like these require a level of discipline and knowledge that most casual investors don’t have, experts are the ones who make them work.",0,0,https://www.youtube.com/watch?v=GKN-iVjJpyA,UgzTEO68VthNjEsZKc94AaABAg.APWnBVGcgSVAPWoBN-rmdD,youtube-data-api-v3/commentThreads.list,
1.25,education_gap,youtube,"@ArmchairGambler how about you backtest it on old data and see it for yourself, with orderflow plus pd arrays on HTFs it becomes really easy",0,0,https://www.youtube.com/watch?v=g3oDYq4P9ZE,UgzU343-e_1zRwy1jhF4AaABAg.9wc9sJ4oTQfANXCCLGfABE,youtube-data-api-v3/commentThreads.list,
1.25,strategy_rules,youtube,Absolutely 💯 true. I too stopped trading Bullion & concentrated ONLY on Futures & options. I used only 2 indicators. I trade neutral strategies positionally so always hv profit every day.,0,0,https://www.youtube.com/watch?v=cQzisFQRg3c,UgzVQxGxCUkhLZMXInF4AaABAg,youtube-data-api-v3/commentThreads.list,
1.25,risk_management,youtube,"NQ and ES futures, just as an example, go up about 80% of the time. If that’s too risky for you, you don’t need to trade at all. It’s not for you.",0,0,https://www.youtube.com/watch?v=Cq9mF42y2UQ,UgzXfZkt0_oZ9wkamZp4AaABAg.APJ8zUtjl5dAPKdQdFJYi0,youtube-data-api-v3/commentThreads.list,
1.25,risk_management,youtube,"@bpb5541 Institutional traders don't ""guess"" where orders are; they locate market liquidity using advanced tools. Because they execute large block trades, they rely on data that maps out where other traders' stop losses and pending orders are clustered.  (Google AI)  Is that a level playing field, bro, my ridiculous friend.",0,0,https://www.youtube.com/watch?v=3JoMwrrN89E,UgzYAaCngPB6Ir4gqsF4AaABAg.AYFIuNg2rWrAYFo2r3B_Mw,youtube-data-api-v3/commentThreads.list,
1.25,education_gap,youtube,"Bro the playlist is messed up, idk in what order to look at it. How is this video 3 and you are recommending to look at one of the last videos before this. If you could make a big video with everything one after the other it would be amazing because this as a new trader is so confusing to me",0,0,https://www.youtube.com/watch?v=YESqIoA7Wyg,UgzbedASwxbu06dqx4d4AaABAg,youtube-data-api-v3/commentThreads.list,
1.25,education_gap,youtube,"Hey man, how do you actually confirm whether price has formed a sure SMT because mostly it comes to sweep the resting liquidity.",0,0,https://www.youtube.com/watch?v=q1NmxUTm4n4,UgzbgcSnFeocnhyYX-54AaABAg,youtube-data-api-v3/commentThreads.list,
1.25,strategy_rules,youtube,"It’s a total game-changer, especially for anyone navigating the crypto space. For beginners, these crypto setups move way too fast, but learning his exact defensive framework completely stops you from panicking when the assets start jumping around.",0,0,https://www.youtube.com/watch?v=T06ayy3-zs8,UgzcVURiRVgb6ee47Gl4AaABAg.AZASJ0BuoIjAZAV2guuz3Z,youtube-data-api-v3/commentThreads.list,
1.25,strategy_rules,youtube,"Alyssa 𝐙entner is really good in studying the markets and making strategy and I am learning so much from her already, one good mentor can save years of trial and error.",0,0,https://www.youtube.com/watch?v=3JoMwrrN89E,Ugzcjh6cUezxA5vp3ex4AaABAg.AYK33fZymqhAYK37_FPOX2,youtube-data-api-v3/commentThreads.list,
1.25,education_gap,youtube,"This is exactly why I’m so focused on transparency here. There is so much 'clickbait' in the trading world that it makes everyone skeptical. My goal is to show the work—the wins, the losses, and the actual process—without the 'paywall' traps. I believe in earning trust through utility first. Thanks for keeping the industry honest, Scott! 🤝",0,0,https://www.youtube.com/watch?v=g0BPjHd4OP8,UgzdxU2Yr_QRtLLV-MJ4AaABAg.AVbChW78HeaAVclZlkHvaj,youtube-data-api-v3/commentThreads.list,
1.25,strategy_rules,youtube,"Depending on scattered advice online only stretched losses further. The shift happened once consistent, logical guidance replaced guesswork. Understanding the purpose behind each setup made trading feel grounded instead of uncertain.",0,0,https://www.youtube.com/watch?v=JhBX0TQ41H8,UgzfLO5IaMbSkKS_mpt4AaABAg.AWf7KdFBAw1AWf7NvFSEGP,youtube-data-api-v3/commentThreads.list,
1.25,education_gap,youtube,"For me it was Piers Wyn. I trade alongside him, and with his mentorship, I know exactly what to do. Losing trades aren't part of my story anymore..",0,0,https://www.youtube.com/watch?v=JhBX0TQ41H8,UgzfLO5IaMbSkKS_mpt4AaABAg.AWf7KdFBAw1AWf7Pr1xnnk,youtube-data-api-v3/commentThreads.list,
1.25,education_gap,youtube,"Yes, I know him. I actually followed his signals, and that experience really changed how I trade.",0,0,https://www.youtube.com/watch?v=JhBX0TQ41H8,UgzfLO5IaMbSkKS_mpt4AaABAg.AWf7KdFBAw1AWf7Xwk_I1K,youtube-data-api-v3/commentThreads.list,
1.25,psychology,youtube,Agreed stick to your rules and have confidence,0,0,https://www.youtube.com/watch?v=7Hu7Rl1VYgE,UgzgCHasrddfykMTEhp4AaABAg,youtube-data-api-v3/commentThreads.list,
1.25,strategy_rules,youtube,"Including right now these indicators (I have never been someone of indicators but you use them as tools only, I trust you)",0,0,https://www.youtube.com/watch?v=pORrgC7GjkM,UgzilAfQ0bSDgL00GAt4AaABAg,youtube-data-api-v3/commentThreads.list,
1.25,education_gap,youtube,"Yeah so if the ea can triple the account and you withdraw your initial deposit 2x , and it blows the account after you still in profit. Don’t know why he would want to do that.",0,0,https://www.youtube.com/watch?v=hSldTDpCfcc,Ugzk9Cevdv98eQoA-qN4AaABAg.ABlwKzFOY6lAOvDhdzfZwR,youtube-data-api-v3/commentThreads.list,
1.25,education_gap,youtube,"Love this perspective! 🎯 It really is like a story being told in real-time. We spend so much time worrying about what ""big money"" is doing that we forget to just listen to what the price is actually telling us right now. Building that ""eagle eye"" through consistent practice and backtesting is exactly how you stop being a retail target and start being a professional. 🦅👊",0,0,https://www.youtube.com/watch?v=990oOC-bHxA,UgzlL8hQKk1xwMh4m1d4AaABAg.AFbYzAeovxFAWdLLCklODz,youtube-data-api-v3/commentThreads.list,
1.25,education_gap,youtube,Take whatever profit you see,0,0,https://www.youtube.com/watch?v=3JoMwrrN89E,UgznTw1upqgbvVA3Vwt4AaABAg.AYw-XFTpzIaAYw3NAeHyy2,youtube-data-api-v3/commentThreads.list,
1.25,education_gap,youtube,"Congratulations on your wins, Please can you share with me how it works. I have suffered huge losses trading as a beginner, I thought I could trade on my own, my partner and I have been thinking of our retirement lately",0,0,https://www.youtube.com/watch?v=3JoMwrrN89E,Ugzo06EWvyhayMbKSmF4AaABAg.AZUrTblUfKNAZUrdamF166,youtube-data-api-v3/commentThreads.list,
1.25,education_gap,youtube,I’ve been trying to do that but I honestly don’t even know what 'institutional flow' looks like on a chart. Everything just looks like random candles to me right now.,0,0,https://www.youtube.com/watch?v=3JoMwrrN89E,Ugzo06EWvyhayMbKSmF4AaABAg.AZUrTblUfKNAZUrrhxSnTO,youtube-data-api-v3/commentThreads.list,
1.25,education_gap,youtube,I din't get how to place TAKE PROFIT TP,0,0,https://www.youtube.com/watch?v=JL7HdUKRxfI,UgzoR_oZugP4JT5ruIZ4AaABAg,youtube-data-api-v3/commentThreads.list,
1.25,strategy_rules,youtube,"It’s both honestly. Market conditions matter, but so does whether you actually have a system or just reacting to strategy",0,0,https://www.youtube.com/watch?v=T06ayy3-zs8,UgzplWyZ41Lq9zoDkGp4AaABAg.AYofBIai-OHAYonhRqFRYd,youtube-data-api-v3/commentThreads.list,
1.25,strategy_rules,youtube,Besides that you are crushing VIP room. you are elevating the trading as usual not only by the amazing strategy of yours but again with the robot. I haven't seen like you.,0,0,https://www.youtube.com/watch?v=TvWks6oJ-9U,UgzqYF-RWtZ2NSFWFVh4AaABAg,youtube-data-api-v3/commentThreads.list,
1.25,risk_management,youtube,"Trading without proper guidance is one of the biggest challenges for beginners. Without a qualified advisor, many traders either remain stuck or face losses that slow their progress.",0,0,https://www.youtube.com/watch?v=v97Efp_UDC0,UgzrFXkQhwVVpgECbGh4AaABAg.AXl2E_M-OjSAZ-L2stEyC3,youtube-data-api-v3/commentThreads.list,
1.25,education_gap,youtube,"@TradewithPat Hi Pat, what time frame do you recommend",0,0,https://www.youtube.com/watch?v=nkMzaQqpFbw,UgzsNtLNwFxGzplZCAx4AaABAg.AO8RISiObSUAb2inWOni0L,youtube-data-api-v3/commentThreads.list,
1.25,strategy_rules,youtube,"This is dope. I use the Ict sessions indicator, it’s similar to this as well",0,0,https://www.youtube.com/watch?v=MPeeE55rNOw,UgzvIJF0qJNH6Ew2F-Z4AaABAg,youtube-data-api-v3/commentThreads.list,
1.25,education_gap,youtube,"I really like how explain things easy in the video.  Best channel to follow to learn more about trading. All I can say, thank you for creating this video",0,0,https://www.youtube.com/watch?v=91-eWDvL-No,UgzzODNn1oMA98q10GV4AaABAg,youtube-data-api-v3/commentThreads.list,
1.25,strategy_rules,youtube,"​@lilylumatha963Hey man 
1) look for a strategy learn and perfect it 
2) input those strategies into code and do some real backtest on it 
3) if it the backtest isn't more than 85% think of new ways to improve the bot 

4) thank me later 😊",0,0,https://www.youtube.com/watch?v=TvWks6oJ-9U,UgzztRgogWuKxwHahcF4AaABAg.AF2Le4lgVF2AJhmucCK49v,youtube-data-api-v3/commentThreads.list,
