platform,channel_or_account,content_id,content_url,comment_id,comment_text,comment_timestamp,collected_at,engagement_likes,reply_count,language,author_hash,parent_comment_id,source_actor,source_run_id,video_id,video_title,video_channel,video_views,video_comments
youtube,Justin Werlein ,taBdnsItyiI,https://www.youtube.com/watch?v=taBdnsItyiI,UgxpcLnMiTmNkLEHjep4AaABAg,Justin please put most of your very good educational videos like this one in an entire playlist so someone new coming to your channel knows where to start and not get lost in all the other psychology videos and etc,2025-10-16T17:22:27Z,2026-10-01T13:27:39.282690+00:00,42,0,,18fb976af05252826df32102aaf7435149cc440e743f7ba21934e62d33637fa8,,youtube-data-api-v3/commentThreads.list,,taBdnsItyiI,Why Most Traders Lose (Entry Confirmation Guide),Justin Werlein ,,
youtube,Justin Werlein ,taBdnsItyiI,https://www.youtube.com/watch?v=taBdnsItyiI,Ugy4hrEWTdWB6ZTHezl4AaABAg,Me 100% on my last trade. Such a great video for me! Thank you!,2025-10-17T03:07:00Z,2026-10-01T13:27:39.282690+00:00,89,2,,b2f7030f080c1033f572c1fd6ff446f15a9914ac97baf67750c5cccfafd72542,,youtube-data-api-v3/commentThreads.list,,taBdnsItyiI,Why Most Traders Lose (Entry Confirmation Guide),Justin Werlein ,,
youtube,Justin Werlein ,taBdnsItyiI,https://www.youtube.com/watch?v=taBdnsItyiI,Ugy4hrEWTdWB6ZTHezl4AaABAg.AOMlQaLK8n1AOP2GSdaz2p,Access to good information is what we investors needs to progress financially and generally in life. this is a good one and appreciate,2025-10-18T00:21:23Z,2026-10-01T13:27:39.282690+00:00,0,0,,29c4cc25f0ae775e66e1db1fd4b9b11f8c4f4378cbf2513ee37a763eaa82408a,Ugy4hrEWTdWB6ZTHezl4AaABAg,youtube-data-api-v3/commentThreads.list,,taBdnsItyiI,Why Most Traders Lose (Entry Confirmation Guide),Justin Werlein ,,
youtube,Justin Werlein ,taBdnsItyiI,https://www.youtube.com/watch?v=taBdnsItyiI,Ugy4hrEWTdWB6ZTHezl4AaABAg.AOMlQaLK8n1AOP2H5B1xpC,Gracias❤️,2025-10-18T00:21:28Z,2026-10-01T13:27:39.282690+00:00,0,0,,29c4cc25f0ae775e66e1db1fd4b9b11f8c4f4378cbf2513ee37a763eaa82408a,Ugy4hrEWTdWB6ZTHezl4AaABAg,youtube-data-api-v3/commentThreads.list,,taBdnsItyiI,Why Most Traders Lose (Entry Confirmation Guide),Justin Werlein ,,
youtube,Justin Werlein ,taBdnsItyiI,https://www.youtube.com/watch?v=taBdnsItyiI,UgxQLzzpgZTHKL5Rbch4AaABAg,i know im doing something right when i watched this and realize i do exactly this 😭 i realized i was losing to many trades because of lack of confirmation,2025-11-26T21:57:14Z,2026-10-01T13:27:39.282690+00:00,12,0,,47a0e4c688203df311a1d5fb6a22b400028815bb7593b545c6680aa5555bdca3,,youtube-data-api-v3/commentThreads.list,,taBdnsItyiI,Why Most Traders Lose (Entry Confirmation Guide),Justin Werlein ,,
youtube,Justin Werlein ,taBdnsItyiI,https://www.youtube.com/watch?v=taBdnsItyiI,Ugxx4t3TJOeHatLnFgJ4AaABAg,"The moment you said WAIT until you see the manipulation, that just changed everything for me. I'm very accurate about where price wants to go, I just tend to ALWAYS get in too early and get chopped out.",2025-10-16T17:36:35Z,2026-10-01T13:27:39.282690+00:00,33,3,,d1022c1252fed749dc6ac70783b7cde010e37d04871dcbdb4bcaf472a3d0d57c,,youtube-data-api-v3/commentThreads.list,,taBdnsItyiI,Why Most Traders Lose (Entry Confirmation Guide),Justin Werlein ,,
youtube,Justin Werlein ,taBdnsItyiI,https://www.youtube.com/watch?v=taBdnsItyiI,Ugxx4t3TJOeHatLnFgJ4AaABAg.AOLk8p1PIaZAOLkZuST4Vi,"Same, happened to me today but then I saw the manipulation I should’ve waited for and I mitigated my losses, still down on the day but it really forces me to acknowledge my impatience and I had been doing so good for a month with patience and following rules",2025-10-16T17:40:17Z,2026-10-01T13:27:39.282690+00:00,0,0,,9f3713847efd120db75937fb5f3c943b106495f52813642e1ae9c2ad3c553850,Ugxx4t3TJOeHatLnFgJ4AaABAg,youtube-data-api-v3/commentThreads.list,,taBdnsItyiI,Why Most Traders Lose (Entry Confirmation Guide),Justin Werlein ,,
youtube,Justin Werlein ,taBdnsItyiI,https://www.youtube.com/watch?v=taBdnsItyiI,Ugxx4t3TJOeHatLnFgJ4AaABAg.AOLk8p1PIaZAOM42YQO7H8,Always takes my SL by ticks then runs in my direction,2025-10-16T20:39:14Z,2026-10-01T13:27:39.282690+00:00,0,0,,62465ec92ff26bb0d3f3c65ecdf5192e555715ece8aa0f30f1fcc4e25ce2268d,Ugxx4t3TJOeHatLnFgJ4AaABAg,youtube-data-api-v3/commentThreads.list,,taBdnsItyiI,Why Most Traders Lose (Entry Confirmation Guide),Justin Werlein ,,
youtube,Justin Werlein ,taBdnsItyiI,https://www.youtube.com/watch?v=taBdnsItyiI,Ugxx4t3TJOeHatLnFgJ4AaABAg.AOLk8p1PIaZAOM7pl_0SjU,"⁠@Xavi_025yeah on high time frame it may look like a wick, basically after price accumulates price will have one last move up and then distribute in the opposite direction you will see in his Market maker model it’s the last move up or last move down every time and it usually is going to cross an area where liquidity is. Hope this helps I may suck at explaining",2025-10-16T21:12:18Z,2026-10-01T13:27:39.282690+00:00,0,0,,9f3713847efd120db75937fb5f3c943b106495f52813642e1ae9c2ad3c553850,Ugxx4t3TJOeHatLnFgJ4AaABAg,youtube-data-api-v3/commentThreads.list,,taBdnsItyiI,Why Most Traders Lose (Entry Confirmation Guide),Justin Werlein ,,
youtube,Justin Werlein ,taBdnsItyiI,https://www.youtube.com/watch?v=taBdnsItyiI,Ugx6n0rMmIwAcLwj0PV4AaABAg,Wow that's my mistake  every time I want to make  a trade thanks a lot for the  clarity 😘💓,2026-08-06T15:14:45Z,2026-10-01T13:27:39.282690+00:00,1,0,,05cb9551fd0a822b44d95baa74d5ae8e2185cbe9372b62546e7286cebb4e94c3,,youtube-data-api-v3/commentThreads.list,,taBdnsItyiI,Why Most Traders Lose (Entry Confirmation Guide),Justin Werlein ,,
youtube,Justin Werlein ,taBdnsItyiI,https://www.youtube.com/watch?v=taBdnsItyiI,UgxfUJ1Hgx812NOiR214AaABAg,Entering trades based on confirmation instead of predictions is such an important lesson. This mindset alone can save traders from so many unnecessary losses. Great explanation! 📈🔥,2026-03-06T11:40:39Z,2026-10-01T13:27:39.282690+00:00,0,0,,46b1ff545f84368d77140b9e345941b41e71f1587c18b1eca50253e8b90aaca3,,youtube-data-api-v3/commentThreads.list,,taBdnsItyiI,Why Most Traders Lose (Entry Confirmation Guide),Justin Werlein ,,
youtube,Justin Werlein ,taBdnsItyiI,https://www.youtube.com/watch?v=taBdnsItyiI,Ugx6y_Ro882ikChQGV14AaABAg,"This is exactly where I always had issue, predicting and not observing. Thank you!",2025-10-17T00:59:52Z,2026-10-01T13:27:39.282690+00:00,11,1,,15c050d36c59bcdce82d956fd5ceefabea173a46f708e25e272ad2f50a165a28,,youtube-data-api-v3/commentThreads.list,,taBdnsItyiI,Why Most Traders Lose (Entry Confirmation Guide),Justin Werlein ,,
youtube,Justin Werlein ,taBdnsItyiI,https://www.youtube.com/watch?v=taBdnsItyiI,Ugx6y_Ro882ikChQGV14AaABAg.AOMXsRj6znHAOOZZkx8gaM,same,2025-10-17T19:53:08Z,2026-10-01T13:27:39.282690+00:00,0,0,,242f4b25be032dd831b59e296f47bb287b78d2033d24724519e22a1bff96b605,Ugx6y_Ro882ikChQGV14AaABAg,youtube-data-api-v3/commentThreads.list,,taBdnsItyiI,Why Most Traders Lose (Entry Confirmation Guide),Justin Werlein ,,
youtube,Justin Werlein ,taBdnsItyiI,https://www.youtube.com/watch?v=taBdnsItyiI,UgxkrPEnKngRsdOgswl4AaABAg,displacement or a lack of it truly will tell you everything,2025-10-17T00:33:42Z,2026-10-01T13:27:39.282690+00:00,5,0,,747ddf4c499aeb4eb855b622f65e0ff50a3b4484b465211f484da1f433e71723,,youtube-data-api-v3/commentThreads.list,,taBdnsItyiI,Why Most Traders Lose (Entry Confirmation Guide),Justin Werlein ,,
youtube,Justin Werlein ,taBdnsItyiI,https://www.youtube.com/watch?v=taBdnsItyiI,UgzUJntRpYiEadCiwXV4AaABAg,One of the best videos I've ever seen about trading. Bravo👏 man!!,2026-07-08T17:45:04Z,2026-10-01T13:27:39.282690+00:00,0,0,,a231720f9bf379aea70185dfc0bf3e0d263aedc11a5e8501b266f21b3384e028,,youtube-data-api-v3/commentThreads.list,,taBdnsItyiI,Why Most Traders Lose (Entry Confirmation Guide),Justin Werlein ,,
youtube,Justin Werlein ,taBdnsItyiI,https://www.youtube.com/watch?v=taBdnsItyiI,Ugy1sB-TdqUDTH39SjV4AaABAg,"this my worst problem ever, when I trade i thought i knew what i doing wrong but this made it so much clear to me, thanks Justin",2025-10-17T03:28:28Z,2026-10-01T13:27:39.282690+00:00,2,0,,8964d1d4d24d6b76486774404e60bcbb7303fc9fc781ea8bed42137618cbb88b,,youtube-data-api-v3/commentThreads.list,,taBdnsItyiI,Why Most Traders Lose (Entry Confirmation Guide),Justin Werlein ,,
youtube,Justin Werlein ,taBdnsItyiI,https://www.youtube.com/watch?v=taBdnsItyiI,UgzdBgvRl9cF-LDBokl4AaABAg,"Can relate every single word...

No Rush.. Just Patience and Power of Observation",2025-10-26T19:47:28Z,2026-10-01T13:27:39.282690+00:00,0,0,,31fcf20a5beca208d4f4044fcc0e6982d79f9f5e04413c3c4bdb9eee20b4b5b8,,youtube-data-api-v3/commentThreads.list,,taBdnsItyiI,Why Most Traders Lose (Entry Confirmation Guide),Justin Werlein ,,
youtube,Justin Werlein ,taBdnsItyiI,https://www.youtube.com/watch?v=taBdnsItyiI,UgzfFh3ihh1AcXg8F2x4AaABAg,"Me watching the first 17 seconds: ""Classic.""",2025-10-16T17:54:54Z,2026-10-01T13:27:39.282690+00:00,4,0,,2e0a35eda89dcb7ad25b687d021dea6e76f114b769723f551f320b49cffedbb9,,youtube-data-api-v3/commentThreads.list,,taBdnsItyiI,Why Most Traders Lose (Entry Confirmation Guide),Justin Werlein ,,
youtube,Justin Werlein ,taBdnsItyiI,https://www.youtube.com/watch?v=taBdnsItyiI,Ugwtoi68LWZBzGCNyWl4AaABAg,Justin I’m up 4k on my xfa and I need 1 more day for a payout. this is 1 of the things I was a bit confused about. This is an absolute game changer. Aligning internal and external draws has been confusing to me but this is clear and straightforward and exactly what I needed. I’m about to watch this before I go to bed again and tomorrow before I start the day. Absolute banger,2025-10-17T04:53:21Z,2026-10-01T13:27:39.282690+00:00,2,0,,880aeea3fbb6fb8bc8e62f6c5d260003bd7e71693f2c8dadce44527abd330f56,,youtube-data-api-v3/commentThreads.list,,taBdnsItyiI,Why Most Traders Lose (Entry Confirmation Guide),Justin Werlein ,,
youtube,Justin Werlein ,taBdnsItyiI,https://www.youtube.com/watch?v=taBdnsItyiI,UgzyCry5K0pSc52Z70F4AaABAg,It’s definitely my problem but you just solved it in 13 mins.,2025-11-02T13:57:42Z,2026-10-01T13:27:39.282690+00:00,0,0,,e3418c53bcf547ba69d21a1b27c961b22e896f9c6613934fdcc65be3109da659,,youtube-data-api-v3/commentThreads.list,,taBdnsItyiI,Why Most Traders Lose (Entry Confirmation Guide),Justin Werlein ,,
youtube,Justin Werlein ,taBdnsItyiI,https://www.youtube.com/watch?v=taBdnsItyiI,Ugx5eNdgtkhjfNzXiNl4AaABAg,me 200% today. thank you for this. Cleared a lot of doubt bro. god bless you,2025-10-21T17:30:24Z,2026-10-01T13:27:39.282690+00:00,0,0,,4ccfb72b688181365aad0615273b3ab9f65c2eb2ad40b3edff3378804fb7e78a,,youtube-data-api-v3/commentThreads.list,,taBdnsItyiI,Why Most Traders Lose (Entry Confirmation Guide),Justin Werlein ,,
youtube,Justin Werlein ,taBdnsItyiI,https://www.youtube.com/watch?v=taBdnsItyiI,Ugwx5wTXZB3a9mATIHd4AaABAg,Another banger video man. You don’t miss on these uploads. Keep up the good work 🙏,2025-10-20T02:49:30Z,2026-10-01T13:27:39.282690+00:00,0,0,,f08c855e266ded60c601ee1f3a70fdba2d30163ab4a584b32cda34c0fd5697b4,,youtube-data-api-v3/commentThreads.list,,taBdnsItyiI,Why Most Traders Lose (Entry Confirmation Guide),Justin Werlein ,,
youtube,Justin Werlein ,taBdnsItyiI,https://www.youtube.com/watch?v=taBdnsItyiI,UgxUKmxk8mRZGPnNFRJ4AaABAg,"never comment on anymore on YT, but this is gold",2025-10-19T05:31:52Z,2026-10-01T13:27:39.282690+00:00,0,0,,32653c305b0ff9649d2f0ed6f5653261056201d9bb7410f3bc1a2ed7c2f52c64,,youtube-data-api-v3/commentThreads.list,,taBdnsItyiI,Why Most Traders Lose (Entry Confirmation Guide),Justin Werlein ,,
youtube,Justin Werlein ,taBdnsItyiI,https://www.youtube.com/watch?v=taBdnsItyiI,UgyQI5o4pWmAKF2hs0V4AaABAg,i just now aware this in backtest and u uplod this content hahaha,2025-10-16T17:16:32Z,2026-10-01T13:27:39.282690+00:00,3,0,,9f5917c648ecffea47994a320a4b7ff29881f570ce523702f6bb97d8c4d5c036,,youtube-data-api-v3/commentThreads.list,,taBdnsItyiI,Why Most Traders Lose (Entry Confirmation Guide),Justin Werlein ,,
youtube,Justin Werlein ,taBdnsItyiI,https://www.youtube.com/watch?v=taBdnsItyiI,UgzxrIg4M1EUUivTvNJ4AaABAg,"Omds, this clicks so much. I'm glad I met you 🤝",2025-10-17T17:56:50Z,2026-10-01T13:27:39.282690+00:00,0,0,,5d81ad442fea65b4c91596b703ee876a43defcd69894d04f5c02685053837489,,youtube-data-api-v3/commentThreads.list,,taBdnsItyiI,Why Most Traders Lose (Entry Confirmation Guide),Justin Werlein ,,
youtube,Justin Werlein ,taBdnsItyiI,https://www.youtube.com/watch?v=taBdnsItyiI,Ugzf2_-iu2NfYO-DasZ4AaABAg,"i was facing this exact issue which you addressed in this videos for the past 3 months, thanks a lot",2025-10-16T19:45:14Z,2026-10-01T13:27:39.282690+00:00,0,0,,f9f292f4000b56c5585693c23b5d5f9dd9f3fce8767449e26e1be2015c3d9adc,,youtube-data-api-v3/commentThreads.list,,taBdnsItyiI,Why Most Traders Lose (Entry Confirmation Guide),Justin Werlein ,,
youtube,Justin Werlein ,taBdnsItyiI,https://www.youtube.com/watch?v=taBdnsItyiI,UgyzeQKwaqc9_ihEBIR4AaABAg,1:40 this is what I was looking for so many days,2025-10-21T21:30:33Z,2026-10-01T13:27:39.282690+00:00,0,0,,7dc6dc7113f0e6ea870bde2af06a229953e7401317d01d9d9bbdd4ed085ab1a4,,youtube-data-api-v3/commentThreads.list,,taBdnsItyiI,Why Most Traders Lose (Entry Confirmation Guide),Justin Werlein ,,
youtube,Justin Werlein ,taBdnsItyiI,https://www.youtube.com/watch?v=taBdnsItyiI,Ugx8FnZB6bu5U-XXqgh4AaABAg,"That's exactly what you did today (February 12, 2026): two losses, and after those two losses, the ideal configuration happened, and resulting in a profit.
(Sorry for the mistakes, I'm from Brazil and I don't speak English).",2026-02-12T16:04:43Z,2026-10-01T13:27:39.282690+00:00,2,0,,c141b12eeb936bcd8a99eae4befaf05f8241195cebd6ba029d7743670ca7d132,,youtube-data-api-v3/commentThreads.list,,taBdnsItyiI,Why Most Traders Lose (Entry Confirmation Guide),Justin Werlein ,,
youtube,Justin Werlein ,taBdnsItyiI,https://www.youtube.com/watch?v=taBdnsItyiI,Ugw2AtkMOsN3seGbC5x4AaABAg,"This video is super informative 🔥 Loved the clear explanation and real examples 
very helpful for beginners and serious learners!",2026-01-27T10:13:01Z,2026-10-01T13:27:39.282690+00:00,0,0,,89cd4a98a97655d6a2d55f30a3d43931a2d5b7522d3131d23e0fcac212df54f7,,youtube-data-api-v3/commentThreads.list,,taBdnsItyiI,Why Most Traders Lose (Entry Confirmation Guide),Justin Werlein ,,
youtube,Justin Werlein ,taBdnsItyiI,https://www.youtube.com/watch?v=taBdnsItyiI,UgwD7RngkRQtXIOeTKx4AaABAg,This was absolutely me not too long ago lol the expectation and excitement for the move,2025-10-17T02:25:54Z,2026-10-01T13:27:39.282690+00:00,0,0,,ac150ce4354c002ddc989a842cfc25a0a71d62a478c93d7e465776560ddd426a,,youtube-data-api-v3/commentThreads.list,,taBdnsItyiI,Why Most Traders Lose (Entry Confirmation Guide),Justin Werlein ,,
youtube,Justin Werlein ,taBdnsItyiI,https://www.youtube.com/watch?v=taBdnsItyiI,Ugzf4yGw6bIGyZaWwfl4AaABAg,"Observing instead of predicting is also a great way to help detach yourself from outcomes. If you stop caring so much about being right with your predictions, it becomes a more scientific and technical process where you just analyze PA and enter if your criteria are met instead of off of emotions",2025-10-20T02:52:50Z,2026-10-01T13:27:39.282690+00:00,1,0,,f08c855e266ded60c601ee1f3a70fdba2d30163ab4a584b32cda34c0fd5697b4,,youtube-data-api-v3/commentThreads.list,,taBdnsItyiI,Why Most Traders Lose (Entry Confirmation Guide),Justin Werlein ,,
youtube,Justin Werlein ,taBdnsItyiI,https://www.youtube.com/watch?v=taBdnsItyiI,Ugw89zo2W81RKatmXbB4AaABAg,Spot on. This is my biggest problem. I end up making the big trade I wanted but lose half of the profits because I got in to early and was already down on the day.,2025-10-16T21:50:17Z,2026-10-01T13:27:39.282690+00:00,0,0,,32779c0308aa7bc971f70e7f7c0995d638c3cec7a4c0c4469e22177a253a1c89,,youtube-data-api-v3/commentThreads.list,,taBdnsItyiI,Why Most Traders Lose (Entry Confirmation Guide),Justin Werlein ,,
youtube,Justin Werlein ,taBdnsItyiI,https://www.youtube.com/watch?v=taBdnsItyiI,UgyZ0lD3q0NR148hqUB4AaABAg,Thanks so much bro i really appreciate that!!🙌🏻✅,2025-12-06T23:53:02Z,2026-10-01T13:27:39.282690+00:00,1,0,,92c9e1151f180072e5ad4a9f2d99bb8451d9879550803a0591cb1decbe7eadf1,,youtube-data-api-v3/commentThreads.list,,taBdnsItyiI,Why Most Traders Lose (Entry Confirmation Guide),Justin Werlein ,,
youtube,Justin Werlein ,taBdnsItyiI,https://www.youtube.com/watch?v=taBdnsItyiI,Ugxm2xMUFvB8gswMywh4AaABAg,This is exactly what I needed to hear🙏🏼thank you bro,2025-10-17T04:17:18Z,2026-10-01T13:27:39.282690+00:00,0,0,,ba9ee01028cad14b53376deac78a7109d0ea70049d4ed97f68ac05f05e3e3101,,youtube-data-api-v3/commentThreads.list,,taBdnsItyiI,Why Most Traders Lose (Entry Confirmation Guide),Justin Werlein ,,
youtube,Justin Werlein ,taBdnsItyiI,https://www.youtube.com/watch?v=taBdnsItyiI,Ugz2U6G1czlXlnUfPFl4AaABAg,"Haha, that's exactly the topic I'm currently learning. It's incredible how your videos always connect with my own path. It helps me a lot. You're the best trading teacher here on YouTube.",2025-10-17T14:49:02Z,2026-10-01T13:27:39.282690+00:00,0,0,,05a62fd44097738b79066bf31181db14af60fbf003ebfb09cd599ed130b91bb6,,youtube-data-api-v3/commentThreads.list,,taBdnsItyiI,Why Most Traders Lose (Entry Confirmation Guide),Justin Werlein ,,
youtube,Justin Werlein ,taBdnsItyiI,https://www.youtube.com/watch?v=taBdnsItyiI,Ugz97_--efocqjE95st4AaABAg,Amazing information ! This is what I needed! It s exactly what happens to me allot! 😊🙈👍 thank you allot!!❤,2025-11-04T18:11:35Z,2026-10-01T13:27:39.282690+00:00,1,0,,16686c9f5797be041ebdf5cced1848ed2c636f3d71bede858a7595f62951ac62,,youtube-data-api-v3/commentThreads.list,,taBdnsItyiI,Why Most Traders Lose (Entry Confirmation Guide),Justin Werlein ,,
youtube,Justin Werlein ,taBdnsItyiI,https://www.youtube.com/watch?v=taBdnsItyiI,Ugx0pGthAHnL7QSYKRh4AaABAg,"Thanks, I was able to listen to the video in my language and I understand much better.",2025-10-21T03:21:34Z,2026-10-01T13:27:39.282690+00:00,0,0,,88e97bef9696f40e8c396b197ae2f77d78ad9ec2ccd960db7ea2bd9e6a0bc2b2,,youtube-data-api-v3/commentThreads.list,,taBdnsItyiI,Why Most Traders Lose (Entry Confirmation Guide),Justin Werlein ,,
youtube,Justin Werlein ,taBdnsItyiI,https://www.youtube.com/watch?v=taBdnsItyiI,UgyPEXjO8pZuEFhYsiZ4AaABAg,"It happened to me on EURUSD yesterday. 
Thanks for the video Justin",2025-10-16T18:18:37Z,2026-10-01T13:27:39.282690+00:00,0,0,,f9d42979b45fb7f0ef5ade3ec85fc63c02d13b8a39889554932e1b8a3a613b55,,youtube-data-api-v3/commentThreads.list,,taBdnsItyiI,Why Most Traders Lose (Entry Confirmation Guide),Justin Werlein ,,
youtube,Justin Werlein ,taBdnsItyiI,https://www.youtube.com/watch?v=taBdnsItyiI,Ugx5bC-9UwXy6O78BhN4AaABAg,🎉 you won my subscription bro,2026-01-18T11:30:00Z,2026-10-01T13:27:39.282690+00:00,0,0,,0aeccc7c0c6db5e53a1ff26c638537acb5b033499d1f42e1f0fcd9bde10e6155,,youtube-data-api-v3/commentThreads.list,,taBdnsItyiI,Why Most Traders Lose (Entry Confirmation Guide),Justin Werlein ,,
youtube,Justin Werlein ,taBdnsItyiI,https://www.youtube.com/watch?v=taBdnsItyiI,UgyNw7hquPwKerD0w6J4AaABAg,"Damn this is exactly what I was lacking mate, thank you very much",2025-10-19T12:17:44Z,2026-10-01T13:27:39.282690+00:00,0,0,,3576b87f90d8fc56effa7685d9dfa17f7fb4773ebc2f5e44bef27fd210344a6e,,youtube-data-api-v3/commentThreads.list,,taBdnsItyiI,Why Most Traders Lose (Entry Confirmation Guide),Justin Werlein ,,
youtube,Justin Werlein ,taBdnsItyiI,https://www.youtube.com/watch?v=taBdnsItyiI,Ugz1ZlR8Vej1qben4Td4AaABAg,When you were giving the examples of when people enter bad trade you were talking about me 😂😂😂😂🤣🤣 oh my days,2026-08-22T08:29:45Z,2026-10-01T13:27:39.282690+00:00,0,0,,0708d88459b444d540c866a3cbaafed42ba96b327438c171373a4ef7b41ec6a7,,youtube-data-api-v3/commentThreads.list,,taBdnsItyiI,Why Most Traders Lose (Entry Confirmation Guide),Justin Werlein ,,
youtube,Justin Werlein ,taBdnsItyiI,https://www.youtube.com/watch?v=taBdnsItyiI,Ugw86arhcJgWJYb42Ht4AaABAg,"Justin, thank you for the quality educational information!",2025-10-17T19:01:58Z,2026-10-01T13:27:39.282690+00:00,0,0,,e8c2ea64aad385c813c9edc034fd63d59490a989e593315d8c8ec4803e041088,,youtube-data-api-v3/commentThreads.list,,taBdnsItyiI,Why Most Traders Lose (Entry Confirmation Guide),Justin Werlein ,,
youtube,Justin Werlein ,taBdnsItyiI,https://www.youtube.com/watch?v=taBdnsItyiI,UgwSn7wAjJBA7mY84Bh4AaABAg,Dope video. Found at the right time.,2026-04-29T23:46:01Z,2026-10-01T13:27:39.282690+00:00,0,0,,9749e18c9644477c27bb93b33a433e831261f2e3c25863d97fc3f6f187dc9efc,,youtube-data-api-v3/commentThreads.list,,taBdnsItyiI,Why Most Traders Lose (Entry Confirmation Guide),Justin Werlein ,,
youtube,Justin Werlein ,taBdnsItyiI,https://www.youtube.com/watch?v=taBdnsItyiI,Ugz2xjXRE7mj4S4PIu54AaABAg,"Hey bro, just wanted to say, love and appreciate the content! I came across this video because I kept losing, however be bias and everything was correct and price action went in my direction when I got stoped out. This video really helped my because now I know to be an observer > predictor. Thanks bro, keep up with the hard work!",2026-02-02T03:00:02Z,2026-10-01T13:27:39.282690+00:00,0,0,,14b313a3d6bd9cdcf3832c103ed16c1539ddd63f5ede6b972b5db027da85e50b,,youtube-data-api-v3/commentThreads.list,,taBdnsItyiI,Why Most Traders Lose (Entry Confirmation Guide),Justin Werlein ,,
youtube,Justin Werlein ,taBdnsItyiI,https://www.youtube.com/watch?v=taBdnsItyiI,UgzkIkirQOW3NgMre414AaABAg,"Thank You Justine, Ace the Kid recommended your site.",2025-10-22T02:01:31Z,2026-10-01T13:27:39.282690+00:00,0,0,,e621ba1f25b7325625441e7ef37356fc397eed1b3d7f7ea094c08bc7abe8ccfb,,youtube-data-api-v3/commentThreads.list,,taBdnsItyiI,Why Most Traders Lose (Entry Confirmation Guide),Justin Werlein ,,
youtube,Justin Werlein ,taBdnsItyiI,https://www.youtube.com/watch?v=taBdnsItyiI,UgwuY9_P84oD3q4fNmd4AaABAg,LEGIT EXACTLY What happened today on NQ.,2025-10-17T17:47:59Z,2026-10-01T13:27:39.282690+00:00,0,0,,7e3372ee39a3f26174a76131d02bc6a39954937c43ac529cfb1373d194e58a4b,,youtube-data-api-v3/commentThreads.list,,taBdnsItyiI,Why Most Traders Lose (Entry Confirmation Guide),Justin Werlein ,,
youtube,Justin Werlein ,taBdnsItyiI,https://www.youtube.com/watch?v=taBdnsItyiI,UgwM_CjkUmXTnwJ8vhZ4AaABAg,thank you for these videos brother,2025-10-16T22:59:28Z,2026-10-01T13:27:39.282690+00:00,0,0,,b273a547998db77309c24b83c4065779908036df3338606dfa40560c48774324,,youtube-data-api-v3/commentThreads.list,,taBdnsItyiI,Why Most Traders Lose (Entry Confirmation Guide),Justin Werlein ,,
youtube,Justin Werlein ,taBdnsItyiI,https://www.youtube.com/watch?v=taBdnsItyiI,UgxwAZcv9i88aranWtB4AaABAg,Thanks for a great video!!,2025-10-23T18:49:25Z,2026-10-01T13:27:39.282690+00:00,0,0,,c0b892f57b97b4b6967e1b7f4aad04c706ec96bd39d6f867ce71402eeb84e0ba,,youtube-data-api-v3/commentThreads.list,,taBdnsItyiI,Why Most Traders Lose (Entry Confirmation Guide),Justin Werlein ,,
youtube,Justin Werlein ,taBdnsItyiI,https://www.youtube.com/watch?v=taBdnsItyiI,UgwOlOsB1zDOVgj_RjF4AaABAg,Justin Werlein mahadsanid sir .,2025-10-16T17:58:10Z,2026-10-01T13:27:39.282690+00:00,0,0,,b85006cbddf6bf42ae70d2a07126f4190d639c711ee7f22c4f25ea727c862e06,,youtube-data-api-v3/commentThreads.list,,taBdnsItyiI,Why Most Traders Lose (Entry Confirmation Guide),Justin Werlein ,,
youtube,Justin Werlein ,taBdnsItyiI,https://www.youtube.com/watch?v=taBdnsItyiI,Ugzgf52OF9E8naGyNQp4AaABAg,People say don’t use different time frames but different time frames show levels that you cannot see on a current time frame,2025-10-18T23:29:31Z,2026-10-01T13:27:39.282690+00:00,0,0,,5f9c40332768aff90c406e86abb296763f82362c9b008df6903d969f02f0d0f6,,youtube-data-api-v3/commentThreads.list,,taBdnsItyiI,Why Most Traders Lose (Entry Confirmation Guide),Justin Werlein ,,
youtube,Justin Werlein ,taBdnsItyiI,https://www.youtube.com/watch?v=taBdnsItyiI,Ugzo7quf2aUWh1ltgWt4AaABAg,Truth. Nothing but the truth here. 🙏🙏💪💪💪💪,2025-10-16T21:22:10Z,2026-10-01T13:27:39.282690+00:00,0,0,,69f72a428a87fb0cf6c256e2316acd043dfe5cd26ff3d85a0fd913a3667a0f5f,,youtube-data-api-v3/commentThreads.list,,taBdnsItyiI,Why Most Traders Lose (Entry Confirmation Guide),Justin Werlein ,,
youtube,Justin Werlein ,taBdnsItyiI,https://www.youtube.com/watch?v=taBdnsItyiI,Ugzb7qsmuUjBYb51ZUx4AaABAg,Nice video!,2026-01-26T18:55:47Z,2026-10-01T13:27:39.282690+00:00,0,0,,af50458c636dc11146ae9ccecb253f41f62d8e92d7fa7d6c48e3a56a85dba2c9,,youtube-data-api-v3/commentThreads.list,,taBdnsItyiI,Why Most Traders Lose (Entry Confirmation Guide),Justin Werlein ,,
youtube,Justin Werlein ,taBdnsItyiI,https://www.youtube.com/watch?v=taBdnsItyiI,UgwRcFmBdJVE7_OZmrp4AaABAg,This vedio is a gem ❤,2025-10-16T18:22:54Z,2026-10-01T13:27:39.283692+00:00,0,0,,111e6f62058dfd225bd8bf543155a60a298300814aabe7b22aa1008144a4fc9f,,youtube-data-api-v3/commentThreads.list,,taBdnsItyiI,Why Most Traders Lose (Entry Confirmation Guide),Justin Werlein ,,
youtube,Justin Werlein ,taBdnsItyiI,https://www.youtube.com/watch?v=taBdnsItyiI,UgzNBj7tc3kWBP_AVtF4AaABAg,7:35- 7:41 I just had a light bulb moment,2025-10-20T22:46:02Z,2026-10-01T13:27:39.283692+00:00,0,0,,9ae3c60a05c65b1eb55885e734e99e54eb4807a8cec15a717f3334ef16bcf85f,,youtube-data-api-v3/commentThreads.list,,taBdnsItyiI,Why Most Traders Lose (Entry Confirmation Guide),Justin Werlein ,,
youtube,Justin Werlein ,taBdnsItyiI,https://www.youtube.com/watch?v=taBdnsItyiI,UgxmqMpLHIdM83ulVl54AaABAg,Very relatable today...,2025-10-16T21:19:05Z,2026-10-01T13:27:39.283692+00:00,0,0,,9f4c6083ba9744731195957a1e6b4d142edb3a1b10a723c260e008f5b7090b5c,,youtube-data-api-v3/commentThreads.list,,taBdnsItyiI,Why Most Traders Lose (Entry Confirmation Guide),Justin Werlein ,,
youtube,Justin Werlein ,taBdnsItyiI,https://www.youtube.com/watch?v=taBdnsItyiI,Ugzr5-9-mmJXcnIEgCJ4AaABAg,Very good video. Spot on,2025-10-17T06:58:56Z,2026-10-01T13:27:39.283692+00:00,0,0,,b770764d90ecf90bbddaa702ff66e0b3a125c8c6ed82f7fc1ca1708f169c511c,,youtube-data-api-v3/commentThreads.list,,taBdnsItyiI,Why Most Traders Lose (Entry Confirmation Guide),Justin Werlein ,,
youtube,Justin Werlein ,taBdnsItyiI,https://www.youtube.com/watch?v=taBdnsItyiI,UgzOf5_k3QciUSav_Bl4AaABAg,nice sir so clear salute sir,2026-02-28T17:59:28Z,2026-10-01T13:27:39.283692+00:00,0,0,,d777f98b8e92df9364491f63552789ef05d2cee4befe3ca6b7580f394da154c9,,youtube-data-api-v3/commentThreads.list,,taBdnsItyiI,Why Most Traders Lose (Entry Confirmation Guide),Justin Werlein ,,
youtube,Justin Werlein ,taBdnsItyiI,https://www.youtube.com/watch?v=taBdnsItyiI,UgwGsyAVwZX2m7q6eyF4AaABAg,bro just described what I did on Friday longing NQ in London,2025-10-19T13:53:08Z,2026-10-01T13:27:39.283692+00:00,0,0,,f76abeefb2f98cbef0cb77c67c671ed956feef09412aa2f767990b01886b021f,,youtube-data-api-v3/commentThreads.list,,taBdnsItyiI,Why Most Traders Lose (Entry Confirmation Guide),Justin Werlein ,,
youtube,Justin Werlein ,taBdnsItyiI,https://www.youtube.com/watch?v=taBdnsItyiI,UgzE6cLNgUKSj4DzA414AaABAg,Nice video bro,2026-01-13T10:34:36Z,2026-10-01T13:27:39.283692+00:00,0,0,,e98fbd6884066d7f128a9b93db4761516feec2b5afef945fb420b73370253877,,youtube-data-api-v3/commentThreads.list,,taBdnsItyiI,Why Most Traders Lose (Entry Confirmation Guide),Justin Werlein ,,
youtube,Justin Werlein ,taBdnsItyiI,https://www.youtube.com/watch?v=taBdnsItyiI,Ugy-3AxtpNks4eX2ToN4AaABAg,These few recent videos have been good,2025-10-17T18:56:28Z,2026-10-01T13:27:39.283692+00:00,0,0,,465de70d2740de2d317ed7df81732c58f38afdb96f9e488da4af8af8ea9f6ed2,,youtube-data-api-v3/commentThreads.list,,taBdnsItyiI,Why Most Traders Lose (Entry Confirmation Guide),Justin Werlein ,,
youtube,Justin Werlein ,taBdnsItyiI,https://www.youtube.com/watch?v=taBdnsItyiI,Ugzlq8rZHm5L7UzFYFh4AaABAg,Great video thumbs up.,2025-10-18T12:53:59Z,2026-10-01T13:27:39.283692+00:00,0,0,,85e076b0880fcf2a4fdd9b526b567a60dc2116efbec25ab8a2c339b738edd942,,youtube-data-api-v3/commentThreads.list,,taBdnsItyiI,Why Most Traders Lose (Entry Confirmation Guide),Justin Werlein ,,
youtube,Justin Werlein ,taBdnsItyiI,https://www.youtube.com/watch?v=taBdnsItyiI,Ugx-2_Yh9TcIUicGMSB4AaABAg,i needed this video soo much,2025-10-16T17:27:33Z,2026-10-01T13:27:39.283692+00:00,0,0,,8f3e8a06061862793d931c9dfc1c08697431918f799c297175247f185b142da0,,youtube-data-api-v3/commentThreads.list,,taBdnsItyiI,Why Most Traders Lose (Entry Confirmation Guide),Justin Werlein ,,
youtube,Justin Werlein ,taBdnsItyiI,https://www.youtube.com/watch?v=taBdnsItyiI,UgzR8zxF8uSWgNPconN4AaABAg,Great video,2025-10-17T22:56:07Z,2026-10-01T13:27:39.283692+00:00,0,0,,80a7c63ec1583bb8c67fef45be625301eb069249cea1da8a710bcec5946fd0e0,,youtube-data-api-v3/commentThreads.list,,taBdnsItyiI,Why Most Traders Lose (Entry Confirmation Guide),Justin Werlein ,,
youtube,Justin Werlein ,taBdnsItyiI,https://www.youtube.com/watch?v=taBdnsItyiI,UgwMUONOIOFMY3oTGpx4AaABAg,Yes got SL exactly same but with high rr I am still taking payout consistently,2026-06-23T15:38:04Z,2026-10-01T13:27:39.283692+00:00,0,0,,99f76ebac5b96305ac1361e7e1b7ab9b4bfaadf7eb7ac92e28be3c7dd0e64c67,,youtube-data-api-v3/commentThreads.list,,taBdnsItyiI,Why Most Traders Lose (Entry Confirmation Guide),Justin Werlein ,,
youtube,Justin Werlein ,taBdnsItyiI,https://www.youtube.com/watch?v=taBdnsItyiI,UgynB__DHU-4LvmmEzp4AaABAg,What I learned is dont be a predictor be an observer👍,2025-10-26T20:11:34Z,2026-10-01T13:27:39.283692+00:00,0,0,,cb4d71e6b85c4ab7e6363f2b1bc84c92af1ae045baa1aa405c74b156df563168,,youtube-data-api-v3/commentThreads.list,,taBdnsItyiI,Why Most Traders Lose (Entry Confirmation Guide),Justin Werlein ,,
youtube,Justin Werlein ,taBdnsItyiI,https://www.youtube.com/watch?v=taBdnsItyiI,Ugw8gTahb8bw8hKl3lN4AaABAg,justin you really just called me out in this entire video.. LOL,2026-06-13T00:03:14Z,2026-10-01T13:27:39.283692+00:00,0,0,,44d65b0c5ecd35bb5bdc0d0f9f48abc6fc1441f15af9addefc9387fe595d50d7,,youtube-data-api-v3/commentThreads.list,,taBdnsItyiI,Why Most Traders Lose (Entry Confirmation Guide),Justin Werlein ,,
youtube,Justin Werlein ,taBdnsItyiI,https://www.youtube.com/watch?v=taBdnsItyiI,UgwsNROvPkNI2eeJRR54AaABAg,Thanks bro 🙌,2025-10-16T17:53:00Z,2026-10-01T13:27:39.283692+00:00,0,0,,45fc81d56546f8c7fc4ca40de77834afe55a14ca709ccf18cd05bddb1da03d2b,,youtube-data-api-v3/commentThreads.list,,taBdnsItyiI,Why Most Traders Lose (Entry Confirmation Guide),Justin Werlein ,,
youtube,Justin Werlein ,taBdnsItyiI,https://www.youtube.com/watch?v=taBdnsItyiI,UgxBu6M1BZfszEoZWKh4AaABAg,Thanks Teacher 😊,2025-10-16T17:35:58Z,2026-10-01T13:27:39.283692+00:00,0,0,,b76aac94dc34dd2e26b28a7c7da26ea3e11cd427c0a5f52c0dec726f5f2609b3,,youtube-data-api-v3/commentThreads.list,,taBdnsItyiI,Why Most Traders Lose (Entry Confirmation Guide),Justin Werlein ,,
youtube,Justin Werlein ,taBdnsItyiI,https://www.youtube.com/watch?v=taBdnsItyiI,Ugy4QqfgbsZ5F7FpSp54AaABAg,"Can u pls make a video on entry models 
Em 1 
Em 2 
Em 3 
I would appreciate Justin",2025-10-16T18:21:33Z,2026-10-01T13:27:39.283692+00:00,1,0,,f9d42979b45fb7f0ef5ade3ec85fc63c02d13b8a39889554932e1b8a3a613b55,,youtube-data-api-v3/commentThreads.list,,taBdnsItyiI,Why Most Traders Lose (Entry Confirmation Guide),Justin Werlein ,,
youtube,Justin Werlein ,taBdnsItyiI,https://www.youtube.com/watch?v=taBdnsItyiI,Ugz2--_sTbwQKhpS3Wl4AaABAg,YOU ARE THE BEST😍,2026-04-30T17:01:00Z,2026-10-01T13:27:39.283692+00:00,0,0,,8cb119520423d3cc6970436be800c4cbb4885c91aece4c6ca9f105c975513a41,,youtube-data-api-v3/commentThreads.list,,taBdnsItyiI,Why Most Traders Lose (Entry Confirmation Guide),Justin Werlein ,,
youtube,Justin Werlein ,taBdnsItyiI,https://www.youtube.com/watch?v=taBdnsItyiI,UgyKAZ84UG0m9VuMAsl4AaABAg,Love this videos,2025-10-16T20:02:40Z,2026-10-01T13:27:39.283692+00:00,0,0,,bb1d561d30297caac9a580fb5a6b191af0de7bebdf682c4860cff833663c5a6a,,youtube-data-api-v3/commentThreads.list,,taBdnsItyiI,Why Most Traders Lose (Entry Confirmation Guide),Justin Werlein ,,
youtube,Justin Werlein ,taBdnsItyiI,https://www.youtube.com/watch?v=taBdnsItyiI,UgyxiizrH_IELt-si214AaABAg,The problem is that people see the fair value gap but don't wait for it to be respected because if it gets disrespected then it won't be the same outcome that they think it will have,2025-10-20T20:42:28Z,2026-10-01T13:27:39.283692+00:00,0,0,,d3444484763ffd38950e1a3b5ebe32a7d462ffe56730dedcca9500108ab16c52,,youtube-data-api-v3/commentThreads.list,,taBdnsItyiI,Why Most Traders Lose (Entry Confirmation Guide),Justin Werlein ,,
youtube,Justin Werlein ,taBdnsItyiI,https://www.youtube.com/watch?v=taBdnsItyiI,Ugz8F1hno8al22bPFUF4AaABAg,Since I changed my way of trading I am completely break even now !!!,2026-02-24T19:19:19Z,2026-10-01T13:27:39.283692+00:00,0,0,,a7af31b0fc3729d8ed687726880c52e396d9b4ae23da489f23e1f3ba74d322c1,,youtube-data-api-v3/commentThreads.list,,taBdnsItyiI,Why Most Traders Lose (Entry Confirmation Guide),Justin Werlein ,,
youtube,Justin Werlein ,taBdnsItyiI,https://www.youtube.com/watch?v=taBdnsItyiI,UgxKn5cK4FS7MNeUDwx4AaABAg,you saw my comment and decided to make video.... huh....thanks my brother,2025-10-16T19:39:57Z,2026-10-01T13:27:39.283692+00:00,8,0,,abc708dcc65694029794c97632e8a8e2387710d0739bbe6fe5b0b490e7387667,,youtube-data-api-v3/commentThreads.list,,taBdnsItyiI,Why Most Traders Lose (Entry Confirmation Guide),Justin Werlein ,,
youtube,Justin Werlein ,taBdnsItyiI,https://www.youtube.com/watch?v=taBdnsItyiI,Ugypf_rcRPrRCxek8p54AaABAg,This is what i need,2025-10-20T05:57:03Z,2026-10-01T13:27:39.283692+00:00,0,0,,46b3caa1fbf7222f92f044ced2d038b0c790da6c1aa4b2e79733dea8793b1e1a,,youtube-data-api-v3/commentThreads.list,,taBdnsItyiI,Why Most Traders Lose (Entry Confirmation Guide),Justin Werlein ,,
youtube,Justin Werlein ,taBdnsItyiI,https://www.youtube.com/watch?v=taBdnsItyiI,UgxDaRzDT1eBV3TpjdB4AaABAg,3:17 I just had a revelation 🤯,2025-10-23T22:45:38Z,2026-10-01T13:27:39.283692+00:00,1,1,,e0b6c2f095e86ebb88d47f16f992545b782d20ca20b7a6b81e2171c373a936b3,,youtube-data-api-v3/commentThreads.list,,taBdnsItyiI,Why Most Traders Lose (Entry Confirmation Guide),Justin Werlein ,,
youtube,Justin Werlein ,taBdnsItyiI,https://www.youtube.com/watch?v=taBdnsItyiI,UgxDaRzDT1eBV3TpjdB4AaABAg.AOdK4SPV53SAP6jUtsaHy3,Mee too😂🙈,2025-11-04T18:13:39Z,2026-10-01T13:27:39.283692+00:00,0,0,,16686c9f5797be041ebdf5cced1848ed2c636f3d71bede858a7595f62951ac62,UgxDaRzDT1eBV3TpjdB4AaABAg,youtube-data-api-v3/commentThreads.list,,taBdnsItyiI,Why Most Traders Lose (Entry Confirmation Guide),Justin Werlein ,,
youtube,Justin Werlein ,taBdnsItyiI,https://www.youtube.com/watch?v=taBdnsItyiI,UgzH8ukwH4KgCOsWgDF4AaABAg,you totally caalled me out over here lol,2025-11-29T17:28:48Z,2026-10-01T13:27:39.283692+00:00,0,0,,1723be1e943ef2dfda259feb6f9ad952d052d2a4c95f67fff7bb931590022bc2,,youtube-data-api-v3/commentThreads.list,,taBdnsItyiI,Why Most Traders Lose (Entry Confirmation Guide),Justin Werlein ,,
youtube,Justin Werlein ,taBdnsItyiI,https://www.youtube.com/watch?v=taBdnsItyiI,UgxDo9Lg0Fb35Attl2J4AaABAg,He s Justin master liquidity tracker🎉,2025-12-29T21:09:38Z,2026-10-01T13:27:39.283692+00:00,0,0,,35d4acdf18e9c87d99443813c758011caab01f918bdb93cee092ee52892d8065,,youtube-data-api-v3/commentThreads.list,,taBdnsItyiI,Why Most Traders Lose (Entry Confirmation Guide),Justin Werlein ,,
youtube,Justin Werlein ,taBdnsItyiI,https://www.youtube.com/watch?v=taBdnsItyiI,Ugzwp2DZUZ8sXRZmPux4AaABAg,Cooool staff❤,2025-10-16T21:26:05Z,2026-10-01T13:27:39.283692+00:00,0,0,,a4c30dc79a92df27576b275cd2261e80a8dd6a5d47cd914fd0f61b62d51dfd37,,youtube-data-api-v3/commentThreads.list,,taBdnsItyiI,Why Most Traders Lose (Entry Confirmation Guide),Justin Werlein ,,
youtube,Justin Werlein ,taBdnsItyiI,https://www.youtube.com/watch?v=taBdnsItyiI,Ugxm8LquZoNiVYTPmG94AaABAg,There is no replacement for displacement,2025-10-19T22:00:33Z,2026-10-01T13:27:39.283692+00:00,0,0,,ed33da962eb3034c5a08cd4876d2d83363402dec509fee5e8a9406e00d7c8385,,youtube-data-api-v3/commentThreads.list,,taBdnsItyiI,Why Most Traders Lose (Entry Confirmation Guide),Justin Werlein ,,
youtube,Justin Werlein ,taBdnsItyiI,https://www.youtube.com/watch?v=taBdnsItyiI,UgwSJPR_M-l3o-NkBTV4AaABAg,thx justin,2025-10-16T17:03:42Z,2026-10-01T13:27:39.283692+00:00,0,0,,ab4dd69d7f6ddc79df29312f1b02843d568def7780c13962991619ea0e9f6df7,,youtube-data-api-v3/commentThreads.list,,taBdnsItyiI,Why Most Traders Lose (Entry Confirmation Guide),Justin Werlein ,,
youtube,Justin Werlein ,taBdnsItyiI,https://www.youtube.com/watch?v=taBdnsItyiI,Ugz5eePwkA7bN_Y5zRp4AaABAg,thanks!,2025-10-16T17:22:40Z,2026-10-01T13:27:39.283692+00:00,0,0,,0c1eca619bf1a6667cba48046445f16007e242821923747a6f851688391a6057,,youtube-data-api-v3/commentThreads.list,,taBdnsItyiI,Why Most Traders Lose (Entry Confirmation Guide),Justin Werlein ,,
youtube,Justin Werlein ,taBdnsItyiI,https://www.youtube.com/watch?v=taBdnsItyiI,Ugx0WwG0p_lErED0NtJ4AaABAg,dear god when does he take a breath...right?,2025-10-17T09:45:52Z,2026-10-01T13:27:39.283692+00:00,1,0,,b84f9df35b027b0d19388889fde49326491f634a5d33b1cdc723da9de504cee9,,youtube-data-api-v3/commentThreads.list,,taBdnsItyiI,Why Most Traders Lose (Entry Confirmation Guide),Justin Werlein ,,
youtube,Justin Werlein ,taBdnsItyiI,https://www.youtube.com/watch?v=taBdnsItyiI,Ugx_y_S_P7TRevihwEh4AaABAg,7:50 what was this bro😂😂😂,2025-10-17T06:32:19Z,2026-10-01T13:27:39.283692+00:00,2,1,,820c88830e0799c6500496836ac03ebcc892706668e248a37a95ec1798aa189d,,youtube-data-api-v3/commentThreads.list,,taBdnsItyiI,Why Most Traders Lose (Entry Confirmation Guide),Justin Werlein ,,
youtube,Justin Werlein ,taBdnsItyiI,https://www.youtube.com/watch?v=taBdnsItyiI,Ugx_y_S_P7TRevihwEh4AaABAg.AON7vOmhK9qAONS3cYVZkm,😂,2025-10-17T09:28:20Z,2026-10-01T13:27:39.283692+00:00,0,0,,0b42e5ca7318070e5efb96d60ebb6762be4509f6525e8cd34f7dd7deba5bc196,Ugx_y_S_P7TRevihwEh4AaABAg,youtube-data-api-v3/commentThreads.list,,taBdnsItyiI,Why Most Traders Lose (Entry Confirmation Guide),Justin Werlein ,,
youtube,Justin Werlein ,taBdnsItyiI,https://www.youtube.com/watch?v=taBdnsItyiI,UgydE3Bv_ubVgdW98wx4AaABAg,"They is this video someone  was sayin ""if u wanna talk to me talk to me direct dont go thru coners""😂

I felt lyk thecwhole video was made attackin my style😂😂 in a good way though 

Thanks",2025-10-16T17:44:19Z,2026-10-01T13:27:39.283692+00:00,0,0,,cc288a84a4a7dae2bd9a1d65623c36737f03203c276e9d4aec46fd5273689e7b,,youtube-data-api-v3/commentThreads.list,,taBdnsItyiI,Why Most Traders Lose (Entry Confirmation Guide),Justin Werlein ,,
youtube,Justin Werlein ,taBdnsItyiI,https://www.youtube.com/watch?v=taBdnsItyiI,UgxiZ09KOf92Ochb2EN4AaABAg,"I can speak english, thank you",2025-10-26T19:52:25Z,2026-10-01T13:27:39.283692+00:00,0,0,,b81b6dee573da7831692332bd55f70994b507af6927b0dc445f68937232f7783,,youtube-data-api-v3/commentThreads.list,,taBdnsItyiI,Why Most Traders Lose (Entry Confirmation Guide),Justin Werlein ,,
youtube,Justin Werlein ,taBdnsItyiI,https://www.youtube.com/watch?v=taBdnsItyiI,Ugx75sqsG5f13KDJUOd4AaABAg,If you’re still in Scottsdale I’d pay to just meet you.,2025-10-18T01:37:21Z,2026-10-01T13:27:39.283692+00:00,0,0,,438ede3ecd4c48cbc4d2a4cbb8fb332da2864ce371016d47bc11704a29b9a441,,youtube-data-api-v3/commentThreads.list,,taBdnsItyiI,Why Most Traders Lose (Entry Confirmation Guide),Justin Werlein ,,
youtube,Justin Werlein ,taBdnsItyiI,https://www.youtube.com/watch?v=taBdnsItyiI,Ugy0XaGv_nlXAEMtpE94AaABAg,How do you draw a straight line? Pls answer me,2025-12-06T09:52:32Z,2026-10-01T13:27:39.283692+00:00,1,1,,465f1b518707d0fc11a5c72ee28f0ca3204b5c7e5883ceebc889f83c354af6cd,,youtube-data-api-v3/commentThreads.list,,taBdnsItyiI,Why Most Traders Lose (Entry Confirmation Guide),Justin Werlein ,,
youtube,Justin Werlein ,taBdnsItyiI,https://www.youtube.com/watch?v=taBdnsItyiI,Ugy0XaGv_nlXAEMtpE94AaABAg.AQOE_cKKNQ-AQgatN7dJ_C,Hold shift key while drawing,2025-12-13T22:21:47Z,2026-10-01T13:27:39.283692+00:00,0,0,,6de851b98d2a4784013b87d1db33b6244eaf35a6253d04c4dd88539a1e2af1c4,Ugy0XaGv_nlXAEMtpE94AaABAg,youtube-data-api-v3/commentThreads.list,,taBdnsItyiI,Why Most Traders Lose (Entry Confirmation Guide),Justin Werlein ,,
youtube,Justin Werlein ,taBdnsItyiI,https://www.youtube.com/watch?v=taBdnsItyiI,Ugw2qY3l81pcUk0tYSd4AaABAg,Thanx,2026-09-24T20:01:31Z,2026-10-01T13:27:39.283692+00:00,0,0,,9fd567cd04e9e200b41d867677bad85f9ac9c9296fe0543ba7fc0ebc4fc25170,,youtube-data-api-v3/commentThreads.list,,taBdnsItyiI,Why Most Traders Lose (Entry Confirmation Guide),Justin Werlein ,,
youtube,Justin Werlein ,taBdnsItyiI,https://www.youtube.com/watch?v=taBdnsItyiI,Ugzbwjc3fRC0Tgj2rTx4AaABAg,"Please help me understand. At 7:16, it displaced down below the series of 2 up closed candles, after a sweep and tap into the HTF FVG. So why is that not the CISD? I understand it’s premarket too, but if it wasn’t? Is that not a swing low, the down candle followed by the two up? Your videos have levelled me up so much, I’m very very close. Just this one concept is getting me lol. Thanks for the time",2026-02-11T18:32:25Z,2026-10-01T13:27:39.283692+00:00,1,1,,d9a4f83c7effff9d2b80ffbab96749a3364ae2d0193e5a1fb6c543af4060ed4f,,youtube-data-api-v3/commentThreads.list,,taBdnsItyiI,Why Most Traders Lose (Entry Confirmation Guide),Justin Werlein ,,
youtube,Justin Werlein ,taBdnsItyiI,https://www.youtube.com/watch?v=taBdnsItyiI,Ugzbwjc3fRC0Tgj2rTx4AaABAg.AT5gL1-Bh-bAYtbOm7pZti,"The more previous highs price successfully breaks from a low, the more important that low becomes. 
Plus, he was waiting for price to show rejection from the supply zone and waiting for price to consistently break previous highs from that low",2026-07-05T19:47:29Z,2026-10-01T13:27:39.283692+00:00,0,0,,3774b4be40a91d771e08d9c609e99688b8cb6bf17cdb125d61d3e8bd7c2709a7,Ugzbwjc3fRC0Tgj2rTx4AaABAg,youtube-data-api-v3/commentThreads.list,,taBdnsItyiI,Why Most Traders Lose (Entry Confirmation Guide),Justin Werlein ,,
youtube,Justin Werlein ,taBdnsItyiI,https://www.youtube.com/watch?v=taBdnsItyiI,Ugx-OSfo-ndJxioMEeJ4AaABAg,"今日、まさに先走りのトレードをした。
狙っていた価格水準で波形を待たずに売りエントリー、下げなかったので同値撤退。数十分後、思惑通りに下げていったが、その時、私はポジションを持っていなかった",2025-10-17T04:54:58Z,2026-10-01T13:27:39.283692+00:00,0,0,,67aae9a4393b8e2ccf462205970ff2d7cf5505ce154d6ea62cb5c6f38e8aea90,,youtube-data-api-v3/commentThreads.list,,taBdnsItyiI,Why Most Traders Lose (Entry Confirmation Guide),Justin Werlein ,,
youtube,Justin Werlein ,taBdnsItyiI,https://www.youtube.com/watch?v=taBdnsItyiI,UgyU61Wts1e1uLZ96Bt4AaABAg,Brody smoked me on this lol,2025-11-02T13:49:15Z,2026-10-01T13:27:39.283692+00:00,0,0,,e3418c53bcf547ba69d21a1b27c961b22e896f9c6613934fdcc65be3109da659,,youtube-data-api-v3/commentThreads.list,,taBdnsItyiI,Why Most Traders Lose (Entry Confirmation Guide),Justin Werlein ,,
youtube,Justin Werlein ,taBdnsItyiI,https://www.youtube.com/watch?v=taBdnsItyiI,UgzrXTB9FitVhSjZWe94AaABAg,❤ Gold 🥇,2025-10-21T18:06:09Z,2026-10-01T13:27:39.283692+00:00,0,0,,de5aaf49dc37dd90c9e846b1488bb4d119d3f7fc7f28f4b8832942f0a11bec57,,youtube-data-api-v3/commentThreads.list,,taBdnsItyiI,Why Most Traders Lose (Entry Confirmation Guide),Justin Werlein ,,
youtube,Justin Werlein ,taBdnsItyiI,https://www.youtube.com/watch?v=taBdnsItyiI,Ugy_Om7aK-nAN5WMYUZ4AaABAg,i have a question:like do you trade sessions liquidity in alighnment to your analysis???,2025-10-27T10:28:03Z,2026-10-01T13:27:39.283692+00:00,0,0,,5c8d4437c9fa5cce0da97582485a49db6da29ce464c0f968fb00e348da5169d7,,youtube-data-api-v3/commentThreads.list,,taBdnsItyiI,Why Most Traders Lose (Entry Confirmation Guide),Justin Werlein ,,
youtube,Justin Werlein ,taBdnsItyiI,https://www.youtube.com/watch?v=taBdnsItyiI,UgyvrkaPu6OywFvatEp4AaABAg,"LOST A TRADE TODAY JUST BECAUSE OF THIS, AND YOU POSTED A VIDEO JUST ABOUT IT, GOD IS GOOD OMD",2025-10-16T21:20:30Z,2026-10-01T13:27:39.283692+00:00,0,0,,a171642695b5a6f413da53ccbd72334329d0ac805ffcd4c4de54008bbb3d8b7a,,youtube-data-api-v3/commentThreads.list,,taBdnsItyiI,Why Most Traders Lose (Entry Confirmation Guide),Justin Werlein ,,
youtube,Justin Werlein ,taBdnsItyiI,https://www.youtube.com/watch?v=taBdnsItyiI,UgyMDS-u3W9ncewDYMx4AaABAg,"Justin what is your thoughts on the concept of ‘astral projection’? Its something meant to be quite spiritual to be able to access higher dimensions and what not, would be really interesting to hear your thoughts on it?",2025-10-16T17:13:44Z,2026-10-01T13:27:39.283692+00:00,2,2,,fbfded25bcc544a80feb5b17a90767bc5b136590c6689efe4a01ea659de767e2,,youtube-data-api-v3/commentThreads.list,,taBdnsItyiI,Why Most Traders Lose (Entry Confirmation Guide),Justin Werlein ,,
youtube,Justin Werlein ,taBdnsItyiI,https://www.youtube.com/watch?v=taBdnsItyiI,UgyMDS-u3W9ncewDYMx4AaABAg.AOLhXOIvWi1AOLlaRwOgCN,"Excellent question... ive been also wanting to ask him this... im interested to see what he thinks of this...?

Perhaps even NDEs",2025-10-16T17:49:14Z,2026-10-01T13:27:39.283692+00:00,1,0,,dd2403bf2916f49d1bd7d19a9491c9b74106aa044179074b370f1bd4c2b28bff,UgyMDS-u3W9ncewDYMx4AaABAg,youtube-data-api-v3/commentThreads.list,,taBdnsItyiI,Why Most Traders Lose (Entry Confirmation Guide),Justin Werlein ,,
youtube,Justin Werlein ,taBdnsItyiI,https://www.youtube.com/watch?v=taBdnsItyiI,UgyMDS-u3W9ncewDYMx4AaABAg.AOLhXOIvWi1AOMBTsSlWOc,​@darkstrike3322lmfao you two yappers 😂,2025-10-16T21:44:08Z,2026-10-01T13:27:39.283692+00:00,0,0,,d6300c1015ad2b865e4bafa129204277cb14054cef6d393585f8e019e543045e,UgyMDS-u3W9ncewDYMx4AaABAg,youtube-data-api-v3/commentThreads.list,,taBdnsItyiI,Why Most Traders Lose (Entry Confirmation Guide),Justin Werlein ,,
youtube,Justin Werlein ,taBdnsItyiI,https://www.youtube.com/watch?v=taBdnsItyiI,UgxZSCADh6t0yGzJ8nl4AaABAg,🔥🔥🔥🔥,2025-10-18T17:30:04Z,2026-10-01T13:27:39.283692+00:00,0,0,,07dd5808640074e8055698a7ac959ba4786b9cd2903ab073621cb9092c49c0b3,,youtube-data-api-v3/commentThreads.list,,taBdnsItyiI,Why Most Traders Lose (Entry Confirmation Guide),Justin Werlein ,,
youtube,Justin Werlein ,taBdnsItyiI,https://www.youtube.com/watch?v=taBdnsItyiI,UgwXeeQQnzwIZ5VNzgF4AaABAg,If the HTF Swing is so far then what to do?,2025-10-22T16:16:43Z,2026-10-01T13:27:39.283692+00:00,1,1,,569389e129e3e7cc8fbb7a9f3b2ceb52a6034527d84c9965297d23d885fc239a,,youtube-data-api-v3/commentThreads.list,,taBdnsItyiI,Why Most Traders Lose (Entry Confirmation Guide),Justin Werlein ,,
youtube,Justin Werlein ,taBdnsItyiI,https://www.youtube.com/watch?v=taBdnsItyiI,UgwXeeQQnzwIZ5VNzgF4AaABAg.AOa2m8Bk9soAPapps-rend,What do you mean too far?,2025-11-16T20:05:32Z,2026-10-01T13:27:39.283692+00:00,0,0,,cad5fcedad7ff6873a16d62d2d6373c53b74b026a7269307358ab298c6dedf06,UgwXeeQQnzwIZ5VNzgF4AaABAg,youtube-data-api-v3/commentThreads.list,,taBdnsItyiI,Why Most Traders Lose (Entry Confirmation Guide),Justin Werlein ,,
youtube,Justin Werlein ,taBdnsItyiI,https://www.youtube.com/watch?v=taBdnsItyiI,UgxMUdE3ESNJldcTOG54AaABAg,"HI，In this example, why didn't go short when the candle closed below the CISD, but instead waited for a pullback",2025-10-17T02:14:33Z,2026-10-01T13:27:39.283692+00:00,1,1,,e132570276ba65a60491dce44fc60311cdc94465ecb8c76d53b88456304ad1c2,,youtube-data-api-v3/commentThreads.list,,taBdnsItyiI,Why Most Traders Lose (Entry Confirmation Guide),Justin Werlein ,,
youtube,Justin Werlein ,taBdnsItyiI,https://www.youtube.com/watch?v=taBdnsItyiI,UgxMUdE3ESNJldcTOG54AaABAg.AOMfQUFqjr4AOO24nJ_Ttz,We have to also wait for the last leg of manipulation before the actual move,2025-10-17T15:00:33Z,2026-10-01T13:27:39.283692+00:00,0,0,,3325a58ef54777885557b03085a0a6b93d65c56e0e847fc9f1138128f88e631e,UgxMUdE3ESNJldcTOG54AaABAg,youtube-data-api-v3/commentThreads.list,,taBdnsItyiI,Why Most Traders Lose (Entry Confirmation Guide),Justin Werlein ,,
youtube,Justin Werlein ,taBdnsItyiI,https://www.youtube.com/watch?v=taBdnsItyiI,Ugzo4UqyZq-tAF7Mlqh4AaABAg,♥️🙏🏼,2025-10-16T23:20:09Z,2026-10-01T13:27:39.283692+00:00,0,0,,0e8f44b3cbde0a38ba09c47f393ea2332b66ebde27397d5c3b8bd232511f72e6,,youtube-data-api-v3/commentThreads.list,,taBdnsItyiI,Why Most Traders Lose (Entry Confirmation Guide),Justin Werlein ,,
youtube,Justin Werlein ,taBdnsItyiI,https://www.youtube.com/watch?v=taBdnsItyiI,UgyV4yWLSA1YLj1T2i94AaABAg,im intersted in 1 on 1 but im wondering how much u charge=#:?,2026-06-27T11:46:55Z,2026-10-01T13:27:39.283692+00:00,0,0,,668ac02d578e69fe6a0268a33cc69361c5b61fa0c967eac362b6f0b2ec58bf59,,youtube-data-api-v3/commentThreads.list,,taBdnsItyiI,Why Most Traders Lose (Entry Confirmation Guide),Justin Werlein ,,
youtube,Justin Werlein ,taBdnsItyiI,https://www.youtube.com/watch?v=taBdnsItyiI,Ugx6nBRCrSCJuB8IJHZ4AaABAg,😎,2026-01-12T17:15:50Z,2026-10-01T13:27:39.283692+00:00,0,0,,13509d1b674c5f6999d37986408624ee358e5750d58b932a27850ad167abd9c1,,youtube-data-api-v3/commentThreads.list,,taBdnsItyiI,Why Most Traders Lose (Entry Confirmation Guide),Justin Werlein ,,
youtube,Justin Werlein ,taBdnsItyiI,https://www.youtube.com/watch?v=taBdnsItyiI,UgwyY0Y0hn455CZkEqx4AaABAg,👌🏽👌🏽❤,2025-10-16T23:32:25Z,2026-10-01T13:27:39.283692+00:00,0,0,,92c386f95ec73d3506d8c3c163803dee6d36d4a635709a18b79fa666fe01f99b,,youtube-data-api-v3/commentThreads.list,,taBdnsItyiI,Why Most Traders Lose (Entry Confirmation Guide),Justin Werlein ,,
youtube,Justin Werlein ,taBdnsItyiI,https://www.youtube.com/watch?v=taBdnsItyiI,UgxdvPxT1KSSAvJF0lB4AaABAg,What is his RR for those who are in his discord? Or does Justin use dynamic sizing?,2025-12-09T21:25:15Z,2026-10-01T13:27:39.283692+00:00,0,1,,819203bda50197dfaea3ecbf6850ca6511486f7729552d86a630b514ba89ae23,,youtube-data-api-v3/commentThreads.list,,taBdnsItyiI,Why Most Traders Lose (Entry Confirmation Guide),Justin Werlein ,,
youtube,Justin Werlein ,taBdnsItyiI,https://www.youtube.com/watch?v=taBdnsItyiI,UgxdvPxT1KSSAvJF0lB4AaABAg.AQXCEt820lSARHlI3lM0pG,New vocab word?,2025-12-28T18:03:48Z,2026-10-01T13:27:39.283692+00:00,0,0,,b5aa31c207540da419268b0550d747fb6dc0a6b3ac72a39eba4051d8371f2e46,UgxdvPxT1KSSAvJF0lB4AaABAg,youtube-data-api-v3/commentThreads.list,,taBdnsItyiI,Why Most Traders Lose (Entry Confirmation Guide),Justin Werlein ,,
youtube,Justin Werlein ,taBdnsItyiI,https://www.youtube.com/watch?v=taBdnsItyiI,UgzcrG_yIVPjgsu_MIV4AaABAg,7:20 lol i would actually take the trade lmao,2025-10-18T09:10:20Z,2026-10-01T13:27:39.283692+00:00,0,0,,278c91b538c637e8150f9db17d588a33be94a3c5a94f124e4ed5540c086c5b04,,youtube-data-api-v3/commentThreads.list,,taBdnsItyiI,Why Most Traders Lose (Entry Confirmation Guide),Justin Werlein ,,
youtube,TradingLab,IyrbbmKv3RE,https://www.youtube.com/watch?v=IyrbbmKv3RE,UgzgsO1X7E6HkOr3PSl4AaABAg.9fJlEhMLLej9fJo3QeapMs,"Amazing vudeo, keep it going, thinkijg on buying ypur indicator! Can u suggest indicator for fair value gap in t.v.?",2022-08-29T15:28:11Z,2026-10-01T13:27:52.936159+00:00,0,0,,b18ce9ef3d74fd73935ec214462579944bc5c3c6e55e0ea81ad030cd9da83a0a,UgzgsO1X7E6HkOr3PSl4AaABAg,youtube-data-api-v3/commentThreads.list,,IyrbbmKv3RE,How To Get AMAZING Entries (My Secret Technique),TradingLab,,
youtube,TradingLab,IyrbbmKv3RE,https://www.youtube.com/watch?v=IyrbbmKv3RE,UgzgsO1X7E6HkOr3PSl4AaABAg.9fJlEhMLLej9fJqRlSiFa_,Brilliant as always the guy from the start of the video killed me with laughter.😂,2022-08-29T15:48:59Z,2026-10-01T13:27:52.936159+00:00,0,0,,80900725abf945add2a235051765a92b88caa2f044a15fe0030b58a23ead4304,UgzgsO1X7E6HkOr3PSl4AaABAg,youtube-data-api-v3/commentThreads.list,,IyrbbmKv3RE,How To Get AMAZING Entries (My Secret Technique),TradingLab,,
youtube,TradingLab,IyrbbmKv3RE,https://www.youtube.com/watch?v=IyrbbmKv3RE,UgzgsO1X7E6HkOr3PSl4AaABAg.9fJlEhMLLej9fOr_azK8Ll,How long have you been a trader?,2022-08-31T14:35:08Z,2026-10-01T13:27:52.936159+00:00,0,0,,164e7ed94e762c8b1ea3460e64f0d6e9f569d96c091cfbd56c7c65781258d080,UgzgsO1X7E6HkOr3PSl4AaABAg,youtube-data-api-v3/commentThreads.list,,IyrbbmKv3RE,How To Get AMAZING Entries (My Secret Technique),TradingLab,,
youtube,TradingLab,IyrbbmKv3RE,https://www.youtube.com/watch?v=IyrbbmKv3RE,UgzgsO1X7E6HkOr3PSl4AaABAg.9fJlEhMLLej9fSBWIHDK81,Which software do you use to make your videos?,2022-09-01T21:35:46Z,2026-10-01T13:27:52.936159+00:00,0,0,,651c584b3a1ed653a2952cde914d9bbea4075ef9a75cd12ddad2a62f00636bdb,UgzgsO1X7E6HkOr3PSl4AaABAg,youtube-data-api-v3/commentThreads.list,,IyrbbmKv3RE,How To Get AMAZING Entries (My Secret Technique),TradingLab,,
youtube,TradingLab,IyrbbmKv3RE,https://www.youtube.com/watch?v=IyrbbmKv3RE,UgwXvR7RRHmrpIFKEHN4AaABAg,"With the market constantly shifting, I find myself either selling too soon or holding on too long. I'm not looking for shortcuts, I just want to stay disciplined, make smarter decisions, and navigate the market with more confidence.",2026-06-25T11:26:14Z,2026-10-01T13:27:52.936159+00:00,37,13,,65daf92785bdadeaae811bfa93f2baf0220a2e1a5ca8666c82c36317b5471a7a,,youtube-data-api-v3/commentThreads.list,,IyrbbmKv3RE,How To Get AMAZING Entries (My Secret Technique),TradingLab,,
youtube,TradingLab,IyrbbmKv3RE,https://www.youtube.com/watch?v=IyrbbmKv3RE,UgwXvR7RRHmrpIFKEHN4AaABAg.AYTy4ojAvwXAYU3vS-3RIf,"I was frustrated for a long time, not because I didn’t try, but because I had no real structure. Things only shifted when I learned from someone who understood the market’s rhythm. I stopped panicking and started trading with intention. And honestly, the real win wasn’t the profit, it was finally learning to stay steady even when the charts weren’t.",2026-06-25T12:25:59Z,2026-10-01T13:27:52.936159+00:00,0,0,,700ab9756475fd9e0db7157544e3f370914e9f8fa53155d7b29137bf2adc99de,UgwXvR7RRHmrpIFKEHN4AaABAg,youtube-data-api-v3/commentThreads.list,,IyrbbmKv3RE,How To Get AMAZING Entries (My Secret Technique),TradingLab,,
youtube,TradingLab,IyrbbmKv3RE,https://www.youtube.com/watch?v=IyrbbmKv3RE,UgwXvR7RRHmrpIFKEHN4AaABAg.AYTy4ojAvwXAYU3vZdmxnV,Nice ones! sounds like you've been moving solid lately. Do you use any specific approach or do you just follow market vibes?,2026-06-25T12:26:00Z,2026-10-01T13:27:52.936159+00:00,0,0,,65daf92785bdadeaae811bfa93f2baf0220a2e1a5ca8666c82c36317b5471a7a,UgwXvR7RRHmrpIFKEHN4AaABAg,youtube-data-api-v3/commentThreads.list,,IyrbbmKv3RE,How To Get AMAZING Entries (My Secret Technique),TradingLab,,
youtube,TradingLab,IyrbbmKv3RE,https://www.youtube.com/watch?v=IyrbbmKv3RE,UgwXvR7RRHmrpIFKEHN4AaABAg.AYTy4ojAvwXAYU3wI_bi3B,"For me it was Gery Wes, He runs a program where you actually trade alongside him live. No fluff, no recycled videos, just real trades and real time explanations. Way different than watching someone circle candles after the fact",2026-06-25T12:26:06Z,2026-10-01T13:27:52.936159+00:00,0,0,,700ab9756475fd9e0db7157544e3f370914e9f8fa53155d7b29137bf2adc99de,UgwXvR7RRHmrpIFKEHN4AaABAg,youtube-data-api-v3/commentThreads.list,,IyrbbmKv3RE,How To Get AMAZING Entries (My Secret Technique),TradingLab,,
youtube,TradingLab,IyrbbmKv3RE,https://www.youtube.com/watch?v=IyrbbmKv3RE,UgwXvR7RRHmrpIFKEHN4AaABAg.AYTy4ojAvwXAYU41RW0RfF,wow u know him too? Small world. Gery honestly played a big role in helping me <<and my family get on track.,2026-06-25T12:26:57Z,2026-10-01T13:27:52.936159+00:00,0,0,,1931947496f8cd2ecac1008bc70efe49a6ed05ec3eae47fc9f5a9ad1a7d6b245,UgwXvR7RRHmrpIFKEHN4AaABAg,youtube-data-api-v3/commentThreads.list,,IyrbbmKv3RE,How To Get AMAZING Entries (My Secret Technique),TradingLab,,
youtube,TradingLab,IyrbbmKv3RE,https://www.youtube.com/watch?v=IyrbbmKv3RE,UgwXvR7RRHmrpIFKEHN4AaABAg.AYTy4ojAvwXAYU494ZMnz9,"Yes, I know him. I actually followed his signals, and that experience really changed how I trade.",2026-06-25T12:27:59Z,2026-10-01T13:27:52.936159+00:00,0,0,,700ab9756475fd9e0db7157544e3f370914e9f8fa53155d7b29137bf2adc99de,UgwXvR7RRHmrpIFKEHN4AaABAg,youtube-data-api-v3/commentThreads.list,,IyrbbmKv3RE,How To Get AMAZING Entries (My Secret Technique),TradingLab,,
youtube,TradingLab,IyrbbmKv3RE,https://www.youtube.com/watch?v=IyrbbmKv3RE,UgwXTISeowCqAZNtL1N4AaABAg,"You seriously worry about ppl doesn’t know shorting , hilarious 🤣",2022-09-30T19:57:01Z,2026-10-01T13:27:52.936159+00:00,6,0,,3d092bf9c86a9a44f136c49ff66201e2f877aa73065f965e2d7fdeb82d2ccab3,,youtube-data-api-v3/commentThreads.list,,IyrbbmKv3RE,How To Get AMAZING Entries (My Secret Technique),TradingLab,,
youtube,TradingLab,IyrbbmKv3RE,https://www.youtube.com/watch?v=IyrbbmKv3RE,UgxyQQnLK8_sBT0CIDx4AaABAg,The funny clips in video make it interesting 😂😂,2022-08-29T15:54:47Z,2026-10-01T13:27:52.936159+00:00,8,0,,c6286f5ebdc2d5772204dfc1f12e0318ec771c7f9ee277bed4f9ab79916aed56,,youtube-data-api-v3/commentThreads.list,,IyrbbmKv3RE,How To Get AMAZING Entries (My Secret Technique),TradingLab,,
youtube,TradingLab,IyrbbmKv3RE,https://www.youtube.com/watch?v=IyrbbmKv3RE,UgwumaVlZRPdME7_RSF4AaABAg,entry timing explained really well… focusing on risk-reward instead of just direction makes a big difference.,2026-04-10T10:20:11Z,2026-10-01T13:27:52.936159+00:00,1,0,,da6b9b3ca3367946236c6c36f56204d1441c16f81a3c6e1d0e8296d39bb681d9,,youtube-data-api-v3/commentThreads.list,,IyrbbmKv3RE,How To Get AMAZING Entries (My Secret Technique),TradingLab,,
youtube,TradingLab,IyrbbmKv3RE,https://www.youtube.com/watch?v=IyrbbmKv3RE,Ugz64RTf6wtEWPB2WIV4AaABAg,This deserves more views.,2025-09-17T09:01:44Z,2026-10-01T13:27:52.936159+00:00,2,0,,774f5a25be68451e7b6e559c9be40f40b0a62fda83df7daccde31ec0561f9c15,,youtube-data-api-v3/commentThreads.list,,IyrbbmKv3RE,How To Get AMAZING Entries (My Secret Technique),TradingLab,,
youtube,TradingLab,IyrbbmKv3RE,https://www.youtube.com/watch?v=IyrbbmKv3RE,UgyXB24S27M-6qSmftJ4AaABAg,"I am new and as such have been searching YouTube for whose content I can learn from. You so far have been the best for me for the following reasons 

1. No ads in the middle of the videos. It’s a huge thing. To be concentrating and getting into the lesson then BAM some ad for something irrelevant. 
2. Clear presentation that has a goal and gets to it. No huge intro or outro it just makes good on the reason we clicked. 
3. Does not overly beg us for likes or subscriptions. We know the YouTube game now by now and can instinctively like and subscribe if we like the content. 
4. You don’t go too fast in your speech and the charts are very clear, uncluttered. 
5. The lead in to the next video at the end of the video keeps us engaged with relevant lessons. 
5. If you continue to focus on these attributes, your style, I’m sure your channel will grow exponentially.",2022-09-01T10:46:36Z,2026-10-01T13:27:52.936159+00:00,17,2,,30ed8a56808200cb58ad656130347d83fe9deac40271197da18c3dcf68bc7ce0,,youtube-data-api-v3/commentThreads.list,,IyrbbmKv3RE,How To Get AMAZING Entries (My Secret Technique),TradingLab,,
youtube,TradingLab,IyrbbmKv3RE,https://www.youtube.com/watch?v=IyrbbmKv3RE,UgyXB24S27M-6qSmftJ4AaABAg.9fR1DckyuGcASekEdYJm17,Did you become successful bro?,2026-01-31T22:07:46Z,2026-10-01T13:27:52.936159+00:00,0,0,,07ff5d839a02a1e2438e9ab639a514b72704286ca580112d191da1cc832b4495,UgyXB24S27M-6qSmftJ4AaABAg,youtube-data-api-v3/commentThreads.list,,IyrbbmKv3RE,How To Get AMAZING Entries (My Secret Technique),TradingLab,,
youtube,TradingLab,IyrbbmKv3RE,https://www.youtube.com/watch?v=IyrbbmKv3RE,UgylB--2XQXDkXO9HGJ4AaABAg,Yes kinda like the ICT 2022 mentorship model..thanks for the video,2022-09-29T19:08:11Z,2026-10-01T13:27:52.936159+00:00,0,0,,1618b72ec4b4fa34ce63e29642e1d73b18433eb332bf042a8bba333c89a94e2c,,youtube-data-api-v3/commentThreads.list,,IyrbbmKv3RE,How To Get AMAZING Entries (My Secret Technique),TradingLab,,
youtube,TradingLab,IyrbbmKv3RE,https://www.youtube.com/watch?v=IyrbbmKv3RE,UgzVr4nv4vcZBTWxXSF4AaABAg,"dude, i just lost my first trade of the challenge, and just opened the video and hear the ''confirmation entry'' song. and i started to laugh. thanks for changing my mood :D",2026-02-03T17:33:39Z,2026-10-01T13:27:52.936159+00:00,0,0,,bc56dfec804e0dfd9e24cfa853e8fae6e84ae47dab0fa695756e2aef3aeca1d1,,youtube-data-api-v3/commentThreads.list,,IyrbbmKv3RE,How To Get AMAZING Entries (My Secret Technique),TradingLab,,
youtube,TradingLab,IyrbbmKv3RE,https://www.youtube.com/watch?v=IyrbbmKv3RE,UgzXz2oxKukJe-oQWw14AaABAg,New vid yay !,2022-08-29T15:00:25Z,2026-10-01T13:27:52.936159+00:00,0,0,,8305f4917e91a7490e74af74866daa1e83228b8762496ca65a8a60537c08329b,,youtube-data-api-v3/commentThreads.list,,IyrbbmKv3RE,How To Get AMAZING Entries (My Secret Technique),TradingLab,,
youtube,TradingLab,IyrbbmKv3RE,https://www.youtube.com/watch?v=IyrbbmKv3RE,Ugwc3CXdyh-OmxHv5rJ4AaABAg,Love this guy is strategy,2022-08-29T15:07:57Z,2026-10-01T13:27:52.936159+00:00,0,0,,43830dbd627e8a70c85728d2c2a302b3ce380ceee6662e3aeec378fc281251af,,youtube-data-api-v3/commentThreads.list,,IyrbbmKv3RE,How To Get AMAZING Entries (My Secret Technique),TradingLab,,
youtube,TradingLab,IyrbbmKv3RE,https://www.youtube.com/watch?v=IyrbbmKv3RE,UgwRPKSXtZoqe73WqqF4AaABAg,"Every trade will and can be different, indexes dip, news, catalyst, internal news, insiders, institutional sweep, etc etc.

SET YOUR OWN RULES, know what you need, know what you want.",2026-09-23T03:58:39Z,2026-10-01T13:27:52.936159+00:00,0,0,,a131c957b1affd7b84ec79a8456f76a188fca4bce18ce76cbcf2623d7566a156,,youtube-data-api-v3/commentThreads.list,,IyrbbmKv3RE,How To Get AMAZING Entries (My Secret Technique),TradingLab,,
youtube,TradingLab,IyrbbmKv3RE,https://www.youtube.com/watch?v=IyrbbmKv3RE,Ugw9MGnCdb7kvQGg4kV4AaABAg,"I am very new to the chanel, loving the content so far. I would like to ask you what coding lenguage are you using??",2022-09-01T00:57:55Z,2026-10-01T13:27:52.936159+00:00,0,0,,5011b37beeee05e6bd8ba7dc22752100ff6ea1fbf0cc5545028969e6c2426325,,youtube-data-api-v3/commentThreads.list,,IyrbbmKv3RE,How To Get AMAZING Entries (My Secret Technique),TradingLab,,
youtube,TradingLab,IyrbbmKv3RE,https://www.youtube.com/watch?v=IyrbbmKv3RE,UgwNuMgDUub3W_a890B4AaABAg,It's very useful video,2024-05-22T06:35:42Z,2026-10-01T13:27:52.936159+00:00,1,0,,5ab453951371275dc9e3f75d09ce6965b762b15eb2cf4df352c205dcbea2d18a,,youtube-data-api-v3/commentThreads.list,,IyrbbmKv3RE,How To Get AMAZING Entries (My Secret Technique),TradingLab,,
youtube,TradingLab,IyrbbmKv3RE,https://www.youtube.com/watch?v=IyrbbmKv3RE,Ugz0aHJUJ68R5QEK7-l4AaABAg,"Fair value graphs doesn't exist in indices(for options trading) but we might find them in commodity,forex and stocks",2022-10-15T18:03:39Z,2026-10-01T13:27:52.936159+00:00,0,0,,04701d3f9572895bbe26882ffde13d9bd2903a1f2b1afecb3a4e010eee226be0,,youtube-data-api-v3/commentThreads.list,,IyrbbmKv3RE,How To Get AMAZING Entries (My Secret Technique),TradingLab,,
youtube,TradingLab,IyrbbmKv3RE,https://www.youtube.com/watch?v=IyrbbmKv3RE,Ugyh-028HKY-6I1Gh7V4AaABAg,20% sl and 80% target works in only trending market,2022-10-09T16:27:27Z,2026-10-01T13:27:52.936159+00:00,0,0,,22099012b6eb6107f3bc9c5393625c99447473365170faf976bee968e9fff79c,,youtube-data-api-v3/commentThreads.list,,IyrbbmKv3RE,How To Get AMAZING Entries (My Secret Technique),TradingLab,,
youtube,TradingLab,IyrbbmKv3RE,https://www.youtube.com/watch?v=IyrbbmKv3RE,UgxV_wr2tFZuaijTTCx4AaABAg,Yeahh i need this i suck shit on entries😭😭😭🙏🙏🙏,2025-05-18T19:44:51Z,2026-10-01T13:27:52.936159+00:00,1,0,,9305792be94d4979997d6b68ca1dab1389263b41467660fbd8e2ab972d91af26,,youtube-data-api-v3/commentThreads.list,,IyrbbmKv3RE,How To Get AMAZING Entries (My Secret Technique),TradingLab,,
youtube,TradingLab,IyrbbmKv3RE,https://www.youtube.com/watch?v=IyrbbmKv3RE,UgyT2PLkoSwkN0LdRld4AaABAg,"Can anyone help me, how do I make custom rectangles that have a line passing through the center?",2022-12-15T12:56:56Z,2026-10-01T13:27:52.936159+00:00,1,0,,b025c73cdc1c706e9cae250b8300a6303a3b5282e328c6a025c17c8aabbeeb43,,youtube-data-api-v3/commentThreads.list,,IyrbbmKv3RE,How To Get AMAZING Entries (My Secret Technique),TradingLab,,
youtube,TradingLab,IyrbbmKv3RE,https://www.youtube.com/watch?v=IyrbbmKv3RE,UgwenUbimGWN3zPFy7F4AaABAg,"the first short, what's the name of the movie it;s hilarious",2023-04-03T13:12:34Z,2026-10-01T13:27:52.936159+00:00,0,0,,bbe4bda834461e4639168a75bd75997ce64f0a17e5ee20b2826d5199beecf845,,youtube-data-api-v3/commentThreads.list,,IyrbbmKv3RE,How To Get AMAZING Entries (My Secret Technique),TradingLab,,
youtube,TradingLab,IyrbbmKv3RE,https://www.youtube.com/watch?v=IyrbbmKv3RE,UgwX_B50UK20D7lNzK14AaABAg,"Only triangles I phuk with are Luvv triangles.. nah I’m playin, but it had to be said.",2022-09-12T20:35:29Z,2026-10-01T13:27:52.936159+00:00,0,0,,c21f77328f7caa31481531e3ad4153f5033e8d172991f0862ee53d152d7713f8,,youtube-data-api-v3/commentThreads.list,,IyrbbmKv3RE,How To Get AMAZING Entries (My Secret Technique),TradingLab,,
youtube,TradingLab,IyrbbmKv3RE,https://www.youtube.com/watch?v=IyrbbmKv3RE,Ugz3wCWic5XWLoq0wuJ4AaABAg,Some price action techniques 2:49 2:53,2023-09-19T09:58:58Z,2026-10-01T13:27:52.936159+00:00,0,0,,0acdb4a899dd30de0dcfde0098e58dbe70fed03747e9c653c587a14ff84c5d06,,youtube-data-api-v3/commentThreads.list,,IyrbbmKv3RE,How To Get AMAZING Entries (My Secret Technique),TradingLab,,
youtube,TradingLab,IyrbbmKv3RE,https://www.youtube.com/watch?v=IyrbbmKv3RE,UgzTBOynHl3hMihMhXJ4AaABAg,I just saw paw paw 😂😂😂😂,2026-03-04T07:14:34Z,2026-10-01T13:27:52.936159+00:00,1,0,,9561e5312fe5f1250b336f98d4752fe701dcbe58399ec40ee23d15351b9f286e,,youtube-data-api-v3/commentThreads.list,,IyrbbmKv3RE,How To Get AMAZING Entries (My Secret Technique),TradingLab,,
youtube,TradingLab,IyrbbmKv3RE,https://www.youtube.com/watch?v=IyrbbmKv3RE,UgzASWA23Sw9_OQ9J1N4AaABAg,"Great for swingers and long term. 
Not much help for scalpers.",2023-02-03T13:47:06Z,2026-10-01T13:27:52.936159+00:00,1,0,,683a9d778be74b0b6bb8843571c51cd6b8a626c816128d727984af43af23a3b2,,youtube-data-api-v3/commentThreads.list,,IyrbbmKv3RE,How To Get AMAZING Entries (My Secret Technique),TradingLab,,
youtube,TradingLab,IyrbbmKv3RE,https://www.youtube.com/watch?v=IyrbbmKv3RE,UgztKGidt8w4ljds4bN4AaABAg,wheres ep 5 pls,2024-07-05T01:46:06Z,2026-10-01T13:27:52.936159+00:00,0,0,,829e5d8983686e6f4db010a872d62029bb753a5366aba568398b8ab3951ab40b,,youtube-data-api-v3/commentThreads.list,,IyrbbmKv3RE,How To Get AMAZING Entries (My Secret Technique),TradingLab,,
youtube,TradingLab,IyrbbmKv3RE,https://www.youtube.com/watch?v=IyrbbmKv3RE,UgzRjIsagJyXjGrk6U14AaABAg,Professionally you're good. Most of us are willing to take that loss and cover up when the signal is perfect. Please can you open a free telegram channel where people use your signals directly on trades. Leave the losses to us. No business is perfect please 🙏,2022-09-04T16:22:33Z,2026-10-01T13:27:52.936159+00:00,1,3,,82a80f6da20b03a87341ddb2ef5f98389f4c176fa4f1a981ccd4832ed4e231bc,,youtube-data-api-v3/commentThreads.list,,IyrbbmKv3RE,How To Get AMAZING Entries (My Secret Technique),TradingLab,,
youtube,TradingLab,IyrbbmKv3RE,https://www.youtube.com/watch?v=IyrbbmKv3RE,UgzRjIsagJyXjGrk6U14AaABAg.9fZM2rLzqYg9fbQta7z-ZW,Trade_labs✔️,2022-09-05T21:02:34Z,2026-10-01T13:27:52.936159+00:00,0,0,,d4083a1b4f6d6903d58eee6b83d7279da82753dba46d9c00db6e81fbfabcad61,UgzRjIsagJyXjGrk6U14AaABAg,youtube-data-api-v3/commentThreads.list,,IyrbbmKv3RE,How To Get AMAZING Entries (My Secret Technique),TradingLab,,
youtube,TradingLab,IyrbbmKv3RE,https://www.youtube.com/watch?v=IyrbbmKv3RE,UgzRjIsagJyXjGrk6U14AaABAg.9fZM2rLzqYg9fbR-bOKaUJ,TELEGRAM...... ☝️☝️☝️☝️,2022-09-05T21:03:31Z,2026-10-01T13:27:52.936159+00:00,0,0,,d4083a1b4f6d6903d58eee6b83d7279da82753dba46d9c00db6e81fbfabcad61,UgzRjIsagJyXjGrk6U14AaABAg,youtube-data-api-v3/commentThreads.list,,IyrbbmKv3RE,How To Get AMAZING Entries (My Secret Technique),TradingLab,,
youtube,TradingLab,IyrbbmKv3RE,https://www.youtube.com/watch?v=IyrbbmKv3RE,UgzRjIsagJyXjGrk6U14AaABAg.9fZM2rLzqYg9fbR2zL2feq,Tell him I reffered you. 🙏🙏🙏,2022-09-05T21:03:59Z,2026-10-01T13:27:52.936159+00:00,0,0,,d4083a1b4f6d6903d58eee6b83d7279da82753dba46d9c00db6e81fbfabcad61,UgzRjIsagJyXjGrk6U14AaABAg,youtube-data-api-v3/commentThreads.list,,IyrbbmKv3RE,How To Get AMAZING Entries (My Secret Technique),TradingLab,,
youtube,TradingLab,IyrbbmKv3RE,https://www.youtube.com/watch?v=IyrbbmKv3RE,Ugyc02tre95zEAqOd1d4AaABAg,"Hey, i want to join the discord but the link doesnt work. Can you update the link?",2022-08-29T15:58:44Z,2026-10-01T13:27:52.936159+00:00,0,0,,846aa52acaf1daa998a0c77fd214db58cf819b1145ef147c3bfbc336319472d8,,youtube-data-api-v3/commentThreads.list,,IyrbbmKv3RE,How To Get AMAZING Entries (My Secret Technique),TradingLab,,
youtube,TradingLab,IyrbbmKv3RE,https://www.youtube.com/watch?v=IyrbbmKv3RE,UgwbUprJ7-tw5NvMJZx4AaABAg,"gold = 63%w, 5.4rr, 757trades 779%profit, max dd 2.21% 1.33lot, 27mo backtest.... I WILL OWN THE COMPETITION",2022-08-29T19:05:03Z,2026-10-01T13:27:52.936159+00:00,0,0,,add59af58e214c2d62b77117de1ea697e9a0ed81aa30d0daecb827b6746add62,,youtube-data-api-v3/commentThreads.list,,IyrbbmKv3RE,How To Get AMAZING Entries (My Secret Technique),TradingLab,,
youtube,TradingLab,IyrbbmKv3RE,https://www.youtube.com/watch?v=IyrbbmKv3RE,UgwCyoIammVGnXCkFCB4AaABAg,yo second 😂,2022-08-29T15:00:16Z,2026-10-01T13:27:52.936159+00:00,0,0,,e142642905a76f35a0ea1a59e31395b2ff8a2c3668d740b2566ed9565b326744,,youtube-data-api-v3/commentThreads.list,,IyrbbmKv3RE,How To Get AMAZING Entries (My Secret Technique),TradingLab,,
youtube,TradingLab,IyrbbmKv3RE,https://www.youtube.com/watch?v=IyrbbmKv3RE,UgyjkKhCBXEGJyZz5-B4AaABAg,yo release ep 5:((((,2023-08-09T03:33:20Z,2026-10-01T13:27:52.936159+00:00,0,0,,8e66a3d0f1561cc28bb5215665445e3e57d8e80bb7e95c808bd3641b6a803106,,youtube-data-api-v3/commentThreads.list,,IyrbbmKv3RE,How To Get AMAZING Entries (My Secret Technique),TradingLab,,
youtube,TradingLab,IyrbbmKv3RE,https://www.youtube.com/watch?v=IyrbbmKv3RE,UgwGSRuW9mzEzdIxnw14AaABAg,❤️❤️❤️,2022-08-29T15:30:52Z,2026-10-01T13:27:52.936159+00:00,0,0,,1217f5ab0774558c283c2c1ef38d241ccb31015e5eb2d9a4c97bf73741b9da13,,youtube-data-api-v3/commentThreads.list,,IyrbbmKv3RE,How To Get AMAZING Entries (My Secret Technique),TradingLab,,
youtube,TradingLab,IyrbbmKv3RE,https://www.youtube.com/watch?v=IyrbbmKv3RE,Ugzr1nt7U6n7QVn2YhV4AaABAg,Can't find indicator...,2023-08-24T21:47:52Z,2026-10-01T13:27:52.936159+00:00,0,0,,ede5ae5dda68275693fb253f2bc53772e9682b7b890958f8083b9e4be69e63c3,,youtube-data-api-v3/commentThreads.list,,IyrbbmKv3RE,How To Get AMAZING Entries (My Secret Technique),TradingLab,,
youtube,TradingLab,IyrbbmKv3RE,https://www.youtube.com/watch?v=IyrbbmKv3RE,Ugxw8qSJl1bieffXnSh4AaABAg,Hey what happend with ur indicator are u gonna let more people buy it and can u put a trial of 2 to 5 days or a less payment to test it like for $20 dollars 1 week,2022-08-31T03:02:25Z,2026-10-01T13:27:52.936159+00:00,0,0,,f953a7e97fefe496ac009342182ff3c40688161aa904a79de7a92da9a6ada88e,,youtube-data-api-v3/commentThreads.list,,IyrbbmKv3RE,How To Get AMAZING Entries (My Secret Technique),TradingLab,,
youtube,TradingLab,IyrbbmKv3RE,https://www.youtube.com/watch?v=IyrbbmKv3RE,Ugz0R94CijWGbZ4SGC94AaABAg,just saw your false breakout video and backtested this on demo account i put my stop loss below resistance the price touched stoploss then made a swing high. how to avoid this problem. Even if my prediction is correct it goes wrong as it hits stoploss,2022-08-30T16:41:08Z,2026-10-01T13:27:52.936159+00:00,6,3,,5094bb4198db5c74702df5585386006c9b88cc15bdf760283c7ecaf531dee991,,youtube-data-api-v3/commentThreads.list,,IyrbbmKv3RE,How To Get AMAZING Entries (My Secret Technique),TradingLab,,
youtube,TradingLab,IyrbbmKv3RE,https://www.youtube.com/watch?v=IyrbbmKv3RE,Ugz0R94CijWGbZ4SGC94AaABAg.9fMWCZaPrlA9fN9aRCYs20,Drop a message on Whatsapp,2022-08-30T22:42:47Z,2026-10-01T13:27:52.936159+00:00,0,0,,0786e2dbc6061bca7ea77f3b7019513b13112df930e70b532cc216c89c9a2d8a,Ugz0R94CijWGbZ4SGC94AaABAg,youtube-data-api-v3/commentThreads.list,,IyrbbmKv3RE,How To Get AMAZING Entries (My Secret Technique),TradingLab,,
youtube,TradingLab,IyrbbmKv3RE,https://www.youtube.com/watch?v=IyrbbmKv3RE,Ugz0R94CijWGbZ4SGC94AaABAg.9fMWCZaPrlA9fNClPLqGPj,yeah this dudes strats are kinda not accurate and kinda clickbait tbh,2022-08-30T23:10:30Z,2026-10-01T13:27:52.936159+00:00,3,0,,103cef39d8e16ca569e951704656e035843b032fbdb444e97ab0f6423ce1a759,Ugz0R94CijWGbZ4SGC94AaABAg,youtube-data-api-v3/commentThreads.list,,IyrbbmKv3RE,How To Get AMAZING Entries (My Secret Technique),TradingLab,,
youtube,TradingLab,IyrbbmKv3RE,https://www.youtube.com/watch?v=IyrbbmKv3RE,Ugz0R94CijWGbZ4SGC94AaABAg.9fMWCZaPrlA9tw9grCS23U,@Diorinni just like to hear his voice and watch him for fun.:) as far i backtested some of his strategies i dont have issues at all.,2023-08-27T21:35:51Z,2026-10-01T13:27:52.936159+00:00,0,0,,1261dff617d0f79ef36d3886c2ebf78764aa6880d3b3c13031fdbdb67645829b,Ugz0R94CijWGbZ4SGC94AaABAg,youtube-data-api-v3/commentThreads.list,,IyrbbmKv3RE,How To Get AMAZING Entries (My Secret Technique),TradingLab,,
youtube,TradingLab,IyrbbmKv3RE,https://www.youtube.com/watch?v=IyrbbmKv3RE,Ugyx1XPvAa-3CFGjXcx4AaABAg,how do you chose your profits confirmation,2022-08-30T05:55:12Z,2026-10-01T13:27:52.936159+00:00,0,1,,17a3aaf06e58bb422e3de5c66f4d00ae6d990946d8edee584d44dde09e833877,,youtube-data-api-v3/commentThreads.list,,IyrbbmKv3RE,How To Get AMAZING Entries (My Secret Technique),TradingLab,,
youtube,TradingLab,IyrbbmKv3RE,https://www.youtube.com/watch?v=IyrbbmKv3RE,Ugyx1XPvAa-3CFGjXcx4AaABAg.9fLMHZg48rC9fN9hCZsg2m,Drop a message on Whatsapp,2022-08-30T22:43:43Z,2026-10-01T13:27:52.936159+00:00,0,0,,0786e2dbc6061bca7ea77f3b7019513b13112df930e70b532cc216c89c9a2d8a,Ugyx1XPvAa-3CFGjXcx4AaABAg,youtube-data-api-v3/commentThreads.list,,IyrbbmKv3RE,How To Get AMAZING Entries (My Secret Technique),TradingLab,,
youtube,TradingLab,IyrbbmKv3RE,https://www.youtube.com/watch?v=IyrbbmKv3RE,UgzTvUTfZ7ga3QWRBD14AaABAg,Bro is this applicable in forex trading,2022-08-31T10:33:08Z,2026-10-01T13:27:52.936159+00:00,0,1,,5e78a564bb8e6490aa952a49e2d5a407e908be00c095f5c62ef91dae01523310,,youtube-data-api-v3/commentThreads.list,,IyrbbmKv3RE,How To Get AMAZING Entries (My Secret Technique),TradingLab,,
youtube,TradingLab,IyrbbmKv3RE,https://www.youtube.com/watch?v=IyrbbmKv3RE,Ugw-3bU-71durFt6ZH94AaABAg,First,2022-08-29T15:00:08Z,2026-10-01T13:27:52.936159+00:00,0,0,,671cd3cfff5e7e6c68e10a60dea72f58725df48bf000e72351751f4c7a6a3c8b,,youtube-data-api-v3/commentThreads.list,,IyrbbmKv3RE,How To Get AMAZING Entries (My Secret Technique),TradingLab,,
youtube,TradingLab,IyrbbmKv3RE,https://www.youtube.com/watch?v=IyrbbmKv3RE,UgxRPthFkl_T6AgOYAB4AaABAg,Can newbie can try this?,2022-08-31T09:13:19Z,2026-10-01T13:27:52.936159+00:00,0,1,,9f5fa5735d500a40315621274b8c50e1b42daa4cee9a80be5a575591c0c1098a,,youtube-data-api-v3/commentThreads.list,,IyrbbmKv3RE,How To Get AMAZING Entries (My Secret Technique),TradingLab,,
youtube,TradingLab,IyrbbmKv3RE,https://www.youtube.com/watch?v=IyrbbmKv3RE,UgxRPthFkl_T6AgOYAB4AaABAg.9fOHkYhjHFX9qYktbZi-pE,Late reply but try it on demo accounts to get the hang of it,2023-06-04T20:34:26Z,2026-10-01T13:27:52.936159+00:00,1,0,,f3dd3a701e7db76f1fd50638d495feab9d08f62f9c815ec50fc937fb9747399a,UgxRPthFkl_T6AgOYAB4AaABAg,youtube-data-api-v3/commentThreads.list,,IyrbbmKv3RE,How To Get AMAZING Entries (My Secret Technique),TradingLab,,
youtube,TradingLab,IyrbbmKv3RE,https://www.youtube.com/watch?v=IyrbbmKv3RE,Ugws_GKluggmQVgosIR4AaABAg,"Despite the economic downturn, I'm happy ☺️. I have been earning $60,200 returns from my $10,000 investment every 13 days",2022-08-30T08:45:26Z,2026-10-01T13:27:52.936159+00:00,2,8,,665a01de56a5eb1a11a5ad3eff043b765d932c78beb30e1c1611e989bccae329,,youtube-data-api-v3/commentThreads.list,,IyrbbmKv3RE,How To Get AMAZING Entries (My Secret Technique),TradingLab,,
youtube,TradingLab,IyrbbmKv3RE,https://www.youtube.com/watch?v=IyrbbmKv3RE,Ugws_GKluggmQVgosIR4AaABAg.9fLelP3yOKc9fLf3G6_W8Q,"Wow, I'm surprised someone mentioned that expert Mrs Mirabel thought I was the only one trading with her.",2022-08-30T08:48:00Z,2026-10-01T13:27:52.936159+00:00,0,0,,de697f1a615720e436fe69270b3df093fbd127798ab177717144929b0732600f,Ugws_GKluggmQVgosIR4AaABAg,youtube-data-api-v3/commentThreads.list,,IyrbbmKv3RE,How To Get AMAZING Entries (My Secret Technique),TradingLab,,
youtube,TradingLab,IyrbbmKv3RE,https://www.youtube.com/watch?v=IyrbbmKv3RE,Ugws_GKluggmQVgosIR4AaABAg.9fLelP3yOKc9fLf6E6lu2b,I also trade with her and earn $8600 a week. My whole family traded with him and made a profit.,2022-08-30T08:48:24Z,2026-10-01T13:27:52.936159+00:00,0,0,,337fa3ff8b37ddd2bbd28ee9a29cdfe7a61eb542b649ec91b09fd682682cf30d,Ugws_GKluggmQVgosIR4AaABAg,youtube-data-api-v3/commentThreads.list,,IyrbbmKv3RE,How To Get AMAZING Entries (My Secret Technique),TradingLab,,
youtube,TradingLab,IyrbbmKv3RE,https://www.youtube.com/watch?v=IyrbbmKv3RE,Ugws_GKluggmQVgosIR4AaABAg.9fLelP3yOKc9fLf97NucdL,"I will recommend the expert Miss Mirabel to anyone who wants to invest in the Forex / Crypto trade, the strategy works for me. I make good profits from Bitcoin trade",2022-08-30T08:48:48Z,2026-10-01T13:27:52.936159+00:00,0,0,,cfe1525752afbca8def15e0c196a2203b5cf436b00c4a5b56fa5d14da237afa0,Ugws_GKluggmQVgosIR4AaABAg,youtube-data-api-v3/commentThreads.list,,IyrbbmKv3RE,How To Get AMAZING Entries (My Secret Technique),TradingLab,,
youtube,TradingLab,IyrbbmKv3RE,https://www.youtube.com/watch?v=IyrbbmKv3RE,Ugws_GKluggmQVgosIR4AaABAg.9fLelP3yOKc9fLfByx_pYC,"@annabelle1306 
I agree with you",2022-08-30T08:49:11Z,2026-10-01T13:27:52.936159+00:00,0,0,,665a01de56a5eb1a11a5ad3eff043b765d932c78beb30e1c1611e989bccae329,Ugws_GKluggmQVgosIR4AaABAg,youtube-data-api-v3/commentThreads.list,,IyrbbmKv3RE,How To Get AMAZING Entries (My Secret Technique),TradingLab,,
youtube,TradingLab,IyrbbmKv3RE,https://www.youtube.com/watch?v=IyrbbmKv3RE,Ugws_GKluggmQVgosIR4AaABAg.9fLelP3yOKc9fLf_qBEZrp,@Wimonrat Pisswong Mrs Mirabel is always active with T e l e g r a m 👇,2022-08-30T08:52:35Z,2026-10-01T13:27:52.937148+00:00,0,0,,665a01de56a5eb1a11a5ad3eff043b765d932c78beb30e1c1611e989bccae329,Ugws_GKluggmQVgosIR4AaABAg,youtube-data-api-v3/commentThreads.list,,IyrbbmKv3RE,How To Get AMAZING Entries (My Secret Technique),TradingLab,,
youtube,TradingLab,IyrbbmKv3RE,https://www.youtube.com/watch?v=IyrbbmKv3RE,UgyPTXBQEmSxBasbs_V4AaABAg,"Great content, but man, the videos are distracting. Tough channel for someone with ADHD.😅",2024-02-10T13:29:33Z,2026-10-01T13:27:52.937148+00:00,0,0,,42b926404dd1fb4b560b6bcb2d70f842f7707d44ae5dc45e7090227155bfce3c,,youtube-data-api-v3/commentThreads.list,,IyrbbmKv3RE,How To Get AMAZING Entries (My Secret Technique),TradingLab,,
youtube,TradingLab,IyrbbmKv3RE,https://www.youtube.com/watch?v=IyrbbmKv3RE,Ugw0JkGiYxeEf04oxth4AaABAg,"Can you please increase the number of subscribers on your indicator in the future? Because I want to buy the indicator, but it says that all spots are filled.🥺",2022-08-29T15:03:19Z,2026-10-01T13:27:52.937148+00:00,1,3,,50b6ccc1c4ed4f35bc3b4768f668ffe07efdd4ead0283478e33d2d0eec1ee2d4,,youtube-data-api-v3/commentThreads.list,,IyrbbmKv3RE,How To Get AMAZING Entries (My Secret Technique),TradingLab,,
youtube,TradingLab,IyrbbmKv3RE,https://www.youtube.com/watch?v=IyrbbmKv3RE,Ugw0JkGiYxeEf04oxth4AaABAg.9fJlDKGSmSY9fJnrBwE7qt,@TradingLabOfficial Thank you !!!,2022-08-29T15:26:23Z,2026-10-01T13:27:52.937148+00:00,0,0,,50b6ccc1c4ed4f35bc3b4768f668ffe07efdd4ead0283478e33d2d0eec1ee2d4,Ugw0JkGiYxeEf04oxth4AaABAg,youtube-data-api-v3/commentThreads.list,,IyrbbmKv3RE,How To Get AMAZING Entries (My Secret Technique),TradingLab,,
youtube,TradingLab,IyrbbmKv3RE,https://www.youtube.com/watch?v=IyrbbmKv3RE,Ugw0JkGiYxeEf04oxth4AaABAg.9fJlDKGSmSY9fKzWRWFWOM,Which indicator? I would love to buy it.,2022-08-30T02:27:30Z,2026-10-01T13:27:52.937148+00:00,0,0,,ac3eabdc9c5520ea77a1d8a35909851ee69369d647084ca2a5bc80eea9d7f3c1,Ugw0JkGiYxeEf04oxth4AaABAg,youtube-data-api-v3/commentThreads.list,,IyrbbmKv3RE,How To Get AMAZING Entries (My Secret Technique),TradingLab,,
youtube,TradingLab,IyrbbmKv3RE,https://www.youtube.com/watch?v=IyrbbmKv3RE,UgxpWcTIguQ8BZsrrWt4AaABAg,Mrs Kimberly is legit and her method works like magic I keep on earning every single week with her new strategy,2022-09-01T23:33:42Z,2026-10-01T13:27:52.937148+00:00,2,1,,2d9340bc99a00122bbe3fd9452eb17790351ba324ba92bf109d7fb33ab11244b,,youtube-data-api-v3/commentThreads.list,,IyrbbmKv3RE,How To Get AMAZING Entries (My Secret Technique),TradingLab,,
youtube,TradingLab,IyrbbmKv3RE,https://www.youtube.com/watch?v=IyrbbmKv3RE,UgxpWcTIguQ8BZsrrWt4AaABAg.9fSP00qh5HK9fSXKn-peGZ,Anyone who she handles he's or her trade for I believe is so lucky,2022-09-02T00:46:26Z,2026-10-01T13:27:52.937148+00:00,0,0,,a442bcdb028c9f407560695154fc6afb3132c11d17f17a09a5dbd00c7629ead7,UgxpWcTIguQ8BZsrrWt4AaABAg,youtube-data-api-v3/commentThreads.list,,IyrbbmKv3RE,How To Get AMAZING Entries (My Secret Technique),TradingLab,,
youtube,TradingLab,IyrbbmKv3RE,https://www.youtube.com/watch?v=IyrbbmKv3RE,UgyVcgzrL4x2I3RFIGt4AaABAg,"Drifting into the trading world without the help of a professional trader and expecting profits is like turning water into wine, you would need a miracle, that's why i trade with Samantha Jack, her skills set is exceptional.",2022-09-01T17:40:37Z,2026-10-01T13:27:52.937148+00:00,5,3,,c3f7b780da09f20221ae94c75d62a0bac825208ee80f274ed3c335d38ce328d5,,youtube-data-api-v3/commentThreads.list,,IyrbbmKv3RE,How To Get AMAZING Entries (My Secret Technique),TradingLab,,
youtube,TradingLab,IyrbbmKv3RE,https://www.youtube.com/watch?v=IyrbbmKv3RE,UgyVcgzrL4x2I3RFIGt4AaABAg.9fRlb1VeApw9fRm0MsM1Ox,@Maya Beley you can reach her on Tele,2022-09-01T17:44:13Z,2026-10-01T13:27:52.937148+00:00,0,0,,c3f7b780da09f20221ae94c75d62a0bac825208ee80f274ed3c335d38ce328d5,UgyVcgzrL4x2I3RFIGt4AaABAg,youtube-data-api-v3/commentThreads.list,,IyrbbmKv3RE,How To Get AMAZING Entries (My Secret Technique),TradingLab,,
youtube,TradingLab,IyrbbmKv3RE,https://www.youtube.com/watch?v=IyrbbmKv3RE,UgyVcgzrL4x2I3RFIGt4AaABAg.9fRlb1VeApw9fRm1MJ2wnG,gram with her username,2022-09-01T17:44:21Z,2026-10-01T13:27:52.937148+00:00,0,0,,c3f7b780da09f20221ae94c75d62a0bac825208ee80f274ed3c335d38ce328d5,UgyVcgzrL4x2I3RFIGt4AaABAg,youtube-data-api-v3/commentThreads.list,,IyrbbmKv3RE,How To Get AMAZING Entries (My Secret Technique),TradingLab,,
youtube,TradingLab,IyrbbmKv3RE,https://www.youtube.com/watch?v=IyrbbmKv3RE,UgyVcgzrL4x2I3RFIGt4AaABAg.9fRlb1VeApw9fRm22lDjok,"Investwithsamanthajack,  that's it",2022-09-01T17:44:27Z,2026-10-01T13:27:52.937148+00:00,0,0,,c3f7b780da09f20221ae94c75d62a0bac825208ee80f274ed3c335d38ce328d5,UgyVcgzrL4x2I3RFIGt4AaABAg,youtube-data-api-v3/commentThreads.list,,IyrbbmKv3RE,How To Get AMAZING Entries (My Secret Technique),TradingLab,,
youtube,TradingLab,IyrbbmKv3RE,https://www.youtube.com/watch?v=IyrbbmKv3RE,UgxcsmALExit9GoGR6N4AaABAg,What a childish presentation .,2022-09-02T21:36:43Z,2026-10-01T13:27:52.937148+00:00,1,2,,b8d53cd2d15cfe7605118c518104bf911d3c8266dd4aac8eb225f8bd86553998,,youtube-data-api-v3/commentThreads.list,,IyrbbmKv3RE,How To Get AMAZING Entries (My Secret Technique),TradingLab,,
youtube,TradingLab,IyrbbmKv3RE,https://www.youtube.com/watch?v=IyrbbmKv3RE,UgxcsmALExit9GoGR6N4AaABAg.9fUlQ5DXwLV9qYl1TYGt0X,How lmao? Its minimalistic and keeps the viewer engaged. Id rather this than a bland video in which i just zone out and barely take any info,2023-06-04T20:35:39Z,2026-10-01T13:27:52.937148+00:00,7,0,,f3dd3a701e7db76f1fd50638d495feab9d08f62f9c815ec50fc937fb9747399a,UgxcsmALExit9GoGR6N4AaABAg,youtube-data-api-v3/commentThreads.list,,IyrbbmKv3RE,How To Get AMAZING Entries (My Secret Technique),TradingLab,,
youtube,TradingLab,IyrbbmKv3RE,https://www.youtube.com/watch?v=IyrbbmKv3RE,UgxcsmALExit9GoGR6N4AaABAg.9fUlQ5DXwLV9zlP_qzRGde,@CeoShabbaI agree yes he’s giving the same info as many other YouTubers but I’m taking away more because of the minimalism,2024-01-19T20:31:26Z,2026-10-01T13:27:52.937148+00:00,0,0,,6387d99c45c54c365621a277c526f2255ba67ac906810a7bac243a9190d6aef8,UgxcsmALExit9GoGR6N4AaABAg,youtube-data-api-v3/commentThreads.list,,IyrbbmKv3RE,How To Get AMAZING Entries (My Secret Technique),TradingLab,,
youtube,TradingLab,IyrbbmKv3RE,https://www.youtube.com/watch?v=IyrbbmKv3RE,UgxyoAnyYVpXH0CkzN14AaABAg,how the heel do you sell shares that you don't have??,2024-04-23T10:28:25Z,2026-10-01T13:27:52.937148+00:00,0,0,,85dab6aa23af189191bfcd6258cec1cd252af8044849d1ddf25591d6c587403a,,youtube-data-api-v3/commentThreads.list,,IyrbbmKv3RE,How To Get AMAZING Entries (My Secret Technique),TradingLab,,
youtube,TradingLab,IyrbbmKv3RE,https://www.youtube.com/watch?v=IyrbbmKv3RE,UgxUxlWyo5vq6npGvYN4AaABAg,first,2022-08-29T15:00:17Z,2026-10-01T13:27:52.937148+00:00,0,0,,51e594b4557ea4686f4d4ad6925cc47603725d6e6be767c7dd9f6e340af27257,,youtube-data-api-v3/commentThreads.list,,IyrbbmKv3RE,How To Get AMAZING Entries (My Secret Technique),TradingLab,,
youtube,Solomon King,4tFcM7NcefU,https://www.youtube.com/watch?v=4tFcM7NcefU,UgwO1KLTQn__n1Ayd_F4AaABAg,Protect this man at all cost,2024-09-12T12:33:48Z,2026-10-01T13:27:53.941621+00:00,134,4,,09d57aaa39a378a4ada4d86d105ca0e448242e469a4438e153e3f48bfdfae8fd,,youtube-data-api-v3/commentThreads.list,,4tFcM7NcefU,Entry Confirmation,Solomon King,,
youtube,Solomon King,4tFcM7NcefU,https://www.youtube.com/watch?v=4tFcM7NcefU,UgwO1KLTQn__n1Ayd_F4AaABAg.A8HoJyGUnBrAFvk2k2YNAn,Why 😂😂😂,2025-03-21T09:45:07Z,2026-10-01T13:27:53.941621+00:00,3,0,,ed4867c6bf9a6c14671601524e59ca9c825aa210e54bb255c427e69a81c1b280,UgwO1KLTQn__n1Ayd_F4AaABAg,youtube-data-api-v3/commentThreads.list,,4tFcM7NcefU,Entry Confirmation,Solomon King,,
youtube,Solomon King,4tFcM7NcefU,https://www.youtube.com/watch?v=4tFcM7NcefU,UgwO1KLTQn__n1Ayd_F4AaABAg.A8HoJyGUnBrAKMoE3hrgSr,😂😂😂 lol,2025-07-09T17:25:55Z,2026-10-01T13:27:53.941621+00:00,1,0,,ce2f469c998f5eba4ff95b30dc337caed3b79128cbc2318e975b01624ec07e4d,UgwO1KLTQn__n1Ayd_F4AaABAg,youtube-data-api-v3/commentThreads.list,,4tFcM7NcefU,Entry Confirmation,Solomon King,,
youtube,Solomon King,4tFcM7NcefU,https://www.youtube.com/watch?v=4tFcM7NcefU,UgwO1KLTQn__n1Ayd_F4AaABAg.A8HoJyGUnBrAN06N3HXll_,😄👌,2025-09-13T11:24:49Z,2026-10-01T13:27:53.941621+00:00,1,0,,d02357f1e9138a18bb1306997c1ba07fbab35c4597efd4c0633568d14a1204f4,UgwO1KLTQn__n1Ayd_F4AaABAg,youtube-data-api-v3/commentThreads.list,,4tFcM7NcefU,Entry Confirmation,Solomon King,,
youtube,Solomon King,4tFcM7NcefU,https://www.youtube.com/watch?v=4tFcM7NcefU,UgwO1KLTQn__n1Ayd_F4AaABAg.A8HoJyGUnBrAQOmB9WzoCU,"Because he got the potentials and ability to be protected at all cost, if only you have an eagle s 🦅 eyes 👁️👀",2025-12-06T14:54:54Z,2026-10-01T13:27:53.941621+00:00,3,0,,c283acabc8926b9c39f09a9c6e0541e71a471d6e94d6286d67f5c57de3fd57b1,UgwO1KLTQn__n1Ayd_F4AaABAg,youtube-data-api-v3/commentThreads.list,,4tFcM7NcefU,Entry Confirmation,Solomon King,,
youtube,Solomon King,4tFcM7NcefU,https://www.youtube.com/watch?v=4tFcM7NcefU,UgzhhCwznxIA5_Hn4q54AaABAg,That  inverted hammer at PoI is a strong confirmation,2026-07-26T14:57:33Z,2026-10-01T13:27:53.941621+00:00,5,0,,6594223ee995df3cf99a52081936671dce85736d5ee0abf5b735452a9ac9d4f0,,youtube-data-api-v3/commentThreads.list,,4tFcM7NcefU,Entry Confirmation,Solomon King,,
youtube,Solomon King,4tFcM7NcefU,https://www.youtube.com/watch?v=4tFcM7NcefU,Ugz6bypWsyIobkDuWuh4AaABAg,This type of explanation is so good 👍,2024-09-17T20:06:09Z,2026-10-01T13:27:53.941621+00:00,46,1,,c449b1be2e785c7798b20bbbc3d6e22a3d226ba8822e1fa73e0c0fd691d6e500,,youtube-data-api-v3/commentThreads.list,,4tFcM7NcefU,Entry Confirmation,Solomon King,,
youtube,Solomon King,4tFcM7NcefU,https://www.youtube.com/watch?v=4tFcM7NcefU,Ugz6bypWsyIobkDuWuh4AaABAg.A8VV3YQVSVCAXU0a8oc-Vf,"Except that youtube trader influencers always show trades that has gone well for them. 
It's very easy to sound smart in hind sight.",2026-05-31T15:25:28Z,2026-10-01T13:27:53.941621+00:00,0,0,,4f5d4fa659c76fc624bc89cca5f2f2df14518412002dcba1e1aeeffbea9f0795,Ugz6bypWsyIobkDuWuh4AaABAg,youtube-data-api-v3/commentThreads.list,,4tFcM7NcefU,Entry Confirmation,Solomon King,,
youtube,Solomon King,4tFcM7NcefU,https://www.youtube.com/watch?v=4tFcM7NcefU,UgyxEawZfr8C8hqw2GF4AaABAg,This man dropping fire 🔥,2025-03-22T18:56:12Z,2026-10-01T13:27:53.941621+00:00,20,0,,835e0d043bce3bd66bdb52d27da8f5590ecf514261119c71cdbf1e2ec72c8c6f,,youtube-data-api-v3/commentThreads.list,,4tFcM7NcefU,Entry Confirmation,Solomon King,,
youtube,Solomon King,4tFcM7NcefU,https://www.youtube.com/watch?v=4tFcM7NcefU,UgzhrE48O3eTLj-wH3N4AaABAg,A basic and usrful theory,2024-09-13T01:48:29Z,2026-10-01T13:27:53.941621+00:00,12,0,,99e162b2610b23ff3e736a9a1891af74c9c2a1a281105ed8d293a5d8549715be,,youtube-data-api-v3/commentThreads.list,,4tFcM7NcefU,Entry Confirmation,Solomon King,,
youtube,Solomon King,4tFcM7NcefU,https://www.youtube.com/watch?v=4tFcM7NcefU,UgxrmZF6l_fya2zJ4fN4AaABAg,+the liquidity sweep above that previous high🎉,2025-11-19T17:10:59Z,2026-10-01T13:27:53.941621+00:00,2,0,,24e0d980f0a2559d4276b32ea23ebdd5ac57e41c579b73b7720dd18602b2e175,,youtube-data-api-v3/commentThreads.list,,4tFcM7NcefU,Entry Confirmation,Solomon King,,
youtube,Solomon King,4tFcM7NcefU,https://www.youtube.com/watch?v=4tFcM7NcefU,Ugz_H3YgS5k_ejofoZR4AaABAg,Thank you and thank you very much for taking time to educate us in fx. I appreciate. Much respect sir.,2026-02-07T11:29:31Z,2026-10-01T13:27:53.941621+00:00,1,0,,425d1ad6cb6933aca0b89257c94dcaeb72066d4aa006eaa5c3f2d9db122ffb93,,youtube-data-api-v3/commentThreads.list,,4tFcM7NcefU,Entry Confirmation,Solomon King,,
youtube,Solomon King,4tFcM7NcefU,https://www.youtube.com/watch?v=4tFcM7NcefU,UgzbMPATri9dhUpA7QZ4AaABAg,Without this man I would have given up..,2026-02-19T16:20:40Z,2026-10-01T13:27:53.941621+00:00,2,1,,c3a6729d3ea2a016e2af202094dca66286cca0795956494e8a19528f8828bb2c,,youtube-data-api-v3/commentThreads.list,,4tFcM7NcefU,Entry Confirmation,Solomon King,,
youtube,Solomon King,4tFcM7NcefU,https://www.youtube.com/watch?v=4tFcM7NcefU,UgzbMPATri9dhUpA7QZ4AaABAg.ATQ2c0PmHfZAVmPUs4YuOC,I hope you didn't later give up,2026-04-19T11:05:51Z,2026-10-01T13:27:53.941621+00:00,1,0,,198ce39562f4779255a3f16b80dc6c931b61241591b83618d11e06bcd7864231,UgzbMPATri9dhUpA7QZ4AaABAg,youtube-data-api-v3/commentThreads.list,,4tFcM7NcefU,Entry Confirmation,Solomon King,,
youtube,Solomon King,4tFcM7NcefU,https://www.youtube.com/watch?v=4tFcM7NcefU,UgwUYZHbV1t_d3v98eZ4AaABAg,"Thank you for sense Mr King.
Your name is Heavenly 🙏",2025-07-18T01:38:50Z,2026-10-01T13:27:53.941621+00:00,2,0,,c7425bd71faacfb69871438889c3627c6ac72ae2fc2bc69a7b51b92755ccc985,,youtube-data-api-v3/commentThreads.list,,4tFcM7NcefU,Entry Confirmation,Solomon King,,
youtube,Solomon King,4tFcM7NcefU,https://www.youtube.com/watch?v=4tFcM7NcefU,UgwrOGVsYclKgxVaAdN4AaABAg,So understanding 🎉,2024-09-12T15:54:27Z,2026-10-01T13:27:53.941621+00:00,10,0,,70a947f78d4928b36eb60e559c5624f2d9854bbe95dfebeb1f26358ac613e308,,youtube-data-api-v3/commentThreads.list,,4tFcM7NcefU,Entry Confirmation,Solomon King,,
youtube,Solomon King,4tFcM7NcefU,https://www.youtube.com/watch?v=4tFcM7NcefU,Ugy2tTZMcJPaQKLBnM14AaABAg,This is a very good Teacher 💯 clean explanation I respect you 📈✅,2026-08-22T15:46:36Z,2026-10-01T13:27:53.941621+00:00,0,0,,f0987059493a07034891bd4f85d2824fdbe413c69b5856b7f163b4de2ec11d3d,,youtube-data-api-v3/commentThreads.list,,4tFcM7NcefU,Entry Confirmation,Solomon King,,
youtube,Solomon King,4tFcM7NcefU,https://www.youtube.com/watch?v=4tFcM7NcefU,UgzHAjc0z2FWVvrpM_N4AaABAg,3AM. I have a similar setup on 5min but just need an extra confirmation instead of entering and waiting. Now I can go on 1min and confirm. Thanks my man,2025-06-14T02:20:35Z,2026-10-01T13:27:53.941621+00:00,0,0,,aab8638d995c6c5a66436ad24f4b3ca747ff4d0084223a9201b8cfea1cbe2325,,youtube-data-api-v3/commentThreads.list,,4tFcM7NcefU,Entry Confirmation,Solomon King,,
youtube,Solomon King,4tFcM7NcefU,https://www.youtube.com/watch?v=4tFcM7NcefU,Ugy_HA0leEY8LqSBI2h4AaABAg,Simple and straight-to-the-point explanation 👍,2026-08-23T18:36:18Z,2026-10-01T13:27:53.941621+00:00,0,0,,c198bbe0a05ad48334380c5709e88b8f508a0b457df411762712e98bc92482cc,,youtube-data-api-v3/commentThreads.list,,4tFcM7NcefU,Entry Confirmation,Solomon King,,
youtube,Solomon King,4tFcM7NcefU,https://www.youtube.com/watch?v=4tFcM7NcefU,UgyDIhCdjXf4Z7rYeTZ4AaABAg,You’re smart in this game boss,2025-04-15T20:14:42Z,2026-10-01T13:27:53.941621+00:00,13,0,,4d8ccb7eabc4b3d8f8de693af9e5f927db7e5ae24fe5ca4d1ccfc5fea1d3282b,,youtube-data-api-v3/commentThreads.list,,4tFcM7NcefU,Entry Confirmation,Solomon King,,
youtube,Solomon King,4tFcM7NcefU,https://www.youtube.com/watch?v=4tFcM7NcefU,UgwNilZLqZi5IAApc8d4AaABAg,This is what i was searching from last 5 days 😭😭,2026-03-17T07:54:36Z,2026-10-01T13:27:53.941621+00:00,0,0,,054c241128c6f709ab466a7f639638c1dd74f6066f515266f1b9ea9620478849,,youtube-data-api-v3/commentThreads.list,,4tFcM7NcefU,Entry Confirmation,Solomon King,,
youtube,Solomon King,4tFcM7NcefU,https://www.youtube.com/watch?v=4tFcM7NcefU,UgxSrkp3B2HmDFP1KxF4AaABAg,God bless all mentors helping us with good tips ❤❤❤,2025-04-01T12:43:30Z,2026-10-01T13:27:53.941621+00:00,29,0,,b45c62304c1354f31b46fd05c3e705b6ffc648a577f658a0b2a69e9d58127726,,youtube-data-api-v3/commentThreads.list,,4tFcM7NcefU,Entry Confirmation,Solomon King,,
youtube,Solomon King,4tFcM7NcefU,https://www.youtube.com/watch?v=4tFcM7NcefU,Ugwim6cntqGepCuV8Q54AaABAg,You explaining is so good bro keep it up God bless you,2026-07-05T12:03:32Z,2026-10-01T13:27:53.941621+00:00,0,0,,a1589d5fe33dd92111369492a870ec387ce8446606b547bc174c601f9bb62921,,youtube-data-api-v3/commentThreads.list,,4tFcM7NcefU,Entry Confirmation,Solomon King,,
youtube,Solomon King,4tFcM7NcefU,https://www.youtube.com/watch?v=4tFcM7NcefU,Ugy2gCXwfQGQUeCBZSZ4AaABAg,I really needed to see this!,2025-03-06T14:55:07Z,2026-10-01T13:27:53.941621+00:00,1,0,,1417eaf27ed230b9120e1974fe70d1be0e1aa307129146ac5fa101b13fee6a3b,,youtube-data-api-v3/commentThreads.list,,4tFcM7NcefU,Entry Confirmation,Solomon King,,
youtube,Solomon King,4tFcM7NcefU,https://www.youtube.com/watch?v=4tFcM7NcefU,Ugxn9V4VUYq5R8TlgQR4AaABAg,Im not sure bro do analysis on any hourly time frame,2025-02-21T20:19:37Z,2026-10-01T13:27:53.941621+00:00,5,0,,e95ce7c8bd420e6ef6f16d982af3a2b28d9e81cb5cd4933dc32764a1d38d9f66,,youtube-data-api-v3/commentThreads.list,,4tFcM7NcefU,Entry Confirmation,Solomon King,,
youtube,Solomon King,4tFcM7NcefU,https://www.youtube.com/watch?v=4tFcM7NcefU,UgwZyCH3FPlQdIfwn1F4AaABAg,Well executed. To the point 🔥,2026-08-29T00:40:22Z,2026-10-01T13:27:53.941621+00:00,0,0,,4703ba4464a8f994e4e2e9b97efb042e9bda026c71d46e133119c5c03fd39a80,,youtube-data-api-v3/commentThreads.list,,4tFcM7NcefU,Entry Confirmation,Solomon King,,
youtube,Solomon King,4tFcM7NcefU,https://www.youtube.com/watch?v=4tFcM7NcefU,Ugx9YC3NcesvfVWReWF4AaABAg,This is the best I'm using this😊,2025-06-29T18:46:21Z,2026-10-01T13:27:53.941621+00:00,4,0,,775ba628e274222dad4a5c365c2047091867867f18fe6775e9ffce9c46f2ce22,,youtube-data-api-v3/commentThreads.list,,4tFcM7NcefU,Entry Confirmation,Solomon King,,
youtube,Solomon King,4tFcM7NcefU,https://www.youtube.com/watch?v=4tFcM7NcefU,Ugxjxu83iKgTbErkUZJ4AaABAg,I've been trading independently for the past six months but have been <experiencing losses. Can anyone offer guidance on how to achieve profitability?,2026-08-16T00:18:55Z,2026-10-01T13:27:53.941621+00:00,28,13,,f0bec1e798a6381b2b3d3f49a339627c9c9949cdae597e7ed883e9f33e2034eb,,youtube-data-api-v3/commentThreads.list,,4tFcM7NcefU,Entry Confirmation,Solomon King,,
youtube,Solomon King,4tFcM7NcefU,https://www.youtube.com/watch?v=4tFcM7NcefU,Ugxjxu83iKgTbErkUZJ4AaABAg.A_Yf2iCjGo-A_Yf9nGAw_0,"I traded in frustration for a long time, not because I didn’t try, but because I had no real structure. Things only shifted when I learned from someone who understood the market’s rhythm. I stopped panicking and started trading with intention. And honestly, the real win wasn’t the profit, it was finally learning to stay steady even when the charts weren’t.",2026-08-16T00:19:53Z,2026-10-01T13:27:53.941621+00:00,0,0,,700ab9756475fd9e0db7157544e3f370914e9f8fa53155d7b29137bf2adc99de,Ugxjxu83iKgTbErkUZJ4AaABAg,youtube-data-api-v3/commentThreads.list,,4tFcM7NcefU,Entry Confirmation,Solomon King,,
youtube,Solomon King,4tFcM7NcefU,https://www.youtube.com/watch?v=4tFcM7NcefU,Ugxjxu83iKgTbErkUZJ4AaABAg.A_Yf2iCjGo-A_YfAS4gmp7,Nice ones! sounds like you've been moving solid lately. Do you use any specific approach or do you just follow market vibes?,2026-08-16T00:19:58Z,2026-10-01T13:27:53.941621+00:00,0,0,,f0bec1e798a6381b2b3d3f49a339627c9c9949cdae597e7ed883e9f33e2034eb,Ugxjxu83iKgTbErkUZJ4AaABAg,youtube-data-api-v3/commentThreads.list,,4tFcM7NcefU,Entry Confirmation,Solomon King,,
youtube,Solomon King,4tFcM7NcefU,https://www.youtube.com/watch?v=4tFcM7NcefU,Ugxjxu83iKgTbErkUZJ4AaABAg.A_Yf2iCjGo-A_YfB1FvArc,"For me it was Gery Wes, He runs a program where you actually trade alongside him live. No fluff, no recycled videos, just real trades and real time explanations. Way different than watching someone circle candles after the fact",2026-08-16T00:20:03Z,2026-10-01T13:27:53.941621+00:00,0,0,,700ab9756475fd9e0db7157544e3f370914e9f8fa53155d7b29137bf2adc99de,Ugxjxu83iKgTbErkUZJ4AaABAg,youtube-data-api-v3/commentThreads.list,,4tFcM7NcefU,Entry Confirmation,Solomon King,,
youtube,Solomon King,4tFcM7NcefU,https://www.youtube.com/watch?v=4tFcM7NcefU,Ugxjxu83iKgTbErkUZJ4AaABAg.A_Yf2iCjGo-A_YfESSRW6m,wow u know him too? Small world. Gery honestly played a big role in helping me <<and my family get on track.,2026-08-16T00:20:31Z,2026-10-01T13:27:53.941621+00:00,0,0,,4ea8f7dae6a8b0563dc836fb6bf1eb8ab4fa0458ff42b39eb8bc0eba67e9a85c,Ugxjxu83iKgTbErkUZJ4AaABAg,youtube-data-api-v3/commentThreads.list,,4tFcM7NcefU,Entry Confirmation,Solomon King,,
youtube,Solomon King,4tFcM7NcefU,https://www.youtube.com/watch?v=4tFcM7NcefU,Ugxjxu83iKgTbErkUZJ4AaABAg.A_Yf2iCjGo-A_YfG5IBhrK,"Yes, I know him. I actually followed his signals, and that experience really changed how I trade.",2026-08-16T00:20:45Z,2026-10-01T13:27:53.941621+00:00,0,0,,700ab9756475fd9e0db7157544e3f370914e9f8fa53155d7b29137bf2adc99de,Ugxjxu83iKgTbErkUZJ4AaABAg,youtube-data-api-v3/commentThreads.list,,4tFcM7NcefU,Entry Confirmation,Solomon King,,
youtube,Solomon King,4tFcM7NcefU,https://www.youtube.com/watch?v=4tFcM7NcefU,UgyjefR3-X1UHsiGRX54AaABAg,Thank you Sir,2024-09-12T11:58:30Z,2026-10-01T13:27:53.941621+00:00,5,0,,725a86731be811836bdf4242130a33f1a50597bcbdd82e57fe6cd0d185a0397f,,youtube-data-api-v3/commentThreads.list,,4tFcM7NcefU,Entry Confirmation,Solomon King,,
youtube,Solomon King,4tFcM7NcefU,https://www.youtube.com/watch?v=4tFcM7NcefU,UgwQozs_qums2OJRJ0J4AaABAg,Thank you sir,2024-09-12T11:13:31Z,2026-10-01T13:27:53.941621+00:00,5,0,,bc2948da1387c0c408b26793369dcf8af9ee76565c12065a8b56c9648ee872c0,,youtube-data-api-v3/commentThreads.list,,4tFcM7NcefU,Entry Confirmation,Solomon King,,
youtube,Solomon King,4tFcM7NcefU,https://www.youtube.com/watch?v=4tFcM7NcefU,Ugwn7k2ROMQkYE2h0_Z4AaABAg,merci bien . la seul video que je cherchais depuis,2026-08-26T12:02:25Z,2026-10-01T13:27:53.941621+00:00,0,0,,0c7716847211548072aad13a9b46a6a1bf0994683faa9eec93981d6e34e11d01,,youtube-data-api-v3/commentThreads.list,,4tFcM7NcefU,Entry Confirmation,Solomon King,,
youtube,Solomon King,4tFcM7NcefU,https://www.youtube.com/watch?v=4tFcM7NcefU,UgwMqCXGCE746Nf-aH54AaABAg,But there was no displacement in the MSS.,2025-03-01T04:19:58Z,2026-10-01T13:27:53.941621+00:00,2,0,,da055f16652f2fb1ed6a48d9bcdc2d517da1f4095a8007400627cd771268fa69,,youtube-data-api-v3/commentThreads.list,,4tFcM7NcefU,Entry Confirmation,Solomon King,,
youtube,Solomon King,4tFcM7NcefU,https://www.youtube.com/watch?v=4tFcM7NcefU,Ugxd8qVpNkQ4MIi40694AaABAg,"I luv your teaching 
I have been hustling to join the mentor ship",2026-03-22T12:46:05Z,2026-10-01T13:27:53.941621+00:00,0,0,,33dbfb02e4fe03528a35bd656e89a084124e47be1f114dc462a2d3327c9662b0,,youtube-data-api-v3/commentThreads.list,,4tFcM7NcefU,Entry Confirmation,Solomon King,,
youtube,Solomon King,4tFcM7NcefU,https://www.youtube.com/watch?v=4tFcM7NcefU,Ugx8b0Ff5itsML2NHUR4AaABAg,bro sound like bruce lee,2025-11-15T01:56:53Z,2026-10-01T13:27:53.941621+00:00,1,0,,611c910fe40d2c7a7cf1b8c6817d91aa32e1b348ef275530fc59e3b2d0eba43e,,youtube-data-api-v3/commentThreads.list,,4tFcM7NcefU,Entry Confirmation,Solomon King,,
youtube,Solomon King,4tFcM7NcefU,https://www.youtube.com/watch?v=4tFcM7NcefU,Ugyfvv9fnajAvvNhdo14AaABAg,MAAANNNNNNNNNNN lol why ur video popped up right as im backtesting and look at that . thanks,2026-05-21T08:06:47Z,2026-10-01T13:27:53.941621+00:00,0,0,,b58567715e54f916544c6a4f879dc758f666ceec014818140af747d62cfe8d7c,,youtube-data-api-v3/commentThreads.list,,4tFcM7NcefU,Entry Confirmation,Solomon King,,
youtube,Solomon King,4tFcM7NcefU,https://www.youtube.com/watch?v=4tFcM7NcefU,Ugy9PtWk6JwOKZTYBJN4AaABAg,Nailed it📌💯,2024-09-16T20:44:03Z,2026-10-01T13:27:53.941621+00:00,0,0,,e4c3f31a44b069c252f33f1014ea504ce0611962772109e4d63f61baf423f4b4,,youtube-data-api-v3/commentThreads.list,,4tFcM7NcefU,Entry Confirmation,Solomon King,,
youtube,Solomon King,4tFcM7NcefU,https://www.youtube.com/watch?v=4tFcM7NcefU,Ugz1YACAlWYIqAbwyZd4AaABAg,"I love you sir, but at times when I see it I take it for liquid it swept me twice. I'm new in the game. But I'm seeing my mistake and over learning on from it.",2025-05-29T15:58:13Z,2026-10-01T13:27:53.941621+00:00,1,0,,e6d94d6dcd9739c858ecd71ff57db277773ffe45e81b478b756cd91a30e20dc3,,youtube-data-api-v3/commentThreads.list,,4tFcM7NcefU,Entry Confirmation,Solomon King,,
youtube,Solomon King,4tFcM7NcefU,https://www.youtube.com/watch?v=4tFcM7NcefU,UgzHque3bZVR-prU-9p4AaABAg,Good analysis 😊❤,2025-12-18T05:52:37Z,2026-10-01T13:27:53.941621+00:00,0,0,,002b47512d82e88c151e5e94863564faea74afc4f04c687d4b7ec7a9e4fdfdf2,,youtube-data-api-v3/commentThreads.list,,4tFcM7NcefU,Entry Confirmation,Solomon King,,
youtube,Solomon King,4tFcM7NcefU,https://www.youtube.com/watch?v=4tFcM7NcefU,Ugz7pd4pF59R6hwgg_R4AaABAg,Thank you Solomon 🎉,2025-04-28T21:15:25Z,2026-10-01T13:27:53.941621+00:00,1,0,,3f868c3ab562f93d9561b9d3be4881ae0659dfdec8d7e1646dc0a4c6ee34f0fe,,youtube-data-api-v3/commentThreads.list,,4tFcM7NcefU,Entry Confirmation,Solomon King,,
youtube,Solomon King,4tFcM7NcefU,https://www.youtube.com/watch?v=4tFcM7NcefU,Ugxi6g_eMJt7atRdn_94AaABAg,God bless u sir,2025-03-03T23:43:45Z,2026-10-01T13:27:53.941621+00:00,0,0,,046f921b79b3dc39fc6ce89cb4a884813646351f6c04d98f94d596595a2f4b12,,youtube-data-api-v3/commentThreads.list,,4tFcM7NcefU,Entry Confirmation,Solomon King,,
youtube,Solomon King,4tFcM7NcefU,https://www.youtube.com/watch?v=4tFcM7NcefU,UgwTcfckGbbeS7DEEEh4AaABAg,Looks like that OB shda been your POI?,2025-02-26T20:11:01Z,2026-10-01T13:27:53.941621+00:00,8,2,,1cdde1464f3906bf2f3c92921c4728f2c67e92b3758f3b5d249b73b99ed48985,,youtube-data-api-v3/commentThreads.list,,4tFcM7NcefU,Entry Confirmation,Solomon King,,
youtube,Solomon King,4tFcM7NcefU,https://www.youtube.com/watch?v=4tFcM7NcefU,UgwTcfckGbbeS7DEEEh4AaABAg.AF0dOy5L3JTAFhe2xXBfNP,Exactly,2025-03-15T22:23:21Z,2026-10-01T13:27:53.941621+00:00,3,0,,d4f1ea0138212f98a546428c072ef01e4509ddf2d96d9e048405a3becf359f0d,UgwTcfckGbbeS7DEEEh4AaABAg,youtube-data-api-v3/commentThreads.list,,4tFcM7NcefU,Entry Confirmation,Solomon King,,
youtube,Solomon King,4tFcM7NcefU,https://www.youtube.com/watch?v=4tFcM7NcefU,UgwTcfckGbbeS7DEEEh4AaABAg.AF0dOy5L3JTANWFFMf-5-X,"Why? There’s a FVG there.
Market Hierarchy Respects FVGs before OBs",2025-09-25T22:58:07Z,2026-10-01T13:27:53.941621+00:00,1,0,,606b059787ec4858068f51a10b2d5a09b7667cde3975664864066a0d543fcf65,UgwTcfckGbbeS7DEEEh4AaABAg,youtube-data-api-v3/commentThreads.list,,4tFcM7NcefU,Entry Confirmation,Solomon King,,
youtube,Solomon King,4tFcM7NcefU,https://www.youtube.com/watch?v=4tFcM7NcefU,UgwvtJyhOj6Bt3M7jyl4AaABAg,I really need to understand how to reach this charts 🥺 this is my biggest problem I don't know how to read the chart,2025-08-15T10:32:52Z,2026-10-01T13:27:53.941621+00:00,3,3,,1f7b9a009bd3f0209cbac13ab2077d173d5308a448889b116f5e90075d4eac00,,youtube-data-api-v3/commentThreads.list,,4tFcM7NcefU,Entry Confirmation,Solomon King,,
youtube,Solomon King,4tFcM7NcefU,https://www.youtube.com/watch?v=4tFcM7NcefU,UgwvtJyhOj6Bt3M7jyl4AaABAg.ALqLNATtrgAAOMYucYwaAf,Me too,2025-10-17T01:08:54Z,2026-10-01T13:27:53.941621+00:00,0,0,,732cb0754ebce879aea0b6abf1e715c1f6f9dc44662d9fb1a5663902dc4a425e,UgwvtJyhOj6Bt3M7jyl4AaABAg,youtube-data-api-v3/commentThreads.list,,4tFcM7NcefU,Entry Confirmation,Solomon King,,
youtube,Solomon King,4tFcM7NcefU,https://www.youtube.com/watch?v=4tFcM7NcefU,UgwvtJyhOj6Bt3M7jyl4AaABAg.ALqLNATtrgAAQP2ors-csA,@sadeeq_ahmad buy a forex curse and learn dont invest any money untill u can make concistent profit,2025-12-06T17:29:00Z,2026-10-01T13:27:53.941621+00:00,0,0,,3bc0bbc995f65442bf75a66c5448e70455037db3f1f731ca617e2386deb6f827,UgwvtJyhOj6Bt3M7jyl4AaABAg,youtube-data-api-v3/commentThreads.list,,4tFcM7NcefU,Entry Confirmation,Solomon King,,
youtube,Solomon King,4tFcM7NcefU,https://www.youtube.com/watch?v=4tFcM7NcefU,UgwvtJyhOj6Bt3M7jyl4AaABAg.ALqLNATtrgAAQP32357ZcN,"unins a demo account i am a good trader but i still make silly mistakes and den beat my self up 
take time to learn start of by knowing candle sticks",2025-12-06T17:30:56Z,2026-10-01T13:27:53.941621+00:00,0,0,,3bc0bbc995f65442bf75a66c5448e70455037db3f1f731ca617e2386deb6f827,UgwvtJyhOj6Bt3M7jyl4AaABAg,youtube-data-api-v3/commentThreads.list,,4tFcM7NcefU,Entry Confirmation,Solomon King,,
youtube,Solomon King,4tFcM7NcefU,https://www.youtube.com/watch?v=4tFcM7NcefU,Ugy_Aiiwg3zFGiBO1K94AaABAg,Thank you Sol,2025-08-22T15:59:11Z,2026-10-01T13:27:53.941621+00:00,1,0,,2daf00a451ff3d42ba35039d96bdbf6c6170ed5104de2dc39c970f3641ab357e,,youtube-data-api-v3/commentThreads.list,,4tFcM7NcefU,Entry Confirmation,Solomon King,,
youtube,Solomon King,4tFcM7NcefU,https://www.youtube.com/watch?v=4tFcM7NcefU,UgzPM1NYOFKmDdTduOp4AaABAg,please on your next video which confirmation works perfect on synthetic index,2025-12-30T11:58:21Z,2026-10-01T13:27:53.941621+00:00,0,0,,ff75e37744772d72137286778a2626de0a044e5fcb9fb35f7355102313fcfa57,,youtube-data-api-v3/commentThreads.list,,4tFcM7NcefU,Entry Confirmation,Solomon King,,
youtube,Solomon King,4tFcM7NcefU,https://www.youtube.com/watch?v=4tFcM7NcefU,UgwDvRgiGOYihfCy5cd4AaABAg,I miss you sir,2024-09-17T07:18:25Z,2026-10-01T13:27:53.941621+00:00,1,0,,96546149a56a3877d2e9793efbd003423a98170d3ee8e973abe58ecf806a1b26,,youtube-data-api-v3/commentThreads.list,,4tFcM7NcefU,Entry Confirmation,Solomon King,,
youtube,Solomon King,4tFcM7NcefU,https://www.youtube.com/watch?v=4tFcM7NcefU,Ugwl_zfdlWlJstsiGBJ4AaABAg,"Just made this mistake right now and ,am about to get a margin call from my broker,and coincidentally just stormed on this short😢😢😢😢,how I wish I saw this earlier",2025-08-07T08:48:50Z,2026-10-01T13:27:53.941621+00:00,11,0,,6047fe5467d0316765efee3d70edc25030ce126f3eb9e7d3d00d4b4fa9f20fae,,youtube-data-api-v3/commentThreads.list,,4tFcM7NcefU,Entry Confirmation,Solomon King,,
youtube,Solomon King,4tFcM7NcefU,https://www.youtube.com/watch?v=4tFcM7NcefU,UgwXOEC_XqxqXq4r4gZ4AaABAg,I thought it's gonna be 1 minutes time frame,2025-07-15T16:43:56Z,2026-10-01T13:27:53.941621+00:00,0,0,,313e0d075782aadd70316179d7692e6bdcf2b5d17c8774e7535d2bb529afdca8,,youtube-data-api-v3/commentThreads.list,,4tFcM7NcefU,Entry Confirmation,Solomon King,,
youtube,Solomon King,4tFcM7NcefU,https://www.youtube.com/watch?v=4tFcM7NcefU,Ugx14bujL9Gcmjf165x4AaABAg,now how can I be certain of my point of interest,2026-01-09T17:14:00Z,2026-10-01T13:27:53.941621+00:00,0,0,,42c018da0976d1e3883557c51f20cfc3ae9ca2247a27a1516f8fce1e187a8acc,,youtube-data-api-v3/commentThreads.list,,4tFcM7NcefU,Entry Confirmation,Solomon King,,
youtube,Solomon King,4tFcM7NcefU,https://www.youtube.com/watch?v=4tFcM7NcefU,UgxdFinbZ3QsKsIWTUJ4AaABAg,It looks like you missed the trade. It didn't come back to tap your entry.,2024-09-15T21:24:25Z,2026-10-01T13:27:53.941621+00:00,2,1,,7d755c06f2c48c613b1bdd885afe7db3755beafb18c236fba781a16a3dcda187,,youtube-data-api-v3/commentThreads.list,,4tFcM7NcefU,Entry Confirmation,Solomon King,,
youtube,Solomon King,4tFcM7NcefU,https://www.youtube.com/watch?v=4tFcM7NcefU,UgxdFinbZ3QsKsIWTUJ4AaABAg.A8QUQxkYipEAILEkBVR-kV,Je partage le même avis que vous. On dirait que le marché n'est pas rentré dans la zone mais plutôt elle a coulé sans réagir,2025-05-20T09:45:06Z,2026-10-01T13:27:53.941621+00:00,0,0,,7c81e0350245a8c68e4ab3e82c77adc7b0259d67557bfa188090bcf35622df9a,UgxdFinbZ3QsKsIWTUJ4AaABAg,youtube-data-api-v3/commentThreads.list,,4tFcM7NcefU,Entry Confirmation,Solomon King,,
youtube,Solomon King,4tFcM7NcefU,https://www.youtube.com/watch?v=4tFcM7NcefU,Ugzl5DpkXPuyq8G732p4AaABAg,Thanks ❤❤,2025-07-10T19:15:31Z,2026-10-01T13:27:53.941621+00:00,1,0,,9b346e4c811e68eec4a869bafa73aa0d98ce0e6cb9ef1a5017629d87af69a643,,youtube-data-api-v3/commentThreads.list,,4tFcM7NcefU,Entry Confirmation,Solomon King,,
youtube,Solomon King,4tFcM7NcefU,https://www.youtube.com/watch?v=4tFcM7NcefU,UgwSa5jjj7_lcHBuuFB4AaABAg,Can you do it live instead on training view,2025-11-20T06:22:46Z,2026-10-01T13:27:53.941621+00:00,0,0,,34b9b1992991c836f0a0ed6d631c24cd88f0f544c3b0cf06811bcef55d0491a3,,youtube-data-api-v3/commentThreads.list,,4tFcM7NcefU,Entry Confirmation,Solomon King,,
youtube,Solomon King,4tFcM7NcefU,https://www.youtube.com/watch?v=4tFcM7NcefU,Ugy-RFyKp5E-YF1jWZ54AaABAg,yes conformation is everything...most of us fail because of this simple reason,2024-09-23T11:23:36Z,2026-10-01T13:27:53.941621+00:00,4,0,,e6eefce95bb3ace030c1216a16f254609bae4b55bd7ac9fe06665fec29b0f550,,youtube-data-api-v3/commentThreads.list,,4tFcM7NcefU,Entry Confirmation,Solomon King,,
youtube,Solomon King,4tFcM7NcefU,https://www.youtube.com/watch?v=4tFcM7NcefU,UgxyZ5tYb5yGs5xYhP54AaABAg,Thanks 🙏,2024-09-12T12:32:58Z,2026-10-01T13:27:53.941621+00:00,0,0,,4646f017357e46542004e00716aaeb2bb8d340c2488fd3ef265b6e818bbf53e5,,youtube-data-api-v3/commentThreads.list,,4tFcM7NcefU,Entry Confirmation,Solomon King,,
youtube,Solomon King,4tFcM7NcefU,https://www.youtube.com/watch?v=4tFcM7NcefU,UgyY6VdAd54NayrVord4AaABAg,Price did not even touch pending order,2024-09-18T11:25:59Z,2026-10-01T13:27:53.941621+00:00,0,0,,189636e103693b94f37b22635b532c41104ddca98e78b0e8e09448dc26cea8c7,,youtube-data-api-v3/commentThreads.list,,4tFcM7NcefU,Entry Confirmation,Solomon King,,
youtube,Solomon King,4tFcM7NcefU,https://www.youtube.com/watch?v=4tFcM7NcefU,UgyKkUU4k88bX-Ha2ZB4AaABAg,But the breaker block is not tested after placing the position,2026-07-02T16:08:12Z,2026-10-01T13:27:53.941621+00:00,0,0,,a5f02a43130a0cb5cad17527b7391690c05d2b935718dcb86831c4446a33fbf2,,youtube-data-api-v3/commentThreads.list,,4tFcM7NcefU,Entry Confirmation,Solomon King,,
youtube,Solomon King,4tFcM7NcefU,https://www.youtube.com/watch?v=4tFcM7NcefU,UgwtnhUhVv7Lean1FS94AaABAg,If you don't want to be missing entries then use model one entry model,2026-04-08T17:25:55Z,2026-10-01T13:27:53.941621+00:00,0,0,,bf10c1d1d336f3e5152b58eda0c9036d4bd12fe1a7d0c7158cf229093032111a,,youtube-data-api-v3/commentThreads.list,,4tFcM7NcefU,Entry Confirmation,Solomon King,,
youtube,Solomon King,4tFcM7NcefU,https://www.youtube.com/watch?v=4tFcM7NcefU,UgxsVqpXeDT-as1VCtt4AaABAg,Please which app or software did u use to record this particular video,2025-08-23T11:29:49Z,2026-10-01T13:27:53.941621+00:00,0,0,,e6b5ca3f07a89badc9a5645893368b1b448b79659ff3c17581b27805d7368392,,youtube-data-api-v3/commentThreads.list,,4tFcM7NcefU,Entry Confirmation,Solomon King,,
youtube,Solomon King,4tFcM7NcefU,https://www.youtube.com/watch?v=4tFcM7NcefU,UgyHN6UJgdMhzB0HwDl4AaABAg,Thanks ❤,2025-09-24T18:09:23Z,2026-10-01T13:27:53.941621+00:00,0,0,,7fa5b86727b18c38fc7a1b01732e0a1c953bd9c256fe76abcd754fedc7c3b8de,,youtube-data-api-v3/commentThreads.list,,4tFcM7NcefU,Entry Confirmation,Solomon King,,
youtube,Solomon King,4tFcM7NcefU,https://www.youtube.com/watch?v=4tFcM7NcefU,UgzDmmf-zZh6hT-T7XJ4AaABAg,"Am from kenya how will join your class, please .am new in trading and am not making anything",2024-09-12T11:12:29Z,2026-10-01T13:27:53.941621+00:00,0,0,,216c82da5c77b08f09c533d006e9f00a2a78a6e7d39faf033e2e2b06dbefda5e,,youtube-data-api-v3/commentThreads.list,,4tFcM7NcefU,Entry Confirmation,Solomon King,,
youtube,Solomon King,4tFcM7NcefU,https://www.youtube.com/watch?v=4tFcM7NcefU,UgzTXjOAXIxSctnTFt14AaABAg,"If you rename this title to ""Stop taking.....""

This video will go bullish🎉",2024-09-12T12:18:11Z,2026-10-01T13:27:53.942620+00:00,0,0,,aa95bc65ff48ac3f5267680ff221fc1394d52a50036023edde4e9676cc006a6d,,youtube-data-api-v3/commentThreads.list,,4tFcM7NcefU,Entry Confirmation,Solomon King,,
youtube,Solomon King,4tFcM7NcefU,https://www.youtube.com/watch?v=4tFcM7NcefU,Ugyg-iW5-K6MjE0uzaN4AaABAg,Thank you,2025-04-16T20:48:05Z,2026-10-01T13:27:53.942620+00:00,0,0,,8168513211bdb54a345f378ae16fbd8fa89ba5ee406d0d702cbb751a0ba697cc,,youtube-data-api-v3/commentThreads.list,,4tFcM7NcefU,Entry Confirmation,Solomon King,,
youtube,Solomon King,4tFcM7NcefU,https://www.youtube.com/watch?v=4tFcM7NcefU,UgxJjJLzhJ-nXp2hEMd4AaABAg,Why you not entry 5min OB+FVG.?,2025-05-26T07:18:04Z,2026-10-01T13:27:53.942620+00:00,0,0,,58822111c5b8a686f6079d3c0c60fe3e09da91dcb7648956bc1673d76ad148dc,,youtube-data-api-v3/commentThreads.list,,4tFcM7NcefU,Entry Confirmation,Solomon King,,
youtube,Solomon King,4tFcM7NcefU,https://www.youtube.com/watch?v=4tFcM7NcefU,Ugw0KxYED2-n_ToGNcd4AaABAg,How did you choose the TP bro,2025-11-24T12:02:08Z,2026-10-01T13:27:53.942620+00:00,0,0,,7a51c8cbfc235c86b2a30173c628bdfe725eb5dfb4e7892bfc6fc29d57f7762c,,youtube-data-api-v3/commentThreads.list,,4tFcM7NcefU,Entry Confirmation,Solomon King,,
youtube,Solomon King,4tFcM7NcefU,https://www.youtube.com/watch?v=4tFcM7NcefU,UgyuiVXr0aReQEiruNB4AaABAg,Dude I'm so close to giving up no matter what I lose.... this is so hard and I really want this but damn.,2025-03-21T16:26:27Z,2026-10-01T13:27:53.942620+00:00,1,4,,ddae146c37775d3a3918199547698cc1338801d17281c0cf102079f82c42c0d1,,youtube-data-api-v3/commentThreads.list,,4tFcM7NcefU,Entry Confirmation,Solomon King,,
youtube,Solomon King,4tFcM7NcefU,https://www.youtube.com/watch?v=4tFcM7NcefU,UgyuiVXr0aReQEiruNB4AaABAg.AFwSzIBsFEmAFzAf52w5vy,"Same here 
It feels like a dead end but we can keep trying 
We can keep in touch to motivate each other on the journey. What do you think?",2025-03-22T17:44:08Z,2026-10-01T13:27:53.942620+00:00,1,0,,35ac0dca3cf240d1d0beacc1bef81a6d6e7ccb1b23fd7214a35488eea448a275,UgyuiVXr0aReQEiruNB4AaABAg,youtube-data-api-v3/commentThreads.list,,4tFcM7NcefU,Entry Confirmation,Solomon King,,
youtube,Solomon King,4tFcM7NcefU,https://www.youtube.com/watch?v=4tFcM7NcefU,UgyuiVXr0aReQEiruNB4AaABAg.AFwSzIBsFEmAGN2Os9UWGp,​@BarcaBeats22 You just motivated me to keep trying. Thanks Man,2025-04-01T09:32:53Z,2026-10-01T13:27:53.942620+00:00,1,0,,56620444551047ba2306af14e333dedaac27b45b3bddbfd91654e39070ab765d,UgyuiVXr0aReQEiruNB4AaABAg,youtube-data-api-v3/commentThreads.list,,4tFcM7NcefU,Entry Confirmation,Solomon King,,
youtube,Solomon King,4tFcM7NcefU,https://www.youtube.com/watch?v=4tFcM7NcefU,UgyuiVXr0aReQEiruNB4AaABAg.AFwSzIBsFEmAGeGd2_UVRZ,"Never give up bro 
Wishing you all the best",2025-04-08T11:23:38Z,2026-10-01T13:27:53.942620+00:00,0,0,,e52d2d2a2efe8eb86d570919b0040bc90db110d97e8868c562e15500a7a0927e,UgyuiVXr0aReQEiruNB4AaABAg,youtube-data-api-v3/commentThreads.list,,4tFcM7NcefU,Entry Confirmation,Solomon King,,
youtube,Solomon King,4tFcM7NcefU,https://www.youtube.com/watch?v=4tFcM7NcefU,UgyuiVXr0aReQEiruNB4AaABAg.AFwSzIBsFEmAM_4bORXlrj,You guys are right I know you are but it is super super frustrating. I want this badly!!,2025-09-02T14:10:42Z,2026-10-01T13:27:53.942620+00:00,0,0,,ddae146c37775d3a3918199547698cc1338801d17281c0cf102079f82c42c0d1,UgyuiVXr0aReQEiruNB4AaABAg,youtube-data-api-v3/commentThreads.list,,4tFcM7NcefU,Entry Confirmation,Solomon King,,
youtube,Solomon King,4tFcM7NcefU,https://www.youtube.com/watch?v=4tFcM7NcefU,UgxxF8uwIj0KXgSH4Ep4AaABAg,Oui,2026-06-28T09:57:15Z,2026-10-01T13:27:53.942620+00:00,1,0,,bf9603a23c1e6c0d13ca671812753c5666ae183d978459463478ff9088adcc52,,youtube-data-api-v3/commentThreads.list,,4tFcM7NcefU,Entry Confirmation,Solomon King,,
youtube,Solomon King,4tFcM7NcefU,https://www.youtube.com/watch?v=4tFcM7NcefU,UgwW7zW9dJJGdQQnO3l4AaABAg,I'm greatful,2025-06-02T12:10:42Z,2026-10-01T13:27:53.942620+00:00,0,0,,77a2d7b8f90405f65859c786e81c4736918c8cff3e849f7a2b5efb4d776b0143,,youtube-data-api-v3/commentThreads.list,,4tFcM7NcefU,Entry Confirmation,Solomon King,,
youtube,Solomon King,4tFcM7NcefU,https://www.youtube.com/watch?v=4tFcM7NcefU,UgykM3bJnY607mrmiOZ4AaABAg,Let’s see it in a live,2025-05-09T01:29:57Z,2026-10-01T13:27:53.942620+00:00,0,0,,d78ddff5054002eba2dbbe27d74b0a66e335d383558aed04c30fd653636f659f,,youtube-data-api-v3/commentThreads.list,,4tFcM7NcefU,Entry Confirmation,Solomon King,,
youtube,Solomon King,4tFcM7NcefU,https://www.youtube.com/watch?v=4tFcM7NcefU,UgzOPp2Xft1H5GC1YPB4AaABAg,We got a same stratagy bro,2026-09-24T20:14:56Z,2026-10-01T13:27:53.942620+00:00,0,0,,b415e60faca9df5f032bebf80d1c5adac5823d4eac677380bbeef4d6e147e767,,youtube-data-api-v3/commentThreads.list,,4tFcM7NcefU,Entry Confirmation,Solomon King,,
youtube,Solomon King,4tFcM7NcefU,https://www.youtube.com/watch?v=4tFcM7NcefU,Ugwpwhi6ZlGQdAL5rPN4AaABAg,Good,2026-03-24T18:51:34Z,2026-10-01T13:27:53.942620+00:00,0,0,,f1e22b19b855969c1a7b471f82dd8391848efab222083a50d6ade82b427a65a6,,youtube-data-api-v3/commentThreads.list,,4tFcM7NcefU,Entry Confirmation,Solomon King,,
youtube,Solomon King,4tFcM7NcefU,https://www.youtube.com/watch?v=4tFcM7NcefU,UgzcSGChJ1PzKVu4ZEd4AaABAg,❤❤❤,2025-02-25T19:16:03Z,2026-10-01T13:27:53.942620+00:00,0,0,,51815fa4c8aaf6ed81d41dee4fcfe671e1200d5eb3f647922b703b13a40ef83a,,youtube-data-api-v3/commentThreads.list,,4tFcM7NcefU,Entry Confirmation,Solomon King,,
youtube,Solomon King,4tFcM7NcefU,https://www.youtube.com/watch?v=4tFcM7NcefU,UgxyvSd8QOZ-RpsNk-V4AaABAg,Targeting the low all the way down there is criminal and sus..😂,2025-08-31T21:16:27Z,2026-10-01T13:27:53.942620+00:00,0,0,,91a654045fefe5eb30caa1b259aeab4710950517290100818dfc4317b52ac063,,youtube-data-api-v3/commentThreads.list,,4tFcM7NcefU,Entry Confirmation,Solomon King,,
youtube,Solomon King,4tFcM7NcefU,https://www.youtube.com/watch?v=4tFcM7NcefU,Ugw2dE_3M-7L1urT-oB4AaABAg,"So meaning, your imbalance can be your poi?",2025-04-16T23:56:30Z,2026-10-01T13:27:53.942620+00:00,1,0,,f929af7b8d91f58386856250b7540c7623a043c38bd729a7fdfa5e6ce9ad40dc,,youtube-data-api-v3/commentThreads.list,,4tFcM7NcefU,Entry Confirmation,Solomon King,,
youtube,Solomon King,4tFcM7NcefU,https://www.youtube.com/watch?v=4tFcM7NcefU,UgzP8aCiz5PNDjTxN6l4AaABAg,Wasn’t the FVG broken to the upside?,2025-02-16T09:30:27Z,2026-10-01T13:27:53.942620+00:00,2,1,,87670be3acefca4f5eb126fa8ad0f2f8e17816d3a680f76d35d50cf3b8245bfa,,youtube-data-api-v3/commentThreads.list,,4tFcM7NcefU,Entry Confirmation,Solomon King,,
youtube,Solomon King,4tFcM7NcefU,https://www.youtube.com/watch?v=4tFcM7NcefU,UgzP8aCiz5PNDjTxN6l4AaABAg.AEak8RCGDToAFheAMeLmbl,Yes but it respected the OB instead,2025-03-15T22:24:21Z,2026-10-01T13:27:53.942620+00:00,3,0,,d4f1ea0138212f98a546428c072ef01e4509ddf2d96d9e048405a3becf359f0d,UgzP8aCiz5PNDjTxN6l4AaABAg,youtube-data-api-v3/commentThreads.list,,4tFcM7NcefU,Entry Confirmation,Solomon King,,
youtube,Solomon King,4tFcM7NcefU,https://www.youtube.com/watch?v=4tFcM7NcefU,UgxRiTaIY43_g1ABItV4AaABAg,What time frame is best for this analysis???,2025-08-02T10:29:04Z,2026-10-01T13:27:53.942620+00:00,0,0,,b933f4f2037f1f1885e204c2cf0a7aa247a1c5f4cc0e88fb37ae087d8fcb9a3b,,youtube-data-api-v3/commentThreads.list,,4tFcM7NcefU,Entry Confirmation,Solomon King,,
youtube,Solomon King,4tFcM7NcefU,https://www.youtube.com/watch?v=4tFcM7NcefU,UgzFfy7ioeo2cGNnTdN4AaABAg,Boss pls do you have a telegram channel?,2025-08-16T11:33:10Z,2026-10-01T13:27:53.942620+00:00,0,0,,ab129c1f62f34bb7622e124450a9de6d4d975efc1b7a1c32b3c8d2cb5efc4554,,youtube-data-api-v3/commentThreads.list,,4tFcM7NcefU,Entry Confirmation,Solomon King,,
youtube,Solomon King,4tFcM7NcefU,https://www.youtube.com/watch?v=4tFcM7NcefU,UgynNW9Aj6cSWWp3lmR4AaABAg,Thansk boss❤❤❤❤,2026-06-01T17:06:21Z,2026-10-01T13:27:53.942620+00:00,0,0,,582b04bbb8a261bc13e5242d1f94a6ff9ecaeb46225ef4bbb271d624b78b79b5,,youtube-data-api-v3/commentThreads.list,,4tFcM7NcefU,Entry Confirmation,Solomon King,,
youtube,Solomon King,4tFcM7NcefU,https://www.youtube.com/watch?v=4tFcM7NcefU,UgwEl5sBeIlvVemGmKB4AaABAg,Tnk,2025-06-22T06:02:20Z,2026-10-01T13:27:53.942620+00:00,0,0,,c479e59fc38e7ebf680d28e8810747a567d85805efe63d41c04520399c6905c4,,youtube-data-api-v3/commentThreads.list,,4tFcM7NcefU,Entry Confirmation,Solomon King,,
youtube,Solomon King,4tFcM7NcefU,https://www.youtube.com/watch?v=4tFcM7NcefU,Ugw817lDxdb5V6YcW1d4AaABAg,Do you teach SMC? 😢,2024-09-12T17:39:20Z,2026-10-01T13:27:53.942620+00:00,0,0,,95efcbdc96277d3dd933f7b62a73ea5d90bf7c1c638ac441a5046b619181dd19,,youtube-data-api-v3/commentThreads.list,,4tFcM7NcefU,Entry Confirmation,Solomon King,,
youtube,Solomon King,4tFcM7NcefU,https://www.youtube.com/watch?v=4tFcM7NcefU,Ugw6pHboUVxEsUUDaL14AaABAg,Which time fram best this,2026-04-12T13:55:46Z,2026-10-01T13:27:53.942620+00:00,0,0,,a70f73cdbf494757eb0976f09ecda9552bac84e9af4f3caa8af34ccb102f61ce,,youtube-data-api-v3/commentThreads.list,,4tFcM7NcefU,Entry Confirmation,Solomon King,,
youtube,Solomon King,4tFcM7NcefU,https://www.youtube.com/watch?v=4tFcM7NcefU,Ugw3BCzT7FnuoLvVRO14AaABAg,Do you have a copy trade sir?,2025-07-02T16:25:37Z,2026-10-01T13:27:53.942620+00:00,0,0,,ed52d2fe84f0ad4ca2a88bec3222c8abc76b3e74714521e552769a94d21662e2,,youtube-data-api-v3/commentThreads.list,,4tFcM7NcefU,Entry Confirmation,Solomon King,,
youtube,Solomon King,4tFcM7NcefU,https://www.youtube.com/watch?v=4tFcM7NcefU,UgylN5hcRaqNLI60Rap4AaABAg,Why is your POI your POI??,2026-02-25T12:29:14Z,2026-10-01T13:27:53.942620+00:00,0,0,,0a72327e97ea6cd2c07f8165fc8f9b3b555bb8092d16b3872a2cafe92478ad73,,youtube-data-api-v3/commentThreads.list,,4tFcM7NcefU,Entry Confirmation,Solomon King,,
youtube,Solomon King,4tFcM7NcefU,https://www.youtube.com/watch?v=4tFcM7NcefU,UgyaTsUBf3Oz6iS0Qf54AaABAg,❤,2025-10-15T22:48:32Z,2026-10-01T13:27:53.942620+00:00,0,0,,dcf3ea61a9b61aa32ae8db16061a3fad6f63788dbcad2b8ed6e1689a033ced64,,youtube-data-api-v3/commentThreads.list,,4tFcM7NcefU,Entry Confirmation,Solomon King,,
youtube,Solomon King,4tFcM7NcefU,https://www.youtube.com/watch?v=4tFcM7NcefU,Ugz44aksBs3FEmQlBgp4AaABAg,See sl size 😢😢,2025-05-12T00:09:45Z,2026-10-01T13:27:53.942620+00:00,0,0,,6cfd0757dd7654549e7eb534fe43c8d17d8702ea15695225655c48713c6e6134,,youtube-data-api-v3/commentThreads.list,,4tFcM7NcefU,Entry Confirmation,Solomon King,,
youtube,Solomon King,4tFcM7NcefU,https://www.youtube.com/watch?v=4tFcM7NcefU,UgwUo42BGSlReleFIwh4AaABAg,But poi look like FVG 😢,2025-02-11T00:45:47Z,2026-10-01T13:27:53.942620+00:00,1,1,,eab437c9b90a65b9222f621366f8bd4fc5c1c955a6119b24e80bf234575f57bd,,youtube-data-api-v3/commentThreads.list,,4tFcM7NcefU,Entry Confirmation,Solomon King,,
youtube,Solomon King,4tFcM7NcefU,https://www.youtube.com/watch?v=4tFcM7NcefU,UgwUo42BGSlReleFIwh4AaABAg.AENw7M891PkAH-D6XzhSrr,Cause it is,2025-04-16T23:56:08Z,2026-10-01T13:27:53.942620+00:00,1,0,,f929af7b8d91f58386856250b7540c7623a043c38bd729a7fdfa5e6ce9ad40dc,UgwUo42BGSlReleFIwh4AaABAg,youtube-data-api-v3/commentThreads.list,,4tFcM7NcefU,Entry Confirmation,Solomon King,,
youtube,Solomon King,4tFcM7NcefU,https://www.youtube.com/watch?v=4tFcM7NcefU,Ugw8xk0udhiLxK7tWUB4AaABAg,🎉🎉🎉,2026-02-07T08:16:39Z,2026-10-01T13:27:53.942620+00:00,0,0,,02f3abfa716c685b3934a42b7b523ba0c2625cbec738f4c07d751cd86909c699,,youtube-data-api-v3/commentThreads.list,,4tFcM7NcefU,Entry Confirmation,Solomon King,,
youtube,Solomon King,4tFcM7NcefU,https://www.youtube.com/watch?v=4tFcM7NcefU,UgxMTWTyfNcqZ7OpFKZ4AaABAg,"wont work, only from order block",2025-04-02T10:42:55Z,2026-10-01T13:27:53.942620+00:00,1,1,,1afcd94ae16e2225314989616c3994ebd03838bfaa68a9cd86db2bb1a6776093,,youtube-data-api-v3/commentThreads.list,,4tFcM7NcefU,Entry Confirmation,Solomon King,,
youtube,Solomon King,4tFcM7NcefU,https://www.youtube.com/watch?v=4tFcM7NcefU,UgxMTWTyfNcqZ7OpFKZ4AaABAg.AGPkCaFhlPyAK0KHJT9cwd,"It depends on orderflow and the type of pullback happening at that time 
An impulsive or corrective pull back",2025-06-30T23:52:12Z,2026-10-01T13:27:53.942620+00:00,0,0,,149cd137bcfb17249c924da080bc5212dd3fa600fe97f36644b681352bddf731,UgxMTWTyfNcqZ7OpFKZ4AaABAg,youtube-data-api-v3/commentThreads.list,,4tFcM7NcefU,Entry Confirmation,Solomon King,,
youtube,Solomon King,4tFcM7NcefU,https://www.youtube.com/watch?v=4tFcM7NcefU,UgwQWeCeXt9qylmwL8t4AaABAg,The 15 and 5 minute are good timeframe to use trade?,2025-05-10T21:49:24Z,2026-10-01T13:27:53.942620+00:00,0,1,,481fc8a967fc87abee354d5d482b71cc1f576858c9682da3ecc708c0564fd9c8,,youtube-data-api-v3/commentThreads.list,,4tFcM7NcefU,Entry Confirmation,Solomon King,,
youtube,Solomon King,4tFcM7NcefU,https://www.youtube.com/watch?v=4tFcM7NcefU,UgwQWeCeXt9qylmwL8t4AaABAg.AHxmgNma-SIAIEr-b8I03e,Yes,2025-05-17T22:13:27Z,2026-10-01T13:27:53.942620+00:00,0,0,,e3f0e838aec88a6e241a2632cee161a55ce25f3d6989014140b337a8a714736b,UgwQWeCeXt9qylmwL8t4AaABAg,youtube-data-api-v3/commentThreads.list,,4tFcM7NcefU,Entry Confirmation,Solomon King,,
youtube,Solomon King,4tFcM7NcefU,https://www.youtube.com/watch?v=4tFcM7NcefU,UgymtfNWKRcjxIzyaP14AaABAg,"You are wasting time trading in minutes time frame…. And time is the most valuable thing on earth 👌
What do you think, why there is no second time frames in mt4 mt5 and so on???",2025-10-02T23:57:36Z,2026-10-01T13:27:53.942620+00:00,0,0,,deef1422c806f1fda917e0976edfdc3aa81d1ce073dcfd910da4081f52886bce,,youtube-data-api-v3/commentThreads.list,,4tFcM7NcefU,Entry Confirmation,Solomon King,,
youtube,Solomon King,4tFcM7NcefU,https://www.youtube.com/watch?v=4tFcM7NcefU,UgzN_qDKZrlPebjdN1x4AaABAg,This is the structure sol/usdt game me this morning I didn’t get my confirmation right made lose,2026-02-23T12:20:58Z,2026-10-01T13:27:53.942620+00:00,0,0,,7b4d05ab500a89710a4e9ac04ef8ddcd98629c69295512e0f8c08f83122d6acd,,youtube-data-api-v3/commentThreads.list,,4tFcM7NcefU,Entry Confirmation,Solomon King,,
youtube,Solomon King,4tFcM7NcefU,https://www.youtube.com/watch?v=4tFcM7NcefU,Ugzbqr5KQBJ8_kum0Xx4AaABAg,Good day sir. What TF exactly?,2024-09-18T12:53:52Z,2026-10-01T13:27:53.942620+00:00,0,1,,ae42de2402c63a57ae3d0c31f0fec020607212ae7591ebd8142f641498a55ac3,,youtube-data-api-v3/commentThreads.list,,4tFcM7NcefU,Entry Confirmation,Solomon King,,
youtube,Solomon King,4tFcM7NcefU,https://www.youtube.com/watch?v=4tFcM7NcefU,Ugzbqr5KQBJ8_kum0Xx4AaABAg.A8XIODzrvLGA8j0KQ2atFC,as he has explained first mark it in yourM15 then zoom into M5 for the shift of market,2024-09-23T11:26:11Z,2026-10-01T13:27:53.942620+00:00,0,0,,e6eefce95bb3ace030c1216a16f254609bae4b55bd7ac9fe06665fec29b0f550,Ugzbqr5KQBJ8_kum0Xx4AaABAg,youtube-data-api-v3/commentThreads.list,,4tFcM7NcefU,Entry Confirmation,Solomon King,,
youtube,Solomon King,4tFcM7NcefU,https://www.youtube.com/watch?v=4tFcM7NcefU,Ugz518GY6Ysj1rc0YpN4AaABAg,What high time frame do you use?,2024-09-12T11:24:25Z,2026-10-01T13:27:53.942620+00:00,0,2,,d6fd2e34a3619fdbc853f7fcab537cfb6e11a594a3c65be3a140e3b63423821d,,youtube-data-api-v3/commentThreads.list,,4tFcM7NcefU,Entry Confirmation,Solomon King,,
youtube,Solomon King,4tFcM7NcefU,https://www.youtube.com/watch?v=4tFcM7NcefU,Ugz518GY6Ysj1rc0YpN4AaABAg.A8HgNpDKfrBA8Hhr5qEi8y,He said 5m,2024-09-12T11:37:18Z,2026-10-01T13:27:53.942620+00:00,0,0,,bbc34762ec52702d0489d0b12309b884da2798bf1c84d38278cdb333607d6aa1,Ugz518GY6Ysj1rc0YpN4AaABAg,youtube-data-api-v3/commentThreads.list,,4tFcM7NcefU,Entry Confirmation,Solomon King,,
youtube,Solomon King,4tFcM7NcefU,https://www.youtube.com/watch?v=4tFcM7NcefU,Ugz518GY6Ysj1rc0YpN4AaABAg.A8HgNpDKfrBA8j0Th3MGbK,15 min mark your FVG  then zoom in to 5 min,2024-09-23T11:27:27Z,2026-10-01T13:27:53.942620+00:00,0,0,,e6eefce95bb3ace030c1216a16f254609bae4b55bd7ac9fe06665fec29b0f550,Ugz518GY6Ysj1rc0YpN4AaABAg,youtube-data-api-v3/commentThreads.list,,4tFcM7NcefU,Entry Confirmation,Solomon King,,
youtube,Solomon King,4tFcM7NcefU,https://www.youtube.com/watch?v=4tFcM7NcefU,UgwYESmM9WvDmQXfNdh4AaABAg,You follow trend too,2026-03-05T05:08:45Z,2026-10-01T13:27:53.942620+00:00,0,0,,988f5ff5e990ea3ae77e8b1151a77c42875db289ae468cf43f5cbbd9d6f2eb18,,youtube-data-api-v3/commentThreads.list,,4tFcM7NcefU,Entry Confirmation,Solomon King,,
youtube,Solomon King,4tFcM7NcefU,https://www.youtube.com/watch?v=4tFcM7NcefU,UgxG_iN6oanccZUrTLt4AaABAg,What was the previous timeframe?,2025-04-17T21:03:25Z,2026-10-01T13:27:53.942620+00:00,0,2,,aa52765ff76e00e82d3fbb0477bca59d767d5faafaf378933005e3c86356ef72,,youtube-data-api-v3/commentThreads.list,,4tFcM7NcefU,Entry Confirmation,Solomon King,,
youtube,Solomon King,4tFcM7NcefU,https://www.youtube.com/watch?v=4tFcM7NcefU,UgxG_iN6oanccZUrTLt4AaABAg.AH1U8RVs1l5AHD0NDunisZ,15 m tf,2025-04-22T08:34:11Z,2026-10-01T13:27:53.942620+00:00,0,0,,8b157d48a46a7ef3283585ec00917d0a3e9f77cdab10e5c6fe2ba74a24deeb06,UgxG_iN6oanccZUrTLt4AaABAg,youtube-data-api-v3/commentThreads.list,,4tFcM7NcefU,Entry Confirmation,Solomon King,,
youtube,Solomon King,4tFcM7NcefU,https://www.youtube.com/watch?v=4tFcM7NcefU,UgxG_iN6oanccZUrTLt4AaABAg.AH1U8RVs1l5AHgVN8n7avm,15 minute. People can’t pay attention for like a 1 minute video lol,2025-05-04T04:42:16Z,2026-10-01T13:27:53.942620+00:00,0,0,,875ad465142de586037d694a2a5e67279af647841705dc1cde0b1c832878f660,UgxG_iN6oanccZUrTLt4AaABAg,youtube-data-api-v3/commentThreads.list,,4tFcM7NcefU,Entry Confirmation,Solomon King,,
youtube,Solomon King,4tFcM7NcefU,https://www.youtube.com/watch?v=4tFcM7NcefU,UgwQT5O_b0UE8PaVuIZ4AaABAg,Pls sir what is the name of this strategy? sir,2025-07-10T03:31:01Z,2026-10-01T13:27:53.942620+00:00,0,1,,1772fe84b86f9a3238d5ef025391723200e91943d30b2a0554365c9f619e3de7,,youtube-data-api-v3/commentThreads.list,,4tFcM7NcefU,Entry Confirmation,Solomon King,,
youtube,Solomon King,4tFcM7NcefU,https://www.youtube.com/watch?v=4tFcM7NcefU,UgwQT5O_b0UE8PaVuIZ4AaABAg.AKNtTsVJyxXAKX_99hrvja,SMC or Smart Money Concepts,2025-07-13T21:45:50Z,2026-10-01T13:27:53.942620+00:00,0,0,,5995a6e7669ab1ab134d7ed29b15235967b839b6c96d55f53a30612758132b2f,UgwQT5O_b0UE8PaVuIZ4AaABAg,youtube-data-api-v3/commentThreads.list,,4tFcM7NcefU,Entry Confirmation,Solomon King,,
youtube,Solomon King,4tFcM7NcefU,https://www.youtube.com/watch?v=4tFcM7NcefU,UgxS5P3BYHKR5-Fp2M54AaABAg,what MSS,2025-02-23T14:13:28Z,2026-10-01T13:27:53.942620+00:00,0,1,,2fccc2397eda14684e3010638759b53f74de96a97aa0a0eb1b7e04c73ae5e67c,,youtube-data-api-v3/commentThreads.list,,4tFcM7NcefU,Entry Confirmation,Solomon King,,
youtube,Solomon King,4tFcM7NcefU,https://www.youtube.com/watch?v=4tFcM7NcefU,UgxS5P3BYHKR5-Fp2M54AaABAg.AEtH5XJjHYkAEyEkLIBz-r,Market structure shift,2025-02-25T12:29:10Z,2026-10-01T13:27:53.942620+00:00,1,0,,d6d2c9f1a9f718f258c4977483c8ca2c27b648c1698f1f2d0ee5e16ae3addebc,UgxS5P3BYHKR5-Fp2M54AaABAg,youtube-data-api-v3/commentThreads.list,,4tFcM7NcefU,Entry Confirmation,Solomon King,,
youtube,Solomon King,4tFcM7NcefU,https://www.youtube.com/watch?v=4tFcM7NcefU,UgyDnp8_oAjsa5cG8Td4AaABAg,😂😂😂😂😂,2026-07-23T17:38:23Z,2026-10-01T13:27:53.942620+00:00,0,0,,a808ffcec7990ad632ba4c7f1cb788e1f7a5ef81f7432c3673d85177aacedc4d,,youtube-data-api-v3/commentThreads.list,,4tFcM7NcefU,Entry Confirmation,Solomon King,,
youtube,Solomon King,4tFcM7NcefU,https://www.youtube.com/watch?v=4tFcM7NcefU,UgxSIKTg8v9w-ezueuB4AaABAg,How are you doing this stuffs? It is easy for you to read candle stick.,2024-11-12T17:31:08Z,2026-10-01T13:27:53.942620+00:00,0,0,,34e43ee02a03ee777f22e13a11174fb35b56e33b2bde1313632ef9b5a654c9c8,,youtube-data-api-v3/commentThreads.list,,4tFcM7NcefU,Entry Confirmation,Solomon King,,
youtube,Solomon King,4tFcM7NcefU,https://www.youtube.com/watch?v=4tFcM7NcefU,Ugx3qXKyu7YSzvS3jpp4AaABAg,but market will fall this much if all it's competitors are in huge sell off wave too... like technically stock to fall this much down isn't possible without any news etc right???,2026-07-08T05:35:06Z,2026-10-01T13:27:53.942620+00:00,0,0,,b50d5e997f776a641523b7cf75bb06fda4f7dfb99277c8900fa7fe25bb151505,,youtube-data-api-v3/commentThreads.list,,4tFcM7NcefU,Entry Confirmation,Solomon King,,
youtube,Solomon King,4tFcM7NcefU,https://www.youtube.com/watch?v=4tFcM7NcefU,Ugzo01XuLnadZbQfO3Z4AaABAg,All these things don't work,2026-05-05T09:16:43Z,2026-10-01T13:27:53.942620+00:00,0,0,,d04d833fdfe6a81b5824f078153fb50c828a6de26faf96fa789c5ff72d19cab5,,youtube-data-api-v3/commentThreads.list,,4tFcM7NcefU,Entry Confirmation,Solomon King,,
youtube,Solomon King,4tFcM7NcefU,https://www.youtube.com/watch?v=4tFcM7NcefU,UgxF-GxzUl4XZg-XG7t4AaABAg,your entry not trigger ..,2025-10-15T20:55:29Z,2026-10-01T13:27:53.942620+00:00,0,0,,cfda76224420db0734ee2711c2ea7799d0084a6dda93d06630e44e72601c1f38,,youtube-data-api-v3/commentThreads.list,,4tFcM7NcefU,Entry Confirmation,Solomon King,,
youtube,Solomon King,4tFcM7NcefU,https://www.youtube.com/watch?v=4tFcM7NcefU,UgyQgMmOWFYD-gBKZAR4AaABAg,❤❤🫡🫡,2026-05-02T16:40:44Z,2026-10-01T13:27:53.942620+00:00,0,0,,4e8f21207d796acd7c5814701f88859deabc8c244c2832beb317c1953c037001,,youtube-data-api-v3/commentThreads.list,,4tFcM7NcefU,Entry Confirmation,Solomon King,,
youtube,Solomon King,4tFcM7NcefU,https://www.youtube.com/watch?v=4tFcM7NcefU,Ugwcgxxx9PKdYtowcy54AaABAg,You miss the trade bro. The price doesn't come back to your limit order,2024-09-14T08:13:36Z,2026-10-01T13:27:53.942620+00:00,1,3,,0dc33c2de7846f1478289e37c43c69569b07f022d9252880993223928787d91d,,youtube-data-api-v3/commentThreads.list,,4tFcM7NcefU,Entry Confirmation,Solomon King,,
youtube,Solomon King,4tFcM7NcefU,https://www.youtube.com/watch?v=4tFcM7NcefU,Ugwcgxxx9PKdYtowcy54AaABAg.A8MV81VL_xSA8QKhOmQ9kk,Hater,2024-09-15T19:59:25Z,2026-10-01T13:27:53.942620+00:00,1,0,,b335236e1b68066588bc2ad7ae608d70b89383a296355be6087ea9727a5f3fb3,Ugwcgxxx9PKdYtowcy54AaABAg,youtube-data-api-v3/commentThreads.list,,4tFcM7NcefU,Entry Confirmation,Solomon King,,
youtube,Solomon King,4tFcM7NcefU,https://www.youtube.com/watch?v=4tFcM7NcefU,Ugwcgxxx9PKdYtowcy54AaABAg.A8MV81VL_xSA8QUFj7-5GV,I wanted to say the same too,2024-09-15T21:22:53Z,2026-10-01T13:27:53.942620+00:00,1,0,,7d755c06f2c48c613b1bdd885afe7db3755beafb18c236fba781a16a3dcda187,Ugwcgxxx9PKdYtowcy54AaABAg,youtube-data-api-v3/commentThreads.list,,4tFcM7NcefU,Entry Confirmation,Solomon King,,
youtube,Solomon King,4tFcM7NcefU,https://www.youtube.com/watch?v=4tFcM7NcefU,Ugwcgxxx9PKdYtowcy54AaABAg.A8MV81VL_xSA8QVLuk1aWz,​@curiosityhub-01how did he take the trade? Sell limit or just execution??,2024-09-15T21:32:28Z,2026-10-01T13:27:53.942620+00:00,1,0,,7d755c06f2c48c613b1bdd885afe7db3755beafb18c236fba781a16a3dcda187,Ugwcgxxx9PKdYtowcy54AaABAg,youtube-data-api-v3/commentThreads.list,,4tFcM7NcefU,Entry Confirmation,Solomon King,,
youtube,Solomon King,4tFcM7NcefU,https://www.youtube.com/watch?v=4tFcM7NcefU,UgxgVBsqbd8gEZkWMu54AaABAg,Wena you lie a lot 😂😂,2024-10-19T23:23:56Z,2026-10-01T13:27:53.942620+00:00,0,0,,74c51fbf0f260ddc7ed4dc22529dcee3fd908a8cbdf3b72a2249e57795f83aee,,youtube-data-api-v3/commentThreads.list,,4tFcM7NcefU,Entry Confirmation,Solomon King,,
youtube,Solomon King,4tFcM7NcefU,https://www.youtube.com/watch?v=4tFcM7NcefU,UgyMZT2acaTqgQdIr-J4AaABAg,"That does not always work, sometimes the market will fill the imbalance and keep going up, probably because of the daily bias, but sometimes it goes as seen in the video
That's the difficult part about trading
You never know if the market will keep going up or falls, or sometimes nothing, just zigzag'ing",2024-09-17T16:11:30Z,2026-10-01T13:27:53.942620+00:00,3,2,,9d5b3c199dd73eed82ef2c04cd359edd288580113328f8b3cb96c03c513b3bf2,,youtube-data-api-v3/commentThreads.list,,4tFcM7NcefU,Entry Confirmation,Solomon King,,
youtube,Solomon King,4tFcM7NcefU,https://www.youtube.com/watch?v=4tFcM7NcefU,UgyMZT2acaTqgQdIr-J4AaABAg.A8V4Cr5tQ2IA8VlGhA_75D,That is another reason even A+ setups fail and that is why you have your SL.,2024-09-17T22:36:30Z,2026-10-01T13:27:53.942620+00:00,6,0,,6e5b3a235257116322429c3eb2fde2b3097d7d5fdaf97d9df010701536e95494,UgyMZT2acaTqgQdIr-J4AaABAg,youtube-data-api-v3/commentThreads.list,,4tFcM7NcefU,Entry Confirmation,Solomon King,,
youtube,Solomon King,4tFcM7NcefU,https://www.youtube.com/watch?v=4tFcM7NcefU,UgyMZT2acaTqgQdIr-J4AaABAg.A8V4Cr5tQ2IA8j0AEIDMsr,@bamz16 precisely bro,2024-09-23T11:24:48Z,2026-10-01T13:27:53.942620+00:00,0,0,,e6eefce95bb3ace030c1216a16f254609bae4b55bd7ac9fe06665fec29b0f550,UgyMZT2acaTqgQdIr-J4AaABAg,youtube-data-api-v3/commentThreads.list,,4tFcM7NcefU,Entry Confirmation,Solomon King,,
youtube,Solomon King,4tFcM7NcefU,https://www.youtube.com/watch?v=4tFcM7NcefU,UgxFxbOFb9kxqLvocSZ4AaABAg,thank you sir,2025-12-13T18:40:18Z,2026-10-01T13:27:53.942620+00:00,0,0,,520dc8374d08fd08a0e8880f4241fd2d69eeca75903bac6a66d9fd95ef26f04f,,youtube-data-api-v3/commentThreads.list,,4tFcM7NcefU,Entry Confirmation,Solomon King,,
youtube,Solomon King,4tFcM7NcefU,https://www.youtube.com/watch?v=4tFcM7NcefU,UgwAz_cufc2B9dHVCMB4AaABAg,Thank you,2026-09-14T20:11:06Z,2026-10-01T13:27:53.942620+00:00,0,0,,06569cdf9533f8ea468d7c676ca5ac607c695d0899db3aaf6394bd35c2072623,,youtube-data-api-v3/commentThreads.list,,4tFcM7NcefU,Entry Confirmation,Solomon King,,
youtube,Rizki Aditama | Sekolah Trading,vRoToHC9STU,https://www.youtube.com/watch?v=vRoToHC9STU,UgyRXd5c7TZrQYOgZA54AaABAg,Memang lebih baik menunggu moment daripada cari moment. Thank you mas tama🔥🔥,2023-02-15T17:37:06Z,2026-10-01T13:27:55.162617+00:00,14,0,,c6240cde3ca0523c6f47fa78f2711a66578ddf22cf59913962840bf094d6c8f3,,youtube-data-api-v3/commentThreads.list,,vRoToHC9STU,Step by Step (langkah) konfirmasi untuk entry,Rizki Aditama | Sekolah Trading,,
youtube,Rizki Aditama | Sekolah Trading,vRoToHC9STU,https://www.youtube.com/watch?v=vRoToHC9STU,UgwCbHTKUJAO_HFQcy94AaABAg,Pertamax bang,2022-05-08T13:02:59Z,2026-10-01T13:27:55.162617+00:00,1,0,,0a0d93dadeb502943ba1f767b29ca15cb9c4a6efd9692fc18a0cb48b571e5925,,youtube-data-api-v3/commentThreads.list,,vRoToHC9STU,Step by Step (langkah) konfirmasi untuk entry,Rizki Aditama | Sekolah Trading,,
youtube,Rizki Aditama | Sekolah Trading,vRoToHC9STU,https://www.youtube.com/watch?v=vRoToHC9STU,UgwCPGpr8b55356SjxR4AaABAg,"chanelnya mantap,, ilmu semua, sukses trus",2022-06-07T10:14:30Z,2026-10-01T13:27:55.162617+00:00,2,0,,5e3d7197358b606a42caaad0e87bbeb6ef763049fe00183833d7af72ed12259a,,youtube-data-api-v3/commentThreads.list,,vRoToHC9STU,Step by Step (langkah) konfirmasi untuk entry,Rizki Aditama | Sekolah Trading,,
youtube,Rizki Aditama | Sekolah Trading,vRoToHC9STU,https://www.youtube.com/watch?v=vRoToHC9STU,UgxD2TyHc_YowdIoAFl4AaABAg,Pengen gini lagi video mas tama ada unsur lucu²nya😂,2024-09-22T05:29:05Z,2026-10-01T13:27:55.162617+00:00,2,0,,3ad1645c6873ea0a9d699b636fe87342c40d75b01754e4656ce39b4959350873,,youtube-data-api-v3/commentThreads.list,,vRoToHC9STU,Step by Step (langkah) konfirmasi untuk entry,Rizki Aditama | Sekolah Trading,,
youtube,Rizki Aditama | Sekolah Trading,vRoToHC9STU,https://www.youtube.com/watch?v=vRoToHC9STU,Ugxinj8QcLgZ8WkUf9J4AaABAg,Ahhhsssiiiiiiaaaaaapppppp,2023-10-17T15:01:12Z,2026-10-01T13:27:55.162617+00:00,0,0,,d27df0ef80f44cea7992b90a6459a1d55368c1498a166a69f1884efa5a8f2596,,youtube-data-api-v3/commentThreads.list,,vRoToHC9STU,Step by Step (langkah) konfirmasi untuk entry,Rizki Aditama | Sekolah Trading,,
youtube,Rizki Aditama | Sekolah Trading,vRoToHC9STU,https://www.youtube.com/watch?v=vRoToHC9STU,UgxPAWAZP1eMVboIzAB4AaABAg,Bismillah belajaar terusss mas 🤲🏻🤲🏻,2022-05-08T13:03:05Z,2026-10-01T13:27:55.162617+00:00,0,0,,6583735cfba03efcc4cbc2bd02a6976565f996b72ff3074ab64ee871954d9f12,,youtube-data-api-v3/commentThreads.list,,vRoToHC9STU,Step by Step (langkah) konfirmasi untuk entry,Rizki Aditama | Sekolah Trading,,
youtube,Rizki Aditama | Sekolah Trading,vRoToHC9STU,https://www.youtube.com/watch?v=vRoToHC9STU,UgwVfreVeFSi1yfI7kR4AaABAg,Bang Rizky Aditama memang sudah pengalaman,2025-12-02T14:33:46Z,2026-10-01T13:27:55.162617+00:00,0,0,,80d7e2ccd7e6a1594fb309836f3d61ddb9565d25e4db143d8beed1934a028477,,youtube-data-api-v3/commentThreads.list,,vRoToHC9STU,Step by Step (langkah) konfirmasi untuk entry,Rizki Aditama | Sekolah Trading,,
youtube,Rizki Aditama | Sekolah Trading,vRoToHC9STU,https://www.youtube.com/watch?v=vRoToHC9STU,UgxWR-PbLi1r23xN6Xx4AaABAg,Mantap sekali 👍👍👍,2022-05-08T13:05:53Z,2026-10-01T13:27:55.162617+00:00,0,0,,9a3b13cc7b365049a85347c33979974b60b108124bc83c1db08127f052f9c0da,,youtube-data-api-v3/commentThreads.list,,vRoToHC9STU,Step by Step (langkah) konfirmasi untuk entry,Rizki Aditama | Sekolah Trading,,
youtube,Rizki Aditama | Sekolah Trading,vRoToHC9STU,https://www.youtube.com/watch?v=vRoToHC9STU,UgxnNm3xj3MaCf1AAV14AaABAg,Nyimak terus mas..sambil belajar,2022-05-08T13:17:02Z,2026-10-01T13:27:55.162617+00:00,0,0,,c02f0bfec9fa902b67e1f74dd1d07e7c16c0b6e6d75c2ba33b6f8f78de94921c,,youtube-data-api-v3/commentThreads.list,,vRoToHC9STU,Step by Step (langkah) konfirmasi untuk entry,Rizki Aditama | Sekolah Trading,,
youtube,Rizki Aditama | Sekolah Trading,vRoToHC9STU,https://www.youtube.com/watch?v=vRoToHC9STU,UgyP3Ys_y53Y28PEm_N4AaABAg,mas tama tolong buatkan video penjelasan tentang narrative untuk market crypto,2025-07-13T10:55:47Z,2026-10-01T13:27:55.162617+00:00,0,0,,323d67eb774c9f884c96c9827489553004b4331b6ab4254f5cf6c9ebcb4d8e35,,youtube-data-api-v3/commentThreads.list,,vRoToHC9STU,Step by Step (langkah) konfirmasi untuk entry,Rizki Aditama | Sekolah Trading,,
youtube,Rizki Aditama | Sekolah Trading,vRoToHC9STU,https://www.youtube.com/watch?v=vRoToHC9STU,Ugz4vpW9vYZ3Js9xrqR4AaABAg,Keren bang,2022-05-22T04:46:47Z,2026-10-01T13:27:55.162617+00:00,0,0,,72a5f891f40b19502e90d6867c4d1cd88b151cbc723250856fc8d2287a09149a,,youtube-data-api-v3/commentThreads.list,,vRoToHC9STU,Step by Step (langkah) konfirmasi untuk entry,Rizki Aditama | Sekolah Trading,,
youtube,Rizki Aditama | Sekolah Trading,vRoToHC9STU,https://www.youtube.com/watch?v=vRoToHC9STU,UgwmIxmfQlJIUELIfDZ4AaABAg,Terimakasih mas tama,2022-05-08T13:11:45Z,2026-10-01T13:27:55.162617+00:00,0,0,,da6368fe22dcc53cd65377570fe7c8b5942fa0762e9f4ac74ab1c13455b58f2b,,youtube-data-api-v3/commentThreads.list,,vRoToHC9STU,Step by Step (langkah) konfirmasi untuk entry,Rizki Aditama | Sekolah Trading,,
youtube,Rizki Aditama | Sekolah Trading,vRoToHC9STU,https://www.youtube.com/watch?v=vRoToHC9STU,Ugw0uWSwHm8a9kA8Xkt4AaABAg,mas ceritakan Richard denis yg buat program turtle dan kasih tau cara analisa para turtle.,2024-12-18T04:57:28Z,2026-10-01T13:27:55.162617+00:00,0,0,,54b4e67925425482b0b257fce56aa3b6b4f544c767a81afb03f54755053f2586,,youtube-data-api-v3/commentThreads.list,,vRoToHC9STU,Step by Step (langkah) konfirmasi untuk entry,Rizki Aditama | Sekolah Trading,,
youtube,Rizki Aditama | Sekolah Trading,vRoToHC9STU,https://www.youtube.com/watch?v=vRoToHC9STU,Ugy5lcjQIbcM-qdvzPx4AaABAg,terimakasih mas tama,2025-05-25T01:18:08Z,2026-10-01T13:27:55.162617+00:00,0,0,,9394290de0fab4bcd293d99da5b158f1eb334f7fc83251b61ea9be921f0c8984,,youtube-data-api-v3/commentThreads.list,,vRoToHC9STU,Step by Step (langkah) konfirmasi untuk entry,Rizki Aditama | Sekolah Trading,,
youtube,Rizki Aditama | Sekolah Trading,vRoToHC9STU,https://www.youtube.com/watch?v=vRoToHC9STU,UgyouZjExrnnR79qItR4AaABAg,Pertalite bang,2022-05-08T13:03:32Z,2026-10-01T13:27:55.162617+00:00,1,0,,34a3d8f4ab5f2f455315e73430b071211486336fcf51deb9a96ca9530a289afb,,youtube-data-api-v3/commentThreads.list,,vRoToHC9STU,Step by Step (langkah) konfirmasi untuk entry,Rizki Aditama | Sekolah Trading,,
youtube,Rizki Aditama | Sekolah Trading,vRoToHC9STU,https://www.youtube.com/watch?v=vRoToHC9STU,Ugxj2Ko_oE0h56gO79N4AaABAg,"Makasihh mas tam akhirnya pertanyaan lama dijawab juga🤩🤩🤩
Awto likeee",2022-05-08T16:59:13Z,2026-10-01T13:27:55.162617+00:00,1,1,,9fea4adbd4cd4833082ca764c44f51ec0c9ed5ac5c23e7b469d73f07d4fffff8,,youtube-data-api-v3/commentThreads.list,,vRoToHC9STU,Step by Step (langkah) konfirmasi untuk entry,Rizki Aditama | Sekolah Trading,,
youtube,Rizki Aditama | Sekolah Trading,vRoToHC9STU,https://www.youtube.com/watch?v=vRoToHC9STU,Ugzqpnz145joVBQcBlR4AaABAg,Makin keren bang videonya,2022-05-14T11:49:33Z,2026-10-01T13:27:55.162617+00:00,0,1,,2ac6c4c69437b20846952aae165d69025eca1d6d13581e3f797be4a31478d82f,,youtube-data-api-v3/commentThreads.list,,vRoToHC9STU,Step by Step (langkah) konfirmasi untuk entry,Rizki Aditama | Sekolah Trading,,
youtube,Rizki Aditama | Sekolah Trading,vRoToHC9STU,https://www.youtube.com/watch?v=vRoToHC9STU,UgwC-Nf4kGMSKX5CdyR4AaABAg,Terimakasih mas Tama.,2022-05-08T22:03:59Z,2026-10-01T13:27:55.162617+00:00,0,1,,4b9fdc4730c70d68ceec643a880fdcf3f4780a550dc58908d638b08836331a44,,youtube-data-api-v3/commentThreads.list,,vRoToHC9STU,Step by Step (langkah) konfirmasi untuk entry,Rizki Aditama | Sekolah Trading,,
youtube,Rizki Aditama | Sekolah Trading,vRoToHC9STU,https://www.youtube.com/watch?v=vRoToHC9STU,UgyfjT5fbm0nk1o1IBV4AaABAg,assssshhhhhsiiiapppppp,2022-05-08T13:30:34Z,2026-10-01T13:27:55.162617+00:00,0,0,,0fe5bf4f02d8e191b45202d0291ebae54db4f752714dd1774580cf0182c8df5e,,youtube-data-api-v3/commentThreads.list,,vRoToHC9STU,Step by Step (langkah) konfirmasi untuk entry,Rizki Aditama | Sekolah Trading,,
youtube,Rizki Aditama | Sekolah Trading,vRoToHC9STU,https://www.youtube.com/watch?v=vRoToHC9STU,Ugxe4fG4okWPchSbUJx4AaABAg,"Bisa beli buku panduan trading terutama analisis , kandel dan cart pattan",2024-11-28T09:58:35Z,2026-10-01T13:27:55.162617+00:00,2,0,,59288d9a7805ecb4aa08024abbc942c776a3da704b6221afdb5a8c2fc05b6f98,,youtube-data-api-v3/commentThreads.list,,vRoToHC9STU,Step by Step (langkah) konfirmasi untuk entry,Rizki Aditama | Sekolah Trading,,
youtube,Rizki Aditama | Sekolah Trading,vRoToHC9STU,https://www.youtube.com/watch?v=vRoToHC9STU,UgwLvwnuPziunOlL4T94AaABAg,Seneng dengan penjelasan nya,2022-05-08T13:03:43Z,2026-10-01T13:27:55.162617+00:00,0,1,,4a7f64ce320053bb7c7525544fe897de3a8b6168d91b0aecb54e887b9f021ad5,,youtube-data-api-v3/commentThreads.list,,vRoToHC9STU,Step by Step (langkah) konfirmasi untuk entry,Rizki Aditama | Sekolah Trading,,
youtube,Rizki Aditama | Sekolah Trading,vRoToHC9STU,https://www.youtube.com/watch?v=vRoToHC9STU,UgwLvwnuPziunOlL4T94AaABAg.9al_hQs1HtQ9ala4X_SOVs,Om itu pakai trading view kah?,2022-05-08T13:07:00Z,2026-10-01T13:27:55.162617+00:00,0,0,,4a7f64ce320053bb7c7525544fe897de3a8b6168d91b0aecb54e887b9f021ad5,UgwLvwnuPziunOlL4T94AaABAg,youtube-data-api-v3/commentThreads.list,,vRoToHC9STU,Step by Step (langkah) konfirmasi untuk entry,Rizki Aditama | Sekolah Trading,,
youtube,Rizki Aditama | Sekolah Trading,vRoToHC9STU,https://www.youtube.com/watch?v=vRoToHC9STU,UgzmUvhXWN3ow2qwDrd4AaABAg,Maksih bang ilmunya baru bljar soalnya 😅,2022-05-11T17:33:19Z,2026-10-01T13:27:55.162617+00:00,0,1,,9150ba840fec0e2cf10fe3c389f12ea301b940b8f165f44f664c6e5f98c418a6,,youtube-data-api-v3/commentThreads.list,,vRoToHC9STU,Step by Step (langkah) konfirmasi untuk entry,Rizki Aditama | Sekolah Trading,,
youtube,Rizki Aditama | Sekolah Trading,vRoToHC9STU,https://www.youtube.com/watch?v=vRoToHC9STU,UgzsHQ22E0LY4rhulL14AaABAg,Cari momen seperti itu yg jarang d temui mas tama,2022-05-09T00:13:40Z,2026-10-01T13:27:55.162617+00:00,0,1,,fc93abb9d5505751765ab08ba44ec82e4f7fd76dd251978deccbea0158c438d2,,youtube-data-api-v3/commentThreads.list,,vRoToHC9STU,Step by Step (langkah) konfirmasi untuk entry,Rizki Aditama | Sekolah Trading,,
youtube,Rizki Aditama | Sekolah Trading,vRoToHC9STU,https://www.youtube.com/watch?v=vRoToHC9STU,Ugzud4yqerf1v1byS0t4AaABAg,Sukses terus untuk. Mas risky.. dan semoga sehat selalu.. 🙏🙏,2022-05-09T13:23:29Z,2026-10-01T13:27:55.162617+00:00,1,1,,6d0f6abd536b8438d4669829016451b58daa48d169d06a48080562507906fd5f,,youtube-data-api-v3/commentThreads.list,,vRoToHC9STU,Step by Step (langkah) konfirmasi untuk entry,Rizki Aditama | Sekolah Trading,,
youtube,Rizki Aditama | Sekolah Trading,vRoToHC9STU,https://www.youtube.com/watch?v=vRoToHC9STU,Ugzm1KBkpPxoHKUZGuB4AaABAg,"Sehat sllu mas Tama,trimakasih ilmunya",2022-05-09T02:57:24Z,2026-10-01T13:27:55.162617+00:00,0,1,,2ffa0c6432c348c9bb2579fabe596b5287b1047bfe0039d0f79934b442cb3fda,,youtube-data-api-v3/commentThreads.list,,vRoToHC9STU,Step by Step (langkah) konfirmasi untuk entry,Rizki Aditama | Sekolah Trading,,
youtube,Rizki Aditama | Sekolah Trading,vRoToHC9STU,https://www.youtube.com/watch?v=vRoToHC9STU,Ugy_qxRx4u08r8d9jZx4AaABAg,"Mas tama abis potong rambut ya, jie jie jie... Gantengnya berkeliling yaaa hahaha😀😀😀😀",2022-05-08T14:09:57Z,2026-10-01T13:27:55.162617+00:00,0,1,,b7996296cc410cd9c2dd022d3dc84dbc8a8d12aca35af8a5ebe98f5e35abfb7c,,youtube-data-api-v3/commentThreads.list,,vRoToHC9STU,Step by Step (langkah) konfirmasi untuk entry,Rizki Aditama | Sekolah Trading,,
youtube,Rizki Aditama | Sekolah Trading,vRoToHC9STU,https://www.youtube.com/watch?v=vRoToHC9STU,Ugz6A4YjV49yVTbXLj94AaABAg,"Sukses selalu mas e, suwun tenan iki daging kabeh iki video"" Ne",2022-07-06T00:42:10Z,2026-10-01T13:27:55.162617+00:00,0,0,,511ef16203968835d8e8cd927327d8fd393ccd211dc5b6cf41d2b2d42e1a10d3,,youtube-data-api-v3/commentThreads.list,,vRoToHC9STU,Step by Step (langkah) konfirmasi untuk entry,Rizki Aditama | Sekolah Trading,,
youtube,Rizki Aditama | Sekolah Trading,vRoToHC9STU,https://www.youtube.com/watch?v=vRoToHC9STU,Ugz01Zz0IZwGqQPF_wx4AaABAg,hallo mas tamaa🥰🥰🥰,2022-05-08T13:32:47Z,2026-10-01T13:27:55.162617+00:00,0,1,,910f50d6724256611bc96f96ae8efe9e2301f032990ba8bb7c38627edc796e6e,,youtube-data-api-v3/commentThreads.list,,vRoToHC9STU,Step by Step (langkah) konfirmasi untuk entry,Rizki Aditama | Sekolah Trading,,
youtube,Rizki Aditama | Sekolah Trading,vRoToHC9STU,https://www.youtube.com/watch?v=vRoToHC9STU,Ugy6Ss5hI1epoSWFYjF4AaABAg,Mas tolong bikin konten menentukan  titik swing high dan low yang valid. Pasti masih banyak yang kesulitan menentukannya. Karena ini penting banget,2022-05-10T23:55:29Z,2026-10-01T13:27:55.162617+00:00,14,5,,7c758777c5a5c83253eaf4023f87821633bdb6897bbb5081036b904fe41e651d,,youtube-data-api-v3/commentThreads.list,,vRoToHC9STU,Step by Step (langkah) konfirmasi untuk entry,Rizki Aditama | Sekolah Trading,,
youtube,Rizki Aditama | Sekolah Trading,vRoToHC9STU,https://www.youtube.com/watch?v=vRoToHC9STU,Ugy6Ss5hI1epoSWFYjF4AaABAg.9artsrJ-16J9jO1dwLoyrI,Pake stochastic Oscilator,2022-12-08T16:58:11Z,2026-10-01T13:27:55.162617+00:00,0,0,,c7d4610d32f10b7d338f420513e12e05d5643fdc56d826469a753613ec687c0f,Ugy6Ss5hI1epoSWFYjF4AaABAg,youtube-data-api-v3/commentThreads.list,,vRoToHC9STU,Step by Step (langkah) konfirmasi untuk entry,Rizki Aditama | Sekolah Trading,,
youtube,Rizki Aditama | Sekolah Trading,vRoToHC9STU,https://www.youtube.com/watch?v=vRoToHC9STU,Ugy6Ss5hI1epoSWFYjF4AaABAg.9artsrJ-16J9wHzyq7Annx,Gimana cara pakai stochastik?,2023-10-25T11:27:31Z,2026-10-01T13:27:55.162617+00:00,1,0,,863f86abb0fdd3fa3e96f856b022f261d6aacdea87a720c2f1f2865da91eef1b,Ugy6Ss5hI1epoSWFYjF4AaABAg,youtube-data-api-v3/commentThreads.list,,vRoToHC9STU,Step by Step (langkah) konfirmasi untuk entry,Rizki Aditama | Sekolah Trading,,
youtube,Rizki Aditama | Sekolah Trading,vRoToHC9STU,https://www.youtube.com/watch?v=vRoToHC9STU,Ugy6Ss5hI1epoSWFYjF4AaABAg.9artsrJ-16JAFtagxQHlqP,Paka practal,2025-03-20T13:44:53Z,2026-10-01T13:27:55.162617+00:00,0,0,,c25321b778a085540c09bd180eab45af00e25d953077dd666617f726d229e30a,Ugy6Ss5hI1epoSWFYjF4AaABAg,youtube-data-api-v3/commentThreads.list,,vRoToHC9STU,Step by Step (langkah) konfirmasi untuk entry,Rizki Aditama | Sekolah Trading,,
youtube,Rizki Aditama | Sekolah Trading,vRoToHC9STU,https://www.youtube.com/watch?v=vRoToHC9STU,Ugy6Ss5hI1epoSWFYjF4AaABAg.9artsrJ-16JAII7FN8JoBS,Tinggal tandai saja. Awal trend dan akhir dari trend.,2025-05-19T04:41:52Z,2026-10-01T13:27:55.162617+00:00,0,0,,a30a06dbb6b73f61ecdb9f9fc2f72d9cbd4ba6f559a550a4fc5fe6c851bf0f06,Ugy6Ss5hI1epoSWFYjF4AaABAg,youtube-data-api-v3/commentThreads.list,,vRoToHC9STU,Step by Step (langkah) konfirmasi untuk entry,Rizki Aditama | Sekolah Trading,,
youtube,Rizki Aditama | Sekolah Trading,vRoToHC9STU,https://www.youtube.com/watch?v=vRoToHC9STU,UgyeGSSDRYAIT0G3-AF4AaABAg,Next: Bagusan Trading berdasarkan Analisa Chart pattern atau candle stick,2022-05-08T16:26:30Z,2026-10-01T13:27:55.162617+00:00,2,1,,e595b2cc164142e292a517cd6f89cdc4005bc0296b66cc7d0169a20393b23f49,,youtube-data-api-v3/commentThreads.list,,vRoToHC9STU,Step by Step (langkah) konfirmasi untuk entry,Rizki Aditama | Sekolah Trading,,
youtube,Rizki Aditama | Sekolah Trading,vRoToHC9STU,https://www.youtube.com/watch?v=vRoToHC9STU,Ugx7FaHejKFOvbEvEPd4AaABAg,bang jelasin akun cent,2023-04-01T15:06:14Z,2026-10-01T13:27:55.162617+00:00,0,0,,5cc55e300ffff75f5abdcc8308d8fdcbdeeb48653dc5bebb4bf50e29497e168c,,youtube-data-api-v3/commentThreads.list,,vRoToHC9STU,Step by Step (langkah) konfirmasi untuk entry,Rizki Aditama | Sekolah Trading,,
youtube,Rizki Aditama | Sekolah Trading,vRoToHC9STU,https://www.youtube.com/watch?v=vRoToHC9STU,UgxWL0pV5OwZzhXYjIp4AaABAg,Mas bahas vwap dong,2022-05-08T15:39:29Z,2026-10-01T13:27:55.162617+00:00,0,0,,4ac41a4dd68a2549525abca73a95ed236a6e11584688ceaf555e5b176e7bece6,,youtube-data-api-v3/commentThreads.list,,vRoToHC9STU,Step by Step (langkah) konfirmasi untuk entry,Rizki Aditama | Sekolah Trading,,
youtube,Rizki Aditama | Sekolah Trading,vRoToHC9STU,https://www.youtube.com/watch?v=vRoToHC9STU,UgztO_fObyM0DBK4_0F4AaABAg,❤❤❤❤,2022-05-08T13:09:47Z,2026-10-01T13:27:55.162617+00:00,0,0,,c12854f1672db9226ca1c241a90df5ed648929b99221a5d143b3712bed4626c9,,youtube-data-api-v3/commentThreads.list,,vRoToHC9STU,Step by Step (langkah) konfirmasi untuk entry,Rizki Aditama | Sekolah Trading,,
youtube,Rizki Aditama | Sekolah Trading,vRoToHC9STU,https://www.youtube.com/watch?v=vRoToHC9STU,Ugyta-gEob4ThWR8FfV4AaABAg,Afliator👍🏽🤣,2022-05-10T07:39:34Z,2026-10-01T13:27:55.162617+00:00,0,1,,1272a11eb745c0037e3157acd57e1163c37f1337d853f0f4d9f1370accdba5a1,,youtube-data-api-v3/commentThreads.list,,vRoToHC9STU,Step by Step (langkah) konfirmasi untuk entry,Rizki Aditama | Sekolah Trading,,
youtube,Rizki Aditama | Sekolah Trading,vRoToHC9STU,https://www.youtube.com/watch?v=vRoToHC9STU,Ugxk0DZ164hzjjdceGx4AaABAg,Pak rizki izin bertanya apa itu strong low dan weck high,2024-08-27T07:32:55Z,2026-10-01T13:27:55.162617+00:00,1,0,,a60fdb01f039172724d6e562f5bdbd013273df4c40e2715116da8dca706838fc,,youtube-data-api-v3/commentThreads.list,,vRoToHC9STU,Step by Step (langkah) konfirmasi untuk entry,Rizki Aditama | Sekolah Trading,,
youtube,Rizki Aditama | Sekolah Trading,vRoToHC9STU,https://www.youtube.com/watch?v=vRoToHC9STU,UgyjBDgff8JtaWWwcgF4AaABAg,Ajarkan cara marking Breakout - Pulback - Entry bang,2022-05-10T11:20:06Z,2026-10-01T13:27:55.162617+00:00,0,1,,2575f3d161ea63d3e3aadc6cdb537c3f96970cb58b4662d01969eaf7fcc451a9,,youtube-data-api-v3/commentThreads.list,,vRoToHC9STU,Step by Step (langkah) konfirmasi untuk entry,Rizki Aditama | Sekolah Trading,,
youtube,Rizki Aditama | Sekolah Trading,vRoToHC9STU,https://www.youtube.com/watch?v=vRoToHC9STU,UgwDk4x7uAVewN6ZACJ4AaABAg,Mas Tama settingan fibonanci nya seperti apa?,2024-10-30T01:40:33Z,2026-10-01T13:27:55.162617+00:00,0,0,,297490e78e38e76e0b87bdd0bc2d2d750234482491682ca006e50ae9d630efd9,,youtube-data-api-v3/commentThreads.list,,vRoToHC9STU,Step by Step (langkah) konfirmasi untuk entry,Rizki Aditama | Sekolah Trading,,
youtube,Rizki Aditama | Sekolah Trading,vRoToHC9STU,https://www.youtube.com/watch?v=vRoToHC9STU,UgzRmLCDZqHOovKzFDF4AaABAg,"mas tama, bahas dong soal pembalikan arah trand",2022-05-08T14:18:01Z,2026-10-01T13:27:55.162617+00:00,0,1,,b47da229b72787f913cb2ced9779a0197b08e239cac63792df1b79c2beb691f0,,youtube-data-api-v3/commentThreads.list,,vRoToHC9STU,Step by Step (langkah) konfirmasi untuk entry,Rizki Aditama | Sekolah Trading,,
youtube,Rizki Aditama | Sekolah Trading,vRoToHC9STU,https://www.youtube.com/watch?v=vRoToHC9STU,UgwW25NbaxedPWaiAax4AaABAg,"Mas tama, tolong jelasin beda + persamaan trade di future crypto sama forex",2022-05-31T03:28:13Z,2026-10-01T13:27:55.162617+00:00,1,1,,5db8cc1436231805c5931f44c9058ac08d92b621b92f4c80bbd2c225899e9f98,,youtube-data-api-v3/commentThreads.list,,vRoToHC9STU,Step by Step (langkah) konfirmasi untuk entry,Rizki Aditama | Sekolah Trading,,
youtube,Rizki Aditama | Sekolah Trading,vRoToHC9STU,https://www.youtube.com/watch?v=vRoToHC9STU,UgwaOaG0kSgzBvdx3hh4AaABAg,Pak bikin tutorial deposit sma witdraw di forex dong mksh🙏,2022-05-08T14:19:45Z,2026-10-01T13:27:55.162617+00:00,0,4,,ea002c6be54af3ce3b30d4480e457b9536a93cfc2821947af41aa7dbbb2f5349,,youtube-data-api-v3/commentThreads.list,,vRoToHC9STU,Step by Step (langkah) konfirmasi untuk entry,Rizki Aditama | Sekolah Trading,,
youtube,Rizki Aditama | Sekolah Trading,vRoToHC9STU,https://www.youtube.com/watch?v=vRoToHC9STU,UgwaOaG0kSgzBvdx3hh4AaABAg.9aliPL4h8RE9amMshwlquz,Tergantung broker tuu bang,2022-05-08T20:22:10Z,2026-10-01T13:27:55.162617+00:00,1,0,,d0bee34fe88eed7bcb7ed8d01d05e0a82eaa2af0a8890c6e8c3f54ff8073cab2,UgwaOaG0kSgzBvdx3hh4AaABAg,youtube-data-api-v3/commentThreads.list,,vRoToHC9STU,Step by Step (langkah) konfirmasi untuk entry,Rizki Aditama | Sekolah Trading,,
youtube,Rizki Aditama | Sekolah Trading,vRoToHC9STU,https://www.youtube.com/watch?v=vRoToHC9STU,UgwaOaG0kSgzBvdx3hh4AaABAg.9aliPL4h8RE9am_SKM_HWh,@madielsullivantv8825 aku pke mt4 bg,2022-05-08T22:20:45Z,2026-10-01T13:27:55.162617+00:00,1,0,,ea002c6be54af3ce3b30d4480e457b9536a93cfc2821947af41aa7dbbb2f5349,UgwaOaG0kSgzBvdx3hh4AaABAg,youtube-data-api-v3/commentThreads.list,,vRoToHC9STU,Step by Step (langkah) konfirmasi untuk entry,Rizki Aditama | Sekolah Trading,,
youtube,Rizki Aditama | Sekolah Trading,vRoToHC9STU,https://www.youtube.com/watch?v=vRoToHC9STU,UgwaOaG0kSgzBvdx3hh4AaABAg.9aliPL4h8RE9an1kgUMKr2,Iy mt4 tp brokernya apa..,2022-05-09T02:36:48Z,2026-10-01T13:27:55.162617+00:00,1,0,,d0bee34fe88eed7bcb7ed8d01d05e0a82eaa2af0a8890c6e8c3f54ff8073cab2,UgwaOaG0kSgzBvdx3hh4AaABAg,youtube-data-api-v3/commentThreads.list,,vRoToHC9STU,Step by Step (langkah) konfirmasi untuk entry,Rizki Aditama | Sekolah Trading,,
youtube,Rizki Aditama | Sekolah Trading,vRoToHC9STU,https://www.youtube.com/watch?v=vRoToHC9STU,UgwaOaG0kSgzBvdx3hh4AaABAg.9aliPL4h8RE9an4y0fxQD3,@madielsullivantv8825 fbs bg,2022-05-09T03:04:50Z,2026-10-01T13:27:55.162617+00:00,1,0,,ea002c6be54af3ce3b30d4480e457b9536a93cfc2821947af41aa7dbbb2f5349,UgwaOaG0kSgzBvdx3hh4AaABAg,youtube-data-api-v3/commentThreads.list,,vRoToHC9STU,Step by Step (langkah) konfirmasi untuk entry,Rizki Aditama | Sekolah Trading,,
youtube,Rizki Aditama | Sekolah Trading,vRoToHC9STU,https://www.youtube.com/watch?v=vRoToHC9STU,Ugxz9tTBizMhvuE_K-t4AaABAg,"Mas tama tolong buatin tutor money managementnya dong sama spread saya masih agak bingung disana, ty 🙏",2022-05-14T08:46:23Z,2026-10-01T13:27:55.162617+00:00,1,1,,510aab2f76572c8d242ef865a1a91beb812e5840f1d57440fc16ee1a74fbfe4e,,youtube-data-api-v3/commentThreads.list,,vRoToHC9STU,Step by Step (langkah) konfirmasi untuk entry,Rizki Aditama | Sekolah Trading,,
youtube,Rizki Aditama | Sekolah Trading,vRoToHC9STU,https://www.youtube.com/watch?v=vRoToHC9STU,UgxGovE71MTpdJf0zhJ4AaABAg,gimana kalau gak ada konfirmasi dan langsung terus naik keatas? karna sering banget nunggu konfirmasi eee ternyata breakout resistance selanjutnya,2022-05-08T13:58:40Z,2026-10-01T13:27:55.162617+00:00,2,2,,4bde9636243bbab781a9d8f44920b9692d379b325035ae009f1f9226ed3c5835,,youtube-data-api-v3/commentThreads.list,,vRoToHC9STU,Step by Step (langkah) konfirmasi untuk entry,Rizki Aditama | Sekolah Trading,,
youtube,Rizki Aditama | Sekolah Trading,vRoToHC9STU,https://www.youtube.com/watch?v=vRoToHC9STU,UgxGovE71MTpdJf0zhJ4AaABAg.9alfzsc1wTz9anA096jh6N,iklasin,2022-05-09T03:48:58Z,2026-10-01T13:27:55.162617+00:00,0,0,,005b18837908601a60e25c6c289e84342697875652626f80ca3838324ab96180,UgxGovE71MTpdJf0zhJ4AaABAg,youtube-data-api-v3/commentThreads.list,,vRoToHC9STU,Step by Step (langkah) konfirmasi untuk entry,Rizki Aditama | Sekolah Trading,,
youtube,Rizki Aditama | Sekolah Trading,vRoToHC9STU,https://www.youtube.com/watch?v=vRoToHC9STU,Ugx__g22wxrgl_IR8Nh4AaABAg,apakah ini berlaku juga buat crypto?,2022-05-08T22:19:08Z,2026-10-01T13:27:55.162617+00:00,0,0,,e4d0f5e54f0bc663b480d0768c5ef2d7d42a333215e54ac8358a6f772599ca73,,youtube-data-api-v3/commentThreads.list,,vRoToHC9STU,Step by Step (langkah) konfirmasi untuk entry,Rizki Aditama | Sekolah Trading,,
youtube,Rizki Aditama | Sekolah Trading,vRoToHC9STU,https://www.youtube.com/watch?v=vRoToHC9STU,Ugx9ugMJGXmh6Cn0eDd4AaABAg,"Izin tanya mas,apa yang paling poin untuk di pelajari bagi pemula bg,mohon di jawab bg",2025-02-13T11:38:47Z,2026-10-01T13:27:55.162617+00:00,1,1,,bb36392a5cfe5b7cea1d31037c2a1638e7c649c866e1f028388ffb07b2e93718,,youtube-data-api-v3/commentThreads.list,,vRoToHC9STU,Step by Step (langkah) konfirmasi untuk entry,Rizki Aditama | Sekolah Trading,,
youtube,Rizki Aditama | Sekolah Trading,vRoToHC9STU,https://www.youtube.com/watch?v=vRoToHC9STU,UgyZdI7wLO4seFESZwF4AaABAg,Assalamualaikum bang bagai mana cara gabung live tredingnya bang mohon petunjuknya bang,2022-08-17T10:29:32Z,2026-10-01T13:27:55.162617+00:00,1,1,,d1b5d516f8883b1419fb7251a0954e56280994b83f4ea75af8f3528cb184cf64,,youtube-data-api-v3/commentThreads.list,,vRoToHC9STU,Step by Step (langkah) konfirmasi untuk entry,Rizki Aditama | Sekolah Trading,,
youtube,Rizki Aditama | Sekolah Trading,vRoToHC9STU,https://www.youtube.com/watch?v=vRoToHC9STU,UgxGqTSk01hRZqT-mLp4AaABAg,"Price action utk yg udah jago gak  butuh indikator, hebag, tp indikator utk membantu price action ky pemula sprt sy.",2022-05-16T11:49:27Z,2026-10-01T13:27:55.162617+00:00,0,1,,13f4a7d1bdb87f3d937a360d63ca63bc376ddbc68d0ae11eb51e03d85b19a116,,youtube-data-api-v3/commentThreads.list,,vRoToHC9STU,Step by Step (langkah) konfirmasi untuk entry,Rizki Aditama | Sekolah Trading,,
youtube,Rizki Aditama | Sekolah Trading,vRoToHC9STU,https://www.youtube.com/watch?v=vRoToHC9STU,UgxRuAgy48nsAkNe3jl4AaABAg,Bang mohin bahas ya kenapa oramg kebanyakan cepat2 ingin open posisi menurut sampean apa yang menyebabkan hal seperti itu haruskah buat ceklis? Sebelum into trade?,2022-12-28T13:15:50Z,2026-10-01T13:27:55.162617+00:00,2,2,,b81dc3b2f7b6b27fa53cfc36226b185b7d57eccd016ae57c9d2f32119d77f709,,youtube-data-api-v3/commentThreads.list,,vRoToHC9STU,Step by Step (langkah) konfirmasi untuk entry,Rizki Aditama | Sekolah Trading,,
youtube,Rizki Aditama | Sekolah Trading,vRoToHC9STU,https://www.youtube.com/watch?v=vRoToHC9STU,UgxRuAgy48nsAkNe3jl4AaABAg.9kB85uifkhR9kCmDI07D9z,@RizkiAditama anda sekarang panutan saya anda luar biasa,2022-12-29T04:34:21Z,2026-10-01T13:27:55.162617+00:00,0,0,,b81dc3b2f7b6b27fa53cfc36226b185b7d57eccd016ae57c9d2f32119d77f709,UgxRuAgy48nsAkNe3jl4AaABAg,youtube-data-api-v3/commentThreads.list,,vRoToHC9STU,Step by Step (langkah) konfirmasi untuk entry,Rizki Aditama | Sekolah Trading,,
youtube,Rizki Aditama | Sekolah Trading,vRoToHC9STU,https://www.youtube.com/watch?v=vRoToHC9STU,Ugx4NhqGjpr3MAqe_lt4AaABAg,"mas tama izin bertanya...
bagaimana caranya menggabungkan trendline dengan support dan resistance dan fibonacci ?
terima kasih sebelumnya mas 🙏",2022-05-08T13:32:34Z,2026-10-01T13:27:55.162617+00:00,3,3,,bbf56bd53660ddeedfa7e0f107b25e6498c72d0cf179ed6d64de813f9a88391b,,youtube-data-api-v3/commentThreads.list,,vRoToHC9STU,Step by Step (langkah) konfirmasi untuk entry,Rizki Aditama | Sekolah Trading,,
youtube,Rizki Aditama | Sekolah Trading,vRoToHC9STU,https://www.youtube.com/watch?v=vRoToHC9STU,Ugx4NhqGjpr3MAqe_lt4AaABAg.9ald-g0nR2O9alevSq4ZO9,Up,2022-05-08T13:49:19Z,2026-10-01T13:27:55.162617+00:00,0,0,,66960f1d23dec0af7cc2d1b7a0b818a09ffd4f9b22467ace17d58862ea954dcd,Ugx4NhqGjpr3MAqe_lt4AaABAg,youtube-data-api-v3/commentThreads.list,,vRoToHC9STU,Step by Step (langkah) konfirmasi untuk entry,Rizki Aditama | Sekolah Trading,,
youtube,Rizki Aditama | Sekolah Trading,vRoToHC9STU,https://www.youtube.com/watch?v=vRoToHC9STU,Ugx4NhqGjpr3MAqe_lt4AaABAg.9ald-g0nR2O9alrwGgL4vQ,"Bantu jwb, Kalo pake trading view cari aja indikator namanya support and resistance channel, buka timeframe 1H nanti ada gambar support & resistance terus digambar dah tu SnR dan bikin trendline, nanti cari sinyal di TF 15M atau 5M (unseen indikator support resistance channelnya biar ga pusing).",2022-05-08T15:43:02Z,2026-10-01T13:27:55.162617+00:00,3,0,,4ac41a4dd68a2549525abca73a95ed236a6e11584688ceaf555e5b176e7bece6,Ugx4NhqGjpr3MAqe_lt4AaABAg,youtube-data-api-v3/commentThreads.list,,vRoToHC9STU,Step by Step (langkah) konfirmasi untuk entry,Rizki Aditama | Sekolah Trading,,
youtube,Rizki Aditama | Sekolah Trading,vRoToHC9STU,https://www.youtube.com/watch?v=vRoToHC9STU,Ugz--lRA4OBMEhCLfa54AaABAg,Can u make vid about volume profile?,2022-05-08T13:03:45Z,2026-10-01T13:27:55.162617+00:00,0,1,,2d7ab0a314a1e8c01f9c925aadb661e54c0b90810bd9df97f8cf878bdfb05e16,,youtube-data-api-v3/commentThreads.list,,vRoToHC9STU,Step by Step (langkah) konfirmasi untuk entry,Rizki Aditama | Sekolah Trading,,
youtube,Rizki Aditama | Sekolah Trading,vRoToHC9STU,https://www.youtube.com/watch?v=vRoToHC9STU,UgzDjmgsqpOm7f2frTB4AaABAg,Mas di trading view bisa konek broker fbs gak? Dan apakah bisa sekalian open posisi di trading view?,2022-05-08T13:54:02Z,2026-10-01T13:27:55.163618+00:00,1,1,,2b4de9ed4abc058f43b15f411082a661ba1d71d6c75875a843f7b3bdceb00d00,,youtube-data-api-v3/commentThreads.list,,vRoToHC9STU,Step by Step (langkah) konfirmasi untuk entry,Rizki Aditama | Sekolah Trading,,
youtube,Rizki Aditama | Sekolah Trading,vRoToHC9STU,https://www.youtube.com/watch?v=vRoToHC9STU,UgzDjmgsqpOm7f2frTB4AaABAg.9alfSzm6OY-9amzzA_tt4u,"Kalo FBS gak bisa,bisanya kayak pepper stone",2022-05-09T02:12:34Z,2026-10-01T13:27:55.163618+00:00,0,0,,267aef1485d5af9ecb30dfc3cc38a7d53e51e098dd746a9933257d4a74c4afe9,UgzDjmgsqpOm7f2frTB4AaABAg,youtube-data-api-v3/commentThreads.list,,vRoToHC9STU,Step by Step (langkah) konfirmasi untuk entry,Rizki Aditama | Sekolah Trading,,
youtube,Rizki Aditama | Sekolah Trading,vRoToHC9STU,https://www.youtube.com/watch?v=vRoToHC9STU,UgyKMDq0Pf9nAGkzruV4AaABAg,tlg kasih link live tradingnya,2022-05-14T23:05:53Z,2026-10-01T13:27:55.163618+00:00,0,1,,8d5a061d19ca66ca1a53e24a2047c49345172dc7cbf7322005bfa831e324f64e,,youtube-data-api-v3/commentThreads.list,,vRoToHC9STU,Step by Step (langkah) konfirmasi untuk entry,Rizki Aditama | Sekolah Trading,,
youtube,Rizki Aditama | Sekolah Trading,vRoToHC9STU,https://www.youtube.com/watch?v=vRoToHC9STU,UgzV4ZpHXHO2U8q3hwt4AaABAg,"Mas Tama, contoh order block itu gimana",2022-05-08T22:14:56Z,2026-10-01T13:27:55.163618+00:00,0,1,,2160d72fadf566e957a27a7d2075fd31d74b58fc121ee50f67e86159a2a7eefe,,youtube-data-api-v3/commentThreads.list,,vRoToHC9STU,Step by Step (langkah) konfirmasi untuk entry,Rizki Aditama | Sekolah Trading,,
youtube,Rizki Aditama | Sekolah Trading,vRoToHC9STU,https://www.youtube.com/watch?v=vRoToHC9STU,Ugx0WY3IhDoHBQ8Dkex4AaABAg,Yg bagus trading eurusd dijam berapa kalo di indonesia jawa barat,2022-05-08T14:22:19Z,2026-10-01T13:27:55.163618+00:00,0,1,,91e7873f3d7bda89afaaafc91df2218a80b81da2f1cd04f7c0f850c83d3ba9be,,youtube-data-api-v3/commentThreads.list,,vRoToHC9STU,Step by Step (langkah) konfirmasi untuk entry,Rizki Aditama | Sekolah Trading,,
youtube,Rizki Aditama | Sekolah Trading,vRoToHC9STU,https://www.youtube.com/watch?v=vRoToHC9STU,UgxDKk3d8XplzdQAcOp4AaABAg,New York season jam brpa mas tama,2022-05-08T19:29:37Z,2026-10-01T13:27:55.163618+00:00,0,1,,79edf7f893b7f5f6197ad7cf90063af6354fd3f284fe83d03adad1302c57a2eb,,youtube-data-api-v3/commentThreads.list,,vRoToHC9STU,Step by Step (langkah) konfirmasi untuk entry,Rizki Aditama | Sekolah Trading,,
youtube,Rizki Aditama | Sekolah Trading,vRoToHC9STU,https://www.youtube.com/watch?v=vRoToHC9STU,UgwrF6rK-1FgOEgl-gp4AaABAg,Ada grup trading nya?,2024-07-26T03:56:44Z,2026-10-01T13:27:55.163618+00:00,1,1,,68f02a3820dc21710dbd2aa8e13294c5ec38a2ced60395cc4b6a99017af6e085,,youtube-data-api-v3/commentThreads.list,,vRoToHC9STU,Step by Step (langkah) konfirmasi untuk entry,Rizki Aditama | Sekolah Trading,,
youtube,Rizki Aditama | Sekolah Trading,vRoToHC9STU,https://www.youtube.com/watch?v=vRoToHC9STU,Ugwl6_4H3b5hagocYxh4AaABAg,"Bang, cara gabung trading live nya gmn?",2022-08-15T06:31:59Z,2026-10-01T13:27:55.163618+00:00,1,1,,640bfca3b9b318935e2f6db884153e3dcf4d30452b8b03092251bab1f16e4435,,youtube-data-api-v3/commentThreads.list,,vRoToHC9STU,Step by Step (langkah) konfirmasi untuk entry,Rizki Aditama | Sekolah Trading,,
youtube,Rizki Aditama | Sekolah Trading,vRoToHC9STU,https://www.youtube.com/watch?v=vRoToHC9STU,Ugwra7pw4cMALa-TNG54AaABAg,Kalo untuk waktu di future market crypto new York season nya sama ga mas kaya di forex? Saya cek di google ga da semoga di balas 🙏,2022-05-08T19:59:51Z,2026-10-01T13:27:55.163618+00:00,0,1,,79edf7f893b7f5f6197ad7cf90063af6354fd3f284fe83d03adad1302c57a2eb,,youtube-data-api-v3/commentThreads.list,,vRoToHC9STU,Step by Step (langkah) konfirmasi untuk entry,Rizki Aditama | Sekolah Trading,,
youtube,Rizki Aditama | Sekolah Trading,vRoToHC9STU,https://www.youtube.com/watch?v=vRoToHC9STU,UgzPHPcSFscGmr6DBf54AaABAg,Mas Tama nama backsound pas livetrade apa?,2022-05-09T12:25:14Z,2026-10-01T13:27:55.163618+00:00,0,1,,144539dfd8902069866ee5a62402ca4ad8729d0978f73d483d4fff4c22284b6f,,youtube-data-api-v3/commentThreads.list,,vRoToHC9STU,Step by Step (langkah) konfirmasi untuk entry,Rizki Aditama | Sekolah Trading,,
youtube,Rizki Aditama | Sekolah Trading,vRoToHC9STU,https://www.youtube.com/watch?v=vRoToHC9STU,Ugw6gDPbigNDmv4w0Q54AaABAg,Mas mau nanya gimana caranya mengetahui berapa pips market akan bergerak ketika kita ingin buy atu sell. Semoga di jawab Trimakasih,2022-05-12T15:18:01Z,2026-10-01T13:27:55.163618+00:00,0,1,,cef2a42923eb055f83e184cdb5c55138a9f941b15dcc16e9943751fe463ffa3c,,youtube-data-api-v3/commentThreads.list,,vRoToHC9STU,Step by Step (langkah) konfirmasi untuk entry,Rizki Aditama | Sekolah Trading,,
youtube,Rizki Aditama | Sekolah Trading,vRoToHC9STU,https://www.youtube.com/watch?v=vRoToHC9STU,UgzcT7uxx15-Q5GXBZF4AaABAg,channel live tradingnya dimana?..,2023-03-08T11:56:09Z,2026-10-01T13:27:55.163618+00:00,1,2,,0688e30eb7644462e6656cde979dc1d8611ec584354f7e652a7f9e557ab93274,,youtube-data-api-v3/commentThreads.list,,vRoToHC9STU,Step by Step (langkah) konfirmasi untuk entry,Rizki Aditama | Sekolah Trading,,
youtube,Rizki Aditama | Sekolah Trading,vRoToHC9STU,https://www.youtube.com/watch?v=vRoToHC9STU,UgzcT7uxx15-Q5GXBZF4AaABAg.9n-EcU71hD79n1Qz-iWyn1,Siaapp,2023-03-09T08:22:33Z,2026-10-01T13:27:55.163618+00:00,0,0,,9bb32b2abc331d4f38d9d77c3e4da8fce649a9318e0667bea465add98a9c0ced,UgzcT7uxx15-Q5GXBZF4AaABAg,youtube-data-api-v3/commentThreads.list,,vRoToHC9STU,Step by Step (langkah) konfirmasi untuk entry,Rizki Aditama | Sekolah Trading,,
youtube,Rizki Aditama | Sekolah Trading,vRoToHC9STU,https://www.youtube.com/watch?v=vRoToHC9STU,UgwTMOmaveSbxcqjxKZ4AaABAg,Mas ada nggak strategi trading yg profit dng hanya memantau chart saat pergantian chandle harian saja ?,2022-05-19T06:42:47Z,2026-10-01T13:27:55.163618+00:00,0,1,,6579652b6fc7944387cf518ec99ab338ac60659c6b4c8ea0189c94321f994aff,,youtube-data-api-v3/commentThreads.list,,vRoToHC9STU,Step by Step (langkah) konfirmasi untuk entry,Rizki Aditama | Sekolah Trading,,
youtube,Rizki Aditama | Sekolah Trading,vRoToHC9STU,https://www.youtube.com/watch?v=vRoToHC9STU,UgxIJpsyKu0Nwx6khaR4AaABAg,"pertanyaan gua gak pernah di konfrim, vidionya cuma 5 menit doang :(",2022-05-08T16:35:32Z,2026-10-01T13:27:55.163618+00:00,0,1,,652d26a8c7f2ea88ac17784534274831c5329e7bfdced63d77a899ecd9e10fc7,,youtube-data-api-v3/commentThreads.list,,vRoToHC9STU,Step by Step (langkah) konfirmasi untuk entry,Rizki Aditama | Sekolah Trading,,
youtube,Rizki Aditama | Sekolah Trading,vRoToHC9STU,https://www.youtube.com/watch?v=vRoToHC9STU,Ugxr6SHoXoSgU28gmkd4AaABAg,"mas tama,berita fundamental yang paling berpangaruh  terhadap market ada berapa dan apa saja beritanya?",2022-05-08T16:40:19Z,2026-10-01T13:27:55.163618+00:00,0,3,,677daaba1c5cfeb2a7611553ffbdfbeb0e59f9e2dcf9fd6c1da5ce86d2e9659d,,youtube-data-api-v3/commentThreads.list,,vRoToHC9STU,Step by Step (langkah) konfirmasi untuk entry,Rizki Aditama | Sekolah Trading,,
youtube,Rizki Aditama | Sekolah Trading,vRoToHC9STU,https://www.youtube.com/watch?v=vRoToHC9STU,Ugxr6SHoXoSgU28gmkd4AaABAg.9alyUojJsUv9amN4lL_1Au,Fomc  ngab...,2022-05-08T20:23:57Z,2026-10-01T13:27:55.163618+00:00,0,0,,d0bee34fe88eed7bcb7ed8d01d05e0a82eaa2af0a8890c6e8c3f54ff8073cab2,Ugxr6SHoXoSgU28gmkd4AaABAg,youtube-data-api-v3/commentThreads.list,,vRoToHC9STU,Step by Step (langkah) konfirmasi untuk entry,Rizki Aditama | Sekolah Trading,,
youtube,Rizki Aditama | Sekolah Trading,vRoToHC9STU,https://www.youtube.com/watch?v=vRoToHC9STU,Ugxr6SHoXoSgU28gmkd4AaABAg.9alyUojJsUv9anOFq8H6Ct,@ANDЯOMAN MLBB  iy.. Nfp jg tp yg paling gila tuh fomc stau sy.. Kyk kmren nfp gk prah2 amad,2022-05-09T05:53:26Z,2026-10-01T13:27:55.163618+00:00,0,0,,d0bee34fe88eed7bcb7ed8d01d05e0a82eaa2af0a8890c6e8c3f54ff8073cab2,Ugxr6SHoXoSgU28gmkd4AaABAg,youtube-data-api-v3/commentThreads.list,,vRoToHC9STU,Step by Step (langkah) konfirmasi untuk entry,Rizki Aditama | Sekolah Trading,,
youtube,Rizki Aditama | Sekolah Trading,vRoToHC9STU,https://www.youtube.com/watch?v=vRoToHC9STU,UgwEPk7oo2_8qpdOFqh4AaABAg,apa bedaqnya trading intrade ama scalping bang?,2022-05-13T13:18:56Z,2026-10-01T13:27:55.163618+00:00,1,1,,15fd8e787466a88231c8994572ce7711e4e823820e47651438ae9792b8390b41,,youtube-data-api-v3/commentThreads.list,,vRoToHC9STU,Step by Step (langkah) konfirmasi untuk entry,Rizki Aditama | Sekolah Trading,,
youtube,Rizki Aditama | Sekolah Trading,vRoToHC9STU,https://www.youtube.com/watch?v=vRoToHC9STU,UgxDJgMyUJ1u7AecU2Z4AaABAg,ada grup telegram nya kah?,2022-05-08T14:27:25Z,2026-10-01T13:27:55.163618+00:00,0,1,,13c84af39b9968effd395f3339a1bfb58cbc4c81d57d5581b4d02def496bdd7d,,youtube-data-api-v3/commentThreads.list,,vRoToHC9STU,Step by Step (langkah) konfirmasi untuk entry,Rizki Aditama | Sekolah Trading,,
youtube,Rizki Aditama | Sekolah Trading,vRoToHC9STU,https://www.youtube.com/watch?v=vRoToHC9STU,UgyWfojOU1gPdiQj57N4AaABAg,"Mas tama apakah benar kalo mata uang depannya usd naik , sebaliknya yang belakangan usd turun ,begitu juga di gbp dll?",2022-05-08T13:17:08Z,2026-10-01T13:27:55.163618+00:00,0,3,,b1ee1fd3f8720a5fe799af0fc2a65a7fdaba91c5dccc1939ac52df86e12ac43a,,youtube-data-api-v3/commentThreads.list,,vRoToHC9STU,Step by Step (langkah) konfirmasi untuk entry,Rizki Aditama | Sekolah Trading,,
youtube,Rizki Aditama | Sekolah Trading,vRoToHC9STU,https://www.youtube.com/watch?v=vRoToHC9STU,UgyWfojOU1gPdiQj57N4AaABAg.9albEg4DawU9alfWqtcX0v,Iya tapi tidak selalu. Tetap tggu konfirmasi aja kalau mau entry,2022-05-08T13:54:34Z,2026-10-01T13:27:55.163618+00:00,0,0,,eb760e82069cc44ee0bf32a8cbb3ea93faa29334a01bea41dc9be59cb46caceb,UgyWfojOU1gPdiQj57N4AaABAg,youtube-data-api-v3/commentThreads.list,,vRoToHC9STU,Step by Step (langkah) konfirmasi untuk entry,Rizki Aditama | Sekolah Trading,,
youtube,Rizki Aditama | Sekolah Trading,vRoToHC9STU,https://www.youtube.com/watch?v=vRoToHC9STU,UgyWfojOU1gPdiQj57N4AaABAg.9albEg4DawU9algJHue8Vq,"Iya mas ,bisa bisa buat acuan aja gitu liat trendnya",2022-05-08T14:01:27Z,2026-10-01T13:27:55.163618+00:00,0,0,,b1ee1fd3f8720a5fe799af0fc2a65a7fdaba91c5dccc1939ac52df86e12ac43a,UgyWfojOU1gPdiQj57N4AaABAg,youtube-data-api-v3/commentThreads.list,,vRoToHC9STU,Step by Step (langkah) konfirmasi untuk entry,Rizki Aditama | Sekolah Trading,,
youtube,Rizki Aditama | Sekolah Trading,vRoToHC9STU,https://www.youtube.com/watch?v=vRoToHC9STU,UgwpMc0eLqSsdqukrll4AaABAg,"mas tama. bagus ga kalau kita pakai indikator auto sup,res / auto trendline . kalau bagus boleh contohkan mana yg bagus 🙏 terimakasih",2022-05-10T11:10:34Z,2026-10-01T13:27:55.163618+00:00,0,1,,d48abb31b9d6472ae5fc40743e6d85648048b000ec9e6ab88dba29f14c740709,,youtube-data-api-v3/commentThreads.list,,vRoToHC9STU,Step by Step (langkah) konfirmasi untuk entry,Rizki Aditama | Sekolah Trading,,
youtube,Rizki Aditama | Sekolah Trading,vRoToHC9STU,https://www.youtube.com/watch?v=vRoToHC9STU,Ugw73Df4bn0sO-bH_HR4AaABAg,"Mas tama,, cara perhitungan pip di tiap pair itu kan beda beda cara menghitungnya dari mana, tipsnya cara kita bisa tau pip tiap pair itu bagaimana?",2022-05-08T15:26:40Z,2026-10-01T13:27:55.163618+00:00,0,2,,96864d1a36a10c013b4e7e029d9f6461c649ea6a4dc95859241e71ccd12a362c,,youtube-data-api-v3/commentThreads.list,,vRoToHC9STU,Step by Step (langkah) konfirmasi untuk entry,Rizki Aditama | Sekolah Trading,,
youtube,Rizki Aditama | Sekolah Trading,vRoToHC9STU,https://www.youtube.com/watch?v=vRoToHC9STU,Ugw73Df4bn0sO-bH_HR4AaABAg.9alq3Q5SXN4A17HfazwJa3,@RizkiAditama terima kasih mas tama 🙏,2024-03-18T10:47:38Z,2026-10-01T13:27:55.163618+00:00,0,0,,96864d1a36a10c013b4e7e029d9f6461c649ea6a4dc95859241e71ccd12a362c,Ugw73Df4bn0sO-bH_HR4AaABAg,youtube-data-api-v3/commentThreads.list,,vRoToHC9STU,Step by Step (langkah) konfirmasi untuk entry,Rizki Aditama | Sekolah Trading,,
youtube,Rizki Aditama | Sekolah Trading,vRoToHC9STU,https://www.youtube.com/watch?v=vRoToHC9STU,UgzFCe2msbmChl79E314AaABAg,"Bang mau bertanya bang Rizky trading for living atau nggak? 
Semoga di jawab terimakasih 🙏",2022-05-08T13:07:10Z,2026-10-01T13:27:55.163618+00:00,0,1,,66b4f5ccb27a15c33693cd05241b8dff6414ef93ed13009b7a7caffa5e635763,,youtube-data-api-v3/commentThreads.list,,vRoToHC9STU,Step by Step (langkah) konfirmasi untuk entry,Rizki Aditama | Sekolah Trading,,
youtube,Rizki Aditama | Sekolah Trading,vRoToHC9STU,https://www.youtube.com/watch?v=vRoToHC9STU,Ugw1sVJNRNWganmwfZt4AaABAg,Pak apa itu quasimodo ?,2022-05-08T15:44:17Z,2026-10-01T13:27:55.163618+00:00,0,1,,85fefabac0152d925356db077cf92f2f8e33ddb2f99a7c4d021e703705172929,,youtube-data-api-v3/commentThreads.list,,vRoToHC9STU,Step by Step (langkah) konfirmasi untuk entry,Rizki Aditama | Sekolah Trading,,
youtube,Rizki Aditama | Sekolah Trading,vRoToHC9STU,https://www.youtube.com/watch?v=vRoToHC9STU,UgwwIbIIbHHgMIkOsC14AaABAg,"Maaf min jangan sering"" bahasa inggris saol nya aku susah memahami nya nggak tau bahasa inggris soal nya 
Gua pemula baru mau belajar trading maaf min 🙏",2022-11-11T03:18:12Z,2026-10-01T13:27:55.163618+00:00,0,1,,f075d55b612c0fce2d88e9853cfe9ba0a57e4d5f046b051bc5ea237d2e0083a5,,youtube-data-api-v3/commentThreads.list,,vRoToHC9STU,Step by Step (langkah) konfirmasi untuk entry,Rizki Aditama | Sekolah Trading,,
youtube,Rizki Aditama | Sekolah Trading,vRoToHC9STU,https://www.youtube.com/watch?v=vRoToHC9STU,UgyxVi39WAP533Wl15Z4AaABAg,Ada kelas khusus gak kk,2024-05-11T04:39:57Z,2026-10-01T13:27:55.163618+00:00,0,1,,4546ad81371c5d2aa09299d982fc119d6903a2e79607469903c828036188fcf5,,youtube-data-api-v3/commentThreads.list,,vRoToHC9STU,Step by Step (langkah) konfirmasi untuk entry,Rizki Aditama | Sekolah Trading,,
youtube,Rizki Aditama | Sekolah Trading,vRoToHC9STU,https://www.youtube.com/watch?v=vRoToHC9STU,UgwzwfYUR1CW1u4HmA54AaABAg,"Tolong dong vidionya jangan di kasi vidio2 meme gitu
Ini kan vidio pembelajaran bukan komedi",2022-05-09T03:17:48Z,2026-10-01T13:27:55.163618+00:00,0,2,,0dba66d93368d1b068a966358016ffd7fa3199c38ebf7bbf1c498e6327117b9c,,youtube-data-api-v3/commentThreads.list,,vRoToHC9STU,Step by Step (langkah) konfirmasi untuk entry,Rizki Aditama | Sekolah Trading,,
youtube,Rizki Aditama | Sekolah Trading,vRoToHC9STU,https://www.youtube.com/watch?v=vRoToHC9STU,UgwzwfYUR1CW1u4HmA54AaABAg.9an6Rr-CR0N9anXi9yu9M9,Sekedar usul saja pak,2022-05-09T07:16:05Z,2026-10-01T13:27:55.163618+00:00,0,0,,0dba66d93368d1b068a966358016ffd7fa3199c38ebf7bbf1c498e6327117b9c,UgwzwfYUR1CW1u4HmA54AaABAg,youtube-data-api-v3/commentThreads.list,,vRoToHC9STU,Step by Step (langkah) konfirmasi untuk entry,Rizki Aditama | Sekolah Trading,,
youtube,Rizki Aditama | Sekolah Trading,vRoToHC9STU,https://www.youtube.com/watch?v=vRoToHC9STU,Ugx1dua_KjM8Q5oRpQd4AaABAg,Mas tama pake broker apa ya 🙏,2022-05-08T13:27:05Z,2026-10-01T13:27:55.163618+00:00,0,3,,f6abc9f2565477cf31f0ee205163c11dfedf74505d85081c77737b41b6c9c86b,,youtube-data-api-v3/commentThreads.list,,vRoToHC9STU,Step by Step (langkah) konfirmasi untuk entry,Rizki Aditama | Sekolah Trading,,
youtube,Rizki Aditama | Sekolah Trading,vRoToHC9STU,https://www.youtube.com/watch?v=vRoToHC9STU,Ugx1dua_KjM8Q5oRpQd4AaABAg.9alcNZgEeeZ9alfC4MraA9,"Nggak mau di bilang mas tapi klo seperti tes"" broker dia udh tes banyak broker salahsatunya Octa",2022-05-08T13:51:44Z,2026-10-01T13:27:55.163618+00:00,0,0,,66960f1d23dec0af7cc2d1b7a0b818a09ffd4f9b22467ace17d58862ea954dcd,Ugx1dua_KjM8Q5oRpQd4AaABAg,youtube-data-api-v3/commentThreads.list,,vRoToHC9STU,Step by Step (langkah) konfirmasi untuk entry,Rizki Aditama | Sekolah Trading,,
youtube,Rizki Aditama | Sekolah Trading,vRoToHC9STU,https://www.youtube.com/watch?v=vRoToHC9STU,Ugx1dua_KjM8Q5oRpQd4AaABAg.9alcNZgEeeZ9atQ6N64yW0,Octa apak ya ?,2022-05-11T14:05:04Z,2026-10-01T13:27:55.163618+00:00,0,0,,f6abc9f2565477cf31f0ee205163c11dfedf74505d85081c77737b41b6c9c86b,Ugx1dua_KjM8Q5oRpQd4AaABAg,youtube-data-api-v3/commentThreads.list,,vRoToHC9STU,Step by Step (langkah) konfirmasi untuk entry,Rizki Aditama | Sekolah Trading,,
youtube,Rizki Aditama | Sekolah Trading,vRoToHC9STU,https://www.youtube.com/watch?v=vRoToHC9STU,UgxEAlu2Re_SyX_HeYB4AaABAg,"Mending lu nyuruh orang buat jelasin di videonya mas, lu terlalu cepat jelasinya soalnya, kurang jelas",2022-05-08T13:57:44Z,2026-10-01T13:27:55.163618+00:00,0,8,,54e605ddf0ad31e3330614ae21edc42a0505ca0f6945af8ee256a7e7e921e6ba,,youtube-data-api-v3/commentThreads.list,,vRoToHC9STU,Step by Step (langkah) konfirmasi untuk entry,Rizki Aditama | Sekolah Trading,,
youtube,Rizki Aditama | Sekolah Trading,vRoToHC9STU,https://www.youtube.com/watch?v=vRoToHC9STU,UgxEAlu2Re_SyX_HeYB4AaABAg.9alft2TvWs99algXrC7683,"Bro ini gayanya mas Tama, loe gk suka gausah nonton",2022-05-08T14:03:26Z,2026-10-01T13:27:55.163618+00:00,0,0,,2dd53e6d738194c2ff3045bab18634f1aa8683c2cf9ae9736ebb1166b0ce8889,UgxEAlu2Re_SyX_HeYB4AaABAg,youtube-data-api-v3/commentThreads.list,,vRoToHC9STU,Step by Step (langkah) konfirmasi untuk entry,Rizki Aditama | Sekolah Trading,,
youtube,Rizki Aditama | Sekolah Trading,vRoToHC9STU,https://www.youtube.com/watch?v=vRoToHC9STU,UgxEAlu2Re_SyX_HeYB4AaABAg.9alft2TvWs99ali-Dn-fbl,"Sorry ya bro ngikut, lu belajar free aja ribet apa lagi berbayar. Sorry lo bro gue ngikut comment.",2022-05-08T14:16:11Z,2026-10-01T13:27:55.163618+00:00,0,0,,b7996296cc410cd9c2dd022d3dc84dbc8a8d12aca35af8a5ebe98f5e35abfb7c,UgxEAlu2Re_SyX_HeYB4AaABAg,youtube-data-api-v3/commentThreads.list,,vRoToHC9STU,Step by Step (langkah) konfirmasi untuk entry,Rizki Aditama | Sekolah Trading,,
youtube,Rizki Aditama | Sekolah Trading,vRoToHC9STU,https://www.youtube.com/watch?v=vRoToHC9STU,UgxEAlu2Re_SyX_HeYB4AaABAg.9alft2TvWs99aljrrXLwgK,"@asepsutianarohimat7103 lah emang ini cuman saran boy, banyak tuh yg komen kecepetan di video sebelumnya",2022-05-08T14:32:31Z,2026-10-01T13:27:55.163618+00:00,0,0,,54e605ddf0ad31e3330614ae21edc42a0505ca0f6945af8ee256a7e7e921e6ba,UgxEAlu2Re_SyX_HeYB4AaABAg,youtube-data-api-v3/commentThreads.list,,vRoToHC9STU,Step by Step (langkah) konfirmasi untuk entry,Rizki Aditama | Sekolah Trading,,
youtube,Rizki Aditama | Sekolah Trading,vRoToHC9STU,https://www.youtube.com/watch?v=vRoToHC9STU,UgxEAlu2Re_SyX_HeYB4AaABAg.9alft2TvWs99alw9nzVt-X,@cindyind kalo nyuruh orang yaudah jadi bukan channel mas Tama!! Lu aja bro yg cari orang lain yg lama jelasinnya wkk,2022-05-08T16:19:58Z,2026-10-01T13:27:55.163618+00:00,0,0,,2dd53e6d738194c2ff3045bab18634f1aa8683c2cf9ae9736ebb1166b0ce8889,UgxEAlu2Re_SyX_HeYB4AaABAg,youtube-data-api-v3/commentThreads.list,,vRoToHC9STU,Step by Step (langkah) konfirmasi untuk entry,Rizki Aditama | Sekolah Trading,,
youtube,Rizki Aditama | Sekolah Trading,vRoToHC9STU,https://www.youtube.com/watch?v=vRoToHC9STU,UgxEAlu2Re_SyX_HeYB4AaABAg.9alft2TvWs99am2F6q3E7n,"Speed nya dikurangi,diulang² klo liat sekali ya gak bakalan paham,mw ilmu gratis harus diulang².",2022-05-08T17:21:51Z,2026-10-01T13:27:55.163618+00:00,0,0,,f2f0966aaaa9e286f712629d48e3a7bcd0685d31b14f4bc2de6cb181508a6011,UgxEAlu2Re_SyX_HeYB4AaABAg,youtube-data-api-v3/commentThreads.list,,vRoToHC9STU,Step by Step (langkah) konfirmasi untuk entry,Rizki Aditama | Sekolah Trading,,
youtube,Rizki Aditama | Sekolah Trading,vRoToHC9STU,https://www.youtube.com/watch?v=vRoToHC9STU,UgyAXkRSGyLyFlgZR954AaABAg,"Mas Tama, contoh order block itu gimana",2022-05-08T22:15:19Z,2026-10-01T13:27:55.163618+00:00,0,1,,2160d72fadf566e957a27a7d2075fd31d74b58fc121ee50f67e86159a2a7eefe,,youtube-data-api-v3/commentThreads.list,,vRoToHC9STU,Step by Step (langkah) konfirmasi untuk entry,Rizki Aditama | Sekolah Trading,,
youtube,Rizki Aditama | Sekolah Trading,vRoToHC9STU,https://www.youtube.com/watch?v=vRoToHC9STU,UgyvnAs46W0IKI9iMXJ4AaABAg,"Mas Tama, contoh order block itu gimana",2022-05-08T22:15:27Z,2026-10-01T13:27:55.163618+00:00,0,1,,2160d72fadf566e957a27a7d2075fd31d74b58fc121ee50f67e86159a2a7eefe,,youtube-data-api-v3/commentThreads.list,,vRoToHC9STU,Step by Step (langkah) konfirmasi untuk entry,Rizki Aditama | Sekolah Trading,,
youtube,Rizki Aditama | Sekolah Trading,vRoToHC9STU,https://www.youtube.com/watch?v=vRoToHC9STU,UgxHDHP4yVajp19j0gx4AaABAg,"Mas Tama, contoh order block itu gimana",2022-05-08T22:15:38Z,2026-10-01T13:27:55.163618+00:00,0,1,,2160d72fadf566e957a27a7d2075fd31d74b58fc121ee50f67e86159a2a7eefe,,youtube-data-api-v3/commentThreads.list,,vRoToHC9STU,Step by Step (langkah) konfirmasi untuk entry,Rizki Aditama | Sekolah Trading,,
youtube,Rizki Aditama | Sekolah Trading,vRoToHC9STU,https://www.youtube.com/watch?v=vRoToHC9STU,UgwXDHxVtpfknuVDF0N4AaABAg,"Mas Tama, contoh order block itu gimana",2022-05-08T22:15:43Z,2026-10-01T13:27:55.163618+00:00,0,1,,2160d72fadf566e957a27a7d2075fd31d74b58fc121ee50f67e86159a2a7eefe,,youtube-data-api-v3/commentThreads.list,,vRoToHC9STU,Step by Step (langkah) konfirmasi untuk entry,Rizki Aditama | Sekolah Trading,,
youtube,Rizki Aditama | Sekolah Trading,vRoToHC9STU,https://www.youtube.com/watch?v=vRoToHC9STU,Ugwip7y-vbZOKAWC_Mt4AaABAg,"Mas Tama, contoh order block itu gimana",2022-05-08T22:15:53Z,2026-10-01T13:27:55.163618+00:00,0,1,,2160d72fadf566e957a27a7d2075fd31d74b58fc121ee50f67e86159a2a7eefe,,youtube-data-api-v3/commentThreads.list,,vRoToHC9STU,Step by Step (langkah) konfirmasi untuk entry,Rizki Aditama | Sekolah Trading,,
youtube,Rizki Aditama | Sekolah Trading,vRoToHC9STU,https://www.youtube.com/watch?v=vRoToHC9STU,UgzbOnqrGT20n0TnONF4AaABAg,"Mas Tama, contoh order block itu gimana",2022-05-08T22:16:02Z,2026-10-01T13:27:55.163618+00:00,0,1,,2160d72fadf566e957a27a7d2075fd31d74b58fc121ee50f67e86159a2a7eefe,,youtube-data-api-v3/commentThreads.list,,vRoToHC9STU,Step by Step (langkah) konfirmasi untuk entry,Rizki Aditama | Sekolah Trading,,
youtube,Rizki Aditama | Sekolah Trading,vRoToHC9STU,https://www.youtube.com/watch?v=vRoToHC9STU,UgzCsr6HP9Rc6b7anVp4AaABAg,"Mas Tama, contoh order block itu gimana",2022-05-08T22:16:10Z,2026-10-01T13:27:55.163618+00:00,0,1,,2160d72fadf566e957a27a7d2075fd31d74b58fc121ee50f67e86159a2a7eefe,,youtube-data-api-v3/commentThreads.list,,vRoToHC9STU,Step by Step (langkah) konfirmasi untuk entry,Rizki Aditama | Sekolah Trading,,
youtube,Rizki Aditama | Sekolah Trading,vRoToHC9STU,https://www.youtube.com/watch?v=vRoToHC9STU,Ugz1EjqcalaHKWlngOZ4AaABAg,"Mas Tama, contoh order block itu gimana",2022-05-08T22:16:19Z,2026-10-01T13:27:55.163618+00:00,0,1,,2160d72fadf566e957a27a7d2075fd31d74b58fc121ee50f67e86159a2a7eefe,,youtube-data-api-v3/commentThreads.list,,vRoToHC9STU,Step by Step (langkah) konfirmasi untuk entry,Rizki Aditama | Sekolah Trading,,
youtube,Brad Goh (The Trading Geek),kis7l0y1JUg,https://www.youtube.com/watch?v=kis7l0y1JUg,UgzDsxav9oZBZ7VHRiV4AaABAg.9fflTZMy7Oi9ffpO1Tvw9r,Wow im looking forward to you sir. Want to join too. Lots of ideas i get. Thanks,2022-09-07T14:02:16Z,2026-10-01T13:27:58.021790+00:00,3,0,,efc3ad0f96bcbebaa7c759ec0e196e48981b3f2f0dd8b4f4e38b09509d8b61fa,UgzDsxav9oZBZ7VHRiV4AaABAg,youtube-data-api-v3/commentThreads.list,,kis7l0y1JUg,Trading SECRETS: Pro Entry &amp; Exit Strategies Explained,Brad Goh (The Trading Geek),,
youtube,Brad Goh (The Trading Geek),kis7l0y1JUg,https://www.youtube.com/watch?v=kis7l0y1JUg,UgzDsxav9oZBZ7VHRiV4AaABAg.9fflTZMy7Oi9hxT2KNQAft,Yeah 👍👍,2022-11-03T03:27:27Z,2026-10-01T13:27:58.021790+00:00,1,0,,3e81f94b98b277fc8b654f676a9e9512db18e183d1ad984fb1053700fc7b3dc6,UgzDsxav9oZBZ7VHRiV4AaABAg,youtube-data-api-v3/commentThreads.list,,kis7l0y1JUg,Trading SECRETS: Pro Entry &amp; Exit Strategies Explained,Brad Goh (The Trading Geek),,
youtube,Brad Goh (The Trading Geek),kis7l0y1JUg,https://www.youtube.com/watch?v=kis7l0y1JUg,UgzDsxav9oZBZ7VHRiV4AaABAg.9fflTZMy7Oi9i63nlSnvfI,Right,2022-11-06T20:59:17Z,2026-10-01T13:27:58.021790+00:00,0,0,,d93b70a95dbc542e3fda47ac4a66547d8b0cca748e0f3d27ee053128222dd129,UgzDsxav9oZBZ7VHRiV4AaABAg,youtube-data-api-v3/commentThreads.list,,kis7l0y1JUg,Trading SECRETS: Pro Entry &amp; Exit Strategies Explained,Brad Goh (The Trading Geek),,
youtube,Brad Goh (The Trading Geek),kis7l0y1JUg,https://www.youtube.com/watch?v=kis7l0y1JUg,UgzDsxav9oZBZ7VHRiV4AaABAg.9fflTZMy7Oi9ijrCvxej7G,@The Trading Geek would you consider hosting a live trade challenge to help those with small accounts compound/ grow their small accounts using your signals ( it should be a paid service/ challenge of course) 😊,2022-11-22T17:09:23Z,2026-10-01T13:27:58.021790+00:00,2,0,,89de8d6cd582a9f0dabdb37514194275efbc8c11b84b91b8937ff4e2db12eadf,UgzDsxav9oZBZ7VHRiV4AaABAg,youtube-data-api-v3/commentThreads.list,,kis7l0y1JUg,Trading SECRETS: Pro Entry &amp; Exit Strategies Explained,Brad Goh (The Trading Geek),,
youtube,Brad Goh (The Trading Geek),kis7l0y1JUg,https://www.youtube.com/watch?v=kis7l0y1JUg,UgzDsxav9oZBZ7VHRiV4AaABAg.9fflTZMy7Oi9nhH3acB1sv,"Hello, Does your signal chanel exist?",2023-03-25T23:43:17Z,2026-10-01T13:27:58.021790+00:00,0,0,,88f9cb7bf18b40b8c56da0b9165fb45f75f11c9e85d0d76064a978223033e822,UgzDsxav9oZBZ7VHRiV4AaABAg,youtube-data-api-v3/commentThreads.list,,kis7l0y1JUg,Trading SECRETS: Pro Entry &amp; Exit Strategies Explained,Brad Goh (The Trading Geek),,
youtube,Brad Goh (The Trading Geek),kis7l0y1JUg,https://www.youtube.com/watch?v=kis7l0y1JUg,UgwlOMfulSgWtW3jyjF4AaABAg,I applied the little knowledge learnt from your previous video and i had 8 winning streak for the first time since December 2023 i started trading forex 💱 thank you i forever stick to your channel. ❤,2024-04-14T22:37:09Z,2026-10-01T13:27:58.021790+00:00,121,3,,d2e84f452a4bb48bc4136f1930cd07994b5cd4ab10cba63cd87959b277d173b8,,youtube-data-api-v3/commentThreads.list,,kis7l0y1JUg,Trading SECRETS: Pro Entry &amp; Exit Strategies Explained,Brad Goh (The Trading Geek),,
youtube,Brad Goh (The Trading Geek),kis7l0y1JUg,https://www.youtube.com/watch?v=kis7l0y1JUg,UgwlOMfulSgWtW3jyjF4AaABAg.A2E4Kw6442CA6NsUkRA_H7,That video link plz,2024-07-27T04:02:53Z,2026-10-01T13:27:58.021790+00:00,2,0,,be2f4361db0b70865f6a0d49976c2422c4260b8825517ec82f3838a40614de59,UgwlOMfulSgWtW3jyjF4AaABAg,youtube-data-api-v3/commentThreads.list,,kis7l0y1JUg,Trading SECRETS: Pro Entry &amp; Exit Strategies Explained,Brad Goh (The Trading Geek),,
youtube,Brad Goh (The Trading Geek),kis7l0y1JUg,https://www.youtube.com/watch?v=kis7l0y1JUg,UgwlOMfulSgWtW3jyjF4AaABAg.A2E4Kw6442CA9eiOHaSbTO,Link please,2024-10-16T15:55:07Z,2026-10-01T13:27:58.021790+00:00,3,0,,bb697a0255fd0fd2d19cc910164710e67ac148d0d50b527d5279d16bbc925cf1,UgwlOMfulSgWtW3jyjF4AaABAg,youtube-data-api-v3/commentThreads.list,,kis7l0y1JUg,Trading SECRETS: Pro Entry &amp; Exit Strategies Explained,Brad Goh (The Trading Geek),,
youtube,Brad Goh (The Trading Geek),kis7l0y1JUg,https://www.youtube.com/watch?v=kis7l0y1JUg,UgwlOMfulSgWtW3jyjF4AaABAg.A2E4Kw6442CASAw9BKk1oI,the video link please,2026-01-19T22:55:26Z,2026-10-01T13:27:58.021790+00:00,1,0,,775839b4bbe0312687722ef7b6e33fa9250d82f45350b568e1dca6a4b1f1cd7c,UgwlOMfulSgWtW3jyjF4AaABAg,youtube-data-api-v3/commentThreads.list,,kis7l0y1JUg,Trading SECRETS: Pro Entry &amp; Exit Strategies Explained,Brad Goh (The Trading Geek),,
youtube,Brad Goh (The Trading Geek),kis7l0y1JUg,https://www.youtube.com/watch?v=kis7l0y1JUg,UgyntZMzIESD2UtM5ut4AaABAg,"pro tip: learn one tradeing strategy , focus , be consistent , be patient , diciplined , keep them all together and start tradeing.",2022-09-30T18:26:17Z,2026-10-01T13:27:58.021790+00:00,137,4,,9f4c7ab5510f9c6a898638a967f276d2bc69867a467e5aff5c3a024becba0a84,,youtube-data-api-v3/commentThreads.list,,kis7l0y1JUg,Trading SECRETS: Pro Entry &amp; Exit Strategies Explained,Brad Goh (The Trading Geek),,
youtube,Brad Goh (The Trading Geek),kis7l0y1JUg,https://www.youtube.com/watch?v=kis7l0y1JUg,UgyntZMzIESD2UtM5ut4AaABAg.9gbWsprE4t1ABQUAAFw1IB,Good advice,2024-11-29T10:56:18Z,2026-10-01T13:27:58.021790+00:00,1,0,,5d49e88818cea509e29e98a9b458137049bbe5acb99eb8e5056742537a2fdd73,UgyntZMzIESD2UtM5ut4AaABAg,youtube-data-api-v3/commentThreads.list,,kis7l0y1JUg,Trading SECRETS: Pro Entry &amp; Exit Strategies Explained,Brad Goh (The Trading Geek),,
youtube,Brad Goh (The Trading Geek),kis7l0y1JUg,https://www.youtube.com/watch?v=kis7l0y1JUg,UgyntZMzIESD2UtM5ut4AaABAg.9gbWsprE4t1ALoXZWwiEBt,but which strategy? there is like 10000 strategy videos,2025-08-14T17:40:57Z,2026-10-01T13:27:58.021790+00:00,3,0,,5f51c39b3844133f7f2caf58517419f34182eb7f347d0b004d072fc45986c62e,UgyntZMzIESD2UtM5ut4AaABAg,youtube-data-api-v3/commentThreads.list,,kis7l0y1JUg,Trading SECRETS: Pro Entry &amp; Exit Strategies Explained,Brad Goh (The Trading Geek),,
youtube,Brad Goh (The Trading Geek),kis7l0y1JUg,https://www.youtube.com/watch?v=kis7l0y1JUg,UgyntZMzIESD2UtM5ut4AaABAg.9gbWsprE4t1AOi6-bk1ioH,​@FGX_TRADESgather info and work with any strategy that you flow with best.,2025-10-25T19:18:50Z,2026-10-01T13:27:58.021790+00:00,0,0,,ddc843452c08fbe6002143d3727a99308ac1b93cd1b369af6c66b7e7b46c3562,UgyntZMzIESD2UtM5ut4AaABAg,youtube-data-api-v3/commentThreads.list,,kis7l0y1JUg,Trading SECRETS: Pro Entry &amp; Exit Strategies Explained,Brad Goh (The Trading Geek),,
youtube,Brad Goh (The Trading Geek),kis7l0y1JUg,https://www.youtube.com/watch?v=kis7l0y1JUg,UgyntZMzIESD2UtM5ut4AaABAg.9gbWsprE4t1AUXvufjmjYD,"​@FGX_TRADESmake one mentor observe his or her life ,test his/her strategy  ,only watch his or her videos , learn from one mentor",2026-03-19T14:18:38Z,2026-10-01T13:27:58.021790+00:00,0,0,,01c95a29b2d90b6566f7b9e271f5d5df2fd1e95ee3ce843c42d8f2830947dc03,UgyntZMzIESD2UtM5ut4AaABAg,youtube-data-api-v3/commentThreads.list,,kis7l0y1JUg,Trading SECRETS: Pro Entry &amp; Exit Strategies Explained,Brad Goh (The Trading Geek),,
youtube,Brad Goh (The Trading Geek),kis7l0y1JUg,https://www.youtube.com/watch?v=kis7l0y1JUg,UgxaNSw8nvIsDw7pPUZ4AaABAg,2025 Still watching I always come back to learn more,2025-04-06T19:51:00Z,2026-10-01T13:27:58.021790+00:00,9,0,,f65eecc9745f4601e377c29d60b741c2c09a9bb1d943588a6ebc18f9acbfdcec,,youtube-data-api-v3/commentThreads.list,,kis7l0y1JUg,Trading SECRETS: Pro Entry &amp; Exit Strategies Explained,Brad Goh (The Trading Geek),,
youtube,Brad Goh (The Trading Geek),kis7l0y1JUg,https://www.youtube.com/watch?v=kis7l0y1JUg,UgzDjI6Z_fkJpKCeqHN4AaABAg,"I've gotta say FINALLY. Someone who speaks to me in a way that isn't complicated, that shows me where I have been going wrong and has shown me AMAZING strategies. You've earned yourself a fan, not just a follower!",2023-02-10T19:51:34Z,2026-10-01T13:27:58.021790+00:00,129,3,,7a791d865a7e2d76e5acfeb6e25d4deeba6219827ca590d655c5eb6536fdb55e,,youtube-data-api-v3/commentThreads.list,,kis7l0y1JUg,Trading SECRETS: Pro Entry &amp; Exit Strategies Explained,Brad Goh (The Trading Geek),,
youtube,Brad Goh (The Trading Geek),kis7l0y1JUg,https://www.youtube.com/watch?v=kis7l0y1JUg,UgzDjI6Z_fkJpKCeqHN4AaABAg.9ly8MqabOjZ9vbYr4VLv26,Same ❤,2023-10-08T14:34:26Z,2026-10-01T13:27:58.021790+00:00,0,0,,3850f8b2bce78ea7905ea58c61ed15348c7c5f5bc5b021037b8595dbc3e3f00b,UgzDjI6Z_fkJpKCeqHN4AaABAg,youtube-data-api-v3/commentThreads.list,,kis7l0y1JUg,Trading SECRETS: Pro Entry &amp; Exit Strategies Explained,Brad Goh (The Trading Geek),,
youtube,Brad Goh (The Trading Geek),kis7l0y1JUg,https://www.youtube.com/watch?v=kis7l0y1JUg,UgzDjI6Z_fkJpKCeqHN4AaABAg.9ly8MqabOjZ9xx6bdN_8Rn,Can you all help me?? Is he trading options because I never see him buy and sell what he just bought.  His take  profit is larger as the trend descends,2023-12-05T16:33:44Z,2026-10-01T13:27:58.021790+00:00,1,0,,5933613ec39390f04dcd7fdb03f36ea6f9838e60a35b24a4e9cccbed07384924,UgzDjI6Z_fkJpKCeqHN4AaABAg,youtube-data-api-v3/commentThreads.list,,kis7l0y1JUg,Trading SECRETS: Pro Entry &amp; Exit Strategies Explained,Brad Goh (The Trading Geek),,
youtube,Brad Goh (The Trading Geek),kis7l0y1JUg,https://www.youtube.com/watch?v=kis7l0y1JUg,UgzDjI6Z_fkJpKCeqHN4AaABAg.9ly8MqabOjZA4iAHQS1sNG,"Omg same, all these ""traders"" uses the fancy lingo when us beginners dunno what happening 😭😂",2024-06-15T17:28:21Z,2026-10-01T13:27:58.021790+00:00,2,0,,1a5cc7565866fbcf754df3e65c2e6718c7826c304f1a3789530024084ce6118a,UgzDjI6Z_fkJpKCeqHN4AaABAg,youtube-data-api-v3/commentThreads.list,,kis7l0y1JUg,Trading SECRETS: Pro Entry &amp; Exit Strategies Explained,Brad Goh (The Trading Geek),,
youtube,Brad Goh (The Trading Geek),kis7l0y1JUg,https://www.youtube.com/watch?v=kis7l0y1JUg,UgyIgKi7C4QxYrpT6Ax4AaABAg,Patience is key your advice really helped me significantly👍,2023-06-19T23:51:12Z,2026-10-01T13:27:58.021790+00:00,8,0,,5fdc1b2ddac080577fcae5e2fe148e17ca8aee889f4b27f93a696ca8131a36a6,,youtube-data-api-v3/commentThreads.list,,kis7l0y1JUg,Trading SECRETS: Pro Entry &amp; Exit Strategies Explained,Brad Goh (The Trading Geek),,
youtube,Brad Goh (The Trading Geek),kis7l0y1JUg,https://www.youtube.com/watch?v=kis7l0y1JUg,UgyVcns6YR5L_z963Z94AaABAg,How much I enjoy watching you (our guide),2023-04-11T23:09:52Z,2026-10-01T13:27:58.021790+00:00,0,0,,b9690f1338bec8183b7536f0b9762e0abe5fdab160a268d91672311c65b60f39,,youtube-data-api-v3/commentThreads.list,,kis7l0y1JUg,Trading SECRETS: Pro Entry &amp; Exit Strategies Explained,Brad Goh (The Trading Geek),,
youtube,Brad Goh (The Trading Geek),kis7l0y1JUg,https://www.youtube.com/watch?v=kis7l0y1JUg,UgzaqbGLT_qfgepFN3p4AaABAg,"finally , a basic shortcut for beginners ..",2024-01-28T23:36:12Z,2026-10-01T13:27:58.021790+00:00,13,0,,382739a97c067ede7d151498343aad895e281f2af03787e527412dcf6da6dc81,,youtube-data-api-v3/commentThreads.list,,kis7l0y1JUg,Trading SECRETS: Pro Entry &amp; Exit Strategies Explained,Brad Goh (The Trading Geek),,
youtube,Brad Goh (The Trading Geek),kis7l0y1JUg,https://www.youtube.com/watch?v=kis7l0y1JUg,Ugxvuyorqe1IEREjOBl4AaABAg,"The way you explained entry and exit timing for higher-probability trades was really helpful. Many traders focus only on entries, but mastering exits is what actually protects profits. Great explanation! 📈🔥",2026-03-06T09:41:27Z,2026-10-01T13:27:58.021790+00:00,0,0,,fd185695a1b25b821828491e52d51b2330d95ba58b0dd7317aced7e44ca89c21,,youtube-data-api-v3/commentThreads.list,,kis7l0y1JUg,Trading SECRETS: Pro Entry &amp; Exit Strategies Explained,Brad Goh (The Trading Geek),,
youtube,Brad Goh (The Trading Geek),kis7l0y1JUg,https://www.youtube.com/watch?v=kis7l0y1JUg,UgwSo3NtuYP4iSxyTxh4AaABAg,"I love this guy method of teaching. And teacher and an entertainer as well 😂
More wisdom to u bro❤",2023-12-30T12:55:32Z,2026-10-01T13:27:58.021790+00:00,2,0,,705a65d6d8873f9cb580c620e9de16ed8517533e593320bae96452b0a7646424,,youtube-data-api-v3/commentThreads.list,,kis7l0y1JUg,Trading SECRETS: Pro Entry &amp; Exit Strategies Explained,Brad Goh (The Trading Geek),,
youtube,Brad Goh (The Trading Geek),kis7l0y1JUg,https://www.youtube.com/watch?v=kis7l0y1JUg,UgwKXCyBu2YY3ObMmjl4AaABAg,You change a lot of life bro you wish you the best,2022-10-09T05:36:25Z,2026-10-01T13:27:58.021790+00:00,1,0,,08e28daf7f677a471f8cafdde83421e9c9f127acf49d7a52ef4ac13c4eb74389,,youtube-data-api-v3/commentThreads.list,,kis7l0y1JUg,Trading SECRETS: Pro Entry &amp; Exit Strategies Explained,Brad Goh (The Trading Geek),,
youtube,Brad Goh (The Trading Geek),kis7l0y1JUg,https://www.youtube.com/watch?v=kis7l0y1JUg,UgzZxzfNnqx9sv51Ujx4AaABAg,Can't believe I paid $400 to learn this and here is given for free😭😭,2024-05-25T09:36:41Z,2026-10-01T13:27:58.021790+00:00,11,4,,8b85a15f0ffa3d80086cb6fbb343d1498db7a9f30787d88e4d1cf9aa80028a0a,,youtube-data-api-v3/commentThreads.list,,kis7l0y1JUg,Trading SECRETS: Pro Entry &amp; Exit Strategies Explained,Brad Goh (The Trading Geek),,
youtube,Brad Goh (The Trading Geek),kis7l0y1JUg,https://www.youtube.com/watch?v=kis7l0y1JUg,UgzZxzfNnqx9sv51Ujx4AaABAg.A3rFbYEsMq6AEHpAULOr_N,Am so sorry 😢😢😢,2025-02-08T15:49:36Z,2026-10-01T13:27:58.021790+00:00,0,0,,9cf8e389916e6474aecf89b12fbc6dad825822cbcbf31498c8d2b6845b7c3e9c,UgzZxzfNnqx9sv51Ujx4AaABAg,youtube-data-api-v3/commentThreads.list,,kis7l0y1JUg,Trading SECRETS: Pro Entry &amp; Exit Strategies Explained,Brad Goh (The Trading Geek),,
youtube,Brad Goh (The Trading Geek),kis7l0y1JUg,https://www.youtube.com/watch?v=kis7l0y1JUg,UgzZxzfNnqx9sv51Ujx4AaABAg.A3rFbYEsMq6AGJxzdpdo6D,You have money and that's what they want,2025-03-31T04:47:54Z,2026-10-01T13:27:58.021790+00:00,0,0,,612af935fb18b2321805a2189f2a34c4e4bcab2b7a86bc4bcdaeea2e16a3405b,UgzZxzfNnqx9sv51Ujx4AaABAg,youtube-data-api-v3/commentThreads.list,,kis7l0y1JUg,Trading SECRETS: Pro Entry &amp; Exit Strategies Explained,Brad Goh (The Trading Geek),,
youtube,Brad Goh (The Trading Geek),kis7l0y1JUg,https://www.youtube.com/watch?v=kis7l0y1JUg,UgzZxzfNnqx9sv51Ujx4AaABAg.A3rFbYEsMq6AKrzE2yQIJ3,How far you have goon now dear,2025-07-22T05:17:44Z,2026-10-01T13:27:58.021790+00:00,0,0,,e963ee7cd9e825481c338d7910b9acbc30a6aa8bf6538bd78225221e7941c425,UgzZxzfNnqx9sv51Ujx4AaABAg,youtube-data-api-v3/commentThreads.list,,kis7l0y1JUg,Trading SECRETS: Pro Entry &amp; Exit Strategies Explained,Brad Goh (The Trading Geek),,
youtube,Brad Goh (The Trading Geek),kis7l0y1JUg,https://www.youtube.com/watch?v=kis7l0y1JUg,UgzZxzfNnqx9sv51Ujx4AaABAg.A3rFbYEsMq6ANLu3goCJBb,Dey whine yourself 😂,2025-09-21T22:31:53Z,2026-10-01T13:27:58.021790+00:00,0,0,,a3f6b8c738ba27a05558682f3962b08bc9da7132ed43c517e0a8256f867a8917,UgzZxzfNnqx9sv51Ujx4AaABAg,youtube-data-api-v3/commentThreads.list,,kis7l0y1JUg,Trading SECRETS: Pro Entry &amp; Exit Strategies Explained,Brad Goh (The Trading Geek),,
youtube,Brad Goh (The Trading Geek),kis7l0y1JUg,https://www.youtube.com/watch?v=kis7l0y1JUg,UgzV7sGT1HI84Ovw4Xt4AaABAg,nice video my cousin landed on the street and someone gave him 100 pounds to his bank account and he flipped 100 pounds in to 123million thank you very much for the video now his walking around streets giving 100 pounds to every homless guy and telling them to trade,2024-11-16T01:18:54Z,2026-10-01T13:27:58.021790+00:00,2,0,,00845c5877e85778d6f64a8133f334f8c56a86b95868f63ea6c36d060305f995,,youtube-data-api-v3/commentThreads.list,,kis7l0y1JUg,Trading SECRETS: Pro Entry &amp; Exit Strategies Explained,Brad Goh (The Trading Geek),,
youtube,Brad Goh (The Trading Geek),kis7l0y1JUg,https://www.youtube.com/watch?v=kis7l0y1JUg,UgxX6tmqna6h63r0ial4AaABAg,I love this guy. He does a very good job teaching and he makes it as entertaining as possible. Appreciate you,2023-08-17T04:24:39Z,2026-10-01T13:27:58.021790+00:00,15,0,,e5499641d024a54de77ce4ec7d69d0f7cc663958e4c070de02f5ed957fe54459,,youtube-data-api-v3/commentThreads.list,,kis7l0y1JUg,Trading SECRETS: Pro Entry &amp; Exit Strategies Explained,Brad Goh (The Trading Geek),,
youtube,Brad Goh (The Trading Geek),kis7l0y1JUg,https://www.youtube.com/watch?v=kis7l0y1JUg,UgzIIYWvGgnyhRYu9xN4AaABAg,Man I like the way you talk and trade.,2022-11-15T17:28:09Z,2026-10-01T13:27:58.021790+00:00,0,0,,507a9dce629fa2c165c6d917a3c3d88464280e18b8324b8fcbc475615d63f506,,youtube-data-api-v3/commentThreads.list,,kis7l0y1JUg,Trading SECRETS: Pro Entry &amp; Exit Strategies Explained,Brad Goh (The Trading Geek),,
youtube,Brad Goh (The Trading Geek),kis7l0y1JUg,https://www.youtube.com/watch?v=kis7l0y1JUg,UgyK1kXNDxFWNUPsWK14AaABAg,You are the best Teacher I've met so far. Thank you,2022-11-17T12:02:31Z,2026-10-01T13:27:58.021790+00:00,15,0,,a1c6af9017ea47d6d36b39965e2880b56646d459aecaa096f3e6ed462169bd48,,youtube-data-api-v3/commentThreads.list,,kis7l0y1JUg,Trading SECRETS: Pro Entry &amp; Exit Strategies Explained,Brad Goh (The Trading Geek),,
youtube,Brad Goh (The Trading Geek),kis7l0y1JUg,https://www.youtube.com/watch?v=kis7l0y1JUg,Ugx_l4diJqpD0m4XVJZ4AaABAg,Thankyou for simplifying to take trade,2022-11-18T03:11:10Z,2026-10-01T13:27:58.021790+00:00,0,0,,1308fc293069891647c770e341ddd928d01616ec7c7538111b4f51d0d2b66683,,youtube-data-api-v3/commentThreads.list,,kis7l0y1JUg,Trading SECRETS: Pro Entry &amp; Exit Strategies Explained,Brad Goh (The Trading Geek),,
youtube,Brad Goh (The Trading Geek),kis7l0y1JUg,https://www.youtube.com/watch?v=kis7l0y1JUg,UgwUg70bipEdDf3q85d4AaABAg,I've watched tons of videos. Not to seem like a jackass in a way. This guy barely speaks English. I understood how to do this better than any other video I have watched. This guy actually shows you what to do. Was 100% worth my time and a like and subscribe! 👍,2024-05-02T03:18:28Z,2026-10-01T13:27:58.021790+00:00,13,2,,275b981f5ddbcc4cf806498bb7cdabe5cde95971d30ebbe2516fd58b86ef8930,,youtube-data-api-v3/commentThreads.list,,kis7l0y1JUg,Trading SECRETS: Pro Entry &amp; Exit Strategies Explained,Brad Goh (The Trading Geek),,
youtube,Brad Goh (The Trading Geek),kis7l0y1JUg,https://www.youtube.com/watch?v=kis7l0y1JUg,UgwUg70bipEdDf3q85d4AaABAg.A2vM2DsFil4AC4pOGwqcgR,Agreed,2024-12-15T21:38:34Z,2026-10-01T13:27:58.021790+00:00,0,0,,50536b224541413c2a67eea4d05d9c42d0417b0a6e6eebf464246d6a502a40ee,UgwUg70bipEdDf3q85d4AaABAg,youtube-data-api-v3/commentThreads.list,,kis7l0y1JUg,Trading SECRETS: Pro Entry &amp; Exit Strategies Explained,Brad Goh (The Trading Geek),,
youtube,Brad Goh (The Trading Geek),kis7l0y1JUg,https://www.youtube.com/watch?v=kis7l0y1JUg,UgwUg70bipEdDf3q85d4AaABAg.A2vM2DsFil4AETJtxy-bxb,Facts,2025-02-13T02:58:29Z,2026-10-01T13:27:58.021790+00:00,0,0,,3ae1cbaf13275504410e978e378046c69b90cadd241ae17d976f27d124b73be5,UgwUg70bipEdDf3q85d4AaABAg,youtube-data-api-v3/commentThreads.list,,kis7l0y1JUg,Trading SECRETS: Pro Entry &amp; Exit Strategies Explained,Brad Goh (The Trading Geek),,
youtube,Brad Goh (The Trading Geek),kis7l0y1JUg,https://www.youtube.com/watch?v=kis7l0y1JUg,UgxifVbX99chPwJyWwV4AaABAg,Good afternoon I just joined your telegram group can't wait to start understanding how to trade been following your steps I basically got your stuff saved in my YouTube LOL,2022-10-12T17:16:34Z,2026-10-01T13:27:58.021790+00:00,0,0,,b0543fe515e2ad119d1f773ee918e3ea02a69b6d4fcd71693298fd81135c47c2,,youtube-data-api-v3/commentThreads.list,,kis7l0y1JUg,Trading SECRETS: Pro Entry &amp; Exit Strategies Explained,Brad Goh (The Trading Geek),,
youtube,Brad Goh (The Trading Geek),kis7l0y1JUg,https://www.youtube.com/watch?v=kis7l0y1JUg,UgwzUA9cKW0Z1_d4tQB4AaABAg,"I have been scared of entries but now with these two videos that I watched from you,  I am happy and get more confident
Thanks for this great videos.",2023-06-17T13:37:27Z,2026-10-01T13:27:58.021790+00:00,6,1,,801b89e48ac542af7209c371a00370501ca482ed3a3bd354a3cbc88e731ae9db,,youtube-data-api-v3/commentThreads.list,,kis7l0y1JUg,Trading SECRETS: Pro Entry &amp; Exit Strategies Explained,Brad Goh (The Trading Geek),,
youtube,Brad Goh (The Trading Geek),kis7l0y1JUg,https://www.youtube.com/watch?v=kis7l0y1JUg,UgwzUA9cKW0Z1_d4tQB4AaABAg.9r3UVmgFp3c9rnpTDNDfql,How's your day trading going ? I'm new also,2023-07-05T22:53:38Z,2026-10-01T13:27:58.021790+00:00,1,0,,645af659c8bd5210735cce5960da002e4705421df0a0464bb4741ce006ce6d07,UgwzUA9cKW0Z1_d4tQB4AaABAg,youtube-data-api-v3/commentThreads.list,,kis7l0y1JUg,Trading SECRETS: Pro Entry &amp; Exit Strategies Explained,Brad Goh (The Trading Geek),,
youtube,Brad Goh (The Trading Geek),kis7l0y1JUg,https://www.youtube.com/watch?v=kis7l0y1JUg,UgyfCPa1CYpNlVAamTx4AaABAg,I'm here to stay my friend. I Love your videos &  I'm actually learning.  Keep up the great work BABY!!! ...MUAHHHHH :),2022-09-07T22:05:41Z,2026-10-01T13:27:58.021790+00:00,0,0,,4d8995be6462fac2d8f83a1460a576da520ee2f29ea94219ba9ce63706719be6,,youtube-data-api-v3/commentThreads.list,,kis7l0y1JUg,Trading SECRETS: Pro Entry &amp; Exit Strategies Explained,Brad Goh (The Trading Geek),,
youtube,Brad Goh (The Trading Geek),kis7l0y1JUg,https://www.youtube.com/watch?v=kis7l0y1JUg,Ugzy4QyYj7HdrCrK0kJ4AaABAg,"I invested £1500 with with Zane Omar after which I met him at a conference in London he made me profit of £4,500 in just 7 days of trading with him and I had to invest more on his platform because I want to start a real estate business. Do not miss out on his trading platform for guaranteed profits.",2022-09-29T11:12:01Z,2026-10-01T13:27:58.021790+00:00,39,2,,3d1d086769534324f3b5080942f5cef60e9a3787c5f0a65f0e543cff03e4a64d,,youtube-data-api-v3/commentThreads.list,,kis7l0y1JUg,Trading SECRETS: Pro Entry &amp; Exit Strategies Explained,Brad Goh (The Trading Geek),,
youtube,Brad Goh (The Trading Geek),kis7l0y1JUg,https://www.youtube.com/watch?v=kis7l0y1JUg,Ugzy4QyYj7HdrCrK0kJ4AaABAg.9gZAOGY0S8f9gZAPMd7z2Y,He is on instagram,2022-09-29T11:12:10Z,2026-10-01T13:27:58.021790+00:00,0,0,,3d1d086769534324f3b5080942f5cef60e9a3787c5f0a65f0e543cff03e4a64d,Ugzy4QyYj7HdrCrK0kJ4AaABAg,youtube-data-api-v3/commentThreads.list,,kis7l0y1JUg,Trading SECRETS: Pro Entry &amp; Exit Strategies Explained,Brad Goh (The Trading Geek),,
youtube,Brad Goh (The Trading Geek),kis7l0y1JUg,https://www.youtube.com/watch?v=kis7l0y1JUg,Ugzy4QyYj7HdrCrK0kJ4AaABAg.9gZAOGY0S8f9gZAQ_E8IF9,# Zaneomarfx,2022-09-29T11:12:20Z,2026-10-01T13:27:58.021790+00:00,0,0,,3d1d086769534324f3b5080942f5cef60e9a3787c5f0a65f0e543cff03e4a64d,Ugzy4QyYj7HdrCrK0kJ4AaABAg,youtube-data-api-v3/commentThreads.list,,kis7l0y1JUg,Trading SECRETS: Pro Entry &amp; Exit Strategies Explained,Brad Goh (The Trading Geek),,
youtube,Brad Goh (The Trading Geek),kis7l0y1JUg,https://www.youtube.com/watch?v=kis7l0y1JUg,UgyHEDGvLzAc2TY-l-V4AaABAg,I just decided to be a forex because your powerful video .. thanks man,2022-09-30T15:22:40Z,2026-10-01T13:27:58.021790+00:00,0,0,,af6f4ea6ffd8276ceb7545aa75f39dcb5ed155f67cceeee07de8d9d116668463,,youtube-data-api-v3/commentThreads.list,,kis7l0y1JUg,Trading SECRETS: Pro Entry &amp; Exit Strategies Explained,Brad Goh (The Trading Geek),,
youtube,Brad Goh (The Trading Geek),kis7l0y1JUg,https://www.youtube.com/watch?v=kis7l0y1JUg,UgxlOgJVvFxhnvFigtp4AaABAg,I’ve been trying to learn and understand the concept of buying and selling stocks. I promise you are the only person who made it so clear and sounded realistic enough for me to understand compared to other YouTuber traders🙏👍👏 thank you,2023-03-17T20:19:20Z,2026-10-01T13:27:58.021790+00:00,24,2,,76df84231a591bb703c6d9ae58c5de0939524e9d229653281b9ff55454b8d388,,youtube-data-api-v3/commentThreads.list,,kis7l0y1JUg,Trading SECRETS: Pro Entry &amp; Exit Strategies Explained,Brad Goh (The Trading Geek),,
youtube,Brad Goh (The Trading Geek),kis7l0y1JUg,https://www.youtube.com/watch?v=kis7l0y1JUg,UgxlOgJVvFxhnvFigtp4AaABAg.9nNJMoxaarc9sSbo4UJ-OX,"Hey, have you started? I am watching a bunch of videos to get started, but so nervous",2023-07-22T04:22:23Z,2026-10-01T13:27:58.021790+00:00,2,0,,b81612891f64939f12e011ec775acae0f5295911ff3bbd9ee38e4f0c75fcce83,UgxlOgJVvFxhnvFigtp4AaABAg,youtube-data-api-v3/commentThreads.list,,kis7l0y1JUg,Trading SECRETS: Pro Entry &amp; Exit Strategies Explained,Brad Goh (The Trading Geek),,
youtube,Brad Goh (The Trading Geek),kis7l0y1JUg,https://www.youtube.com/watch?v=kis7l0y1JUg,UgxlOgJVvFxhnvFigtp4AaABAg.9nNJMoxaarc9tc6HQmnEPT,@mirabeltamukong1416 me too ive been taking notes and have it all set up but now I just have to take action. I think im going to just do some demos for awhile so I can get some strategies down to play or something,2023-08-20T02:41:13Z,2026-10-01T13:27:58.021790+00:00,0,0,,c083ec4235dd13e23ebf4f38ee6f055dfb3ae615f8b4f3e3f66352b598959365,UgxlOgJVvFxhnvFigtp4AaABAg,youtube-data-api-v3/commentThreads.list,,kis7l0y1JUg,Trading SECRETS: Pro Entry &amp; Exit Strategies Explained,Brad Goh (The Trading Geek),,
youtube,Brad Goh (The Trading Geek),kis7l0y1JUg,https://www.youtube.com/watch?v=kis7l0y1JUg,UgwjF8pmK_fG50Q6cN54AaABAg,One of the best demonstrations I’ve seen 👏,2025-02-13T02:57:23Z,2026-10-01T13:27:58.021790+00:00,0,0,,3ae1cbaf13275504410e978e378046c69b90cadd241ae17d976f27d124b73be5,,youtube-data-api-v3/commentThreads.list,,kis7l0y1JUg,Trading SECRETS: Pro Entry &amp; Exit Strategies Explained,Brad Goh (The Trading Geek),,
youtube,Brad Goh (The Trading Geek),kis7l0y1JUg,https://www.youtube.com/watch?v=kis7l0y1JUg,UgxalmQ-1LgiXg0bgr94AaABAg,I got introduced to trading in mid last year. I just discovered your channel last night and I am already catching up with a lot of knowledge than I have ever before... I think i'm gonna stick to yur channel for everything I to learn to be profitable trader. THANKSSS!!!!,2023-02-17T10:34:18Z,2026-10-01T13:27:58.021790+00:00,12,2,,e2a97fe1fb2217f11050be732e882dbaec54099847039fcb1b92a27e0cae0efb,,youtube-data-api-v3/commentThreads.list,,kis7l0y1JUg,Trading SECRETS: Pro Entry &amp; Exit Strategies Explained,Brad Goh (The Trading Geek),,
youtube,Brad Goh (The Trading Geek),kis7l0y1JUg,https://www.youtube.com/watch?v=kis7l0y1JUg,UgxalmQ-1LgiXg0bgr94AaABAg.9mEA9S0P6l5AD9apKA3E4j,How far is you,2025-01-11T14:38:56Z,2026-10-01T13:27:58.021790+00:00,0,0,,7c59a0c664c81b23d2b7abf9b5b80fb4baef07ae5a7374563998bc71c5724429,UgxalmQ-1LgiXg0bgr94AaABAg,youtube-data-api-v3/commentThreads.list,,kis7l0y1JUg,Trading SECRETS: Pro Entry &amp; Exit Strategies Explained,Brad Goh (The Trading Geek),,
youtube,Brad Goh (The Trading Geek),kis7l0y1JUg,https://www.youtube.com/watch?v=kis7l0y1JUg,UgxalmQ-1LgiXg0bgr94AaABAg.9mEA9S0P6l5AEhFQxb5jJn,Howfar have you gone ?,2025-02-18T22:08:02Z,2026-10-01T13:27:58.021790+00:00,0,0,,85d6cc23f60523b7b10207605a89905f97133835ac5c0c307f483c4107feeb27,UgxalmQ-1LgiXg0bgr94AaABAg,youtube-data-api-v3/commentThreads.list,,kis7l0y1JUg,Trading SECRETS: Pro Entry &amp; Exit Strategies Explained,Brad Goh (The Trading Geek),,
youtube,Brad Goh (The Trading Geek),kis7l0y1JUg,https://www.youtube.com/watch?v=kis7l0y1JUg,UgzuaHrJy-OgMIasPKV4AaABAg,This man is a gift😃,2022-09-30T22:21:05Z,2026-10-01T13:27:58.021790+00:00,1,0,,b3349d29c530d8523555a1255d9bf73d58008a85e7cb1e3374ab8796c8d04b5c,,youtube-data-api-v3/commentThreads.list,,kis7l0y1JUg,Trading SECRETS: Pro Entry &amp; Exit Strategies Explained,Brad Goh (The Trading Geek),,
youtube,Brad Goh (The Trading Geek),kis7l0y1JUg,https://www.youtube.com/watch?v=kis7l0y1JUg,UgzseOZTDEvjd-LGZWZ4AaABAg,"Heyy bro, how about making videos with the live market, when to execute order and other stuffs.Glad it will help us alot. Thank you🤝🏻",2022-09-07T15:10:03Z,2026-10-01T13:27:58.021790+00:00,16,1,,07f8619c3fb3533e759da507a7091a3d4c68851af5e09917fb8bca79ed9c9229,,youtube-data-api-v3/commentThreads.list,,kis7l0y1JUg,Trading SECRETS: Pro Entry &amp; Exit Strategies Explained,Brad Goh (The Trading Geek),,
youtube,Brad Goh (The Trading Geek),kis7l0y1JUg,https://www.youtube.com/watch?v=kis7l0y1JUg,UgzseOZTDEvjd-LGZWZ4AaABAg.9ffx8P90-Jv9gPUIxDUGB2,Because he's gonna charge you for that like every ponzi scheme he has to get your attention and then your feelings then your wallet.,2022-09-25T16:53:39Z,2026-10-01T13:27:58.021790+00:00,0,0,,ddf524b08b67bb7d2bf020425c6c006319ddb5d0a1d5e0706d08045938282eaa,UgzseOZTDEvjd-LGZWZ4AaABAg,youtube-data-api-v3/commentThreads.list,,kis7l0y1JUg,Trading SECRETS: Pro Entry &amp; Exit Strategies Explained,Brad Goh (The Trading Geek),,
youtube,Brad Goh (The Trading Geek),kis7l0y1JUg,https://www.youtube.com/watch?v=kis7l0y1JUg,UgyvLW1YxAyyNtgr1uB4AaABAg,Dude just saw an old video..caught my attention great simple explanation 👏 👍,2024-02-16T23:55:21Z,2026-10-01T13:27:58.021790+00:00,1,0,,9714d2ccbf0ae9da147a69417d8cb4b9c7feb50bab7dfcdee90ce8ae6b9277c3,,youtube-data-api-v3/commentThreads.list,,kis7l0y1JUg,Trading SECRETS: Pro Entry &amp; Exit Strategies Explained,Brad Goh (The Trading Geek),,
youtube,Brad Goh (The Trading Geek),kis7l0y1JUg,https://www.youtube.com/watch?v=kis7l0y1JUg,Ugy6CuhyvT3y3zK8EYR4AaABAg,there is lot of teachers out here who teach support and resitance but never teach how to wait be patience let the martket come to you or and key word hold for confirmation you are a very good teacher way to go champ.,2022-10-04T02:24:24Z,2026-10-01T13:27:58.021790+00:00,28,0,,f31e570652cd95809d31f15e73a3dc32e47489c6e6b3d3e02ca7884918fb7eb8,,youtube-data-api-v3/commentThreads.list,,kis7l0y1JUg,Trading SECRETS: Pro Entry &amp; Exit Strategies Explained,Brad Goh (The Trading Geek),,
youtube,Brad Goh (The Trading Geek),kis7l0y1JUg,https://www.youtube.com/watch?v=kis7l0y1JUg,UgzR9vrz78YVGqns19B4AaABAg,This guy knows hot to teach! Waiting for a video about the binary options...,2023-10-09T15:17:49Z,2026-10-01T13:27:58.021790+00:00,0,0,,bcd76f5c748593a207f4f3dd3742aa4c6358c775e66af724fbc597f400f98711,,youtube-data-api-v3/commentThreads.list,,kis7l0y1JUg,Trading SECRETS: Pro Entry &amp; Exit Strategies Explained,Brad Goh (The Trading Geek),,
youtube,Brad Goh (The Trading Geek),kis7l0y1JUg,https://www.youtube.com/watch?v=kis7l0y1JUg,UgxMqdqbcd5IgHrKkW94AaABAg,"Great video. I will be forever grateful to you, you changed my whole life and I will continue to preach on your behalf for the whole world to hear you saved me from huge financial debt with just a small investment, thank you katrina susan",2024-02-23T00:09:50Z,2026-10-01T13:27:58.021790+00:00,215,9,,2e4ee8c0a3f1a434a56c36a77c49fc34f170d717b500f8d5efe707d278c19836,,youtube-data-api-v3/commentThreads.list,,kis7l0y1JUg,Trading SECRETS: Pro Entry &amp; Exit Strategies Explained,Brad Goh (The Trading Geek),,
youtube,Brad Goh (The Trading Geek),kis7l0y1JUg,https://www.youtube.com/watch?v=kis7l0y1JUg,UgxMqdqbcd5IgHrKkW94AaABAg.A08LbJnZystA08Lg2Tkxha,"Wow. I'm a bit perplexed seeing her been mentioned here also Didn’t know she has been good to so many people too this is wonderful, I'm in my fifth trade with her and it has been super.",2024-02-23T00:10:29Z,2026-10-01T13:27:58.021790+00:00,0,0,,6e2b770f4e50ec3621e207713762ceb162a33434462c319338a23b7b501e693f,UgxMqdqbcd5IgHrKkW94AaABAg,youtube-data-api-v3/commentThreads.list,,kis7l0y1JUg,Trading SECRETS: Pro Entry &amp; Exit Strategies Explained,Brad Goh (The Trading Geek),,
youtube,Brad Goh (The Trading Geek),kis7l0y1JUg,https://www.youtube.com/watch?v=kis7l0y1JUg,UgxMqdqbcd5IgHrKkW94AaABAg.A08LbJnZystA08Lr2p4rSj,"She is my family's personal broker and also a personal broker in many families I'm United States, she's a licensed broker and a FINRA AGENT in United states.",2024-02-23T00:11:59Z,2026-10-01T13:27:58.021790+00:00,0,0,,5e9bdbfebdae3354356baed0477239155317ca4d0a109cf572501587d9efc69c,UgxMqdqbcd5IgHrKkW94AaABAg,youtube-data-api-v3/commentThreads.list,,kis7l0y1JUg,Trading SECRETS: Pro Entry &amp; Exit Strategies Explained,Brad Goh (The Trading Geek),,
youtube,Brad Goh (The Trading Geek),kis7l0y1JUg,https://www.youtube.com/watch?v=kis7l0y1JUg,UgxMqdqbcd5IgHrKkW94AaABAg.A08LbJnZystA08M775DdAU,Really you people know her? I was even thinking that I'm the only one she has helped walk through the fears and falls of trading.,2024-02-23T00:14:19Z,2026-10-01T13:27:58.021790+00:00,0,0,,8655658acb1b726b57dd14501410988636e89a02475039aa596508421b630d19,UgxMqdqbcd5IgHrKkW94AaABAg,youtube-data-api-v3/commentThreads.list,,kis7l0y1JUg,Trading SECRETS: Pro Entry &amp; Exit Strategies Explained,Brad Goh (The Trading Geek),,
youtube,Brad Goh (The Trading Geek),kis7l0y1JUg,https://www.youtube.com/watch?v=kis7l0y1JUg,UgxMqdqbcd5IgHrKkW94AaABAg.A08LbJnZystA08MIMH3lEG,"I'm new at this, please how can I reach her?.....",2024-02-23T00:15:51Z,2026-10-01T13:27:58.021790+00:00,0,0,,26473e61184883d5aca9f70c5b69ae8881b99819d4e2e86745394f5ee1e5669e,UgxMqdqbcd5IgHrKkW94AaABAg,youtube-data-api-v3/commentThreads.list,,kis7l0y1JUg,Trading SECRETS: Pro Entry &amp; Exit Strategies Explained,Brad Goh (The Trading Geek),,
youtube,Brad Goh (The Trading Geek),kis7l0y1JUg,https://www.youtube.com/watch?v=kis7l0y1JUg,UgxMqdqbcd5IgHrKkW94AaABAg.A08LbJnZystA08MacgVBjc,"SHE'S MOSTLY ON TELEGRAMS, USING THE USERNAME",2024-02-23T00:18:29Z,2026-10-01T13:27:58.021790+00:00,0,0,,2e4ee8c0a3f1a434a56c36a77c49fc34f170d717b500f8d5efe707d278c19836,UgxMqdqbcd5IgHrKkW94AaABAg,youtube-data-api-v3/commentThreads.list,,kis7l0y1JUg,Trading SECRETS: Pro Entry &amp; Exit Strategies Explained,Brad Goh (The Trading Geek),,
youtube,Brad Goh (The Trading Geek),kis7l0y1JUg,https://www.youtube.com/watch?v=kis7l0y1JUg,Ugxyw1p1RX4ornPi4oV4AaABAg,I love the way he teaches,2024-06-05T02:02:23Z,2026-10-01T13:27:58.021790+00:00,1,0,,e99896cd2048e5bddd648eafd48e6305378789f9958fd37c1e89d72d14f71524,,youtube-data-api-v3/commentThreads.list,,kis7l0y1JUg,Trading SECRETS: Pro Entry &amp; Exit Strategies Explained,Brad Goh (The Trading Geek),,
youtube,Brad Goh (The Trading Geek),kis7l0y1JUg,https://www.youtube.com/watch?v=kis7l0y1JUg,UgzY0fK1e17KlXcgMzR4AaABAg,Aye great video bro. Clarity and comedic at the same time . I love it . I trade Crypto perpetual contracts daily . So I’ll be checking in with this page frequently. Good looking out  TG!,2023-03-08T11:49:37Z,2026-10-01T13:27:58.021790+00:00,2,0,,8ee5290f1276b631843a374823c78cab34a9a2a160b0148fe4ed3f66989270a9,,youtube-data-api-v3/commentThreads.list,,kis7l0y1JUg,Trading SECRETS: Pro Entry &amp; Exit Strategies Explained,Brad Goh (The Trading Geek),,
youtube,Brad Goh (The Trading Geek),kis7l0y1JUg,https://www.youtube.com/watch?v=kis7l0y1JUg,UgzO37QLBqWK0eFgahZ4AaABAg,you are the best mentor ever 🥰,2026-02-16T16:10:11Z,2026-10-01T13:27:58.021790+00:00,0,0,,5716e2e430e7d6a711727727a159abf4f39b598ab2afbdc6751646337ef476f3,,youtube-data-api-v3/commentThreads.list,,kis7l0y1JUg,Trading SECRETS: Pro Entry &amp; Exit Strategies Explained,Brad Goh (The Trading Geek),,
youtube,Brad Goh (The Trading Geek),kis7l0y1JUg,https://www.youtube.com/watch?v=kis7l0y1JUg,UgxGzqMYFD9WRgnnRoF4AaABAg,"The fact is that BTC symbolises the future of cryptocurrency, and traders are wondering if now is the best moment to trade, I feel you should examine the situation more closely before jumping to any conclusion. BTC's price has been fluctuating over the previous days, signaling that the market has become unstable and that is it impossible to anticipate whether it will go bearish or bullish. Others are patient, while others continue to trade with no risk. It all depends on the pattern you're trading and the source of your signal;",2023-03-12T02:44:13Z,2026-10-01T13:27:58.021790+00:00,78,1,,f78daac7ba65f6035c1f4c10651d986bccff0d5e1431901ad020a77fbd54aadf,,youtube-data-api-v3/commentThreads.list,,kis7l0y1JUg,Trading SECRETS: Pro Entry &amp; Exit Strategies Explained,Brad Goh (The Trading Geek),,
youtube,Brad Goh (The Trading Geek),kis7l0y1JUg,https://www.youtube.com/watch?v=kis7l0y1JUg,UgxGzqMYFD9WRgnnRoF4AaABAg.9n8YdUg6xwh9n8ZSLmMXOc,"I just looked up LAWRENCE JOSE COLEMAN 
Online an researched his accreditation.
He seem very proficient, an good for the job.",2023-03-12T02:51:17Z,2026-10-01T13:27:58.021790+00:00,0,0,,54ffa0bfcff7f6171f49d88222a7a3bf7de7e0d2650991958596e02e7ff38fb1,UgxGzqMYFD9WRgnnRoF4AaABAg,youtube-data-api-v3/commentThreads.list,,kis7l0y1JUg,Trading SECRETS: Pro Entry &amp; Exit Strategies Explained,Brad Goh (The Trading Geek),,
youtube,Brad Goh (The Trading Geek),kis7l0y1JUg,https://www.youtube.com/watch?v=kis7l0y1JUg,UgwQAgqS6VZGWaMIi2N4AaABAg,"His accent makes me pay attention, bro literally made money while teaching us brokies😭 respect💪🏼",2024-06-15T16:43:09Z,2026-10-01T13:27:58.021790+00:00,0,0,,1a5cc7565866fbcf754df3e65c2e6718c7826c304f1a3789530024084ce6118a,,youtube-data-api-v3/commentThreads.list,,kis7l0y1JUg,Trading SECRETS: Pro Entry &amp; Exit Strategies Explained,Brad Goh (The Trading Geek),,
youtube,Brad Goh (The Trading Geek),kis7l0y1JUg,https://www.youtube.com/watch?v=kis7l0y1JUg,UgxmrYrA7YxzNYGwGv14AaABAg,Thank god I found you. Learning lots from you.,2022-09-28T08:12:32Z,2026-10-01T13:27:58.021790+00:00,4,0,,c4e41e9d27fc83a2501822883d7a6502e692f3f18559363a22e10cad4f38fadb,,youtube-data-api-v3/commentThreads.list,,kis7l0y1JUg,Trading SECRETS: Pro Entry &amp; Exit Strategies Explained,Brad Goh (The Trading Geek),,
youtube,Brad Goh (The Trading Geek),kis7l0y1JUg,https://www.youtube.com/watch?v=kis7l0y1JUg,Ugx1LzomYcpLfGyh1EB4AaABAg,THANK YOU BROTHER NOT ALOT OF TALKING STRAIGHT  THE POINT AND EASY TO UNDERSTAND THANK YOU SO MUCH...,2025-03-01T18:37:31Z,2026-10-01T13:27:58.021790+00:00,0,0,,89f7680a0426ee3d36dd57ee96dce960dc5971b41a64d73ab0d1c9469fd67b2a,,youtube-data-api-v3/commentThreads.list,,kis7l0y1JUg,Trading SECRETS: Pro Entry &amp; Exit Strategies Explained,Brad Goh (The Trading Geek),,
youtube,Brad Goh (The Trading Geek),kis7l0y1JUg,https://www.youtube.com/watch?v=kis7l0y1JUg,UgzB5nULFrjYW-dZtKB4AaABAg,Well explained I appreciate 🙌 I can't wait to get started because people are really making a lot of money from it nowadays,2022-10-01T23:57:40Z,2026-10-01T13:27:58.021790+00:00,105,24,,8ab0741ae9ed0bd45c701b889aef3255c1df46ef132fcee60b546a8340d8ce3b,,youtube-data-api-v3/commentThreads.list,,kis7l0y1JUg,Trading SECRETS: Pro Entry &amp; Exit Strategies Explained,Brad Goh (The Trading Geek),,
youtube,Brad Goh (The Trading Geek),kis7l0y1JUg,https://www.youtube.com/watch?v=kis7l0y1JUg,UgzB5nULFrjYW-dZtKB4AaABAg.9gegasuAgD49gehIbFnJnN,There are many reasons for this drop in value. One of the main reasons is that there is an ongoing debate about whether or not Bitcoin should be regulated as a security or as a currency.,2022-10-02T00:03:47Z,2026-10-01T13:27:58.021790+00:00,0,0,,59291b675157436f1b73c6086d0b512ea09f3224d5bfbeb95b63273b231e62f2,UgzB5nULFrjYW-dZtKB4AaABAg,youtube-data-api-v3/commentThreads.list,,kis7l0y1JUg,Trading SECRETS: Pro Entry &amp; Exit Strategies Explained,Brad Goh (The Trading Geek),,
youtube,Brad Goh (The Trading Geek),kis7l0y1JUg,https://www.youtube.com/watch?v=kis7l0y1JUg,UgzB5nULFrjYW-dZtKB4AaABAg.9gegasuAgD49gekv5KHcE4,"Amazing, But getting one is easier said than done. If it's not too much to ask, do you know any legit ones?",2022-10-02T00:35:23Z,2026-10-01T13:27:58.021790+00:00,0,0,,8ab0741ae9ed0bd45c701b889aef3255c1df46ef132fcee60b546a8340d8ce3b,UgzB5nULFrjYW-dZtKB4AaABAg,youtube-data-api-v3/commentThreads.list,,kis7l0y1JUg,Trading SECRETS: Pro Entry &amp; Exit Strategies Explained,Brad Goh (The Trading Geek),,
youtube,Brad Goh (The Trading Geek),kis7l0y1JUg,https://www.youtube.com/watch?v=kis7l0y1JUg,UgzB5nULFrjYW-dZtKB4AaABAg.9gegasuAgD49gfP4qr5hRh,Good to hear such...,2022-10-02T06:35:07Z,2026-10-01T13:27:58.021790+00:00,0,0,,e495ea91d321e47bb23acd308de49ddc9ed273c99999bc2786a4d906e23456cb,UgzB5nULFrjYW-dZtKB4AaABAg,youtube-data-api-v3/commentThreads.list,,kis7l0y1JUg,Trading SECRETS: Pro Entry &amp; Exit Strategies Explained,Brad Goh (The Trading Geek),,
youtube,Brad Goh (The Trading Geek),kis7l0y1JUg,https://www.youtube.com/watch?v=kis7l0y1JUg,UgzB5nULFrjYW-dZtKB4AaABAg.9gegasuAgD49gfQVYHLs65,"It's has been more lucrative in fast wealth than stock market, Making my profits and I really wish I knew about this.",2022-10-02T06:47:30Z,2026-10-01T13:27:58.021790+00:00,0,0,,e495ea91d321e47bb23acd308de49ddc9ed273c99999bc2786a4d906e23456cb,UgzB5nULFrjYW-dZtKB4AaABAg,youtube-data-api-v3/commentThreads.list,,kis7l0y1JUg,Trading SECRETS: Pro Entry &amp; Exit Strategies Explained,Brad Goh (The Trading Geek),,
youtube,Brad Goh (The Trading Geek),kis7l0y1JUg,https://www.youtube.com/watch?v=kis7l0y1JUg,UgzB5nULFrjYW-dZtKB4AaABAg.9gegasuAgD49gfVXJLvZfE,"Nearly half of millennial millionaires have at least 25% of their wealth in cryptocurrencies, according to the CNBC Millionaire Survey. In the coming years, the key to attracting the next generation of wealthy clients could be more about crypto than traditional stocks, bonds, private equity and hedge funds.",2022-10-02T07:31:26Z,2026-10-01T13:27:58.021790+00:00,0,0,,d89f209694d427846cb2ed532b73acb5e2cf69d7a1adfdae24a1c5d2ed36e1d5,UgzB5nULFrjYW-dZtKB4AaABAg,youtube-data-api-v3/commentThreads.list,,kis7l0y1JUg,Trading SECRETS: Pro Entry &amp; Exit Strategies Explained,Brad Goh (The Trading Geek),,
youtube,Brad Goh (The Trading Geek),kis7l0y1JUg,https://www.youtube.com/watch?v=kis7l0y1JUg,Ugx5PXomp80aQnXqSTx4AaABAg,Thanks so much watching your videos all day long it been 24 I understand everything,2024-01-19T04:31:43Z,2026-10-01T13:27:58.021790+00:00,0,0,,34bbe4ee3f4cfa721a57f9bd9626113bac0f8d99dddc3e3e3cb87fed7c7b1bec,,youtube-data-api-v3/commentThreads.list,,kis7l0y1JUg,Trading SECRETS: Pro Entry &amp; Exit Strategies Explained,Brad Goh (The Trading Geek),,
youtube,Brad Goh (The Trading Geek),kis7l0y1JUg,https://www.youtube.com/watch?v=kis7l0y1JUg,UgwlqFYuBy8uEZcXzml4AaABAg,"Are you still there doubting and watching while others are making cool money from crypto investment, I will encourage you to start investing to secure a better financial freedom",2023-01-28T21:24:06Z,2026-10-01T13:27:58.021790+00:00,97,7,,e85baf9d619f8b940f965586db2cfa92cff74354cd0764d3840388c5a748ed94,,youtube-data-api-v3/commentThreads.list,,kis7l0y1JUg,Trading SECRETS: Pro Entry &amp; Exit Strategies Explained,Brad Goh (The Trading Geek),,
youtube,Brad Goh (The Trading Geek),kis7l0y1JUg,https://www.youtube.com/watch?v=kis7l0y1JUg,UgwlqFYuBy8uEZcXzml4AaABAg.9lRpcD5rj7m9lRpnRAreQ5,"Keep it simple in the beginning. Buy something, like an index fund, and hold. Educate yourself in the meantime and elevate your risk tolerance over time.",2023-01-28T21:25:38Z,2026-10-01T13:27:58.021790+00:00,1,0,,55f6fe54e525abb04623833d2dfc9e5b69f971abe437eea96f5b445062e8f42f,UgwlqFYuBy8uEZcXzml4AaABAg,youtube-data-api-v3/commentThreads.list,,kis7l0y1JUg,Trading SECRETS: Pro Entry &amp; Exit Strategies Explained,Brad Goh (The Trading Geek),,
youtube,Brad Goh (The Trading Geek),kis7l0y1JUg,https://www.youtube.com/watch?v=kis7l0y1JUg,UgwlqFYuBy8uEZcXzml4AaABAg.9lRpcD5rj7m9lRqCMzpwbe,"report is a colossal failure. To bring the housing market to a halt, the FED will have to pull all the stops. The unfortunate issue is that other markets are being decimated. If you want to",2023-01-28T21:29:10Z,2026-10-01T13:27:58.021790+00:00,1,0,,3f1a902bf67ebcead625972ac610ca7d52136ca6e1f6e2add4aa15b7cbe05ac1,UgwlqFYuBy8uEZcXzml4AaABAg,youtube-data-api-v3/commentThreads.list,,kis7l0y1JUg,Trading SECRETS: Pro Entry &amp; Exit Strategies Explained,Brad Goh (The Trading Geek),,
youtube,Brad Goh (The Trading Geek),kis7l0y1JUg,https://www.youtube.com/watch?v=kis7l0y1JUg,UgwlqFYuBy8uEZcXzml4AaABAg.9lRpcD5rj7m9lRqVcehZy3,"@nafiualhassanibrahim9815 People believe their currency has the worth it does because they have no other option. Even in a hyper-inflationary environment, individuals must continue to use their hyperinflationary,,,,,,, currency since they likely have minimal,,,,, access to,,, other,,,,, currencies or gold/silver coins.",2023-01-28T21:31:48Z,2026-10-01T13:27:58.021790+00:00,0,0,,e6c6206ec97d5626bb2fce598541fcf75cb2d6cac3a0e52d1d6206dd50495ae9,UgwlqFYuBy8uEZcXzml4AaABAg,youtube-data-api-v3/commentThreads.list,,kis7l0y1JUg,Trading SECRETS: Pro Entry &amp; Exit Strategies Explained,Brad Goh (The Trading Geek),,
youtube,Brad Goh (The Trading Geek),kis7l0y1JUg,https://www.youtube.com/watch?v=kis7l0y1JUg,UgwlqFYuBy8uEZcXzml4AaABAg.9lRpcD5rj7m9lRs22Kh_lz,"How can I reach out to this coach? because I'm seeking for a more effective,,,,,,,, investment,,,,,, approach,,,,,,,,, How good is this person,,,,,,, at portfolio diversification,,,,,,, , particularly,,,,,, with regard to digital assets?",2023-01-28T21:45:14Z,2026-10-01T13:27:58.021790+00:00,0,0,,aad9a1e2616ecccb5ae5da2da1cc3d2fe8d5671cede67dac96aee501c94fb478,UgwlqFYuBy8uEZcXzml4AaABAg,youtube-data-api-v3/commentThreads.list,,kis7l0y1JUg,Trading SECRETS: Pro Entry &amp; Exit Strategies Explained,Brad Goh (The Trading Geek),,
youtube,Brad Goh (The Trading Geek),kis7l0y1JUg,https://www.youtube.com/watch?v=kis7l0y1JUg,UgwlqFYuBy8uEZcXzml4AaABAg.9lRpcD5rj7m9lRsOUrmGkN,"JUDITH LEKA RILEY




  is the analyst/brokerage-adviser,,,, . She has been of great,,,,,, help and her tutelage,,,,, has,,,,,, brought,,,,, me to a higher,,,,,,,,,, understanding,,,,, of profit generation. You,,,,, can look up her name on,,,,,,, the net for,,,,,, her page  and reach out. She Understands the job perfectly.",2023-01-28T21:48:18Z,2026-10-01T13:27:58.021790+00:00,0,0,,aad9a1e2616ecccb5ae5da2da1cc3d2fe8d5671cede67dac96aee501c94fb478,UgwlqFYuBy8uEZcXzml4AaABAg,youtube-data-api-v3/commentThreads.list,,kis7l0y1JUg,Trading SECRETS: Pro Entry &amp; Exit Strategies Explained,Brad Goh (The Trading Geek),,
youtube,Brad Goh (The Trading Geek),kis7l0y1JUg,https://www.youtube.com/watch?v=kis7l0y1JUg,UgzEVNfIll6urB7b18h4AaABAg,you are the best even today i still go back to your strategies thank you million times.,2024-10-21T02:45:40Z,2026-10-01T13:27:58.021790+00:00,0,0,,09297124e87dd2ca35ebc7368aeb46cfd7eab8b79640c8cad29b706728d32830,,youtube-data-api-v3/commentThreads.list,,kis7l0y1JUg,Trading SECRETS: Pro Entry &amp; Exit Strategies Explained,Brad Goh (The Trading Geek),,
youtube,Brad Goh (The Trading Geek),kis7l0y1JUg,https://www.youtube.com/watch?v=kis7l0y1JUg,Ugz_pP9ZYiOAHqHhNQh4AaABAg,"Surprisingly  people are trading without fear of making losses, while so many people out there are patiently waiting for BTC price to skyrocket",2023-05-27T23:40:11Z,2026-10-01T13:27:58.021790+00:00,163,11,,b2fd203b506ccbcb5bcf9dabe0c4f1b83da1aed1b599b6eac5eb8274a87c6901,,youtube-data-api-v3/commentThreads.list,,kis7l0y1JUg,Trading SECRETS: Pro Entry &amp; Exit Strategies Explained,Brad Goh (The Trading Geek),,
youtube,Brad Goh (The Trading Geek),kis7l0y1JUg,https://www.youtube.com/watch?v=kis7l0y1JUg,Ugz_pP9ZYiOAHqHhNQh4AaABAg.9qEUmynT1Ti9qEV-l7Lq57,Well I can say forex trading is one of the most profitable money exchange services that elevates investors and their financial STATUS without stress,2023-05-27T23:42:03Z,2026-10-01T13:27:58.021790+00:00,4,0,,5e540c19fce03255caa8c89cc2bb8091eab0c918ade03ca07c70002ec1c1960f,Ugz_pP9ZYiOAHqHhNQh4AaABAg,youtube-data-api-v3/commentThreads.list,,kis7l0y1JUg,Trading SECRETS: Pro Entry &amp; Exit Strategies Explained,Brad Goh (The Trading Geek),,
youtube,Brad Goh (The Trading Geek),kis7l0y1JUg,https://www.youtube.com/watch?v=kis7l0y1JUg,Ugz_pP9ZYiOAHqHhNQh4AaABAg.9qEUmynT1Ti9qEV6un0fxR,I see lots of people today  having a very high rate of failures in forex and crypto because of poor orientation and bad experts in trading.,2023-05-27T23:43:02Z,2026-10-01T13:27:58.021790+00:00,1,0,,34b7806442a7bc328ed34c04fbad9810c6d3ad8957d7f66c2f11aa58ee8899b0,Ugz_pP9ZYiOAHqHhNQh4AaABAg,youtube-data-api-v3/commentThreads.list,,kis7l0y1JUg,Trading SECRETS: Pro Entry &amp; Exit Strategies Explained,Brad Goh (The Trading Geek),,
youtube,Brad Goh (The Trading Geek),kis7l0y1JUg,https://www.youtube.com/watch?v=kis7l0y1JUg,Ugz_pP9ZYiOAHqHhNQh4AaABAg.9qEUmynT1Ti9qEVsCc8Mvr,"@JohnThomas-uh3jx I agree with you. I'm not here to converse for her but to testify just for what I'm sure of, she's trust worthy and best option ever seen..",2023-05-27T23:49:37Z,2026-10-01T13:27:58.021790+00:00,0,0,,0aac0d3281035c7efc88e01ee3456617fca4d65d81aeb701a9cc1f0681b53a77,Ugz_pP9ZYiOAHqHhNQh4AaABAg,youtube-data-api-v3/commentThreads.list,,kis7l0y1JUg,Trading SECRETS: Pro Entry &amp; Exit Strategies Explained,Brad Goh (The Trading Geek),,
youtube,Brad Goh (The Trading Geek),kis7l0y1JUg,https://www.youtube.com/watch?v=kis7l0y1JUg,Ugz_pP9ZYiOAHqHhNQh4AaABAg.9qEUmynT1Ti9qEYCGcg_sI,I have been on the wrong side for far too long and I'm willingly to make consultations to improve my situation. What is the most reliable medium to reach her please?,2023-05-28T00:09:59Z,2026-10-01T13:27:58.021790+00:00,0,0,,fddce8bd5ff923784811d1df285726b7fc6fe9d45d4d9f6cb8655e89a2a8f2f5,Ugz_pP9ZYiOAHqHhNQh4AaABAg,youtube-data-api-v3/commentThreads.list,,kis7l0y1JUg,Trading SECRETS: Pro Entry &amp; Exit Strategies Explained,Brad Goh (The Trading Geek),,
youtube,Brad Goh (The Trading Geek),kis7l0y1JUg,https://www.youtube.com/watch?v=kis7l0y1JUg,Ugz_pP9ZYiOAHqHhNQh4AaABAg.9qEUmynT1Ti9qEYuZgsGg1,"@JohnThomas-uh3jx Thanks for sharing this. I Google the lady you mentioned and after going through her resume, I can tell she's a pro. I wrote her and I'm waiting for her reply",2023-05-28T00:16:10Z,2026-10-01T13:27:58.021790+00:00,0,0,,fddce8bd5ff923784811d1df285726b7fc6fe9d45d4d9f6cb8655e89a2a8f2f5,Ugz_pP9ZYiOAHqHhNQh4AaABAg,youtube-data-api-v3/commentThreads.list,,kis7l0y1JUg,Trading SECRETS: Pro Entry &amp; Exit Strategies Explained,Brad Goh (The Trading Geek),,
youtube,Brad Goh (The Trading Geek),kis7l0y1JUg,https://www.youtube.com/watch?v=kis7l0y1JUg,UgyCrWsZCC7nYeII4q14AaABAg,"Your accent is 🔥, reminds me of Arnold Swartzenagger if he was Nigerian! Keep up the good work!",2023-01-30T04:03:08Z,2026-10-01T13:27:58.021790+00:00,0,0,,5db8ddd11add792da54d26e92c26721cab969ddddb0a3dff02c2086c95f73a09,,youtube-data-api-v3/commentThreads.list,,kis7l0y1JUg,Trading SECRETS: Pro Entry &amp; Exit Strategies Explained,Brad Goh (The Trading Geek),,
youtube,Brad Goh (The Trading Geek),kis7l0y1JUg,https://www.youtube.com/watch?v=kis7l0y1JUg,UgxbhkVzSlY28HtN7yh4AaABAg,"The market is very unstable and you can not tell If it's going bearish or bullish. I advise y'all to forget predictions and start making a good profit now because future valuations are all speculations and guesses.When these reports are bullish take some off to the side lines, when news gets bearish start buying. ""Keep it simple simple"" that bear/correction was the best thing that happened me. But all thanks to Hamish Grizzard, for his amazing skills for helping me to earn 14.6 Btc through trading chart. I believe we are in the spring phase...",2023-03-28T12:14:39Z,2026-10-01T13:27:58.021790+00:00,627,6,,40dcaf209e5890d51146e83f9fc64c6d11dda95b1c63e38834ce32994a3abbf0,,youtube-data-api-v3/commentThreads.list,,kis7l0y1JUg,Trading SECRETS: Pro Entry &amp; Exit Strategies Explained,Brad Goh (The Trading Geek),,
youtube,Brad Goh (The Trading Geek),kis7l0y1JUg,https://www.youtube.com/watch?v=kis7l0y1JUg,UgxbhkVzSlY28HtN7yh4AaABAg.9nnldYENbfo9nnwBPax9T_,"Hamish Grizzard is a great mentor to have, He Knows how to handle funds.",2023-03-28T13:46:47Z,2026-10-01T13:27:58.021790+00:00,0,0,,642451070449164f2f680a89ac72ad9ff887297131b94c3b864cf0588402eb3a,UgxbhkVzSlY28HtN7yh4AaABAg,youtube-data-api-v3/commentThreads.list,,kis7l0y1JUg,Trading SECRETS: Pro Entry &amp; Exit Strategies Explained,Brad Goh (The Trading Geek),,
youtube,Brad Goh (The Trading Geek),kis7l0y1JUg,https://www.youtube.com/watch?v=kis7l0y1JUg,UgxbhkVzSlY28HtN7yh4AaABAg.9nnldYENbfo9nnwDQ1sVNy,"Thanks to this exceptional trader, I have been in the green consistently for the last 6 months.",2023-03-28T13:47:04Z,2026-10-01T13:27:58.021790+00:00,0,0,,6aa044f68c21558b6185aa042664c1a434cfaf400b2b50318055f38bcb5bff0e,UgxbhkVzSlY28HtN7yh4AaABAg,youtube-data-api-v3/commentThreads.list,,kis7l0y1JUg,Trading SECRETS: Pro Entry &amp; Exit Strategies Explained,Brad Goh (The Trading Geek),,
youtube,Brad Goh (The Trading Geek),kis7l0y1JUg,https://www.youtube.com/watch?v=kis7l0y1JUg,UgxbhkVzSlY28HtN7yh4AaABAg.9nnldYENbfo9nnwHztYFgq,8.5 btc and still counting in just 4 months. Hamish Grizzard’s is the trade king as far as I am concerned!,2023-03-28T13:47:41Z,2026-10-01T13:27:58.021790+00:00,0,0,,5706eae721b6425ad95c166b98e130803c9e25cd7bfe82070412cf4b859825e3,UgxbhkVzSlY28HtN7yh4AaABAg,youtube-data-api-v3/commentThreads.list,,kis7l0y1JUg,Trading SECRETS: Pro Entry &amp; Exit Strategies Explained,Brad Goh (The Trading Geek),,
youtube,Brad Goh (The Trading Geek),kis7l0y1JUg,https://www.youtube.com/watch?v=kis7l0y1JUg,UgxbhkVzSlY28HtN7yh4AaABAg.9nnldYENbfo9nnwUvYbHjX,"He takes his time to explain and delivers his teaching in the easiest way, I mean it’s amazing you are earning and learning at the same time.",2023-03-28T13:49:27Z,2026-10-01T13:27:58.021790+00:00,0,0,,d85c985058b9fd131e94f4e0d216a9bab87cd433fff565b07f9f3fc82a90fc0d,UgxbhkVzSlY28HtN7yh4AaABAg,youtube-data-api-v3/commentThreads.list,,kis7l0y1JUg,Trading SECRETS: Pro Entry &amp; Exit Strategies Explained,Brad Goh (The Trading Geek),,
youtube,Brad Goh (The Trading Geek),kis7l0y1JUg,https://www.youtube.com/watch?v=kis7l0y1JUg,UgxbhkVzSlY28HtN7yh4AaABAg.9nnldYENbfo9w0yui_JKgS,​@kuestenkerldo you have his contact information?,2023-10-18T20:51:07Z,2026-10-01T13:27:58.021790+00:00,0,0,,2083cb9a7d57393774e7ab82076c394600629e8e35dc198034b79f9fed597dcc,UgxbhkVzSlY28HtN7yh4AaABAg,youtube-data-api-v3/commentThreads.list,,kis7l0y1JUg,Trading SECRETS: Pro Entry &amp; Exit Strategies Explained,Brad Goh (The Trading Geek),,
youtube,Brad Goh (The Trading Geek),kis7l0y1JUg,https://www.youtube.com/watch?v=kis7l0y1JUg,UgzRZ3RsLFUbjN-yLd54AaABAg,"I will consider as my mentor, you are very good in explaining, it's so easy to understand and tell all is true",2024-07-26T04:35:14Z,2026-10-01T13:27:58.021790+00:00,0,0,,5df30dfa383e4af427072363e55379d22cfc5ad6bdd5e9a6b62e15fb2c5fb6fd,,youtube-data-api-v3/commentThreads.list,,kis7l0y1JUg,Trading SECRETS: Pro Entry &amp; Exit Strategies Explained,Brad Goh (The Trading Geek),,
youtube,Brad Goh (The Trading Geek),kis7l0y1JUg,https://www.youtube.com/watch?v=kis7l0y1JUg,UgxsCNXBsv1nDs5MZCF4AaABAg,"Hello bro i really love how you analyse the market...,I'm highly motivated to acknowledge the fact that you strictly said a trader needs to build patience...,i have only one question, does this strategy Work on all trading quotes??",2023-03-05T09:45:31Z,2026-10-01T13:27:58.021790+00:00,3,0,,cf2375fa241591143e786b8ce3b4d8017209a2408c46b6588691057c67e15494,,youtube-data-api-v3/commentThreads.list,,kis7l0y1JUg,Trading SECRETS: Pro Entry &amp; Exit Strategies Explained,Brad Goh (The Trading Geek),,
youtube,Brad Goh (The Trading Geek),kis7l0y1JUg,https://www.youtube.com/watch?v=kis7l0y1JUg,UgwXk-cyn-N17RRSsMp4AaABAg,Your the First person I made my notifications on ❤,2024-02-14T13:13:24Z,2026-10-01T13:27:58.021790+00:00,0,0,,3a9d5921ca1b8d3119ea02564171730471fa45e966f08e85feb97b03c0d0e93f,,youtube-data-api-v3/commentThreads.list,,kis7l0y1JUg,Trading SECRETS: Pro Entry &amp; Exit Strategies Explained,Brad Goh (The Trading Geek),,
youtube,Brad Goh (The Trading Geek),kis7l0y1JUg,https://www.youtube.com/watch?v=kis7l0y1JUg,UgyPQ6POg-wFElsaXFx4AaABAg,OMG Winp Token!!! 00:35 Dude seriously what an awesome video can appreciate how much work went into this quality quality quality much love from Australia,2023-05-12T15:35:17Z,2026-10-01T13:27:58.021790+00:00,0,0,,a355fb9933f9422585262d77838437158126266f77c040972e62609f6cd57592,,youtube-data-api-v3/commentThreads.list,,kis7l0y1JUg,Trading SECRETS: Pro Entry &amp; Exit Strategies Explained,Brad Goh (The Trading Geek),,
youtube,Brad Goh (The Trading Geek),kis7l0y1JUg,https://www.youtube.com/watch?v=kis7l0y1JUg,UgzNJQCKPR89XLwADKN4AaABAg,Nice content. To me trading the forex and crypto market is way better than any online investment 💯,2022-11-03T23:15:18Z,2026-10-01T13:27:58.021790+00:00,22,15,,e0ebbe3e5c22a290fb67841732fb25d9329808f879518d8e9875b36a29d26155,,youtube-data-api-v3/commentThreads.list,,kis7l0y1JUg,Trading SECRETS: Pro Entry &amp; Exit Strategies Explained,Brad Goh (The Trading Geek),,
youtube,Brad Goh (The Trading Geek),kis7l0y1JUg,https://www.youtube.com/watch?v=kis7l0y1JUg,UgzNJQCKPR89XLwADKN4AaABAg.9hz_zTBCjhc9hza7F3g2MN,You are right but the market is profiting if you are using really a good broker or account manager to help out with trades or provide signals,2022-11-03T23:16:30Z,2026-10-01T13:27:58.021790+00:00,0,0,,e901ae823c59593684cac65ba8a1532c6f651e6aeb12c5923d05bcd4acf12cbc,UgzNJQCKPR89XLwADKN4AaABAg,youtube-data-api-v3/commentThreads.list,,kis7l0y1JUg,Trading SECRETS: Pro Entry &amp; Exit Strategies Explained,Brad Goh (The Trading Geek),,
youtube,Brad Goh (The Trading Geek),kis7l0y1JUg,https://www.youtube.com/watch?v=kis7l0y1JUg,UgzNJQCKPR89XLwADKN4AaABAg.9hz_zTBCjhc9hzcO2sgMTA,"​@Patrick Ericsson Wow you really know expert Bridget...? She has been trading for me, her strategies are wonderful and she made me see binary and forex trade from a different dimension. I keep making profits weekly",2022-11-03T23:36:17Z,2026-10-01T13:27:58.021790+00:00,0,0,,0144b091d0723fd8e5dd2f0d57040da4da0a01245cf598aa21fdb5b62a00ca36,UgzNJQCKPR89XLwADKN4AaABAg,youtube-data-api-v3/commentThreads.list,,kis7l0y1JUg,Trading SECRETS: Pro Entry &amp; Exit Strategies Explained,Brad Goh (The Trading Geek),,
youtube,Brad Goh (The Trading Geek),kis7l0y1JUg,https://www.youtube.com/watch?v=kis7l0y1JUg,UgzNJQCKPR89XLwADKN4AaABAg.9hz_zTBCjhc9hzc_3BElEZ,Mrs Bridget Denison is the strategic trader that manage my account. She's really a professional.,2022-11-03T23:37:55Z,2026-10-01T13:27:58.021790+00:00,0,0,,7c8a8893865cee7693bc163c604d8de8aa3efbfca7342f497e420b82504a5f16,UgzNJQCKPR89XLwADKN4AaABAg,youtube-data-api-v3/commentThreads.list,,kis7l0y1JUg,Trading SECRETS: Pro Entry &amp; Exit Strategies Explained,Brad Goh (The Trading Geek),,
youtube,Brad Goh (The Trading Geek),kis7l0y1JUg,https://www.youtube.com/watch?v=kis7l0y1JUg,UgzNJQCKPR89XLwADKN4AaABAg.9hz_zTBCjhc9hzc_gHMoZv,"My First trade & investment with Ms Bridget Denison gave me $46,300 and that has made me invest without the fear of losing, I got four of my friends that I referred to her and They are making profits just like me_ May God bless Ms Bridget Denison.",2022-11-03T23:38:00Z,2026-10-01T13:27:58.021790+00:00,0,0,,7c8a8893865cee7693bc163c604d8de8aa3efbfca7342f497e420b82504a5f16,UgzNJQCKPR89XLwADKN4AaABAg,youtube-data-api-v3/commentThreads.list,,kis7l0y1JUg,Trading SECRETS: Pro Entry &amp; Exit Strategies Explained,Brad Goh (The Trading Geek),,
youtube,Brad Goh (The Trading Geek),kis7l0y1JUg,https://www.youtube.com/watch?v=kis7l0y1JUg,UgzNJQCKPR89XLwADKN4AaABAg.9hz_zTBCjhc9hzcccnkQN0,"So you guys know her too??...
I'm one of her clients.... and I'm a living testimony of Expert Mrs Bridget. She has changed my financial status for the best, all thanks 😊 to my friend who introduced her to me. She's awesome",2022-11-03T23:38:24Z,2026-10-01T13:27:58.021790+00:00,0,0,,ccec74237aa3dfeda3381427dc54449d9706d667a617825935dc583952a9f280,UgzNJQCKPR89XLwADKN4AaABAg,youtube-data-api-v3/commentThreads.list,,kis7l0y1JUg,Trading SECRETS: Pro Entry &amp; Exit Strategies Explained,Brad Goh (The Trading Geek),,
youtube,Brad Goh (The Trading Geek),kis7l0y1JUg,https://www.youtube.com/watch?v=kis7l0y1JUg,UgyVcefg25j92e3jnCh4AaABAg,"TTG you are best online mentor, and I thank for all what you have done for me..😢",2023-03-28T21:26:20Z,2026-10-01T13:27:58.021790+00:00,2,0,,84ac079cfafdfda6fffef2e9313dadbe101322a5e57c12aea8260515dade1eee,,youtube-data-api-v3/commentThreads.list,,kis7l0y1JUg,Trading SECRETS: Pro Entry &amp; Exit Strategies Explained,Brad Goh (The Trading Geek),,
youtube,Brad Goh (The Trading Geek),kis7l0y1JUg,https://www.youtube.com/watch?v=kis7l0y1JUg,UgxZUH3k3Hv39dEfvNN4AaABAg,"To my understanding this just proves how much we need an edge as investors because playing the market like everyone else just isn’t good enough. I've been quite unsure about investing in this current market and at the same time I feel it's the best time to get started on the market, what are your thoughts?",2023-02-18T03:49:53Z,2026-10-01T13:27:58.021790+00:00,523,4,,62228910e81e00bfaff8a1dc7f839bee5fb3110d7f2285cc11902992578ba27b,,youtube-data-api-v3/commentThreads.list,,kis7l0y1JUg,Trading SECRETS: Pro Entry &amp; Exit Strategies Explained,Brad Goh (The Trading Geek),,
youtube,Brad Goh (The Trading Geek),kis7l0y1JUg,https://www.youtube.com/watch?v=kis7l0y1JUg,UgxZUH3k3Hv39dEfvNN4AaABAg.9mG0fJ_W6CY9mG18LjfRrj,"@David Jackson Yes i agree and right now the markets are going berserk right now. This is the best time to watch them, get to know them better, and strike when the opportunity presents itself. I learned that from my mentor,  ’CLAUDIA TRINIDAD RIVAS’ she's seen dozens of market cycles over the past few decades, and she has a feel for how they move, why they move, and what comes next...",2023-02-18T03:53:59Z,2026-10-01T13:27:58.021790+00:00,3,0,,6028737a9a9387dcee7a9211c125d6c960b136f1b7b81a564d5141d36ec5c34e,UgxZUH3k3Hv39dEfvNN4AaABAg,youtube-data-api-v3/commentThreads.list,,kis7l0y1JUg,Trading SECRETS: Pro Entry &amp; Exit Strategies Explained,Brad Goh (The Trading Geek),,
youtube,Brad Goh (The Trading Geek),kis7l0y1JUg,https://www.youtube.com/watch?v=kis7l0y1JUg,UgxZUH3k3Hv39dEfvNN4AaABAg.9mG0fJ_W6CY9mG1EFkwR-s,@brendazvandasara Financial security through diligent saving and investing should be on top of everyone's priority ASAP. I really need some guidance can this Fin coach guide me in this unstable times and why do you trust them much?,2023-02-18T03:54:48Z,2026-10-01T13:27:58.021790+00:00,4,0,,996106af579d947b9a8181464de3d844716e1870aaab628a2b2bc53e3fd04fbd,UgxZUH3k3Hv39dEfvNN4AaABAg,youtube-data-api-v3/commentThreads.list,,kis7l0y1JUg,Trading SECRETS: Pro Entry &amp; Exit Strategies Explained,Brad Goh (The Trading Geek),,
youtube,Brad Goh (The Trading Geek),kis7l0y1JUg,https://www.youtube.com/watch?v=kis7l0y1JUg,UgxZUH3k3Hv39dEfvNN4AaABAg.9mG0fJ_W6CY9mG1MQjVaXS,"@gowonjake It's possible to statistically measure whether some decisions were wise. But in the real world,  day to day, we simply don't. It's too hard. We prefer simple stories, which are easy but often devilishly  misleading. the mentor I'm working with,  made me know there is no faster way to feel rich than to spend lots of money on really nice stocks. It's really that simple!...",2023-02-18T03:55:55Z,2026-10-01T13:27:58.021790+00:00,3,0,,6028737a9a9387dcee7a9211c125d6c960b136f1b7b81a564d5141d36ec5c34e,UgxZUH3k3Hv39dEfvNN4AaABAg,youtube-data-api-v3/commentThreads.list,,kis7l0y1JUg,Trading SECRETS: Pro Entry &amp; Exit Strategies Explained,Brad Goh (The Trading Geek),,
youtube,Brad Goh (The Trading Geek),kis7l0y1JUg,https://www.youtube.com/watch?v=kis7l0y1JUg,UgxZUH3k3Hv39dEfvNN4AaABAg.9mG0fJ_W6CY9mG1Qw85PVI,"@brendazvandasara I know and am not doubting it, I understand people are good at learning by imitation, i found her website proficient and left her a message",2023-02-18T03:56:32Z,2026-10-01T13:27:58.021790+00:00,3,0,,55cade4c6551e1cdf19aaf6c4f5b61fc56ba5d28e4a00e60e83fc3056aeccc88,UgxZUH3k3Hv39dEfvNN4AaABAg,youtube-data-api-v3/commentThreads.list,,kis7l0y1JUg,Trading SECRETS: Pro Entry &amp; Exit Strategies Explained,Brad Goh (The Trading Geek),,
youtube,Brad Goh (The Trading Geek),kis7l0y1JUg,https://www.youtube.com/watch?v=kis7l0y1JUg,UgybMThaqcJV_e_7HSt4AaABAg,bro we are still watching ur video after 1 year aslo  .    ur good bro thx for teaching us,2023-12-23T15:51:44Z,2026-10-01T13:27:58.021790+00:00,0,0,,176ea21cf904875f76a157a5fa29446a4e6d836d756856eedbba18c904997e7c,,youtube-data-api-v3/commentThreads.list,,kis7l0y1JUg,Trading SECRETS: Pro Entry &amp; Exit Strategies Explained,Brad Goh (The Trading Geek),,
youtube,Brad Goh (The Trading Geek),kis7l0y1JUg,https://www.youtube.com/watch?v=kis7l0y1JUg,Ugzw1KHgbMaTuucKEZR4AaABAg,"I am so happy I followed my guts to invest in crypto, it has been an amazing journey with the help of Zane Omar trading platform, i'm able to monitor my accounts as it grows and also learn how to trade. He is a man of his words, Very transparent and dedicated towards making profits for his investors. He is well experienced and always willing to help. I just made another huge win today and purchasing a new car with the gains.",2022-09-29T10:56:59Z,2026-10-01T13:27:58.021790+00:00,39,2,,b097bde36e5fc2601c49a2071c8227592b46e59a58a8b1de13b828fbe7e6e344,,youtube-data-api-v3/commentThreads.list,,kis7l0y1JUg,Trading SECRETS: Pro Entry &amp; Exit Strategies Explained,Brad Goh (The Trading Geek),,
youtube,Brad Goh (The Trading Geek),kis7l0y1JUg,https://www.youtube.com/watch?v=kis7l0y1JUg,Ugzw1KHgbMaTuucKEZR4AaABAg.9gZ8fA_256F9gZ8hGYJscW,He is on instagram,2022-09-29T10:57:16Z,2026-10-01T13:27:58.021790+00:00,0,0,,b097bde36e5fc2601c49a2071c8227592b46e59a58a8b1de13b828fbe7e6e344,Ugzw1KHgbMaTuucKEZR4AaABAg,youtube-data-api-v3/commentThreads.list,,kis7l0y1JUg,Trading SECRETS: Pro Entry &amp; Exit Strategies Explained,Brad Goh (The Trading Geek),,
youtube,Brad Goh (The Trading Geek),kis7l0y1JUg,https://www.youtube.com/watch?v=kis7l0y1JUg,Ugzw1KHgbMaTuucKEZR4AaABAg.9gZ8fA_256F9gZ8i1mTTZM,# Zaneomarfx,2022-09-29T10:57:22Z,2026-10-01T13:27:58.021790+00:00,0,0,,b097bde36e5fc2601c49a2071c8227592b46e59a58a8b1de13b828fbe7e6e344,Ugzw1KHgbMaTuucKEZR4AaABAg,youtube-data-api-v3/commentThreads.list,,kis7l0y1JUg,Trading SECRETS: Pro Entry &amp; Exit Strategies Explained,Brad Goh (The Trading Geek),,
youtube,Brad Goh (The Trading Geek),kis7l0y1JUg,https://www.youtube.com/watch?v=kis7l0y1JUg,UgyngGf091eFDbwkn614AaABAg,"You are real about forex trading. great content. i am Segun from Nigeria, have subscribed to your channel. which of your video can i start with as a beginner?",2023-01-16T04:06:55Z,2026-10-01T13:27:58.021790+00:00,0,0,,c3a0afdb14a0c2265a4014efd8f4b0800ddc097b126f6d69cc123b59e68d464b,,youtube-data-api-v3/commentThreads.list,,kis7l0y1JUg,Trading SECRETS: Pro Entry &amp; Exit Strategies Explained,Brad Goh (The Trading Geek),,
youtube,Brad Goh (The Trading Geek),kis7l0y1JUg,https://www.youtube.com/watch?v=kis7l0y1JUg,Ugx9Hma02hsMNjwFdJF4AaABAg,"The stock market rally still appears to be in the midst of a
normal pullback. I just sold my home in the Boca Grande
area and I'm looking to remunerate a lump sum into the
stock market before stocks rebound, is this a good time to
buy or no?",2023-03-03T10:12:09Z,2026-10-01T13:27:58.021790+00:00,161,2,,54ffa0bfcff7f6171f49d88222a7a3bf7de7e0d2650991958596e02e7ff38fb1,,youtube-data-api-v3/commentThreads.list,,kis7l0y1JUg,Trading SECRETS: Pro Entry &amp; Exit Strategies Explained,Brad Goh (The Trading Geek),,
youtube,Brad Goh (The Trading Geek),kis7l0y1JUg,https://www.youtube.com/watch?v=kis7l0y1JUg,Ugx9Hma02hsMNjwFdJF4AaABAg.9mnAkOZsacb9mnBKUlPdTE,"l agree, I was on the sideline for awhile observing,
trying to figure out the best time to get in, that was
before I came by a coach, commended by a pundit
on Reddit, reluctant at first but I went ahead and got
in touch with the coach, long story short, it's been
3years and counting and I've made over 1.5million
dollars simply by following her guidance. I took a
vacation to Bahamas this summer just to reward
myself a little for the consistency lol",2023-03-03T10:17:12Z,2026-10-01T13:27:58.021790+00:00,1,0,,cb8639dcc3d7e2c4e184df70460f7c6cc4bf6cb780e8e19f3778aced6396be9c,Ugx9Hma02hsMNjwFdJF4AaABAg,youtube-data-api-v3/commentThreads.list,,kis7l0y1JUg,Trading SECRETS: Pro Entry &amp; Exit Strategies Explained,Brad Goh (The Trading Geek),,
youtube,Brad Goh (The Trading Geek),kis7l0y1JUg,https://www.youtube.com/watch?v=kis7l0y1JUg,Ugx9Hma02hsMNjwFdJF4AaABAg.9mnAkOZsacb9mnCFFp4tF2,"Having a counselor is essential for portfolio
diversification. My advisor is JANE LINDA SCHWARTZ 
who is easily searchable and has extensive
knowledge of the financial markets.",2023-03-03T10:25:14Z,2026-10-01T13:27:58.021790+00:00,1,0,,cb8639dcc3d7e2c4e184df70460f7c6cc4bf6cb780e8e19f3778aced6396be9c,Ugx9Hma02hsMNjwFdJF4AaABAg,youtube-data-api-v3/commentThreads.list,,kis7l0y1JUg,Trading SECRETS: Pro Entry &amp; Exit Strategies Explained,Brad Goh (The Trading Geek),,
youtube,Brad Goh (The Trading Geek),kis7l0y1JUg,https://www.youtube.com/watch?v=kis7l0y1JUg,Ugw1yxK3BGUGl7ZJMm94AaABAg,This is the best advice I have gotten,2024-12-20T05:25:24Z,2026-10-01T13:27:58.021790+00:00,0,0,,8053aa32952062d7aabfb421e8643c68a7424f4e9eb130b115be017ea7ea09f2,,youtube-data-api-v3/commentThreads.list,,kis7l0y1JUg,Trading SECRETS: Pro Entry &amp; Exit Strategies Explained,Brad Goh (The Trading Geek),,
youtube,Brad Goh (The Trading Geek),kis7l0y1JUg,https://www.youtube.com/watch?v=kis7l0y1JUg,Ugy3RlTrjoiVD1S6pdB4AaABAg,"I looking forward to invest the little money i have to gain profit from it, How do i start up.",2023-02-22T04:15:30Z,2026-10-01T13:27:58.021790+00:00,9,13,,48c3922d1c3a0bca967400cc6960ce8c49fa37e0dd2dfbeddf5e095a4de52e9c,,youtube-data-api-v3/commentThreads.list,,kis7l0y1JUg,Trading SECRETS: Pro Entry &amp; Exit Strategies Explained,Brad Goh (The Trading Geek),,
youtube,Brad Goh (The Trading Geek),kis7l0y1JUg,https://www.youtube.com/watch?v=kis7l0y1JUg,Ugy3RlTrjoiVD1S6pdB4AaABAg.9mQMmMj9xCP9mQMzp2udn5,"Effective money management is needed if we want to build a strong financial future tomorrow, I started out with 1000k usd, 3 years ago investing In diversified stock market. I did two duplexes with seller financing, Fast forward to now. I am worth 500k usd and currently finishing my 8 unit apartment building. I am 35 and already retired from the rat race of financial stability. diversified stock investment works if you are willing to put the hard work in.",2023-02-22T04:17:20Z,2026-10-01T13:27:58.021790+00:00,7,0,,c84ae542e48df5214faa9b007367679f3fa7deefee9e331cba9cf51de54b0ddb,Ugy3RlTrjoiVD1S6pdB4AaABAg,youtube-data-api-v3/commentThreads.list,,kis7l0y1JUg,Trading SECRETS: Pro Entry &amp; Exit Strategies Explained,Brad Goh (The Trading Geek),,
youtube,Brad Goh (The Trading Geek),kis7l0y1JUg,https://www.youtube.com/watch?v=kis7l0y1JUg,Ugy3RlTrjoiVD1S6pdB4AaABAg.9mQMmMj9xCP9mQN5Ca2PQN,No one would loan me money and still wont to this day. I am working on fixing my past credit history. I still made it without the banks. Investing got me where I am today. I haven't reached the goal yet but I am glad at where I am now.,2023-02-22T04:18:12Z,2026-10-01T13:27:58.021790+00:00,6,0,,7f4514a8afc83f7be815ca51721545ffbe3bb632021d66c29914533c6d69065c,Ugy3RlTrjoiVD1S6pdB4AaABAg,youtube-data-api-v3/commentThreads.list,,kis7l0y1JUg,Trading SECRETS: Pro Entry &amp; Exit Strategies Explained,Brad Goh (The Trading Geek),,
youtube,Brad Goh (The Trading Geek),kis7l0y1JUg,https://www.youtube.com/watch?v=kis7l0y1JUg,Ugy3RlTrjoiVD1S6pdB4AaABAg.9mQMmMj9xCP9mQNHODEYf8,"Am really impressed, At 35, i was worth a little over $200,000k but what you have done with your finances is pure genius.",2023-02-22T04:19:52Z,2026-10-01T13:27:58.021790+00:00,5,0,,b568ab34c9935a854e5f4f800704aa1c5de5d498f8d7abad9398313bbbc52b58,Ugy3RlTrjoiVD1S6pdB4AaABAg,youtube-data-api-v3/commentThreads.list,,kis7l0y1JUg,Trading SECRETS: Pro Entry &amp; Exit Strategies Explained,Brad Goh (The Trading Geek),,
youtube,Brad Goh (The Trading Geek),kis7l0y1JUg,https://www.youtube.com/watch?v=kis7l0y1JUg,Ugy3RlTrjoiVD1S6pdB4AaABAg.9mQMmMj9xCP9mQNRUKpLpC,"Diversified Stock Investment is a real hustle, I own two stock portfolios and am hoping on acquiring a third one which will increase my profit return.",2023-02-22T04:21:15Z,2026-10-01T13:27:58.021790+00:00,5,0,,c900472ead6855551ae6fcf02b7c1d2d03f94257f0bfdecee856e3ed845045e7,Ugy3RlTrjoiVD1S6pdB4AaABAg,youtube-data-api-v3/commentThreads.list,,kis7l0y1JUg,Trading SECRETS: Pro Entry &amp; Exit Strategies Explained,Brad Goh (The Trading Geek),,
youtube,Brad Goh (The Trading Geek),kis7l0y1JUg,https://www.youtube.com/watch?v=kis7l0y1JUg,Ugy3RlTrjoiVD1S6pdB4AaABAg.9mQMmMj9xCP9mQNiFXrVOR,@sofiaelena4274 You have done well girl. it's people like you that set the benchmark for people like us to know that attaining financial stability is possible with the right investment plan.,2023-02-22T04:23:40Z,2026-10-01T13:27:58.021790+00:00,5,0,,5002f470b1a447613f11cc65118b45d63917ddc0b4c6320005e72e2873cbe28a,Ugy3RlTrjoiVD1S6pdB4AaABAg,youtube-data-api-v3/commentThreads.list,,kis7l0y1JUg,Trading SECRETS: Pro Entry &amp; Exit Strategies Explained,Brad Goh (The Trading Geek),,
youtube,Brad Goh (The Trading Geek),kis7l0y1JUg,https://www.youtube.com/watch?v=kis7l0y1JUg,UgxAP5KtZFFapYOro_Z4AaABAg,Man you really explained this very well !,2023-02-15T03:18:33Z,2026-10-01T13:27:58.021790+00:00,2,0,,934e87e1234f982242f527d38127f906c83af225fe278e67d362479b99ae0a85,,youtube-data-api-v3/commentThreads.list,,kis7l0y1JUg,Trading SECRETS: Pro Entry &amp; Exit Strategies Explained,Brad Goh (The Trading Geek),,
youtube,Brad Goh (The Trading Geek),kis7l0y1JUg,https://www.youtube.com/watch?v=kis7l0y1JUg,Ugyt46yoo8NNO1EfTYp4AaABAg,"I bless the day I met you Zane Omar. With your trading skills and experiences you made 2021 the best year of my life. I often see you as a crypto God and cos of that I have vowed never to stop investing with you sir. And for this year, you're really making it interesting for me. I really appreciate you immensely Sir, thanks for everything.",2022-09-29T10:41:07Z,2026-10-01T13:27:58.021790+00:00,37,2,,0a66ec948e162c2e1942be049a5be5b945b65329d5dd65a903e118b85f90e632,,youtube-data-api-v3/commentThreads.list,,kis7l0y1JUg,Trading SECRETS: Pro Entry &amp; Exit Strategies Explained,Brad Goh (The Trading Geek),,
youtube,Brad Goh (The Trading Geek),kis7l0y1JUg,https://www.youtube.com/watch?v=kis7l0y1JUg,Ugyt46yoo8NNO1EfTYp4AaABAg.9gZ6r0N7zf59gZ6rhAyOGZ,He is on instagram,2022-09-29T10:41:13Z,2026-10-01T13:27:58.021790+00:00,0,0,,0a66ec948e162c2e1942be049a5be5b945b65329d5dd65a903e118b85f90e632,Ugyt46yoo8NNO1EfTYp4AaABAg,youtube-data-api-v3/commentThreads.list,,kis7l0y1JUg,Trading SECRETS: Pro Entry &amp; Exit Strategies Explained,Brad Goh (The Trading Geek),,
youtube,Brad Goh (The Trading Geek),kis7l0y1JUg,https://www.youtube.com/watch?v=kis7l0y1JUg,Ugyt46yoo8NNO1EfTYp4AaABAg.9gZ6r0N7zf59gZ6sV6EqLs,# Zaneomarfx,2022-09-29T10:41:19Z,2026-10-01T13:27:58.021790+00:00,0,0,,0a66ec948e162c2e1942be049a5be5b945b65329d5dd65a903e118b85f90e632,Ugyt46yoo8NNO1EfTYp4AaABAg,youtube-data-api-v3/commentThreads.list,,kis7l0y1JUg,Trading SECRETS: Pro Entry &amp; Exit Strategies Explained,Brad Goh (The Trading Geek),,
youtube,Brad Goh (The Trading Geek),kis7l0y1JUg,https://www.youtube.com/watch?v=kis7l0y1JUg,Ugz_FWKDmYvl5JFB7_R4AaABAg,"Wow l was always impatient when trading only to realize if was lucky l make fast cash but tend to lose more 
But this video opened my eyes l can now start beign patient and wait for the right moment thanks man",2023-04-22T20:32:27Z,2026-10-01T13:27:58.021790+00:00,0,0,,a222bb12b353445047480c2a1bc255ea9527582360246c743756d9320ec54412,,youtube-data-api-v3/commentThreads.list,,kis7l0y1JUg,Trading SECRETS: Pro Entry &amp; Exit Strategies Explained,Brad Goh (The Trading Geek),,
youtube,Brad Goh (The Trading Geek),kis7l0y1JUg,https://www.youtube.com/watch?v=kis7l0y1JUg,UgzZm3hpqj46kYsBNJB4AaABAg,"I have been able to generate a lot of passive income trading bitcoin, I am so happy to have the full guidance of Zane Omar who has been trading on my behalf. I just built a new farmstead and planning on opening new businesses with my profits, He is just an expert trader with so much experience.",2022-09-28T19:15:26Z,2026-10-01T13:27:58.021790+00:00,37,2,,f2e5bbaaebf236e452b1315c1b5b746e82ea36c3dfb40f6f7ef25c3d54582f5e,,youtube-data-api-v3/commentThreads.list,,kis7l0y1JUg,Trading SECRETS: Pro Entry &amp; Exit Strategies Explained,Brad Goh (The Trading Geek),,
youtube,Brad Goh (The Trading Geek),kis7l0y1JUg,https://www.youtube.com/watch?v=kis7l0y1JUg,UgzZm3hpqj46kYsBNJB4AaABAg.9gXSv7kLKYT9gXSwlkNBTv,He is on instagram,2022-09-28T19:15:40Z,2026-10-01T13:27:58.022790+00:00,0,0,,f2e5bbaaebf236e452b1315c1b5b746e82ea36c3dfb40f6f7ef25c3d54582f5e,UgzZm3hpqj46kYsBNJB4AaABAg,youtube-data-api-v3/commentThreads.list,,kis7l0y1JUg,Trading SECRETS: Pro Entry &amp; Exit Strategies Explained,Brad Goh (The Trading Geek),,
youtube,Brad Goh (The Trading Geek),kis7l0y1JUg,https://www.youtube.com/watch?v=kis7l0y1JUg,UgzZm3hpqj46kYsBNJB4AaABAg.9gXSv7kLKYT9gXSyPWbecF,# Zaneomarfx,2022-09-28T19:15:53Z,2026-10-01T13:27:58.022790+00:00,0,0,,f2e5bbaaebf236e452b1315c1b5b746e82ea36c3dfb40f6f7ef25c3d54582f5e,UgzZm3hpqj46kYsBNJB4AaABAg,youtube-data-api-v3/commentThreads.list,,kis7l0y1JUg,Trading SECRETS: Pro Entry &amp; Exit Strategies Explained,Brad Goh (The Trading Geek),,
youtube,Brad Goh (The Trading Geek),kis7l0y1JUg,https://www.youtube.com/watch?v=kis7l0y1JUg,UgxZiKS9ge-zdAVmNmB4AaABAg,Bro all your video is mind blowing. Its my humble request please make a video on xauusd trading.,2022-10-05T05:55:14Z,2026-10-01T13:27:58.022790+00:00,0,0,,2e0748a46775ca282eaf697c13f8d14bb7e366ad29ec9f34ecc25648c87e0e24,,youtube-data-api-v3/commentThreads.list,,kis7l0y1JUg,Trading SECRETS: Pro Entry &amp; Exit Strategies Explained,Brad Goh (The Trading Geek),,
youtube,Brad Goh (The Trading Geek),kis7l0y1JUg,https://www.youtube.com/watch?v=kis7l0y1JUg,UgzV1KExPdTnuK5nYA94AaABAg,"FINANCIAL MANAGEMENT IS A CRUCIAL TOPIC THAT MOST PEOPLE TEND TO SHY AWAY FROM AND ENDS UP HAUNTING THEM IN THE NEAR FUTURE. PUTTING OUR AND EFFORT IN ACTIVITIES AND INVESTMENTS THAT WILL YIELD A PROFITABLE RETURN IN THE FUTURE IS WHAT WE SHOULD BE AIMING FOR BECAUSE INVESTORS WHO ARE OPTIMISTIC IN STOCKS, BITCOIN,NFTS, FOREX TRADING AND BINARY OPTIONS….ARE EARNING MASSIVELY FROM IT. INVESTING IN IT TODAY PRICELESS BECAUSE TOMORROW ISN’T PROMISED…..",2023-03-04T14:30:23Z,2026-10-01T13:27:58.022790+00:00,9,8,,5626fb34f9fc5490e608f1b901d51ec5643365ddfbda2b9f1379e191878fb1a0,,youtube-data-api-v3/commentThreads.list,,kis7l0y1JUg,Trading SECRETS: Pro Entry &amp; Exit Strategies Explained,Brad Goh (The Trading Geek),,
youtube,Brad Goh (The Trading Geek),kis7l0y1JUg,https://www.youtube.com/watch?v=kis7l0y1JUg,UgzV1KExPdTnuK5nYA94AaABAg.9mqD5hKPXlE9mqDQhOEl7O,"*Assets that can make you rich
Crypto 
Stocks
Real estate*",2023-03-04T14:33:15Z,2026-10-01T13:27:58.022790+00:00,0,0,,6f76a5e1dc3d13883f991e07b88438cbb623b648637016c42cc45d673435aa3b,UgzV1KExPdTnuK5nYA94AaABAg,youtube-data-api-v3/commentThreads.list,,kis7l0y1JUg,Trading SECRETS: Pro Entry &amp; Exit Strategies Explained,Brad Goh (The Trading Geek),,
youtube,Brad Goh (The Trading Geek),kis7l0y1JUg,https://www.youtube.com/watch?v=kis7l0y1JUg,UgzV1KExPdTnuK5nYA94AaABAg.9mqD5hKPXlE9mqDlxVMrtW,"it's obvious.

a lot of people remain poor due to ignorance, it's better to take risks and make sacrifices than to stay poor",2023-03-04T14:36:17Z,2026-10-01T13:27:58.022790+00:00,0,0,,9ac2f62155177e50dc0d5d57a32ce4ca0dbfe8d552e7a11fa0901ae0a92cf2ab,UgzV1KExPdTnuK5nYA94AaABAg,youtube-data-api-v3/commentThreads.list,,kis7l0y1JUg,Trading SECRETS: Pro Entry &amp; Exit Strategies Explained,Brad Goh (The Trading Geek),,
youtube,Brad Goh (The Trading Geek),kis7l0y1JUg,https://www.youtube.com/watch?v=kis7l0y1JUg,UgzV1KExPdTnuK5nYA94AaABAg.9mqD5hKPXlE9mqE7dX7BS-,The demo account isn't the same as a live account. They lure into a false sense of security.,2023-03-04T14:39:23Z,2026-10-01T13:27:58.022790+00:00,0,0,,b24b520d11bd5f38885be0912de4c654fc5b00d441a99576801a12ac4b3978c3,UgzV1KExPdTnuK5nYA94AaABAg,youtube-data-api-v3/commentThreads.list,,kis7l0y1JUg,Trading SECRETS: Pro Entry &amp; Exit Strategies Explained,Brad Goh (The Trading Geek),,
youtube,Brad Goh (The Trading Geek),kis7l0y1JUg,https://www.youtube.com/watch?v=kis7l0y1JUg,UgzV1KExPdTnuK5nYA94AaABAg.9mqD5hKPXlE9mqEXx2VLIv,"The best strategy to use in trading is to trade  a professional who understands the market quite well, that way maximum profit is guaranteed. Because I have learned along the way of my investment that research and analysis are important, note that experience is more needed, than luck when it comes to the financial market.",2023-03-04T14:42:59Z,2026-10-01T13:27:58.022790+00:00,0,0,,54797740bb6e7d1238c097cb8991c3fb321c6f161cefad98abb07c4c0117348e,UgzV1KExPdTnuK5nYA94AaABAg,youtube-data-api-v3/commentThreads.list,,kis7l0y1JUg,Trading SECRETS: Pro Entry &amp; Exit Strategies Explained,Brad Goh (The Trading Geek),,
youtube,Brad Goh (The Trading Geek),kis7l0y1JUg,https://www.youtube.com/watch?v=kis7l0y1JUg,UgzV1KExPdTnuK5nYA94AaABAg.9mqD5hKPXlE9mqFUyuU-4A,This Bitcoin trading has set sail. I honestly cannot overemphasize how much delving into Bitcoin trading has helped saved and changed the lives of many.,2023-03-04T14:51:19Z,2026-10-01T13:27:58.022790+00:00,0,0,,9e9e7436d31da8e96f916af5a91a39622f35315469036df74c72dc021ce61068,UgzV1KExPdTnuK5nYA94AaABAg,youtube-data-api-v3/commentThreads.list,,kis7l0y1JUg,Trading SECRETS: Pro Entry &amp; Exit Strategies Explained,Brad Goh (The Trading Geek),,
youtube,Brad Goh (The Trading Geek),kis7l0y1JUg,https://www.youtube.com/watch?v=kis7l0y1JUg,Ugz7UoWUk6I_C5c0Dn94AaABAg,"Only took 17 takes on demo.
Well done mate",2024-01-23T16:22:45Z,2026-10-01T13:27:58.022790+00:00,0,0,,2dcd9dfec50d042a58164d6118d17b8ef809a853eb753f985d9ad72522417993,,youtube-data-api-v3/commentThreads.list,,kis7l0y1JUg,Trading SECRETS: Pro Entry &amp; Exit Strategies Explained,Brad Goh (The Trading Geek),,
youtube,Brad Goh (The Trading Geek),kis7l0y1JUg,https://www.youtube.com/watch?v=kis7l0y1JUg,UgzesY_erkn6o38Q9954AaABAg,I do recommend newbies to invest on Zane Omar platform as he is committed in giving the best trading experience with the aim of helping you attain financial freedom and also helping you create an additional stream of income. I have made a lot of profits using his platform and I highly recommend him.,2022-09-29T11:05:10Z,2026-10-01T13:27:58.022790+00:00,38,2,,cea6820bada1c851138a2dffde99375514911e94dc588d84a578698d9e29623d,,youtube-data-api-v3/commentThreads.list,,kis7l0y1JUg,Trading SECRETS: Pro Entry &amp; Exit Strategies Explained,Brad Goh (The Trading Geek),,
youtube,Brad Goh (The Trading Geek),kis7l0y1JUg,https://www.youtube.com/watch?v=kis7l0y1JUg,UgzesY_erkn6o38Q9954AaABAg.9gZ9b93xk089gZ9c7wdQ1V,He is on instagram,2022-09-29T11:05:18Z,2026-10-01T13:27:58.022790+00:00,0,0,,cea6820bada1c851138a2dffde99375514911e94dc588d84a578698d9e29623d,UgzesY_erkn6o38Q9954AaABAg,youtube-data-api-v3/commentThreads.list,,kis7l0y1JUg,Trading SECRETS: Pro Entry &amp; Exit Strategies Explained,Brad Goh (The Trading Geek),,
youtube,Brad Goh (The Trading Geek),kis7l0y1JUg,https://www.youtube.com/watch?v=kis7l0y1JUg,UgzesY_erkn6o38Q9954AaABAg.9gZ9b93xk089gZ9cx1lVWW,# Zaneomarfx,2022-09-29T11:05:25Z,2026-10-01T13:27:58.022790+00:00,0,0,,cea6820bada1c851138a2dffde99375514911e94dc588d84a578698d9e29623d,UgzesY_erkn6o38Q9954AaABAg,youtube-data-api-v3/commentThreads.list,,kis7l0y1JUg,Trading SECRETS: Pro Entry &amp; Exit Strategies Explained,Brad Goh (The Trading Geek),,
youtube,Brad Goh (The Trading Geek),kis7l0y1JUg,https://www.youtube.com/watch?v=kis7l0y1JUg,Ugy2EOkaC4DhnbV38tl4AaABAg,Just added to my Winp Token bag. This project has serious potential💪,2023-05-12T15:35:23Z,2026-10-01T13:27:58.022790+00:00,0,0,,dae7dc10c104b6968542cd7ff2315dbb2946c4da6d65357c09d3e70a8eecba5e,,youtube-data-api-v3/commentThreads.list,,kis7l0y1JUg,Trading SECRETS: Pro Entry &amp; Exit Strategies Explained,Brad Goh (The Trading Geek),,
youtube,Brad Goh (The Trading Geek),kis7l0y1JUg,https://www.youtube.com/watch?v=kis7l0y1JUg,UgyKhXw6vjm4DyGsHah4AaABAg,"I'm 26 years old, lost my dad about half a year ago and I'm going to receive some sum soon. Would it be smart to grow my money in stocks for a few years  and then invest in rental properties afterwards, or should go more deep investing in forex?",2024-11-20T17:44:25Z,2026-10-01T13:27:58.022790+00:00,679,8,,e19ce8f53adea9b07432e44df86c92e135be236894aacf8a751d8b63f05c9af5,,youtube-data-api-v3/commentThreads.list,,kis7l0y1JUg,Trading SECRETS: Pro Entry &amp; Exit Strategies Explained,Brad Goh (The Trading Geek),,
youtube,Brad Goh (The Trading Geek),kis7l0y1JUg,https://www.youtube.com/watch?v=kis7l0y1JUg,UgyKhXw6vjm4DyGsHah4AaABAg.AB41iRIQwCkAB42Qu-EgMK,"I would advise the counsel of a seasoned financial pro. It may seem pricey, but as the old saying goes - ""you get what you pay for"" ""Expert solutions require Expert providers"" - my mantra",2024-11-20T17:50:38Z,2026-10-01T13:27:58.022790+00:00,5,0,,bd06d3d219d9944ce96a1602a104f671f3f7cf324543b90ff3f13f277474bbe1,UgyKhXw6vjm4DyGsHah4AaABAg,youtube-data-api-v3/commentThreads.list,,kis7l0y1JUg,Trading SECRETS: Pro Entry &amp; Exit Strategies Explained,Brad Goh (The Trading Geek),,
youtube,Brad Goh (The Trading Geek),kis7l0y1JUg,https://www.youtube.com/watch?v=kis7l0y1JUg,UgyKhXw6vjm4DyGsHah4AaABAg.AB41iRIQwCkAB46QbqDp8e,"Many folks overlook the importance of advisors until their emotions cause them problems. I recall a few summers ago, after my lengthy divorce, I needed support to keep my business going. I searched for licensed advisors and found someone extremely qualified. She helped grow my reserve from $175K to $750K, despite inflation.",2024-11-20T18:25:33Z,2026-10-01T13:27:58.022790+00:00,8,0,,05c4128966712d7ecee9f58cf74c89073728c83d2c84de2bea24a548a8a0129c,UgyKhXw6vjm4DyGsHah4AaABAg,youtube-data-api-v3/commentThreads.list,,kis7l0y1JUg,Trading SECRETS: Pro Entry &amp; Exit Strategies Explained,Brad Goh (The Trading Geek),,
youtube,Brad Goh (The Trading Geek),kis7l0y1JUg,https://www.youtube.com/watch?v=kis7l0y1JUg,UgyKhXw6vjm4DyGsHah4AaABAg.AB41iRIQwCkAB48dDYAsuY,"Great! mind if I look up your advisor please? only invest in my 401k through my employer as of now, but enthused about investing for my eventual retirement",2024-11-20T18:44:53Z,2026-10-01T13:27:58.022790+00:00,1,0,,1854746e04289ce2c3175eee397d87c057c301d671dd9c203b9da06ffdc8147d,UgyKhXw6vjm4DyGsHah4AaABAg,youtube-data-api-v3/commentThreads.list,,kis7l0y1JUg,Trading SECRETS: Pro Entry &amp; Exit Strategies Explained,Brad Goh (The Trading Geek),,
youtube,Brad Goh (The Trading Geek),kis7l0y1JUg,https://www.youtube.com/watch?v=kis7l0y1JUg,UgyKhXw6vjm4DyGsHah4AaABAg.AB41iRIQwCkAB48no291S6,"I've shuffled through investment coaches and yes, they can be positively impactful to an individual's portfolio, but do your due diligence to find a coach with grit, one that withstood the 08' crash. For me, ""Judith Lynn Staufer"" turned out to be better and smarter than all the advisors I ever worked with till date, I’ve never met anyone with as much conviction.",2024-11-20T18:46:19Z,2026-10-01T13:27:58.022790+00:00,1,0,,05c4128966712d7ecee9f58cf74c89073728c83d2c84de2bea24a548a8a0129c,UgyKhXw6vjm4DyGsHah4AaABAg,youtube-data-api-v3/commentThreads.list,,kis7l0y1JUg,Trading SECRETS: Pro Entry &amp; Exit Strategies Explained,Brad Goh (The Trading Geek),,
youtube,Brad Goh (The Trading Geek),kis7l0y1JUg,https://www.youtube.com/watch?v=kis7l0y1JUg,UgyKhXw6vjm4DyGsHah4AaABAg.AB41iRIQwCkAB4A_3a5-f5,"Thanks for sharing. i searched her full name and found her web instantly. After reviewing her credentials and conducting due diligence, i reached out to her.",2024-11-20T19:01:47Z,2026-10-01T13:27:58.022790+00:00,0,0,,1854746e04289ce2c3175eee397d87c057c301d671dd9c203b9da06ffdc8147d,UgyKhXw6vjm4DyGsHah4AaABAg,youtube-data-api-v3/commentThreads.list,,kis7l0y1JUg,Trading SECRETS: Pro Entry &amp; Exit Strategies Explained,Brad Goh (The Trading Geek),,
youtube,Brad Goh (The Trading Geek),kis7l0y1JUg,https://www.youtube.com/watch?v=kis7l0y1JUg,Ugxv9wWI-iRHBUcYn3V4AaABAg,"This is a well informed video. I'm here to learn how to invest after listening to a guy over the air talk about the importance of investing and how he made $440,000 in 4 months from $110,000 startup. Somehow this video has helped shed light on some things, but I'm still confused, I'm a newbie and I'm open to ideas",2022-09-24T13:08:47Z,2026-10-01T13:27:58.022790+00:00,16,8,,a390515e43b7fed84f075fd0f53103358e7af5f3e8b960591e98a38be81070ee,,youtube-data-api-v3/commentThreads.list,,kis7l0y1JUg,Trading SECRETS: Pro Entry &amp; Exit Strategies Explained,Brad Goh (The Trading Geek),,
youtube,Brad Goh (The Trading Geek),kis7l0y1JUg,https://www.youtube.com/watch?v=kis7l0y1JUg,Ugxv9wWI-iRHBUcYn3V4AaABAg.9gMVm8-F9lM9gMWK14Tzzv,"Interesting, I have a lump sum doing absolutely nothing at all in my bank account, I wanna get something started with it. You seem to be doing excellent for yourself. Do you trade on your own?",2022-09-24T13:13:33Z,2026-10-01T13:27:58.022790+00:00,0,0,,44d61b7f13a695f31ae922371a7152186bff74bbe0960d60427711e85b987987,Ugxv9wWI-iRHBUcYn3V4AaABAg,youtube-data-api-v3/commentThreads.list,,kis7l0y1JUg,Trading SECRETS: Pro Entry &amp; Exit Strategies Explained,Brad Goh (The Trading Geek),,
youtube,Brad Goh (The Trading Geek),kis7l0y1JUg,https://www.youtube.com/watch?v=kis7l0y1JUg,Ugxv9wWI-iRHBUcYn3V4AaABAg.9gMVm8-F9lM9gMWUd_c7nD,How much did you start with and how much have you earned so far?,2022-09-24T13:15:00Z,2026-10-01T13:27:58.022790+00:00,0,0,,5e66c3286bbd84f8f86f423ea56bf59750a895e6a1125d58a54515451ab6f141,Ugxv9wWI-iRHBUcYn3V4AaABAg,youtube-data-api-v3/commentThreads.list,,kis7l0y1JUg,Trading SECRETS: Pro Entry &amp; Exit Strategies Explained,Brad Goh (The Trading Geek),,
youtube,Brad Goh (The Trading Geek),kis7l0y1JUg,https://www.youtube.com/watch?v=kis7l0y1JUg,Ugxv9wWI-iRHBUcYn3V4AaABAg.9gMVm8-F9lM9gMWiODV_mU,"Wow! This is so amazing,  please how do I get in touch with Richard Scote, I would love to trade with him",2022-09-24T13:17:00Z,2026-10-01T13:27:58.022790+00:00,0,0,,a390515e43b7fed84f075fd0f53103358e7af5f3e8b960591e98a38be81070ee,Ugxv9wWI-iRHBUcYn3V4AaABAg,youtube-data-api-v3/commentThreads.list,,kis7l0y1JUg,Trading SECRETS: Pro Entry &amp; Exit Strategies Explained,Brad Goh (The Trading Geek),,
youtube,Brad Goh (The Trading Geek),kis7l0y1JUg,https://www.youtube.com/watch?v=kis7l0y1JUg,Ugxv9wWI-iRHBUcYn3V4AaABAg.9gMVm8-F9lM9gMWv-AjF6M,"I have read tons of reviews about expert Richard Scote on several forums, the degree of commendations is mind blowing",2022-09-24T13:18:44Z,2026-10-01T13:27:58.022790+00:00,0,0,,2e00016de6af74abc236c20e9b673b7d2503bf6d580ab0fd7c203d2a8c02b96e,Ugxv9wWI-iRHBUcYn3V4AaABAg,youtube-data-api-v3/commentThreads.list,,kis7l0y1JUg,Trading SECRETS: Pro Entry &amp; Exit Strategies Explained,Brad Goh (The Trading Geek),,
youtube,Brad Goh (The Trading Geek),kis7l0y1JUg,https://www.youtube.com/watch?v=kis7l0y1JUg,Ugxv9wWI-iRHBUcYn3V4AaABAg.9gMVm8-F9lM9gMXDsIdOT9,Saving bitcoin is a good idea but investing it earns you more. I've lost a lot with the current dip,2022-09-24T13:21:27Z,2026-10-01T13:27:58.022790+00:00,0,0,,b9124166cef8b2e3e7af1fa01e31a6f8fd125f75c206304f73c06f74a2f32240,Ugxv9wWI-iRHBUcYn3V4AaABAg,youtube-data-api-v3/commentThreads.list,,kis7l0y1JUg,Trading SECRETS: Pro Entry &amp; Exit Strategies Explained,Brad Goh (The Trading Geek),,
youtube,Brad Goh (The Trading Geek),kis7l0y1JUg,https://www.youtube.com/watch?v=kis7l0y1JUg,UgxkxeqPkVq4aZxw_C94AaABAg,"Just what I needed,,,,, thanks King,,, off to backtest now",2024-06-06T16:00:35Z,2026-10-01T13:27:58.022790+00:00,0,0,,646efdf0d1a35797f97cdb4c0ef1eaccbcce34c7c1666cc2af4b9f0582747c80,,youtube-data-api-v3/commentThreads.list,,kis7l0y1JUg,Trading SECRETS: Pro Entry &amp; Exit Strategies Explained,Brad Goh (The Trading Geek),,
youtube,Brad Goh (The Trading Geek),kis7l0y1JUg,https://www.youtube.com/watch?v=kis7l0y1JUg,UgwneFAHvtmnsXRpQst4AaABAg,"I have a 3 fund portfolio consisting of 33% S&P, 33% Total stock, and 33% international. I feel a need to focus on complete growth so I went 100% stocks, but does the SP500 and TSM overlap too much to make sense holding both? However I’ve been in the red for a month now. I work hard for my money, so investing is making me a nervous sad wreck. I don’t know if I should sell everything, sit and just wait but watching my portfolio of $450k dwindle away is such an eye -sore.",2023-10-01T10:49:02Z,2026-10-01T13:27:58.022790+00:00,4,5,,2a898af492c69938ed6993cd1887d3f2166216cc363bc0d7bba99afc0bf4e5c3,,youtube-data-api-v3/commentThreads.list,,kis7l0y1JUg,Trading SECRETS: Pro Entry &amp; Exit Strategies Explained,Brad Goh (The Trading Geek),,
youtube,Brad Goh (The Trading Geek),kis7l0y1JUg,https://www.youtube.com/watch?v=kis7l0y1JUg,UgwneFAHvtmnsXRpQst4AaABAg.9vK7V6OMaOv9vK7ZwoP70H,"There are many other interesting stocks in many industries that you might follow. You don't have to act on every forecast, so I'll suggest that you work with a financial advisor who can help you choose the best times to purchase and sell the shares or ETFs you want to acquire.",2023-10-01T10:49:42Z,2026-10-01T13:27:58.022790+00:00,2,0,,0af1464eb26c1929598623715f41cbcfcc511d4b25bb8c742de4d352ac043aa3,UgwneFAHvtmnsXRpQst4AaABAg,youtube-data-api-v3/commentThreads.list,,kis7l0y1JUg,Trading SECRETS: Pro Entry &amp; Exit Strategies Explained,Brad Goh (The Trading Geek),,
youtube,Brad Goh (The Trading Geek),kis7l0y1JUg,https://www.youtube.com/watch?v=kis7l0y1JUg,UgwneFAHvtmnsXRpQst4AaABAg.9vK7V6OMaOv9vK7fnJAKO9,"@AnitaCacoa  I agree, that's the more reason I prefer my day to day investment decisions being guided by an advisor seeing that their entire skillset is built around going long and short at the same time both employing risk for its asymmetrical upside and laying off risk as a hedge against the inevitable downward turns, coupled with the exclusive information/analysis they have, it's near impossible to not out-perform, been using my advisor for over 2years+ and I've netted over 2.8million.",2023-10-01T10:50:38Z,2026-10-01T13:27:58.022790+00:00,2,0,,cc372482126841ee42d5b1370843baff808a33ec0393ea33396d9a00d50ef2bd,UgwneFAHvtmnsXRpQst4AaABAg,youtube-data-api-v3/commentThreads.list,,kis7l0y1JUg,Trading SECRETS: Pro Entry &amp; Exit Strategies Explained,Brad Goh (The Trading Geek),,
youtube,Brad Goh (The Trading Geek),kis7l0y1JUg,https://www.youtube.com/watch?v=kis7l0y1JUg,UgwneFAHvtmnsXRpQst4AaABAg.9vK7V6OMaOv9vK7m9szBVq,"@SallyW414 I actually subscribed for a few trading courses but it didn't help much, been getting suggestions to use a proper financial advisor, how did you go about touching base with your coach?",2023-10-01T10:51:30Z,2026-10-01T13:27:58.022790+00:00,2,0,,44a4a139ec0fac729872c4cefa69155e199c435eb0315b01ba0d37efbe2c1ebc,UgwneFAHvtmnsXRpQst4AaABAg,youtube-data-api-v3/commentThreads.list,,kis7l0y1JUg,Trading SECRETS: Pro Entry &amp; Exit Strategies Explained,Brad Goh (The Trading Geek),,
youtube,Brad Goh (The Trading Geek),kis7l0y1JUg,https://www.youtube.com/watch?v=kis7l0y1JUg,UgwneFAHvtmnsXRpQst4AaABAg.9vK7V6OMaOv9vK7sgp5CdL,"@LagerthaJackson My advisor is Dawn Maureen Humphrey , a renowned figure in her line of work. I recommend researching her credentials further. She has many years of experience and is a valuable resource for anyone looking to navigate the financial market",2023-10-01T10:52:24Z,2026-10-01T13:27:58.022790+00:00,2,0,,cc372482126841ee42d5b1370843baff808a33ec0393ea33396d9a00d50ef2bd,UgwneFAHvtmnsXRpQst4AaABAg,youtube-data-api-v3/commentThreads.list,,kis7l0y1JUg,Trading SECRETS: Pro Entry &amp; Exit Strategies Explained,Brad Goh (The Trading Geek),,
youtube,Brad Goh (The Trading Geek),kis7l0y1JUg,https://www.youtube.com/watch?v=kis7l0y1JUg,UgwneFAHvtmnsXRpQst4AaABAg.9vK7V6OMaOv9vK7zcJxW7T,"@SallyW414  she actually appears to be well-read and educated. I just did a Google search for her name and found her webpage, I appreciate you sharing",2023-10-01T10:53:21Z,2026-10-01T13:27:58.022790+00:00,1,0,,44a4a139ec0fac729872c4cefa69155e199c435eb0315b01ba0d37efbe2c1ebc,UgwneFAHvtmnsXRpQst4AaABAg,youtube-data-api-v3/commentThreads.list,,kis7l0y1JUg,Trading SECRETS: Pro Entry &amp; Exit Strategies Explained,Brad Goh (The Trading Geek),,
youtube,Brad Goh (The Trading Geek),kis7l0y1JUg,https://www.youtube.com/watch?v=kis7l0y1JUg,UgwOmWeRsSGapQ1yZE14AaABAg,"Thank you brother, learning from Zambia",2025-04-11T13:25:06Z,2026-10-01T13:27:58.022790+00:00,0,0,,2ab695c0b62e5dd87d61d47bda1367ef52b0d44ba9acf300c54ec170ee4b5304,,youtube-data-api-v3/commentThreads.list,,kis7l0y1JUg,Trading SECRETS: Pro Entry &amp; Exit Strategies Explained,Brad Goh (The Trading Geek),,
youtube,Brad Goh (The Trading Geek),kis7l0y1JUg,https://www.youtube.com/watch?v=kis7l0y1JUg,Ugx2BT0ZLeoi15tFd5Z4AaABAg,Mr Carlos is legit and his method works like magic I keep on earning every single week with he new strategies,2022-09-30T20:47:25Z,2026-10-01T13:27:58.022790+00:00,28,30,,a818ace4c05e26a68c31cc19f42e45c75fef778caf89e3c990b6dad97bec84e7,,youtube-data-api-v3/commentThreads.list,,kis7l0y1JUg,Trading SECRETS: Pro Entry &amp; Exit Strategies Explained,Brad Goh (The Trading Geek),,
youtube,Brad Goh (The Trading Geek),kis7l0y1JUg,https://www.youtube.com/watch?v=kis7l0y1JUg,Ugx2BT0ZLeoi15tFd5Z4AaABAg.9gbm1W9cv6W9gbmJv8Lq1t,I think I'm blessed because if not I wouldn't have met someone who is as spectacular as expert Mr Carlos,2022-09-30T20:49:56Z,2026-10-01T13:27:58.022790+00:00,0,0,,c04df46daff352ff03768fdf08a0b4af68a4be918042151f07dd780bd6824184,Ugx2BT0ZLeoi15tFd5Z4AaABAg,youtube-data-api-v3/commentThreads.list,,kis7l0y1JUg,Trading SECRETS: Pro Entry &amp; Exit Strategies Explained,Brad Goh (The Trading Geek),,
youtube,Brad Goh (The Trading Geek),kis7l0y1JUg,https://www.youtube.com/watch?v=kis7l0y1JUg,Ugx2BT0ZLeoi15tFd5Z4AaABAg.9gbm1W9cv6W9gbmVj9Z7Xa,Thanks for introducing me to Mr Carlos,2022-09-30T20:51:32Z,2026-10-01T13:27:58.022790+00:00,0,0,,69fedfd4c3717651b8d2ae9499c535267437884c221e174a647b2563784c6abd,Ugx2BT0ZLeoi15tFd5Z4AaABAg,youtube-data-api-v3/commentThreads.list,,kis7l0y1JUg,Trading SECRETS: Pro Entry &amp; Exit Strategies Explained,Brad Goh (The Trading Geek),,
youtube,Brad Goh (The Trading Geek),kis7l0y1JUg,https://www.youtube.com/watch?v=kis7l0y1JUg,Ugx2BT0ZLeoi15tFd5Z4AaABAg.9gbm1W9cv6W9gbmbnA_pY7,"My first investment with Mr Carlos gave me profit of over $24,000 Us dollars and ever since then he has never failed to deliver and I can even say he is the most sincere broker I have known",2022-09-30T20:52:30Z,2026-10-01T13:27:58.022790+00:00,0,0,,685daf20d3758dabfdf772d30e6c61e2daf944c6954c2bac354e08b50fd0d4de,Ugx2BT0ZLeoi15tFd5Z4AaABAg,youtube-data-api-v3/commentThreads.list,,kis7l0y1JUg,Trading SECRETS: Pro Entry &amp; Exit Strategies Explained,Brad Goh (The Trading Geek),,
youtube,Brad Goh (The Trading Geek),kis7l0y1JUg,https://www.youtube.com/watch?v=kis7l0y1JUg,Ugx2BT0ZLeoi15tFd5Z4AaABAg.9gbm1W9cv6W9gbmiaylbch,"Mr Carlos is obviously the best, I invested $3,000 and he made profit of $28,000 for me just in 15 days",2022-09-30T20:53:26Z,2026-10-01T13:27:58.022790+00:00,0,0,,c936072c525364f5cf94e35f7785b5c8c0682f25cc189ae83ac17daefca0516a,Ugx2BT0ZLeoi15tFd5Z4AaABAg,youtube-data-api-v3/commentThreads.list,,kis7l0y1JUg,Trading SECRETS: Pro Entry &amp; Exit Strategies Explained,Brad Goh (The Trading Geek),,
youtube,Brad Goh (The Trading Geek),kis7l0y1JUg,https://www.youtube.com/watch?v=kis7l0y1JUg,Ugx2BT0ZLeoi15tFd5Z4AaABAg.9gbm1W9cv6W9gbmqICTGCF,Who's this professional everyone is talking about I always see his post on top comment on every YouTube video I watched,2022-09-30T20:54:29Z,2026-10-01T13:27:58.022790+00:00,0,0,,b1aa0cdc052855bd89ac08a6ee94c64ce728c143327fe2015201446b7de69812,Ugx2BT0ZLeoi15tFd5Z4AaABAg,youtube-data-api-v3/commentThreads.list,,kis7l0y1JUg,Trading SECRETS: Pro Entry &amp; Exit Strategies Explained,Brad Goh (The Trading Geek),,
youtube,Brad Goh (The Trading Geek),kis7l0y1JUg,https://www.youtube.com/watch?v=kis7l0y1JUg,UgxthXZsCM8kujM3Nit4AaABAg,You got straight to the point great video I appreciate you,2024-04-25T07:19:59Z,2026-10-01T13:27:58.022790+00:00,1,0,,1409335c527e378f32df2a82f8ad926394571308b0c3306744cec52ea1e309ee,,youtube-data-api-v3/commentThreads.list,,kis7l0y1JUg,Trading SECRETS: Pro Entry &amp; Exit Strategies Explained,Brad Goh (The Trading Geek),,
youtube,Brad Goh (The Trading Geek),kis7l0y1JUg,https://www.youtube.com/watch?v=kis7l0y1JUg,UgyFSlpcyvq7bx2Zas14AaABAg,"I will be forever grateful to you, you changed my entire life and I will continue to preach on your behalf for the whole world to hear you saved me from huge financial debt with just a small investment, thank you Claudia Jenkins.",2024-02-05T08:45:07Z,2026-10-01T13:27:58.022790+00:00,29,5,,3bb875c8ef67489a7b5554e44af6d1add5d3cd8d06ad78b011788fb2d7a2f1e7,,youtube-data-api-v3/commentThreads.list,,kis7l0y1JUg,Trading SECRETS: Pro Entry &amp; Exit Strategies Explained,Brad Goh (The Trading Geek),,
youtube,Brad Goh (The Trading Geek),kis7l0y1JUg,https://www.youtube.com/watch?v=kis7l0y1JUg,UgyFSlpcyvq7bx2Zas14AaABAg.A-QvGZeZ9NUA-QvNpSZwtn,I'm surprised that you just mentioned Claudia Jenkins here. I met her at a conference in 2018 and we have been working together ever since.,2024-02-05T08:46:06Z,2026-10-01T13:27:58.022790+00:00,0,0,,da6731b56f0b6368aba5d988cd2a70c6a18f1cb25a7716823efb0f2cd52a9d71,UgyFSlpcyvq7bx2Zas14AaABAg,youtube-data-api-v3/commentThreads.list,,kis7l0y1JUg,Trading SECRETS: Pro Entry &amp; Exit Strategies Explained,Brad Goh (The Trading Geek),,
youtube,Brad Goh (The Trading Geek),kis7l0y1JUg,https://www.youtube.com/watch?v=kis7l0y1JUg,UgyFSlpcyvq7bx2Zas14AaABAg.A-QvGZeZ9NUA-Qvw5OWje6,"I'm new at this, please how can I reach her?",2024-02-05T08:50:55Z,2026-10-01T13:27:58.022790+00:00,0,0,,3ece0faff8603cf0fddb35e5b82e1ed2f3a0033830b5be728d3ebd2f2519eadd,UgyFSlpcyvq7bx2Zas14AaABAg,youtube-data-api-v3/commentThreads.list,,kis7l0y1JUg,Trading SECRETS: Pro Entry &amp; Exit Strategies Explained,Brad Goh (The Trading Geek),,
youtube,Brad Goh (The Trading Geek),kis7l0y1JUg,https://www.youtube.com/watch?v=kis7l0y1JUg,UgyFSlpcyvq7bx2Zas14AaABAg.A-QvGZeZ9NUA-Qw6Q8FZUJ,"she's mostly on Telegrams, using the user name",2024-02-05T08:52:28Z,2026-10-01T13:27:58.022790+00:00,0,0,,3bb875c8ef67489a7b5554e44af6d1add5d3cd8d06ad78b011788fb2d7a2f1e7,UgyFSlpcyvq7bx2Zas14AaABAg,youtube-data-api-v3/commentThreads.list,,kis7l0y1JUg,Trading SECRETS: Pro Entry &amp; Exit Strategies Explained,Brad Goh (The Trading Geek),,
youtube,Brad Goh (The Trading Geek),kis7l0y1JUg,https://www.youtube.com/watch?v=kis7l0y1JUg,UgyFSlpcyvq7bx2Zas14AaABAg.A-QvGZeZ9NUA-Qw76VWJT0,Investwithjenkins 💯,2024-02-05T08:52:34Z,2026-10-01T13:27:58.022790+00:00,0,0,,3bb875c8ef67489a7b5554e44af6d1add5d3cd8d06ad78b011788fb2d7a2f1e7,UgyFSlpcyvq7bx2Zas14AaABAg,youtube-data-api-v3/commentThreads.list,,kis7l0y1JUg,Trading SECRETS: Pro Entry &amp; Exit Strategies Explained,Brad Goh (The Trading Geek),,
youtube,Brad Goh (The Trading Geek),kis7l0y1JUg,https://www.youtube.com/watch?v=kis7l0y1JUg,UgyFSlpcyvq7bx2Zas14AaABAg.A-QvGZeZ9NUA-QwB-vBqb1,Thank You,2024-02-05T08:53:06Z,2026-10-01T13:27:58.022790+00:00,0,0,,3ece0faff8603cf0fddb35e5b82e1ed2f3a0033830b5be728d3ebd2f2519eadd,UgyFSlpcyvq7bx2Zas14AaABAg,youtube-data-api-v3/commentThreads.list,,kis7l0y1JUg,Trading SECRETS: Pro Entry &amp; Exit Strategies Explained,Brad Goh (The Trading Geek),,
youtube,Brad Goh (The Trading Geek),kis7l0y1JUg,https://www.youtube.com/watch?v=kis7l0y1JUg,UgySfTrvAa_s98ZF5pF4AaABAg,"thank u so much trading geek, these vids are super important.thank u once again",2025-01-08T21:09:42Z,2026-10-01T13:27:58.022790+00:00,0,0,,7a54b819fe51f4082d772c449f9f67dbe7d0fba9da9a444aaa410792aa4a4f18,,youtube-data-api-v3/commentThreads.list,,kis7l0y1JUg,Trading SECRETS: Pro Entry &amp; Exit Strategies Explained,Brad Goh (The Trading Geek),,
youtube,Brad Goh (The Trading Geek),kis7l0y1JUg,https://www.youtube.com/watch?v=kis7l0y1JUg,UgzeXAUHRfSqMRce6ft4AaABAg,The market has been pretty bad until today it decided to surge. Everybody was Practically Crying then. It kept dipping. That's what you get when you feel you can navigate the process on your own. Big thank to Hilder Ferguson. I'm not bothered with how bad the Market is because my assests are insured due to her advice and I still receive my profit,2022-09-25T03:18:34Z,2026-10-01T13:27:58.022790+00:00,3,7,,a5ca34f87508953b343d4e66f391a0505416e2f9f771ffd979c9d33feeeb1e0b,,youtube-data-api-v3/commentThreads.list,,kis7l0y1JUg,Trading SECRETS: Pro Entry &amp; Exit Strategies Explained,Brad Goh (The Trading Geek),,
youtube,Brad Goh (The Trading Geek),kis7l0y1JUg,https://www.youtube.com/watch?v=kis7l0y1JUg,UgzeXAUHRfSqMRce6ft4AaABAg.9gO11CHenJb9gO15H3cKaO,Trading with an expert is really beneficial this will help you avoid losing your money on the trading market. I also trade with her and my portfolio has grown tremendously.,2022-09-25T03:19:08Z,2026-10-01T13:27:58.022790+00:00,0,0,,a5dd804c28a3026dae753c90a20f55d925a7d591e387c11499dbfcef104504e9,UgzeXAUHRfSqMRce6ft4AaABAg,youtube-data-api-v3/commentThreads.list,,kis7l0y1JUg,Trading SECRETS: Pro Entry &amp; Exit Strategies Explained,Brad Goh (The Trading Geek),,
youtube,Brad Goh (The Trading Geek),kis7l0y1JUg,https://www.youtube.com/watch?v=kis7l0y1JUg,UgzeXAUHRfSqMRce6ft4AaABAg.9gO11CHenJb9gO1ZBXV9pg,@Johnson Steven you can reach her on Telegram,2022-09-25T03:23:13Z,2026-10-01T13:27:58.022790+00:00,0,0,,a5ca34f87508953b343d4e66f391a0505416e2f9f771ffd979c9d33feeeb1e0b,UgzeXAUHRfSqMRce6ft4AaABAg,youtube-data-api-v3/commentThreads.list,,kis7l0y1JUg,Trading SECRETS: Pro Entry &amp; Exit Strategies Explained,Brad Goh (The Trading Geek),,
youtube,Brad Goh (The Trading Geek),kis7l0y1JUg,https://www.youtube.com/watch?v=kis7l0y1JUg,UgzeXAUHRfSqMRce6ft4AaABAg.9gO11CHenJb9gO1_DBmPGj,"""Tradewithhilder""",2022-09-25T03:23:21Z,2026-10-01T13:27:58.022790+00:00,0,0,,a5ca34f87508953b343d4e66f391a0505416e2f9f771ffd979c9d33feeeb1e0b,UgzeXAUHRfSqMRce6ft4AaABAg,youtube-data-api-v3/commentThreads.list,,kis7l0y1JUg,Trading SECRETS: Pro Entry &amp; Exit Strategies Explained,Brad Goh (The Trading Geek),,
youtube,Brad Goh (The Trading Geek),kis7l0y1JUg,https://www.youtube.com/watch?v=kis7l0y1JUg,UgzeXAUHRfSqMRce6ft4AaABAg.9gO11CHenJb9gO1b7OoHk2,Tradewithhilder.,2022-09-25T03:23:37Z,2026-10-01T13:27:58.022790+00:00,0,0,,a5ca34f87508953b343d4e66f391a0505416e2f9f771ffd979c9d33feeeb1e0b,UgzeXAUHRfSqMRce6ft4AaABAg,youtube-data-api-v3/commentThreads.list,,kis7l0y1JUg,Trading SECRETS: Pro Entry &amp; Exit Strategies Explained,Brad Goh (The Trading Geek),,
youtube,Brad Goh (The Trading Geek),kis7l0y1JUg,https://www.youtube.com/watch?v=kis7l0y1JUg,UgzeXAUHRfSqMRce6ft4AaABAg.9gO11CHenJb9gO1kZ8e-nE,Tradewithhilder.,2022-09-25T03:24:54Z,2026-10-01T13:27:58.022790+00:00,0,0,,a5ca34f87508953b343d4e66f391a0505416e2f9f771ffd979c9d33feeeb1e0b,UgzeXAUHRfSqMRce6ft4AaABAg,youtube-data-api-v3/commentThreads.list,,kis7l0y1JUg,Trading SECRETS: Pro Entry &amp; Exit Strategies Explained,Brad Goh (The Trading Geek),,
youtube,Brad Goh (The Trading Geek),kis7l0y1JUg,https://www.youtube.com/watch?v=kis7l0y1JUg,Ugx9g3reEGWu0U4smP94AaABAg,this guy is honest how you find entry's thats rare,2023-07-23T07:00:12Z,2026-10-01T13:27:58.022790+00:00,0,0,,ae4ac69c91b6443c47f6b381b5e65ec03cf5315266610ddb1e3a8153280ab7a5,,youtube-data-api-v3/commentThreads.list,,kis7l0y1JUg,Trading SECRETS: Pro Entry &amp; Exit Strategies Explained,Brad Goh (The Trading Geek),,
youtube,Brad Goh (The Trading Geek),kis7l0y1JUg,https://www.youtube.com/watch?v=kis7l0y1JUg,Ugx3V_6p_8nkxSIABiZ4AaABAg,Hello Mrs Clarissa the bitcoin trader is legit and her method works like magic I keep on earning every single week with her new strategies...,2022-10-18T22:42:12Z,2026-10-01T13:27:58.022790+00:00,14,16,,0e190a2b6086d01d7dd29e628907e2896c384e6c7cc13939917c28e2a3cab2c4,,youtube-data-api-v3/commentThreads.list,,kis7l0y1JUg,Trading SECRETS: Pro Entry &amp; Exit Strategies Explained,Brad Goh (The Trading Geek),,
youtube,Brad Goh (The Trading Geek),kis7l0y1JUg,https://www.youtube.com/watch?v=kis7l0y1JUg,Ugx3V_6p_8nkxSIABiZ4AaABAg.9hLKTwHE3Kx9hLS6NJqMdl,@Monica Tricia When you invest with genius like Mrs Clarissa you don't have any other choice then to keep winning she trading strategies are very productive and reliable. I made quite a huge profit today all thanks to Mrs Clarissa,2022-10-18T23:48:53Z,2026-10-01T13:27:58.022790+00:00,0,0,,813e2a7b43e87510410b74edfdf18e3eee61bbbc9148b3f083b3b6197ec03efc,Ugx3V_6p_8nkxSIABiZ4AaABAg,youtube-data-api-v3/commentThreads.list,,kis7l0y1JUg,Trading SECRETS: Pro Entry &amp; Exit Strategies Explained,Brad Goh (The Trading Geek),,
youtube,Brad Goh (The Trading Geek),kis7l0y1JUg,https://www.youtube.com/watch?v=kis7l0y1JUg,Ugx3V_6p_8nkxSIABiZ4AaABAg.9hLKTwHE3Kx9hLTOa6mwKq,Can I invest from Australia,2022-10-19T00:00:06Z,2026-10-01T13:27:58.022790+00:00,0,0,,0b1c75408039f2abc3cf4f85f23377e94c0105ff28268ff3318c699c31c401dd,Ugx3V_6p_8nkxSIABiZ4AaABAg,youtube-data-api-v3/commentThreads.list,,kis7l0y1JUg,Trading SECRETS: Pro Entry &amp; Exit Strategies Explained,Brad Goh (The Trading Geek),,
youtube,Brad Goh (The Trading Geek),kis7l0y1JUg,https://www.youtube.com/watch?v=kis7l0y1JUg,Ugx3V_6p_8nkxSIABiZ4AaABAg.9hLKTwHE3Kx9hLVG8e2txQ,"Hello am from Wales, my partner just approved my trading... Can I write her directly on WA I would like to work with your trader, how can I connect with her?",2022-10-19T00:16:26Z,2026-10-01T13:27:58.022790+00:00,0,0,,8247b32ca3fba11b9201ef14453a9c1dd5e3ab9305d75398e0defa872edc615e,Ugx3V_6p_8nkxSIABiZ4AaABAg,youtube-data-api-v3/commentThreads.list,,kis7l0y1JUg,Trading SECRETS: Pro Entry &amp; Exit Strategies Explained,Brad Goh (The Trading Geek),,
youtube,Brad Goh (The Trading Geek),kis7l0y1JUg,https://www.youtube.com/watch?v=kis7l0y1JUg,Ugx3V_6p_8nkxSIABiZ4AaABAg.9hLKTwHE3Kx9hLWD2L7DjE,@georgemarcus8647 Sure 👇👇,2022-10-19T00:24:45Z,2026-10-01T13:27:58.022790+00:00,0,0,,014369ee5708c24854440b68ca185bef334ff6a60662dd493c6a0133e2ab378d,Ugx3V_6p_8nkxSIABiZ4AaABAg,youtube-data-api-v3/commentThreads.list,,kis7l0y1JUg,Trading SECRETS: Pro Entry &amp; Exit Strategies Explained,Brad Goh (The Trading Geek),,
youtube,Brad Goh (The Trading Geek),kis7l0y1JUg,https://www.youtube.com/watch?v=kis7l0y1JUg,Ugx3V_6p_8nkxSIABiZ4AaABAg.9hLKTwHE3Kx9hLWE45mXE5,+180,2022-10-19T00:24:53Z,2026-10-01T13:27:58.022790+00:00,0,0,,014369ee5708c24854440b68ca185bef334ff6a60662dd493c6a0133e2ab378d,Ugx3V_6p_8nkxSIABiZ4AaABAg,youtube-data-api-v3/commentThreads.list,,kis7l0y1JUg,Trading SECRETS: Pro Entry &amp; Exit Strategies Explained,Brad Goh (The Trading Geek),,
youtube,Brad Goh (The Trading Geek),kis7l0y1JUg,https://www.youtube.com/watch?v=kis7l0y1JUg,UgxpFnXYKMyFd3sU_n54AaABAg,you are one of the best trainers!,2024-03-16T20:52:56Z,2026-10-01T13:27:58.022790+00:00,0,0,,5b598c7213aac4f843a0440f673916b17ee2ed9c168797f6c6f4ff4d7e1b5327,,youtube-data-api-v3/commentThreads.list,,kis7l0y1JUg,Trading SECRETS: Pro Entry &amp; Exit Strategies Explained,Brad Goh (The Trading Geek),,
youtube,Brad Goh (The Trading Geek),kis7l0y1JUg,https://www.youtube.com/watch?v=kis7l0y1JUg,UgzdEyeVKZlTphlzXTp4AaABAg,"The wisest thing that should be on everyone mind currently should be to invest in different streams of income that doesn't depend on government. Especially with the current economic crisis around the World. This is still a time to invest in Gold, silver and digital Currencies",2022-11-30T18:34:27Z,2026-10-01T13:27:58.022790+00:00,59,26,,4094e0b0fcb81954cc84c62de845c5513af4b0954d92acc660dfe32b08c44c7e,,youtube-data-api-v3/commentThreads.list,,kis7l0y1JUg,Trading SECRETS: Pro Entry &amp; Exit Strategies Explained,Brad Goh (The Trading Geek),,
youtube,Brad Goh (The Trading Geek),kis7l0y1JUg,https://www.youtube.com/watch?v=kis7l0y1JUg,UgzdEyeVKZlTphlzXTp4AaABAg.9j3bJ0ixycn9j3e49Tmjqh,The forex market is by far the biggest and most popular market in the world traded globally by large number of individuals and organization,2022-11-30T18:58:38Z,2026-10-01T13:27:58.022790+00:00,1,0,,6dfe28cac5026e371bdc6c1f055a72f0c5c75cea111312837e259bbcc36f1801,UgzdEyeVKZlTphlzXTp4AaABAg,youtube-data-api-v3/commentThreads.list,,kis7l0y1JUg,Trading SECRETS: Pro Entry &amp; Exit Strategies Explained,Brad Goh (The Trading Geek),,
youtube,Brad Goh (The Trading Geek),kis7l0y1JUg,https://www.youtube.com/watch?v=kis7l0y1JUg,UgzdEyeVKZlTphlzXTp4AaABAg.9j3bJ0ixycn9j3f9NCm5-t,"I keep seeing lot's of people testifying about how they make money investing in Forex, Stock and Bitcoin and I wonder why I keep loosing. Can anyone help me out or at least advice me on what to do",2022-11-30T19:08:05Z,2026-10-01T13:27:58.022790+00:00,0,0,,8b65f5ab7a8bb048f0b66816d8c866b119ec44ca63fc8712a9d0fdaec2c80fa1,UgzdEyeVKZlTphlzXTp4AaABAg,youtube-data-api-v3/commentThreads.list,,kis7l0y1JUg,Trading SECRETS: Pro Entry &amp; Exit Strategies Explained,Brad Goh (The Trading Geek),,
youtube,Brad Goh (The Trading Geek),kis7l0y1JUg,https://www.youtube.com/watch?v=kis7l0y1JUg,UgzdEyeVKZlTphlzXTp4AaABAg.9j3bJ0ixycn9j3ipd1Ckgl,Most time having knowledge or insight about a particular activity can as well be a pleasing exercise. I can boldly say that forex and bitcoin trading is one of the profitable money exchange services that elevates investors and their financial status,2022-11-30T19:40:12Z,2026-10-01T13:27:58.022790+00:00,0,0,,7e830441704b9ccf9ec02c783c5eecc30bf4fbe25ba3eded364d54abc90fd883,UgzdEyeVKZlTphlzXTp4AaABAg,youtube-data-api-v3/commentThreads.list,,kis7l0y1JUg,Trading SECRETS: Pro Entry &amp; Exit Strategies Explained,Brad Goh (The Trading Geek),,
youtube,Brad Goh (The Trading Geek),kis7l0y1JUg,https://www.youtube.com/watch?v=kis7l0y1JUg,UgzdEyeVKZlTphlzXTp4AaABAg.9j3bJ0ixycn9j4-V6mCjup,"Forex/bitcoin trading is one good way of
paying bills which also create opportunity for crypto believers",2022-11-30T22:14:33Z,2026-10-01T13:27:58.022790+00:00,0,0,,2310d0470cb4e6575bb04de04a1121c0d34aa7f9db6ae056bb6a2f16543dab66,UgzdEyeVKZlTphlzXTp4AaABAg,youtube-data-api-v3/commentThreads.list,,kis7l0y1JUg,Trading SECRETS: Pro Entry &amp; Exit Strategies Explained,Brad Goh (The Trading Geek),,
youtube,Brad Goh (The Trading Geek),kis7l0y1JUg,https://www.youtube.com/watch?v=kis7l0y1JUg,UgzdEyeVKZlTphlzXTp4AaABAg.9j3bJ0ixycn9j4_MCuYb57,"Successful people don't become that way overnight. What most people see at a glance-wealth, a great career purpose is the result of hard work and hustle over time",2022-12-01T03:36:39Z,2026-10-01T13:27:58.022790+00:00,0,0,,5bd3b985b5d469fe3f3544213415601c11be3d2dd11b9442031e87c6dfe30347,UgzdEyeVKZlTphlzXTp4AaABAg,youtube-data-api-v3/commentThreads.list,,kis7l0y1JUg,Trading SECRETS: Pro Entry &amp; Exit Strategies Explained,Brad Goh (The Trading Geek),,
youtube,Brad Goh (The Trading Geek),kis7l0y1JUg,https://www.youtube.com/watch?v=kis7l0y1JUg,UgxZ9ycMfBdlaRF6QkV4AaABAg,Ey bro I like your teaching it really helped me...Thank You!!,2023-07-02T10:54:42Z,2026-10-01T13:27:58.022790+00:00,0,0,,582fe5614c908c4de59d2ca5665939caebfa4139a4c93bd2c88528fb9336bdb6,,youtube-data-api-v3/commentThreads.list,,kis7l0y1JUg,Trading SECRETS: Pro Entry &amp; Exit Strategies Explained,Brad Goh (The Trading Geek),,
youtube,Brad Goh (The Trading Geek),kis7l0y1JUg,https://www.youtube.com/watch?v=kis7l0y1JUg,UgwJ8TAI5N3TN0fuBS94AaABAg,TTG Thanks for all your videos bro learned so much! I have been trading the past 2 years but failed and burnt so much money and after watching some of your videos I am slowly seeing some lights now.,2023-05-19T13:38:40Z,2026-10-01T13:27:58.022790+00:00,1,0,,eaa5326e9088e071a2d2ac7d6e4019efb36c1249b77a4c0c5fc89992ee6f8cb5,,youtube-data-api-v3/commentThreads.list,,kis7l0y1JUg,Trading SECRETS: Pro Entry &amp; Exit Strategies Explained,Brad Goh (The Trading Geek),,
youtube,Brad Goh (The Trading Geek),kis7l0y1JUg,https://www.youtube.com/watch?v=kis7l0y1JUg,UgzdnjhroPSQNazXVbR4AaABAg,"I don't believe in luck I believe in trust and
understanding. I've been trading forex for some
months now and I've made good amount of money
of over $78,100 with her simple strategies of
trading. Meeting with stacy has been one of my best
experience these past few months and am expecting
more withdraws from her",2023-03-18T14:58:51Z,2026-10-01T13:27:58.022790+00:00,24,21,,c7e51b97d535995135d45381ccad33a45c6174a6d878c1d7d195efffad86da68,,youtube-data-api-v3/commentThreads.list,,kis7l0y1JUg,Trading SECRETS: Pro Entry &amp; Exit Strategies Explained,Brad Goh (The Trading Geek),,
youtube,Brad Goh (The Trading Geek),kis7l0y1JUg,https://www.youtube.com/watch?v=kis7l0y1JUg,UgzdnjhroPSQNazXVbR4AaABAg.9nPJUKrXao09nPKsHA4K5V,I have incurred so much losses trading on my own..I trade well on demo. But I think the real market is manipulated. Can anyone help me out or at least tell me what I'm doing wrong,2023-03-18T15:10:59Z,2026-10-01T13:27:58.022790+00:00,0,0,,898f001d9e6f736e9eef8ac851ae2d39397ad18829825087c9388df1998b42c8,UgzdnjhroPSQNazXVbR4AaABAg,youtube-data-api-v3/commentThreads.list,,kis7l0y1JUg,Trading SECRETS: Pro Entry &amp; Exit Strategies Explained,Brad Goh (The Trading Geek),,
youtube,Brad Goh (The Trading Geek),kis7l0y1JUg,https://www.youtube.com/watch?v=kis7l0y1JUg,UgzdnjhroPSQNazXVbR4AaABAg.9nPJUKrXao09nPLCoXkAF_,trading in the financial market  is very volatile and risky to trade that's the reason most investors trade with a professionals,2023-03-18T15:13:55Z,2026-10-01T13:27:58.022790+00:00,0,0,,fe93782f1b7ac3e799d94ca9e46e8d03abeefcde221bc742c1a231091272ebc3,UgzdnjhroPSQNazXVbR4AaABAg,youtube-data-api-v3/commentThreads.list,,kis7l0y1JUg,Trading SECRETS: Pro Entry &amp; Exit Strategies Explained,Brad Goh (The Trading Geek),,
youtube,Brad Goh (The Trading Geek),kis7l0y1JUg,https://www.youtube.com/watch?v=kis7l0y1JUg,UgzdnjhroPSQNazXVbR4AaABAg.9nPJUKrXao09nPLNj7m8iP,Trading with an expert is the best strategy for newbies and busy investors who have little or no time to monitor trade,2023-03-18T15:15:25Z,2026-10-01T13:27:58.022790+00:00,0,0,,5435bed08b30689c6f8ffbd6863be89f07ffe1880371fba0a70c9da0a3aee62e,UgzdnjhroPSQNazXVbR4AaABAg,youtube-data-api-v3/commentThreads.list,,kis7l0y1JUg,Trading SECRETS: Pro Entry &amp; Exit Strategies Explained,Brad Goh (The Trading Geek),,
youtube,Brad Goh (The Trading Geek),kis7l0y1JUg,https://www.youtube.com/watch?v=kis7l0y1JUg,UgzdnjhroPSQNazXVbR4AaABAg.9nPJUKrXao09nPcMYGNxJ6,"Then, how can someone get a professional manager that is trustworthy and legit they are hard to find this days",2023-03-18T17:52:32Z,2026-10-01T13:27:58.022790+00:00,0,0,,5ef971d2452944968aefefb370366e038c1fd068b5bb2e3535644efb9400f297,UgzdnjhroPSQNazXVbR4AaABAg,youtube-data-api-v3/commentThreads.list,,kis7l0y1JUg,Trading SECRETS: Pro Entry &amp; Exit Strategies Explained,Brad Goh (The Trading Geek),,
youtube,Brad Goh (The Trading Geek),kis7l0y1JUg,https://www.youtube.com/watch?v=kis7l0y1JUg,UgzdnjhroPSQNazXVbR4AaABAg.9nPJUKrXao09nPd9BjzM18,"I think | heard that name before, I stumbled
upon one of her clients testimonies here some",2023-03-18T17:59:27Z,2026-10-01T13:27:58.022790+00:00,0,0,,8462ce00aa0c342c8cca4a35a18ca16675a4a36ec1bc9197ea66de47b9e01684,UgzdnjhroPSQNazXVbR4AaABAg,youtube-data-api-v3/commentThreads.list,,kis7l0y1JUg,Trading SECRETS: Pro Entry &amp; Exit Strategies Explained,Brad Goh (The Trading Geek),,
youtube,Brad Goh (The Trading Geek),kis7l0y1JUg,https://www.youtube.com/watch?v=kis7l0y1JUg,UgxHZCtmQistZ2vBlrZ4AaABAg,"You're a pro, you got yuhself another subscriber",2023-05-26T06:58:36Z,2026-10-01T13:27:58.022790+00:00,0,0,,e4b33fadd5d7a15f30e015371166355db27700d77d1453e195be206cfbeb8d45,,youtube-data-api-v3/commentThreads.list,,kis7l0y1JUg,Trading SECRETS: Pro Entry &amp; Exit Strategies Explained,Brad Goh (The Trading Geek),,
youtube,Brad Goh (The Trading Geek),kis7l0y1JUg,https://www.youtube.com/watch?v=kis7l0y1JUg,Ugytgg4d1KOgZuIexVJ4AaABAg,Bro you like is not working in INDIA 🇮🇳.,2022-09-07T15:59:19Z,2026-10-01T13:27:58.022790+00:00,4,1,,79eec8e1ca51499746ea81e5d6d9dfe2db1d748ac4e758ac3e93c3b207c8d936,,youtube-data-api-v3/commentThreads.list,,kis7l0y1JUg,Trading SECRETS: Pro Entry &amp; Exit Strategies Explained,Brad Goh (The Trading Geek),,
youtube,Brad Goh (The Trading Geek),kis7l0y1JUg,https://www.youtube.com/watch?v=kis7l0y1JUg,Ugytgg4d1KOgZuIexVJ4AaABAg.9fg1mFw9b3T9g0e6u2R-p7,Wt do u mean?😄,2022-09-16T01:27:06Z,2026-10-01T13:27:58.022790+00:00,0,0,,4a0d70b8973581a1ef455241776ff0b10d6a5cd647bbbdd9bc9294304d612032,Ugytgg4d1KOgZuIexVJ4AaABAg,youtube-data-api-v3/commentThreads.list,,kis7l0y1JUg,Trading SECRETS: Pro Entry &amp; Exit Strategies Explained,Brad Goh (The Trading Geek),,
youtube,Brad Goh (The Trading Geek),kis7l0y1JUg,https://www.youtube.com/watch?v=kis7l0y1JUg,Ugyqa88LXwLJGrAls714AaABAg,"First video I’ve seen and I dropped a follow, quality content",2023-02-19T10:28:29Z,2026-10-01T13:27:58.022790+00:00,0,0,,577dba230a3ef7785f845bc2e4726a58776caf5208a09f7eabdbb16962178bea,,youtube-data-api-v3/commentThreads.list,,kis7l0y1JUg,Trading SECRETS: Pro Entry &amp; Exit Strategies Explained,Brad Goh (The Trading Geek),,
youtube,Brad Goh (The Trading Geek),kis7l0y1JUg,https://www.youtube.com/watch?v=kis7l0y1JUg,UgwreiW19RYsVfmVRs54AaABAg,"I must admit that this is a great video but know Crypto-currency trading is very volatile one as such is too risky for bigginers without basic knowledge to make good fortune out of it, I suggest you invest with a reputable broker and enjoy your returns.",2022-10-10T22:12:48Z,2026-10-01T13:27:58.022790+00:00,4,7,,6a2211df0955010edc52ad30bac04de3e1e3c215189b5c106f12aea990e3719e,,youtube-data-api-v3/commentThreads.list,,kis7l0y1JUg,Trading SECRETS: Pro Entry &amp; Exit Strategies Explained,Brad Goh (The Trading Geek),,
youtube,Brad Goh (The Trading Geek),kis7l0y1JUg,https://www.youtube.com/watch?v=kis7l0y1JUg,UgwreiW19RYsVfmVRs54AaABAg.9h0fkhWImBT9h0k-uHznU5,@Rachel Garcia you're right ma'am,2022-10-10T22:49:58Z,2026-10-01T13:27:58.022790+00:00,0,0,,1071301258ca98feccdc3364b79ab5c4515e51333cf928c856025ead47576d47,UgwreiW19RYsVfmVRs54AaABAg,youtube-data-api-v3/commentThreads.list,,kis7l0y1JUg,Trading SECRETS: Pro Entry &amp; Exit Strategies Explained,Brad Goh (The Trading Geek),,
youtube,Brad Goh (The Trading Geek),kis7l0y1JUg,https://www.youtube.com/watch?v=kis7l0y1JUg,UgwreiW19RYsVfmVRs54AaABAg.9h0fkhWImBT9h0k0Hsj9h5,but don't know why people still remains poor out of ignorance.,2022-10-10T22:50:01Z,2026-10-01T13:27:58.022790+00:00,0,0,,1071301258ca98feccdc3364b79ab5c4515e51333cf928c856025ead47576d47,UgwreiW19RYsVfmVRs54AaABAg,youtube-data-api-v3/commentThreads.list,,kis7l0y1JUg,Trading SECRETS: Pro Entry &amp; Exit Strategies Explained,Brad Goh (The Trading Geek),,
youtube,Brad Goh (The Trading Geek),kis7l0y1JUg,https://www.youtube.com/watch?v=kis7l0y1JUg,UgwreiW19RYsVfmVRs54AaABAg.9h0fkhWImBT9h0no04UKiu,"Wow, this sounds really amazing: how can I invest with her. Am interested, please",2022-10-10T23:23:10Z,2026-10-01T13:27:58.022790+00:00,0,0,,245748a4b158dddb70ef7a9e783a315bef9c556dc94db9f832ece5cd2a2eddc4,UgwreiW19RYsVfmVRs54AaABAg,youtube-data-api-v3/commentThreads.list,,kis7l0y1JUg,Trading SECRETS: Pro Entry &amp; Exit Strategies Explained,Brad Goh (The Trading Geek),,
youtube,Brad Goh (The Trading Geek),kis7l0y1JUg,https://www.youtube.com/watch?v=kis7l0y1JUg,UgwreiW19RYsVfmVRs54AaABAg.9h0fkhWImBT9h0qQLC-YQI,"@Terry Jimenez amazing, such a small world.  I never knew she was this popular, seeing some of you talking about her here wow she has really touched a lot of souls",2022-10-10T23:46:01Z,2026-10-01T13:27:58.022790+00:00,0,0,,5f10b3a37a41835498d58add28a9a5ec00a780c37f095bd3b514650d49e6d71e,UgwreiW19RYsVfmVRs54AaABAg,youtube-data-api-v3/commentThreads.list,,kis7l0y1JUg,Trading SECRETS: Pro Entry &amp; Exit Strategies Explained,Brad Goh (The Trading Geek),,
youtube,Brad Goh (The Trading Geek),kis7l0y1JUg,https://www.youtube.com/watch?v=kis7l0y1JUg,UgwreiW19RYsVfmVRs54AaABAg.9h0fkhWImBT9h0rsh42_nQ,No exact amount but a profit range from $1300 to $5000 depending on the coin fluctuation in the market.,2022-10-10T23:58:45Z,2026-10-01T13:27:58.022790+00:00,0,0,,057c27e47709f38cd82081e9308dd03bf50f5ec07df50b9c76e68d3b2542288d,UgwreiW19RYsVfmVRs54AaABAg,youtube-data-api-v3/commentThreads.list,,kis7l0y1JUg,Trading SECRETS: Pro Entry &amp; Exit Strategies Explained,Brad Goh (The Trading Geek),,
youtube,Brad Goh (The Trading Geek),kis7l0y1JUg,https://www.youtube.com/watch?v=kis7l0y1JUg,Ugy4Kyf42xLIfwE1wk94AaABAg,"*The crypto market has been unfavorable for months and i keep losing my money selling off during dips, i'm very scared of holding right now. how do you guys still make so much?*",2023-02-24T10:57:56Z,2026-10-01T13:27:58.022790+00:00,2,3,,de82f1199e9d8f5e91653945c99245539a70261be8b4beb9229eeab43df1e89b,,youtube-data-api-v3/commentThreads.list,,kis7l0y1JUg,Trading SECRETS: Pro Entry &amp; Exit Strategies Explained,Brad Goh (The Trading Geek),,
youtube,Brad Goh (The Trading Geek),kis7l0y1JUg,https://www.youtube.com/watch?v=kis7l0y1JUg,Ugy4Kyf42xLIfwE1wk94AaABAg.9mWEQgCT_i89mWEynzkvZq,This is not the first time i am hearing of this woman and her exploit trading world but i have no idea on how to reach her😢😢,2023-02-24T11:02:44Z,2026-10-01T13:27:58.022790+00:00,0,0,,353d27e43ea7b9be0a2f7bc06955d9149ba8c2a5a815ce2c133370e6254d2832,Ugy4Kyf42xLIfwE1wk94AaABAg,youtube-data-api-v3/commentThreads.list,,kis7l0y1JUg,Trading SECRETS: Pro Entry &amp; Exit Strategies Explained,Brad Goh (The Trading Geek),,
youtube,Brad Goh (The Trading Geek),kis7l0y1JUg,https://www.youtube.com/watch?v=kis7l0y1JUg,Ugy4Kyf42xLIfwE1wk94AaABAg.9mWEQgCT_i89mWFF8jO7V2,I'm a beginner. How can i reach Mrs Juanita Portia? ​,2023-02-24T11:05:06Z,2026-10-01T13:27:58.022790+00:00,0,0,,de82f1199e9d8f5e91653945c99245539a70261be8b4beb9229eeab43df1e89b,Ugy4Kyf42xLIfwE1wk94AaABAg,youtube-data-api-v3/commentThreads.list,,kis7l0y1JUg,Trading SECRETS: Pro Entry &amp; Exit Strategies Explained,Brad Goh (The Trading Geek),,
youtube,Brad Goh (The Trading Geek),kis7l0y1JUg,https://www.youtube.com/watch?v=kis7l0y1JUg,Ugy4Kyf42xLIfwE1wk94AaABAg.9mWEQgCT_i89mWGNiTPTim,I just search her name up on telegram,2023-02-24T11:15:00Z,2026-10-01T13:27:58.022790+00:00,0,0,,6607f97dd761d978907753759476d4542db19ce937a0dcc40740a2481f2a7b13,Ugy4Kyf42xLIfwE1wk94AaABAg,youtube-data-api-v3/commentThreads.list,,kis7l0y1JUg,Trading SECRETS: Pro Entry &amp; Exit Strategies Explained,Brad Goh (The Trading Geek),,
youtube,Brad Goh (The Trading Geek),kis7l0y1JUg,https://www.youtube.com/watch?v=kis7l0y1JUg,UgzQmI45yGACwzr0xMh4AaABAg,"Thank you, family. Great video 😊",2024-02-12T21:19:57Z,2026-10-01T13:27:58.022790+00:00,0,0,,7c96ab7f8e402bbe3ccbcb00a36566d34d72f6b52e5bb2654c21873ea777fc1f,,youtube-data-api-v3/commentThreads.list,,kis7l0y1JUg,Trading SECRETS: Pro Entry &amp; Exit Strategies Explained,Brad Goh (The Trading Geek),,
youtube,Brad Goh (The Trading Geek),kis7l0y1JUg,https://www.youtube.com/watch?v=kis7l0y1JUg,UgwskTIS28ckcgvSCtR4AaABAg,"Bro, i love your video. i am really a BIG victim of every content in this video. Thanks for your lessons",2022-10-13T11:53:20Z,2026-10-01T13:27:58.022790+00:00,3,0,,e150d4dd1c7cead25c589abf582cf949ca49c1ab449fe11357a36e6bbd6aa4cf,,youtube-data-api-v3/commentThreads.list,,kis7l0y1JUg,Trading SECRETS: Pro Entry &amp; Exit Strategies Explained,Brad Goh (The Trading Geek),,
youtube,Brad Goh (The Trading Geek),kis7l0y1JUg,https://www.youtube.com/watch?v=kis7l0y1JUg,Ugw7a7LJzTWMuLkdqEB4AaABAg,"Amazing teacher, u've made me see the easy side of ths candles😮",2024-07-12T21:44:35Z,2026-10-01T13:27:58.022790+00:00,0,0,,1c58c6995bf84c0e94d0fe4baa14191a696db4ca721deb1c149581ce624c2b05,,youtube-data-api-v3/commentThreads.list,,kis7l0y1JUg,Trading SECRETS: Pro Entry &amp; Exit Strategies Explained,Brad Goh (The Trading Geek),,
youtube,Brad Goh (The Trading Geek),kis7l0y1JUg,https://www.youtube.com/watch?v=kis7l0y1JUg,Ugyo4kFTVHKxgsj4UZh4AaABAg,✊Thanks for keeping us financially educated regarding how bad it gets on the economy. I'm still making over $19k every week. Indeed you're a blessing to our generation,2023-08-11T10:47:36Z,2026-10-01T13:27:58.022790+00:00,3,0,,64b84a47a3e7d13c64048f58f80b6d5cf44cffdfbb8b802660a94a1704d6e42a,,youtube-data-api-v3/commentThreads.list,,kis7l0y1JUg,Trading SECRETS: Pro Entry &amp; Exit Strategies Explained,Brad Goh (The Trading Geek),,
youtube,Brad Goh (The Trading Geek),kis7l0y1JUg,https://www.youtube.com/watch?v=kis7l0y1JUg,Ugy8VBcLdQlthOBTerB4AaABAg,Thank you for the video bro! I’ll definitely be incorporating this into my trading👍💯,2024-07-03T02:08:34Z,2026-10-01T13:27:58.022790+00:00,0,0,,28a3ad6d623dee24a1f14700e232c31d461f4cda93759bcc2cb247a1ca300d80,,youtube-data-api-v3/commentThreads.list,,kis7l0y1JUg,Trading SECRETS: Pro Entry &amp; Exit Strategies Explained,Brad Goh (The Trading Geek),,
youtube,Brad Goh (The Trading Geek),kis7l0y1JUg,https://www.youtube.com/watch?v=kis7l0y1JUg,Ugz3IjtTI_5ggxbu5zJ4AaABAg,Mrs Bianca is legit and her trading skills works like magic I keep on earning every single week with her new trading skills,2023-03-06T09:36:42Z,2026-10-01T13:27:58.022790+00:00,5,12,,496b2a10a11d408255ca5d14b9508a90cc3f15da35f4225472fa7f946cf95179,,youtube-data-api-v3/commentThreads.list,,kis7l0y1JUg,Trading SECRETS: Pro Entry &amp; Exit Strategies Explained,Brad Goh (The Trading Geek),,
youtube,Brad Goh (The Trading Geek),kis7l0y1JUg,https://www.youtube.com/watch?v=kis7l0y1JUg,Ugz3IjtTI_5ggxbu5zJ4AaABAg.9muq4M8J5Ji9muqV1uEArB,"I think I'm blessed because if not I wouldn't have met someone who is as spectacular as expert Mrs Bianca 
 I think she is the best broker I ever seen",2023-03-06T09:40:20Z,2026-10-01T13:27:58.022790+00:00,0,0,,8021dc83d976f678998353b7114b7d15845b48030870ec6648c99bbaae180fff,Ugz3IjtTI_5ggxbu5zJ4AaABAg,youtube-data-api-v3/commentThreads.list,,kis7l0y1JUg,Trading SECRETS: Pro Entry &amp; Exit Strategies Explained,Brad Goh (The Trading Geek),,
youtube,Brad Goh (The Trading Geek),kis7l0y1JUg,https://www.youtube.com/watch?v=kis7l0y1JUg,Ugz3IjtTI_5ggxbu5zJ4AaABAg.9muq4M8J5Ji9muqbb-CkWN,"I countlessly share my experience with coworkers at work, on how I made $23,000 from $2,000 in 7 days of trading",2023-03-06T09:41:22Z,2026-10-01T13:27:58.022790+00:00,0,0,,9b0e94ff07e99fd7da7ba8d083171d9000673861fd3d62884cbdf31ac6486b5d,Ugz3IjtTI_5ggxbu5zJ4AaABAg,youtube-data-api-v3/commentThreads.list,,kis7l0y1JUg,Trading SECRETS: Pro Entry &amp; Exit Strategies Explained,Brad Goh (The Trading Geek),,
youtube,Brad Goh (The Trading Geek),kis7l0y1JUg,https://www.youtube.com/watch?v=kis7l0y1JUg,Ugz3IjtTI_5ggxbu5zJ4AaABAg.9muq4M8J5Ji9muqkNJuC1J,"I still wonder how she gets her analysis, I got profit of $28, 609 with a capital of $4000 in 16 days of trading with her",2023-03-06T09:42:34Z,2026-10-01T13:27:58.022790+00:00,0,0,,7018eeb6f25c8ca3797bc2301f29fd406baf1050906c223b9f667fcb1267178a,Ugz3IjtTI_5ggxbu5zJ4AaABAg,youtube-data-api-v3/commentThreads.list,,kis7l0y1JUg,Trading SECRETS: Pro Entry &amp; Exit Strategies Explained,Brad Goh (The Trading Geek),,
youtube,Brad Goh (The Trading Geek),kis7l0y1JUg,https://www.youtube.com/watch?v=kis7l0y1JUg,Ugz3IjtTI_5ggxbu5zJ4AaABAg.9muq4M8J5Ji9muqsUJDKlu,"I still wonder how she gets her analysis, I got profit of $28, 609 with a capital of $4000 in 16 days of trading with her",2023-03-06T09:43:40Z,2026-10-01T13:27:58.022790+00:00,0,0,,106c1b879b6121beda8f1aac4f65d19d683a71272ca8a0ac230cde169c547908,Ugz3IjtTI_5ggxbu5zJ4AaABAg,youtube-data-api-v3/commentThreads.list,,kis7l0y1JUg,Trading SECRETS: Pro Entry &amp; Exit Strategies Explained,Brad Goh (The Trading Geek),,
youtube,Brad Goh (The Trading Geek),kis7l0y1JUg,https://www.youtube.com/watch?v=kis7l0y1JUg,Ugz3IjtTI_5ggxbu5zJ4AaABAg.9muq4M8J5Ji9murCsqX-e2,Please how do I start with Mrs Bianca ??,2023-03-06T09:46:35Z,2026-10-01T13:27:58.022790+00:00,1,0,,efb7e7aeccb1ca7a7dc86a6bd2b5607c94c07033d8ec4f788b1a29d87fa5ede7,Ugz3IjtTI_5ggxbu5zJ4AaABAg,youtube-data-api-v3/commentThreads.list,,kis7l0y1JUg,Trading SECRETS: Pro Entry &amp; Exit Strategies Explained,Brad Goh (The Trading Geek),,
youtube,Brad Goh (The Trading Geek),kis7l0y1JUg,https://www.youtube.com/watch?v=kis7l0y1JUg,UgzZsGAgK9Uq0Qi6Z6Z4AaABAg,"Now i understand this trading.
Thank you very much.",2024-08-23T13:05:26Z,2026-10-01T13:27:58.022790+00:00,0,0,,4f31ed9491b41ae14f9f709883c3134de11ef2489af69c6cd2c4920e8a43fcdb,,youtube-data-api-v3/commentThreads.list,,kis7l0y1JUg,Trading SECRETS: Pro Entry &amp; Exit Strategies Explained,Brad Goh (The Trading Geek),,
youtube,Brad Goh (The Trading Geek),kis7l0y1JUg,https://www.youtube.com/watch?v=kis7l0y1JUg,UgydEOvMR8iQWa75K7J4AaABAg,now i am trying the third strategy in live. I hope t smash everything,2025-09-09T06:15:46Z,2026-10-01T13:27:58.022790+00:00,0,0,,0222f0c38a174b76a2f2ac577cf0f5db6fc526e5e5c3f81439c8bf9927298bdc,,youtube-data-api-v3/commentThreads.list,,kis7l0y1JUg,Trading SECRETS: Pro Entry &amp; Exit Strategies Explained,Brad Goh (The Trading Geek),,
youtube,Brad Goh (The Trading Geek),kis7l0y1JUg,https://www.youtube.com/watch?v=kis7l0y1JUg,Ugy3GfY-k5hw9eslp9t4AaABAg,I am new trader on Export Option your lesson big help for me thank you,2023-10-31T02:32:32Z,2026-10-01T13:27:58.022790+00:00,1,0,,b31cd5af664d9effecd431507c5a9ce816cff232ecab943c0ffa3bad4b18d272,,youtube-data-api-v3/commentThreads.list,,kis7l0y1JUg,Trading SECRETS: Pro Entry &amp; Exit Strategies Explained,Brad Goh (The Trading Geek),,
youtube,Brad Goh (The Trading Geek),kis7l0y1JUg,https://www.youtube.com/watch?v=kis7l0y1JUg,Ugx2sQiDThWOXLLhLrt4AaABAg,I really love u teaching ....I hope to learn more,2023-11-26T20:09:02Z,2026-10-01T13:27:58.022790+00:00,0,0,,a731915058acb372123515a8578500f3e5c0599a5f2af629a172e69ec38eaedf,,youtube-data-api-v3/commentThreads.list,,kis7l0y1JUg,Trading SECRETS: Pro Entry &amp; Exit Strategies Explained,Brad Goh (The Trading Geek),,
youtube,TradingLab,tS9o8aQjADY,https://www.youtube.com/watch?v=tS9o8aQjADY,UgxBCUagGJ8KxWq9--14AaABAg,Liquidity sweep enters that chat 😂,2025-06-08T22:55:28Z,2026-10-01T13:28:03.384772+00:00,811,16,,d3bed98750ab6366876ea7a05abd45b0430c824bedb0a55b65cb1e4041b9463d,,youtube-data-api-v3/commentThreads.list,,tS9o8aQjADY,How To Find PERFECT Entries,TradingLab,,
youtube,TradingLab,tS9o8aQjADY,https://www.youtube.com/watch?v=tS9o8aQjADY,UgxBCUagGJ8KxWq9--14AaABAg.AJ7_I_QrsLnAJ8Hux3CAxo,"Aaayup. Rather to learn volume profile distribution. Otherwise there's nothing tastier than an EqH or EqL.

Sweeps happen without any evil intents, they confirm/test/utilize liquidity",2025-06-09T05:34:03Z,2026-10-01T13:28:03.384772+00:00,13,0,,a8a80449cb1b80417ebe9eb7e903ed93335b668cb5bad2d976d6f32525d510f0,UgxBCUagGJ8KxWq9--14AaABAg,youtube-data-api-v3/commentThreads.list,,tS9o8aQjADY,How To Find PERFECT Entries,TradingLab,,
youtube,TradingLab,tS9o8aQjADY,https://www.youtube.com/watch?v=tS9o8aQjADY,UgxBCUagGJ8KxWq9--14AaABAg.AJ7_I_QrsLnAJx_OSmOG7x,"Ah MAN, sooooo TRUE!! :)",2025-06-29T12:56:01Z,2026-10-01T13:28:03.384772+00:00,3,0,,d06493e74c2d0d6056a5ada6e70a0b47029bd5d56025e11c55d6a5e82bf8eebc,UgxBCUagGJ8KxWq9--14AaABAg,youtube-data-api-v3/commentThreads.list,,tS9o8aQjADY,How To Find PERFECT Entries,TradingLab,,
youtube,TradingLab,tS9o8aQjADY,https://www.youtube.com/watch?v=tS9o8aQjADY,UgxBCUagGJ8KxWq9--14AaABAg.AJ7_I_QrsLnANtTEN501vk,@JoshTheWhaledamn ur pfp starin at my soul bro,2025-10-05T08:42:05Z,2026-10-01T13:28:03.384772+00:00,1,0,,1ad85fc9b71ce6003b0f2ba3a392f0d13fb937195d5e0c2064442f5fa62177ee,UgxBCUagGJ8KxWq9--14AaABAg,youtube-data-api-v3/commentThreads.list,,tS9o8aQjADY,How To Find PERFECT Entries,TradingLab,,
youtube,TradingLab,tS9o8aQjADY,https://www.youtube.com/watch?v=tS9o8aQjADY,UgxBCUagGJ8KxWq9--14AaABAg.AJ7_I_QrsLnANuu73N_8av,😂,2025-10-05T22:05:00Z,2026-10-01T13:28:03.384772+00:00,6,0,,f4a5560a1668fc22c3c2951ad711e7ac2bae7d8e6d84cfd5c598fc98219ee5ae,UgxBCUagGJ8KxWq9--14AaABAg,youtube-data-api-v3/commentThreads.list,,tS9o8aQjADY,How To Find PERFECT Entries,TradingLab,,
youtube,TradingLab,tS9o8aQjADY,https://www.youtube.com/watch?v=tS9o8aQjADY,UgxBCUagGJ8KxWq9--14AaABAg.AJ7_I_QrsLnAQUdYUU0vqz,"""Before we enter, we wanna see if the price respects our area of demand first""",2025-12-08T21:34:53Z,2026-10-01T13:28:03.384772+00:00,125,0,,3ab717e142154a8b80b50c07e943cce6c3944be4f50ff0bb3ddc12a00913c2e8,UgxBCUagGJ8KxWq9--14AaABAg,youtube-data-api-v3/commentThreads.list,,tS9o8aQjADY,How To Find PERFECT Entries,TradingLab,,
youtube,TradingLab,tS9o8aQjADY,https://www.youtube.com/watch?v=tS9o8aQjADY,UgzC866k6Mgm_xpRjb14AaABAg,"Don’t take this video like it’s going to grow your account. There is no holy grail.

You need patience, to understand how price action works 5% of the time, you’ll never know price action 100% of the time, never over leverage and you need balls of steel. Good luck",2025-06-08T02:53:52Z,2026-10-01T13:28:03.384772+00:00,1669,46,,6d27b0ee962f9d93781e4e3327dae5bc7724389f684d4a991e3e1f2d8c71489a,,youtube-data-api-v3/commentThreads.list,,tS9o8aQjADY,How To Find PERFECT Entries,TradingLab,,
youtube,TradingLab,tS9o8aQjADY,https://www.youtube.com/watch?v=tS9o8aQjADY,UgzC866k6Mgm_xpRjb14AaABAg.AJ5QmpyNPsDAJ5t4jJ5QDU,can you tell me how can i predict what happend  e.g. i saw a guy who watches some kind of live idk but this guy said  hello everyone and he exacly knew what to do he opened short and the prize went down how ?,2025-06-08T07:09:51Z,2026-10-01T13:28:03.384772+00:00,7,0,,ce2561a1a7ccb868d54c4058914b3f79e32136d1ad49555c36e14cf2a5c4fe1a,UgzC866k6Mgm_xpRjb14AaABAg,youtube-data-api-v3/commentThreads.list,,tS9o8aQjADY,How To Find PERFECT Entries,TradingLab,,
youtube,TradingLab,tS9o8aQjADY,https://www.youtube.com/watch?v=tS9o8aQjADY,UgzC866k6Mgm_xpRjb14AaABAg.AJ5QmpyNPsDAJ6BUlG7Hfr,"@ksawis_ its all probabilities, as i said there is no holy grail. You need a system that gives you higher probabilities, then you need balls of steel to stick to that trade. if you know nothing about fundamentals and technical analysis then go to babypips and study every tutorial on that website.  Take away from that knowledge what setups give you higher probabilities of a profitable trade.  Good luck",2025-06-08T09:59:26Z,2026-10-01T13:28:03.384772+00:00,0,0,,6d27b0ee962f9d93781e4e3327dae5bc7724389f684d4a991e3e1f2d8c71489a,UgzC866k6Mgm_xpRjb14AaABAg,youtube-data-api-v3/commentThreads.list,,tS9o8aQjADY,How To Find PERFECT Entries,TradingLab,,
youtube,TradingLab,tS9o8aQjADY,https://www.youtube.com/watch?v=tS9o8aQjADY,UgzC866k6Mgm_xpRjb14AaABAg.AJ5QmpyNPsDAJ6EIwFtbnq,✍️🔥,2025-06-08T10:24:02Z,2026-10-01T13:28:03.384772+00:00,15,0,,ad43ab5d94c96ff6fa120f81ef4cbf9ee1612a28bf026d027eb45b541ccadfb8,UgzC866k6Mgm_xpRjb14AaABAg,youtube-data-api-v3/commentThreads.list,,tS9o8aQjADY,How To Find PERFECT Entries,TradingLab,,
youtube,TradingLab,tS9o8aQjADY,https://www.youtube.com/watch?v=tS9o8aQjADY,UgzC866k6Mgm_xpRjb14AaABAg.AJ5QmpyNPsDAJ6QXZNIhqD,@donavinn is that ironic ? . sorry for mistakes that i make writing im from poland and its not my national language.,2025-06-08T12:10:53Z,2026-10-01T13:28:03.384772+00:00,9,0,,ce2561a1a7ccb868d54c4058914b3f79e32136d1ad49555c36e14cf2a5c4fe1a,UgzC866k6Mgm_xpRjb14AaABAg,youtube-data-api-v3/commentThreads.list,,tS9o8aQjADY,How To Find PERFECT Entries,TradingLab,,
youtube,TradingLab,tS9o8aQjADY,https://www.youtube.com/watch?v=tS9o8aQjADY,UgzC866k6Mgm_xpRjb14AaABAg.AJ5QmpyNPsDAJ6YATEvtDD,"@ksawis_ Trades are taken on probabilities, nothing is 100%. thats why you must always use Stops, you should have a system that fits your style of trading that also gives you higher probabilities than other systems you learn and test (key word 'TEST' - not with live trading). If you know nothing about trading then go to babypips and learn everything on that site.",2025-06-08T13:17:38Z,2026-10-01T13:28:03.384772+00:00,0,0,,6d27b0ee962f9d93781e4e3327dae5bc7724389f684d4a991e3e1f2d8c71489a,UgzC866k6Mgm_xpRjb14AaABAg,youtube-data-api-v3/commentThreads.list,,tS9o8aQjADY,How To Find PERFECT Entries,TradingLab,,
youtube,TradingLab,tS9o8aQjADY,https://www.youtube.com/watch?v=tS9o8aQjADY,UgxZyT7H2pzS9TTt9jJ4AaABAg,this is simple and it works for me every damn time,2026-07-12T09:19:13Z,2026-10-01T13:28:03.384772+00:00,1,0,,16cd7fe910a4f62ac5e7cca377b01effb2c5d95162777fd7025abf857a53c59b,,youtube-data-api-v3/commentThreads.list,,tS9o8aQjADY,How To Find PERFECT Entries,TradingLab,,
youtube,TradingLab,tS9o8aQjADY,https://www.youtube.com/watch?v=tS9o8aQjADY,UgxPOGLwZyiGXQn31T94AaABAg,It’s so easy when you know which way the chart will break.,2026-03-22T17:28:18Z,2026-10-01T13:28:03.384772+00:00,5,1,,515e767baf7a4dcfefe690a105d4f4e16debdc776762986bf784a09889a72f90,,youtube-data-api-v3/commentThreads.list,,tS9o8aQjADY,How To Find PERFECT Entries,TradingLab,,
youtube,TradingLab,tS9o8aQjADY,https://www.youtube.com/watch?v=tS9o8aQjADY,UgxPOGLwZyiGXQn31T94AaABAg.AUf--YtCCttAY84froQmnf,the 4hr trading liquidity sweeps have been helping so much. today was a clean move,2026-06-16T23:29:19Z,2026-10-01T13:28:03.384772+00:00,0,0,,6d3d548c0202b0bbd2143fb5cbae7573804a4587ca1a1685d93ed66b4dd69a69,UgxPOGLwZyiGXQn31T94AaABAg,youtube-data-api-v3/commentThreads.list,,tS9o8aQjADY,How To Find PERFECT Entries,TradingLab,,
youtube,TradingLab,tS9o8aQjADY,https://www.youtube.com/watch?v=tS9o8aQjADY,UgxC83OpI62jTMe4-3V4AaABAg,"you make it sound so simple, appreciate it",2025-10-24T12:31:23Z,2026-10-01T13:28:03.384772+00:00,0,0,,92e85225bea1bfbd717ec0429f7c7cb00a9a472619f6fa712f574a19ea3bd420,,youtube-data-api-v3/commentThreads.list,,tS9o8aQjADY,How To Find PERFECT Entries,TradingLab,,
youtube,TradingLab,tS9o8aQjADY,https://www.youtube.com/watch?v=tS9o8aQjADY,UgwI7LeTCLWU7VEAQLl4AaABAg,And then.. news HITS,2025-06-15T21:26:35Z,2026-10-01T13:28:03.384772+00:00,23,1,,acced45a2a61c576dadc62220a55473e8548e197ee07068a7a59be48c4ae25d5,,youtube-data-api-v3/commentThreads.list,,tS9o8aQjADY,How To Find PERFECT Entries,TradingLab,,
youtube,TradingLab,tS9o8aQjADY,https://www.youtube.com/watch?v=tS9o8aQjADY,UgwI7LeTCLWU7VEAQLl4AaABAg.AJPRgkX5gjGA_by5Ogehsy,😂,2026-08-17T16:22:16Z,2026-10-01T13:28:03.384772+00:00,1,0,,55e9964937601158d966190f13c0b1a2e0c171758d41c557e6d388c1a58f8627,UgwI7LeTCLWU7VEAQLl4AaABAg,youtube-data-api-v3/commentThreads.list,,tS9o8aQjADY,How To Find PERFECT Entries,TradingLab,,
youtube,TradingLab,tS9o8aQjADY,https://www.youtube.com/watch?v=tS9o8aQjADY,UgwST8DjfGJ0wgiO8sN4AaABAg,"been struggling with this forever, thanks!",2025-11-04T10:18:44Z,2026-10-01T13:28:03.384772+00:00,0,0,,7645fdbc34d20e0d9bb8132da2364dcdfb45ff405f55a5c2f50728f5a830a311,,youtube-data-api-v3/commentThreads.list,,tS9o8aQjADY,How To Find PERFECT Entries,TradingLab,,
youtube,TradingLab,tS9o8aQjADY,https://www.youtube.com/watch?v=tS9o8aQjADY,UgwFRzUu6QX3caZ8IEV4AaABAg,"Thank you my friend, This is great! 🚨 Remember Traders, Keep Your Emotions In-Check🚨",2025-06-09T20:23:32Z,2026-10-01T13:28:03.384772+00:00,7,1,,b2d89f622623e9e1e1a7a6400546b2693ac26805e8ab5fceef1ea1fe5b32e93a,,youtube-data-api-v3/commentThreads.list,,tS9o8aQjADY,How To Find PERFECT Entries,TradingLab,,
youtube,TradingLab,tS9o8aQjADY,https://www.youtube.com/watch?v=tS9o8aQjADY,UgwFRzUu6QX3caZ8IEV4AaABAg.AJ9shgSDQDCATXDlhax0o9,Ghost 👻 dippeaear 🫥 billionaire government crashed in the $000,2026-02-22T11:12:48Z,2026-10-01T13:28:03.384772+00:00,0,0,,2b598df0b16bc6aca9ed64b92a9ea07bee54c6582ec661db9f2256d5995e56cf,UgwFRzUu6QX3caZ8IEV4AaABAg,youtube-data-api-v3/commentThreads.list,,tS9o8aQjADY,How To Find PERFECT Entries,TradingLab,,
youtube,TradingLab,tS9o8aQjADY,https://www.youtube.com/watch?v=tS9o8aQjADY,Ugzyw0JQ_yBeF7DbVRx4AaABAg,Top-tier breakdown,2025-07-28T17:21:16Z,2026-10-01T13:28:03.384772+00:00,1,0,,442eb81b330afeb4935dfa663a572925a1a634f3cd7d6ed3e3a2b60f82edab44,,youtube-data-api-v3/commentThreads.list,,tS9o8aQjADY,How To Find PERFECT Entries,TradingLab,,
youtube,TradingLab,tS9o8aQjADY,https://www.youtube.com/watch?v=tS9o8aQjADY,UgyA8BGhlM-VfSwZLuJ4AaABAg,"lol there is something called lower high and lower low for a reason, it keeps changing all time. No one knows the new high or the new bottom in the future. You can draw support and resistance , but if you trade based on that, you will lose because you don’t really know when resistance or support will break. 
Best way of making money if to surf and have strict stop loss and good TP and enough wind",2025-07-14T17:33:11Z,2026-10-01T13:28:03.384772+00:00,43,4,,7e2f8e9d1c8aabedb4df8e0c5274665e4a75e07275372238d6a737523c552b15,,youtube-data-api-v3/commentThreads.list,,tS9o8aQjADY,How To Find PERFECT Entries,TradingLab,,
youtube,TradingLab,tS9o8aQjADY,https://www.youtube.com/watch?v=tS9o8aQjADY,UgyA8BGhlM-VfSwZLuJ4AaABAg.AKZh1ebLT1jASUN254poXJ,"It's super easy to get rich now more than ever.  You've got automated trading,  and the stuff where you can copy professional traders, the name skips me.",2026-01-27T12:04:42Z,2026-10-01T13:28:03.384772+00:00,1,0,,355a0169e12c7aa48533fe6d4e984d0c420fb45f81e6156f064eba010f849693,UgyA8BGhlM-VfSwZLuJ4AaABAg,youtube-data-api-v3/commentThreads.list,,tS9o8aQjADY,How To Find PERFECT Entries,TradingLab,,
youtube,TradingLab,tS9o8aQjADY,https://www.youtube.com/watch?v=tS9o8aQjADY,UgyA8BGhlM-VfSwZLuJ4AaABAg.AKZh1ebLT1jASUNHHn_LN-,"It's super easy to get rich now more than ever.  You've got automated trading,  and the stuff where you can copy professional traders, the name skips me.",2026-01-27T12:06:46Z,2026-10-01T13:28:03.384772+00:00,1,0,,b14264994cd5c4b0f55651ebd45810ffdd14fce83bc739ae6bd60c606e5eac7c,UgyA8BGhlM-VfSwZLuJ4AaABAg,youtube-data-api-v3/commentThreads.list,,tS9o8aQjADY,How To Find PERFECT Entries,TradingLab,,
youtube,TradingLab,tS9o8aQjADY,https://www.youtube.com/watch?v=tS9o8aQjADY,UgyA8BGhlM-VfSwZLuJ4AaABAg.AKZh1ebLT1jAXkt4yKgQlD,"Some weeks are trend weeks, others can be surf weeks. May 2026 was half/half on SPX, trend first two weeks, Mean reversion last two weeks.",2026-06-07T13:57:30Z,2026-10-01T13:28:03.384772+00:00,0,0,,311d02177e27cf36b7f77e697f229c4378c2ee5eb8b4dc254499de188df0d2a4,UgyA8BGhlM-VfSwZLuJ4AaABAg,youtube-data-api-v3/commentThreads.list,,tS9o8aQjADY,How To Find PERFECT Entries,TradingLab,,
youtube,TradingLab,tS9o8aQjADY,https://www.youtube.com/watch?v=tS9o8aQjADY,UgyA8BGhlM-VfSwZLuJ4AaABAg.AKZh1ebLT1jA_2XaM04cuP,Can you please shed a little more light on this..,2026-08-03T12:49:19Z,2026-10-01T13:28:03.384772+00:00,0,0,,a0e91f7d954b138901d57a35de7a1b24ff3244770061c1ea6b6148a953533b2b,UgyA8BGhlM-VfSwZLuJ4AaABAg,youtube-data-api-v3/commentThreads.list,,tS9o8aQjADY,How To Find PERFECT Entries,TradingLab,,
youtube,TradingLab,tS9o8aQjADY,https://www.youtube.com/watch?v=tS9o8aQjADY,UgyPorFDbV0KZYN247J4AaABAg,"this is actually pretty helpful, thanks for sharing",2025-11-19T20:26:30Z,2026-10-01T13:28:03.384772+00:00,0,0,,bf71aaa997344a9bb4adbd13da73451cc6885c98236a1f8a315f4053caf9f2fb,,youtube-data-api-v3/commentThreads.list,,tS9o8aQjADY,How To Find PERFECT Entries,TradingLab,,
youtube,TradingLab,tS9o8aQjADY,https://www.youtube.com/watch?v=tS9o8aQjADY,Ugz4IJ4XZtjSENF9PRh4AaABAg,"I’ve just built an EA that identifies these levels on higher timeframes then hints for confirmation entry at the level, then targets 80% of the distance to the next zone so supply to demand. Demand to supply. 

Works a treat",2025-06-10T13:47:17Z,2026-10-01T13:28:03.384772+00:00,3,3,,a75a4a0a38a3c06ac247af182ebc6e9f117e46497ba153bfbc34295ac18d1f84,,youtube-data-api-v3/commentThreads.list,,tS9o8aQjADY,How To Find PERFECT Entries,TradingLab,,
youtube,TradingLab,tS9o8aQjADY,https://www.youtube.com/watch?v=tS9o8aQjADY,Ugz4IJ4XZtjSENF9PRh4AaABAg.AJBk9K4CLBEANxU_48hb7N,Pls put me through. I've been unprofitable,2025-10-06T22:10:45Z,2026-10-01T13:28:03.384772+00:00,0,0,,de2e458175a9853fb38140cca4f6efefb8816cc8a403e9a16012638be5a81c45,Ugz4IJ4XZtjSENF9PRh4AaABAg,youtube-data-api-v3/commentThreads.list,,tS9o8aQjADY,How To Find PERFECT Entries,TradingLab,,
youtube,TradingLab,tS9o8aQjADY,https://www.youtube.com/watch?v=tS9o8aQjADY,Ugz4IJ4XZtjSENF9PRh4AaABAg.AJBk9K4CLBEAR6qDPb8_1B,Wish I was that clever😊,2025-12-24T12:15:13Z,2026-10-01T13:28:03.384772+00:00,1,0,,4ceeed068f08a02356184bdc93c24b8023d94e62b144fead5857b1c04832c7f3,Ugz4IJ4XZtjSENF9PRh4AaABAg,youtube-data-api-v3/commentThreads.list,,tS9o8aQjADY,How To Find PERFECT Entries,TradingLab,,
youtube,TradingLab,tS9o8aQjADY,https://www.youtube.com/watch?v=tS9o8aQjADY,Ugz4IJ4XZtjSENF9PRh4AaABAg.AJBk9K4CLBEARCUMV6p33D,@propertymaintenancesouthwe3111 took me over 2 years to build and it was done using AI but with my own strategy.. just took a lot of work to get AI to build what's in my head,2025-12-26T16:50:55Z,2026-10-01T13:28:03.384772+00:00,0,0,,a75a4a0a38a3c06ac247af182ebc6e9f117e46497ba153bfbc34295ac18d1f84,Ugz4IJ4XZtjSENF9PRh4AaABAg,youtube-data-api-v3/commentThreads.list,,tS9o8aQjADY,How To Find PERFECT Entries,TradingLab,,
youtube,TradingLab,tS9o8aQjADY,https://www.youtube.com/watch?v=tS9o8aQjADY,Ugy8fVF12YxHJiOZYVd4AaABAg,finally some clear tips on entries 🙌,2025-11-18T18:19:26Z,2026-10-01T13:28:03.384772+00:00,0,0,,cbd2b75e02760a2137ad7868234509999cd02a8ef765a1d80222f52e3b4e8679,,youtube-data-api-v3/commentThreads.list,,tS9o8aQjADY,How To Find PERFECT Entries,TradingLab,,
youtube,TradingLab,tS9o8aQjADY,https://www.youtube.com/watch?v=tS9o8aQjADY,Ugyj3cq0gNkOjaJq3sd4AaABAg,i love how simple you made it,2025-11-08T06:35:35Z,2026-10-01T13:28:03.384772+00:00,7,0,,7628b0ab69332d8256e8c3e646231733c8519cf7fda66a1f61cd85171672d384,,youtube-data-api-v3/commentThreads.list,,tS9o8aQjADY,How To Find PERFECT Entries,TradingLab,,
youtube,TradingLab,tS9o8aQjADY,https://www.youtube.com/watch?v=tS9o8aQjADY,UgysOBstfuuIxBPIfy94AaABAg,the examples really cleared things up for me,2025-11-19T08:02:37Z,2026-10-01T13:28:03.384772+00:00,0,0,,c8c17806dd08c160f63b4b517c10ac91d438a2a76943c77f4df02bcbf9c57d19,,youtube-data-api-v3/commentThreads.list,,tS9o8aQjADY,How To Find PERFECT Entries,TradingLab,,
youtube,TradingLab,tS9o8aQjADY,https://www.youtube.com/watch?v=tS9o8aQjADY,UgzASrGfUh-Gqq_qVhV4AaABAg,I luv it! Thank you 😊,2025-06-07T18:04:41Z,2026-10-01T13:28:03.384772+00:00,6,0,,bfd6fc50ebc86524040fd1b7ef24c093adedecfe9f9d070f0b9a9d3e710724f5,,youtube-data-api-v3/commentThreads.list,,tS9o8aQjADY,How To Find PERFECT Entries,TradingLab,,
youtube,TradingLab,tS9o8aQjADY,https://www.youtube.com/watch?v=tS9o8aQjADY,UgxijzPx0Wjdw8EYmdp4AaABAg,"simple and easy to follow, much appreciated 🙌",2025-11-05T08:12:25Z,2026-10-01T13:28:03.384772+00:00,0,0,,30ca2895d83d049ff0e99d204a867d36f7bc48257e1ef8d6e0fb1e144aba90c3,,youtube-data-api-v3/commentThreads.list,,tS9o8aQjADY,How To Find PERFECT Entries,TradingLab,,
youtube,TradingLab,tS9o8aQjADY,https://www.youtube.com/watch?v=tS9o8aQjADY,UgzXa7ZgpzkCrPvtQ6N4AaABAg,😂❤ that's  amazing  clarity ✨thanks for sharing,2025-06-08T15:41:12Z,2026-10-01T13:28:03.384772+00:00,4,0,,3913ea2c5409f80c1b47534dca315eed675e07e802a1d1f30b9d6b06fe34ad09,,youtube-data-api-v3/commentThreads.list,,tS9o8aQjADY,How To Find PERFECT Entries,TradingLab,,
youtube,TradingLab,tS9o8aQjADY,https://www.youtube.com/watch?v=tS9o8aQjADY,UgwtL6_8PtLkEN26RUV4AaABAg,Everyday I keep discovering there a lot to learn in the financial market,2025-06-11T11:26:36Z,2026-10-01T13:28:03.384772+00:00,89,6,,014fa393098454a74690ec4a81ace40667263c80fcc8a4dcbce9dc332484a0f7,,youtube-data-api-v3/commentThreads.list,,tS9o8aQjADY,How To Find PERFECT Entries,TradingLab,,
youtube,TradingLab,tS9o8aQjADY,https://www.youtube.com/watch?v=tS9o8aQjADY,UgwtL6_8PtLkEN26RUV4AaABAg.AJE3qlyKY83AUQV9sfi-VU,The less you know the better.,2026-03-16T17:01:29Z,2026-10-01T13:28:03.384772+00:00,3,0,,4af7f51d9379e45db8a9e307611eb6fe6def27ba300f5d9f08c34703d4201b86,UgwtL6_8PtLkEN26RUV4AaABAg,youtube-data-api-v3/commentThreads.list,,tS9o8aQjADY,How To Find PERFECT Entries,TradingLab,,
youtube,TradingLab,tS9o8aQjADY,https://www.youtube.com/watch?v=tS9o8aQjADY,UgwtL6_8PtLkEN26RUV4AaABAg.AJE3qlyKY83AV3cKDkxUSZ,​@NoobamaCapeFlatswhat? what do you mean the less you know?,2026-04-01T16:21:40Z,2026-10-01T13:28:03.384772+00:00,1,0,,828aa75237d7a7e6b7bf8f283db01fe05f2ac304da934e7f175dff1f09a337a6,UgwtL6_8PtLkEN26RUV4AaABAg,youtube-data-api-v3/commentThreads.list,,tS9o8aQjADY,How To Find PERFECT Entries,TradingLab,,
youtube,TradingLab,tS9o8aQjADY,https://www.youtube.com/watch?v=tS9o8aQjADY,UgwtL6_8PtLkEN26RUV4AaABAg.AJE3qlyKY83AVef2AkOk-i,​@gurzmnnab1 you may overcomplicate it but it depends what imformation you learn and use.,2026-04-16T10:56:34Z,2026-10-01T13:28:03.384772+00:00,0,0,,25f2df5de16fdaecca2aec11a55f361d398a9a0271d675f808876ffac509155f,UgwtL6_8PtLkEN26RUV4AaABAg,youtube-data-api-v3/commentThreads.list,,tS9o8aQjADY,How To Find PERFECT Entries,TradingLab,,
youtube,TradingLab,tS9o8aQjADY,https://www.youtube.com/watch?v=tS9o8aQjADY,UgwtL6_8PtLkEN26RUV4AaABAg.AJE3qlyKY83AVscoqE8tyR,"​@gurzmnnab1 Trust me, master one strategy at a time",2026-04-21T21:06:30Z,2026-10-01T13:28:03.384772+00:00,0,0,,175ff16929c38a950fcef97da777679dea9d9656b2e0340ce7ed3c8881b918f7,UgwtL6_8PtLkEN26RUV4AaABAg,youtube-data-api-v3/commentThreads.list,,tS9o8aQjADY,How To Find PERFECT Entries,TradingLab,,
youtube,TradingLab,tS9o8aQjADY,https://www.youtube.com/watch?v=tS9o8aQjADY,UgwtL6_8PtLkEN26RUV4AaABAg.AJE3qlyKY83AXeM92N7dXj,You learn something every day.,2026-06-05T01:05:31Z,2026-10-01T13:28:03.384772+00:00,2,0,,bc5703229d84b8bb9b6e0b8a18822de1f0d23a77640c3656d0e7f79452ff0a11,UgwtL6_8PtLkEN26RUV4AaABAg,youtube-data-api-v3/commentThreads.list,,tS9o8aQjADY,How To Find PERFECT Entries,TradingLab,,
youtube,TradingLab,tS9o8aQjADY,https://www.youtube.com/watch?v=tS9o8aQjADY,UgxyIjasoZvbpblUr9Z4AaABAg,"this was super helpful, never knew where to start",2025-11-17T08:07:27Z,2026-10-01T13:28:03.385773+00:00,0,0,,b07a204b7c290770baff4029ca567ec0b3d37c512fba34e5c157fdb4224c73af,,youtube-data-api-v3/commentThreads.list,,tS9o8aQjADY,How To Find PERFECT Entries,TradingLab,,
youtube,TradingLab,tS9o8aQjADY,https://www.youtube.com/watch?v=tS9o8aQjADY,UgyIvtNH0_bqLvD0XMR4AaABAg,"In trading, possessing technical analysis skills is not sufficient on its own; discipline and emotional maturity play crucial roles in achieving success. Embracing the mindset of ""time in the market vs. timing the market"" proves valuable, especially during market fluctuations. I attribute my growing daily earnings to Smith Leo valuable insights and daily trade signals, coupled with my commitment to continuous learning. Kudos to the journey ahead!",2025-06-09T19:08:56Z,2026-10-01T13:28:03.385773+00:00,60,7,,e545f59074f865e2e4aa2985d9f8d670b119d40a78edafc8fc5e0ffd45ea167e,,youtube-data-api-v3/commentThreads.list,,tS9o8aQjADY,How To Find PERFECT Entries,TradingLab,,
youtube,TradingLab,tS9o8aQjADY,https://www.youtube.com/watch?v=tS9o8aQjADY,UgyIvtNH0_bqLvD0XMR4AaABAg.AJ9kAFt0CrvAJ9kp_cHLXA,I appreciate the professionalism and dedication of the team behind Smith Leo's trade signal service.,2025-06-09T19:14:42Z,2026-10-01T13:28:03.385773+00:00,0,0,,e545f59074f865e2e4aa2985d9f8d670b119d40a78edafc8fc5e0ffd45ea167e,UgyIvtNH0_bqLvD0XMR4AaABAg,youtube-data-api-v3/commentThreads.list,,tS9o8aQjADY,How To Find PERFECT Entries,TradingLab,,
youtube,TradingLab,tS9o8aQjADY,https://www.youtube.com/watch?v=tS9o8aQjADY,UgyIvtNH0_bqLvD0XMR4AaABAg.AJ9kAFt0CrvAJ9lBnRqH5w,he's mostly on Telegrams using the user.,2025-06-09T19:17:53Z,2026-10-01T13:28:03.385773+00:00,0,0,,e545f59074f865e2e4aa2985d9f8d670b119d40a78edafc8fc5e0ffd45ea167e,UgyIvtNH0_bqLvD0XMR4AaABAg,youtube-data-api-v3/commentThreads.list,,tS9o8aQjADY,How To Find PERFECT Entries,TradingLab,,
youtube,TradingLab,tS9o8aQjADY,https://www.youtube.com/watch?v=tS9o8aQjADY,UgyIvtNH0_bqLvD0XMR4AaABAg.AJ9kAFt0CrvAJ9lD1JBrgG,@Leoqpx THAT IS HIS USER NAME,2025-06-09T19:18:03Z,2026-10-01T13:28:03.385773+00:00,0,0,,e545f59074f865e2e4aa2985d9f8d670b119d40a78edafc8fc5e0ffd45ea167e,UgyIvtNH0_bqLvD0XMR4AaABAg,youtube-data-api-v3/commentThreads.list,,tS9o8aQjADY,How To Find PERFECT Entries,TradingLab,,
youtube,TradingLab,tS9o8aQjADY,https://www.youtube.com/watch?v=tS9o8aQjADY,UgyIvtNH0_bqLvD0XMR4AaABAg.AJ9kAFt0CrvAJ9lMEIkfh6,please make sure you write the USER NAME above complete and very correct.,2025-06-09T19:19:18Z,2026-10-01T13:28:03.385773+00:00,0,0,,e545f59074f865e2e4aa2985d9f8d670b119d40a78edafc8fc5e0ffd45ea167e,UgyIvtNH0_bqLvD0XMR4AaABAg,youtube-data-api-v3/commentThreads.list,,tS9o8aQjADY,How To Find PERFECT Entries,TradingLab,,
youtube,TradingLab,tS9o8aQjADY,https://www.youtube.com/watch?v=tS9o8aQjADY,UgyIvtNH0_bqLvD0XMR4AaABAg.AJ9kAFt0CrvAOBADEsU4hw,Telegram traders are scammers please try to avoid them,2025-10-12T15:01:29Z,2026-10-01T13:28:03.385773+00:00,6,0,,4110dd841e0f4d2f840a164f1af2219bfc1f76922889cbcc6a0cc824038fde56,UgyIvtNH0_bqLvD0XMR4AaABAg,youtube-data-api-v3/commentThreads.list,,tS9o8aQjADY,How To Find PERFECT Entries,TradingLab,,
youtube,TradingLab,tS9o8aQjADY,https://www.youtube.com/watch?v=tS9o8aQjADY,UgynE-0OYkdZX35elIt4AaABAg,"man this is exactly what I needed, thanks!",2025-11-17T08:07:27Z,2026-10-01T13:28:03.385773+00:00,0,0,,3dc4e3551c77fc7a9ec0565d0f6fbbe81e99e0c6b36603b318f3a58b4f2e022d,,youtube-data-api-v3/commentThreads.list,,tS9o8aQjADY,How To Find PERFECT Entries,TradingLab,,
youtube,TradingLab,tS9o8aQjADY,https://www.youtube.com/watch?v=tS9o8aQjADY,Ugxr4jTcfnFUKWby3Ll4AaABAg,Thanks for sharing I have told so many people this idea. You are awesome!,2025-09-14T16:48:02Z,2026-10-01T13:28:03.385773+00:00,4,1,,9b64cf966033b69dfe10daa8b5dc348c21c11df5f25c9dfb528d4f605f1398eb,,youtube-data-api-v3/commentThreads.list,,tS9o8aQjADY,How To Find PERFECT Entries,TradingLab,,
youtube,TradingLab,tS9o8aQjADY,https://www.youtube.com/watch?v=tS9o8aQjADY,Ugxr4jTcfnFUKWby3Ll4AaABAg.AN3G98q8loGANL-8YC3oMC,And what if price continues on a bullish trend without that pull back,2025-09-21T14:05:44Z,2026-10-01T13:28:03.385773+00:00,1,0,,29d49c21a023d829308f42a051f5766fafb337c2ef60ba0e73e33c4fa26aff57,Ugxr4jTcfnFUKWby3Ll4AaABAg,youtube-data-api-v3/commentThreads.list,,tS9o8aQjADY,How To Find PERFECT Entries,TradingLab,,
youtube,TradingLab,tS9o8aQjADY,https://www.youtube.com/watch?v=tS9o8aQjADY,UgxOg98R2mn4_ICN-Al4AaABAg,that's a great advice at the beginning!,2026-05-07T10:27:12Z,2026-10-01T13:28:03.385773+00:00,1,0,,b2d3a002980a8619391a362fd04ca07a48a35ddbd6d3c514a19fd690a05200b9,,youtube-data-api-v3/commentThreads.list,,tS9o8aQjADY,How To Find PERFECT Entries,TradingLab,,
youtube,TradingLab,tS9o8aQjADY,https://www.youtube.com/watch?v=tS9o8aQjADY,UgwXuK6CHjOBmINI11h4AaABAg,Okay? But how did you decide to enter on the pullback when it didn't even reach the area of demand the second time. Am I missing something here?,2025-06-07T18:24:59Z,2026-10-01T13:28:03.385773+00:00,286,38,,a3706061339a01ba540c9bd4861f6c91b3bb431b489b586ae45ba51def2a3441,,youtube-data-api-v3/commentThreads.list,,tS9o8aQjADY,How To Find PERFECT Entries,TradingLab,,
youtube,TradingLab,tS9o8aQjADY,https://www.youtube.com/watch?v=tS9o8aQjADY,UgwXuK6CHjOBmINI11h4AaABAg.AJ4WYfoPHw6AJ4_n8e_T7J,"Because demand was so strong it isn't need to. Had it came back to demand it would had probably made another lower low or fall because of hns. He bought a double bottom. Double bottoms come in 4 different types. 
1. Double bottom with even bottoms
2. Double bottom with higher right bottom
3. Double bottom right side lower low
4. Sideways in a down trend double bottom

Also he used 1hr chart. So somewhere on 15min to 1min had a gap to fill",2025-06-07T19:02:03Z,2026-10-01T13:28:03.385773+00:00,71,0,,773ddb5bcbcabf9a17acf0985de519ef43fdeabab495a99a1fc5669baf0c5928,UgwXuK6CHjOBmINI11h4AaABAg,youtube-data-api-v3/commentThreads.list,,tS9o8aQjADY,How To Find PERFECT Entries,TradingLab,,
youtube,TradingLab,tS9o8aQjADY,https://www.youtube.com/watch?v=tS9o8aQjADY,UgwXuK6CHjOBmINI11h4AaABAg.AJ4WYfoPHw6AJ4ane3FKzG,"On the retest there are green bars, entry is on the first bullish candle of the retest …he doesn’t say that . He moves his videos along very fast and why I love them. Forces us to figure out, so ya",2025-06-07T19:10:52Z,2026-10-01T13:28:03.385773+00:00,14,0,,b9fc900c840a9008bd285d3300e97fa5e00c450aaa530442bd35bd846be131a0,UgwXuK6CHjOBmINI11h4AaABAg,youtube-data-api-v3/commentThreads.list,,tS9o8aQjADY,How To Find PERFECT Entries,TradingLab,,
youtube,TradingLab,tS9o8aQjADY,https://www.youtube.com/watch?v=tS9o8aQjADY,UgwXuK6CHjOBmINI11h4AaABAg.AJ4WYfoPHw6AJ4b9C8MORx,​@MrJbro26 thanks. I think something like a small rangle high volume candle on a smaller timeframe to confirm entry would work great.,2025-06-07T19:13:56Z,2026-10-01T13:28:03.385773+00:00,8,0,,a3706061339a01ba540c9bd4861f6c91b3bb431b489b586ae45ba51def2a3441,UgwXuK6CHjOBmINI11h4AaABAg,youtube-data-api-v3/commentThreads.list,,tS9o8aQjADY,How To Find PERFECT Entries,TradingLab,,
youtube,TradingLab,tS9o8aQjADY,https://www.youtube.com/watch?v=tS9o8aQjADY,UgwXuK6CHjOBmINI11h4AaABAg.AJ4WYfoPHw6AJ4cYwB2q1i,There is an order block thats been formed,2025-06-07T19:26:11Z,2026-10-01T13:28:03.385773+00:00,6,0,,73981dbe0a7feb0afcc4a2de08cbac361cf522135b776b33bd3b4008641b7252,UgwXuK6CHjOBmINI11h4AaABAg,youtube-data-api-v3/commentThreads.list,,tS9o8aQjADY,How To Find PERFECT Entries,TradingLab,,
youtube,TradingLab,tS9o8aQjADY,https://www.youtube.com/watch?v=tS9o8aQjADY,UgwXuK6CHjOBmINI11h4AaABAg.AJ4WYfoPHw6AJ4fbNL90Qq,It taped the lower timeframe OB,2025-06-07T19:52:52Z,2026-10-01T13:28:03.385773+00:00,4,0,,700fdde4bac0abcc20fef9140e651120714fb526dc6cfd6f0360030bd1b6c030,UgwXuK6CHjOBmINI11h4AaABAg,youtube-data-api-v3/commentThreads.list,,tS9o8aQjADY,How To Find PERFECT Entries,TradingLab,,
youtube,TradingLab,tS9o8aQjADY,https://www.youtube.com/watch?v=tS9o8aQjADY,UgzEC6X-k7HOijoqtxx4AaABAg,really appreciate you breaking it down,2025-11-19T11:04:56Z,2026-10-01T13:28:03.385773+00:00,0,0,,20a135f1ad142dcb9608bef1639676bb68365cd5fb5586929a00676fee89888f,,youtube-data-api-v3/commentThreads.list,,tS9o8aQjADY,How To Find PERFECT Entries,TradingLab,,
youtube,TradingLab,tS9o8aQjADY,https://www.youtube.com/watch?v=tS9o8aQjADY,Ugyf-utZUtQyFOuRVy54AaABAg,"Can easily get stopped out there though, I would wait for confirmation firstly, maybe set my stop loss further. 1 hour is volatile on most subjects. 
You should enter about 50% in the bull after seeing the rejection be confirmed by green candles.

Greed is the enemy to most",2025-06-08T12:29:20Z,2026-10-01T13:28:03.385773+00:00,10,1,,77d09c69f9e3761aec599a82a2d162a6483c2bee4420809dc59e04395cad9712,,youtube-data-api-v3/commentThreads.list,,tS9o8aQjADY,How To Find PERFECT Entries,TradingLab,,
youtube,TradingLab,tS9o8aQjADY,https://www.youtube.com/watch?v=tS9o8aQjADY,Ugyf-utZUtQyFOuRVy54AaABAg.AJ6Sdal1O8EATXDV03GRcF,Aotaroa 🇳🇿 taxes,2026-02-22T11:10:23Z,2026-10-01T13:28:03.385773+00:00,0,0,,2b598df0b16bc6aca9ed64b92a9ea07bee54c6582ec661db9f2256d5995e56cf,Ugyf-utZUtQyFOuRVy54AaABAg,youtube-data-api-v3/commentThreads.list,,tS9o8aQjADY,How To Find PERFECT Entries,TradingLab,,
youtube,TradingLab,tS9o8aQjADY,https://www.youtube.com/watch?v=tS9o8aQjADY,Ugw7NGl2NlK7n4aBokF4AaABAg,"perfect timing for me, thanks a bunch! 😊",2025-11-05T20:22:37Z,2026-10-01T13:28:03.385773+00:00,0,0,,e3699500fcc8e356ad193265b1abd28f9688983a6455c9969995a9d54a8964c8,,youtube-data-api-v3/commentThreads.list,,tS9o8aQjADY,How To Find PERFECT Entries,TradingLab,,
youtube,TradingLab,tS9o8aQjADY,https://www.youtube.com/watch?v=tS9o8aQjADY,UgxoXf2me94Zzm2ONgZ4AaABAg,How do we know that it's the highest tick??,2025-06-07T21:46:53Z,2026-10-01T13:28:03.385773+00:00,12,6,,4ade2e6db8799aad88de1a21e1fa24b4cc3e8da6bc36edc957f8690af36e8ce2,,youtube-data-api-v3/commentThreads.list,,tS9o8aQjADY,How To Find PERFECT Entries,TradingLab,,
youtube,TradingLab,tS9o8aQjADY,https://www.youtube.com/watch?v=tS9o8aQjADY,UgxoXf2me94Zzm2ONgZ4AaABAg.AJ4seQN_fWyAJ5A1JH2eii,"You have to wait, of course. After some candles appear, they are all below the highest one. Same for the lowest one.",2025-06-08T00:27:26Z,2026-10-01T13:28:03.385773+00:00,5,0,,ea5dd7e899d8d5c3daed02ed4e1707952a8615af2052d67be20c94507ddbaee2,UgxoXf2me94Zzm2ONgZ4AaABAg,youtube-data-api-v3/commentThreads.list,,tS9o8aQjADY,How To Find PERFECT Entries,TradingLab,,
youtube,TradingLab,tS9o8aQjADY,https://www.youtube.com/watch?v=tS9o8aQjADY,UgxoXf2me94Zzm2ONgZ4AaABAg.AJ4seQN_fWyAJ63VR85aEI,​@igomesigomesyoo gotcha,2025-06-08T08:49:37Z,2026-10-01T13:28:03.385773+00:00,0,0,,4ade2e6db8799aad88de1a21e1fa24b4cc3e8da6bc36edc957f8690af36e8ce2,UgxoXf2me94Zzm2ONgZ4AaABAg,youtube-data-api-v3/commentThreads.list,,tS9o8aQjADY,How To Find PERFECT Entries,TradingLab,,
youtube,TradingLab,tS9o8aQjADY,https://www.youtube.com/watch?v=tS9o8aQjADY,UgxoXf2me94Zzm2ONgZ4AaABAg.AJ4seQN_fWyAJ8C3-I1DEY,"High of the Bearish candle is highest tick of the lewest bar 
And low of the bullish candle is lower tick of the highest bar",2025-06-09T04:42:52Z,2026-10-01T13:28:03.385773+00:00,1,0,,c3f4fde8ba21970b1483e6a3a0158c7bf7d7ae9021cd2ca2a793b2ee33d1d93a,UgxoXf2me94Zzm2ONgZ4AaABAg,youtube-data-api-v3/commentThreads.list,,tS9o8aQjADY,How To Find PERFECT Entries,TradingLab,,
youtube,TradingLab,tS9o8aQjADY,https://www.youtube.com/watch?v=tS9o8aQjADY,UgxoXf2me94Zzm2ONgZ4AaABAg.AJ4seQN_fWyAJG96Tt075V,"That's the neat part, we don't",2025-06-12T06:51:03Z,2026-10-01T13:28:03.385773+00:00,0,0,,a263a67d219c68aaf92ee7199519ea96b46214a37560fc82f1709d01d73bed32,UgxoXf2me94Zzm2ONgZ4AaABAg,youtube-data-api-v3/commentThreads.list,,tS9o8aQjADY,How To Find PERFECT Entries,TradingLab,,
youtube,TradingLab,tS9o8aQjADY,https://www.youtube.com/watch?v=tS9o8aQjADY,UgxoXf2me94Zzm2ONgZ4AaABAg.AJ4seQN_fWyAJJGak71FkE,that's a million dollar question,2025-06-13T11:54:12Z,2026-10-01T13:28:03.385773+00:00,1,0,,a00ec84ecd5e1051cc04b5c5616b6a4761d198ec32b46f5c45efd1c6c483bbea,UgxoXf2me94Zzm2ONgZ4AaABAg,youtube-data-api-v3/commentThreads.list,,tS9o8aQjADY,How To Find PERFECT Entries,TradingLab,,
youtube,TradingLab,tS9o8aQjADY,https://www.youtube.com/watch?v=tS9o8aQjADY,UgyF5ig5Lyu0y7LEKj14AaABAg,finally some clear advice on entries,2025-11-19T03:56:33Z,2026-10-01T13:28:03.385773+00:00,0,0,,0d5dff746f9829c7a88bfcee7af10452415c8124e1c43389b004dda3e41ac1fa,,youtube-data-api-v3/commentThreads.list,,tS9o8aQjADY,How To Find PERFECT Entries,TradingLab,,
youtube,TradingLab,tS9o8aQjADY,https://www.youtube.com/watch?v=tS9o8aQjADY,UgzPsg2QMcj6xG-xTeJ4AaABAg,the more I trade the more I understand what this mean. Thanks,2025-09-01T22:01:01Z,2026-10-01T13:28:03.385773+00:00,3,0,,30d69eeadfce00c39227db52ba7900a92164b2a40df26d21359ed8ee6b866abe,,youtube-data-api-v3/commentThreads.list,,tS9o8aQjADY,How To Find PERFECT Entries,TradingLab,,
youtube,TradingLab,tS9o8aQjADY,https://www.youtube.com/watch?v=tS9o8aQjADY,UgzYtyS9M3iYJKnxQ-Z4AaABAg,"this is actually helpful, been struggling lately",2025-11-17T14:10:23Z,2026-10-01T13:28:03.385773+00:00,0,0,,a4a3f834d2d56e549d79c10ec17d418b95f6392791511e4e74777ef01e9ebdf8,,youtube-data-api-v3/commentThreads.list,,tS9o8aQjADY,How To Find PERFECT Entries,TradingLab,,
youtube,TradingLab,tS9o8aQjADY,https://www.youtube.com/watch?v=tS9o8aQjADY,UgyAf-0gIF4czDQpkvh4AaABAg,What about your Course you have not answered,2025-06-07T18:00:12Z,2026-10-01T13:28:03.385773+00:00,15,0,,4d9a1e560bb7c298a2be2ab66ccc5e3240951780217936b26b8f29dbbd799773,,youtube-data-api-v3/commentThreads.list,,tS9o8aQjADY,How To Find PERFECT Entries,TradingLab,,
youtube,TradingLab,tS9o8aQjADY,https://www.youtube.com/watch?v=tS9o8aQjADY,UgzuVBKxTgxJJSvuhrl4AaABAg,just what i needed to level up my trades,2025-11-05T05:07:26Z,2026-10-01T13:28:03.385773+00:00,0,0,,001204214eb65654905ca6466f726619e2587358c2261c3a7f33dde8ebe8fff0,,youtube-data-api-v3/commentThreads.list,,tS9o8aQjADY,How To Find PERFECT Entries,TradingLab,,
youtube,TradingLab,tS9o8aQjADY,https://www.youtube.com/watch?v=tS9o8aQjADY,Ugya8W-oTByQYDJ4AKV4AaABAg,"I entered trading with the hope of learning as I went, but while I thoroughly enjoyed the challenge, the harsh reality hit me hard. YouTube alone >>wasn't enough to provide comprehensive knowledge, and the constant ups and downs left me guessing. I lost more >>Than I won, but the experience taught me what I was missing.",2025-12-26T05:45:22Z,2026-10-01T13:28:03.385773+00:00,168,11,,78bb2bd76ef603b70290fad5816c0b37c042cc23f2b55207dde37108318ec13c,,youtube-data-api-v3/commentThreads.list,,tS9o8aQjADY,How To Find PERFECT Entries,TradingLab,,
youtube,TradingLab,tS9o8aQjADY,https://www.youtube.com/watch?v=tS9o8aQjADY,Ugya8W-oTByQYDJ4AKV4AaABAg.ARBIBqUMNdBARBIN1MXEYT,"Honestly it has been different for me, Just closed a really good trade today and I'm honestly proud of how far I've come. The growth is showing for real",2025-12-26T05:46:54Z,2026-10-01T13:28:03.385773+00:00,0,0,,700ab9756475fd9e0db7157544e3f370914e9f8fa53155d7b29137bf2adc99de,Ugya8W-oTByQYDJ4AKV4AaABAg,youtube-data-api-v3/commentThreads.list,,tS9o8aQjADY,How To Find PERFECT Entries,TradingLab,,
youtube,TradingLab,tS9o8aQjADY,https://www.youtube.com/watch?v=tS9o8aQjADY,Ugya8W-oTByQYDJ4AKV4AaABAg.ARBIBqUMNdBARBIOHvv3KO,Nice ones! sounds like you've been moving solid lately. You use any specific approach or you just follow market vibes?,2025-12-26T05:47:05Z,2026-10-01T13:28:03.385773+00:00,0,0,,78bb2bd76ef603b70290fad5816c0b37c042cc23f2b55207dde37108318ec13c,Ugya8W-oTByQYDJ4AKV4AaABAg,youtube-data-api-v3/commentThreads.list,,tS9o8aQjADY,How To Find PERFECT Entries,TradingLab,,
youtube,TradingLab,tS9o8aQjADY,https://www.youtube.com/watch?v=tS9o8aQjADY,Ugya8W-oTByQYDJ4AKV4AaABAg.ARBIBqUMNdBARBIOiZqOxa,"Lol I won't even lie, I didn't figure everything out alone. Someone gave me proper structure along the line, but I'll just say I'm glad I listened when I did, For me it was Gery's breakdowns that helped me stop overthinking my entries. Man just simplifies things without plenty of talk.",2025-12-26T05:47:08Z,2026-10-01T13:28:03.385773+00:00,0,0,,700ab9756475fd9e0db7157544e3f370914e9f8fa53155d7b29137bf2adc99de,Ugya8W-oTByQYDJ4AKV4AaABAg,youtube-data-api-v3/commentThreads.list,,tS9o8aQjADY,How To Find PERFECT Entries,TradingLab,,
youtube,TradingLab,tS9o8aQjADY,https://www.youtube.com/watch?v=tS9o8aQjADY,Ugya8W-oTByQYDJ4AKV4AaABAg.ARBIBqUMNdBARBISzzbPD_,wow u know him too? Small world. Gery honestly played a big role in helping me <<and my family get on track.,2025-12-26T05:47:43Z,2026-10-01T13:28:03.385773+00:00,0,0,,6a007186e6b8fae3d612d6c928c4a822500db1f8b1ef175a0c3144583111a8be,Ugya8W-oTByQYDJ4AKV4AaABAg,youtube-data-api-v3/commentThreads.list,,tS9o8aQjADY,How To Find PERFECT Entries,TradingLab,,
youtube,TradingLab,tS9o8aQjADY,https://www.youtube.com/watch?v=tS9o8aQjADY,Ugya8W-oTByQYDJ4AKV4AaABAg.ARBIBqUMNdBARBIV-w49Ww,Please do you have any links or information about him?,2025-12-26T05:47:59Z,2026-10-01T13:28:03.385773+00:00,0,0,,78bb2bd76ef603b70290fad5816c0b37c042cc23f2b55207dde37108318ec13c,Ugya8W-oTByQYDJ4AKV4AaABAg,youtube-data-api-v3/commentThreads.list,,tS9o8aQjADY,How To Find PERFECT Entries,TradingLab,,
youtube,TradingLab,tS9o8aQjADY,https://www.youtube.com/watch?v=tS9o8aQjADY,UgzSezk2qxvYrX1_UZp4AaABAg,wow this actually makes it easier to understand,2025-11-07T20:42:51Z,2026-10-01T13:28:03.385773+00:00,0,0,,d3640e5e517650f17d41b03cba1a6309038fc709fbd94135ab4f6244cdafaeea,,youtube-data-api-v3/commentThreads.list,,tS9o8aQjADY,How To Find PERFECT Entries,TradingLab,,
youtube,TradingLab,tS9o8aQjADY,https://www.youtube.com/watch?v=tS9o8aQjADY,Ugya1opC0Tsssqea9EJ4AaABAg,"This video is a gem! Just like how I see Rumora working for my brand, authentic engagement makes all the difference.",2025-10-24T12:31:03Z,2026-10-01T13:28:03.385773+00:00,651,0,,5f4c92115d9e9302e90191296faea46d8694312ffce4e92b112913bdff4a02f6,,youtube-data-api-v3/commentThreads.list,,tS9o8aQjADY,How To Find PERFECT Entries,TradingLab,,
youtube,TradingLab,tS9o8aQjADY,https://www.youtube.com/watch?v=tS9o8aQjADY,UgxX4rUOyw7kYAFa0294AaABAg,"I started trading with $12,000. Learned you have to trade like a robot. Manage risk, etc.  I will work my way up. Learning  the tools etc. Making $19,000-$20,000 per trade for now on wins. Losses are very limited but happen.  I like thus trend line trading! It's so simple. Thanks for the video",2026-05-10T13:38:31Z,2026-10-01T13:28:03.385773+00:00,21,14,,a8bb9264d7625718b6e0c5e32e334d2e2d20e162103de0ce4a5b16652bd1ad5d,,youtube-data-api-v3/commentThreads.list,,tS9o8aQjADY,How To Find PERFECT Entries,TradingLab,,
youtube,TradingLab,tS9o8aQjADY,https://www.youtube.com/watch?v=tS9o8aQjADY,UgxX4rUOyw7kYAFa0294AaABAg.AWckeLtCuiRAWcklswM6L9,"I came into trading with high expectations, but the reality has been a lot more inconsistent than I expected. I’ve tried different approaches but nothing feels stable yet.",2026-05-10T13:39:32Z,2026-10-01T13:28:03.385773+00:00,7,0,,01e6c85fc40f8881e40f30b553e4c515e4972cb349cb21c0a08751ec73fdd067,UgxX4rUOyw7kYAFa0294AaABAg,youtube-data-api-v3/commentThreads.list,,tS9o8aQjADY,How To Find PERFECT Entries,TradingLab,,
youtube,TradingLab,tS9o8aQjADY,https://www.youtube.com/watch?v=tS9o8aQjADY,UgxX4rUOyw7kYAFa0294AaABAg.AWckeLtCuiRAWckpOrPS-j,"That’s usually where people get stuck, too many strategies, not enough structure. I had the same issue, jumping from one idea to another.",2026-05-10T13:40:01Z,2026-10-01T13:28:03.385773+00:00,8,0,,3411bb8b88bb417696271fdff98af35eab71ab9e3854d7d68c7fdd51acf3d060,UgxX4rUOyw7kYAFa0294AaABAg,youtube-data-api-v3/commentThreads.list,,tS9o8aQjADY,How To Find PERFECT Entries,TradingLab,,
youtube,TradingLab,tS9o8aQjADY,https://www.youtube.com/watch?v=tS9o8aQjADY,UgxX4rUOyw7kYAFa0294AaABAg.AWckeLtCuiRAWckszHEwuv,Is it really just strategy though? Sometimes I feel like the market itself is just unpredictable lately.,2026-05-10T13:40:31Z,2026-10-01T13:28:03.385773+00:00,6,0,,35356ca320236332a6d6521dc567845cc58ed68190c9c2741e8b6ff648d8769e,UgxX4rUOyw7kYAFa0294AaABAg,youtube-data-api-v3/commentThreads.list,,tS9o8aQjADY,How To Find PERFECT Entries,TradingLab,,
youtube,TradingLab,tS9o8aQjADY,https://www.youtube.com/watch?v=tS9o8aQjADY,UgxX4rUOyw7kYAFa0294AaABAg.AWckeLtCuiRAWckyTVC9-H,"It’s both honestly. Market conditions matter, but so does whether you actually have a system or just reacting to signals.",2026-05-10T13:41:15Z,2026-10-01T13:28:03.385773+00:00,5,0,,a2a1fe5643b44e0c8c46572698d14be4f49af5c0c9e4bcf2139833dac4de6c61,UgxX4rUOyw7kYAFa0294AaABAg,youtube-data-api-v3/commentThreads.list,,tS9o8aQjADY,How To Find PERFECT Entries,TradingLab,,
youtube,TradingLab,tS9o8aQjADY,https://www.youtube.com/watch?v=tS9o8aQjADY,UgxX4rUOyw7kYAFa0294AaABAg.AWckeLtCuiRAWcl1e1iMjZ,I stopped following most signal type content for that reason. I needed something more structured around decision-making instead of random entries.,2026-05-10T13:41:50Z,2026-10-01T13:28:03.385773+00:00,4,0,,f0ebb3decb5dc7f6e0313e2a32001971b0b34f2b7c2e3aa9892d7c7704ec485c,UgxX4rUOyw7kYAFa0294AaABAg,youtube-data-api-v3/commentThreads.list,,tS9o8aQjADY,How To Find PERFECT Entries,TradingLab,,
youtube,TradingLab,tS9o8aQjADY,https://www.youtube.com/watch?v=tS9o8aQjADY,Ugzf326Z4fQPhK7On5l4AaABAg,this actually cleared up a lot for me,2025-11-07T14:26:32Z,2026-10-01T13:28:03.385773+00:00,0,0,,e990b5702234609d48182fe78d9cebce275fe0ca198ac143945b8997d18f9567,,youtube-data-api-v3/commentThreads.list,,tS9o8aQjADY,How To Find PERFECT Entries,TradingLab,,
youtube,TradingLab,tS9o8aQjADY,https://www.youtube.com/watch?v=tS9o8aQjADY,UgyCNMySrWmFf0GaAzt4AaABAg,Any stock or nasdac or spy will this work,2025-06-07T18:07:26Z,2026-10-01T13:28:03.386773+00:00,4,3,,8b625cef8aef27d152f119b0ac8f5540a18605ab7249dcecf87fc3d46628a3a2,,youtube-data-api-v3/commentThreads.list,,tS9o8aQjADY,How To Find PERFECT Entries,TradingLab,,
youtube,TradingLab,tS9o8aQjADY,https://www.youtube.com/watch?v=tS9o8aQjADY,UgyCNMySrWmFf0GaAzt4AaABAg.AJ4UY24e0GkAJ8IyFMyFS2,"Umm... who knows. Only works in ranges - related to OpEx or Fridays for instance .

Mostly stocks I would say, that's the purest Supply/Demand. Use this on the Daily or 65min chart for best results IMHO",2025-06-09T05:43:15Z,2026-10-01T13:28:03.386773+00:00,0,0,,a8a80449cb1b80417ebe9eb7e903ed93335b668cb5bad2d976d6f32525d510f0,UgyCNMySrWmFf0GaAzt4AaABAg,youtube-data-api-v3/commentThreads.list,,tS9o8aQjADY,How To Find PERFECT Entries,TradingLab,,
youtube,TradingLab,tS9o8aQjADY,https://www.youtube.com/watch?v=tS9o8aQjADY,UgyCNMySrWmFf0GaAzt4AaABAg.AJ4UY24e0GkAJ8J4PD8E_7,But only ranges... You need so much experience... Learn about range/move dynamics,2025-06-09T05:44:13Z,2026-10-01T13:28:03.386773+00:00,0,0,,a8a80449cb1b80417ebe9eb7e903ed93335b668cb5bad2d976d6f32525d510f0,UgyCNMySrWmFf0GaAzt4AaABAg,youtube-data-api-v3/commentThreads.list,,tS9o8aQjADY,How To Find PERFECT Entries,TradingLab,,
youtube,TradingLab,tS9o8aQjADY,https://www.youtube.com/watch?v=tS9o8aQjADY,UgyCNMySrWmFf0GaAzt4AaABAg.AJ4UY24e0GkAXktWBLwNHG,"@JoshTheWhale Indeed. The nasdaq/spy ranges some weeks, trends other weeks. And even the ranges can be ""dynamic"" with shifting highs and lows on some days. So to the OP, it sometimes works on NDX/SPX.",2026-06-07T14:01:13Z,2026-10-01T13:28:03.386773+00:00,0,0,,311d02177e27cf36b7f77e697f229c4378c2ee5eb8b4dc254499de188df0d2a4,UgyCNMySrWmFf0GaAzt4AaABAg,youtube-data-api-v3/commentThreads.list,,tS9o8aQjADY,How To Find PERFECT Entries,TradingLab,,
youtube,TradingLab,tS9o8aQjADY,https://www.youtube.com/watch?v=tS9o8aQjADY,UgwuGe37ZQ4Bipu2yet4AaABAg,man this really opened my eyes,2025-11-04T13:36:28Z,2026-10-01T13:28:03.386773+00:00,0,0,,ff0e85c788bcb58a13bac113c4b79e633a8c556986693af6def48ac56ae2e3de,,youtube-data-api-v3/commentThreads.list,,tS9o8aQjADY,How To Find PERFECT Entries,TradingLab,,
youtube,TradingLab,tS9o8aQjADY,https://www.youtube.com/watch?v=tS9o8aQjADY,Ugw40nw08aBa39Ae4zt4AaABAg,Bro you cut out the lowest bar,2025-06-07T20:05:12Z,2026-10-01T13:28:03.386773+00:00,4,3,,e85824a3bbb37e38e15a67c7555646f1355c4839d747ce0a3b532606972732fa,,youtube-data-api-v3/commentThreads.list,,tS9o8aQjADY,How To Find PERFECT Entries,TradingLab,,
youtube,TradingLab,tS9o8aQjADY,https://www.youtube.com/watch?v=tS9o8aQjADY,Ugw40nw08aBa39Ae4zt4AaABAg.AJ4h0dl7hb3AJ4wh3kh1Mi,No he didnt 😂,2025-06-07T22:22:12Z,2026-10-01T13:28:03.386773+00:00,0,0,,b04d1e8149b6b6e578252083217634b431adc649bc93319b4a6fa35754c07ff0,Ugw40nw08aBa39Ae4zt4AaABAg,youtube-data-api-v3/commentThreads.list,,tS9o8aQjADY,How To Find PERFECT Entries,TradingLab,,
youtube,TradingLab,tS9o8aQjADY,https://www.youtube.com/watch?v=tS9o8aQjADY,Ugw40nw08aBa39Ae4zt4AaABAg.AJ4h0dl7hb3AJ5BG5pmM13,I thought this too. You have to open the comments while the video plays to see it smh,2025-06-08T00:38:11Z,2026-10-01T13:28:03.386773+00:00,1,0,,7d645276d5cab6a1f144c3b457f4f5b8ba6e2b173c1189b94a35e39a7b6a9406,Ugw40nw08aBa39Ae4zt4AaABAg,youtube-data-api-v3/commentThreads.list,,tS9o8aQjADY,How To Find PERFECT Entries,TradingLab,,
youtube,TradingLab,tS9o8aQjADY,https://www.youtube.com/watch?v=tS9o8aQjADY,Ugw40nw08aBa39Ae4zt4AaABAg.AJ4h0dl7hb3AJ7eQ7e0h93,@jojoPonDedojo yeah now i saw it lmao,2025-06-08T23:40:11Z,2026-10-01T13:28:03.386773+00:00,1,0,,b04d1e8149b6b6e578252083217634b431adc649bc93319b4a6fa35754c07ff0,Ugw40nw08aBa39Ae4zt4AaABAg,youtube-data-api-v3/commentThreads.list,,tS9o8aQjADY,How To Find PERFECT Entries,TradingLab,,
youtube,TradingLab,tS9o8aQjADY,https://www.youtube.com/watch?v=tS9o8aQjADY,UgzNhOPKeiFJ7QXD1td4AaABAg,"seriously this was super helpful, thanks!",2025-11-07T20:42:51Z,2026-10-01T13:28:03.386773+00:00,0,0,,3c1221969ef1f7f8aea06a6ee0558705b3a89783cd11da477cb9a8175bc1f8b9,,youtube-data-api-v3/commentThreads.list,,tS9o8aQjADY,How To Find PERFECT Entries,TradingLab,,
youtube,TradingLab,tS9o8aQjADY,https://www.youtube.com/watch?v=tS9o8aQjADY,UgxcZQMK2O-szmOAwp54AaABAg,where should you trade and where to start,2025-06-08T17:52:28Z,2026-10-01T13:28:03.386773+00:00,3,9,,53d860a6e8984fd4f7e2a6fa2dd3242ff7f04afc72c8d043277e7b2f7f2f02fd,,youtube-data-api-v3/commentThreads.list,,tS9o8aQjADY,How To Find PERFECT Entries,TradingLab,,
youtube,TradingLab,tS9o8aQjADY,https://www.youtube.com/watch?v=tS9o8aQjADY,UgxcZQMK2O-szmOAwp54AaABAg.AJ71cPqdxRLAJ740CgqtcC,"Imho, Kyle Henris on skool. 100% free, no BS. Teaches how to use this exact set up, for free.",2025-06-08T18:13:20Z,2026-10-01T13:28:03.386773+00:00,0,0,,a7ee16c4d800b3d6b944435ab823545f1b34b1b8e7cae6ce6e93521a18796683,UgxcZQMK2O-szmOAwp54AaABAg,youtube-data-api-v3/commentThreads.list,,tS9o8aQjADY,How To Find PERFECT Entries,TradingLab,,
youtube,TradingLab,tS9o8aQjADY,https://www.youtube.com/watch?v=tS9o8aQjADY,UgxcZQMK2O-szmOAwp54AaABAg.AJ71cPqdxRLANscXe_Dpnk,"As a beginner investor, it’s essential for you to have a mentor to keep you accountable.
Cierra Howell George is my trade analyst, she has guided me to identify key market trends, pinpointed strategic entry points, and provided risk assessments, ensuring my trades decisions align with market dynamics for optimal returns.",2025-10-05T00:52:52Z,2026-10-01T13:28:03.386773+00:00,5,0,,e85258e6ca61f06b00ff558f836df9506b3a33c55cdfad0d67bed8c8b3eaf6ae,UgxcZQMK2O-szmOAwp54AaABAg,youtube-data-api-v3/commentThreads.list,,tS9o8aQjADY,How To Find PERFECT Entries,TradingLab,,
youtube,TradingLab,tS9o8aQjADY,https://www.youtube.com/watch?v=tS9o8aQjADY,UgxcZQMK2O-szmOAwp54AaABAg.AJ71cPqdxRLANscnzJSO5G,"SHE'S MOSTLY ON TELEGRAMS, USING THE USERNAME BELOW...",2025-10-05T00:55:14Z,2026-10-01T13:28:03.386773+00:00,3,0,,e85258e6ca61f06b00ff558f836df9506b3a33c55cdfad0d67bed8c8b3eaf6ae,UgxcZQMK2O-szmOAwp54AaABAg,youtube-data-api-v3/commentThreads.list,,tS9o8aQjADY,How To Find PERFECT Entries,TradingLab,,
youtube,TradingLab,tS9o8aQjADY,https://www.youtube.com/watch?v=tS9o8aQjADY,UgxcZQMK2O-szmOAwp54AaABAg.AJ71cPqdxRLANscqX5xhwn,@InvestwithCierra. THAT IS HER USER NAME,2025-10-05T00:55:34Z,2026-10-01T13:28:03.386773+00:00,0,0,,e85258e6ca61f06b00ff558f836df9506b3a33c55cdfad0d67bed8c8b3eaf6ae,UgxcZQMK2O-szmOAwp54AaABAg,youtube-data-api-v3/commentThreads.list,,tS9o8aQjADY,How To Find PERFECT Entries,TradingLab,,
youtube,TradingLab,tS9o8aQjADY,https://www.youtube.com/watch?v=tS9o8aQjADY,UgxcZQMK2O-szmOAwp54AaABAg.AJ71cPqdxRLANsczBx3Qnq,@InvestwithCierra... THAT IS  IT,2025-10-05T00:56:45Z,2026-10-01T13:28:03.386773+00:00,0,0,,e85258e6ca61f06b00ff558f836df9506b3a33c55cdfad0d67bed8c8b3eaf6ae,UgxcZQMK2O-szmOAwp54AaABAg,youtube-data-api-v3/commentThreads.list,,tS9o8aQjADY,How To Find PERFECT Entries,TradingLab,,
youtube,TradingLab,tS9o8aQjADY,https://www.youtube.com/watch?v=tS9o8aQjADY,UgxJki99vfOTMCqGQy54AaABAg,"this is super helpful, i always struggle with entries",2025-11-04T00:54:30Z,2026-10-01T13:28:03.386773+00:00,0,0,,aacfc7fb66e99aea330a9ebf33c778c0cb5839fa25aa669a9869c00a04f2f078,,youtube-data-api-v3/commentThreads.list,,tS9o8aQjADY,How To Find PERFECT Entries,TradingLab,,
youtube,TradingLab,tS9o8aQjADY,https://www.youtube.com/watch?v=tS9o8aQjADY,Ugw47f4UJ0eb3ABxQ9R4AaABAg,"Perfect example of how investing content should be made for beginners. Clear explanations, practical steps, and guidance that makes getting started feel realistic instead of intimidating.
YouTube needs more videos like this.",2026-05-27T13:16:35Z,2026-10-01T13:28:03.386773+00:00,38,13,,b6ea9c5f1fa08838214fb8f27cbe16b34b3f6f8d16b83b2af079591cdfa3c44c,,youtube-data-api-v3/commentThreads.list,,tS9o8aQjADY,How To Find PERFECT Entries,TradingLab,,
youtube,TradingLab,tS9o8aQjADY,https://www.youtube.com/watch?v=tS9o8aQjADY,Ugw47f4UJ0eb3ABxQ9R4AaABAg.AXJUeaDUjk4AXJVBtgpmlm,"This is how financial education should be  simple, practical, and easy for anyone to understand.",2026-05-27T13:21:16Z,2026-10-01T13:28:03.386773+00:00,0,0,,b5a7b15db04a422bdaa6549afacf5002b58600de8c05090750cdac4640134a13,Ugw47f4UJ0eb3ABxQ9R4AaABAg,youtube-data-api-v3/commentThreads.list,,tS9o8aQjADY,How To Find PERFECT Entries,TradingLab,,
youtube,TradingLab,tS9o8aQjADY,https://www.youtube.com/watch?v=tS9o8aQjADY,Ugw47f4UJ0eb3ABxQ9R4AaABAg.AXJUeaDUjk4AXJVH_FZG_x,"As a beginner investor, it’s essential for you to have a mentor to keep you accountable.
 Chris James Cooks is my trade analyst, he has guided me to identify key market trends, pinpointed strategic entry points, and provided risk assessments, ensuring my trades decisions align with market dynamics for optimal returns .",2026-05-27T13:22:02Z,2026-10-01T13:28:03.386773+00:00,0,0,,b6ea9c5f1fa08838214fb8f27cbe16b34b3f6f8d16b83b2af079591cdfa3c44c,Ugw47f4UJ0eb3ABxQ9R4AaABAg,youtube-data-api-v3/commentThreads.list,,tS9o8aQjADY,How To Find PERFECT Entries,TradingLab,,
youtube,TradingLab,tS9o8aQjADY,https://www.youtube.com/watch?v=tS9o8aQjADY,Ugw47f4UJ0eb3ABxQ9R4AaABAg.AXJUeaDUjk4AXJVKW8GKb9,"To be honest, I need a lot of assistance learning to trade. I get really depressed when I see how low my portfolio is.",2026-05-27T13:22:26Z,2026-10-01T13:28:03.386773+00:00,0,0,,138e2daf85045f5b3b4e054250627960c9e74a9b1b717f5f488a4afd09413539,Ugw47f4UJ0eb3ABxQ9R4AaABAg,youtube-data-api-v3/commentThreads.list,,tS9o8aQjADY,How To Find PERFECT Entries,TradingLab,,
youtube,TradingLab,tS9o8aQjADY,https://www.youtube.com/watch?v=tS9o8aQjADY,Ugw47f4UJ0eb3ABxQ9R4AaABAg.AXJUeaDUjk4AXJVMLZ3DcF,"Trading without proper guidance is one of the biggest challenges for beginners. Without a qualified advisor, many traders either remain stuck or face losses that slow their progress.",2026-05-27T13:22:41Z,2026-10-01T13:28:03.386773+00:00,0,0,,b6ea9c5f1fa08838214fb8f27cbe16b34b3f6f8d16b83b2af079591cdfa3c44c,Ugw47f4UJ0eb3ABxQ9R4AaABAg,youtube-data-api-v3/commentThreads.list,,tS9o8aQjADY,How To Find PERFECT Entries,TradingLab,,
youtube,TradingLab,tS9o8aQjADY,https://www.youtube.com/watch?v=tS9o8aQjADY,Ugw47f4UJ0eb3ABxQ9R4AaABAg.AXJUeaDUjk4AXJVPEG48yh,"One thing I've learned from the market is that success isn't just about timing, it's about spotting the right opportunities and having the right mentor by your side. That's what also keeps you steady during dips like this.",2026-05-27T13:23:05Z,2026-10-01T13:28:03.386773+00:00,0,0,,9716c8922da91a97df45f3bc3f91315bf27d367340f2cd99e2c5787f6a736611,Ugw47f4UJ0eb3ABxQ9R4AaABAg,youtube-data-api-v3/commentThreads.list,,tS9o8aQjADY,How To Find PERFECT Entries,TradingLab,,
youtube,TradingLab,tS9o8aQjADY,https://www.youtube.com/watch?v=tS9o8aQjADY,UgwqOwj47GQLX7yg7O54AaABAg,These tips on demand zones remind me of how I approach marketing with Rumora. It’s about knowing the right moments to engage!,2025-11-18T07:19:15Z,2026-10-01T13:28:03.386773+00:00,35,0,,b86cccf981dd1c61c73d8481bb0a26642d683ee57821746468245b06b711cde3,,youtube-data-api-v3/commentThreads.list,,tS9o8aQjADY,How To Find PERFECT Entries,TradingLab,,
youtube,TradingLab,tS9o8aQjADY,https://www.youtube.com/watch?v=tS9o8aQjADY,UgxjjB-vAt43_HB9O754AaABAg,"Getting into the market and trading sounded simple at first, but once I got in, the price swings and mixed information made everything more confusing. I’ve tested several strategies,_ yet the results are just not there. Seeing others move ahead while I struggle has been frustrating. Has anyone actually worked with someone who guides you step by step instead of recycled content? I need real guidance...",2026-06-05T10:43:42Z,2026-10-01T13:28:03.386773+00:00,16,11,,6e60115dcef6abb708f43206e1a4ce43aa8ee265fba97ead6e5a605e8f17c99d,,youtube-data-api-v3/commentThreads.list,,tS9o8aQjADY,How To Find PERFECT Entries,TradingLab,,
youtube,TradingLab,tS9o8aQjADY,https://www.youtube.com/watch?v=tS9o8aQjADY,UgxjjB-vAt43_HB9O754AaABAg.AXfOJk06U8oAXfOTwpqG6P,"Depending on scattered advice online only stretched losses further. The shift happened once consistent, logical guidance replaced guesswork. Understanding the purpose behind each setup made trading feel grounded instead of uncertain.",2026-06-05T10:45:06Z,2026-10-01T13:28:03.386773+00:00,0,0,,56abbab472ac57f023fff5438bc6de772346ec551fecba070ce06ecd68188343,UgxjjB-vAt43_HB9O754AaABAg,youtube-data-api-v3/commentThreads.list,,tS9o8aQjADY,How To Find PERFECT Entries,TradingLab,,
youtube,TradingLab,tS9o8aQjADY,https://www.youtube.com/watch?v=tS9o8aQjADY,UgxjjB-vAt43_HB9O754AaABAg.AXfOJk06U8oAXfOUc03XXN,That's the guidance I've been searching for. Who do you learn from?,2026-06-05T10:45:11Z,2026-10-01T13:28:03.386773+00:00,0,0,,6e60115dcef6abb708f43206e1a4ce43aa8ee265fba97ead6e5a605e8f17c99d,UgxjjB-vAt43_HB9O754AaABAg,youtube-data-api-v3/commentThreads.list,,tS9o8aQjADY,How To Find PERFECT Entries,TradingLab,,
youtube,TradingLab,tS9o8aQjADY,https://www.youtube.com/watch?v=tS9o8aQjADY,UgxjjB-vAt43_HB9O754AaABAg.AXfOJk06U8oAXfOVLyCpuC,"For me it was Piers Wyn. I trade alongside him, and with his mentorship, I know exactly what to do. Losing trades aren't part of my story anymore",2026-06-05T10:45:17Z,2026-10-01T13:28:03.386773+00:00,0,0,,56abbab472ac57f023fff5438bc6de772346ec551fecba070ce06ecd68188343,UgxjjB-vAt43_HB9O754AaABAg,youtube-data-api-v3/commentThreads.list,,tS9o8aQjADY,How To Find PERFECT Entries,TradingLab,,
youtube,TradingLab,tS9o8aQjADY,https://www.youtube.com/watch?v=tS9o8aQjADY,UgxjjB-vAt43_HB9O754AaABAg.AXfOJk06U8oAXfRTxVyxRW,"Yes, I know him. I actually followed his signals, and that experience really changed how I trade.",2026-06-05T11:11:19Z,2026-10-01T13:28:03.386773+00:00,0,0,,ee0e7ff04487a6795e90b0435689d3866cc9d48a5daa140eeff5acad3250842f,UgxjjB-vAt43_HB9O754AaABAg,youtube-data-api-v3/commentThreads.list,,tS9o8aQjADY,How To Find PERFECT Entries,TradingLab,,
youtube,TradingLab,tS9o8aQjADY,https://www.youtube.com/watch?v=tS9o8aQjADY,UgxjjB-vAt43_HB9O754AaABAg.AXfOJk06U8oAXfRW2yRPr9,Exactly!! His breakdowns snapped everything into alignment…no more five-minute spirals. My account finally feels like it has a compass.,2026-06-05T11:11:36Z,2026-10-01T13:28:03.386773+00:00,0,0,,edd4cb43c7e1663b81438ef6d2f0ca2d6f1839599c82d217ea7c97dd83e75b7b,UgxjjB-vAt43_HB9O754AaABAg,youtube-data-api-v3/commentThreads.list,,tS9o8aQjADY,How To Find PERFECT Entries,TradingLab,,
youtube,TradingLab,tS9o8aQjADY,https://www.youtube.com/watch?v=tS9o8aQjADY,UgwSof56kUDfdbyGPJt4AaABAg,This is actually good advice. Better than all the indicator BS this channel normally hawks.,2025-07-13T01:04:41Z,2026-10-01T13:28:03.386773+00:00,4,0,,43803bb582a8cbd895aff3e536d81d0eb69f235a1e9058ffe066bcfde84cb652,,youtube-data-api-v3/commentThreads.list,,tS9o8aQjADY,How To Find PERFECT Entries,TradingLab,,
youtube,TradingLab,tS9o8aQjADY,https://www.youtube.com/watch?v=tS9o8aQjADY,UgyihRFxkiUXUXOTb7x4AaABAg,"Retired at 63, earning 45K biweekly… but honestly, the money isn't even the highlight. What means the most is having a family that stood by me when life was tough. I'm living the life I once prayed for. If you're still fighting your battles, don't lose hope — your season is coming. ❤",2026-07-25T21:23:33Z,2026-10-01T13:28:03.386773+00:00,53,18,,cfb10afbe8bac03426d6eb0cf46e13d5e4cd1ccb26290832d1f0aa4726e0008d,,youtube-data-api-v3/commentThreads.list,,tS9o8aQjADY,How To Find PERFECT Entries,TradingLab,,
youtube,TradingLab,tS9o8aQjADY,https://www.youtube.com/watch?v=tS9o8aQjADY,UgyihRFxkiUXUXOTb7x4AaABAg.AZhHHr3xWETAZhHRsRPFbN,"Congratulations! Your story is truly inspiring. It shows that perseverance, faith, and consistency really pay off. I'm so happy for you and your family. May God continue to bless you with greater success, good health, and many more joyful moments together. Thank you for reminding us never to give up—our season will come too.",2026-07-25T21:24:55Z,2026-10-01T13:28:03.386773+00:00,3,0,,be1925c4649c2faf836b8be38864a8c8f788dcb4b4b42cbf77e2d093b76098fc,UgyihRFxkiUXUXOTb7x4AaABAg,youtube-data-api-v3/commentThreads.list,,tS9o8aQjADY,How To Find PERFECT Entries,TradingLab,,
youtube,TradingLab,tS9o8aQjADY,https://www.youtube.com/watch?v=tS9o8aQjADY,UgyihRFxkiUXUXOTb7x4AaABAg.AZhHHr3xWETAZhHVSc8WyT,Please can you help me I am feeling stuck at finding the my own approach,2026-07-25T21:25:24Z,2026-10-01T13:28:03.386773+00:00,1,0,,0632f85fb6335c85181b14d261f82b1cab7a81c9ee1ce359c32b825587a33ef8,UgyihRFxkiUXUXOTb7x4AaABAg,youtube-data-api-v3/commentThreads.list,,tS9o8aQjADY,How To Find PERFECT Entries,TradingLab,,
youtube,TradingLab,tS9o8aQjADY,https://www.youtube.com/watch?v=tS9o8aQjADY,UgyihRFxkiUXUXOTb7x4AaABAg.AZhHHr3xWETAZhHY5MqnZ2,I've been making a lot of looses trying to trade on me own😩 How can I start making profits from cryptocurrency and the market? I am still a beginner,2026-07-25T21:25:46Z,2026-10-01T13:28:03.386773+00:00,1,0,,bf4030956b687c7126e287c158435f467468e82e4d11f542ac5a828522ac38c9,UgyihRFxkiUXUXOTb7x4AaABAg,youtube-data-api-v3/commentThreads.list,,tS9o8aQjADY,How To Find PERFECT Entries,TradingLab,,
youtube,TradingLab,tS9o8aQjADY,https://www.youtube.com/watch?v=tS9o8aQjADY,UgyihRFxkiUXUXOTb7x4AaABAg.AZhHHr3xWETAZhHatFm1xU,"Honestly, I struggled for many year's until I found a mentor who actually simplified things. It was a total lifesaver for me since I don't have a finance background. I can finally see the patterns clearly now, Gary Anderson is my mentor.",2026-07-25T21:26:17Z,2026-10-01T13:28:03.386773+00:00,1,0,,cfb10afbe8bac03426d6eb0cf46e13d5e4cd1ccb26290832d1f0aa4726e0008d,UgyihRFxkiUXUXOTb7x4AaABAg,youtube-data-api-v3/commentThreads.list,,tS9o8aQjADY,How To Find PERFECT Entries,TradingLab,,
youtube,TradingLab,tS9o8aQjADY,https://www.youtube.com/watch?v=tS9o8aQjADY,UgyihRFxkiUXUXOTb7x4AaABAg.AZhHHr3xWETAZhHe7U0WWO,I’ve been trying to do that but I honestly don’t even know what 'institutional flow' looks like on a chart. Everything just looks like random candles to me right now.,2026-07-25T21:26:43Z,2026-10-01T13:28:03.386773+00:00,0,0,,72aa0c5b810e9af489a0c4c989708c8ad931c8f67dfb677a0d5d32b139fc9d08,UgyihRFxkiUXUXOTb7x4AaABAg,youtube-data-api-v3/commentThreads.list,,tS9o8aQjADY,How To Find PERFECT Entries,TradingLab,,
youtube,TradingLab,tS9o8aQjADY,https://www.youtube.com/watch?v=tS9o8aQjADY,UgwVoQwOMFAYbYEWUgR4AaABAg,"2 Esdras 7:75
I answered and said, ""If I have found favor in thy sight, O Lord, show this also to thy servant: whether after death, as soon as every one of us yields up his soul, we shall be kept in rest until those times come when thou wilt renew the creation, or whether we shall be tormented at once?"" 76 He answered me and said, ""I will show you that also, but do not be associated with those who have shown scorn, nor number yourself among those who are tormented. 77 For you have a treasure of works laid up with the Most High; but it will not be shown to you until the last times. 

78 Now, concerning death, the teaching is: When the decisive decree has gone forth from the Most High that a man shall die, as the spirit leaves the body to return again to him who gave it, first of all it adores the glory of the Most High. 79 And if it is one of those who have shown scorn and have not kept the way of the Most High, and who have despised his law, and who have hated those who fear the Most High -- 80 such spirits shall not enter into habitations, but shall immediately wander about in torments, ever grieving and sad, in seven ways. 

81 The first way, because they have scorned the law of the Most High. 82 The second way, because they cannot now make a good repentance that they may live. 83 The third way, they shall see the reward laid up for those who have trusted the covenants of the Most High. 84 The fourth way, they shall consider the torment laid up for themselves in the last days. 85 The fifth way, they shall see how the habitations of the others are guarded by angels in profound quiet. 86 The sixth way, they shall see how some of them will pass over into torments. 87 The seventh way, which is worse than all the ways that have been mentioned, because they shall utterly waste away in confusion and be consumed with shame, and shall wither with fear at seeing the glory of the Most High before whom they sinned while they were alive, and before whom they are to be judged in the last times. 

88 ""Now this is the order of those who have kept the ways of the Most High, when they shall be separated from their mortal body. 89 During the time that they lived in it, they laboriously served the Most High, and withstood danger every hour, that they might keep the law of the Lawgiver perfectly. 90 Therefore this is the teaching concerning them: 91 First of all, they shall see with great joy the glory of him who receives them, for they shall have rest in seven orders.

 92 The first order, because they have striven with great effort to overcome the evil thought which was formed with them, that it might not lead them astray from life into death. 93 The second order, because they see the perplexity in which the souls of the unrighteous wander, and the punishment that awaits them. 94 The third order, they see the witness which he who formed them bears concerning them, that while they were alive they kept the law which was given them in trust. 95 The fourth order, they understand the rest which they now enjoy, being gathered into their chambers and guarded by angels in profound quiet, and the glory which awaits them in the last days. 96 The fifth order, they rejoice that they have now escaped what is corruptible, and shall inherit what is to come; 

and besides they see the straits and toil from which they have been delivered, and the spacious liberty which they are to receive and enjoy in immortality. 97 The sixth order, when it is shown to them how their face is to shine like the sun, and how they are to be made like the light of the stars, being incorruptible from then on. 98 The seventh order, which is greater than all that have been mentioned, because they shall rejoice with boldness, and shall be confident without confusion, and shall be glad without fear, for they hasten to behold the face of him whom they served in life and from whom they are to receive their reward when glorified. 

99 This is the order of the souls of the righteous, as henceforth is announced; and the aforesaid are the ways of torment which those who would not give heed shall suffer hereafter."" 100 I answered and said, ""Will time therefore be given to the souls, after they have been separated from the bodies, to see what you have described to me?"" 101 He said to me, ""They shall have freedom for seven days, so that during these seven days they may see the things of which you have been told, and afterwards they shall be gathered in their habitations."" 

102 I answered and said, ""If I have found favor in thy sight, show further to me, thy servant, whether on the day of judgment the righteous will be able to intercede for the unrighteous or to entreat the Most High for them, 103 fathers for sons or sons for parents, brothers for brothers, relatives for their kinsmen, or friends for those who are most dear."" 104 He answered me and said, ""Since you have found favor in my sight, I will show you this also. The day of judgment is decisive and displays to all the seal of truth. Just as now a father does not send his son, or a son his father, or a master his servant, or a friend his dearest friend, to be ill or sleep or eat or be healed in his stead, 105 so no one shall ever pray for another on that day, neither shall any one lay a burden on another; for then every one shall bear his own righteousness and unrighteousness.""   .....2 Esdras 7:75



/////////////////",2025-10-06T10:58:24Z,2026-10-01T13:28:03.386773+00:00,2,0,,c4a38a06e04622c546a64cfcf593a0a480f791878f82e516c16e793c92217962,,youtube-data-api-v3/commentThreads.list,,tS9o8aQjADY,How To Find PERFECT Entries,TradingLab,,
youtube,TradingLab,tS9o8aQjADY,https://www.youtube.com/watch?v=tS9o8aQjADY,UgwDpq26W2yMA6yAwRh4AaABAg,"I’m done getting crushed by this market. 😩 Two steps forward, five steps back on repeat. I’ve tried every strategy, watched endless YouTube, dropped money on 3 courses still can’t get consistent. If you’ve had a mentor who actually trades with you while you learn, speak up. I don’t want more theory. I need results that stick.",2026-07-21T15:51:25Z,2026-10-01T13:28:03.386773+00:00,5,9,,ea0769d6acb6b505923eed265a57bb4f31effc0e79c7682ae36ba5696c756fc4,,youtube-data-api-v3/commentThreads.list,,tS9o8aQjADY,How To Find PERFECT Entries,TradingLab,,
youtube,TradingLab,tS9o8aQjADY,https://www.youtube.com/watch?v=tS9o8aQjADY,UgwDpq26W2yMA6yAwRh4AaABAg.AZXO5pAlyX-AZXOGWov34x,"I was stuck there too a few months ago. Tried to figure it out by myself and just spun in circles. Started working with Rolando Mario and it hit different. You’re actually trading live with him, no boring theory sessions. You learn while you’re in the trade. So much better than watching someone point at candles on a whiteboard.",2026-07-21T15:52:53Z,2026-10-01T13:28:03.386773+00:00,0,0,,2c2472766d42d60ead5cfbc7e791b592ebab4617c9e21f773630e40d8700b181,UgwDpq26W2yMA6yAwRh4AaABAg,youtube-data-api-v3/commentThreads.list,,tS9o8aQjADY,How To Find PERFECT Entries,TradingLab,,
youtube,TradingLab,tS9o8aQjADY,https://www.youtube.com/watch?v=tS9o8aQjADY,UgwDpq26W2yMA6yAwRh4AaABAg.AZXO5pAlyX-AZXOKlt8dbd,"Trading is 80% battling your own brain, 20% revenge clicking 😓 If I just followed my plan instead of chasing every feeling I had, I’d be on a yacht right now.",2026-07-21T15:53:28Z,2026-10-01T13:28:03.386773+00:00,0,0,,e281a1cde630153e579c003f34fe8e5add0f20a354392c66f3a984fa1f5cc74f,UgwDpq26W2yMA6yAwRh4AaABAg,youtube-data-api-v3/commentThreads.list,,tS9o8aQjADY,How To Find PERFECT Entries,TradingLab,,
youtube,TradingLab,tS9o8aQjADY,https://www.youtube.com/watch?v=tS9o8aQjADY,UgwDpq26W2yMA6yAwRh4AaABAg.AZXO5pAlyX-AZXORnL7bQa,HE'S MOSTLY ON TELE GRAMS,2026-07-21T15:54:25Z,2026-10-01T13:28:03.386773+00:00,0,0,,2c2472766d42d60ead5cfbc7e791b592ebab4617c9e21f773630e40d8700b181,UgwDpq26W2yMA6yAwRh4AaABAg,youtube-data-api-v3/commentThreads.list,,tS9o8aQjADY,How To Find PERFECT Entries,TradingLab,,
youtube,TradingLab,tS9o8aQjADY,https://www.youtube.com/watch?v=tS9o8aQjADY,UgwDpq26W2yMA6yAwRh4AaABAg.AZXO5pAlyX-AZXOTHZNKxA,@Diazvx THAT’S HIS ACTUAL USER NAME,2026-07-21T15:54:38Z,2026-10-01T13:28:03.386773+00:00,0,0,,2c2472766d42d60ead5cfbc7e791b592ebab4617c9e21f773630e40d8700b181,UgwDpq26W2yMA6yAwRh4AaABAg,youtube-data-api-v3/commentThreads.list,,tS9o8aQjADY,How To Find PERFECT Entries,TradingLab,,
youtube,TradingLab,tS9o8aQjADY,https://www.youtube.com/watch?v=tS9o8aQjADY,UgwDpq26W2yMA6yAwRh4AaABAg.AZXO5pAlyX-AZXOWWwoRID,"Please ensure the full username is written out completely; he has only one account, and it’s veri fied ✅",2026-07-21T15:55:04Z,2026-10-01T13:28:03.386773+00:00,0,0,,2c2472766d42d60ead5cfbc7e791b592ebab4617c9e21f773630e40d8700b181,UgwDpq26W2yMA6yAwRh4AaABAg,youtube-data-api-v3/commentThreads.list,,tS9o8aQjADY,How To Find PERFECT Entries,TradingLab,,
youtube,TradingLab,tS9o8aQjADY,https://www.youtube.com/watch?v=tS9o8aQjADY,UgyBWpYQ1svfvwIk29l4AaABAg,"great tips, will try this in my next trade ✌️",2025-11-18T07:18:27Z,2026-10-01T13:28:03.386773+00:00,0,0,,0979dc98796fdfc6c1eee67912e165fbbd235d0471f1933abbfabd9fcf5a48e0,,youtube-data-api-v3/commentThreads.list,,tS9o8aQjADY,How To Find PERFECT Entries,TradingLab,,
youtube,TradingLab,tS9o8aQjADY,https://www.youtube.com/watch?v=tS9o8aQjADY,UgyYPLL-17Wnt3ftD7F4AaABAg,This is a masterpiece.,2025-09-12T08:07:34Z,2026-10-01T13:28:03.386773+00:00,8,0,,d0ed94c50adf8b6e50609947abed4b9d5b5ee5ba0e24408a93bd6507727078b2,,youtube-data-api-v3/commentThreads.list,,tS9o8aQjADY,How To Find PERFECT Entries,TradingLab,,
youtube,TradingLab,tS9o8aQjADY,https://www.youtube.com/watch?v=tS9o8aQjADY,Ugzf3XLUZ4gHKuCwrMZ4AaABAg,like how you explained everything simple,2025-11-07T14:26:25Z,2026-10-01T13:28:03.386773+00:00,0,0,,1b6928484de9b4778b2c6cd733b1cf5bc2bfdb771ae6e8650a100db33fc63925,,youtube-data-api-v3/commentThreads.list,,tS9o8aQjADY,How To Find PERFECT Entries,TradingLab,,
youtube,TradingLab,tS9o8aQjADY,https://www.youtube.com/watch?v=tS9o8aQjADY,Ugx5cd12-DCxE6ArkX94AaABAg,That’s reversal trading. Doesn’t always work 😂,2025-06-07T21:40:04Z,2026-10-01T13:28:03.386773+00:00,5,2,,b66cdff8075d230b3edd02077581a6498215eacb2cf2030988ed2d7b2b95a297,,youtube-data-api-v3/commentThreads.list,,tS9o8aQjADY,How To Find PERFECT Entries,TradingLab,,
youtube,TradingLab,tS9o8aQjADY,https://www.youtube.com/watch?v=tS9o8aQjADY,Ugx5cd12-DCxE6ArkX94AaABAg.AJ4rsS67WRcAOjWVPIg5TO,Nothing works always. The key to success is the right mind if you are wrong. Take that small loss and go on.,2025-10-26T08:29:37Z,2026-10-01T13:28:03.386773+00:00,1,0,,6b37ad6cdf584ecb84b43dfa748e677670c8c8abfde1affc8fbc76e3b2d70444,Ugx5cd12-DCxE6ArkX94AaABAg,youtube-data-api-v3/commentThreads.list,,tS9o8aQjADY,How To Find PERFECT Entries,TradingLab,,
youtube,TradingLab,tS9o8aQjADY,https://www.youtube.com/watch?v=tS9o8aQjADY,Ugx5cd12-DCxE6ArkX94AaABAg.AJ4rsS67WRcATpEfirWKOT,That’s why you wait until you get your set up indication,2026-03-01T20:26:17Z,2026-10-01T13:28:03.386773+00:00,0,0,,1bb89b9ee8ed028613c0148f96f710dfe230c8ba735863d2a74f882041f3d7e7,Ugx5cd12-DCxE6ArkX94AaABAg,youtube-data-api-v3/commentThreads.list,,tS9o8aQjADY,How To Find PERFECT Entries,TradingLab,,
youtube,TradingLab,tS9o8aQjADY,https://www.youtube.com/watch?v=tS9o8aQjADY,Ugymn7X7dLmGZfsznE54AaABAg,"this helped me a lot, thanks for sharing",2025-11-07T17:38:38Z,2026-10-01T13:28:03.386773+00:00,0,0,,6d89ceeb1b22362ee669b972e4cd2c61fa0a90ff57191ebc13131b405997737a,,youtube-data-api-v3/commentThreads.list,,tS9o8aQjADY,How To Find PERFECT Entries,TradingLab,,
youtube,TradingLab,tS9o8aQjADY,https://www.youtube.com/watch?v=tS9o8aQjADY,UgwhFJlFfZ00syPQaP14AaABAg,"For anyone new to crypto: stop looking at the 1-minute charts. I lost so much money early on because I was reacting to every tiny wiggle. Once I started looking at the higher timeframes and understanding institutional flow, my stress levels dropped and my hits started landing. Trading is 90% patience and 10% execution.",2026-07-02T18:03:21Z,2026-10-01T13:28:03.386773+00:00,2,10,,69e85494a9baa7b836dcb279716e226b5b774574ce5f581a3ea54cb5fa9b9a57,,youtube-data-api-v3/commentThreads.list,,tS9o8aQjADY,How To Find PERFECT Entries,TradingLab,,
youtube,TradingLab,tS9o8aQjADY,https://www.youtube.com/watch?v=tS9o8aQjADY,UgwhFJlFfZ00syPQaP14AaABAg.AYlh5Vi3S_-AYlhY_0a31n,"I had to learn the hard way for sure! 😊 Honestly, everything got better once I stopped winging it and just stayed focused. Having someone who actually knows what they're doing to watch my back changed the game.",2026-07-02T18:07:20Z,2026-10-01T13:28:03.386773+00:00,0,0,,69e85494a9baa7b836dcb279716e226b5b774574ce5f581a3ea54cb5fa9b9a57,UgwhFJlFfZ00syPQaP14AaABAg,youtube-data-api-v3/commentThreads.list,,tS9o8aQjADY,How To Find PERFECT Entries,TradingLab,,
youtube,TradingLab,tS9o8aQjADY,https://www.youtube.com/watch?v=tS9o8aQjADY,UgwhFJlFfZ00syPQaP14AaABAg.AYlh5Vi3S_-AYlhlOY2vOl,"Trading without proper guidance is one of the biggest challenges for beginners. Without a qualified advisor, many traders either remain stuck or face losses that slow their progress.",2026-07-02T18:09:13Z,2026-10-01T13:28:03.386773+00:00,0,0,,69e85494a9baa7b836dcb279716e226b5b774574ce5f581a3ea54cb5fa9b9a57,UgwhFJlFfZ00syPQaP14AaABAg,youtube-data-api-v3/commentThreads.list,,tS9o8aQjADY,How To Find PERFECT Entries,TradingLab,,
youtube,TradingLab,tS9o8aQjADY,https://www.youtube.com/watch?v=tS9o8aQjADY,UgwhFJlFfZ00syPQaP14AaABAg.AYlh5Vi3S_-AYlpelJnahr,I’ve been following the strategy from Chris James Cooks. ❤ His patience and the way he reads the charts is what actually helped me stay consistent.,2026-07-02T19:18:13Z,2026-10-01T13:28:03.386773+00:00,0,0,,69e85494a9baa7b836dcb279716e226b5b774574ce5f581a3ea54cb5fa9b9a57,UgwhFJlFfZ00syPQaP14AaABAg,youtube-data-api-v3/commentThreads.list,,tS9o8aQjADY,How To Find PERFECT Entries,TradingLab,,
youtube,TradingLab,tS9o8aQjADY,https://www.youtube.com/watch?v=tS9o8aQjADY,UgwhFJlFfZ00syPQaP14AaABAg.AYlh5Vi3S_-AYlph8Ay04z,*Chris James Cooks*~ really appreciate him. he's one of the smartest and most supportive mentor I've ever learned from. His mindset and the way he explains things really helped me a lot,2026-07-02T19:18:32Z,2026-10-01T13:28:03.386773+00:00,0,0,,69e85494a9baa7b836dcb279716e226b5b774574ce5f581a3ea54cb5fa9b9a57,UgwhFJlFfZ00syPQaP14AaABAg,youtube-data-api-v3/commentThreads.list,,tS9o8aQjADY,How To Find PERFECT Entries,TradingLab,,
youtube,TradingLab,tS9o8aQjADY,https://www.youtube.com/watch?v=tS9o8aQjADY,UgwhFJlFfZ00syPQaP14AaABAg.AYlh5Vi3S_-AYlpvueZkUb,HE'S MOSTLY ON TELEGRAMS,2026-07-02T19:20:33Z,2026-10-01T13:28:03.386773+00:00,0,0,,69e85494a9baa7b836dcb279716e226b5b774574ce5f581a3ea54cb5fa9b9a57,UgwhFJlFfZ00syPQaP14AaABAg,youtube-data-api-v3/commentThreads.list,,tS9o8aQjADY,How To Find PERFECT Entries,TradingLab,,
youtube,TradingLab,tS9o8aQjADY,https://www.youtube.com/watch?v=tS9o8aQjADY,UgxhX42QtlQMALdP60F4AaABAg,"i've been struggling with entries, this helped",2025-11-07T20:42:51Z,2026-10-01T13:28:03.386773+00:00,0,0,,a1e3f16dc2a735ec8051a137050a0b78af82aaa8ecccf95ccf2f04fb205dc6d1,,youtube-data-api-v3/commentThreads.list,,tS9o8aQjADY,How To Find PERFECT Entries,TradingLab,,
youtube,TradingLab,tS9o8aQjADY,https://www.youtube.com/watch?v=tS9o8aQjADY,UgxwrCf3oKdOwk9z9fJ4AaABAg,Finally! A trader who knows how to trade without indicators! 😊,2025-08-25T02:08:38Z,2026-10-01T13:28:03.386773+00:00,0,0,,bdd5f9bfc3ed8a060d2b68cd7555fcda5f2766195221ac6be562a0e8f7a48a9e,,youtube-data-api-v3/commentThreads.list,,tS9o8aQjADY,How To Find PERFECT Entries,TradingLab,,
youtube,TradingLab,tS9o8aQjADY,https://www.youtube.com/watch?v=tS9o8aQjADY,UgwKoB3HwzkEIswNsg54AaABAg,Who’s that guy in a mic?,2025-06-08T07:39:06Z,2026-10-01T13:28:03.386773+00:00,3,1,,59b155ba01767146d6eed171f0e34a8143e02a28a8722611d8d53f136282c43b,,youtube-data-api-v3/commentThreads.list,,tS9o8aQjADY,How To Find PERFECT Entries,TradingLab,,
youtube,TradingLab,tS9o8aQjADY,https://www.youtube.com/watch?v=tS9o8aQjADY,UgwKoB3HwzkEIswNsg54AaABAg.AJ5wQxzsbBgAJ6mFayJGoX,David Paul. RIP. Wyckoff trader and engineer,2025-06-08T15:29:25Z,2026-10-01T13:28:03.386773+00:00,0,0,,48c7d60d6112b54d3ce9627235c27c98dbebd6a20031972904915e85b5f951f9,UgwKoB3HwzkEIswNsg54AaABAg,youtube-data-api-v3/commentThreads.list,,tS9o8aQjADY,How To Find PERFECT Entries,TradingLab,,
youtube,TradingLab,tS9o8aQjADY,https://www.youtube.com/watch?v=tS9o8aQjADY,UgxGEmDaFrq2fCRMbG54AaABAg,Love how you broke this down! Makes me think about how Rumora works for me. Gaining visibility in a crowded market is just like finding the perfect entry points!,2025-11-17T11:18:21Z,2026-10-01T13:28:03.386773+00:00,0,0,,7b8c3af1b902a3f4a0f8fc83cb661dafc82193d5e30b5b4c780996a9e07c71f9,,youtube-data-api-v3/commentThreads.list,,tS9o8aQjADY,How To Find PERFECT Entries,TradingLab,,
youtube,TradingLab,tS9o8aQjADY,https://www.youtube.com/watch?v=tS9o8aQjADY,UgwOjNFkZXhGpDTSMkR4AaABAg,"Jeafx works with this concept, supply and demand",2025-06-14T08:16:47Z,2026-10-01T13:28:03.386773+00:00,0,0,,cb55167906b613ed162c3b9fbef8fbdd6313c3237a13214f2789ca31f28f68b7,,youtube-data-api-v3/commentThreads.list,,tS9o8aQjADY,How To Find PERFECT Entries,TradingLab,,
youtube,TradingLab,tS9o8aQjADY,https://www.youtube.com/watch?v=tS9o8aQjADY,UgzvXIeUBTYQJenyaRd4AaABAg,"this is exactly what i needed, thanks",2025-11-04T16:43:34Z,2026-10-01T13:28:03.386773+00:00,0,0,,5b5be2008dc6684562bd06aae2aaf84dd70e5b56593b0ad0ea417de482b1fc5b,,youtube-data-api-v3/commentThreads.list,,tS9o8aQjADY,How To Find PERFECT Entries,TradingLab,,
youtube,TradingLab,tS9o8aQjADY,https://www.youtube.com/watch?v=tS9o8aQjADY,Ugy4OI5iCffAUFP4Qz94AaABAg,"man this was super helpful, thanks!",2025-11-18T00:54:05Z,2026-10-01T13:28:03.386773+00:00,0,0,,085c237bac1cc8705455acc4c8c2551bf2e9feca1117180e353bf4b69013efba,,youtube-data-api-v3/commentThreads.list,,tS9o8aQjADY,How To Find PERFECT Entries,TradingLab,,
youtube,TradingLab,tS9o8aQjADY,https://www.youtube.com/watch?v=tS9o8aQjADY,UgwNIwrl5WMJDT_za7d4AaABAg,this was super helpful for my trading,2025-11-04T22:51:32Z,2026-10-01T13:28:03.386773+00:00,0,0,,4d441237ba12936779258dacab4160e6cff27895ffd189e5e796ac6013b4d620,,youtube-data-api-v3/commentThreads.list,,tS9o8aQjADY,How To Find PERFECT Entries,TradingLab,,
youtube,TradingLab,tS9o8aQjADY,https://www.youtube.com/watch?v=tS9o8aQjADY,UgxRDUC24hi24Gd-Gup4AaABAg,this makes finding entries way easier,2025-11-18T10:13:41Z,2026-10-01T13:28:03.386773+00:00,0,0,,75e046ca159ae1a05d4f04a924b43a9eeb20c2d274f021d6ebc9da38f70bd964,,youtube-data-api-v3/commentThreads.list,,tS9o8aQjADY,How To Find PERFECT Entries,TradingLab,,
youtube,TradingLab,tS9o8aQjADY,https://www.youtube.com/watch?v=tS9o8aQjADY,UgySDx2slvcnpeF19IR4AaABAg,"this really helps beginners, super useful ❤🎉",2026-04-19T15:57:54Z,2026-10-01T13:28:03.386773+00:00,0,0,,0b6351b41a0bc605e1a55fd83277bb1da459cd45c2453a0da45b8afa24d2d4fd,,youtube-data-api-v3/commentThreads.list,,tS9o8aQjADY,How To Find PERFECT Entries,TradingLab,,
youtube,TradingLab,tS9o8aQjADY,https://www.youtube.com/watch?v=tS9o8aQjADY,Ugwz7CQ1qHZ4PdKK8gN4AaABAg,this makes it way easier to find entries,2025-11-19T11:03:50Z,2026-10-01T13:28:03.386773+00:00,0,0,,1b70bb8e82204d7cb4af999296a7669b6be43fe2a2b656a48f0e11060d419f49,,youtube-data-api-v3/commentThreads.list,,tS9o8aQjADY,How To Find PERFECT Entries,TradingLab,,
youtube,TradingLab,tS9o8aQjADY,https://www.youtube.com/watch?v=tS9o8aQjADY,Ugywl8PcznlrQXfFTt94AaABAg,this is exactly what i needed to hear,2025-11-19T14:09:52Z,2026-10-01T13:28:03.386773+00:00,0,0,,a01a76195f7fc92833763aabcb8f8c08873b7875d16a9bd6f078afa529a29bf9,,youtube-data-api-v3/commentThreads.list,,tS9o8aQjADY,How To Find PERFECT Entries,TradingLab,,
youtube,TradingLab,tS9o8aQjADY,https://www.youtube.com/watch?v=tS9o8aQjADY,UgxJSoXWWsC4_De-8w94AaABAg,"good tips in here, i appreciate it 🙌",2025-11-05T01:56:39Z,2026-10-01T13:28:03.386773+00:00,0,0,,ed67b1f259ab8ecbf41befb5d35183b0a045af9fb07720f8f7e5e5f90f976543,,youtube-data-api-v3/commentThreads.list,,tS9o8aQjADY,How To Find PERFECT Entries,TradingLab,,
youtube,TradingLab,tS9o8aQjADY,https://www.youtube.com/watch?v=tS9o8aQjADY,UgzdK9dCbgGW9gNmFXV4AaABAg,It really worked bro I thought ur just saying it will not 🚫 work but it works,2025-07-20T09:51:43Z,2026-10-01T13:28:03.387772+00:00,0,0,,0fba4ae68f8d36b0a9cc4b694487dc7ab6678576afad0e5ea972eeae387bf404,,youtube-data-api-v3/commentThreads.list,,tS9o8aQjADY,How To Find PERFECT Entries,TradingLab,,
youtube,TradingLab,tS9o8aQjADY,https://www.youtube.com/watch?v=tS9o8aQjADY,Ugw9ey7liCHnRDz8uPx4AaABAg,"finally get it, thanks for breaking it down",2025-11-05T08:07:21Z,2026-10-01T13:28:03.387772+00:00,0,0,,a2e88786e7e10ba3dc287949d58bdbb501fd66cec90f0ec97c7a98e61cfb6efd,,youtube-data-api-v3/commentThreads.list,,tS9o8aQjADY,How To Find PERFECT Entries,TradingLab,,
youtube,TradingLab,tS9o8aQjADY,https://www.youtube.com/watch?v=tS9o8aQjADY,UgyS-24opKzN98h4KkJ4AaABAg,really liked the examples you gave,2025-11-07T11:18:09Z,2026-10-01T13:28:03.387772+00:00,0,0,,11a0ca592b83979ffd601eaef7a8a391875ff339d62e2b290d02839bbf2906d4,,youtube-data-api-v3/commentThreads.list,,tS9o8aQjADY,How To Find PERFECT Entries,TradingLab,,
youtube,TradingLab,tS9o8aQjADY,https://www.youtube.com/watch?v=tS9o8aQjADY,UgxBVCT-FGKg7x691aZ4AaABAg,lowkey gonna use these tips for my next trade,2025-11-04T22:51:24Z,2026-10-01T13:28:03.387772+00:00,0,0,,9dcf51fe77a8b1b9487417e58ec9496f8ef863ff60eaada424be992d20cf2fed,,youtube-data-api-v3/commentThreads.list,,tS9o8aQjADY,How To Find PERFECT Entries,TradingLab,,
youtube,TradingLab,tS9o8aQjADY,https://www.youtube.com/watch?v=tS9o8aQjADY,UgzqrYK11GHONz3HJuJ4AaABAg,finally can understand the entry points,2025-11-18T00:54:05Z,2026-10-01T13:28:03.387772+00:00,0,0,,7cecd1c81b7ed6ef7c141e672f1d2dbff1681ad752e40144cd271de8e9ef28e9,,youtube-data-api-v3/commentThreads.list,,tS9o8aQjADY,How To Find PERFECT Entries,TradingLab,,
youtube,TradingLab,tS9o8aQjADY,https://www.youtube.com/watch?v=tS9o8aQjADY,UgzQODVN-97CcEMibCx4AaABAg,"this is super helpful, learned a lot",2025-11-08T06:36:59Z,2026-10-01T13:28:03.387772+00:00,0,0,,1a86e75db3a400ccdb0af55354b5f5b08016576236850db7d148e2fbf67038ef,,youtube-data-api-v3/commentThreads.list,,tS9o8aQjADY,How To Find PERFECT Entries,TradingLab,,
youtube,TradingLab,tS9o8aQjADY,https://www.youtube.com/watch?v=tS9o8aQjADY,UgybAUEsQyHsxrF_Fat4AaABAg,love this old man giving us his life's knowledge 😂🎉,2026-07-27T20:54:20Z,2026-10-01T13:28:03.387772+00:00,0,0,,806be091145ce3bb2ff1c38e596b41f59a5c0148b36b03056a83558bf6ad9936,,youtube-data-api-v3/commentThreads.list,,tS9o8aQjADY,How To Find PERFECT Entries,TradingLab,,
youtube,TradingLab,tS9o8aQjADY,https://www.youtube.com/watch?v=tS9o8aQjADY,UgyWLfX9anrJVzOkavd4AaABAg,def gonna try these tips in my next trade 👍,2025-11-04T00:54:39Z,2026-10-01T13:28:03.387772+00:00,0,0,,a8a0f63f18efe453b723dc2ba23709814b28b8fe52d1c3802c197be649c879af,,youtube-data-api-v3/commentThreads.list,,tS9o8aQjADY,How To Find PERFECT Entries,TradingLab,,
youtube,TradingLab,tS9o8aQjADY,https://www.youtube.com/watch?v=tS9o8aQjADY,UgwLdNoSkb8JJaZvyFV4AaABAg,man this is really easy to follow,2025-11-19T00:42:51Z,2026-10-01T13:28:03.387772+00:00,0,0,,b800d958211ee70b3fb53f652caaddab583ddfa5bd6fe431769a3991e9bd9e78,,youtube-data-api-v3/commentThreads.list,,tS9o8aQjADY,How To Find PERFECT Entries,TradingLab,,
youtube,TradingLab,tS9o8aQjADY,https://www.youtube.com/watch?v=tS9o8aQjADY,UgzJpjojdX5VdAzpLud4AaABAg,finally feel more confident to try this out 👍,2025-11-08T09:43:32Z,2026-10-01T13:28:03.387772+00:00,0,0,,1e2a0e6ebd73caca5c1b69e187fd4e3cdb715ebcb4bd8833bc6cc9aa522cac99,,youtube-data-api-v3/commentThreads.list,,tS9o8aQjADY,How To Find PERFECT Entries,TradingLab,,
youtube,TradingLab,tS9o8aQjADY,https://www.youtube.com/watch?v=tS9o8aQjADY,Ugy1TZIGqoMWMinTbQJ4AaABAg,"good stuff, gonna try these tips out soon",2025-11-11T10:50:25Z,2026-10-01T13:28:03.387772+00:00,0,0,,5f56adc6e3c6eb3c5ce3362280ff54ce23b40583ce79e69a25154f1141015594,,youtube-data-api-v3/commentThreads.list,,tS9o8aQjADY,How To Find PERFECT Entries,TradingLab,,
youtube,TradingLab,tS9o8aQjADY,https://www.youtube.com/watch?v=tS9o8aQjADY,Ugxc8INMvDaVtor23_J4AaABAg,really clears up some confusion for me,2025-11-04T16:44:50Z,2026-10-01T13:28:03.387772+00:00,0,0,,465491c8cc18b266109d14fa8525b2b9f161eb68c6a8089fa0581c02393c44c1,,youtube-data-api-v3/commentThreads.list,,tS9o8aQjADY,How To Find PERFECT Entries,TradingLab,,
youtube,TradingLab,tS9o8aQjADY,https://www.youtube.com/watch?v=tS9o8aQjADY,UgyAKbtwe4ycAyyqIlF4AaABAg,finally some clear tips on this,2025-11-18T04:06:18Z,2026-10-01T13:28:03.387772+00:00,0,0,,53725887e431b6552b8c6920dc8a989c18b7ed8a889bd88e4889a978fc694fb8,,youtube-data-api-v3/commentThreads.list,,tS9o8aQjADY,How To Find PERFECT Entries,TradingLab,,
youtube,TradingLab,tS9o8aQjADY,https://www.youtube.com/watch?v=tS9o8aQjADY,Ugx9RvvboTUf3j8YRU54AaABAg,just what i needed to get better at trading 🙌,2025-10-24T09:16:28Z,2026-10-01T13:28:03.387772+00:00,0,0,,5baa1efa8a00298048c5ef38354372c80af755e7e161cd564f626a83ec0b7adc,,youtube-data-api-v3/commentThreads.list,,tS9o8aQjADY,How To Find PERFECT Entries,TradingLab,,
youtube,TradingLab,tS9o8aQjADY,https://www.youtube.com/watch?v=tS9o8aQjADY,Ugy37zEDdt3w9iLHIEl4AaABAg,"really helpful tips here, thanks man",2025-11-05T17:27:23Z,2026-10-01T13:28:03.387772+00:00,0,0,,14772eefb25feba67a64f1132d4d23f28c6c9c9b154337c0f6006edf23a45c0d,,youtube-data-api-v3/commentThreads.list,,tS9o8aQjADY,How To Find PERFECT Entries,TradingLab,,
youtube,TradingLab,tS9o8aQjADY,https://www.youtube.com/watch?v=tS9o8aQjADY,UgzSyaGC-GROnPM7vpp4AaABAg,"i always struggle with this, thanks a ton",2025-11-18T10:13:29Z,2026-10-01T13:28:03.387772+00:00,0,0,,e1ceede0e5e83d6d519167717819659b5ddf59f5bff8d8d04bed7bf2d4983b45,,youtube-data-api-v3/commentThreads.list,,tS9o8aQjADY,How To Find PERFECT Entries,TradingLab,,
youtube,TradingLab,tS9o8aQjADY,https://www.youtube.com/watch?v=tS9o8aQjADY,UgwXKiY8kpkd8Jz9c_V4AaABAg,"this tough man, thank you ❤",2026-04-02T13:01:34Z,2026-10-01T13:28:03.387772+00:00,0,0,,f2f141b4fe9ddb36a23b2504f6e00b30481b0d9ad7ab1f08808e4feddaef6f93,,youtube-data-api-v3/commentThreads.list,,tS9o8aQjADY,How To Find PERFECT Entries,TradingLab,,
youtube,TradingLab,tS9o8aQjADY,https://www.youtube.com/watch?v=tS9o8aQjADY,UgwbmjzqerGKELlKLkx4AaABAg,"easier said than done, wish it was that simple",2025-06-13T06:08:33Z,2026-10-01T13:28:03.387772+00:00,0,0,,d2d1e73ed3fb4019824b0bb5e0b7690abf036bfaa438732deeacd4e46bc6fd51,,youtube-data-api-v3/commentThreads.list,,tS9o8aQjADY,How To Find PERFECT Entries,TradingLab,,
youtube,TradingLab,tS9o8aQjADY,https://www.youtube.com/watch?v=tS9o8aQjADY,UgydCOSB-kskCczrR4R4AaABAg,I feel unstoppable after watching this!,2026-01-12T22:04:28Z,2026-10-01T13:28:03.387772+00:00,0,0,,81c82bdb4eb8c8e94a03a409ddb1969cdf5f8f26f5abad64b15102fd2aaf37ee,,youtube-data-api-v3/commentThreads.list,,tS9o8aQjADY,How To Find PERFECT Entries,TradingLab,,
youtube,TradingLab,tS9o8aQjADY,https://www.youtube.com/watch?v=tS9o8aQjADY,UgxF7yEgrGNAH4Y093t4AaABAg,"this was super helpful, thanks!",2025-10-23T23:38:13Z,2026-10-01T13:28:03.387772+00:00,0,0,,4c7778e4654dba87f50cec6e4637604618a8edf522bd2dabd0fc8de650e45315,,youtube-data-api-v3/commentThreads.list,,tS9o8aQjADY,How To Find PERFECT Entries,TradingLab,,
youtube,TradingLab,tS9o8aQjADY,https://www.youtube.com/watch?v=tS9o8aQjADY,Ugz7Ltdk7Pih9pwHMMJ4AaABAg,Got paid this morning. No drama. Alpha Trader Firm keeps it moving.,2025-08-03T17:47:43Z,2026-10-01T13:28:03.387772+00:00,0,0,,8b7162b0b93d0d1057275cc4169ebfdff161b178b8bab48d22070785c3b56c07,,youtube-data-api-v3/commentThreads.list,,tS9o8aQjADY,How To Find PERFECT Entries,TradingLab,,
youtube,TradingLab,tS9o8aQjADY,https://www.youtube.com/watch?v=tS9o8aQjADY,UgzJtj3cR6N-kCnGug14AaABAg,"i always struggle with entries, this helps",2025-11-04T04:07:30Z,2026-10-01T13:28:03.387772+00:00,0,0,,e85b972e7e3fd99747f0f0d54bbe064fc298565d51b50ca6f4baf6b6396e4f1a,,youtube-data-api-v3/commentThreads.list,,tS9o8aQjADY,How To Find PERFECT Entries,TradingLab,,
youtube,TradingLab,tS9o8aQjADY,https://www.youtube.com/watch?v=tS9o8aQjADY,Ugx52TpMGyrtY2k5Nsd4AaABAg,great tips! gonna try this out,2025-11-19T14:09:33Z,2026-10-01T13:28:03.387772+00:00,0,0,,f5ebea2c3b6a4346d4e4883d9d9baffd744a775b1f81bedd96b565433ca088c4,,youtube-data-api-v3/commentThreads.list,,tS9o8aQjADY,How To Find PERFECT Entries,TradingLab,,
youtube,TradingLab,tS9o8aQjADY,https://www.youtube.com/watch?v=tS9o8aQjADY,Ugzc8a5ktR4jRoJWNAR4AaABAg,This channel is amazing 👏👏,2025-07-21T13:20:47Z,2026-10-01T13:28:03.387772+00:00,0,0,,1b80dc77915d3d3552f9ef2ca080699fa27435c83cf7bf3d385c218b239ad7b1,,youtube-data-api-v3/commentThreads.list,,tS9o8aQjADY,How To Find PERFECT Entries,TradingLab,,
youtube,TradingLab,tS9o8aQjADY,https://www.youtube.com/watch?v=tS9o8aQjADY,Ugy362f3WNgA0Y5-D554AaABAg,"i've been struggling with entries, thanks!",2025-11-08T09:43:30Z,2026-10-01T13:28:03.387772+00:00,1,3,,b6ea7a2dd84eabc5caef91dd54201c1df6e715f8a91f5d33befd6e771084a918,,youtube-data-api-v3/commentThreads.list,,tS9o8aQjADY,How To Find PERFECT Entries,TradingLab,,
youtube,TradingLab,tS9o8aQjADY,https://www.youtube.com/watch?v=tS9o8aQjADY,Ugy362f3WNgA0Y5-D554AaABAg.APG7HvNI4sfAT5skL0jFtm,Me too,2026-02-11T20:20:53Z,2026-10-01T13:28:03.387772+00:00,0,0,,357f91637f6f94f89f1b0729b266d0e1a490f3759ecc487982037ed18c5019c5,Ugy362f3WNgA0Y5-D554AaABAg,youtube-data-api-v3/commentThreads.list,,tS9o8aQjADY,How To Find PERFECT Entries,TradingLab,,
youtube,TradingLab,tS9o8aQjADY,https://www.youtube.com/watch?v=tS9o8aQjADY,Ugy362f3WNgA0Y5-D554AaABAg.APG7HvNI4sfAUdD-f_UgK-,@salomevenance9555 So how did you do it?,2026-03-22T00:52:11Z,2026-10-01T13:28:03.387772+00:00,0,0,,547fa5ff08af9f49291b8fab7b9e74a2b9644c1d3bf874d4feb935c23495b150,Ugy362f3WNgA0Y5-D554AaABAg,youtube-data-api-v3/commentThreads.list,,tS9o8aQjADY,How To Find PERFECT Entries,TradingLab,,
youtube,TradingLab,tS9o8aQjADY,https://www.youtube.com/watch?v=tS9o8aQjADY,Ugy362f3WNgA0Y5-D554AaABAg.APG7HvNI4sfAUdD1SST7dc,So how did you do it?,2026-03-22T00:52:25Z,2026-10-01T13:28:03.387772+00:00,0,0,,547fa5ff08af9f49291b8fab7b9e74a2b9644c1d3bf874d4feb935c23495b150,Ugy362f3WNgA0Y5-D554AaABAg,youtube-data-api-v3/commentThreads.list,,tS9o8aQjADY,How To Find PERFECT Entries,TradingLab,,
youtube,TradingLab,tS9o8aQjADY,https://www.youtube.com/watch?v=tS9o8aQjADY,UgzDr71d7s08b-tfglJ4AaABAg,wow i never thought about it like this,2025-11-05T17:27:10Z,2026-10-01T13:28:03.387772+00:00,0,0,,727647ffb76fb19451bdd0622365f2e5fab3d48ff1d56224983f941a931e2156,,youtube-data-api-v3/commentThreads.list,,tS9o8aQjADY,How To Find PERFECT Entries,TradingLab,,
youtube,TradingLab,tS9o8aQjADY,https://www.youtube.com/watch?v=tS9o8aQjADY,Ugzr8-KIZxUIHVmi6WJ4AaABAg,Please follow this advice - it will make me rich - because its just a single part of a complete strategy and if you do it like he said - thanks for your money :-),2025-06-08T09:56:55Z,2026-10-01T13:28:03.387772+00:00,1,0,,28f21c28a83320b33e7230faf3ad2a0d4a19ab33fa3ca3893036628d9daedfbc,,youtube-data-api-v3/commentThreads.list,,tS9o8aQjADY,How To Find PERFECT Entries,TradingLab,,
youtube,TradingLab,tS9o8aQjADY,https://www.youtube.com/watch?v=tS9o8aQjADY,UgyoiNjTLo9mQI9lbCZ4AaABAg,"With that funky music, guaranteed millions lets go",2025-08-07T08:59:16Z,2026-10-01T13:28:03.387772+00:00,0,0,,ebe16b5556d68b4dc7d6741c27d89181e069f5769f4af0b9a89a5816dd8b4b4b,,youtube-data-api-v3/commentThreads.list,,tS9o8aQjADY,How To Find PERFECT Entries,TradingLab,,
youtube,Solomon King,FccA87INVUE,https://www.youtube.com/watch?v=FccA87INVUE,UgzJG92YQO__gH888054AaABAg,Malawians let's gather here. This is the best explanation we've been looking for from a great mentor 🎉,2025-02-06T15:15:30Z,2026-10-01T13:28:04.385738+00:00,3,0,,6f979c17c2839dde796a224fdee723851de0c3c0b714d49469fb3fdfe45851a4,,youtube-data-api-v3/commentThreads.list,,FccA87INVUE,Powerful Entry Confirmation You Need,Solomon King,,
youtube,Solomon King,FccA87INVUE,https://www.youtube.com/watch?v=FccA87INVUE,UgxFlVOcC-WlpvjoOfZ4AaABAg,You are the best Nigerian forex teacher on YouTube sir 💯❤️,2025-02-07T12:30:33Z,2026-10-01T13:28:04.385738+00:00,17,2,,6bb01bf9183fb8f0e907717238bebb3241d9b1a7f0e58603a5e6f6bef83e96d3,,youtube-data-api-v3/commentThreads.list,,FccA87INVUE,Powerful Entry Confirmation You Need,Solomon King,,
youtube,Solomon King,FccA87INVUE,https://www.youtube.com/watch?v=FccA87INVUE,UgxFlVOcC-WlpvjoOfZ4AaABAg.AEEtagW6CtOAENGX1g8A2W,Best content creator😂,2025-02-10T18:33:33Z,2026-10-01T13:28:04.385738+00:00,0,0,,a7f0473404b28db1b76486c155631c5787be92ddc94e859bacceecaad05f686b,UgxFlVOcC-WlpvjoOfZ4AaABAg,youtube-data-api-v3/commentThreads.list,,FccA87INVUE,Powerful Entry Confirmation You Need,Solomon King,,
youtube,Solomon King,FccA87INVUE,https://www.youtube.com/watch?v=FccA87INVUE,UgxFlVOcC-WlpvjoOfZ4AaABAg.AEEtagW6CtOAOA7PTCg8ye,@KhalidAbdullahi0816 WHY,2025-10-12T05:17:41Z,2026-10-01T13:28:04.385738+00:00,0,0,,b9ac97b33f7297c36f4a17db506cee66638d88c308943d30f70511cc95dfe603,UgxFlVOcC-WlpvjoOfZ4AaABAg,youtube-data-api-v3/commentThreads.list,,FccA87INVUE,Powerful Entry Confirmation You Need,Solomon King,,
youtube,Solomon King,FccA87INVUE,https://www.youtube.com/watch?v=FccA87INVUE,UgxhhVvwp69G9vIwxd54AaABAg,Solomon king is the best teacher❤❤❤❤,2025-02-03T15:38:41Z,2026-10-01T13:28:04.385738+00:00,6,0,,dda745b32732c793bc51a040c9169895129d68c3241be276b56a9cd931691f30,,youtube-data-api-v3/commentThreads.list,,FccA87INVUE,Powerful Entry Confirmation You Need,Solomon King,,
youtube,Solomon King,FccA87INVUE,https://www.youtube.com/watch?v=FccA87INVUE,UgxxcS-W6_SU6QaWCNR4AaABAg,"From today your name shall be no more called Solomon King but KING SOLOMON OF AFRICA.
No enough words to say THANK YOU!",2025-06-30T11:27:34Z,2026-10-01T13:28:04.385738+00:00,0,0,,5dbcebf2067ed63a9f7c4880aaee58cf8eac5629db831a5281f53a9b128e4ce3,,youtube-data-api-v3/commentThreads.list,,FccA87INVUE,Powerful Entry Confirmation You Need,Solomon King,,
youtube,Solomon King,FccA87INVUE,https://www.youtube.com/watch?v=FccA87INVUE,Ugxw7zNveJimXbCT_XJ4AaABAg,HAVING YOU IS LIFE CHANGING SIR MAY GOD BLESS YOU,2025-02-03T18:48:52Z,2026-10-01T13:28:04.385738+00:00,1,0,,581ad9bb0bdced29647e4eb78e134f1c1291bf91e931d079a564e15e3b18bfb8,,youtube-data-api-v3/commentThreads.list,,FccA87INVUE,Powerful Entry Confirmation You Need,Solomon King,,
youtube,Solomon King,FccA87INVUE,https://www.youtube.com/watch?v=FccA87INVUE,Ugx1Z6_fpuxllxQzy3J4AaABAg,"this all a trader need to make money in the market, stop looking for a strategy every single day guys, use this for the next six months.",2025-02-05T12:04:17Z,2026-10-01T13:28:04.385738+00:00,3,0,,d40ea4ca992a7c74c2ac97b000bbf598267471fa7724180bfb9145f9f61f0910,,youtube-data-api-v3/commentThreads.list,,FccA87INVUE,Powerful Entry Confirmation You Need,Solomon King,,
youtube,Solomon King,FccA87INVUE,https://www.youtube.com/watch?v=FccA87INVUE,UgyTnkxpkPDnWwQjjft4AaABAg,Ur are the greatest of all time sir,2025-02-03T19:12:01Z,2026-10-01T13:28:04.385738+00:00,3,0,,448fa227c119a7345b0e6abfb2d0acea59af9aff594398ee0687dbb188cef1cc,,youtube-data-api-v3/commentThreads.list,,FccA87INVUE,Powerful Entry Confirmation You Need,Solomon King,,
youtube,Solomon King,FccA87INVUE,https://www.youtube.com/watch?v=FccA87INVUE,Ugxrzd_e9J7ZGveookd4AaABAg,Pls can you make a video for me explaining more on how to calculate SL AND TP PROPERLY 🙏🙏🙏,2025-02-05T11:56:41Z,2026-10-01T13:28:04.385738+00:00,5,0,,470cb0ae0e3ab31b15c1bccccf72d85189fcf53661f29938603a878f08ae7bb3,,youtube-data-api-v3/commentThreads.list,,FccA87INVUE,Powerful Entry Confirmation You Need,Solomon King,,
youtube,Solomon King,FccA87INVUE,https://www.youtube.com/watch?v=FccA87INVUE,UgwazXxWKQzRgRoVulF4AaABAg,I am from Bangladesh .Thanks for valuable information,2025-02-04T05:34:53Z,2026-10-01T13:28:04.385738+00:00,2,0,,073ea033c0f3d89cae1564a6cc38dcb873db2a0ab28b5ce210165c3f25ae1617,,youtube-data-api-v3/commentThreads.list,,FccA87INVUE,Powerful Entry Confirmation You Need,Solomon King,,
youtube,Solomon King,FccA87INVUE,https://www.youtube.com/watch?v=FccA87INVUE,UgxjT-9fHkOt-LRUaI54AaABAg,I missed so many good trades but what u taught today opened my eyes.Thanks sir God bless you more,2025-02-03T17:25:14Z,2026-10-01T13:28:04.385738+00:00,1,0,,e4e75ecbb52779e3af43e1a1edade4ef47ac32c3befb53c79bf9a87f5f06cfc1,,youtube-data-api-v3/commentThreads.list,,FccA87INVUE,Powerful Entry Confirmation You Need,Solomon King,,
youtube,Solomon King,FccA87INVUE,https://www.youtube.com/watch?v=FccA87INVUE,UgxEZnc4ss8PF9Xj7fB4AaABAg,Thanks alot!from Burundi,2026-02-27T05:04:06Z,2026-10-01T13:28:04.385738+00:00,0,0,,c781b1b1da1737c179ce0f685160c5d9f4740e283deb1ad58f87754654915fe0,,youtube-data-api-v3/commentThreads.list,,FccA87INVUE,Powerful Entry Confirmation You Need,Solomon King,,
youtube,Solomon King,FccA87INVUE,https://www.youtube.com/watch?v=FccA87INVUE,Ugzw-NlacMDBGr6pI2R4AaABAg,"Game changer, thank you 🙏",2025-03-10T21:28:35Z,2026-10-01T13:28:04.385738+00:00,0,0,,81071b9d5de736039453d8cb4622d1a7e7a8c1c1dbb100956ffeb6954aa2309e,,youtube-data-api-v3/commentThreads.list,,FccA87INVUE,Powerful Entry Confirmation You Need,Solomon King,,
youtube,Solomon King,FccA87INVUE,https://www.youtube.com/watch?v=FccA87INVUE,UgwveY9ulcEKEMhNBup4AaABAg,You are a blessing Man keep it up 🙏🏾,2025-02-03T20:32:11Z,2026-10-01T13:28:04.385738+00:00,1,0,,57c0dff00285aed707bc16e0985b67ac485627819a84b1d4db2f028dbafd5a39,,youtube-data-api-v3/commentThreads.list,,FccA87INVUE,Powerful Entry Confirmation You Need,Solomon King,,
youtube,Solomon King,FccA87INVUE,https://www.youtube.com/watch?v=FccA87INVUE,Ugy-xUuWAxeYs4g8YBV4AaABAg,King - 👑,2025-06-29T21:21:58Z,2026-10-01T13:28:04.385738+00:00,0,0,,008ac4301aecf4116004cd3082da574f308a814678b38158679047b58dd93327,,youtube-data-api-v3/commentThreads.list,,FccA87INVUE,Powerful Entry Confirmation You Need,Solomon King,,
youtube,Solomon King,FccA87INVUE,https://www.youtube.com/watch?v=FccA87INVUE,Ugx6hUnV8bCGNNzuhYB4AaABAg,God bless you brother enjoying from Accra.,2025-02-03T15:54:10Z,2026-10-01T13:28:04.385738+00:00,3,0,,616fd0395310ca177402056fb3d66dfe9e9e9d2b0dc1a38b6b77b8e94e3e59b1,,youtube-data-api-v3/commentThreads.list,,FccA87INVUE,Powerful Entry Confirmation You Need,Solomon King,,
youtube,Solomon King,FccA87INVUE,https://www.youtube.com/watch?v=FccA87INVUE,UgwsHQBP3MqjFVguzCp4AaABAg,The bestest teacher indeed,2025-02-03T17:51:54Z,2026-10-01T13:28:04.386735+00:00,3,1,,2a967bd0b3ab8ddfc0828837511601eea6c9e907a7213b90f43307852241b054,,youtube-data-api-v3/commentThreads.list,,FccA87INVUE,Powerful Entry Confirmation You Need,Solomon King,,
youtube,Solomon King,FccA87INVUE,https://www.youtube.com/watch?v=FccA87INVUE,UgwsHQBP3MqjFVguzCp4AaABAg.AE5ABq2cVSsAE9PaA0Dnd5,Obrigada Salomon,2025-02-05T09:23:23Z,2026-10-01T13:28:04.386735+00:00,1,0,,ae33f70ebb432e67170baefdca9f0bad30bbd5d71b74af3adfba7c69312eae7b,UgwsHQBP3MqjFVguzCp4AaABAg,youtube-data-api-v3/commentThreads.list,,FccA87INVUE,Powerful Entry Confirmation You Need,Solomon King,,
youtube,Solomon King,FccA87INVUE,https://www.youtube.com/watch?v=FccA87INVUE,Ugyf8akg8Y3S7nOyx_94AaABAg,"keep doing the good work sir, may God continue to bless you ❤please a video for me on jump 100 💯 ❤",2025-02-03T15:37:32Z,2026-10-01T13:28:04.386735+00:00,3,0,,4ac9d7a3779c555f10f1cf7f933e18a0466a1fd3040062fa8ba0ba22addccbf6,,youtube-data-api-v3/commentThreads.list,,FccA87INVUE,Powerful Entry Confirmation You Need,Solomon King,,
youtube,Solomon King,FccA87INVUE,https://www.youtube.com/watch?v=FccA87INVUE,UgwPq2veuQ6MxCCfgnl4AaABAg,God bless you sir. I just paid for this error with my equity but never again 😢,2025-04-09T14:05:14Z,2026-10-01T13:28:04.386735+00:00,0,0,,2f8564039503dade7ce0b99ec1a8ae6ab12b140cfc64cf93bddb7dd93c7363d4,,youtube-data-api-v3/commentThreads.list,,FccA87INVUE,Powerful Entry Confirmation You Need,Solomon King,,
youtube,Solomon King,FccA87INVUE,https://www.youtube.com/watch?v=FccA87INVUE,UgyaBw6OsUGZMDyAtSt4AaABAg,God continue bless you sir,2025-02-03T15:36:43Z,2026-10-01T13:28:04.386735+00:00,2,0,,60c48ff02e58cda3279aaf3844d5bcfdb6f361db8cf2cc9c191c8ea0caab9ad9,,youtube-data-api-v3/commentThreads.list,,FccA87INVUE,Powerful Entry Confirmation You Need,Solomon King,,
youtube,Solomon King,FccA87INVUE,https://www.youtube.com/watch?v=FccA87INVUE,UgyXaKSR-XEwY2nBcJx4AaABAg,Best Teacher,2025-02-03T15:58:08Z,2026-10-01T13:28:04.386735+00:00,1,0,,efbc8e419a50b2dd2c512971fb6d6288bf0e65c5ee33352c9d037c2c7e818629,,youtube-data-api-v3/commentThreads.list,,FccA87INVUE,Powerful Entry Confirmation You Need,Solomon King,,
youtube,Solomon King,FccA87INVUE,https://www.youtube.com/watch?v=FccA87INVUE,UgzXdQnZSPnE8cPqnHp4AaABAg,May God bless you Sir,2025-02-17T19:41:06Z,2026-10-01T13:28:04.386735+00:00,0,0,,25594c1b9a2fd27e4340537492d6b991185b9bd766a5fd60d167aa606496e54d,,youtube-data-api-v3/commentThreads.list,,FccA87INVUE,Powerful Entry Confirmation You Need,Solomon King,,
youtube,Solomon King,FccA87INVUE,https://www.youtube.com/watch?v=FccA87INVUE,Ugxacc9vq4pk8uynQrB4AaABAg,Hello  thank you very much appreciated,2025-02-03T15:36:40Z,2026-10-01T13:28:04.386735+00:00,3,0,,a0fec65f71a303bc6dc541204379e186e9072ec651fa217baab903308209f419,,youtube-data-api-v3/commentThreads.list,,FccA87INVUE,Powerful Entry Confirmation You Need,Solomon King,,
youtube,Solomon King,FccA87INVUE,https://www.youtube.com/watch?v=FccA87INVUE,UgymyZTrcw93vZe5Ws54AaABAg,Great bro before this i took wrong trade today in etherium,2025-02-03T16:52:02Z,2026-10-01T13:28:04.386735+00:00,0,0,,b24f39fefcfa76ccdf0bc56328dd3abd663a83c43e479f39929e0bb8a99b6f52,,youtube-data-api-v3/commentThreads.list,,FccA87INVUE,Powerful Entry Confirmation You Need,Solomon King,,
youtube,Solomon King,FccA87INVUE,https://www.youtube.com/watch?v=FccA87INVUE,UgySqnmTHCx8jjWcU5J4AaABAg,Love from india,2025-04-11T03:55:28Z,2026-10-01T13:28:04.386735+00:00,1,0,,63788befc3516992e1e259ba0435f53f88875da2c76171a3b51badba1a5eec52,,youtube-data-api-v3/commentThreads.list,,FccA87INVUE,Powerful Entry Confirmation You Need,Solomon King,,
youtube,Solomon King,FccA87INVUE,https://www.youtube.com/watch?v=FccA87INVUE,UgwbRcBmR-wLO_-jvgV4AaABAg,Sir May God continue to bless you and give you more wisdom......I have learnt a whole lot ever since I subscribed to your YouTube channel.   Sir I will want you to do a video on valid retracement,2025-02-04T00:51:36Z,2026-10-01T13:28:04.386735+00:00,1,0,,98bd8f14efe95dfb6d67a3e7c7834c109844ff5bad7b92cf4ce3de149c1a9b84,,youtube-data-api-v3/commentThreads.list,,FccA87INVUE,Powerful Entry Confirmation You Need,Solomon King,,
youtube,Solomon King,FccA87INVUE,https://www.youtube.com/watch?v=FccA87INVUE,UgwHx28HO6-iDbto8Q94AaABAg,Thank you sir 🙏,2025-02-10T23:44:31Z,2026-10-01T13:28:04.386735+00:00,0,0,,b980f4f02524eb5aa363f79855c91165c7fab7da4b9d27db6f9e7d76e6260174,,youtube-data-api-v3/commentThreads.list,,FccA87INVUE,Powerful Entry Confirmation You Need,Solomon King,,
youtube,Solomon King,FccA87INVUE,https://www.youtube.com/watch?v=FccA87INVUE,Ugzn_fYSdgt4FDMKVR14AaABAg,Honestly Solo God bless you,2025-02-05T10:20:44Z,2026-10-01T13:28:04.386735+00:00,0,0,,98bc9ecbd00f5e25c055b96132ce60b193fe7cd7f0b13a27630d01a56f4470e8,,youtube-data-api-v3/commentThreads.list,,FccA87INVUE,Powerful Entry Confirmation You Need,Solomon King,,
youtube,Solomon King,FccA87INVUE,https://www.youtube.com/watch?v=FccA87INVUE,Ugxbcj28Fuwb8GXqeoV4AaABAg,Great tutorial... thanks,2025-02-03T16:23:03Z,2026-10-01T13:28:04.386735+00:00,1,0,,2596270a416e3c27c34d7874fd1d80d621c1d77b90328777abb6759c23659227,,youtube-data-api-v3/commentThreads.list,,FccA87INVUE,Powerful Entry Confirmation You Need,Solomon King,,
youtube,Solomon King,FccA87INVUE,https://www.youtube.com/watch?v=FccA87INVUE,UgxOHi_kg12JVZHpS4Z4AaABAg,Superb,2025-02-03T15:36:53Z,2026-10-01T13:28:04.386735+00:00,2,0,,b6b414e95b6d65206f5cb836a52add3884f1f683cf87010790f04b65c6ad3de5,,youtube-data-api-v3/commentThreads.list,,FccA87INVUE,Powerful Entry Confirmation You Need,Solomon King,,
youtube,Solomon King,FccA87INVUE,https://www.youtube.com/watch?v=FccA87INVUE,UgySD5Ebq-JmKwjz0jF4AaABAg,God bless you sir ❤,2025-02-07T15:23:55Z,2026-10-01T13:28:04.386735+00:00,1,0,,58bfc0baa07eb58af90379137e5c8ae0a5558f5926f8beb879d659b9fefd037b,,youtube-data-api-v3/commentThreads.list,,FccA87INVUE,Powerful Entry Confirmation You Need,Solomon King,,
youtube,Solomon King,FccA87INVUE,https://www.youtube.com/watch?v=FccA87INVUE,Ugx5VUM4LJ5bLe9EVeR4AaABAg,Thanks my dear ❤❤❤❤,2026-03-09T22:18:20Z,2026-10-01T13:28:04.386735+00:00,0,0,,d9457b4828615cc2ff382bc996aed292d2f1975f1964a1fb6a8b849e2b4ebc89,,youtube-data-api-v3/commentThreads.list,,FccA87INVUE,Powerful Entry Confirmation You Need,Solomon King,,
youtube,Solomon King,FccA87INVUE,https://www.youtube.com/watch?v=FccA87INVUE,UgwWJR78wiyzMwodlSJ4AaABAg,Thnx sir very much,2025-12-17T11:07:45Z,2026-10-01T13:28:04.386735+00:00,0,0,,0bdd2264842cb11a3d85ea04f0be10cec97ee92bffa182970d54c8b4dcd3022f,,youtube-data-api-v3/commentThreads.list,,FccA87INVUE,Powerful Entry Confirmation You Need,Solomon King,,
youtube,Solomon King,FccA87INVUE,https://www.youtube.com/watch?v=FccA87INVUE,UgzcFDje_Bz4aY0uk_N4AaABAg,Good sir,2025-07-25T08:35:58Z,2026-10-01T13:28:04.386735+00:00,0,0,,4be4fa21ec29d5a4e2481db4b99d76c599ccfbb280e87dc20b6d2da796f82f53,,youtube-data-api-v3/commentThreads.list,,FccA87INVUE,Powerful Entry Confirmation You Need,Solomon King,,
youtube,Solomon King,FccA87INVUE,https://www.youtube.com/watch?v=FccA87INVUE,Ugxy-PZkLDfMUhzpgZV4AaABAg,"Hi Boss, kindly make a video about the ICT redelivered rebalanced..... thanks",2025-02-09T21:07:51Z,2026-10-01T13:28:04.386735+00:00,0,0,,ad02f9b470f0b4be6db9651980fb078e603fb879cc4c73caed1e5309f1c14fcb,,youtube-data-api-v3/commentThreads.list,,FccA87INVUE,Powerful Entry Confirmation You Need,Solomon King,,
youtube,Solomon King,FccA87INVUE,https://www.youtube.com/watch?v=FccA87INVUE,Ugz5ZEsnEt3I-XuDXcF4AaABAg,Great info boss,2025-02-03T18:07:11Z,2026-10-01T13:28:04.386735+00:00,1,0,,ac32a021c10f319e8f468e1ff2112b4f131e62816b7531cc11f39f34d697732b,,youtube-data-api-v3/commentThreads.list,,FccA87INVUE,Powerful Entry Confirmation You Need,Solomon King,,
youtube,Solomon King,FccA87INVUE,https://www.youtube.com/watch?v=FccA87INVUE,Ugz77yPH_IpfYg-mXyp4AaABAg,Thanks a lot,2025-02-04T01:08:20Z,2026-10-01T13:28:04.386735+00:00,2,0,,84c97ab806cd763ede561c3ddac8761025d0d20d332605f4f154eba246a05887,,youtube-data-api-v3/commentThreads.list,,FccA87INVUE,Powerful Entry Confirmation You Need,Solomon King,,
youtube,Solomon King,FccA87INVUE,https://www.youtube.com/watch?v=FccA87INVUE,Ugx_xgaRiD-hjq6SaFl4AaABAg,"Sir, may God continue to flourish you in all your endeavor. You are the best of the best teacher in this industry in Africa I have known not those noise makers",2025-02-03T19:37:25Z,2026-10-01T13:28:04.386735+00:00,13,1,,4be95d3dd241023dffb0c99cabdb227c2f1022b3fef3a151634472cc9fe439b9,,youtube-data-api-v3/commentThreads.list,,FccA87INVUE,Powerful Entry Confirmation You Need,Solomon King,,
youtube,Solomon King,FccA87INVUE,https://www.youtube.com/watch?v=FccA87INVUE,Ugx_xgaRiD-hjq6SaFl4AaABAg.AE5MGfY_I6KAE8kt-G-TZ3,golden,2025-02-05T03:18:58Z,2026-10-01T13:28:04.386735+00:00,1,0,,16506ed81d3de14a724fdfaa0100a838fada26abe0dd2c31d4e58c1318ce4f3a,Ugx_xgaRiD-hjq6SaFl4AaABAg,youtube-data-api-v3/commentThreads.list,,FccA87INVUE,Powerful Entry Confirmation You Need,Solomon King,,
youtube,Solomon King,FccA87INVUE,https://www.youtube.com/watch?v=FccA87INVUE,UgzR_PSce-lRyi_pbG54AaABAg,Well come,2025-02-03T16:15:49Z,2026-10-01T13:28:04.386735+00:00,2,0,,1b16050aa3b0f35a5f8887b41d0ea0aef51e208c96f7a0ffd3d1e5ec88930118,,youtube-data-api-v3/commentThreads.list,,FccA87INVUE,Powerful Entry Confirmation You Need,Solomon King,,
youtube,Solomon King,FccA87INVUE,https://www.youtube.com/watch?v=FccA87INVUE,UgxC1dCPsvF_Bk24CMV4AaABAg,Thank you my mentor ❤❤❤,2025-02-03T21:25:34Z,2026-10-01T13:28:04.386735+00:00,2,1,,23e5a890e7bf6e13544af63f5ac1c7f64ae48b021419f42626903f2b5624be42,,youtube-data-api-v3/commentThreads.list,,FccA87INVUE,Powerful Entry Confirmation You Need,Solomon King,,
youtube,Solomon King,FccA87INVUE,https://www.youtube.com/watch?v=FccA87INVUE,UgxC1dCPsvF_Bk24CMV4AaABAg.AE5YdrGxVYJAILmS-GPowX,Please re you in his mentorship class? Because I need to join,2025-05-20T14:48:19Z,2026-10-01T13:28:04.386735+00:00,0,0,,f50618a0fce82ef0239746da4b860fa5fcd0404b1aa83334465f7029ef4363b8,UgxC1dCPsvF_Bk24CMV4AaABAg,youtube-data-api-v3/commentThreads.list,,FccA87INVUE,Powerful Entry Confirmation You Need,Solomon King,,
youtube,Solomon King,FccA87INVUE,https://www.youtube.com/watch?v=FccA87INVUE,UgycDtQxlkMM-yo3M0J4AaABAg,wow great vid,2025-02-03T16:43:51Z,2026-10-01T13:28:04.386735+00:00,2,0,,616fd0395310ca177402056fb3d66dfe9e9e9d2b0dc1a38b6b77b8e94e3e59b1,,youtube-data-api-v3/commentThreads.list,,FccA87INVUE,Powerful Entry Confirmation You Need,Solomon King,,
youtube,Solomon King,FccA87INVUE,https://www.youtube.com/watch?v=FccA87INVUE,Ugylb1VkKYEzgmrGVLJ4AaABAg,Thank you Solomon,2025-02-03T18:05:16Z,2026-10-01T13:28:04.386735+00:00,1,0,,9baaca760ba6bd231760f73ee509719a4a785ec6608d48b698031944ac2dc4a1,,youtube-data-api-v3/commentThreads.list,,FccA87INVUE,Powerful Entry Confirmation You Need,Solomon King,,
youtube,Solomon King,FccA87INVUE,https://www.youtube.com/watch?v=FccA87INVUE,UgzUdE5kzgmPKFBCV7l4AaABAg,i noticed on the second bearish conservative you could have entered the bearish engulfing on the double top,2025-02-03T16:42:19Z,2026-10-01T13:28:04.386735+00:00,0,0,,616fd0395310ca177402056fb3d66dfe9e9e9d2b0dc1a38b6b77b8e94e3e59b1,,youtube-data-api-v3/commentThreads.list,,FccA87INVUE,Powerful Entry Confirmation You Need,Solomon King,,
youtube,Solomon King,FccA87INVUE,https://www.youtube.com/watch?v=FccA87INVUE,Ugz89NlfMlT_-g-ssQN4AaABAg,"Sorry that I had to see this and comment late...
Does this confirmation apply to all the time frames?",2025-02-05T19:49:40Z,2026-10-01T13:28:04.386735+00:00,3,0,,70177e89883dda3d33bb18a283b57d298eb33114e7696d3bedba10ebff9e20ac,,youtube-data-api-v3/commentThreads.list,,FccA87INVUE,Powerful Entry Confirmation You Need,Solomon King,,
youtube,Solomon King,FccA87INVUE,https://www.youtube.com/watch?v=FccA87INVUE,UgzT5CZWYtBIa_wNzjB4AaABAg,perfect,2025-06-29T07:26:08Z,2026-10-01T13:28:04.386735+00:00,0,0,,80434c9484270625afc82a841664a3d011e13c8a1f9992c4852123b24a3f0d65,,youtube-data-api-v3/commentThreads.list,,FccA87INVUE,Powerful Entry Confirmation You Need,Solomon King,,
youtube,Solomon King,FccA87INVUE,https://www.youtube.com/watch?v=FccA87INVUE,UgziPtjTIfN76Z7vyNJ4AaABAg,Thanks sir,2025-02-03T17:36:34Z,2026-10-01T13:28:04.386735+00:00,1,0,,dd4fbea557cd1215244a01c3883a86b895ec2f75062ffee1e3d1ef110848ac68,,youtube-data-api-v3/commentThreads.list,,FccA87INVUE,Powerful Entry Confirmation You Need,Solomon King,,
youtube,Solomon King,FccA87INVUE,https://www.youtube.com/watch?v=FccA87INVUE,Ugxx3ijJJxcrck4UZxp4AaABAg,Best video ever❤,2025-02-04T05:52:14Z,2026-10-01T13:28:04.386735+00:00,0,0,,683c2023affcad53cd31789899dd8c5ec36784b2e1cd578521e4aa9813ec746e,,youtube-data-api-v3/commentThreads.list,,FccA87INVUE,Powerful Entry Confirmation You Need,Solomon King,,
youtube,Solomon King,FccA87INVUE,https://www.youtube.com/watch?v=FccA87INVUE,Ugwh8NlGyqsOoaPwHrN4AaABAg,God bless you ❤,2025-02-05T11:02:57Z,2026-10-01T13:28:04.386735+00:00,0,0,,d4e2b34bad0d756c1ddd39eb2788925797694fa13bb144c765129970a5b3f433,,youtube-data-api-v3/commentThreads.list,,FccA87INVUE,Powerful Entry Confirmation You Need,Solomon King,,
youtube,Solomon King,FccA87INVUE,https://www.youtube.com/watch?v=FccA87INVUE,UgxywSvbHIpJgiDwA6p4AaABAg,Thank you,2025-02-03T23:58:01Z,2026-10-01T13:28:04.386735+00:00,1,0,,552bd6d7e55b82fe45f01f42b924be796e061d4e83b6c3ea7f9bc48578621d80,,youtube-data-api-v3/commentThreads.list,,FccA87INVUE,Powerful Entry Confirmation You Need,Solomon King,,
youtube,Solomon King,FccA87INVUE,https://www.youtube.com/watch?v=FccA87INVUE,UgynOCCB_9tj_3lDndd4AaABAg,"thanks for this video , can u pls make a video on reclaimed block?",2025-02-03T17:06:53Z,2026-10-01T13:28:04.386735+00:00,0,0,,eb2f55af728a0f1d6c275ef20d6652699807577e857d785129c641fefaa4ef1f,,youtube-data-api-v3/commentThreads.list,,FccA87INVUE,Powerful Entry Confirmation You Need,Solomon King,,
youtube,Solomon King,FccA87INVUE,https://www.youtube.com/watch?v=FccA87INVUE,Ugxe9OtaPvxnBekZB4h4AaABAg,I got this trade on gold coach.,2025-02-04T00:14:00Z,2026-10-01T13:28:04.386735+00:00,0,0,,5aec2b134e99fc54ecb3ce4a815fcd9b9f7a12c140d191cf4b67bf79796f9e9e,,youtube-data-api-v3/commentThreads.list,,FccA87INVUE,Powerful Entry Confirmation You Need,Solomon King,,
youtube,Solomon King,FccA87INVUE,https://www.youtube.com/watch?v=FccA87INVUE,UgzYFUYPIs4B9xhmj2h4AaABAg,Mornings star,2025-02-20T21:01:13Z,2026-10-01T13:28:04.386735+00:00,0,0,,74c51fbf0f260ddc7ed4dc22529dcee3fd908a8cbdf3b72a2249e57795f83aee,,youtube-data-api-v3/commentThreads.list,,FccA87INVUE,Powerful Entry Confirmation You Need,Solomon King,,
youtube,Solomon King,FccA87INVUE,https://www.youtube.com/watch?v=FccA87INVUE,UgyeYyx57NF-ILqI3YF4AaABAg,Thank u so much sir but pls can u teach us on how to set EMA using the right numbers,2025-02-03T18:30:26Z,2026-10-01T13:28:04.386735+00:00,0,0,,badc1d37b113a207cc850bfcbeeaa06122a447c4bd1dc5fe2bbacfd52da1b6b2,,youtube-data-api-v3/commentThreads.list,,FccA87INVUE,Powerful Entry Confirmation You Need,Solomon King,,
youtube,Solomon King,FccA87INVUE,https://www.youtube.com/watch?v=FccA87INVUE,UgxdNQlugbNYYhtHCGB4AaABAg,Thanks boss,2025-02-03T18:06:08Z,2026-10-01T13:28:04.386735+00:00,1,0,,b80f66d83532e3b0eea28ed553092dd2079394f01d979b7c14077c1005c04f75,,youtube-data-api-v3/commentThreads.list,,FccA87INVUE,Powerful Entry Confirmation You Need,Solomon King,,
youtube,Solomon King,FccA87INVUE,https://www.youtube.com/watch?v=FccA87INVUE,Ugz-VcLy_esvsDLexkN4AaABAg,Merci 🎉🎉,2025-02-03T19:59:11Z,2026-10-01T13:28:04.386735+00:00,1,0,,5693c84cb0697510014b2324b983acd36c6a0faa416f80d764e13ffe2d093bc9,,youtube-data-api-v3/commentThreads.list,,FccA87INVUE,Powerful Entry Confirmation You Need,Solomon King,,
youtube,Solomon King,FccA87INVUE,https://www.youtube.com/watch?v=FccA87INVUE,UgyCp7t2Ze4MLvPiZON4AaABAg,"One of my entry systems. It's a banger in the right zone. Top notch. Quick one: 3rd candle close above 2nd candle body or wick?
If candle 3 fails to close beyond camdle 2's close, what next?",2025-02-04T17:58:43Z,2026-10-01T13:28:04.386735+00:00,1,1,,53100d7e525019b46a0d0a4f02191725471636f342e5d3ca847b966eb53d20ac,,youtube-data-api-v3/commentThreads.list,,FccA87INVUE,Powerful Entry Confirmation You Need,Solomon King,,
youtube,Solomon King,FccA87INVUE,https://www.youtube.com/watch?v=FccA87INVUE,UgyCp7t2Ze4MLvPiZON4AaABAg.AE7klgs0SMyAGrQSjALozG,U leave that entry,2025-04-13T13:59:35Z,2026-10-01T13:28:04.386735+00:00,0,0,,ae80091579b8875608fce384eb90946746630afa0bd5515176d02faa6b5d7d2a,UgyCp7t2Ze4MLvPiZON4AaABAg,youtube-data-api-v3/commentThreads.list,,FccA87INVUE,Powerful Entry Confirmation You Need,Solomon King,,
youtube,Solomon King,FccA87INVUE,https://www.youtube.com/watch?v=FccA87INVUE,UgwOs09BsFPqJfa8Nmh4AaABAg,"Sir, I want to learn from you, what do I do, I really like the way you teach.",2025-02-06T22:22:24Z,2026-10-01T13:28:04.386735+00:00,0,0,,1cac2f4cebdfdf9dabbb2a4f4023d7078baf4ebf03f513820265f25e6780ad88,,youtube-data-api-v3/commentThreads.list,,FccA87INVUE,Powerful Entry Confirmation You Need,Solomon King,,
youtube,Solomon King,FccA87INVUE,https://www.youtube.com/watch?v=FccA87INVUE,Ugye0IEtMGxW88e43sN4AaABAg,Thank you sir,2025-02-04T18:28:38Z,2026-10-01T13:28:04.386735+00:00,0,0,,2d2f1a1853cc488ba96082053ab8bc22ef3fad189fadecaa23a1d16506a91755,,youtube-data-api-v3/commentThreads.list,,FccA87INVUE,Powerful Entry Confirmation You Need,Solomon King,,
youtube,Solomon King,FccA87INVUE,https://www.youtube.com/watch?v=FccA87INVUE,UgwV1I5hQXDJbTDNtXR4AaABAg,Mr King,2025-02-03T16:08:00Z,2026-10-01T13:28:04.386735+00:00,0,0,,4a64275850fec89d5e435d6fe468f1185858e3bf8937d32870b70532480819e7,,youtube-data-api-v3/commentThreads.list,,FccA87INVUE,Powerful Entry Confirmation You Need,Solomon King,,
youtube,Solomon King,FccA87INVUE,https://www.youtube.com/watch?v=FccA87INVUE,UgwqP1nvwSq7w92YYzl4AaABAg,Sir pls do a video of the last point of true mitigation LPOTM,2025-02-05T02:43:09Z,2026-10-01T13:28:04.386735+00:00,0,0,,f0a0790b3711d8c81d9820bf46329b759f5ff972453966a650648c00b01da0f5,,youtube-data-api-v3/commentThreads.list,,FccA87INVUE,Powerful Entry Confirmation You Need,Solomon King,,
youtube,Solomon King,FccA87INVUE,https://www.youtube.com/watch?v=FccA87INVUE,Ugzl9njJlmMjU3NZcst4AaABAg,"thanks sir for the quality information given out to us here, sir, for the 3-candle price action confirmation, what is best TF for day trader also is it neccessary to come to LTF when using the 3-candle price action confirmation.",2025-02-05T06:40:55Z,2026-10-01T13:28:04.386735+00:00,0,0,,48eb7bc545a8386d84fca19f58410615618e92b0578763a88a4445cb735b9e69,,youtube-data-api-v3/commentThreads.list,,FccA87INVUE,Powerful Entry Confirmation You Need,Solomon King,,
youtube,Solomon King,FccA87INVUE,https://www.youtube.com/watch?v=FccA87INVUE,UgwfAcXm8rUwEQixnfJ4AaABAg,I wish you are my mentor. From where do I start?,2025-02-03T18:47:27Z,2026-10-01T13:28:04.386735+00:00,2,0,,e1540939e499c8fc6c623789abe305640a8576dd9f72757a7f09882d93e34d3f,,youtube-data-api-v3/commentThreads.list,,FccA87INVUE,Powerful Entry Confirmation You Need,Solomon King,,
youtube,Solomon King,FccA87INVUE,https://www.youtube.com/watch?v=FccA87INVUE,Ugxr6RBtYNMEg6gHfVF4AaABAg,Thank you vey much and may God bless you please what time frame  are you using,2025-02-07T00:00:10Z,2026-10-01T13:28:04.386735+00:00,0,0,,34e013bece3bc361727b39419e04caf29ad48498faaaeb5e86e6db44110754ba,,youtube-data-api-v3/commentThreads.list,,FccA87INVUE,Powerful Entry Confirmation You Need,Solomon King,,
youtube,Solomon King,FccA87INVUE,https://www.youtube.com/watch?v=FccA87INVUE,Ugwn01ANfSTkkGu6wbF4AaABAg,"Hello bro, 
Can you explain how to trade on 4hrs timeframe without missing out. It is my pleasure if you can talk on it.
Thanks",2025-08-05T19:50:45Z,2026-10-01T13:28:04.386735+00:00,0,0,,a51fb0377cef17c4a13b53a9bb3d9c60bcad812f46e7c2b072c9e74bedb680b1,,youtube-data-api-v3/commentThreads.list,,FccA87INVUE,Powerful Entry Confirmation You Need,Solomon King,,
youtube,Solomon King,FccA87INVUE,https://www.youtube.com/watch?v=FccA87INVUE,UgzbLaM4sMzVWuQnBg94AaABAg,"I'm new here, I need a mentor",2025-02-03T16:43:33Z,2026-10-01T13:28:04.386735+00:00,1,0,,0a60be45d8c116d3184fcebf875bc6bbb9a25ecac24b5e92ea985413dac15880,,youtube-data-api-v3/commentThreads.list,,FccA87INVUE,Powerful Entry Confirmation You Need,Solomon King,,
youtube,Solomon King,FccA87INVUE,https://www.youtube.com/watch?v=FccA87INVUE,UgxxuzdaBGDn2MTA0R14AaABAg,"Boss, thank you 
U sabi teach; the way u explain things marvel me, because u make complex things look easy. U are a good teacher.
I appreciate ur efforts",2025-02-03T22:40:09Z,2026-10-01T13:28:04.386735+00:00,1,0,,a9b2189df4f87e5aaebe589756ef03f2a1ab795d231ea348d542d9a84cfd7925,,youtube-data-api-v3/commentThreads.list,,FccA87INVUE,Powerful Entry Confirmation You Need,Solomon King,,
youtube,Solomon King,FccA87INVUE,https://www.youtube.com/watch?v=FccA87INVUE,UgzGk4TsqOJQhffLxIF4AaABAg,Prof prof,2025-02-04T15:30:02Z,2026-10-01T13:28:04.386735+00:00,0,0,,658cdb5b79811ed44429b03a39bf7cae9acee86b2ec51832e573ab2b12157f87,,youtube-data-api-v3/commentThreads.list,,FccA87INVUE,Powerful Entry Confirmation You Need,Solomon King,,
youtube,Solomon King,FccA87INVUE,https://www.youtube.com/watch?v=FccA87INVUE,UgxkGFGFCJCgrO0OW9V4AaABAg,Can all this forex analysis work on cryptocurrency also?,2025-02-14T20:46:13Z,2026-10-01T13:28:04.386735+00:00,0,0,,7dc18680c60837239f4afccdb06576c408396da113527acd7a57e851e0eda0e2,,youtube-data-api-v3/commentThreads.list,,FccA87INVUE,Powerful Entry Confirmation You Need,Solomon King,,
youtube,Solomon King,FccA87INVUE,https://www.youtube.com/watch?v=FccA87INVUE,UgyV-QwD_rrsNphDqxB4AaABAg,Hi,2025-02-03T15:36:23Z,2026-10-01T13:28:04.386735+00:00,0,0,,a0fec65f71a303bc6dc541204379e186e9072ec651fa217baab903308209f419,,youtube-data-api-v3/commentThreads.list,,FccA87INVUE,Powerful Entry Confirmation You Need,Solomon King,,
youtube,Solomon King,FccA87INVUE,https://www.youtube.com/watch?v=FccA87INVUE,Ugx8ilE5RHlnW7MkFdt4AaABAg,make a video about newyork session,2025-02-03T18:38:36Z,2026-10-01T13:28:04.386735+00:00,0,0,,9260fb5f330f8269e55bf1ce298b19f75b27d10ddb25040b1573227746ed85d8,,youtube-data-api-v3/commentThreads.list,,FccA87INVUE,Powerful Entry Confirmation You Need,Solomon King,,
youtube,Solomon King,FccA87INVUE,https://www.youtube.com/watch?v=FccA87INVUE,Ugzpe46oruecoHdhSdl4AaABAg,"Sir, how can I watch your video in Hindi? I am from India, plz sir",2025-02-11T18:55:15Z,2026-10-01T13:28:04.386735+00:00,0,0,,ecef4aca74cf2d2e2bde2359bd85bbc11977b2d3ab3fecaa2fe235e77d49b7bd,,youtube-data-api-v3/commentThreads.list,,FccA87INVUE,Powerful Entry Confirmation You Need,Solomon King,,
youtube,Solomon King,FccA87INVUE,https://www.youtube.com/watch?v=FccA87INVUE,UgwmETcLUj-X5_jRgY94AaABAg,Confirmation use m5 or m15 for the best confirmation?,2025-02-23T11:11:39Z,2026-10-01T13:28:04.386735+00:00,1,1,,c912ee6c38eafe52b6d04cc164030e2cd8565f2a499a363edff3d267bf8e3385,,youtube-data-api-v3/commentThreads.list,,FccA87INVUE,Powerful Entry Confirmation You Need,Solomon King,,
youtube,Solomon King,FccA87INVUE,https://www.youtube.com/watch?v=FccA87INVUE,UgwmETcLUj-X5_jRgY94AaABAg.AEsxHpyA0O2AKqkRpG6yhX,5 min is best,2025-07-21T17:49:18Z,2026-10-01T13:28:04.386735+00:00,0,0,,bc448a5c0b3a438f0a671821e72595e5306cc32076ed2bd4ce8946ae48a30638,UgwmETcLUj-X5_jRgY94AaABAg,youtube-data-api-v3/commentThreads.list,,FccA87INVUE,Powerful Entry Confirmation You Need,Solomon King,,
youtube,Solomon King,FccA87INVUE,https://www.youtube.com/watch?v=FccA87INVUE,UgxySmwo22vCp2WN-hR4AaABAg,❤,2026-03-09T20:11:55Z,2026-10-01T13:28:04.386735+00:00,0,0,,b8ab8558ab546ad196c58bd37d698b361108c9e76f183def7f9664bd6f022fea,,youtube-data-api-v3/commentThreads.list,,FccA87INVUE,Powerful Entry Confirmation You Need,Solomon King,,
youtube,Solomon King,FccA87INVUE,https://www.youtube.com/watch?v=FccA87INVUE,UgwQCxp2H-4VisJa16V4AaABAg,Pls what Software do you use to record your screen??,2025-02-03T15:36:40Z,2026-10-01T13:28:04.386735+00:00,3,1,,6bccc7a772c459332d1a69b23406d49ecb4df96d5e23b8a9b0b8a0ee1caa9291,,youtube-data-api-v3/commentThreads.list,,FccA87INVUE,Powerful Entry Confirmation You Need,Solomon King,,
youtube,Solomon King,FccA87INVUE,https://www.youtube.com/watch?v=FccA87INVUE,UgwQCxp2H-4VisJa16V4AaABAg.AE4viOuScM9AE4z83KA1tF,Obstudio,2025-02-03T16:06:32Z,2026-10-01T13:28:04.386735+00:00,3,0,,e4e22e45cefbcce7ec0c560ecb058634d71aca198a14ab159cb93dcc156c063a,UgwQCxp2H-4VisJa16V4AaABAg,youtube-data-api-v3/commentThreads.list,,FccA87INVUE,Powerful Entry Confirmation You Need,Solomon King,,
youtube,Solomon King,FccA87INVUE,https://www.youtube.com/watch?v=FccA87INVUE,UgySpBC9Wfggu5q0d1h4AaABAg,"Please what is the timeframe, it very important",2025-02-03T18:11:12Z,2026-10-01T13:28:04.386735+00:00,0,0,,9defffb935942a630cea7e3b62d7d9e0ad34d058eec10f402102a277cfefcae5,,youtube-data-api-v3/commentThreads.list,,FccA87INVUE,Powerful Entry Confirmation You Need,Solomon King,,
youtube,Solomon King,FccA87INVUE,https://www.youtube.com/watch?v=FccA87INVUE,UgwsyRO0f3sFTn-hbbR4AaABAg,"After the MSS on the lower TF, does price have to trade back to the POI before taking an entry?",2025-02-03T18:28:06Z,2026-10-01T13:28:04.386735+00:00,0,0,,1f2b3ecbb5078b7da3975f878a1ed20281adaab6b3c13fde1dbca73fccea7058,,youtube-data-api-v3/commentThreads.list,,FccA87INVUE,Powerful Entry Confirmation You Need,Solomon King,,
youtube,Solomon King,FccA87INVUE,https://www.youtube.com/watch?v=FccA87INVUE,UgweCb2S6QfwTuM1TPF4AaABAg,Entry confirmation where do you look lower time frame or high time frame? Someone help me,2025-03-17T12:15:38Z,2026-10-01T13:28:04.386735+00:00,0,0,,4e0c8a92d582a355de34eee97e66c635e74f8b4b70903230df58e119e12ecb02,,youtube-data-api-v3/commentThreads.list,,FccA87INVUE,Powerful Entry Confirmation You Need,Solomon King,,
youtube,Solomon King,FccA87INVUE,https://www.youtube.com/watch?v=FccA87INVUE,UgwP9rwc3Dct2PXSSeZ4AaABAg,Following,2025-02-03T15:53:58Z,2026-10-01T13:28:04.386735+00:00,0,0,,d8dff8736686ac442a34c1f3ce96c0e9fe7960d0ff0f79f50d254f3e2395a24f,,youtube-data-api-v3/commentThreads.list,,FccA87INVUE,Powerful Entry Confirmation You Need,Solomon King,,
youtube,Solomon King,FccA87INVUE,https://www.youtube.com/watch?v=FccA87INVUE,Ugz5w_eq58U2KuORCkZ4AaABAg,Thank u so much sir for this video. My question is after drawing ur POI are u going to wait till price comes back to touch dat point of interest before u enter a trade??? Pls sir help me with this I really want to understand this 🙏🙏🙏,2025-02-13T19:04:30Z,2026-10-01T13:28:04.386735+00:00,0,0,,aa965676ea5e15061283ebfc414cf01543be53b89d55c26f9b5d89b2567422eb,,youtube-data-api-v3/commentThreads.list,,FccA87INVUE,Powerful Entry Confirmation You Need,Solomon King,,
youtube,Solomon King,FccA87INVUE,https://www.youtube.com/watch?v=FccA87INVUE,UgwMY9g8-PhnghP-_mR4AaABAg,"how the hell we can entry, when the candle is already drawed bruhh, u kidding me 7:15",2025-03-22T15:33:17Z,2026-10-01T13:28:04.386735+00:00,0,0,,564c14e73a6374eb031ee97845395d9eae06ce9d1700ee5b9613233eb57aa48e,,youtube-data-api-v3/commentThreads.list,,FccA87INVUE,Powerful Entry Confirmation You Need,Solomon King,,
youtube,Solomon King,FccA87INVUE,https://www.youtube.com/watch?v=FccA87INVUE,UgyK-XpCXm05rFDy_qF4AaABAg,how to know is continueation or reversal in london session,2025-02-14T07:45:28Z,2026-10-01T13:28:04.386735+00:00,0,0,,948549a35ff5868f0d60c22f308bcd62f60b91eb7ba509a4e793af805c2afb86,,youtube-data-api-v3/commentThreads.list,,FccA87INVUE,Powerful Entry Confirmation You Need,Solomon King,,
youtube,Solomon King,FccA87INVUE,https://www.youtube.com/watch?v=FccA87INVUE,UgxzorcHCgGnYYRWPzV4AaABAg,"Sir, pls why’s there a big gab during the market open",2025-02-04T05:07:27Z,2026-10-01T13:28:04.386735+00:00,0,0,,0dea67c0e6442632d5e44a6718f6ec60284adb6718fd544f832b61703c61bcac,,youtube-data-api-v3/commentThreads.list,,FccA87INVUE,Powerful Entry Confirmation You Need,Solomon King,,
youtube,Solomon King,FccA87INVUE,https://www.youtube.com/watch?v=FccA87INVUE,Ugyyqd_Ciw0evw6oHFx4AaABAg,"I'm a bit confused, sir. In Trend A of your sketch, your entry is marked at the closing price of the third candle. However, the entry was marked in the chart at the closing price of the second candle, and the trade didn't take you in before the bullish move.",2025-02-06T20:24:02Z,2026-10-01T13:28:04.386735+00:00,0,0,,da055f16652f2fb1ed6a48d9bcdc2d517da1f4095a8007400627cd771268fa69,,youtube-data-api-v3/commentThreads.list,,FccA87INVUE,Powerful Entry Confirmation You Need,Solomon King,,
youtube,Solomon King,FccA87INVUE,https://www.youtube.com/watch?v=FccA87INVUE,UgzmYhWUf8IfcF_MLnl4AaABAg,is't thet 3 BAR PATTERN,2025-02-03T16:14:39Z,2026-10-01T13:28:04.386735+00:00,0,0,,ba3e025ac8526f1a1b5e8b35805558de586130f54c0717e4bd206cb56413b83f,,youtube-data-api-v3/commentThreads.list,,FccA87INVUE,Powerful Entry Confirmation You Need,Solomon King,,
youtube,Solomon King,FccA87INVUE,https://www.youtube.com/watch?v=FccA87INVUE,UgwBGPrm08nbZp0aWlZ4AaABAg,"Sir, can we call this as also another way of backtesting?",2025-02-04T15:48:21Z,2026-10-01T13:28:04.386735+00:00,0,0,,9da4752d1039a4ce1217ef45ff53ce02222d4d76d6baf61903191ae53238b862,,youtube-data-api-v3/commentThreads.list,,FccA87INVUE,Powerful Entry Confirmation You Need,Solomon King,,
youtube,Solomon King,FccA87INVUE,https://www.youtube.com/watch?v=FccA87INVUE,UgwE4Ft6urTN4HzlCAB4AaABAg,"Sir, what timeframe do you use for the confirmation?",2025-02-04T06:37:16Z,2026-10-01T13:28:04.386735+00:00,0,0,,55139d8fb161c0d4e178259b517656c0cf663d0f0dd5587a94c1f43d8625805f,,youtube-data-api-v3/commentThreads.list,,FccA87INVUE,Powerful Entry Confirmation You Need,Solomon King,,
youtube,Solomon King,FccA87INVUE,https://www.youtube.com/watch?v=FccA87INVUE,UgzKaelLYrfxqcFKYg14AaABAg,Please sir which time frame,2025-10-07T12:36:39Z,2026-10-01T13:28:04.386735+00:00,0,0,,c845eed9c43869f8a6710af149909f16ed2ebbcc9b217fe6065cfa307c0e4b12,,youtube-data-api-v3/commentThreads.list,,FccA87INVUE,Powerful Entry Confirmation You Need,Solomon King,,
youtube,Solomon King,FccA87INVUE,https://www.youtube.com/watch?v=FccA87INVUE,Ugx460TQTYzwKCm8VrF4AaABAg,Do they also aply on synthetic ?,2025-02-03T16:37:10Z,2026-10-01T13:28:04.386735+00:00,0,0,,842c4bbfb7723d17a9f4df9fd0e2cf1bbf8f660e5b44369a934cdf30e768c4d0,,youtube-data-api-v3/commentThreads.list,,FccA87INVUE,Powerful Entry Confirmation You Need,Solomon King,,
youtube,Solomon King,FccA87INVUE,https://www.youtube.com/watch?v=FccA87INVUE,UgzSRy-NwA2SyEjlNlp4AaABAg,"Cream Dela creme🇿🇼, can I get a reply mentor?",2025-02-03T19:06:32Z,2026-10-01T13:28:04.386735+00:00,0,0,,854f1ded5026e2a831a5c84887318ca240c84bfcf24d3fa5208054f9becff471,,youtube-data-api-v3/commentThreads.list,,FccA87INVUE,Powerful Entry Confirmation You Need,Solomon King,,
youtube,Solomon King,FccA87INVUE,https://www.youtube.com/watch?v=FccA87INVUE,UgzVcUPO6W1I3dNBbV94AaABAg,"Thank u sir, , I have one serious and technical question pls 

If I have Uptrend in 4h HTF (HH ,HL ) formation, and in 15 min LTF also uptrend (HH,HL) formation, then will I take trade based on LTF demand zone ? Or HTF demand zone, Cause Price are both side uptrending,So MY real PoI is far, it might not reach 4H demand zone but might also, So if I enter from 15 min imidiate closer Demand zone by observation that my HTF is also uptrend, there is certain big risk that my Trade will go in  my 4h demand zone and stop me out from my 15 min demand zone ,please sir help me, or I must wait price to come first in my 4h demand zone then take entry from 15 min demand zone inside it, then why I am checking LTF is also uptrending before ? Thank you sir",2025-08-31T05:37:02Z,2026-10-01T13:28:04.386735+00:00,0,0,,09012f6aaaffc7f593bd22178f7082d6e901200931ece790c9dea4adc2c9834f,,youtube-data-api-v3/commentThreads.list,,FccA87INVUE,Powerful Entry Confirmation You Need,Solomon King,,
youtube,Solomon King,FccA87INVUE,https://www.youtube.com/watch?v=FccA87INVUE,UgygWRpuvIhN0vPsG3l4AaABAg,Hlo  i am other videos on smc in hindi they teach idm in different way like after bos in upside low is confirmed but without idm they can’t mark high is that correct or incorrect i want to know help,2025-02-11T14:05:40Z,2026-10-01T13:28:04.386735+00:00,0,0,,b2b0bc41e062639b602e7e253d704eca768d3b1e007f65c29b14c480d4cdb6bf,,youtube-data-api-v3/commentThreads.list,,FccA87INVUE,Powerful Entry Confirmation You Need,Solomon King,,
youtube,Solomon King,FccA87INVUE,https://www.youtube.com/watch?v=FccA87INVUE,UgyPfOBZxwtYYNwyqFB4AaABAg,In which time flame we looking this Three candle formation,2025-02-03T16:38:36Z,2026-10-01T13:28:04.386735+00:00,3,2,,128260e0f6702c970648e4fbd03a012099cef76e70a6ed63a0838c1bd5212fc5,,youtube-data-api-v3/commentThreads.list,,FccA87INVUE,Powerful Entry Confirmation You Need,Solomon King,,
youtube,Solomon King,FccA87INVUE,https://www.youtube.com/watch?v=FccA87INVUE,UgyPfOBZxwtYYNwyqFB4AaABAg.AE51nypQpJkAE58_6v9ov6,For me I do you 30 mins,2025-02-03T17:37:45Z,2026-10-01T13:28:04.386735+00:00,1,0,,f79e6e7c999aa9651e7fc4445847e3bd6ceed4f9f058f2fe35cb76d87dc3d4f6,UgyPfOBZxwtYYNwyqFB4AaABAg,youtube-data-api-v3/commentThreads.list,,FccA87INVUE,Powerful Entry Confirmation You Need,Solomon King,,
youtube,Solomon King,FccA87INVUE,https://www.youtube.com/watch?v=FccA87INVUE,UgyPfOBZxwtYYNwyqFB4AaABAg.AE51nypQpJkAE5moVvln-A,Easy to see on the 5m ​@kendipurity1216,2025-02-03T23:38:06Z,2026-10-01T13:28:04.386735+00:00,0,0,,9aa5fda5c8ace51edd3267002a864c22594468410a7b1892ed2b141179db3432,UgyPfOBZxwtYYNwyqFB4AaABAg,youtube-data-api-v3/commentThreads.list,,FccA87INVUE,Powerful Entry Confirmation You Need,Solomon King,,
youtube,Solomon King,FccA87INVUE,https://www.youtube.com/watch?v=FccA87INVUE,Ugx0e_rfKMFuac9bDSx4AaABAg,Is that mss valid ?  LH is formed inside  precious red candle. So I think it's not Valid.,2025-02-04T01:59:38Z,2026-10-01T13:28:04.386735+00:00,0,0,,58de98130f06d5299e2ecd35c8ed38b6961d06024176c4f1e905de5826be2abc,,youtube-data-api-v3/commentThreads.list,,FccA87INVUE,Powerful Entry Confirmation You Need,Solomon King,,
youtube,Solomon King,FccA87INVUE,https://www.youtube.com/watch?v=FccA87INVUE,Ugwb_mPz_z9rPNU8RCV4AaABAg,"How do you get your. Point of interest, sir?",2025-02-03T18:45:21Z,2026-10-01T13:28:04.386735+00:00,1,1,,e1540939e499c8fc6c623789abe305640a8576dd9f72757a7f09882d93e34d3f,,youtube-data-api-v3/commentThreads.list,,FccA87INVUE,Powerful Entry Confirmation You Need,Solomon King,,
youtube,Solomon King,FccA87INVUE,https://www.youtube.com/watch?v=FccA87INVUE,Ugwb_mPz_z9rPNU8RCV4AaABAg.AE5GJHA4Mw7AE7BiZPCXYs,"Look for order blocks, beaker blocks and fvg’s",2025-02-04T12:43:44Z,2026-10-01T13:28:04.386735+00:00,0,0,,9d3d1e353466f2276e2c974c7ac0b7edc68511e9971a692e30aa9906c3a0759a,Ugwb_mPz_z9rPNU8RCV4AaABAg,youtube-data-api-v3/commentThreads.list,,FccA87INVUE,Powerful Entry Confirmation You Need,Solomon King,,
youtube,Solomon King,FccA87INVUE,https://www.youtube.com/watch?v=FccA87INVUE,UgwBv5Ci2HaXV_HCgqR4AaABAg,"Hi sir Thanks for your information about Our  Journey in the market
I need Your Telegram channel
Please 🙏🏻🙏🏻🙏🏻🙏🏻🙏🏻🙏🏻🙏🏻🙏🏻🙏🏻",2025-02-10T22:37:06Z,2026-10-01T13:28:04.386735+00:00,0,0,,c1bb742bd179fa37b413731a4b4b6945468a113a23ec53dad9a47bf759e7d8d3,,youtube-data-api-v3/commentThreads.list,,FccA87INVUE,Powerful Entry Confirmation You Need,Solomon King,,
youtube,Solomon King,FccA87INVUE,https://www.youtube.com/watch?v=FccA87INVUE,Ugyq4Vu6VO5n-3B7EIB4AaABAg,Please why can't I download this Video @Solomon King,2025-02-03T20:22:52Z,2026-10-01T13:28:04.386735+00:00,0,0,,a9de128a37991678d53377fb3a0afae195a258bb1241c3095ce5ee9bf06a0573,,youtube-data-api-v3/commentThreads.list,,FccA87INVUE,Powerful Entry Confirmation You Need,Solomon King,,
youtube,Solomon King,FccA87INVUE,https://www.youtube.com/watch?v=FccA87INVUE,UgwAXprYAcNa5z7sW2x4AaABAg,Thanks sir,2025-02-04T23:37:15Z,2026-10-01T13:28:04.386735+00:00,0,0,,9482d89d214fda16f4d632f5208d01f95d574dc2603600b4cdb3d97b293d1875,,youtube-data-api-v3/commentThreads.list,,FccA87INVUE,Powerful Entry Confirmation You Need,Solomon King,,
