platform,channel_or_account,content_id,content_url,comment_id,comment_text,comment_timestamp,collected_at,engagement_likes,reply_count,language,author_hash,parent_comment_id,source_actor,source_run_id,video_id,video_title,video_channel,video_views,video_comments
youtube,Capital.com,udvUjY5YLwo,https://www.youtube.com/watch?v=udvUjY5YLwo,Ugyi66l5mhA1qP21S_B4AaABAg.9GV07nbURZX9KKYWk8BVSg,P,2021-03-01T02:52:13Z,2026-10-01T13:27:12.339662+00:00,2,0,,1793cf8d6bf922b5d9a8e2610680c46a9c71a51fc6fd87cc5c30b07f1a44c448,Ugyi66l5mhA1qP21S_B4AaABAg,youtube-data-api-v3/commentThreads.list,,udvUjY5YLwo,Gold Trading for Beginners: How to Build Your Gold Trading Strategy,Capital.com,,
youtube,Capital.com,udvUjY5YLwo,https://www.youtube.com/watch?v=udvUjY5YLwo,Ugyi66l5mhA1qP21S_B4AaABAg.9GV07nbURZX9PAaKh1ZDT-,I am interested in gold,2021-06-29T12:41:21Z,2026-10-01T13:27:12.339662+00:00,2,0,,37eee99a210bf217ffe86cf7f1cd0118c87b498fa5d95245c5ab9acaad28ee6f,Ugyi66l5mhA1qP21S_B4AaABAg,youtube-data-api-v3/commentThreads.list,,udvUjY5YLwo,Gold Trading for Beginners: How to Build Your Gold Trading Strategy,Capital.com,,
youtube,Capital.com,udvUjY5YLwo,https://www.youtube.com/watch?v=udvUjY5YLwo,Ugyi66l5mhA1qP21S_B4AaABAg.9GV07nbURZX9PAaO5rg4jW,How to get involved,2021-06-29T12:41:49Z,2026-10-01T13:27:12.339662+00:00,0,0,,37eee99a210bf217ffe86cf7f1cd0118c87b498fa5d95245c5ab9acaad28ee6f,Ugyi66l5mhA1qP21S_B4AaABAg,youtube-data-api-v3/commentThreads.list,,udvUjY5YLwo,Gold Trading for Beginners: How to Build Your Gold Trading Strategy,Capital.com,,
youtube,Capital.com,udvUjY5YLwo,https://www.youtube.com/watch?v=udvUjY5YLwo,Ugyi66l5mhA1qP21S_B4AaABAg.9GV07nbURZX9Sb0iYI9Ipc,Which books should I read to learn bullion trading?,2021-09-22T17:54:21Z,2026-10-01T13:27:12.339662+00:00,0,0,,431b2c97d8b326d1738d2b3ee85ac4642058031d45d04cb31f980bd260892620,Ugyi66l5mhA1qP21S_B4AaABAg,youtube-data-api-v3/commentThreads.list,,udvUjY5YLwo,Gold Trading for Beginners: How to Build Your Gold Trading Strategy,Capital.com,,
youtube,Capital.com,udvUjY5YLwo,https://www.youtube.com/watch?v=udvUjY5YLwo,Ugyi66l5mhA1qP21S_B4AaABAg.9GV07nbURZX9_Pum0cNw9D,@judithcamarena7714 jii,2022-04-04T21:13:55Z,2026-10-01T13:27:12.339662+00:00,0,0,,b28c8cc97299999aae2ba9e94906655e7c5bf3e5dcc32aa615eb1313cff8eb7d,Ugyi66l5mhA1qP21S_B4AaABAg,youtube-data-api-v3/commentThreads.list,,udvUjY5YLwo,Gold Trading for Beginners: How to Build Your Gold Trading Strategy,Capital.com,,
youtube,Capital.com,udvUjY5YLwo,https://www.youtube.com/watch?v=udvUjY5YLwo,UgxKfZ_RMEbomOibqK54AaABAg,"In my opinion, this is the best explanation video about gold for beginners.",2025-12-31T17:36:54Z,2026-10-01T13:27:12.339662+00:00,0,0,,862cd3d1759cd10c22547408a64a152540da630021721cef176011cfdb2f01df,,youtube-data-api-v3/commentThreads.list,,udvUjY5YLwo,Gold Trading for Beginners: How to Build Your Gold Trading Strategy,Capital.com,,
youtube,Capital.com,udvUjY5YLwo,https://www.youtube.com/watch?v=udvUjY5YLwo,UgxP-aT2KXasxVj9jZJ4AaABAg,This was eye‑opening! Thanks for highlighting these common mistakes   honestly saved me from a few myself,2026-02-12T08:33:00Z,2026-10-01T13:27:12.339662+00:00,1,0,,bee3284297a0b2a4d62be3adf2bcb8e2c9e448831ae0cac8d4973376b5629840,,youtube-data-api-v3/commentThreads.list,,udvUjY5YLwo,Gold Trading for Beginners: How to Build Your Gold Trading Strategy,Capital.com,,
youtube,Capital.com,udvUjY5YLwo,https://www.youtube.com/watch?v=udvUjY5YLwo,UgyHIE64PEf2rFd85UV4AaABAg,Nice work keeping it straight forward to start with,2025-01-16T13:59:01Z,2026-10-01T13:27:12.339662+00:00,1,0,,6a4bb236472ad707ec5194c38439796c0f2666953b0407995c75ee5d5c00b3e5,,youtube-data-api-v3/commentThreads.list,,udvUjY5YLwo,Gold Trading for Beginners: How to Build Your Gold Trading Strategy,Capital.com,,
youtube,Capital.com,udvUjY5YLwo,https://www.youtube.com/watch?v=udvUjY5YLwo,Ugwdig9trd_TXmzsguh4AaABAg,Well explained. God bless you.,2024-03-16T04:46:51Z,2026-10-01T13:27:12.339662+00:00,0,0,,6ba65005eeddca01e7c3c4df75e1e0bd368cabd4d225ce8d8c978892a7d2d249,,youtube-data-api-v3/commentThreads.list,,udvUjY5YLwo,Gold Trading for Beginners: How to Build Your Gold Trading Strategy,Capital.com,,
youtube,Capital.com,udvUjY5YLwo,https://www.youtube.com/watch?v=udvUjY5YLwo,UgwPcoO4bFAvQKUV5Hx4AaABAg,"Very informative Video, Thank You",2022-08-23T04:36:37Z,2026-10-01T13:27:12.339662+00:00,1,0,,a4d79a5610d6804ffdf02f167476330b0dec7f7f2e2d6bb75083cb107a76c274,,youtube-data-api-v3/commentThreads.list,,udvUjY5YLwo,Gold Trading for Beginners: How to Build Your Gold Trading Strategy,Capital.com,,
youtube,Capital.com,udvUjY5YLwo,https://www.youtube.com/watch?v=udvUjY5YLwo,UgzRBzoj27zwkkVjCpZ4AaABAg,Best 6 minutes my life ❤,2023-06-12T16:26:59Z,2026-10-01T13:27:12.339662+00:00,0,0,,0a2c8fad2f86dff9d0df7b65884377aa889f17ef0917214ffff7c1975c9f5659,,youtube-data-api-v3/commentThreads.list,,udvUjY5YLwo,Gold Trading for Beginners: How to Build Your Gold Trading Strategy,Capital.com,,
youtube,Capital.com,udvUjY5YLwo,https://www.youtube.com/watch?v=udvUjY5YLwo,UgwqbKeffxwCxGqGiD94AaABAg,This video is about gold . But value of diamond 💎,2023-11-30T15:46:28Z,2026-10-01T13:27:12.339662+00:00,0,0,,bca85db97a781105045d336ba453f8a08c189d7e2fa4470a523948481bd86913,,youtube-data-api-v3/commentThreads.list,,udvUjY5YLwo,Gold Trading for Beginners: How to Build Your Gold Trading Strategy,Capital.com,,
youtube,Capital.com,udvUjY5YLwo,https://www.youtube.com/watch?v=udvUjY5YLwo,Ugx9lJj0sc6wTKFYv654AaABAg,Thank you! great information!,2020-10-17T17:10:54Z,2026-10-01T13:27:12.339662+00:00,1,1,,49a20f2bcdb05e86a6c7b70f9830d25e6e4c4fc911ba5c2d74ebff520941fd29,,youtube-data-api-v3/commentThreads.list,,udvUjY5YLwo,Gold Trading for Beginners: How to Build Your Gold Trading Strategy,Capital.com,,
youtube,Capital.com,udvUjY5YLwo,https://www.youtube.com/watch?v=udvUjY5YLwo,Ugxbxx2z6S9cbf1LJ-V4AaABAg,Great video clear and great explanation thank you,2021-03-21T01:31:40Z,2026-10-01T13:27:12.339662+00:00,5,1,,fc21b4976e102eacb974b5592d3e960eed99f05a3c6df9d08eb443d9fd3426b5,,youtube-data-api-v3/commentThreads.list,,udvUjY5YLwo,Gold Trading for Beginners: How to Build Your Gold Trading Strategy,Capital.com,,
youtube,Capital.com,udvUjY5YLwo,https://www.youtube.com/watch?v=udvUjY5YLwo,UgwxZOpA0GDgQ6kiAcx4AaABAg,Another beneficial video. Thank you!,2020-10-19T11:15:56Z,2026-10-01T13:27:12.339662+00:00,4,1,,4a92513df937c2a46190329e33801e8439d14d10cb5281500e54f31420211239,,youtube-data-api-v3/commentThreads.list,,udvUjY5YLwo,Gold Trading for Beginners: How to Build Your Gold Trading Strategy,Capital.com,,
youtube,Capital.com,udvUjY5YLwo,https://www.youtube.com/watch?v=udvUjY5YLwo,UgxOyHhScyJ6vncV53V4AaABAg,Thanks sir.. good information,2021-02-20T03:24:45Z,2026-10-01T13:27:12.339662+00:00,1,1,,12e6bfe463b7a872a384c39ae8ee57c7b01555d49b9dd42912f5496c992f0ee9,,youtube-data-api-v3/commentThreads.list,,udvUjY5YLwo,Gold Trading for Beginners: How to Build Your Gold Trading Strategy,Capital.com,,
youtube,Capital.com,udvUjY5YLwo,https://www.youtube.com/watch?v=udvUjY5YLwo,UgyFm1E_ve6eKiLkXF14AaABAg,Great information sir,2022-04-17T17:04:35Z,2026-10-01T13:27:12.339662+00:00,0,0,,2497316a12a5435a1210aa47c10e696b7f33c4d98b7dbcb00635f5267c031be8,,youtube-data-api-v3/commentThreads.list,,udvUjY5YLwo,Gold Trading for Beginners: How to Build Your Gold Trading Strategy,Capital.com,,
youtube,Capital.com,udvUjY5YLwo,https://www.youtube.com/watch?v=udvUjY5YLwo,Ugw_mghrOtgGs3MdVTN4AaABAg,Love Gold trading 🤩🤩... great Video David.,2020-10-17T20:38:26Z,2026-10-01T13:27:12.339662+00:00,4,2,,2e6547d8bde345042ad5c7dfd5bebb710fdae77450dfe0a866ceb214cf2ec01a,,youtube-data-api-v3/commentThreads.list,,udvUjY5YLwo,Gold Trading for Beginners: How to Build Your Gold Trading Strategy,Capital.com,,
youtube,Capital.com,udvUjY5YLwo,https://www.youtube.com/watch?v=udvUjY5YLwo,Ugw_mghrOtgGs3MdVTN4AaABAg.9EvqDsf_DQ7AMqRXgmoUHK,Which exchange is best and easy for gold trading in Pakistan,2025-09-09T07:58:08Z,2026-10-01T13:27:12.339662+00:00,0,0,,e4632677a90f5ee414a3e4353e8db84edd38319e4c74b64ad0678246056fbb5e,Ugw_mghrOtgGs3MdVTN4AaABAg,youtube-data-api-v3/commentThreads.list,,udvUjY5YLwo,Gold Trading for Beginners: How to Build Your Gold Trading Strategy,Capital.com,,
youtube,Capital.com,udvUjY5YLwo,https://www.youtube.com/watch?v=udvUjY5YLwo,UgxLUNyeHGwXJ-Q8A414AaABAg,thanks for your update....,2023-04-06T10:16:33Z,2026-10-01T13:27:12.339662+00:00,0,0,,452d9c459500cdc8e07b13bb32023e0e02a7d70e44cfffc7868bb3bec12f3e42,,youtube-data-api-v3/commentThreads.list,,udvUjY5YLwo,Gold Trading for Beginners: How to Build Your Gold Trading Strategy,Capital.com,,
youtube,Capital.com,udvUjY5YLwo,https://www.youtube.com/watch?v=udvUjY5YLwo,UgyuoFHHy_jd8Dos3qx4AaABAg,I love videos like this. Would you consider doing a similar one for Bitcoin? Thanks.,2020-10-17T18:37:58Z,2026-10-01T13:27:12.339662+00:00,21,1,,f8f5823821392f245a0029af0fbd3dc3b574cb1572fe749884dcc75382279cd4,,youtube-data-api-v3/commentThreads.list,,udvUjY5YLwo,Gold Trading for Beginners: How to Build Your Gold Trading Strategy,Capital.com,,
youtube,Capital.com,udvUjY5YLwo,https://www.youtube.com/watch?v=udvUjY5YLwo,UgyGKzwXtrV-g8AndIR4AaABAg,Thanks David,2020-10-18T06:45:31Z,2026-10-01T13:27:12.339662+00:00,1,1,,160b8d89b6828622d6443bf60dfcfcdfa032d28c0df018e9854cbad3e82aec9d,,youtube-data-api-v3/commentThreads.list,,udvUjY5YLwo,Gold Trading for Beginners: How to Build Your Gold Trading Strategy,Capital.com,,
youtube,Capital.com,udvUjY5YLwo,https://www.youtube.com/watch?v=udvUjY5YLwo,UgzFhTg3y6ZaGnzSS3R4AaABAg,are we at a bottom ? loved the video,2022-10-19T23:01:57Z,2026-10-01T13:27:12.339662+00:00,0,0,,05ce38ba889a945f0ba03309158637cb30b069322b035a629792fd4ce6655f1c,,youtube-data-api-v3/commentThreads.list,,udvUjY5YLwo,Gold Trading for Beginners: How to Build Your Gold Trading Strategy,Capital.com,,
youtube,Capital.com,udvUjY5YLwo,https://www.youtube.com/watch?v=udvUjY5YLwo,Ugx3OriPlnot40Ig2Dx4AaABAg,Kindly recommend Top 5 Gold Trading Platforms one can trade in today...,2023-07-30T18:31:49Z,2026-10-01T13:27:12.339662+00:00,2,0,,c06d35aa6ed297baffa8f428692b71562b00965e8b46d2837917955cbaa198c5,,youtube-data-api-v3/commentThreads.list,,udvUjY5YLwo,Gold Trading for Beginners: How to Build Your Gold Trading Strategy,Capital.com,,
youtube,Capital.com,udvUjY5YLwo,https://www.youtube.com/watch?v=udvUjY5YLwo,UgxUXMZ1fP4NLyANtyV4AaABAg,Love your Songs Jemmy Swaggart,2022-04-11T20:11:24Z,2026-10-01T13:27:12.339662+00:00,0,0,,f344281545c91ebf8f1880df48ba1c65587995f3799b0ce126617b93c94c64ee,,youtube-data-api-v3/commentThreads.list,,udvUjY5YLwo,Gold Trading for Beginners: How to Build Your Gold Trading Strategy,Capital.com,,
youtube,Capital.com,udvUjY5YLwo,https://www.youtube.com/watch?v=udvUjY5YLwo,Ugyk-MScDwaY8SfKvC94AaABAg,Informative,2021-08-11T11:31:07Z,2026-10-01T13:27:12.339662+00:00,0,0,,99b45d423957335ffbd088cf156006b1dcb74b9350d0a58c97d9c18cfc08627e,,youtube-data-api-v3/commentThreads.list,,udvUjY5YLwo,Gold Trading for Beginners: How to Build Your Gold Trading Strategy,Capital.com,,
youtube,Capital.com,udvUjY5YLwo,https://www.youtube.com/watch?v=udvUjY5YLwo,Ugy-NvZ5jTR2U41BV554AaABAg,Always trade in when US Uk market session intersects. That’s my simple strategy to make good profit.,2021-06-07T17:49:49Z,2026-10-01T13:27:12.339662+00:00,5,3,,54464f617a9f6967bb47b6cb2d6da7c96422358a1a74150d9876f57231335ca9,,youtube-data-api-v3/commentThreads.list,,udvUjY5YLwo,Gold Trading for Beginners: How to Build Your Gold Trading Strategy,Capital.com,,
youtube,Capital.com,udvUjY5YLwo,https://www.youtube.com/watch?v=udvUjY5YLwo,Ugy-NvZ5jTR2U41BV554AaABAg.9OIV8oIlSCk9Oh87BWxgqo,Could you also tell the time period?,2021-06-17T16:48:53Z,2026-10-01T13:27:12.339662+00:00,0,0,,d306bf89774c256f501012a366595b6feb4e0a19505ff6ed163ba00faa772b9c,Ugy-NvZ5jTR2U41BV554AaABAg,youtube-data-api-v3/commentThreads.list,,udvUjY5YLwo,Gold Trading for Beginners: How to Build Your Gold Trading Strategy,Capital.com,,
youtube,Capital.com,udvUjY5YLwo,https://www.youtube.com/watch?v=udvUjY5YLwo,Ugy-NvZ5jTR2U41BV554AaABAg.9OIV8oIlSCk9OiGLSlJgvO,@thickkuro8507 6pm-8pm GMT +45,2021-06-18T03:19:58Z,2026-10-01T13:27:12.339662+00:00,0,0,,54464f617a9f6967bb47b6cb2d6da7c96422358a1a74150d9876f57231335ca9,Ugy-NvZ5jTR2U41BV554AaABAg,youtube-data-api-v3/commentThreads.list,,udvUjY5YLwo,Gold Trading for Beginners: How to Build Your Gold Trading Strategy,Capital.com,,
youtube,Capital.com,udvUjY5YLwo,https://www.youtube.com/watch?v=udvUjY5YLwo,Ugy-NvZ5jTR2U41BV554AaABAg.9OIV8oIlSCk9PTLC8s0enF,@mohanaryal677 please let me know the meaning of +45,2021-07-06T19:25:56Z,2026-10-01T13:27:12.339662+00:00,0,0,,2c5568c56ba28a69cb2a7a2171616a68d6d646f6fe271cd08c8abef471ddab1d,Ugy-NvZ5jTR2U41BV554AaABAg,youtube-data-api-v3/commentThreads.list,,udvUjY5YLwo,Gold Trading for Beginners: How to Build Your Gold Trading Strategy,Capital.com,,
youtube,Capital.com,udvUjY5YLwo,https://www.youtube.com/watch?v=udvUjY5YLwo,UgxexqsUWDG0f59ni5l4AaABAg,"Gold, always believe in your soul :-)",2020-10-18T21:00:25Z,2026-10-01T13:27:12.339662+00:00,0,1,,25c81561599c7f86c2f223c968e9a3bfa8d4cde198c1128212bd689a5669585b,,youtube-data-api-v3/commentThreads.list,,udvUjY5YLwo,Gold Trading for Beginners: How to Build Your Gold Trading Strategy,Capital.com,,
youtube,Capital.com,udvUjY5YLwo,https://www.youtube.com/watch?v=udvUjY5YLwo,UgzNBLBK2G6h65EZ9VJ4AaABAg,Thank you so much,2026-09-28T12:18:16Z,2026-10-01T13:27:12.339662+00:00,0,0,,d6e5d88a562d7d6d281220f2a85ce6680f7ff355deba4f239953db63fbf7045e,,youtube-data-api-v3/commentThreads.list,,udvUjY5YLwo,Gold Trading for Beginners: How to Build Your Gold Trading Strategy,Capital.com,,
youtube,Capital.com,udvUjY5YLwo,https://www.youtube.com/watch?v=udvUjY5YLwo,Ugw0Jse1caOIWULif8d4AaABAg,Gold 💯,2021-01-30T13:24:26Z,2026-10-01T13:27:12.339662+00:00,1,1,,7d753f2217ea48b17b3c7e77c3d2982dc1f783e0e71915e0bd706697c645cbcf,,youtube-data-api-v3/commentThreads.list,,udvUjY5YLwo,Gold Trading for Beginners: How to Build Your Gold Trading Strategy,Capital.com,,
youtube,Capital.com,udvUjY5YLwo,https://www.youtube.com/watch?v=udvUjY5YLwo,UgxnANCNZr0_M_yiGmp4AaABAg,Sounds like David Jones. Pretty certain it is.,2025-02-01T14:45:00Z,2026-10-01T13:27:12.339662+00:00,0,0,,54affe619fbfd75a4b27492c0762b7f013b116a20139df82bda0669836b36c37,,youtube-data-api-v3/commentThreads.list,,udvUjY5YLwo,Gold Trading for Beginners: How to Build Your Gold Trading Strategy,Capital.com,,
youtube,Capital.com,udvUjY5YLwo,https://www.youtube.com/watch?v=udvUjY5YLwo,UgzOZPsof_uz0wbuewx4AaABAg,Insightful !!,2021-12-16T16:23:46Z,2026-10-01T13:27:12.339662+00:00,0,0,,49bf234b83f1cc1e6300492b1ff001e5104feaa26727ffdc21c0cea69f4198ad,,youtube-data-api-v3/commentThreads.list,,udvUjY5YLwo,Gold Trading for Beginners: How to Build Your Gold Trading Strategy,Capital.com,,
youtube,Capital.com,udvUjY5YLwo,https://www.youtube.com/watch?v=udvUjY5YLwo,Ugxt0ND00-qWIgrIUwR4AaABAg,nice video sir,2021-02-02T12:56:34Z,2026-10-01T13:27:12.339662+00:00,1,1,,760c73e9af691de224ee19c67f6b0d090f11df65811fae08466c79bf0efc53bd,,youtube-data-api-v3/commentThreads.list,,udvUjY5YLwo,Gold Trading for Beginners: How to Build Your Gold Trading Strategy,Capital.com,,
youtube,Capital.com,udvUjY5YLwo,https://www.youtube.com/watch?v=udvUjY5YLwo,UgxtR583iD86GIjDJy14AaABAg,Another great video. I was wondering if you have a video where you show how you hedge ones portfolio in case of a crash? Do you use for example TQQQ/SQQQ or any inverse ETFs. Thank you!!!,2020-10-18T05:33:04Z,2026-10-01T13:27:12.339662+00:00,4,1,,76254b11d4c94ce29cb4209a1605d73853fa872d664a3a1b90a865474cdea7ed,,youtube-data-api-v3/commentThreads.list,,udvUjY5YLwo,Gold Trading for Beginners: How to Build Your Gold Trading Strategy,Capital.com,,
youtube,Capital.com,udvUjY5YLwo,https://www.youtube.com/watch?v=udvUjY5YLwo,Ugy-MSlrc3Vl72nFkeV4AaABAg,"I want to push back one one point:  Gold is unlike all other commodities in that almost all the gold ever mined is still available for consumption.  It's either in jewelry, coins, bars, small percentages in computer chips and other electronics, etc.  Therefore, newly mined gold only adds 2% or so to the total real supply and thus is not a significant factor in the price.  ie. if the price goes to $3,000/oz, it won't bring on much more new mined supply, but will bring out a lot of old coins and bars on the market.

Even for silver, some of it is lost to landfills over time because it's not economical to recover some of it.  For copper, it's a bigger loss, for iron/steel, even more.  Oil and gas and corn is totally consumed.",2020-10-18T08:11:01Z,2026-10-01T13:27:12.339662+00:00,21,6,,f1cf996b614c10d95394fa925ebc161accfdc920609353a0921078cab5dfc7be,,youtube-data-api-v3/commentThreads.list,,udvUjY5YLwo,Gold Trading for Beginners: How to Build Your Gold Trading Strategy,Capital.com,,
youtube,Capital.com,udvUjY5YLwo,https://www.youtube.com/watch?v=udvUjY5YLwo,Ugy-MSlrc3Vl72nFkeV4AaABAg.9Ex4UVRIElp9KVkMfRQpjh,"​@Capitaltrading Actually, I don't think we disagree.  An increased price of gold will raise output from mines - agreed.  For one thing, a price of $3k turns what was once waste rock ( at $2k ) into ""ore"" that can/will be processed into new metal.  My contention is that it doesn't matter how much existing mines increase their production or how many new mines are opened, the new mine supply is INSIGNIFICANT next to ""old mine production"" -- coins/bars in the hands of the ""public"" ( where ""public"" is anyone sitting on coins/bars from last year or 100 years ago . . . ).  It's not like, say, copper or oil where pretty much ALL the market supply is new, fresh production and the fresh stuff suppresses the price. . . . Silver has its own supply issues, but they are different.  There is a lot of old supply ( nothing like gold ), but most new mined production is as a byproduct and not from primary mine production so increasing prices ( $30 / $40 / $50? ) doesn't effect supply much at all.  Interestingly, it doesn't effect demand much at all either.  Each use of silver uses so little of it that the user will pay whatever the price IS in order to get it.

My take on 2021 gold price?  OK, you asked . . . ( you know that opinions are like rectal orifices . . . ) Gold will finish the year substantially higher than the previous record price of about $2,100.  It MIGHT get to $3k this year, but might finish at $2.5k.  It needs to shake out as many people as possible first.  The Hulbert Ratings sentiment is below -30% as of yesterday.  Many are looking for $1,500 or 1,400 gold coming up.  I doubt it, but don't care.  The CCP virus has ensured HUGE deficit spending around the world with huge ramp-up in debt.  Gold's NOT an inflation hedge, but it WILL revert to the mean ( and over and under . . . ).",2021-03-05T11:16:04Z,2026-10-01T13:27:12.339662+00:00,0,0,,f1cf996b614c10d95394fa925ebc161accfdc920609353a0921078cab5dfc7be,Ugy-MSlrc3Vl72nFkeV4AaABAg,youtube-data-api-v3/commentThreads.list,,udvUjY5YLwo,Gold Trading for Beginners: How to Build Your Gold Trading Strategy,Capital.com,,
youtube,Capital.com,udvUjY5YLwo,https://www.youtube.com/watch?v=udvUjY5YLwo,Ugy-MSlrc3Vl72nFkeV4AaABAg.9Ex4UVRIElp9_UJAoRwYXj,Plz I need someone to put me how to trade gold ......I am tired of wasting my account Everytime,2022-04-06T14:12:51Z,2026-10-01T13:27:12.339662+00:00,1,0,,43b49b57b3d304fc0d687556e97798eb3f664542874ebfe3cc1e2c1b8b893ff5,Ugy-MSlrc3Vl72nFkeV4AaABAg,youtube-data-api-v3/commentThreads.list,,udvUjY5YLwo,Gold Trading for Beginners: How to Build Your Gold Trading Strategy,Capital.com,,
youtube,Capital.com,udvUjY5YLwo,https://www.youtube.com/watch?v=udvUjY5YLwo,Ugy-MSlrc3Vl72nFkeV4AaABAg.9Ex4UVRIElp9_Y5e3Z_Of1,@adeyemiadetunji7744 Start by going into ANY coin store and just buying a fractional gold coin ( ie 1/20th or 1/10th oz ).  Any long-time trader has both gained & lost money on gold. .. Your turn. ....,2022-04-08T01:31:37Z,2026-10-01T13:27:12.339662+00:00,2,0,,f1cf996b614c10d95394fa925ebc161accfdc920609353a0921078cab5dfc7be,Ugy-MSlrc3Vl72nFkeV4AaABAg,youtube-data-api-v3/commentThreads.list,,udvUjY5YLwo,Gold Trading for Beginners: How to Build Your Gold Trading Strategy,Capital.com,,
youtube,Capital.com,udvUjY5YLwo,https://www.youtube.com/watch?v=udvUjY5YLwo,Ugy-MSlrc3Vl72nFkeV4AaABAg.9Ex4UVRIElp9h_R6QGsgV7,"At



Forex Gold Trading Strategy Please kindly click the below links and watch all the videos also please kindly subscribe our YouTube channel

https://youtube.com/shorts/QVoMyxS2VkY?feature=share
https://youtube.com/shorts/jox0QqurPiM?feature=share
https://youtube.com/shorts/zxmxKy6Ml3g?feature=share
https://youtube.com/shorts/3rwetx_gbqA?feature=share",2022-10-24T19:28:45Z,2026-10-01T13:27:12.339662+00:00,0,0,,e404c456d0de947027978fdcf20e5f905a4b4be4fac7a97849a430d66fc87d26,Ugy-MSlrc3Vl72nFkeV4AaABAg,youtube-data-api-v3/commentThreads.list,,udvUjY5YLwo,Gold Trading for Beginners: How to Build Your Gold Trading Strategy,Capital.com,,
youtube,Capital.com,udvUjY5YLwo,https://www.youtube.com/watch?v=udvUjY5YLwo,UgyH95fGCmODylXOnq14AaABAg,Amazing video . Can you do one on US30?,2021-03-11T16:40:53Z,2026-10-01T13:27:12.339662+00:00,2,1,,51877e22596519c8ab88fe285b08a2f7c16571882cec246ffe0438cd8d0cdfff,,youtube-data-api-v3/commentThreads.list,,udvUjY5YLwo,Gold Trading for Beginners: How to Build Your Gold Trading Strategy,Capital.com,,
youtube,Capital.com,udvUjY5YLwo,https://www.youtube.com/watch?v=udvUjY5YLwo,UgxDj3DFZj2W2XInewF4AaABAg,beneficial video. Thank you!,2021-06-12T13:12:45Z,2026-10-01T13:27:12.339662+00:00,1,0,,94e63a370aaa3e6929246aacd2918ba7758c38a6c86e52fb687f66d48b17771f,,youtube-data-api-v3/commentThreads.list,,udvUjY5YLwo,Gold Trading for Beginners: How to Build Your Gold Trading Strategy,Capital.com,,
youtube,Capital.com,udvUjY5YLwo,https://www.youtube.com/watch?v=udvUjY5YLwo,UgwSWyqouhc9Em2i6t14AaABAg,Thanks a lot for these videos. I'm relatively new to trading... I'm yet to start trading Gold. Tested with silver took two hits and backed off for now... 😂 Brent oil and natural gas have been my best friends 😁😁. Been taking large profits from those.,2020-10-18T12:44:27Z,2026-10-01T13:27:12.339662+00:00,9,10,,ce17cb04410164b518dae66bca3e6890036437ab16faa17643e5c234398b3922,,youtube-data-api-v3/commentThreads.list,,udvUjY5YLwo,Gold Trading for Beginners: How to Build Your Gold Trading Strategy,Capital.com,,
youtube,Capital.com,udvUjY5YLwo,https://www.youtube.com/watch?v=udvUjY5YLwo,UgwSWyqouhc9Em2i6t14AaABAg.9ExZmDYReAM9GpBUeQ8KFD,"That was funny, I would like you to join crypto currency. Its taking over the world of investment.",2020-12-03T23:41:04Z,2026-10-01T13:27:12.339662+00:00,0,0,,b0035a75dcbecec290209e267b92a63f888121f84d4ca8e17302b8d5273d175c,UgwSWyqouhc9Em2i6t14AaABAg,youtube-data-api-v3/commentThreads.list,,udvUjY5YLwo,Gold Trading for Beginners: How to Build Your Gold Trading Strategy,Capital.com,,
youtube,Capital.com,udvUjY5YLwo,https://www.youtube.com/watch?v=udvUjY5YLwo,UgwSWyqouhc9Em2i6t14AaABAg.9ExZmDYReAM9KR7Bb3J0Ga,Hey@bob am new to trading. any tips on brent oil and gas,2021-03-03T16:08:05Z,2026-10-01T13:27:12.339662+00:00,0,0,,f6996cfbd0e0e02d2dfa62a44d9b0c4c95386885f519fde1d899f72de16d7100,UgwSWyqouhc9Em2i6t14AaABAg,youtube-data-api-v3/commentThreads.list,,udvUjY5YLwo,Gold Trading for Beginners: How to Build Your Gold Trading Strategy,Capital.com,,
youtube,Capital.com,udvUjY5YLwo,https://www.youtube.com/watch?v=udvUjY5YLwo,UgwSWyqouhc9Em2i6t14AaABAg.9ExZmDYReAM9KU2cfPZnDe,@Capitaltrading Still not in gold! I decided to stick with the markets that give me profits. Brent oil still doing great. 👍,2021-03-04T19:25:56Z,2026-10-01T13:27:12.339662+00:00,0,0,,ce17cb04410164b518dae66bca3e6890036437ab16faa17643e5c234398b3922,UgwSWyqouhc9Em2i6t14AaABAg,youtube-data-api-v3/commentThreads.list,,udvUjY5YLwo,Gold Trading for Beginners: How to Build Your Gold Trading Strategy,Capital.com,,
youtube,Capital.com,udvUjY5YLwo,https://www.youtube.com/watch?v=udvUjY5YLwo,UgwSWyqouhc9Em2i6t14AaABAg.9ExZmDYReAM9KU3WpSxFn0,"@charlesbanda7714 It really is difficult for me to give financial advice to anyone. I've been long every time Brent oil dipped. Took profits every time I made like 2x - 3x what I stake. Today's news from OPEC just gave me more gains.

But I honestly don't know how the markets will react when the supply is increased. When the supply increases and I buy the dip... That will be a bummer. So I just try to keep up to speed with the news on oil. That's it!",2021-03-04T19:33:44Z,2026-10-01T13:27:12.339662+00:00,0,0,,ce17cb04410164b518dae66bca3e6890036437ab16faa17643e5c234398b3922,UgwSWyqouhc9Em2i6t14AaABAg,youtube-data-api-v3/commentThreads.list,,udvUjY5YLwo,Gold Trading for Beginners: How to Build Your Gold Trading Strategy,Capital.com,,
youtube,Capital.com,udvUjY5YLwo,https://www.youtube.com/watch?v=udvUjY5YLwo,Ugxeot68JluP-Bd3yRl4AaABAg,Tell the procedure of day trading gold,2021-04-27T19:01:44Z,2026-10-01T13:27:12.339662+00:00,1,0,,3da7e0161568518a1b4f2e463974cb2998fe96c19d4aa009850042e12a080c7e,,youtube-data-api-v3/commentThreads.list,,udvUjY5YLwo,Gold Trading for Beginners: How to Build Your Gold Trading Strategy,Capital.com,,
youtube,Capital.com,udvUjY5YLwo,https://www.youtube.com/watch?v=udvUjY5YLwo,UgxOT_AGF7_0TtScmPF4AaABAg,"Great info once again, but I’d say the British empire was built on a good old cup of Tea lol. 😂👍🏻",2020-10-17T14:12:22Z,2026-10-01T13:27:12.339662+00:00,13,3,,ea5886defa8e2b2864c9215a4bf757fe32674436ca88ace1df52f665629b15cf,,youtube-data-api-v3/commentThreads.list,,udvUjY5YLwo,Gold Trading for Beginners: How to Build Your Gold Trading Strategy,Capital.com,,
youtube,Capital.com,udvUjY5YLwo,https://www.youtube.com/watch?v=udvUjY5YLwo,UgxOT_AGF7_0TtScmPF4AaABAg.9Ev92GQHk1M9EvQLEwN4b6,"Milk? Not English, but as I remember line  from the movie ""It is so uncivilised tea without milk, don't you think so?""",2020-10-17T16:43:31Z,2026-10-01T13:27:12.339662+00:00,1,0,,bc8fc14deaf5901bd4b2b5e72bfc815b192d8d4721370e1d83e1d8f56b5a3128,UgxOT_AGF7_0TtScmPF4AaABAg,youtube-data-api-v3/commentThreads.list,,udvUjY5YLwo,Gold Trading for Beginners: How to Build Your Gold Trading Strategy,Capital.com,,
youtube,Capital.com,udvUjY5YLwo,https://www.youtube.com/watch?v=udvUjY5YLwo,UgxOT_AGF7_0TtScmPF4AaABAg.9Ev92GQHk1M9Ev_F1bW38l,"@LikeButtonSmasher As an English gentleman I prefer 1 sugar with milk, but lately I prefer Japanese Matcha 🍵 it makes me think clearly before trading gold. 😉👍🏻",2020-10-17T18:10:03Z,2026-10-01T13:27:12.339662+00:00,2,0,,ea5886defa8e2b2864c9215a4bf757fe32674436ca88ace1df52f665629b15cf,UgxOT_AGF7_0TtScmPF4AaABAg,youtube-data-api-v3/commentThreads.list,,udvUjY5YLwo,Gold Trading for Beginners: How to Build Your Gold Trading Strategy,Capital.com,,
youtube,Capital.com,udvUjY5YLwo,https://www.youtube.com/watch?v=udvUjY5YLwo,UgywWGKXj7HxhASIUfR4AaABAg,this vedio is really help full .i am trading gold in domestic market how can i batter understand the trends ..,2022-03-05T09:55:22Z,2026-10-01T13:27:12.339662+00:00,1,1,,d46de5a0204eeb68ef392eb029bef6d38c6cd2127c14ba1d879e9bfbf203629f,,youtube-data-api-v3/commentThreads.list,,udvUjY5YLwo,Gold Trading for Beginners: How to Build Your Gold Trading Strategy,Capital.com,,
youtube,Capital.com,udvUjY5YLwo,https://www.youtube.com/watch?v=udvUjY5YLwo,UgzkIsxJGJaKVm_7XZl4AaABAg,What is the symbol for Gold traded on TD Ameritrade and do you know how much the minimum to trade Gold online. Thanks. Beginner,2023-03-10T05:30:35Z,2026-10-01T13:27:12.339662+00:00,2,0,,09ba6ac4440277b4abc2723d31be2b163065c160a7042938c12dff5b340caac4,,youtube-data-api-v3/commentThreads.list,,udvUjY5YLwo,Gold Trading for Beginners: How to Build Your Gold Trading Strategy,Capital.com,,
youtube,Capital.com,udvUjY5YLwo,https://www.youtube.com/watch?v=udvUjY5YLwo,Ugxs1iR4_yIl0ClzM5Z4AaABAg,Hi I'm a beginner in fx trading so I trade gold so what I would like to knw is can I place  a chart without using technical analysis by just watching the candles,2024-12-19T20:07:36Z,2026-10-01T13:27:12.339662+00:00,0,0,,2a8c161abf970f1da045335477abd7e6c92fdf3faf309fc3b08997d1664dfa5c,,youtube-data-api-v3/commentThreads.list,,udvUjY5YLwo,Gold Trading for Beginners: How to Build Your Gold Trading Strategy,Capital.com,,
youtube,Capital.com,udvUjY5YLwo,https://www.youtube.com/watch?v=udvUjY5YLwo,UgyONkh26WD2s_ZyEGF4AaABAg,How do i open a trading account?can i use an existing bank account?,2024-08-06T20:10:18Z,2026-10-01T13:27:12.339662+00:00,0,0,,0e17796c8264e0973861f535da3c6152a587dce4e652e98d8c61d20910b4bd63,,youtube-data-api-v3/commentThreads.list,,udvUjY5YLwo,Gold Trading for Beginners: How to Build Your Gold Trading Strategy,Capital.com,,
youtube,Capital.com,udvUjY5YLwo,https://www.youtube.com/watch?v=udvUjY5YLwo,UgyyuAan-Lgbb2Gz6ZJ4AaABAg,Where and on what platform I can trade gold daily,2023-04-30T17:06:52Z,2026-10-01T13:27:12.339662+00:00,1,0,,7d3ddc1745a2ccb761fc49101abbb4d5218c1309921ed73f75370f04c437e511,,youtube-data-api-v3/commentThreads.list,,udvUjY5YLwo,Gold Trading for Beginners: How to Build Your Gold Trading Strategy,Capital.com,,
youtube,Capital.com,udvUjY5YLwo,https://www.youtube.com/watch?v=udvUjY5YLwo,UgyRLAxjNqo6chyAMIl4AaABAg,Which gold trading platform is good for a beginner?,2026-03-23T17:43:50Z,2026-10-01T13:27:12.339662+00:00,1,0,,61d18a1d87dc143357ffef27bb7217216bd1794aa8bcd722fa09872f524b0fa3,,youtube-data-api-v3/commentThreads.list,,udvUjY5YLwo,Gold Trading for Beginners: How to Build Your Gold Trading Strategy,Capital.com,,
youtube,Capital.com,udvUjY5YLwo,https://www.youtube.com/watch?v=udvUjY5YLwo,Ugxleh8uGWkChefAiVl4AaABAg,"I am beginner in trading
And I am now reading the candlestick bible. Can you please assist me in any way possible ?",2026-04-28T11:11:52Z,2026-10-01T13:27:12.339662+00:00,0,0,,d2a29f4fc73cdf9030be6eff873dce0e01d46c3b39f100b6c55647bed3c7695b,,youtube-data-api-v3/commentThreads.list,,udvUjY5YLwo,Gold Trading for Beginners: How to Build Your Gold Trading Strategy,Capital.com,,
youtube,Capital.com,udvUjY5YLwo,https://www.youtube.com/watch?v=udvUjY5YLwo,UgzSshZLJgQ1UGAIEsd4AaABAg,Good,2024-02-25T14:43:28Z,2026-10-01T13:27:12.339662+00:00,0,0,,5336763cf7c10bd31be1a9d80b6f1f76b5d6d104541c6639f766092ec417bc36,,youtube-data-api-v3/commentThreads.list,,udvUjY5YLwo,Gold Trading for Beginners: How to Build Your Gold Trading Strategy,Capital.com,,
youtube,Capital.com,udvUjY5YLwo,https://www.youtube.com/watch?v=udvUjY5YLwo,Ugzq2jEVfTEUYxQj24t4AaABAg,Please can you take me on a class to study charts i really need it🙏,2022-04-15T07:27:56Z,2026-10-01T13:27:12.339662+00:00,1,1,,f12d3c26d2b8337a95906331e16989f7ca91f95a88a1d00db7e9b53449cea990,,youtube-data-api-v3/commentThreads.list,,udvUjY5YLwo,Gold Trading for Beginners: How to Build Your Gold Trading Strategy,Capital.com,,
youtube,Capital.com,udvUjY5YLwo,https://www.youtube.com/watch?v=udvUjY5YLwo,UgyJRkaTmfhkqJciK2d4AaABAg,Thank,2024-11-05T14:16:45Z,2026-10-01T13:27:12.339662+00:00,0,0,,54e932329f4bb714238f3d21e8abbba1d36ae22142daff2c31c91e10cea34673,,youtube-data-api-v3/commentThreads.list,,udvUjY5YLwo,Gold Trading for Beginners: How to Build Your Gold Trading Strategy,Capital.com,,
youtube,Capital.com,udvUjY5YLwo,https://www.youtube.com/watch?v=udvUjY5YLwo,UgxkkZ1purRniUc1FL54AaABAg,How much money need for gold trading,2022-03-13T22:15:59Z,2026-10-01T13:27:12.339662+00:00,0,0,,371ec4ec8be19df0e44f1ca1969a187edca9311cceb8aaaefb89190f36bb8d76,,youtube-data-api-v3/commentThreads.list,,udvUjY5YLwo,Gold Trading for Beginners: How to Build Your Gold Trading Strategy,Capital.com,,
youtube,Capital.com,udvUjY5YLwo,https://www.youtube.com/watch?v=udvUjY5YLwo,UgxsNzOX0ta4tCVEI114AaABAg,How can I start trading gold,2024-05-13T11:28:12Z,2026-10-01T13:27:12.339662+00:00,1,0,,fdbe07c87af1450a9240d31c9482e525ace768d51189b2312d51828f4757754d,,youtube-data-api-v3/commentThreads.list,,udvUjY5YLwo,Gold Trading for Beginners: How to Build Your Gold Trading Strategy,Capital.com,,
youtube,Capital.com,udvUjY5YLwo,https://www.youtube.com/watch?v=udvUjY5YLwo,UgxNytqekWdj3Fkqzah4AaABAg,How to open my account for trading,2023-03-11T14:20:08Z,2026-10-01T13:27:12.339662+00:00,0,0,,f8c75efc62480d27959e3fc080ae34590fb9cb5707b4e5bd66684ed88e33b966,,youtube-data-api-v3/commentThreads.list,,udvUjY5YLwo,Gold Trading for Beginners: How to Build Your Gold Trading Strategy,Capital.com,,
youtube,Capital.com,udvUjY5YLwo,https://www.youtube.com/watch?v=udvUjY5YLwo,Ugy2NDllp_dRmcYKbnF4AaABAg,nice,2026-04-24T18:59:11Z,2026-10-01T13:27:12.339662+00:00,0,0,,d43d0c01e568e021fb66442aa82a5ecb33261aa921ae4d859a4d2dc31f72812a,,youtube-data-api-v3/commentThreads.list,,udvUjY5YLwo,Gold Trading for Beginners: How to Build Your Gold Trading Strategy,Capital.com,,
youtube,Capital.com,udvUjY5YLwo,https://www.youtube.com/watch?v=udvUjY5YLwo,UgwnYkqWjmeo1b9v4q94AaABAg,I need someone who will willing teach me how to trade,2024-11-05T14:18:11Z,2026-10-01T13:27:12.339662+00:00,0,0,,54e932329f4bb714238f3d21e8abbba1d36ae22142daff2c31c91e10cea34673,,youtube-data-api-v3/commentThreads.list,,udvUjY5YLwo,Gold Trading for Beginners: How to Build Your Gold Trading Strategy,Capital.com,,
youtube,Capital.com,udvUjY5YLwo,https://www.youtube.com/watch?v=udvUjY5YLwo,UgxEasCA6j5c6r8zS694AaABAg,"Comment fonctionne ce compte, est je besoin d'être adhéré.",2025-12-20T19:52:56Z,2026-10-01T13:27:12.339662+00:00,0,0,,27a0862f187da360fa664deb9453baa5307d68b2a4cca4e85fde7266ea9ee3de,,youtube-data-api-v3/commentThreads.list,,udvUjY5YLwo,Gold Trading for Beginners: How to Build Your Gold Trading Strategy,Capital.com,,
youtube,Capital.com,udvUjY5YLwo,https://www.youtube.com/watch?v=udvUjY5YLwo,UgxPzddZh2SeTwT3yVN4AaABAg,"Thanks for sharing this video. Appreciate it if you could share the links to the influence points you mentioned in the video, please. Like if we would like to check the interest rate, inflation rate, bounds current status please? I mean which website we should refer to for these stats plz ?",2022-02-13T13:17:35Z,2026-10-01T13:27:12.339662+00:00,1,0,,9473d6a929b5447594b2e9425cac85d42bd00f7cb309851eee302c6e95e479c4,,youtube-data-api-v3/commentThreads.list,,udvUjY5YLwo,Gold Trading for Beginners: How to Build Your Gold Trading Strategy,Capital.com,,
youtube,Capital.com,udvUjY5YLwo,https://www.youtube.com/watch?v=udvUjY5YLwo,UgxLcQEedE5UBZhSDq94AaABAg,how do i start gold trading what do i have to do for it and how it can be a great investment for me,2020-11-27T13:21:18Z,2026-10-01T13:27:12.339662+00:00,9,0,,8b96f13320dff20ff3a74dd69ff470e0795bc18ddaf4dd2ad94ed9b9ad7814d3,,youtube-data-api-v3/commentThreads.list,,udvUjY5YLwo,Gold Trading for Beginners: How to Build Your Gold Trading Strategy,Capital.com,,
youtube,Capital.com,udvUjY5YLwo,https://www.youtube.com/watch?v=udvUjY5YLwo,Ugw8ZjzRg8amRuGoE5p4AaABAg,"Good morning 
Which is best book for gold trading please suggest me",2023-04-20T11:37:05Z,2026-10-01T13:27:12.339662+00:00,1,1,,e52bf4eb94a287175844c63ffc201cdc9a24387ef7794ffea9700122ae5f255b,,youtube-data-api-v3/commentThreads.list,,udvUjY5YLwo,Gold Trading for Beginners: How to Build Your Gold Trading Strategy,Capital.com,,
youtube,Capital.com,udvUjY5YLwo,https://www.youtube.com/watch?v=udvUjY5YLwo,UgyqqkQP9XZ_nkQsLIt4AaABAg,🤔,2021-06-07T18:24:16Z,2026-10-01T13:27:12.339662+00:00,0,0,,f0bdd12ba3850bfa47e93b8a357a1aa645adbd82377aa5af2a2b07c4e515a255,,youtube-data-api-v3/commentThreads.list,,udvUjY5YLwo,Gold Trading for Beginners: How to Build Your Gold Trading Strategy,Capital.com,,
youtube,Capital.com,udvUjY5YLwo,https://www.youtube.com/watch?v=udvUjY5YLwo,Ugx-bgtrs3agHGSXxD94AaABAg,"Hi, Can someone explain is Gold Trading is just like Forex where Transaction in Gold takes place rather than just betting on it's price. Because all my strategies works in XAU/USD but then I think (As I've heard) that if in MT4, Gold is CFD and people are only taking contracts between them then what causes prices to move, Without actual buying and selling of Gold, How it's price moves perfectly with strategies like someone is buying and selling it through seeing charts.

Sorry for a long question but still I can't exactly explain what I'm trying to ask... But please help...",2020-10-21T11:46:44Z,2026-10-01T13:27:12.339662+00:00,2,1,,22861f1b73fe0f54595ace42f6fd238e4867e25dd293213c5a9018fdc4f87e6e,,youtube-data-api-v3/commentThreads.list,,udvUjY5YLwo,Gold Trading for Beginners: How to Build Your Gold Trading Strategy,Capital.com,,
youtube,Capital.com,udvUjY5YLwo,https://www.youtube.com/watch?v=udvUjY5YLwo,UgyZRjvpLiZq-9jy_Pl4AaABAg,"Hi David
Thanks again. Always enjoy your videos.  One question. My son lives in WI USA, would he be able to use the Capital One platform over in the USA.
Thanks Colin",2020-10-17T16:27:48Z,2026-10-01T13:27:12.339662+00:00,2,1,,47a804540738d1261a3524acc6cd539c8012ddc6c9ab997bf608e258890da00f,,youtube-data-api-v3/commentThreads.list,,udvUjY5YLwo,Gold Trading for Beginners: How to Build Your Gold Trading Strategy,Capital.com,,
youtube,Capital.com,udvUjY5YLwo,https://www.youtube.com/watch?v=udvUjY5YLwo,Ugx2M1dP1S8cdkzNyaZ4AaABAg,🌼gold full drop what time,2021-06-07T18:23:47Z,2026-10-01T13:27:12.339662+00:00,0,1,,f0bdd12ba3850bfa47e93b8a357a1aa645adbd82377aa5af2a2b07c4e515a255,,youtube-data-api-v3/commentThreads.list,,udvUjY5YLwo,Gold Trading for Beginners: How to Build Your Gold Trading Strategy,Capital.com,,
youtube,Capital.com,udvUjY5YLwo,https://www.youtube.com/watch?v=udvUjY5YLwo,Ugx2M1dP1S8cdkzNyaZ4AaABAg.9OIZ1VA3xYV9_Y5r3gr2Bk,N E V E R,2022-04-08T01:33:23Z,2026-10-01T13:27:12.339662+00:00,0,0,,f1cf996b614c10d95394fa925ebc161accfdc920609353a0921078cab5dfc7be,Ugx2M1dP1S8cdkzNyaZ4AaABAg,youtube-data-api-v3/commentThreads.list,,udvUjY5YLwo,Gold Trading for Beginners: How to Build Your Gold Trading Strategy,Capital.com,,
youtube,Capital.com,udvUjY5YLwo,https://www.youtube.com/watch?v=udvUjY5YLwo,Ugw681YpyQe3IEGYioR4AaABAg,"MIF OPM. Shares, warrants, or options? It's a minefield in these much troubled times.
Remember this, the super wealthy traders, need YOUR money now. O.o",2022-08-30T10:50:11Z,2026-10-01T13:27:12.339662+00:00,0,0,,57e9ecf92d73b9f6214d7c22ca32be86e025d9ebf42fa6e4c84b2f854228b535,,youtube-data-api-v3/commentThreads.list,,udvUjY5YLwo,Gold Trading for Beginners: How to Build Your Gold Trading Strategy,Capital.com,,
youtube,Capital.com,udvUjY5YLwo,https://www.youtube.com/watch?v=udvUjY5YLwo,Ugw1MrG-YILdHRcUEXp4AaABAg,Hi David how do you know when to put as buy or sell in your trade,2025-03-21T18:10:41Z,2026-10-01T13:27:12.339662+00:00,0,1,,a8b5e16901c4dbb4afca142329683d41a959b1a003102bc613941b06c01d8bff,,youtube-data-api-v3/commentThreads.list,,udvUjY5YLwo,Gold Trading for Beginners: How to Build Your Gold Trading Strategy,Capital.com,,
youtube,Capital.com,udvUjY5YLwo,https://www.youtube.com/watch?v=udvUjY5YLwo,UgwsAN3MgP65o4VpHqR4AaABAg,We didn't ask for history,2024-11-06T09:06:09Z,2026-10-01T13:27:12.339662+00:00,1,0,,4aa29cc9d7f248adb6e3e2e9c11965ad0814b8bafc8eefd8a5ae960f3e31edcb,,youtube-data-api-v3/commentThreads.list,,udvUjY5YLwo,Gold Trading for Beginners: How to Build Your Gold Trading Strategy,Capital.com,,
youtube,Capital.com,udvUjY5YLwo,https://www.youtube.com/watch?v=udvUjY5YLwo,UgxlFntx3fIcYxQLbbp4AaABAg,"Please confirm,  if any of you want to block the tickets together..",2020-10-19T04:44:35Z,2026-10-01T13:27:12.339662+00:00,1,1,,d08e4268050cb88a50c60b968dff58a44c49abcc7eb82d852d3d1e4baf1c0147,,youtube-data-api-v3/commentThreads.list,,udvUjY5YLwo,Gold Trading for Beginners: How to Build Your Gold Trading Strategy,Capital.com,,
youtube,Capital.com,udvUjY5YLwo,https://www.youtube.com/watch?v=udvUjY5YLwo,Ugyw-45vZbQ-B5jFF7B4AaABAg,Kindly suggest me a good source where I can get the real time price fluctuation of gold in the national and the international market. I am from India. Thanks,2021-09-22T05:44:28Z,2026-10-01T13:27:12.339662+00:00,0,1,,629e7c54ae70db3c5ea1ee349c9800e87cb24cb5b67ef7842af6a2ece6916f5e,,youtube-data-api-v3/commentThreads.list,,udvUjY5YLwo,Gold Trading for Beginners: How to Build Your Gold Trading Strategy,Capital.com,,
youtube,Capital.com,udvUjY5YLwo,https://www.youtube.com/watch?v=udvUjY5YLwo,Ugyw-45vZbQ-B5jFF7B4AaABAg.9S_iBjPdgyY9_p9r75GfjK,Tradingview,2022-04-15T01:54:41Z,2026-10-01T13:27:12.339662+00:00,0,0,,ac1a1df317e14fa6b7019d23953a49c3c88df28702b4b0c17205495d60b453a1,Ugyw-45vZbQ-B5jFF7B4AaABAg,youtube-data-api-v3/commentThreads.list,,udvUjY5YLwo,Gold Trading for Beginners: How to Build Your Gold Trading Strategy,Capital.com,,
youtube,Capital.com,udvUjY5YLwo,https://www.youtube.com/watch?v=udvUjY5YLwo,UgznQ3_eHi9OBQkuzCt4AaABAg,Great video,2022-01-23T14:21:50Z,2026-10-01T13:27:12.339662+00:00,0,0,,02000d607894d6c11d5eff7ab57ea3bce7be8a18ece0d19e6c9712c79f85b7c9,,youtube-data-api-v3/commentThreads.list,,udvUjY5YLwo,Gold Trading for Beginners: How to Build Your Gold Trading Strategy,Capital.com,,
youtube,Capital.com,udvUjY5YLwo,https://www.youtube.com/watch?v=udvUjY5YLwo,UgzbHY_wO-C90WXopeJ4AaABAg,ASX200 PREDICTIONS PLEASE,2020-10-19T04:45:03Z,2026-10-01T13:27:12.339662+00:00,1,1,,d08e4268050cb88a50c60b968dff58a44c49abcc7eb82d852d3d1e4baf1c0147,,youtube-data-api-v3/commentThreads.list,,udvUjY5YLwo,Gold Trading for Beginners: How to Build Your Gold Trading Strategy,Capital.com,,
youtube,Capital.com,udvUjY5YLwo,https://www.youtube.com/watch?v=udvUjY5YLwo,UgyQVCeLhah37mnfJkR4AaABAg,So that means we just need to check the prices of usd? And consequently we’ll know what to do with gold market?,2025-05-15T10:33:57Z,2026-10-01T13:27:12.339662+00:00,0,3,,cebf20867fb2d465d2bc49dd1ae9efc681959a9b5d86ce309a4b94b09462e4e5,,youtube-data-api-v3/commentThreads.list,,udvUjY5YLwo,Gold Trading for Beginners: How to Build Your Gold Trading Strategy,Capital.com,,
youtube,Capital.com,udvUjY5YLwo,https://www.youtube.com/watch?v=udvUjY5YLwo,UgyQVCeLhah37mnfJkR4AaABAg.AI8SM_n47GDAI9DHEEwTzA,@Capitaltrading but how would we know the timing of these changes affecting the market? Are they quick? And besides that for daily trading what are the key components to study bczz we can’t use such factors like price interest rates and all for daily trading.,2025-05-15T17:41:23Z,2026-10-01T13:27:12.339662+00:00,0,0,,cebf20867fb2d465d2bc49dd1ae9efc681959a9b5d86ce309a4b94b09462e4e5,UgyQVCeLhah37mnfJkR4AaABAg,youtube-data-api-v3/commentThreads.list,,udvUjY5YLwo,Gold Trading for Beginners: How to Build Your Gold Trading Strategy,Capital.com,,
youtube,Capital.com,udvUjY5YLwo,https://www.youtube.com/watch?v=udvUjY5YLwo,UgxCnZkjX_mxfyfKLQh4AaABAg,Isn't gold's cotation going up when interest rate goes down?🤔,2020-10-17T14:48:21Z,2026-10-01T13:27:12.339662+00:00,1,2,,910282e3d92decca30b3d0e9ced692b2aa971a0287c17c9b08b8bdf25d5e07a1,,youtube-data-api-v3/commentThreads.list,,udvUjY5YLwo,Gold Trading for Beginners: How to Build Your Gold Trading Strategy,Capital.com,,
youtube,Capital.com,udvUjY5YLwo,https://www.youtube.com/watch?v=udvUjY5YLwo,UgxCnZkjX_mxfyfKLQh4AaABAg.9EvD9mk9a7v9EvQ0UlOSMI,"Yes, he is saying that @ min 3:00",2020-10-17T16:40:41Z,2026-10-01T13:27:12.339662+00:00,0,0,,eca220f3b034da1ebb0ba8e0740f4a0881c0e2f5b686d140d8e2abe2332f78e7,UgxCnZkjX_mxfyfKLQh4AaABAg,youtube-data-api-v3/commentThreads.list,,udvUjY5YLwo,Gold Trading for Beginners: How to Build Your Gold Trading Strategy,Capital.com,,
youtube,Capital.com,udvUjY5YLwo,https://www.youtube.com/watch?v=udvUjY5YLwo,Ugz_RM6krvBVGQHaCy94AaABAg,Where can I start trading using my gold,2022-01-29T13:11:33Z,2026-10-01T13:27:12.339662+00:00,0,1,,dc0cea44ddec2c152f708f2288468f658d1bdb51973ff786bec7270497168bf2,,youtube-data-api-v3/commentThreads.list,,udvUjY5YLwo,Gold Trading for Beginners: How to Build Your Gold Trading Strategy,Capital.com,,
youtube,Capital.com,udvUjY5YLwo,https://www.youtube.com/watch?v=udvUjY5YLwo,Ugz_RM6krvBVGQHaCy94AaABAg.9XmfuD2QRe99_Y5mFF4FBD,ANY coin store.,2022-04-08T01:32:44Z,2026-10-01T13:27:12.339662+00:00,0,0,,f1cf996b614c10d95394fa925ebc161accfdc920609353a0921078cab5dfc7be,Ugz_RM6krvBVGQHaCy94AaABAg,youtube-data-api-v3/commentThreads.list,,udvUjY5YLwo,Gold Trading for Beginners: How to Build Your Gold Trading Strategy,Capital.com,,
youtube,Capital.com,udvUjY5YLwo,https://www.youtube.com/watch?v=udvUjY5YLwo,Ugz3X4ojI91v-O7vOj54AaABAg,i don't trade gold.  i stockpile and hoard it.,2020-10-24T16:26:11Z,2026-10-01T13:27:12.339662+00:00,1,1,,58f39562eeeec64c15e9a554fe08bf8f77d7a48174a3a4d8ef33df5887995e65,,youtube-data-api-v3/commentThreads.list,,udvUjY5YLwo,Gold Trading for Beginners: How to Build Your Gold Trading Strategy,Capital.com,,
youtube,Capital.com,udvUjY5YLwo,https://www.youtube.com/watch?v=udvUjY5YLwo,UgyILGY-WchkG0ZR5Lh4AaABAg,what's the best trading platform for gold?,2021-04-18T14:05:11Z,2026-10-01T13:27:12.339662+00:00,1,2,,107af0d82273502299e9fd755d80573e88735c13d7cbe501f3362ea030d973e7,,youtube-data-api-v3/commentThreads.list,,udvUjY5YLwo,Gold Trading for Beginners: How to Build Your Gold Trading Strategy,Capital.com,,
youtube,Capital.com,udvUjY5YLwo,https://www.youtube.com/watch?v=udvUjY5YLwo,UgyILGY-WchkG0ZR5Lh4AaABAg.9MHLgfzxW3u9Wcq5Ds2Bij,Have you gotten one?,2021-12-31T20:56:47Z,2026-10-01T13:27:12.339662+00:00,0,0,,d08d8a6231b205e80d319eb6b363e2f1659178525a6948a75d74b4103af53430,UgyILGY-WchkG0ZR5Lh4AaABAg,youtube-data-api-v3/commentThreads.list,,udvUjY5YLwo,Gold Trading for Beginners: How to Build Your Gold Trading Strategy,Capital.com,,
youtube,Capital.com,udvUjY5YLwo,https://www.youtube.com/watch?v=udvUjY5YLwo,UgyILGY-WchkG0ZR5Lh4AaABAg.9MHLgfzxW3u9Yhl3kjF1a1,Etoro,2022-02-21T11:51:53Z,2026-10-01T13:27:12.339662+00:00,0,0,,f71a4a4dad71bf33dea111227978011dfe933bd6fdbb1e572228910b8fc0813c,UgyILGY-WchkG0ZR5Lh4AaABAg,youtube-data-api-v3/commentThreads.list,,udvUjY5YLwo,Gold Trading for Beginners: How to Build Your Gold Trading Strategy,Capital.com,,
youtube,Capital.com,udvUjY5YLwo,https://www.youtube.com/watch?v=udvUjY5YLwo,Ugwjc3qdQS_tmUrMKv14AaABAg,"Thanks for this valuable content 🙏 , and I have a query for David sir , I have practiced trade on demo account for 5 months now from last 2 days I am trading on live account , and my loses to profit ratio is 1:12 .
What will you say about this is this a good start ??",2020-10-17T14:14:26Z,2026-10-01T13:27:12.339662+00:00,3,8,,0a2955b06c197c77f5a47d424f0eb58f020b4dec0157ead41a4a0af78388e778,,youtube-data-api-v3/commentThreads.list,,udvUjY5YLwo,Gold Trading for Beginners: How to Build Your Gold Trading Strategy,Capital.com,,
youtube,Capital.com,udvUjY5YLwo,https://www.youtube.com/watch?v=udvUjY5YLwo,Ugwjc3qdQS_tmUrMKv14AaABAg.9Ev9HJ6bQEv9EvADojnnue,"Begginers luck, write another comment bin 6 months",2020-10-17T14:22:41Z,2026-10-01T13:27:12.339662+00:00,1,0,,bc8fc14deaf5901bd4b2b5e72bfc815b192d8d4721370e1d83e1d8f56b5a3128,Ugwjc3qdQS_tmUrMKv14AaABAg,youtube-data-api-v3/commentThreads.list,,udvUjY5YLwo,Gold Trading for Beginners: How to Build Your Gold Trading Strategy,Capital.com,,
youtube,Capital.com,udvUjY5YLwo,https://www.youtube.com/watch?v=udvUjY5YLwo,Ugwjc3qdQS_tmUrMKv14AaABAg.9Ev9HJ6bQEv9EvAka8u3Yd,"@LikeButtonSmasher 
Be nice to people.

Bec. You have losses and he dont have.
Maybe he better to find buy and sell position then you are.",2020-10-17T14:27:18Z,2026-10-01T13:27:12.339662+00:00,0,0,,6a007c98fb2f1a2061796647a59a057defc81a11f687053881c8a194b406c15b,Ugwjc3qdQS_tmUrMKv14AaABAg,youtube-data-api-v3/commentThreads.list,,udvUjY5YLwo,Gold Trading for Beginners: How to Build Your Gold Trading Strategy,Capital.com,,
youtube,Capital.com,udvUjY5YLwo,https://www.youtube.com/watch?v=udvUjY5YLwo,Ugwjc3qdQS_tmUrMKv14AaABAg.9Ev9HJ6bQEv9EvB81BH641,"Yes its good.

As long you earn more than you lose you are on the right track.",2020-10-17T14:30:38Z,2026-10-01T13:27:12.339662+00:00,2,0,,6a007c98fb2f1a2061796647a59a057defc81a11f687053881c8a194b406c15b,Ugwjc3qdQS_tmUrMKv14AaABAg,youtube-data-api-v3/commentThreads.list,,udvUjY5YLwo,Gold Trading for Beginners: How to Build Your Gold Trading Strategy,Capital.com,,
youtube,Capital.com,udvUjY5YLwo,https://www.youtube.com/watch?v=udvUjY5YLwo,Ugwjc3qdQS_tmUrMKv14AaABAg.9Ev9HJ6bQEv9EvFm0aknt0,"@Dennisjorgensen1234 So, my profit loss ratio in last two days is 5:0, but my account is overrall in loss. Wait 6 months...Again it wasn't rude it was honest. Let's assume that you follow Davids advices, 5% risk for every trade, 12/1 ratio means 55% in two days (just take 5% profit but if you listen to David at least 110% profit). In six months world will be without money. Mathematics...Again I wasn't rude just honest. And congratulations, good work but be very careful. Easy comes easy goes👍",2020-10-17T15:11:11Z,2026-10-01T13:27:12.339662+00:00,2,0,,bc8fc14deaf5901bd4b2b5e72bfc815b192d8d4721370e1d83e1d8f56b5a3128,Ugwjc3qdQS_tmUrMKv14AaABAg,youtube-data-api-v3/commentThreads.list,,udvUjY5YLwo,Gold Trading for Beginners: How to Build Your Gold Trading Strategy,Capital.com,,
youtube,Capital.com,udvUjY5YLwo,https://www.youtube.com/watch?v=udvUjY5YLwo,Ugwjc3qdQS_tmUrMKv14AaABAg.9Ev9HJ6bQEv9EvLTDMc5JV,Nice 👌🏾,2020-10-17T16:00:54Z,2026-10-01T13:27:12.339662+00:00,0,0,,e974bdf155951899cf59cf78619e17d997a12aab5d0ca0f45a063ba862039361,Ugwjc3qdQS_tmUrMKv14AaABAg,youtube-data-api-v3/commentThreads.list,,udvUjY5YLwo,Gold Trading for Beginners: How to Build Your Gold Trading Strategy,Capital.com,,
youtube,Capital.com,udvUjY5YLwo,https://www.youtube.com/watch?v=udvUjY5YLwo,UgzT9kbAb8On8CYqydt4AaABAg,"as a beginner, i didnt understand anything!!",2024-05-12T20:57:44Z,2026-10-01T13:27:12.339662+00:00,0,0,,955267bf2abbaf5e5387c89cc8cdd27b16bc539a6f667e12a6e3067ca80f5ad7,,youtube-data-api-v3/commentThreads.list,,udvUjY5YLwo,Gold Trading for Beginners: How to Build Your Gold Trading Strategy,Capital.com,,
youtube,Capital.com,udvUjY5YLwo,https://www.youtube.com/watch?v=udvUjY5YLwo,Ugymc69xvjqhRqsMAmZ4AaABAg,Should we trade if market price is 1738 and it shows that in near future it may come to 1728.. and another scenario if it shows price will come to 1755,2021-03-23T08:55:19Z,2026-10-01T13:27:12.339662+00:00,1,1,,beb89bb7b1bb69e03324c43ea9bea1a18a9dbac6b000f09253b09242428b01f6,,youtube-data-api-v3/commentThreads.list,,udvUjY5YLwo,Gold Trading for Beginners: How to Build Your Gold Trading Strategy,Capital.com,,
youtube,Capital.com,udvUjY5YLwo,https://www.youtube.com/watch?v=udvUjY5YLwo,Ugymc69xvjqhRqsMAmZ4AaABAg.9LDqZR3WNUoA2IcpG9vo15,"Thats insane, now one ounce Costs 2.3k",2024-04-16T17:04:13Z,2026-10-01T13:27:12.339662+00:00,0,0,,59dab3d18a1507fe77c51a042133207011d76938e3a916747c4596b84d578961,Ugymc69xvjqhRqsMAmZ4AaABAg,youtube-data-api-v3/commentThreads.list,,udvUjY5YLwo,Gold Trading for Beginners: How to Build Your Gold Trading Strategy,Capital.com,,
youtube,Capital.com,udvUjY5YLwo,https://www.youtube.com/watch?v=udvUjY5YLwo,UgwbFTlMxreuTPiaIQF4AaABAg,"Take the opportunity to buy gold before the next rise for these reasons ... As soon most Arab and Asian countries will not allow the trading of digital and cryptocurrencies except with guarantees that their investors will be compensated unless there are reserves of gold with the competent official authorities in each country .. It is very likely that gold will rise It could be up to $5,000 per ounce or more. ...and no other factors will change it",2021-10-22T08:29:37Z,2026-10-01T13:27:12.339662+00:00,1,1,,9250b742a4c3d570975a16495090c0a14a5794ed640265a42324f13b7e3da24b,,youtube-data-api-v3/commentThreads.list,,udvUjY5YLwo,Gold Trading for Beginners: How to Build Your Gold Trading Strategy,Capital.com,,
youtube,Capital.com,udvUjY5YLwo,https://www.youtube.com/watch?v=udvUjY5YLwo,UgxiO1REcVoFzyewwcl4AaABAg,Account got closed today in gold trading,2021-05-06T14:55:18Z,2026-10-01T13:27:12.339662+00:00,1,2,,74cef9c225104fcee80e1ccd02cc6e15ecec61c181afc181e3aefb4763f58e0d,,youtube-data-api-v3/commentThreads.list,,udvUjY5YLwo,Gold Trading for Beginners: How to Build Your Gold Trading Strategy,Capital.com,,
youtube,Capital.com,udvUjY5YLwo,https://www.youtube.com/watch?v=udvUjY5YLwo,UgxiO1REcVoFzyewwcl4AaABAg.9N-mjXzIM-W9NL0Yw9g513,Do you trade forex?,2021-05-14T20:48:50Z,2026-10-01T13:27:12.339662+00:00,1,0,,16f220d9dae44272a2a2273b6152b54086c0172ca04d838934843ecae3173748,UgxiO1REcVoFzyewwcl4AaABAg,youtube-data-api-v3/commentThreads.list,,udvUjY5YLwo,Gold Trading for Beginners: How to Build Your Gold Trading Strategy,Capital.com,,
youtube,Capital.com,udvUjY5YLwo,https://www.youtube.com/watch?v=udvUjY5YLwo,UgxiO1REcVoFzyewwcl4AaABAg.9N-mjXzIM-W9NW8kTJKYrl,@forexcoininvestment4652 yes,2021-05-19T04:32:06Z,2026-10-01T13:27:12.339662+00:00,0,0,,74cef9c225104fcee80e1ccd02cc6e15ecec61c181afc181e3aefb4763f58e0d,UgxiO1REcVoFzyewwcl4AaABAg,youtube-data-api-v3/commentThreads.list,,udvUjY5YLwo,Gold Trading for Beginners: How to Build Your Gold Trading Strategy,Capital.com,,
youtube,Capital.com,udvUjY5YLwo,https://www.youtube.com/watch?v=udvUjY5YLwo,Ugz_axaEdv8cVkmQqAJ4AaABAg,How is bitcoin trade going david,2020-10-17T16:49:09Z,2026-10-01T13:27:12.339662+00:00,3,18,,d863ec5018ad7cb0e8c8982fdc171197339804787bd5f413ea5211638cbc05d6,,youtube-data-api-v3/commentThreads.list,,udvUjY5YLwo,Gold Trading for Beginners: How to Build Your Gold Trading Strategy,Capital.com,,
youtube,Capital.com,udvUjY5YLwo,https://www.youtube.com/watch?v=udvUjY5YLwo,Ugz_axaEdv8cVkmQqAJ4AaABAg.9EvQzZ7GMrT9Gp3s9xexuu,Oh yeah you gotta to see the favourable  rise in profit trading bitcoin,2020-12-03T22:34:30Z,2026-10-01T13:27:12.339662+00:00,0,0,,e34eb2fc4353dd8c8d05e1d620e52116bab05b904b61e5c2cd41034c4088f783,Ugz_axaEdv8cVkmQqAJ4AaABAg,youtube-data-api-v3/commentThreads.list,,udvUjY5YLwo,Gold Trading for Beginners: How to Build Your Gold Trading Strategy,Capital.com,,
youtube,Capital.com,udvUjY5YLwo,https://www.youtube.com/watch?v=udvUjY5YLwo,Ugz_axaEdv8cVkmQqAJ4AaABAg.9EvQzZ7GMrT9Gp3xEfIA_5,This will be the best time to invest in bitcoin based on current status.,2020-12-03T22:35:12Z,2026-10-01T13:27:12.339662+00:00,0,0,,e34eb2fc4353dd8c8d05e1d620e52116bab05b904b61e5c2cd41034c4088f783,Ugz_axaEdv8cVkmQqAJ4AaABAg,youtube-data-api-v3/commentThreads.list,,udvUjY5YLwo,Gold Trading for Beginners: How to Build Your Gold Trading Strategy,Capital.com,,
youtube,Capital.com,udvUjY5YLwo,https://www.youtube.com/watch?v=udvUjY5YLwo,Ugz_axaEdv8cVkmQqAJ4AaABAg.9EvQzZ7GMrT9Gp4G_OS4Si,I have been making a lot through bitcoin trading which has been the main source of my income,2020-12-03T22:37:59Z,2026-10-01T13:27:12.339662+00:00,1,0,,68921811d9c6e61a0e4ea20034a8ae6a184a27c34493fea03460558498e01861,Ugz_axaEdv8cVkmQqAJ4AaABAg,youtube-data-api-v3/commentThreads.list,,udvUjY5YLwo,Gold Trading for Beginners: How to Build Your Gold Trading Strategy,Capital.com,,
youtube,Capital.com,udvUjY5YLwo,https://www.youtube.com/watch?v=udvUjY5YLwo,Ugz_axaEdv8cVkmQqAJ4AaABAg.9EvQzZ7GMrT9Gp5-1IeBoM,@susankankare8625 I have been thinking of moving to bitcoin. But I don't know how to trade. Please can you help me trade?,2020-12-03T22:44:19Z,2026-10-01T13:27:12.339662+00:00,0,0,,d75c76e3d58530cccae9cb451cb220877c6088f193beb4d164293267ee55e7a6,Ugz_axaEdv8cVkmQqAJ4AaABAg,youtube-data-api-v3/commentThreads.list,,udvUjY5YLwo,Gold Trading for Beginners: How to Build Your Gold Trading Strategy,Capital.com,,
youtube,Capital.com,udvUjY5YLwo,https://www.youtube.com/watch?v=udvUjY5YLwo,Ugz_axaEdv8cVkmQqAJ4AaABAg.9EvQzZ7GMrT9Gp6x8xP9at,@al-karimhameed3396  Actually an expert broker handles my bitcoin investments while I invest in some real estate with the profit I make,2020-12-03T23:01:24Z,2026-10-01T13:27:12.339662+00:00,0,0,,68921811d9c6e61a0e4ea20034a8ae6a184a27c34493fea03460558498e01861,Ugz_axaEdv8cVkmQqAJ4AaABAg,youtube-data-api-v3/commentThreads.list,,udvUjY5YLwo,Gold Trading for Beginners: How to Build Your Gold Trading Strategy,Capital.com,,
youtube,Capital.com,udvUjY5YLwo,https://www.youtube.com/watch?v=udvUjY5YLwo,UgzMtuBufKrl9CrJqWp4AaABAg,"Is it safe to trade gold? Like I see you can hold it forever until it is profitable to sell, unlike binary, excuse noob question I just created account today :)",2021-03-11T02:53:11Z,2026-10-01T13:27:12.339662+00:00,1,2,,fe75f1b497929684502c89c1dec4ba802abb2eec40ba57360a32bf10490e0e88,,youtube-data-api-v3/commentThreads.list,,udvUjY5YLwo,Gold Trading for Beginners: How to Build Your Gold Trading Strategy,Capital.com,,
youtube,Capital.com,udvUjY5YLwo,https://www.youtube.com/watch?v=udvUjY5YLwo,UgzMtuBufKrl9CrJqWp4AaABAg.9KjI__4fU9A9KkuS5q7U2A,"@Capitaltrading Thank you for answering im glad to know that, Im not sure sir because I did it on IQ Option, just went to ""commodities"" or in my case ""Materias Primas"" in spanish, and invested 30 dollars in gold, put automatic close when profit is 15%, I guessing it is CFD?",2021-03-11T17:52:03Z,2026-10-01T13:27:12.339662+00:00,0,0,,fe75f1b497929684502c89c1dec4ba802abb2eec40ba57360a32bf10490e0e88,UgzMtuBufKrl9CrJqWp4AaABAg,youtube-data-api-v3/commentThreads.list,,udvUjY5YLwo,Gold Trading for Beginners: How to Build Your Gold Trading Strategy,Capital.com,,
youtube,Capital.com,udvUjY5YLwo,https://www.youtube.com/watch?v=udvUjY5YLwo,Ugw96bv5YXfWEcT93kN4AaABAg,Sir I am new . From Pakistan .  I am justified from technical. I want to be expert in fundamental. I am not student of economics. Please guide me . What is my first and last step . You're obediently. I hope you will guide me,2020-10-18T10:50:16Z,2026-10-01T13:27:12.339662+00:00,2,1,,607e6ce1f4e46975a5ccf0384f03701188696295db2187515d72277d7517730e,,youtube-data-api-v3/commentThreads.list,,udvUjY5YLwo,Gold Trading for Beginners: How to Build Your Gold Trading Strategy,Capital.com,,
youtube,Capital.com,udvUjY5YLwo,https://www.youtube.com/watch?v=udvUjY5YLwo,UgyDDnGjkrXvnUUDcmd4AaABAg,"My bad experience and perspective about FX has changed after investing under Eden Lucien. Watched couple of videos on different channels, try demos account but I was still losing until I was referred to Eden. I’m happy I gave a try. With Eden, Newbie like you and I have a chance of making good profit.",2021-09-04T06:37:19Z,2026-10-01T13:27:12.339662+00:00,0,0,,85e19c5bfa13d311af5b36cca983e5ce606ab5ecfd54493b4c32ee55b8397661,,youtube-data-api-v3/commentThreads.list,,udvUjY5YLwo,Gold Trading for Beginners: How to Build Your Gold Trading Strategy,Capital.com,,
youtube,Capital.com,udvUjY5YLwo,https://www.youtube.com/watch?v=udvUjY5YLwo,UgyTxu1MCA-GHxpFkf14AaABAg,"Are you the T212 guy, because you sound familiar.",2022-01-18T23:20:28Z,2026-10-01T13:27:12.339662+00:00,0,0,,f892869b497c58d6221cc3e8bfa31489eaa066ebae8adb6436b2a9263ef25b1f,,youtube-data-api-v3/commentThreads.list,,udvUjY5YLwo,Gold Trading for Beginners: How to Build Your Gold Trading Strategy,Capital.com,,
youtube,Capital.com,udvUjY5YLwo,https://www.youtube.com/watch?v=udvUjY5YLwo,UgwP5uwpd6Xc-SpLOHF4AaABAg,"I just got into bitcoin trading and I made my first profits,which I knew about this earlier",2021-11-06T01:49:50Z,2026-10-01T13:27:12.339662+00:00,24,25,,b72d5f42df03ddfdd2ec48fbf1398f06292c21929ee731e05e41a0db082224fa,,youtube-data-api-v3/commentThreads.list,,udvUjY5YLwo,Gold Trading for Beginners: How to Build Your Gold Trading Strategy,Capital.com,,
youtube,Capital.com,udvUjY5YLwo,https://www.youtube.com/watch?v=udvUjY5YLwo,UgwP5uwpd6Xc-SpLOHF4AaABAg.9UOA6bmauBu9UODee7fJ0V,For real bitcoin is a life changing business,2021-11-06T02:20:50Z,2026-10-01T13:27:12.339662+00:00,0,0,,3fbee725df38eb08d12ed5f28e5a36d869f4aa0ab33214d7a44651da12055309,UgwP5uwpd6Xc-SpLOHF4AaABAg,youtube-data-api-v3/commentThreads.list,,udvUjY5YLwo,Gold Trading for Beginners: How to Build Your Gold Trading Strategy,Capital.com,,
youtube,Capital.com,udvUjY5YLwo,https://www.youtube.com/watch?v=udvUjY5YLwo,UgwP5uwpd6Xc-SpLOHF4AaABAg.9UOA6bmauBu9UODkx6w8sO,@contrerasatkinson2605 EXACTLY..the world is now aware of bitcoin 🤔,2021-11-06T02:21:41Z,2026-10-01T13:27:12.339662+00:00,0,0,,f0d478243b62b11a2a69e85c85ffb084bead0c94ca5f1fb286404f0600ed5edd,UgwP5uwpd6Xc-SpLOHF4AaABAg,youtube-data-api-v3/commentThreads.list,,udvUjY5YLwo,Gold Trading for Beginners: How to Build Your Gold Trading Strategy,Capital.com,,
youtube,Capital.com,udvUjY5YLwo,https://www.youtube.com/watch?v=udvUjY5YLwo,UgwP5uwpd6Xc-SpLOHF4AaABAg.9UOA6bmauBu9UOERlYxUp9,Investing in bitcoin now should be at the top of every wise individuals list,2021-11-06T02:27:40Z,2026-10-01T13:27:12.339662+00:00,1,0,,f10b37539879eeabb8b7a0f2da665ef20706fee74ca7cc48190101ec48604f8e,UgwP5uwpd6Xc-SpLOHF4AaABAg,youtube-data-api-v3/commentThreads.list,,udvUjY5YLwo,Gold Trading for Beginners: How to Build Your Gold Trading Strategy,Capital.com,,
youtube,Capital.com,udvUjY5YLwo,https://www.youtube.com/watch?v=udvUjY5YLwo,UgwP5uwpd6Xc-SpLOHF4AaABAg.9UOA6bmauBu9UOEiulDEMz,"@sophiechristine8094 
You are right the market is profiting if you are really a good broker or account manager 😄😄",2021-11-06T02:30:09Z,2026-10-01T13:27:12.339662+00:00,0,0,,1d8dd36c3af2007a9c3af1850fb1b40b9c989063d9fb9e1cc1f52574d578f7d4,UgwP5uwpd6Xc-SpLOHF4AaABAg,youtube-data-api-v3/commentThreads.list,,udvUjY5YLwo,Gold Trading for Beginners: How to Build Your Gold Trading Strategy,Capital.com,,
youtube,Capital.com,udvUjY5YLwo,https://www.youtube.com/watch?v=udvUjY5YLwo,UgwP5uwpd6Xc-SpLOHF4AaABAg.9UOA6bmauBu9UOFM2Ba49t,Bitcoin is the future it's really a big chance to make money,2021-11-06T02:35:38Z,2026-10-01T13:27:12.339662+00:00,0,0,,fbebac71ab2a8909c1bdd1f74533cd6f39cc82e8065476bb9479e8687fd8f3c9,UgwP5uwpd6Xc-SpLOHF4AaABAg,youtube-data-api-v3/commentThreads.list,,udvUjY5YLwo,Gold Trading for Beginners: How to Build Your Gold Trading Strategy,Capital.com,,
youtube,Capital.com,udvUjY5YLwo,https://www.youtube.com/watch?v=udvUjY5YLwo,UgzTail-TwUxqWMpGFB4AaABAg,Is gold trading apps is a good place to start trading gold for beginners and how would I set that up?,2022-01-03T08:13:00Z,2026-10-01T13:27:12.339662+00:00,1,1,,4d2622ed41eb20fab7c9eb9575c0f37c84560a9d1cf2ef0a6c5ff32e66bb5195,,youtube-data-api-v3/commentThreads.list,,udvUjY5YLwo,Gold Trading for Beginners: How to Build Your Gold Trading Strategy,Capital.com,,
youtube,Capital.com,udvUjY5YLwo,https://www.youtube.com/watch?v=udvUjY5YLwo,Ugwh6SLNaeUpEvULb9t4AaABAg,Amateur Hour,2021-02-01T05:59:31Z,2026-10-01T13:27:12.339662+00:00,1,1,,41f3934d6bf00d919966e4348defadf6758c791cb9bd9d1fd9a7533884bdcf53,,youtube-data-api-v3/commentThreads.list,,udvUjY5YLwo,Gold Trading for Beginners: How to Build Your Gold Trading Strategy,Capital.com,,
youtube,Capital.com,udvUjY5YLwo,https://www.youtube.com/watch?v=udvUjY5YLwo,UgzM3v-BEpFfuN6owN14AaABAg,DOWN to 1700 soon 👍,2020-10-17T14:07:25Z,2026-10-01T13:27:12.339662+00:00,4,9,,14f25a34ed57b43ed1ff07469109b2659f2d8a6616cec26704490af653b2926b,,youtube-data-api-v3/commentThreads.list,,udvUjY5YLwo,Gold Trading for Beginners: How to Build Your Gold Trading Strategy,Capital.com,,
youtube,Capital.com,udvUjY5YLwo,https://www.youtube.com/watch?v=udvUjY5YLwo,UgzM3v-BEpFfuN6owN14AaABAg.9Ev8Tv0bf8n9Ev9P0Zq0-5,Can you specify any reason about this prediction ??,2020-10-17T14:15:29Z,2026-10-01T13:27:12.339662+00:00,2,0,,0a2955b06c197c77f5a47d424f0eb58f020b4dec0157ead41a4a0af78388e778,UgzM3v-BEpFfuN6owN14AaABAg,youtube-data-api-v3/commentThreads.list,,udvUjY5YLwo,Gold Trading for Beginners: How to Build Your Gold Trading Strategy,Capital.com,,
youtube,Capital.com,udvUjY5YLwo,https://www.youtube.com/watch?v=udvUjY5YLwo,UgzM3v-BEpFfuN6owN14AaABAg.9Ev8Tv0bf8n9EvAXKcjGhV,"@surajsinghchauhan4766 
Im more to $2300",2020-10-17T14:25:21Z,2026-10-01T13:27:12.339662+00:00,5,0,,6a007c98fb2f1a2061796647a59a057defc81a11f687053881c8a194b406c15b,UgzM3v-BEpFfuN6owN14AaABAg,youtube-data-api-v3/commentThreads.list,,udvUjY5YLwo,Gold Trading for Beginners: How to Build Your Gold Trading Strategy,Capital.com,,
youtube,Capital.com,udvUjY5YLwo,https://www.youtube.com/watch?v=udvUjY5YLwo,UgzM3v-BEpFfuN6owN14AaABAg.9Ev8Tv0bf8n9EvCvSlRVl7,@Dennisjorgensen1234 that wonderful the gold will be going up in 2021 and there talking about it reaching $4000 👍🏻👍🏻👍🏻,2020-10-17T14:46:15Z,2026-10-01T13:27:12.339662+00:00,1,0,,82fa3e0627a81b047aa5f5b152e5148e017ecef7f67796786745406e99390ae3,UgzM3v-BEpFfuN6owN14AaABAg,youtube-data-api-v3/commentThreads.list,,udvUjY5YLwo,Gold Trading for Beginners: How to Build Your Gold Trading Strategy,Capital.com,,
youtube,Capital.com,udvUjY5YLwo,https://www.youtube.com/watch?v=udvUjY5YLwo,UgzM3v-BEpFfuN6owN14AaABAg.9Ev8Tv0bf8n9EvDGKUtwdP,@melodyocampo227 yes or $5000,2020-10-17T14:49:14Z,2026-10-01T13:27:12.339662+00:00,2,0,,6a007c98fb2f1a2061796647a59a057defc81a11f687053881c8a194b406c15b,UgzM3v-BEpFfuN6owN14AaABAg,youtube-data-api-v3/commentThreads.list,,udvUjY5YLwo,Gold Trading for Beginners: How to Build Your Gold Trading Strategy,Capital.com,,
youtube,Capital.com,udvUjY5YLwo,https://www.youtube.com/watch?v=udvUjY5YLwo,UgzM3v-BEpFfuN6owN14AaABAg.9Ev8Tv0bf8n9EvDQzRjNTb,@Dennisjorgensen1234 I so agree 👍🏻,2020-10-17T14:50:42Z,2026-10-01T13:27:12.339662+00:00,2,0,,82fa3e0627a81b047aa5f5b152e5148e017ecef7f67796786745406e99390ae3,UgzM3v-BEpFfuN6owN14AaABAg,youtube-data-api-v3/commentThreads.list,,udvUjY5YLwo,Gold Trading for Beginners: How to Build Your Gold Trading Strategy,Capital.com,,
youtube,Capital.com,udvUjY5YLwo,https://www.youtube.com/watch?v=udvUjY5YLwo,UgykNdMK0Q_w4q9s5n94AaABAg,A lot of things I need to know and need to learn. I had to play three times to understand a thing. This is my first time knowing these things existed.,2021-06-16T12:58:00Z,2026-10-01T13:27:12.339662+00:00,0,0,,a1ef71124f67562e9d9671465f43b001bd13a63fe7e2b3ad05329a2f54111b33,,youtube-data-api-v3/commentThreads.list,,udvUjY5YLwo,Gold Trading for Beginners: How to Build Your Gold Trading Strategy,Capital.com,,
youtube,The Moving Average,MKJz4yURCEs,https://www.youtube.com/watch?v=MKJz4yURCEs,Ugxr2afnfVCgxPV6gKF4AaABAg,"Doctor, plumber,etc
Same person 
You are my inspiration 🥰",2026-06-02T01:55:38Z,2026-10-01T13:27:13.591750+00:00,19,0,,a1e2da143366f2e8690285b24578a47ca3feec615030281bee8547dc5008ee0b,,youtube-data-api-v3/commentThreads.list,,MKJz4yURCEs,How to Trade Gold - Ride Massive Trends Using this Method,The Moving Average,,
youtube,The Moving Average,MKJz4yURCEs,https://www.youtube.com/watch?v=MKJz4yURCEs,Ugzo1YvtkZq1lUhJDJN4AaABAg,Ride the entire trend UNTIL IT WHIPS IN REVERSE AND YOU'RE DONE. NEVER try to ride the entire thing....that's crazy. Make small wins and you will succeed.,2025-10-28T20:44:33Z,2026-10-01T13:27:13.591750+00:00,167,1,,c6d7d2ed4ba497c6e9f42e9294413a4cc97f6976f4765852ae5d75a236545732,,youtube-data-api-v3/commentThreads.list,,MKJz4yURCEs,How to Trade Gold - Ride Massive Trends Using this Method,The Moving Average,,
youtube,The Moving Average,MKJz4yURCEs,https://www.youtube.com/watch?v=MKJz4yURCEs,Ugzo1YvtkZq1lUhJDJN4AaABAg.AOpzC0tj-g-ARn2qD6R4bO,"Thank you, someone who actually trades Gold. Gold always reverses. I take small wins and wait for the next entry.",2026-01-10T07:01:36Z,2026-10-01T13:27:13.591750+00:00,24,0,,0310d97096ac701cfaa77bf621d4066d4895755c742ed4acc3262dc27389822d,Ugzo1YvtkZq1lUhJDJN4AaABAg,youtube-data-api-v3/commentThreads.list,,MKJz4yURCEs,How to Trade Gold - Ride Massive Trends Using this Method,The Moving Average,,
youtube,The Moving Average,MKJz4yURCEs,https://www.youtube.com/watch?v=MKJz4yURCEs,UgxqbXa-mQ5sHfCIn1d4AaABAg,"Oh my God, Uncle Johnny was a doctor, a pilot, a plumber, and a good trader.",2026-02-16T08:28:27Z,2026-10-01T13:27:13.591750+00:00,51,1,,9354f00dded6545df50a1ddd7f32536d971d36153af91773a6e8f87399fd4114,,youtube-data-api-v3/commentThreads.list,,MKJz4yURCEs,How to Trade Gold - Ride Massive Trends Using this Method,The Moving Average,,
youtube,The Moving Average,MKJz4yURCEs,https://www.youtube.com/watch?v=MKJz4yURCEs,UgxqbXa-mQ5sHfCIn1d4AaABAg.ATHUBk2feAGAW0oM4XEotD,😂😂,2026-04-25T10:40:27Z,2026-10-01T13:27:13.591750+00:00,1,0,,cefc13eab25f75a0ec552131910af316c4ada366ef08d2ffe592b164dd05c1c5,UgxqbXa-mQ5sHfCIn1d4AaABAg,youtube-data-api-v3/commentThreads.list,,MKJz4yURCEs,How to Trade Gold - Ride Massive Trends Using this Method,The Moving Average,,
youtube,The Moving Average,MKJz4yURCEs,https://www.youtube.com/watch?v=MKJz4yURCEs,Ugw66KCJ82JHx5YPi_p4AaABAg,"Yo RD(dk if I'm spelling it proper)... But last week I made 600 Rands(South African) Swinging on Gold for 2days Thursday and Friday... 

Used a supply and demand Strat, moving averages(also saw on this channel) and the RSI showed me when to exit...

Love your work bro... Keepem coming... Building funds for a prop firm challenge... Getting there very soon... I can feel it.



Thank You so Much... Joshua from South Africa",2026-05-17T22:03:41Z,2026-10-01T13:27:13.591750+00:00,3,0,,9a0904f9680d4cc5f293f54f4f49a4fbcb1e7ba88f43f730b9efd7eb35895284,,youtube-data-api-v3/commentThreads.list,,MKJz4yURCEs,How to Trade Gold - Ride Massive Trends Using this Method,The Moving Average,,
youtube,The Moving Average,MKJz4yURCEs,https://www.youtube.com/watch?v=MKJz4yURCEs,Ugyeb5KEGRB_hWbkwvN4AaABAg,Bro wth that worked a bit too well 👏🏽,2026-04-09T01:51:56Z,2026-10-01T13:27:13.591750+00:00,5,0,,07c3f908c51d25a9a01d88f9952b2239d13f4a74f208788188e259bad5772d90,,youtube-data-api-v3/commentThreads.list,,MKJz4yURCEs,How to Trade Gold - Ride Massive Trends Using this Method,The Moving Average,,
youtube,The Moving Average,MKJz4yURCEs,https://www.youtube.com/watch?v=MKJz4yURCEs,UgzAEdIDUKy0mfMRFKJ4AaABAg,"I only just noticed the chart and realized that this is a long-range earning strategy (you did mention that), and I treated it as short term and closing quickly because of fear.",2025-11-30T17:32:47Z,2026-10-01T13:27:13.591750+00:00,17,0,,fe03bf351ce7e1cb72e5d937d253efd25ff781d520457e38fd4e9a73cc88a12e,,youtube-data-api-v3/commentThreads.list,,MKJz4yURCEs,How to Trade Gold - Ride Massive Trends Using this Method,The Moving Average,,
youtube,The Moving Average,MKJz4yURCEs,https://www.youtube.com/watch?v=MKJz4yURCEs,UgzY1cRKMBJLfOXELIR4AaABAg,Johnny sins of the gold 🥇🔥,2025-10-17T09:29:15Z,2026-10-01T13:27:13.591750+00:00,100,3,,ec62bcd1a8d76e92d45f9177af39a8424f2b3f9bdac28325bc0bb871fd886655,,youtube-data-api-v3/commentThreads.list,,MKJz4yURCEs,How to Trade Gold - Ride Massive Trends Using this Method,The Moving Average,,
youtube,The Moving Average,MKJz4yURCEs,https://www.youtube.com/watch?v=MKJz4yURCEs,UgzY1cRKMBJLfOXELIR4AaABAg.AONSAH7OBR9ATCJs4gUv3n,😂😂😂😂😂😂😂,2026-02-14T08:22:02Z,2026-10-01T13:27:13.591750+00:00,4,0,,9354f00dded6545df50a1ddd7f32536d971d36153af91773a6e8f87399fd4114,UgzY1cRKMBJLfOXELIR4AaABAg,youtube-data-api-v3/commentThreads.list,,MKJz4yURCEs,How to Trade Gold - Ride Massive Trends Using this Method,The Moving Average,,
youtube,The Moving Average,MKJz4yURCEs,https://www.youtube.com/watch?v=MKJz4yURCEs,UgzY1cRKMBJLfOXELIR4AaABAg.AONSAH7OBR9ATJ1OHAKI8b,LOOOOOLLLLL,2026-02-16T22:55:14Z,2026-10-01T13:27:13.591750+00:00,3,0,,d375631b844a5f034f5cb31a7257850e40709c42655647ff82d6a4f86b523b68,UgzY1cRKMBJLfOXELIR4AaABAg,youtube-data-api-v3/commentThreads.list,,MKJz4yURCEs,How to Trade Gold - Ride Massive Trends Using this Method,The Moving Average,,
youtube,The Moving Average,MKJz4yURCEs,https://www.youtube.com/watch?v=MKJz4yURCEs,Ugz6noyI0Cg1fCG2isR4AaABAg,This helped me recover my blowed account I now make profit thanks 🎉,2025-07-03T07:38:31Z,2026-10-01T13:27:13.591750+00:00,28,2,,0aa8cf37a9395d646324cdb1431efcf2f8567abd8a262dbb4cb37210347553da,,youtube-data-api-v3/commentThreads.list,,MKJz4yURCEs,How to Trade Gold - Ride Massive Trends Using this Method,The Moving Average,,
youtube,The Moving Average,MKJz4yURCEs,https://www.youtube.com/watch?v=MKJz4yURCEs,Ugz6noyI0Cg1fCG2isR4AaABAg.AK6JEa6WqhMASvFpWHDqSf,Hi,2026-02-07T08:00:25Z,2026-10-01T13:27:13.591750+00:00,0,0,,29e9c5fc534b8db0dc7ce7a819e179dac6496f989a3f5d72330dda085fa272d2,Ugz6noyI0Cg1fCG2isR4AaABAg,youtube-data-api-v3/commentThreads.list,,MKJz4yURCEs,How to Trade Gold - Ride Massive Trends Using this Method,The Moving Average,,
youtube,The Moving Average,MKJz4yURCEs,https://www.youtube.com/watch?v=MKJz4yURCEs,UgwO9ntEiKzLwarruB94AaABAg,"Currently in a paper trade right now, testing this out - seems to be working. If this pans out, you've just helped me out loads. Nice one, man!",2025-08-29T08:40:52Z,2026-10-01T13:27:13.591750+00:00,6,1,,66f37cb7ff48ce32877321082dcd2700f85b274361e270753914d2dce66c2def,,youtube-data-api-v3/commentThreads.list,,MKJz4yURCEs,How to Trade Gold - Ride Massive Trends Using this Method,The Moving Average,,
youtube,The Moving Average,MKJz4yURCEs,https://www.youtube.com/watch?v=MKJz4yURCEs,Ugzn8MIY5UFvEaWaK3d4AaABAg,You’re an Angel from Heaven Art! I always learn life changing stuff from your videos. EVERY TIME 💪🧠,2026-02-19T18:52:54Z,2026-10-01T13:27:13.591750+00:00,3,0,,226afb4063cd544eb7f4204a61b96877aa8e4a6d46ece4426aea5e4319996f7a,,youtube-data-api-v3/commentThreads.list,,MKJz4yURCEs,How to Trade Gold - Ride Massive Trends Using this Method,The Moving Average,,
youtube,The Moving Average,MKJz4yURCEs,https://www.youtube.com/watch?v=MKJz4yURCEs,UgzAFmEYaARpN9EETGl4AaABAg,"ARTY i been following since years, you are true humble and beautiful soul creating real content of trading methods and sharing with perfect entry and exit setups...thank you for sharing your knowledge...may almighty bless you with more power...",2025-05-24T15:05:07Z,2026-10-01T13:27:13.591750+00:00,11,1,,7a93e56d0b6daee9d6bf04dfa4d820d34422808ab44172525a3c9c06096058e1,,youtube-data-api-v3/commentThreads.list,,MKJz4yURCEs,How to Trade Gold - Ride Massive Trends Using this Method,The Moving Average,,
youtube,The Moving Average,MKJz4yURCEs,https://www.youtube.com/watch?v=MKJz4yURCEs,UgyyJPMml2lxgyzyVcl4AaABAg,"Awesome explanation on riding gold trends! 📈 Really clear how to use Heikin-Ashi to stay in the move, thanks for the practical tips!",2026-01-06T13:02:29Z,2026-10-01T13:27:13.591750+00:00,2,1,,5e7f6edf449894fee4fe413f9ace63d468df35fa040efc5495334d8bbb661515,,youtube-data-api-v3/commentThreads.list,,MKJz4yURCEs,How to Trade Gold - Ride Massive Trends Using this Method,The Moving Average,,
youtube,The Moving Average,MKJz4yURCEs,https://www.youtube.com/watch?v=MKJz4yURCEs,UgylGU9X0YUao-kTip94AaABAg,"Tested this, and it does work along with strategies such as ORB, sessions open/close and previous day high and lows! Exactly as you said! This is a GOLD video about trading gold! Thank you so much!",2025-07-12T09:51:14Z,2026-10-01T13:27:13.591750+00:00,57,4,,5bb480d2206b9e1de0068a320691631a4b237849bc9a288f079a620e358e2056,,youtube-data-api-v3/commentThreads.list,,MKJz4yURCEs,How to Trade Gold - Ride Massive Trends Using this Method,The Moving Average,,
youtube,The Moving Average,MKJz4yURCEs,https://www.youtube.com/watch?v=MKJz4yURCEs,UgylGU9X0YUao-kTip94AaABAg.AKTi_S29sRNAM3EeOUzzeC,your success rate?,2025-08-20T20:03:34Z,2026-10-01T13:27:13.591750+00:00,1,0,,88d8c898db5486eb95dae49b8e64ce856dbb9ba8de9dd241dc0bf0eedf298be8,UgylGU9X0YUao-kTip94AaABAg,youtube-data-api-v3/commentThreads.list,,MKJz4yURCEs,How to Trade Gold - Ride Massive Trends Using this Method,The Moving Average,,
youtube,The Moving Average,MKJz4yURCEs,https://www.youtube.com/watch?v=MKJz4yURCEs,UgylGU9X0YUao-kTip94AaABAg.AKTi_S29sRNARrMFEnKtHb,timeframe please,2026-01-11T23:08:08Z,2026-10-01T13:27:13.591750+00:00,1,0,,cb85ef7a460fa92bc71681bcbb244a3a43e89b06ec07e584eb3dbf9e9d028673,UgylGU9X0YUao-kTip94AaABAg,youtube-data-api-v3/commentThreads.list,,MKJz4yURCEs,How to Trade Gold - Ride Massive Trends Using this Method,The Moving Average,,
youtube,The Moving Average,MKJz4yURCEs,https://www.youtube.com/watch?v=MKJz4yURCEs,UgylGU9X0YUao-kTip94AaABAg.AKTi_S29sRNASMnaoJlxzu,"​@bootangyBro, why you dont test it yourself....",2026-01-24T13:31:35Z,2026-10-01T13:27:13.591750+00:00,1,0,,56d7afa691bd9847d7367dff9e01a5dadb207a7b6141550b38c192a277586973,UgylGU9X0YUao-kTip94AaABAg,youtube-data-api-v3/commentThreads.list,,MKJz4yURCEs,How to Trade Gold - Ride Massive Trends Using this Method,The Moving Average,,
youtube,The Moving Average,MKJz4yURCEs,https://www.youtube.com/watch?v=MKJz4yURCEs,Ugya9aPkzMW-m5lhxzB4AaABAg,Best educational video till now on internet for gold 🔥👏🏻,2025-09-18T21:12:23Z,2026-10-01T13:27:13.591750+00:00,2,1,,c88a03a27bfcfd116519da3aeaeeb6f9b00887c1bbc27a1353ed272a34ce87a8,,youtube-data-api-v3/commentThreads.list,,MKJz4yURCEs,How to Trade Gold - Ride Massive Trends Using this Method,The Moving Average,,
youtube,The Moving Average,MKJz4yURCEs,https://www.youtube.com/watch?v=MKJz4yURCEs,Ugy7nIwX75tKd18xmJp4AaABAg,"Thank you! I love your videos. Crystal clear, concise and smart.",2025-05-16T20:06:22Z,2026-10-01T13:27:13.591750+00:00,9,1,,d04bf12e1429334332f2ed861451a88f8002082ac11926d426cc7a084f6d91d7,,youtube-data-api-v3/commentThreads.list,,MKJz4yURCEs,How to Trade Gold - Ride Massive Trends Using this Method,The Moving Average,,
youtube,The Moving Average,MKJz4yURCEs,https://www.youtube.com/watch?v=MKJz4yURCEs,Ugw2mGUTlA4ySKapsRN4AaABAg,"This video and strategy just helped me pass my first prop firm challenge!! Once again, Arty, you have changed my trading life!! Keep up the brilliant work, bro!!!!!",2026-04-02T09:15:45Z,2026-10-01T13:27:13.591750+00:00,2,1,,b1683bf82940b9924026a93c0ea9b5bcd8a9736dbe231294361fa57c7a6f10dc,,youtube-data-api-v3/commentThreads.list,,MKJz4yURCEs,How to Trade Gold - Ride Massive Trends Using this Method,The Moving Average,,
youtube,The Moving Average,MKJz4yURCEs,https://www.youtube.com/watch?v=MKJz4yURCEs,Ugw2mGUTlA4ySKapsRN4AaABAg.AV5RNX8KLbVAX5HA30cFht,Which prop firm,2026-05-22T00:49:19Z,2026-10-01T13:27:13.591750+00:00,0,0,,74cc4ad53237f4733f34b26be684a4221e6e7f0e2bb5fcd13046fef9d063825a,Ugw2mGUTlA4ySKapsRN4AaABAg,youtube-data-api-v3/commentThreads.list,,MKJz4yURCEs,How to Trade Gold - Ride Massive Trends Using this Method,The Moving Average,,
youtube,The Moving Average,MKJz4yURCEs,https://www.youtube.com/watch?v=MKJz4yURCEs,UgztBJcws8CVJB5lZah4AaABAg,You have been anointed for this. Remain blessed sir,2025-05-16T20:32:27Z,2026-10-01T13:27:13.591750+00:00,5,1,,20d2e0cbe91ebafd5f6ad69d2347070feab2009301f49d01eb3865cb78814921,,youtube-data-api-v3/commentThreads.list,,MKJz4yURCEs,How to Trade Gold - Ride Massive Trends Using this Method,The Moving Average,,
youtube,The Moving Average,MKJz4yURCEs,https://www.youtube.com/watch?v=MKJz4yURCEs,UgyTQfSx8M5-vlToAqB4AaABAg,This video here has saved and made trading xauusd such a smooth movement. 💰💰💰. THANK YOU!,2025-08-29T14:09:24Z,2026-10-01T13:27:13.591750+00:00,6,1,,055c51d00b8d5e42b479989ceaa6af3c814d157f938cad3b0c94f46066103cd1,,youtube-data-api-v3/commentThreads.list,,MKJz4yURCEs,How to Trade Gold - Ride Massive Trends Using this Method,The Moving Average,,
youtube,The Moving Average,MKJz4yURCEs,https://www.youtube.com/watch?v=MKJz4yURCEs,Ugxh71bLyiulZ1Rx2Ih4AaABAg,This strategy cooks,2026-04-24T10:29:11Z,2026-10-01T13:27:13.591750+00:00,2,0,,ae854e34a3375df8f19d723f42920e294926532337dec53ab145ab47132e6ba1,,youtube-data-api-v3/commentThreads.list,,MKJz4yURCEs,How to Trade Gold - Ride Massive Trends Using this Method,The Moving Average,,
youtube,The Moving Average,MKJz4yURCEs,https://www.youtube.com/watch?v=MKJz4yURCEs,Ugyixrq4IVc8AbWwRvR4AaABAg,"I hardly comment, God bless you for this SIR",2025-08-11T15:07:52Z,2026-10-01T13:27:13.591750+00:00,5,1,,60fd6bed4c70adf6edc7a11642593450f31c291dbaf543be43d714d3dfe062b7,,youtube-data-api-v3/commentThreads.list,,MKJz4yURCEs,How to Trade Gold - Ride Massive Trends Using this Method,The Moving Average,,
youtube,The Moving Average,MKJz4yURCEs,https://www.youtube.com/watch?v=MKJz4yURCEs,UgwUJhUeHGQEdc-68UB4AaABAg,Trading gold in December is a rollercoaster 🎢 I briefly backtested this method and it turned out GREAT! Will definitely try it tomorrow !,2025-12-03T17:33:35Z,2026-10-01T13:27:13.591750+00:00,7,0,,2e234af66e829f8c8d2bf572505ddfccd34dcc16e19e8ff2af9700ff0d280a0d,,youtube-data-api-v3/commentThreads.list,,MKJz4yURCEs,How to Trade Gold - Ride Massive Trends Using this Method,The Moving Average,,
youtube,The Moving Average,MKJz4yURCEs,https://www.youtube.com/watch?v=MKJz4yURCEs,UgyWvQ0FRFULWdmzj614AaABAg,"Great video. I’ve been long NAS for a few days now. Love it - no stress, just follow the rules. Thank you 😊",2025-05-18T18:47:27Z,2026-10-01T13:27:13.591750+00:00,3,1,,bd2ced38bd659b2777b6bf54f163e81150bd960f17a9c4e8bf1d8c73791a31c3,,youtube-data-api-v3/commentThreads.list,,MKJz4yURCEs,How to Trade Gold - Ride Massive Trends Using this Method,The Moving Average,,
youtube,The Moving Average,MKJz4yURCEs,https://www.youtube.com/watch?v=MKJz4yURCEs,UgzAaeOVhkg15g6UI7R4AaABAg,Imma watch this 3 times per day,2026-02-04T18:10:12Z,2026-10-01T13:27:13.591750+00:00,3,1,,8a6a5c94a8ae8fb541948988424798494e425da47bfff9921655179b46a7193d,,youtube-data-api-v3/commentThreads.list,,MKJz4yURCEs,How to Trade Gold - Ride Massive Trends Using this Method,The Moving Average,,
youtube,The Moving Average,MKJz4yURCEs,https://www.youtube.com/watch?v=MKJz4yURCEs,UgwSERapYZgH3-ibKwB4AaABAg,johny johny got the skills love from kenya,2026-03-07T14:42:29Z,2026-10-01T13:27:13.591750+00:00,2,0,,27385dfb25a7a60be5e45b213c2fc32468b56064e22191a4b4dce47198928a49,,youtube-data-api-v3/commentThreads.list,,MKJz4yURCEs,How to Trade Gold - Ride Massive Trends Using this Method,The Moving Average,,
youtube,The Moving Average,MKJz4yURCEs,https://www.youtube.com/watch?v=MKJz4yURCEs,Ugx74ozvL9bTMM2kI4l4AaABAg,Sounds like a printer. I'll test it.. Thanks bro,2026-02-04T18:08:02Z,2026-10-01T13:27:13.591750+00:00,2,0,,8a6a5c94a8ae8fb541948988424798494e425da47bfff9921655179b46a7193d,,youtube-data-api-v3/commentThreads.list,,MKJz4yURCEs,How to Trade Gold - Ride Massive Trends Using this Method,The Moving Average,,
youtube,The Moving Average,MKJz4yURCEs,https://www.youtube.com/watch?v=MKJz4yURCEs,Ugy_4vManUUaUp-cM914AaABAg,Wow this is amazing . Thank you so much for this. This is a game changer,2025-05-10T09:57:20Z,2026-10-01T13:27:13.591750+00:00,4,1,,90f2bf9a8747ca93953a2aac486b191ef503f636a507c17554a69f04089a8d0d,,youtube-data-api-v3/commentThreads.list,,MKJz4yURCEs,How to Trade Gold - Ride Massive Trends Using this Method,The Moving Average,,
youtube,The Moving Average,MKJz4yURCEs,https://www.youtube.com/watch?v=MKJz4yURCEs,Ugx-LrHEIBc4Kwr5UR94AaABAg,Wow just wow! How I wish I've watched this sooner now it makes sense.,2025-11-11T02:06:26Z,2026-10-01T13:27:13.591750+00:00,2,1,,ee89bbc9c68c18199a896a8270c285956ea074e69fe61f22015534b6fbfc9f2a,,youtube-data-api-v3/commentThreads.list,,MKJz4yURCEs,How to Trade Gold - Ride Massive Trends Using this Method,The Moving Average,,
youtube,The Moving Average,MKJz4yURCEs,https://www.youtube.com/watch?v=MKJz4yURCEs,UgyqwmI0KTTV6SYzYfV4AaABAg,"Thank you so much arty, you have chosen the topic.",2025-05-12T05:18:45Z,2026-10-01T13:27:13.591750+00:00,2,1,,46494ef977fd8ed00ae36a7365d046e236d1a2f7e521fc4b1bfd7b20fe6f35be,,youtube-data-api-v3/commentThreads.list,,MKJz4yURCEs,How to Trade Gold - Ride Massive Trends Using this Method,The Moving Average,,
youtube,The Moving Average,MKJz4yURCEs,https://www.youtube.com/watch?v=MKJz4yURCEs,UgxNOlqmXJeAOEXTw194AaABAg,That's is very useful for a Swing Trader like me! This Help Solve my Problem of where to Exit the Market where I previously know nowhere to Exit and Held Until Profit become Loss or BreakEvent!,2025-05-10T11:26:57Z,2026-10-01T13:27:13.591750+00:00,5,3,,b48344da6d559e232e313122af374162db9b60fc2729d4962b49dec2717077a9,,youtube-data-api-v3/commentThreads.list,,MKJz4yURCEs,How to Trade Gold - Ride Massive Trends Using this Method,The Moving Average,,
youtube,The Moving Average,MKJz4yURCEs,https://www.youtube.com/watch?v=MKJz4yURCEs,UgxNOlqmXJeAOEXTw194AaABAg.AHwfSO0blRXAI00Wl0bKGp,@TheMovingAverage Thanks so much 🙏,2025-05-12T03:56:45Z,2026-10-01T13:27:13.591750+00:00,2,0,,b48344da6d559e232e313122af374162db9b60fc2729d4962b49dec2717077a9,UgxNOlqmXJeAOEXTw194AaABAg,youtube-data-api-v3/commentThreads.list,,MKJz4yURCEs,How to Trade Gold - Ride Massive Trends Using this Method,The Moving Average,,
youtube,The Moving Average,MKJz4yURCEs,https://www.youtube.com/watch?v=MKJz4yURCEs,UgzeVSPwbVcpsnW34oN4AaABAg,"I bring you greetings from Ghana. Merry Christmas 

You have done everything. May God bless you abundantly.",2025-12-25T18:22:14Z,2026-10-01T13:27:13.591750+00:00,2,1,,5a202ebff5af29becaa1d754643b53272ca963c4eae0caea8cee3f39d6b6168c,,youtube-data-api-v3/commentThreads.list,,MKJz4yURCEs,How to Trade Gold - Ride Massive Trends Using this Method,The Moving Average,,
youtube,The Moving Average,MKJz4yURCEs,https://www.youtube.com/watch?v=MKJz4yURCEs,UgwShT-HrC8Peme2eaZ4AaABAg,Everything explained clearly in less than 8 mins❤,2025-12-17T01:43:54Z,2026-10-01T13:27:13.591750+00:00,2,1,,ed1e31d60d6dd25b2baa450944eb9a0cf17ba54577395cf247de299c4aaeb1e4,,youtube-data-api-v3/commentThreads.list,,MKJz4yURCEs,How to Trade Gold - Ride Massive Trends Using this Method,The Moving Average,,
youtube,The Moving Average,MKJz4yURCEs,https://www.youtube.com/watch?v=MKJz4yURCEs,UgwB2Aao1hv2NLMNLTV4AaABAg,"Thank you Arty, I've tried and it helped me to move better in the market. Thank you! 🙏",2025-05-23T12:11:35Z,2026-10-01T13:27:13.591750+00:00,2,1,,454367724433ecf40097bf0d05f248d7da46b1322ff15757cc3e657e14985757,,youtube-data-api-v3/commentThreads.list,,MKJz4yURCEs,How to Trade Gold - Ride Massive Trends Using this Method,The Moving Average,,
youtube,The Moving Average,MKJz4yURCEs,https://www.youtube.com/watch?v=MKJz4yURCEs,UgxTyAE1tyPfT5OTeb54AaABAg,"Thanks bro, U gain another follower.!!.",2025-05-21T21:51:21Z,2026-10-01T13:27:13.591750+00:00,4,1,,9ed6cbdce39b0da59643cacd662e59e39aed4302e9f2da767647650041d259b1,,youtube-data-api-v3/commentThreads.list,,MKJz4yURCEs,How to Trade Gold - Ride Massive Trends Using this Method,The Moving Average,,
youtube,The Moving Average,MKJz4yURCEs,https://www.youtube.com/watch?v=MKJz4yURCEs,UgwyxkyKqSl0X9L1zhR4AaABAg,Yooo arty welcome back bro,2025-05-09T19:04:59Z,2026-10-01T13:27:13.591750+00:00,4,1,,666b15c59c3016eb53a26b18d79959a0b9169cab4e0481adb6f4fa8e790015c4,,youtube-data-api-v3/commentThreads.list,,MKJz4yURCEs,How to Trade Gold - Ride Massive Trends Using this Method,The Moving Average,,
youtube,The Moving Average,MKJz4yURCEs,https://www.youtube.com/watch?v=MKJz4yURCEs,UgzdPQnWAx73q7RcZLl4AaABAg,I love you Man i hope when im successful enough in this arena ill have the chance to see you one day ❤❤,2025-08-18T14:56:09Z,2026-10-01T13:27:13.591750+00:00,3,1,,f4c32550df9fbe14200ea2404ccfd386a1d4f729631a3b42d68af524c6357b64,,youtube-data-api-v3/commentThreads.list,,MKJz4yURCEs,How to Trade Gold - Ride Massive Trends Using this Method,The Moving Average,,
youtube,The Moving Average,MKJz4yURCEs,https://www.youtube.com/watch?v=MKJz4yURCEs,UgzTPDzWw7LOhYhYSV14AaABAg,Am new in this field so trying to learn from your videos,2025-08-05T08:08:41Z,2026-10-01T13:27:13.591750+00:00,2,1,,a42e5efec8a6dd6e9f9a81f5473263eca6775527478e17f79e7dbdddee430b9a,,youtube-data-api-v3/commentThreads.list,,MKJz4yURCEs,How to Trade Gold - Ride Massive Trends Using this Method,The Moving Average,,
youtube,The Moving Average,MKJz4yURCEs,https://www.youtube.com/watch?v=MKJz4yURCEs,Ugx-mUhMjQisy-4kxtN4AaABAg,You're awesome brother! Thank you!,2025-07-10T15:11:07Z,2026-10-01T13:27:13.591750+00:00,2,1,,833492e9db0aae5a595e6ba0fc47c37b072cef88a9f070406fcf042efeba9f78,,youtube-data-api-v3/commentThreads.list,,MKJz4yURCEs,How to Trade Gold - Ride Massive Trends Using this Method,The Moving Average,,
youtube,The Moving Average,MKJz4yURCEs,https://www.youtube.com/watch?v=MKJz4yURCEs,UgxCjt5m5gCOuh0FhdV4AaABAg,nice content in just so simple language......thanks brother.....🔥❤️,2025-06-30T07:51:32Z,2026-10-01T13:27:13.592751+00:00,2,1,,ff07c7f0a5d0563aced5af2bf9714af32614c964c379ef26141da62e69d903b8,,youtube-data-api-v3/commentThreads.list,,MKJz4yURCEs,How to Trade Gold - Ride Massive Trends Using this Method,The Moving Average,,
youtube,The Moving Average,MKJz4yURCEs,https://www.youtube.com/watch?v=MKJz4yURCEs,UgzmHBo-CxMKBWV2uxV4AaABAg,thank you brother for this valuable video.,2025-11-19T11:38:30Z,2026-10-01T13:27:13.592751+00:00,3,1,,6540f988050135bc9d6f9136006be56cff09f6c1d2746ff6091e6bd04ee261df,,youtube-data-api-v3/commentThreads.list,,MKJz4yURCEs,How to Trade Gold - Ride Massive Trends Using this Method,The Moving Average,,
youtube,The Moving Average,MKJz4yURCEs,https://www.youtube.com/watch?v=MKJz4yURCEs,UgwljY90ZzrwrhBIlfR4AaABAg,Thanks arty 🎉 and thanks to the questioner. Heiken ashi are great,2025-05-09T21:21:51Z,2026-10-01T13:27:13.592751+00:00,2,1,,16c5378bad8a20480688430ef02ff3faa092f9741383098219212dda2f32f1db,,youtube-data-api-v3/commentThreads.list,,MKJz4yURCEs,How to Trade Gold - Ride Massive Trends Using this Method,The Moving Average,,
youtube,The Moving Average,MKJz4yURCEs,https://www.youtube.com/watch?v=MKJz4yURCEs,UgwdEbajMv1FdCnOhWl4AaABAg,Ok playa you got another subscriber this was very helpful thanks you,2025-11-24T18:48:41Z,2026-10-01T13:27:13.592751+00:00,2,1,,87629b3ee2fcc15016b7ea9bba569444847603293f359ae04e3fbc600e0b713b,,youtube-data-api-v3/commentThreads.list,,MKJz4yURCEs,How to Trade Gold - Ride Massive Trends Using this Method,The Moving Average,,
youtube,The Moving Average,MKJz4yURCEs,https://www.youtube.com/watch?v=MKJz4yURCEs,UgysCYIX_dEq-UOOzxp4AaABAg,Thank you for your knowledge sharing sir. Greetings from Malaysia.,2025-08-31T06:24:25Z,2026-10-01T13:27:13.592751+00:00,2,1,,0c99d818ce1cb63dab0f822f7cc0f53d2b20c257f3427439e76fd3b2eca1cb8c,,youtube-data-api-v3/commentThreads.list,,MKJz4yURCEs,How to Trade Gold - Ride Massive Trends Using this Method,The Moving Average,,
youtube,The Moving Average,MKJz4yURCEs,https://www.youtube.com/watch?v=MKJz4yURCEs,UgwZWddrdbHwqKoqtip4AaABAg,Fantastic Video With Strategy❗️👌🏼,2025-05-10T07:44:38Z,2026-10-01T13:27:13.592751+00:00,2,1,,5fdc1b2ddac080577fcae5e2fe148e17ca8aee889f4b27f93a696ca8131a36a6,,youtube-data-api-v3/commentThreads.list,,MKJz4yURCEs,How to Trade Gold - Ride Massive Trends Using this Method,The Moving Average,,
youtube,The Moving Average,MKJz4yURCEs,https://www.youtube.com/watch?v=MKJz4yURCEs,Ugz6Pg_5a1Ve6Y_M4HN4AaABAg,Love from India,2026-02-03T06:09:57Z,2026-10-01T13:27:13.592751+00:00,2,0,,f617e80a89746a1d76b5b7e046f243c0a5f3201afe23ed5495456ff5e0382676,,youtube-data-api-v3/commentThreads.list,,MKJz4yURCEs,How to Trade Gold - Ride Massive Trends Using this Method,The Moving Average,,
youtube,The Moving Average,MKJz4yURCEs,https://www.youtube.com/watch?v=MKJz4yURCEs,Ugw1ZCdZ8_-kt4MK_S54AaABAg,"I followed your instructions, and it's showing perfect results. Thank you so much for your analysis excellent always ❤",2025-07-14T00:47:53Z,2026-10-01T13:27:13.592751+00:00,11,1,,3e2c799a5b43f81712f0a2d2093a61ac499b93751bd4eede69588b72b7a33eb1,,youtube-data-api-v3/commentThreads.list,,MKJz4yURCEs,How to Trade Gold - Ride Massive Trends Using this Method,The Moving Average,,
youtube,The Moving Average,MKJz4yURCEs,https://www.youtube.com/watch?v=MKJz4yURCEs,UgwL0Rr8TA-7bHt72jZ4AaABAg,I don’t think Marty could have been more precise 😂. He just gave you guys the flavor and the sauce!!,2025-05-31T17:57:56Z,2026-10-01T13:27:13.592751+00:00,9,1,,121928100261564fc1ea34f46f91791a712c3f541b6167d9646fc0aca5e0a7dd,,youtube-data-api-v3/commentThreads.list,,MKJz4yURCEs,How to Trade Gold - Ride Massive Trends Using this Method,The Moving Average,,
youtube,The Moving Average,MKJz4yURCEs,https://www.youtube.com/watch?v=MKJz4yURCEs,Ugw_IJqRIEt-WT2Gvel4AaABAg,Thanks for sharing this video.,2025-05-11T08:55:35Z,2026-10-01T13:27:13.592751+00:00,2,1,,ddcfca99c2a08070459ae4cae832d6e575c29b73a0612595552e35638c9b1b9e,,youtube-data-api-v3/commentThreads.list,,MKJz4yURCEs,How to Trade Gold - Ride Massive Trends Using this Method,The Moving Average,,
youtube,The Moving Average,MKJz4yURCEs,https://www.youtube.com/watch?v=MKJz4yURCEs,UgwceHyrKOwmeX4-aHN4AaABAg,Just seen it awesome explanation. I will try it when i will have money.,2025-07-04T00:29:07Z,2026-10-01T13:27:13.592751+00:00,2,1,,09f7121f4c4468be19d7c6517e73e468df4bc77c6e380a04c56d3753ac1c067d,,youtube-data-api-v3/commentThreads.list,,MKJz4yURCEs,How to Trade Gold - Ride Massive Trends Using this Method,The Moving Average,,
youtube,The Moving Average,MKJz4yURCEs,https://www.youtube.com/watch?v=MKJz4yURCEs,UgxfrnfwmlPI4zcRajd4AaABAg,Thank you for this❤,2025-05-09T19:35:44Z,2026-10-01T13:27:13.592751+00:00,2,1,,99697c1932c841a06280cb238252ceb60975747dcecc255e5ee8249b47961a9b,,youtube-data-api-v3/commentThreads.list,,MKJz4yURCEs,How to Trade Gold - Ride Massive Trends Using this Method,The Moving Average,,
youtube,The Moving Average,MKJz4yURCEs,https://www.youtube.com/watch?v=MKJz4yURCEs,UgxztHngjUr3AJ3I9h14AaABAg,Sound as a pound there Arty. Many thanks and rock on !,2025-05-09T19:18:33Z,2026-10-01T13:27:13.592751+00:00,2,1,,6decdd981787cbc700c955b446c0143a6a541adee274f5c9180b39aa70e2fb81,,youtube-data-api-v3/commentThreads.list,,MKJz4yURCEs,How to Trade Gold - Ride Massive Trends Using this Method,The Moving Average,,
youtube,The Moving Average,MKJz4yURCEs,https://www.youtube.com/watch?v=MKJz4yURCEs,UgxWvY-n-x3G4ZpJ5Yp4AaABAg,Thanks teacher your help 🎉,2025-05-09T19:09:25Z,2026-10-01T13:27:13.592751+00:00,2,1,,42aaaaf040e210b5a5debb8c3394ffdcdebff23808cf2c39bada3dd9b7157e57,,youtube-data-api-v3/commentThreads.list,,MKJz4yURCEs,How to Trade Gold - Ride Massive Trends Using this Method,The Moving Average,,
youtube,The Moving Average,MKJz4yURCEs,https://www.youtube.com/watch?v=MKJz4yURCEs,UgxMBFKu-IWOINNo2sp4AaABAg,High quality content.,2025-09-17T23:54:32Z,2026-10-01T13:27:13.592751+00:00,1,1,,29ebaa9a92ccad510ebfad435e86acf5daddc49da8e7822ce209618d4ed0c423,,youtube-data-api-v3/commentThreads.list,,MKJz4yURCEs,How to Trade Gold - Ride Massive Trends Using this Method,The Moving Average,,
youtube,The Moving Average,MKJz4yURCEs,https://www.youtube.com/watch?v=MKJz4yURCEs,Ugxx4l7FAh1TlYTXsYR4AaABAg,Thanks rd😊,2025-05-17T01:50:50Z,2026-10-01T13:27:13.592751+00:00,3,1,,bcc146cf5fbef1dbf742a8ae7d69f6afcb1c7cfc66540e6e20dac349f8198f2f,,youtube-data-api-v3/commentThreads.list,,MKJz4yURCEs,How to Trade Gold - Ride Massive Trends Using this Method,The Moving Average,,
youtube,The Moving Average,MKJz4yURCEs,https://www.youtube.com/watch?v=MKJz4yURCEs,UgzVc60xg3Z_xKvLnBJ4AaABAg,Great video thank you !,2025-11-22T06:03:28Z,2026-10-01T13:27:13.592751+00:00,2,1,,645c8eca6e3dd2f501c7ac3a343006dcb1882e2dce7b1a735fb4ee57c5d8e713,,youtube-data-api-v3/commentThreads.list,,MKJz4yURCEs,How to Trade Gold - Ride Massive Trends Using this Method,The Moving Average,,
youtube,The Moving Average,MKJz4yURCEs,https://www.youtube.com/watch?v=MKJz4yURCEs,UgyK7HS0s0n8-tZtz654AaABAg,Now just time to come up with hobbies …,2025-07-18T04:26:14Z,2026-10-01T13:27:13.592751+00:00,5,0,,4b90878f6ddc8e8a3c5e6d61386b6223f7b571cc1b912780d65a38dea4087738,,youtube-data-api-v3/commentThreads.list,,MKJz4yURCEs,How to Trade Gold - Ride Massive Trends Using this Method,The Moving Average,,
youtube,The Moving Average,MKJz4yURCEs,https://www.youtube.com/watch?v=MKJz4yURCEs,UgzxomsIiSuev-Bjft94AaABAg,Make a full video on gold trading strategy pls..,2025-05-23T18:30:34Z,2026-10-01T13:27:13.592751+00:00,76,1,,af2eec23a2af9d006ad6a1f093fee0593e3752a68b46fe3cc24b7489f1d9736e,,youtube-data-api-v3/commentThreads.list,,MKJz4yURCEs,How to Trade Gold - Ride Massive Trends Using this Method,The Moving Average,,
youtube,The Moving Average,MKJz4yURCEs,https://www.youtube.com/watch?v=MKJz4yURCEs,UgzxomsIiSuev-Bjft94AaABAg.AITuGNpsV7UANOEcaSHtEH,hi,2025-09-22T20:18:45Z,2026-10-01T13:27:13.592751+00:00,1,0,,cd0ba34cd0d199ef7a0b5389e6ba5f6ee050a2996385a60b1195016256486f86,UgzxomsIiSuev-Bjft94AaABAg,youtube-data-api-v3/commentThreads.list,,MKJz4yURCEs,How to Trade Gold - Ride Massive Trends Using this Method,The Moving Average,,
youtube,The Moving Average,MKJz4yURCEs,https://www.youtube.com/watch?v=MKJz4yURCEs,Ugxk2t-ZCF-MYfL3whJ4AaABAg,Just in time!,2025-05-11T17:44:41Z,2026-10-01T13:27:13.592751+00:00,2,1,,43c03320307d3b57c87c31b9f0c824566dd5905b6a07693eb2faee55c3117677,,youtube-data-api-v3/commentThreads.list,,MKJz4yURCEs,How to Trade Gold - Ride Massive Trends Using this Method,The Moving Average,,
youtube,The Moving Average,MKJz4yURCEs,https://www.youtube.com/watch?v=MKJz4yURCEs,UgxvmAFvNjfHUqIaV3B4AaABAg,Great video,2025-12-10T21:17:03Z,2026-10-01T13:27:13.592751+00:00,2,1,,d7ec5e7cad2a2f77b66e0dde523ad64646576c0428c58bc3495af62f593467f4,,youtube-data-api-v3/commentThreads.list,,MKJz4yURCEs,How to Trade Gold - Ride Massive Trends Using this Method,The Moving Average,,
youtube,The Moving Average,MKJz4yURCEs,https://www.youtube.com/watch?v=MKJz4yURCEs,UgylUbnwsAt4QCoTDLZ4AaABAg,Great knowledge ❤,2025-08-22T22:56:16Z,2026-10-01T13:27:13.592751+00:00,2,1,,535f17c4941b66fe42c4d720f566a3c8a4b9bf9f4ad62acfab2dff374f61c9b1,,youtube-data-api-v3/commentThreads.list,,MKJz4yURCEs,How to Trade Gold - Ride Massive Trends Using this Method,The Moving Average,,
youtube,The Moving Average,MKJz4yURCEs,https://www.youtube.com/watch?v=MKJz4yURCEs,UgxIKYoenhGTZJc-0ux4AaABAg,great video broo,2025-07-01T17:15:52Z,2026-10-01T13:27:13.592751+00:00,2,1,,3734b2a7f3e146f0159015791f737534488964c95429663c93a6edcbb9605b9f,,youtube-data-api-v3/commentThreads.list,,MKJz4yURCEs,How to Trade Gold - Ride Massive Trends Using this Method,The Moving Average,,
youtube,The Moving Average,MKJz4yURCEs,https://www.youtube.com/watch?v=MKJz4yURCEs,UgyMvOngVgRs7yEomOB4AaABAg,Thank you ima try this on demo,2026-01-06T18:17:25Z,2026-10-01T13:27:13.592751+00:00,2,1,,30ed1e575f8b4cc52ce1592990e6d770cff973155c545b7896dbfab12a29a780,,youtube-data-api-v3/commentThreads.list,,MKJz4yURCEs,How to Trade Gold - Ride Massive Trends Using this Method,The Moving Average,,
youtube,The Moving Average,MKJz4yURCEs,https://www.youtube.com/watch?v=MKJz4yURCEs,UgwGY2c4tUhigr0U-0R4AaABAg,I've been trying to work this out on my own for a while and this solve the problem for me! Its worked really well.  Appreciate you sharing your knowledge!,2025-07-01T05:37:37Z,2026-10-01T13:27:13.592751+00:00,8,1,,8887a12f54fbf4cfdf54598c2e7f7d163b17f7a7c3dca4755b1e8cab37ddf9b2,,youtube-data-api-v3/commentThreads.list,,MKJz4yURCEs,How to Trade Gold - Ride Massive Trends Using this Method,The Moving Average,,
youtube,The Moving Average,MKJz4yURCEs,https://www.youtube.com/watch?v=MKJz4yURCEs,Ugx6b3roPeHrsIW72ux4AaABAg,love from India❤,2025-05-15T09:46:59Z,2026-10-01T13:27:13.592751+00:00,3,1,,4a2c3b7d247244da9f93dd101ece573313763f09e7be13fe5924f6e0e1fe25ed,,youtube-data-api-v3/commentThreads.list,,MKJz4yURCEs,How to Trade Gold - Ride Massive Trends Using this Method,The Moving Average,,
youtube,The Moving Average,MKJz4yURCEs,https://www.youtube.com/watch?v=MKJz4yURCEs,UgyxgbtxJt1n2U6kadt4AaABAg,Very interesting video ❤,2025-05-10T06:52:06Z,2026-10-01T13:27:13.592751+00:00,2,1,,006acbff287f8d7013ef17e6407090daebb6927ea08e217a4a13c46a540833c0,,youtube-data-api-v3/commentThreads.list,,MKJz4yURCEs,How to Trade Gold - Ride Massive Trends Using this Method,The Moving Average,,
youtube,The Moving Average,MKJz4yURCEs,https://www.youtube.com/watch?v=MKJz4yURCEs,UgxiDn9YCJ085i0NqLh4AaABAg,"The timing of this video, in retrospect was amazing. Had anyone followed it, they would have had a very good year. Now, with gold consolidated and ranging, this technique may be a bit risky. May 2026.",2026-05-02T04:38:55Z,2026-10-01T13:27:13.592751+00:00,1,0,,a7f11766dd1c05c188fed4e07f4f2be48b6a8a994e53a70cb08048c652a5b0df,,youtube-data-api-v3/commentThreads.list,,MKJz4yURCEs,How to Trade Gold - Ride Massive Trends Using this Method,The Moving Average,,
youtube,The Moving Average,MKJz4yURCEs,https://www.youtube.com/watch?v=MKJz4yURCEs,UgwcPEeZc-whqeptI_14AaABAg,Thx Arty,2025-05-10T12:48:12Z,2026-10-01T13:27:13.592751+00:00,2,1,,a384665253970da75687ab53012cb75218a22446e0a747db789eed3b63770ffc,,youtube-data-api-v3/commentThreads.list,,MKJz4yURCEs,How to Trade Gold - Ride Massive Trends Using this Method,The Moving Average,,
youtube,The Moving Average,MKJz4yURCEs,https://www.youtube.com/watch?v=MKJz4yURCEs,UgzA6ECoxmUkzBn_iy14AaABAg,"Great video, gonna try this with what I've already learnt once I've started my £20 account progression challenge",2025-05-09T19:32:30Z,2026-10-01T13:27:13.592751+00:00,7,3,,bd71ae1bcf43f5e8c8b9aee4c15fd6f33d3191fb96a5ecc487044cee16f7d90a,,youtube-data-api-v3/commentThreads.list,,MKJz4yURCEs,How to Trade Gold - Ride Massive Trends Using this Method,The Moving Average,,
youtube,The Moving Average,MKJz4yURCEs,https://www.youtube.com/watch?v=MKJz4yURCEs,UgzA6ECoxmUkzBn_iy14AaABAg.AHuyDotXvxyAHwDvI6Gd6h,"Bro ,, go with funded challange",2025-05-10T07:17:38Z,2026-10-01T13:27:13.592751+00:00,2,0,,0aca99b51096b744ab7ffb75678cadb4f0ea8a24110a1e295cd93ccfca7d3d2c,UgzA6ECoxmUkzBn_iy14AaABAg,youtube-data-api-v3/commentThreads.list,,MKJz4yURCEs,How to Trade Gold - Ride Massive Trends Using this Method,The Moving Average,,
youtube,The Moving Average,MKJz4yURCEs,https://www.youtube.com/watch?v=MKJz4yURCEs,UgzA6ECoxmUkzBn_iy14AaABAg.AHuyDotXvxyAKBROoH1f2b,That’s tough for a beginner,2025-07-05T07:26:02Z,2026-10-01T13:27:13.592751+00:00,1,0,,bfbd80ab0a7aa022c6009f09b3515dcf2a650f4c2cd382900f1bd7666b1450bf,UgzA6ECoxmUkzBn_iy14AaABAg,youtube-data-api-v3/commentThreads.list,,MKJz4yURCEs,How to Trade Gold - Ride Massive Trends Using this Method,The Moving Average,,
youtube,The Moving Average,MKJz4yURCEs,https://www.youtube.com/watch?v=MKJz4yURCEs,UgwRxWGIvfTcKm3UdA14AaABAg,"Alot of theory only, you should show live on charts how to apply what you say to trade xauusd for beginners...especially swing buys as gold always goes up. Images are worth more than 1000 words!",2026-04-03T20:33:03Z,2026-10-01T13:27:13.592751+00:00,2,0,,1007a1bed962da8f76933c383094b5d35f3f5f539cddd1e4c66f00d6e888c7a2,,youtube-data-api-v3/commentThreads.list,,MKJz4yURCEs,How to Trade Gold - Ride Massive Trends Using this Method,The Moving Average,,
youtube,The Moving Average,MKJz4yURCEs,https://www.youtube.com/watch?v=MKJz4yURCEs,UgzT0-fKBHcjFvkZw7t4AaABAg,Thanks,2025-05-20T18:05:35Z,2026-10-01T13:27:13.592751+00:00,2,1,,aea0174f33a943337392739a43902329fb482b78ea5b595a54247584f9d4d646,,youtube-data-api-v3/commentThreads.list,,MKJz4yURCEs,How to Trade Gold - Ride Massive Trends Using this Method,The Moving Average,,
youtube,The Moving Average,MKJz4yURCEs,https://www.youtube.com/watch?v=MKJz4yURCEs,Ugz-qNL8Yngh13hw61B4AaABAg,Well cooked boss😊,2026-05-13T23:09:21Z,2026-10-01T13:27:13.592751+00:00,1,0,,c84c0a00fef53da3422b605cf593b6c5fd98fee25546dc84ab58737b0e7ff810,,youtube-data-api-v3/commentThreads.list,,MKJz4yURCEs,How to Trade Gold - Ride Massive Trends Using this Method,The Moving Average,,
youtube,The Moving Average,MKJz4yURCEs,https://www.youtube.com/watch?v=MKJz4yURCEs,UgwYcljF2nxVk0ikKv54AaABAg,Nice great explanation,2026-03-08T07:47:08Z,2026-10-01T13:27:13.592751+00:00,1,0,,8f334a5695264c9d58de4f7d46a0751c7b52102bba1eb1a3a97f7d86b300a397,,youtube-data-api-v3/commentThreads.list,,MKJz4yURCEs,How to Trade Gold - Ride Massive Trends Using this Method,The Moving Average,,
youtube,The Moving Average,MKJz4yURCEs,https://www.youtube.com/watch?v=MKJz4yURCEs,UgyEqYFORW7YLGSVbHZ4AaABAg,Thanks alot,2025-05-09T19:28:41Z,2026-10-01T13:27:13.592751+00:00,1,1,,b44a497c254dace675c83593b52995ec35a8d5d185450d907d9e612aaf77e2b7,,youtube-data-api-v3/commentThreads.list,,MKJz4yURCEs,How to Trade Gold - Ride Massive Trends Using this Method,The Moving Average,,
youtube,The Moving Average,MKJz4yURCEs,https://www.youtube.com/watch?v=MKJz4yURCEs,UgwIbtWfDGg6R8MTBbB4AaABAg,Though I don't trade gold I'm going to apply these methods to what I do trade.,2026-01-19T21:52:27Z,2026-10-01T13:27:13.592751+00:00,1,1,,9c3aec1479b23b49d0ff6d04b8064490bee9f3477bed8d64c5ecfca0203ebed9,,youtube-data-api-v3/commentThreads.list,,MKJz4yURCEs,How to Trade Gold - Ride Massive Trends Using this Method,The Moving Average,,
youtube,The Moving Average,MKJz4yURCEs,https://www.youtube.com/watch?v=MKJz4yURCEs,Ugw12HJ0_HNkezm96T14AaABAg,"Good. Good. Nice. I will try it right, right now.",2025-11-29T02:08:40Z,2026-10-01T13:27:13.592751+00:00,1,2,,fe03bf351ce7e1cb72e5d937d253efd25ff781d520457e38fd4e9a73cc88a12e,,youtube-data-api-v3/commentThreads.list,,MKJz4yURCEs,How to Trade Gold - Ride Massive Trends Using this Method,The Moving Average,,
youtube,The Moving Average,MKJz4yURCEs,https://www.youtube.com/watch?v=MKJz4yURCEs,Ugw12HJ0_HNkezm96T14AaABAg.AQ5Nw2M4LaoAQ7VtxzkO2Q,"​@TheMovingAverage I am not able to send a screenshot. I am trading with Deriv MT5, I tried it with the minimum lot, 1, and  won $19.23 hahaha I was so nervous! I think it works with Volatility 100 (1s) too I used it in the Demo with that one and it went up well, but I stopped monitoring and it came down back to $4.09 as i am writing this comment. But I think I will make some money with this strategy.",2025-11-29T21:56:46Z,2026-10-01T13:27:13.592751+00:00,1,0,,fe03bf351ce7e1cb72e5d937d253efd25ff781d520457e38fd4e9a73cc88a12e,Ugw12HJ0_HNkezm96T14AaABAg,youtube-data-api-v3/commentThreads.list,,MKJz4yURCEs,How to Trade Gold - Ride Massive Trends Using this Method,The Moving Average,,
youtube,The Moving Average,MKJz4yURCEs,https://www.youtube.com/watch?v=MKJz4yURCEs,UgzS7FkVtIekkN5Bi9R4AaABAg,U are GRATE. :),2025-05-13T16:44:17Z,2026-10-01T13:27:13.592751+00:00,2,1,,d8888c7bbdc6fac7eeaa1e661ce39aa07cefba66249b1029ff7d913123806f49,,youtube-data-api-v3/commentThreads.list,,MKJz4yURCEs,How to Trade Gold - Ride Massive Trends Using this Method,The Moving Average,,
youtube,The Moving Average,MKJz4yURCEs,https://www.youtube.com/watch?v=MKJz4yURCEs,UgyO2_m_ySrBhAR5FnZ4AaABAg,Thank you Arty  for video. but i have one question? But before you told Heiken Ashi not good for scalping. For swing it is good. Sorry but it is important. Your lessons perfect and  your opinion is very important.,2025-07-08T21:33:13Z,2026-10-01T13:27:13.592751+00:00,2,0,,e498805d8e61e9437ce7889840f69bf5f081c463688687bd8099d86b4f5e7413,,youtube-data-api-v3/commentThreads.list,,MKJz4yURCEs,How to Trade Gold - Ride Massive Trends Using this Method,The Moving Average,,
youtube,The Moving Average,MKJz4yURCEs,https://www.youtube.com/watch?v=MKJz4yURCEs,Ugxhphl2uGuxSINBEfd4AaABAg,Hey amazing content! My question is how do you set specific alerts and notification on trading view for these heiken ashi candles? i have looked everywhere? are you able to give us a video walkthrough on how to set this up exactly as you mentioned,2025-08-20T06:34:43Z,2026-10-01T13:27:13.592751+00:00,4,0,,369e0268be962d83cd5b2688208bd7d6c5fce7aaff1824012b79222cd73071c8,,youtube-data-api-v3/commentThreads.list,,MKJz4yURCEs,How to Trade Gold - Ride Massive Trends Using this Method,The Moving Average,,
youtube,The Moving Average,MKJz4yURCEs,https://www.youtube.com/watch?v=MKJz4yURCEs,Ugz3ptOedBZS6KSKy6F4AaABAg,Hi can you please make a video on how to set the alerts and notifications please,2025-09-17T18:54:00Z,2026-10-01T13:27:13.592751+00:00,2,0,,fe88607c35a3a9cc5ffbd9aa1063ffecf96a2983c7de0accc4282d7d985569f1,,youtube-data-api-v3/commentThreads.list,,MKJz4yURCEs,How to Trade Gold - Ride Massive Trends Using this Method,The Moving Average,,
youtube,The Moving Average,MKJz4yURCEs,https://www.youtube.com/watch?v=MKJz4yURCEs,UgwRViq9XQbGxReRxY94AaABAg,about to try this strategy!,2025-07-18T00:56:27Z,2026-10-01T13:27:13.592751+00:00,1,3,,400e4b3d820c7141d6ad8dba887bbd8edda04c93f33decfae0f6cb11d6343fa8,,youtube-data-api-v3/commentThreads.list,,MKJz4yURCEs,How to Trade Gold - Ride Massive Trends Using this Method,The Moving Average,,
youtube,The Moving Average,MKJz4yURCEs,https://www.youtube.com/watch?v=MKJz4yURCEs,UgwRViq9XQbGxReRxY94AaABAg.AKhD8pVLBUXAKi52iGkvLW,Same,2025-07-18T09:04:57Z,2026-10-01T13:27:13.592751+00:00,1,0,,070a22b6ad04a0bea101874e42145e983699972f4f718fb086fe98340d0960cc,UgwRViq9XQbGxReRxY94AaABAg,youtube-data-api-v3/commentThreads.list,,MKJz4yURCEs,How to Trade Gold - Ride Massive Trends Using this Method,The Moving Average,,
youtube,The Moving Average,MKJz4yURCEs,https://www.youtube.com/watch?v=MKJz4yURCEs,Ugw7KIRsoh7yRXB9QfN4AaABAg,"Wow, this Heikin Ashi thing looks way less chaotic than the normal candles I've been trying to use! I always panic and close my trades too soon. Maybe this will help me see the trend better. Going to try this on my next trade!",2025-05-27T10:38:20Z,2026-10-01T13:27:13.592751+00:00,2,1,,80ddd7bfcaedfde9153b7bf35512cc5ba5254b351a4ec616db6683ae7c18c014,,youtube-data-api-v3/commentThreads.list,,MKJz4yURCEs,How to Trade Gold - Ride Massive Trends Using this Method,The Moving Average,,
youtube,The Moving Average,MKJz4yURCEs,https://www.youtube.com/watch?v=MKJz4yURCEs,UgxrOr0Qk_YXaX0UI_94AaABAg,Nice one 👍,2026-03-15T19:56:11Z,2026-10-01T13:27:13.592751+00:00,1,0,,d9602e0bea92deb1e91fdc3bec597fe5006af29a9ec62d07f64f55bbc1293ea7,,youtube-data-api-v3/commentThreads.list,,MKJz4yURCEs,How to Trade Gold - Ride Massive Trends Using this Method,The Moving Average,,
youtube,The Moving Average,MKJz4yURCEs,https://www.youtube.com/watch?v=MKJz4yURCEs,UgwoW7cUsGuvluAY7vx4AaABAg,Love from india ❤️,2025-10-15T08:43:00Z,2026-10-01T13:27:13.592751+00:00,1,1,,bc165098bf562218f1489817e1c278c7e82109919fca025ee8784636ef6071de,,youtube-data-api-v3/commentThreads.list,,MKJz4yURCEs,How to Trade Gold - Ride Massive Trends Using this Method,The Moving Average,,
youtube,The Moving Average,MKJz4yURCEs,https://www.youtube.com/watch?v=MKJz4yURCEs,UgyCRmXj8goTP1OT-qh4AaABAg,"Hi, thank you so much for sharing your knowledge through this video. This strategy actually works. May God bless you for helping others. Atleast now I have confidence in trading and earning small bit. I am really thankful to you",2025-09-03T09:58:08Z,2026-10-01T13:27:13.592751+00:00,1,1,,953b6b641b27dab3b38e6a245703a37e2a5b2e53be327d0729a3fe30530ba924,,youtube-data-api-v3/commentThreads.list,,MKJz4yURCEs,How to Trade Gold - Ride Massive Trends Using this Method,The Moving Average,,
youtube,The Moving Average,MKJz4yURCEs,https://www.youtube.com/watch?v=MKJz4yURCEs,UgyUQB7MlwgP60VnVnx4AaABAg,Bravo !,2025-05-09T19:53:42Z,2026-10-01T13:27:13.592751+00:00,2,1,,87ac02c45a67af3a024435c2f77cb9f23d8be7d4f91fb2e2c19d5d54e65f523a,,youtube-data-api-v3/commentThreads.list,,MKJz4yURCEs,How to Trade Gold - Ride Massive Trends Using this Method,The Moving Average,,
youtube,The Moving Average,MKJz4yURCEs,https://www.youtube.com/watch?v=MKJz4yURCEs,Ugz7ol4eaZh6xUFfecB4AaABAg,simple strategy 😃,2025-05-14T11:54:48Z,2026-10-01T13:27:13.592751+00:00,1,1,,c05c3e3a8738c73020697aa030603ce1b51c4ea627eb139a87364c1c4b8d8f98,,youtube-data-api-v3/commentThreads.list,,MKJz4yURCEs,How to Trade Gold - Ride Massive Trends Using this Method,The Moving Average,,
youtube,The Moving Average,MKJz4yURCEs,https://www.youtube.com/watch?v=MKJz4yURCEs,UgzL4W3oJmeykCm-l3p4AaABAg,This clip really helped unlock my trading mindset! I’m no longer confused by the trend and can hold my trades with more confidence. I even combined it with my Fibonacci strategy — it works great! Thank you so much for sharing this for free. Wishing you all the best! 🌟,2025-11-01T05:46:34Z,2026-10-01T13:27:13.592751+00:00,4,1,,f55b06cc2ae2ecc409aa5e51190f40cefe7813c1a4f9c4c8c56c8fe22f365f67,,youtube-data-api-v3/commentThreads.list,,MKJz4yURCEs,How to Trade Gold - Ride Massive Trends Using this Method,The Moving Average,,
youtube,The Moving Average,MKJz4yURCEs,https://www.youtube.com/watch?v=MKJz4yURCEs,UgzmgkLW18U0n5Jc9vx4AaABAg,I'm gonna use heikin ashi for everything now.,2025-05-24T05:01:58Z,2026-10-01T13:27:13.592751+00:00,2,1,,8aacfde42d0e14b3476eb8baf15a4223c0f1821ece3ebc9652a6e6e4a03303dc,,youtube-data-api-v3/commentThreads.list,,MKJz4yURCEs,How to Trade Gold - Ride Massive Trends Using this Method,The Moving Average,,
youtube,The Moving Average,MKJz4yURCEs,https://www.youtube.com/watch?v=MKJz4yURCEs,UgwIFAuqOsK7QZ9dIvp4AaABAg,"I've been struggling with gold and its changes, but now thanks to video i feel more confident to be rentable",2025-07-21T01:40:51Z,2026-10-01T13:27:13.592751+00:00,28,3,,eab8e5f37b76130942e906da420945d37f0d69768f328e5525b2e57b8afdc494,,youtube-data-api-v3/commentThreads.list,,MKJz4yURCEs,How to Trade Gold - Ride Massive Trends Using this Method,The Moving Average,,
youtube,The Moving Average,MKJz4yURCEs,https://www.youtube.com/watch?v=MKJz4yURCEs,UgwIFAuqOsK7QZ9dIvp4AaABAg.AKp0bfCxlYeAP-WypoKZR0,How are things going on your Gold journey? Still in? Still using that strategy from the vid?,2025-11-01T23:00:51Z,2026-10-01T13:27:13.592751+00:00,1,0,,c55a4867b260f7be89de00d4eda6607d2f561b86f33e583eaddb182de4271751,UgwIFAuqOsK7QZ9dIvp4AaABAg,youtube-data-api-v3/commentThreads.list,,MKJz4yURCEs,How to Trade Gold - Ride Massive Trends Using this Method,The Moving Average,,
youtube,The Moving Average,MKJz4yURCEs,https://www.youtube.com/watch?v=MKJz4yURCEs,UgwIFAuqOsK7QZ9dIvp4AaABAg.AKp0bfCxlYeASlwj7Rax6d,​@dermosquitor9984 he got liquidated,2026-02-03T17:11:37Z,2026-10-01T13:27:13.592751+00:00,0,0,,0c6d1b504b7d30e1ff28ff2691e177484f9a3878089ef627cfa0b670ecc24e75,UgwIFAuqOsK7QZ9dIvp4AaABAg,youtube-data-api-v3/commentThreads.list,,MKJz4yURCEs,How to Trade Gold - Ride Massive Trends Using this Method,The Moving Average,,
youtube,The Moving Average,MKJz4yURCEs,https://www.youtube.com/watch?v=MKJz4yURCEs,Ugx8qWyUH3oOy9lT_QB4AaABAg,How to set alerts on a closing candle properly?,2025-05-25T16:12:59Z,2026-10-01T13:27:13.592751+00:00,2,0,,51ccab681a6ade9954899516ec550a13f04630a7a579270d47c25cee5fa4add3,,youtube-data-api-v3/commentThreads.list,,MKJz4yURCEs,How to Trade Gold - Ride Massive Trends Using this Method,The Moving Average,,
youtube,The Moving Average,MKJz4yURCEs,https://www.youtube.com/watch?v=MKJz4yURCEs,UgzFUBl9lR5CuIc_ouN4AaABAg,Love your videos.......!do you have n video to trade the Asian session,2025-08-25T19:01:47Z,2026-10-01T13:27:13.592751+00:00,1,1,,cf085533e11d2e615cd25dec82b5d2e96c73858f00145bd39a2d2f683b93df6a,,youtube-data-api-v3/commentThreads.list,,MKJz4yURCEs,How to Trade Gold - Ride Massive Trends Using this Method,The Moving Average,,
youtube,The Moving Average,MKJz4yURCEs,https://www.youtube.com/watch?v=MKJz4yURCEs,UgyyDvZf2HG8oSh6Ilt4AaABAg,You are the best when it comes to explain something! I really believe it’s an issue of patience hen I am catching the trend!,2025-06-11T01:11:34Z,2026-10-01T13:27:13.592751+00:00,2,1,,95051f353d35880bd7a8b06d6a1594f2f63c97f4060c9b041c1024f089375753,,youtube-data-api-v3/commentThreads.list,,MKJz4yURCEs,How to Trade Gold - Ride Massive Trends Using this Method,The Moving Average,,
youtube,The Moving Average,MKJz4yURCEs,https://www.youtube.com/watch?v=MKJz4yURCEs,UgwTmBNixXh64KetTXh4AaABAg,please make a vedio on fx day trading tips or something suggest ! love from Bangladesh ❤😊❤,2025-05-13T11:54:53Z,2026-10-01T13:27:13.592751+00:00,1,1,,c139225af1808d71fc9527abfb188200ee9d47c70a796a17cd0e05014c568229,,youtube-data-api-v3/commentThreads.list,,MKJz4yURCEs,How to Trade Gold - Ride Massive Trends Using this Method,The Moving Average,,
youtube,The Moving Average,MKJz4yURCEs,https://www.youtube.com/watch?v=MKJz4yURCEs,UgylNLDsxuRrGubKo0F4AaABAg,Please sir can you do a video on how to set the alarm and notifications please,2026-06-02T23:31:01Z,2026-10-01T13:27:13.592751+00:00,1,0,,2b794c5a582b62a419363a187cbf204400524a274ec17008e043b8034543a1ac,,youtube-data-api-v3/commentThreads.list,,MKJz4yURCEs,How to Trade Gold - Ride Massive Trends Using this Method,The Moving Average,,
youtube,The Moving Average,MKJz4yURCEs,https://www.youtube.com/watch?v=MKJz4yURCEs,UgzxVA7GYe4Uu1y5uOJ4AaABAg,How to set specific  alert in tradingview?,2025-05-09T21:02:48Z,2026-10-01T13:27:13.592751+00:00,4,0,,f12e9801cb21ef7502cb42363fa8f78bc399fa4fe7cb447786ab9240a3ca4d87,,youtube-data-api-v3/commentThreads.list,,MKJz4yURCEs,How to Trade Gold - Ride Massive Trends Using this Method,The Moving Average,,
youtube,The Moving Average,MKJz4yURCEs,https://www.youtube.com/watch?v=MKJz4yURCEs,Ugx52sybAE51Lc9YJHl4AaABAg,They're going to pump it to $10K by the winter time 😂,2025-11-13T03:18:54Z,2026-10-01T13:27:13.592751+00:00,2,0,,9528ecff9a2f1bfbbeb669aff0bf5566af83163b59acd82deb4e5321fb8611ac,,youtube-data-api-v3/commentThreads.list,,MKJz4yURCEs,How to Trade Gold - Ride Massive Trends Using this Method,The Moving Average,,
youtube,The Moving Average,MKJz4yURCEs,https://www.youtube.com/watch?v=MKJz4yURCEs,UgzkAy87zKKUiCHGxHJ4AaABAg,"🌟 ""Could you please make a video on the essential things we need to start trading? It would be really helpful for beginners like me. Thank you so much in advance — your content is always amazing and appreciated!"" 🙏😊",2025-05-09T19:35:18Z,2026-10-01T13:27:13.592751+00:00,1,1,,5d7b6b18666597d459c9d012b33ff9fcd28f0d512230a85ac71f9b2bbf484b05,,youtube-data-api-v3/commentThreads.list,,MKJz4yURCEs,How to Trade Gold - Ride Massive Trends Using this Method,The Moving Average,,
youtube,The Moving Average,MKJz4yURCEs,https://www.youtube.com/watch?v=MKJz4yURCEs,UgxCUGJFlM5Mp8utPAZ4AaABAg,Please make a video for top down analysis,2025-10-21T03:48:08Z,2026-10-01T13:27:13.592751+00:00,1,1,,18a797cf46c2e8ed08fd3020d9077721caf70d90e4d6e659b8b944bf625e78f8,,youtube-data-api-v3/commentThreads.list,,MKJz4yURCEs,How to Trade Gold - Ride Massive Trends Using this Method,The Moving Average,,
youtube,The Moving Average,MKJz4yURCEs,https://www.youtube.com/watch?v=MKJz4yURCEs,UgxFIGfjyU9I-8ju-Jt4AaABAg,I think this might be amazing if paired with rate of change or ADX to more precisely or early on see any trend shifts. Or some logic to only trade in the longer term direction using an ema as filter first.,2025-06-01T11:14:41Z,2026-10-01T13:27:13.592751+00:00,1,1,,492ae25fecf9f7a7d210fbfb91ac5b7adfa2b9793323ae8a8f50915228da9115,,youtube-data-api-v3/commentThreads.list,,MKJz4yURCEs,How to Trade Gold - Ride Massive Trends Using this Method,The Moving Average,,
youtube,The Moving Average,MKJz4yURCEs,https://www.youtube.com/watch?v=MKJz4yURCEs,UgxWbnzx5MP7lhtbiA14AaABAg,Kindly do a video on pullbacks using EMA's,2025-05-11T02:06:29Z,2026-10-01T13:27:13.592751+00:00,2,1,,3df9b0519abbdfe65de3fb8e05665c45c194ae95776a8dab8563cde036ace995,,youtube-data-api-v3/commentThreads.list,,MKJz4yURCEs,How to Trade Gold - Ride Massive Trends Using this Method,The Moving Average,,
youtube,The Moving Average,MKJz4yURCEs,https://www.youtube.com/watch?v=MKJz4yURCEs,UgzMEsyhOq4UlFJG-TN4AaABAg,"Mate this works with WTI very well , i backtested this strategy on a 1 year data and it played beauitifully. Thank you .",2025-10-01T09:06:28Z,2026-10-01T13:27:13.592751+00:00,7,2,,3d7e05bf89e3c90dd688e1cf7f9db1f33e64b8ecf006a25abcea2bfe2dbdf8d9,,youtube-data-api-v3/commentThreads.list,,MKJz4yURCEs,How to Trade Gold - Ride Massive Trends Using this Method,The Moving Average,,
youtube,The Moving Average,MKJz4yURCEs,https://www.youtube.com/watch?v=MKJz4yURCEs,UgzMEsyhOq4UlFJG-TN4AaABAg.ANjCqP0xZ4uANzT_vcNnvu,What’s WTI?,2025-10-07T16:40:36Z,2026-10-01T13:27:13.592751+00:00,1,0,,99d6628ab5c0749cf30cc802dd8c47e532c9c2d83adbc5d5ec3d69fcca9c2f98,UgzMEsyhOq4UlFJG-TN4AaABAg,youtube-data-api-v3/commentThreads.list,,MKJz4yURCEs,How to Trade Gold - Ride Massive Trends Using this Method,The Moving Average,,
youtube,Esther Makaripe,X82qlU1cgLI,https://www.youtube.com/watch?v=X82qlU1cgLI,UgyeWV_6tq5rJZK9fSN4AaABAg,A fantastic killing analysis after i watch out the video i managed to bag in 700 pips on gold,2025-07-19T08:37:51Z,2026-10-01T13:27:14.708875+00:00,7,0,,cf720b31ca55c4022727a965ef2d57b7d36a5e14ec8076aa6f6c9a90e0bc00a9,,youtube-data-api-v3/commentThreads.list,,X82qlU1cgLI,Simple 10 minute gold trading strategy for beginner traders || how to trade gold (XAUUSD),Esther Makaripe,,
youtube,Esther Makaripe,X82qlU1cgLI,https://www.youtube.com/watch?v=X82qlU1cgLI,UgyaOox6nbVPkplkCwR4AaABAg,"Your strategies are pure evidence of a certified trader . You are appreciated, Tino",2025-01-30T19:47:35Z,2026-10-01T13:27:14.708875+00:00,1,0,,263b0103b29f736eac06eefbcc40a965cfd1c3ea2ac2d5d70fc5cb071d4afceb,,youtube-data-api-v3/commentThreads.list,,X82qlU1cgLI,Simple 10 minute gold trading strategy for beginner traders || how to trade gold (XAUUSD),Esther Makaripe,,
youtube,Esther Makaripe,X82qlU1cgLI,https://www.youtube.com/watch?v=X82qlU1cgLI,UgwwIRcGJrIJtImbAgt4AaABAg,I ALREADY KNOW THAT THIS IS GOING TO BE VALUABLE.,2025-01-30T17:05:43Z,2026-10-01T13:27:14.708875+00:00,3,0,,2507b68c503a966ebe40b9bb5119e9490e253ed7726e25e1ba2eff041480ceec,,youtube-data-api-v3/commentThreads.list,,X82qlU1cgLI,Simple 10 minute gold trading strategy for beginner traders || how to trade gold (XAUUSD),Esther Makaripe,,
youtube,Esther Makaripe,X82qlU1cgLI,https://www.youtube.com/watch?v=X82qlU1cgLI,UgzE7a7gDt0sNhHc75d4AaABAg,"Yess sirrr!!
The best cook I've ever seen in this market. You never good hungry with Tino ....🥰🔥🥰",2025-01-30T17:12:33Z,2026-10-01T13:27:14.708875+00:00,0,0,,2e6dac4e878d450bfbad77a78604913243d1e358213e070396725311044f115f,,youtube-data-api-v3/commentThreads.list,,X82qlU1cgLI,Simple 10 minute gold trading strategy for beginner traders || how to trade gold (XAUUSD),Esther Makaripe,,
youtube,Esther Makaripe,X82qlU1cgLI,https://www.youtube.com/watch?v=X82qlU1cgLI,UgwWrbqxv_OPpjRsb394AaABAg,I like this video because you actually placed a trade and sent a signal,2025-01-31T10:24:14Z,2026-10-01T13:27:14.708875+00:00,0,0,,12831065c7dfe9ece882b4990de382a0b10b092b8eaa3b7245be23c9f6776dc9,,youtube-data-api-v3/commentThreads.list,,X82qlU1cgLI,Simple 10 minute gold trading strategy for beginner traders || how to trade gold (XAUUSD),Esther Makaripe,,
youtube,Esther Makaripe,X82qlU1cgLI,https://www.youtube.com/watch?v=X82qlU1cgLI,Ugyfa5-VMmapKcArM714AaABAg,I also want to be first to comment og aiye you guys don’t play,2025-01-30T17:05:04Z,2026-10-01T13:27:14.708875+00:00,1,0,,80152322a2672d96bf440dddd049afdfbb47355c31bca431cd597ce1cfa154f9,,youtube-data-api-v3/commentThreads.list,,X82qlU1cgLI,Simple 10 minute gold trading strategy for beginner traders || how to trade gold (XAUUSD),Esther Makaripe,,
youtube,Esther Makaripe,X82qlU1cgLI,https://www.youtube.com/watch?v=X82qlU1cgLI,Ugzyf-IaqgU1jfNrRnx4AaABAg,"I had a worst half of the year 2024, then I saw one of your videos, it was abt growing  account, I love your openness and simplicity, obliterate nasdaq❤",2025-01-30T18:29:15Z,2026-10-01T13:27:14.708875+00:00,0,0,,c9b849d56a9792ff10eefabd6ed5e88930cf24a4c6e1945930443a6f26ea6b3f,,youtube-data-api-v3/commentThreads.list,,X82qlU1cgLI,Simple 10 minute gold trading strategy for beginner traders || how to trade gold (XAUUSD),Esther Makaripe,,
youtube,Esther Makaripe,X82qlU1cgLI,https://www.youtube.com/watch?v=X82qlU1cgLI,UgzRpAWVqBYB6laEcot4AaABAg,"Keep up the good work 
Much love ❤ from Nigeria",2025-01-30T18:20:45Z,2026-10-01T13:27:14.708875+00:00,0,0,,1c1eabc5c8af145af7a8a90b8f4b49f9b84d1fb114b1a19d4fce22992faa1dc1,,youtube-data-api-v3/commentThreads.list,,X82qlU1cgLI,Simple 10 minute gold trading strategy for beginner traders || how to trade gold (XAUUSD),Esther Makaripe,,
youtube,Esther Makaripe,X82qlU1cgLI,https://www.youtube.com/watch?v=X82qlU1cgLI,UgwujAjOh29KwLcnOA14AaABAg,Tino Tino l don't how l should thank you since l started watching this channel my trading journey is amazing lm so confident with the market nowadays,2025-01-31T06:30:01Z,2026-10-01T13:27:14.708875+00:00,3,0,,cdab18725ddd8ed8b63b9b9501987e273f0c69219ee80fc7bba1263a568eaca0,,youtube-data-api-v3/commentThreads.list,,X82qlU1cgLI,Simple 10 minute gold trading strategy for beginner traders || how to trade gold (XAUUSD),Esther Makaripe,,
youtube,Esther Makaripe,X82qlU1cgLI,https://www.youtube.com/watch?v=X82qlU1cgLI,UgznQSo2ABkptrEPgcZ4AaABAg,Us the copy n paste gang are killing it from your teachings 😅😅😅  thanks for sharing Tino,2025-01-30T22:11:18Z,2026-10-01T13:27:14.708875+00:00,4,0,,38be9027428bc493bd9a7d7839c6fa0ab53470a9ba0846497d2a28083c228eef,,youtube-data-api-v3/commentThreads.list,,X82qlU1cgLI,Simple 10 minute gold trading strategy for beginner traders || how to trade gold (XAUUSD),Esther Makaripe,,
youtube,Esther Makaripe,X82qlU1cgLI,https://www.youtube.com/watch?v=X82qlU1cgLI,Ugz3ivQRMds5_pH2EDh4AaABAg,The way you analyze the market helped me a lot 🎉 thanks for the skill,2025-01-30T20:09:23Z,2026-10-01T13:27:14.708875+00:00,0,0,,11ee3815d1d37981a947513544efa8e61c28630b19c5631e7cd835d81210aa69,,youtube-data-api-v3/commentThreads.list,,X82qlU1cgLI,Simple 10 minute gold trading strategy for beginner traders || how to trade gold (XAUUSD),Esther Makaripe,,
youtube,Esther Makaripe,X82qlU1cgLI,https://www.youtube.com/watch?v=X82qlU1cgLI,UgyczxsJGA9vk4R1VKl4AaABAg,I LOVE THE SIMPLICITY OF THE ANALYSIS🤑,2025-01-30T18:47:16Z,2026-10-01T13:27:14.708875+00:00,1,0,,96cbc8ced7375e367588dfbc2e7c6601e12a47a5c3e9683582cf22f04a5f2135,,youtube-data-api-v3/commentThreads.list,,X82qlU1cgLI,Simple 10 minute gold trading strategy for beginner traders || how to trade gold (XAUUSD),Esther Makaripe,,
youtube,Esther Makaripe,X82qlU1cgLI,https://www.youtube.com/watch?v=X82qlU1cgLI,Ugxt8Nfeqv3CCR56E1x4AaABAg,Top commenter tapped in,2025-01-30T19:47:49Z,2026-10-01T13:27:14.708875+00:00,1,0,,263b0103b29f736eac06eefbcc40a965cfd1c3ea2ac2d5d70fc5cb071d4afceb,,youtube-data-api-v3/commentThreads.list,,X82qlU1cgLI,Simple 10 minute gold trading strategy for beginner traders || how to trade gold (XAUUSD),Esther Makaripe,,
youtube,Esther Makaripe,X82qlU1cgLI,https://www.youtube.com/watch?v=X82qlU1cgLI,UgzHjWu6_heDOioUS_14AaABAg,My queen 👑👑 signing in 🎉🎉🎉❤❤,2025-01-30T18:53:09Z,2026-10-01T13:27:14.708875+00:00,0,0,,7a4649a14592f417260136d92429127c360ed61cd8e36cdac6e929172ebe3b77,,youtube-data-api-v3/commentThreads.list,,X82qlU1cgLI,Simple 10 minute gold trading strategy for beginner traders || how to trade gold (XAUUSD),Esther Makaripe,,
youtube,Esther Makaripe,X82qlU1cgLI,https://www.youtube.com/watch?v=X82qlU1cgLI,UgyZOpu23Uh91MX9lr94AaABAg,Yessir ❤My Favourite Trader. Be blessed.,2025-01-31T07:33:42Z,2026-10-01T13:27:14.708875+00:00,1,0,,f23b9855b86f95507a8b422fdd98587e053ca7ede78ceb2f736add264c75e3e1,,youtube-data-api-v3/commentThreads.list,,X82qlU1cgLI,Simple 10 minute gold trading strategy for beginner traders || how to trade gold (XAUUSD),Esther Makaripe,,
youtube,Esther Makaripe,X82qlU1cgLI,https://www.youtube.com/watch?v=X82qlU1cgLI,UgwTPE_PSTwaz79Yfgx4AaABAg,"I have blown accounts this week. I have good strategy but I've been sabotaging myself. Moving trades to breakeven too early. Closing orders thinking that there is low volatility 💔

I will come back stronger next. I believe that I'm so close, more than ever.",2025-01-30T20:56:48Z,2026-10-01T13:27:14.708875+00:00,12,1,,a117e0db04e1deea1d793f87a350f4a11f20b3b614103ec27c639d2334918c38,,youtube-data-api-v3/commentThreads.list,,X82qlU1cgLI,Simple 10 minute gold trading strategy for beginner traders || how to trade gold (XAUUSD),Esther Makaripe,,
youtube,Esther Makaripe,X82qlU1cgLI,https://www.youtube.com/watch?v=X82qlU1cgLI,UgwTPE_PSTwaz79Yfgx4AaABAg.ADwCAeOOY_2AE-PVc3Ehdl,Me and you same whatsapp group😂... but don't worry it's part of the journey,2025-02-01T12:10:14Z,2026-10-01T13:27:14.708875+00:00,0,0,,9fd00376ee4acd6f9bb612c597e426fd208a785d2234325d18e84df7951cd4e0,UgwTPE_PSTwaz79Yfgx4AaABAg,youtube-data-api-v3/commentThreads.list,,X82qlU1cgLI,Simple 10 minute gold trading strategy for beginner traders || how to trade gold (XAUUSD),Esther Makaripe,,
youtube,Esther Makaripe,X82qlU1cgLI,https://www.youtube.com/watch?v=X82qlU1cgLI,UgxgJY6fmhaPbakMBFl4AaABAg,Thank you for the excellent content of your videos and for sharing such valuable knowledge ❤❤❤,2025-01-30T17:27:11Z,2026-10-01T13:27:14.708875+00:00,0,0,,e037b3ba2b20d4bc984164432020a75d252faea582225fdd28140205fa44372a,,youtube-data-api-v3/commentThreads.list,,X82qlU1cgLI,Simple 10 minute gold trading strategy for beginner traders || how to trade gold (XAUUSD),Esther Makaripe,,
youtube,Esther Makaripe,X82qlU1cgLI,https://www.youtube.com/watch?v=X82qlU1cgLI,UgwNy5UrhvThKynCzvp4AaABAg,Different way of trading always. ❤,2025-01-30T17:02:18Z,2026-10-01T13:27:14.708875+00:00,1,0,,5b8d7d07e2bd517c484a53dc18c8e83897f149bd54f6d7d0de9c6a553138f747,,youtube-data-api-v3/commentThreads.list,,X82qlU1cgLI,Simple 10 minute gold trading strategy for beginner traders || how to trade gold (XAUUSD),Esther Makaripe,,
youtube,Esther Makaripe,X82qlU1cgLI,https://www.youtube.com/watch?v=X82qlU1cgLI,UgxJD8I9Z8aPuzkMPUF4AaABAg,This deserves recognition.,2025-09-19T10:24:03Z,2026-10-01T13:27:14.708875+00:00,0,0,,29ebaa9a92ccad510ebfad435e86acf5daddc49da8e7822ce209618d4ed0c423,,youtube-data-api-v3/commentThreads.list,,X82qlU1cgLI,Simple 10 minute gold trading strategy for beginner traders || how to trade gold (XAUUSD),Esther Makaripe,,
youtube,Esther Makaripe,X82qlU1cgLI,https://www.youtube.com/watch?v=X82qlU1cgLI,Ugw5iaZhOO9p-LPzpax4AaABAg,Fantastic 😊 no complications.  Trading made simple 😊,2025-01-31T02:48:47Z,2026-10-01T13:27:14.708875+00:00,0,0,,55506ae0888392293b9bfcae742adaa5d394eb48ebf5f89e9d5aa71db2516668,,youtube-data-api-v3/commentThreads.list,,X82qlU1cgLI,Simple 10 minute gold trading strategy for beginner traders || how to trade gold (XAUUSD),Esther Makaripe,,
youtube,Esther Makaripe,X82qlU1cgLI,https://www.youtube.com/watch?v=X82qlU1cgLI,UgzhjbPLFj-t0sWIMJx4AaABAg,You'll definitely cash dollars with Tino's strategic analysis.No one makes trading Nasdaq and Gold like you  🎉❤,2025-01-30T20:58:17Z,2026-10-01T13:27:14.708875+00:00,2,0,,d438aced41d3e737cf358540418e5820665e88cd989d4e40ef59ec151c1b74a1,,youtube-data-api-v3/commentThreads.list,,X82qlU1cgLI,Simple 10 minute gold trading strategy for beginner traders || how to trade gold (XAUUSD),Esther Makaripe,,
youtube,Esther Makaripe,X82qlU1cgLI,https://www.youtube.com/watch?v=X82qlU1cgLI,Ugx7fm51zzvEbCwyVLR4AaABAg,Gold Gold surely ✨️ this knowledge is gold,2025-01-30T23:55:10Z,2026-10-01T13:27:14.708875+00:00,0,0,,37ec92a34c820f6a1f6ec173afbe55ae061e8d460d0e34af2411c1e16504a9e8,,youtube-data-api-v3/commentThreads.list,,X82qlU1cgLI,Simple 10 minute gold trading strategy for beginner traders || how to trade gold (XAUUSD),Esther Makaripe,,
youtube,Esther Makaripe,X82qlU1cgLI,https://www.youtube.com/watch?v=X82qlU1cgLI,UgxDw0yakktym_dh1fN4AaABAg,"Some of us watch as soon as the video is dropped on the telegram, ed no chance of commenting. But we really appreciate your grt work, peace🎉🎉🎉",2025-01-30T23:08:16Z,2026-10-01T13:27:14.708875+00:00,1,0,,55d8205e4312e5174279aa41284583c93c9a852dafa3a511198b05ff449074aa,,youtube-data-api-v3/commentThreads.list,,X82qlU1cgLI,Simple 10 minute gold trading strategy for beginner traders || how to trade gold (XAUUSD),Esther Makaripe,,
youtube,Esther Makaripe,X82qlU1cgLI,https://www.youtube.com/watch?v=X82qlU1cgLI,UgzVTcEXzGNN1FPKxsJ4AaABAg,like the video before even watching cos i know its another lit video ✨,2025-01-30T17:13:16Z,2026-10-01T13:27:14.708875+00:00,1,0,,ae2b8426683dd20b83bfbbe6cb89fa976b7dc0c0523fadb24c0c37d2b2dc6b76,,youtube-data-api-v3/commentThreads.list,,X82qlU1cgLI,Simple 10 minute gold trading strategy for beginner traders || how to trade gold (XAUUSD),Esther Makaripe,,
youtube,Esther Makaripe,X82qlU1cgLI,https://www.youtube.com/watch?v=X82qlU1cgLI,UgwtqlEHKQghKxaFE2F4AaABAg,What a wonderful week i had🙏🙏❤️🔥Thank you Tino,2025-01-31T06:23:48Z,2026-10-01T13:27:14.708875+00:00,1,0,,e3b4ee4ed8fc795b4fcae5cd6f8adf4ddfc7287daaa7a81496f4a5744221bce2,,youtube-data-api-v3/commentThreads.list,,X82qlU1cgLI,Simple 10 minute gold trading strategy for beginner traders || how to trade gold (XAUUSD),Esther Makaripe,,
youtube,Esther Makaripe,X82qlU1cgLI,https://www.youtube.com/watch?v=X82qlU1cgLI,Ugy7dSrGMXQPC0jJ_lF4AaABAg,We're very lucky this week😅thank you Mentor.,2025-01-30T17:04:54Z,2026-10-01T13:27:14.708875+00:00,1,0,,7454028b0effad74355a0422592f7af683dcb93d1e69411388c7ab5215f60113,,youtube-data-api-v3/commentThreads.list,,X82qlU1cgLI,Simple 10 minute gold trading strategy for beginner traders || how to trade gold (XAUUSD),Esther Makaripe,,
youtube,Esther Makaripe,X82qlU1cgLI,https://www.youtube.com/watch?v=X82qlU1cgLI,UgyZx0cZjEoLhuJxZbZ4AaABAg,Simple and powerful... taking notes,2025-01-30T19:21:05Z,2026-10-01T13:27:14.708875+00:00,0,0,,3abbb8c98f7102369e1c3899509370d2db7ad54a3302c02e8ffb4c068d4d8bf6,,youtube-data-api-v3/commentThreads.list,,X82qlU1cgLI,Simple 10 minute gold trading strategy for beginner traders || how to trade gold (XAUUSD),Esther Makaripe,,
youtube,Esther Makaripe,X82qlU1cgLI,https://www.youtube.com/watch?v=X82qlU1cgLI,UgwRsdmG5zsYpuJeStx4AaABAg,Gold master to the world  🎉🌟🌟🌟🌟🌟🔥✅,2025-01-30T17:19:24Z,2026-10-01T13:27:14.708875+00:00,2,0,,6b7a0463bb0d8b9c0fa6823aa2d19876ff0be084a41c895e152f25518fda98f4,,youtube-data-api-v3/commentThreads.list,,X82qlU1cgLI,Simple 10 minute gold trading strategy for beginner traders || how to trade gold (XAUUSD),Esther Makaripe,,
youtube,Esther Makaripe,X82qlU1cgLI,https://www.youtube.com/watch?v=X82qlU1cgLI,Ugz0Yd4-ynPckw4btYR4AaABAg,Dammmnnn🔥 even I picked something❤,2025-01-30T17:51:02Z,2026-10-01T13:27:14.708875+00:00,1,0,,e352011840088a74dff2ea395d999040fd8c22f9e95648529dc5348c8610131d,,youtube-data-api-v3/commentThreads.list,,X82qlU1cgLI,Simple 10 minute gold trading strategy for beginner traders || how to trade gold (XAUUSD),Esther Makaripe,,
youtube,Esther Makaripe,X82qlU1cgLI,https://www.youtube.com/watch?v=X82qlU1cgLI,UgyKx1p0ShKwfMuLUOl4AaABAg,"TINO OUR FAVORITE 💕🔥 NAS QUEEN 👑 
ANOTHER LIT VID ✨",2025-01-30T17:45:55Z,2026-10-01T13:27:14.708875+00:00,2,0,,ffebee5784b24b44e72094cc2a6cd88fbdcef9ee9e3db9f781f8907f5f8f00f5,,youtube-data-api-v3/commentThreads.list,,X82qlU1cgLI,Simple 10 minute gold trading strategy for beginner traders || how to trade gold (XAUUSD),Esther Makaripe,,
youtube,Esther Makaripe,X82qlU1cgLI,https://www.youtube.com/watch?v=X82qlU1cgLI,UgzOy4-tBYZ5Md7Uum54AaABAg,"Watching this on a Saturday, just chilling with great profits—what a wonderful week it’s been for me. Actually, it’s my first week going live, and I’m just smiling at the profits. The truth is, we can’t lose with a mentor like you. Yes, there are drawdowns here and there, but when we look at the bigger picture, we always crush the markets with Tino , Now time to backtest  preparing for next week .",2025-02-01T09:13:36Z,2026-10-01T13:27:14.708875+00:00,2,0,,9935a02e2eb41813d75b4628bc82a005b58b30d8c9d9cd8eb84a2d655d9838a7,,youtube-data-api-v3/commentThreads.list,,X82qlU1cgLI,Simple 10 minute gold trading strategy for beginner traders || how to trade gold (XAUUSD),Esther Makaripe,,
youtube,Esther Makaripe,X82qlU1cgLI,https://www.youtube.com/watch?v=X82qlU1cgLI,UgwUGglKmkc3WzzaCGd4AaABAg,"Her simplicity is really majestic, and she was born to teach, and I am hoping that she's away about it.",2025-01-30T17:05:54Z,2026-10-01T13:27:14.708875+00:00,1,0,,0ddcb6eefdc4aecba1c06b959eb26bbab79814e84433506e2447024ea58530eb,,youtube-data-api-v3/commentThreads.list,,X82qlU1cgLI,Simple 10 minute gold trading strategy for beginner traders || how to trade gold (XAUUSD),Esther Makaripe,,
youtube,Esther Makaripe,X82qlU1cgLI,https://www.youtube.com/watch?v=X82qlU1cgLI,UgyIAvD3-2UhxMBGmEd4AaABAg,i just shocked about this strategy,2025-01-31T05:07:35Z,2026-10-01T13:27:14.708875+00:00,1,0,,33b34780213f82783bf055eea5ee6d05ee3b18be678bf54e3e1d25fdc0bbaaad,,youtube-data-api-v3/commentThreads.list,,X82qlU1cgLI,Simple 10 minute gold trading strategy for beginner traders || how to trade gold (XAUUSD),Esther Makaripe,,
youtube,Esther Makaripe,X82qlU1cgLI,https://www.youtube.com/watch?v=X82qlU1cgLI,UgyvGJWtrhofiCF1y514AaABAg,Thank you for blessing us with another banger!❤ Lets get that 500 likes,2025-01-30T18:04:45Z,2026-10-01T13:27:14.708875+00:00,1,0,,6cb7c7170de819dc63866d55875c347815adeb05a0aa88a541eabae710c77106,,youtube-data-api-v3/commentThreads.list,,X82qlU1cgLI,Simple 10 minute gold trading strategy for beginner traders || how to trade gold (XAUUSD),Esther Makaripe,,
youtube,Esther Makaripe,X82qlU1cgLI,https://www.youtube.com/watch?v=X82qlU1cgLI,UgzSYDlcKgTUfFgs25B4AaABAg,"Clean charts no complications, I love your work 🎉🎉",2025-01-30T20:35:41Z,2026-10-01T13:27:14.708875+00:00,1,0,,2e1022d6c9f4fa1d667efcc377627c211f2e9eea7dcc74f25e8b7ceda5e77c9b,,youtube-data-api-v3/commentThreads.list,,X82qlU1cgLI,Simple 10 minute gold trading strategy for beginner traders || how to trade gold (XAUUSD),Esther Makaripe,,
youtube,Esther Makaripe,X82qlU1cgLI,https://www.youtube.com/watch?v=X82qlU1cgLI,Ugz40vXnQKAjoqb8tLl4AaABAg,I like your simple and very effective strategies.  Love you Tino❤,2025-01-30T17:31:09Z,2026-10-01T13:27:14.708875+00:00,1,0,,b05a69fa9e890a7ff425633f8e9b7d335776f79fd0669b1ee096965869411ba7,,youtube-data-api-v3/commentThreads.list,,X82qlU1cgLI,Simple 10 minute gold trading strategy for beginner traders || how to trade gold (XAUUSD),Esther Makaripe,,
youtube,Esther Makaripe,X82qlU1cgLI,https://www.youtube.com/watch?v=X82qlU1cgLI,UgyG69noVurhw17FIGd4AaABAg,✨️✨️ She's back again with another  🔥 video,2025-01-30T17:02:16Z,2026-10-01T13:27:14.708875+00:00,0,0,,74517d6b779bc65863c29ebf9506928571220c620f1047533ddc082ec4c0a8dc,,youtube-data-api-v3/commentThreads.list,,X82qlU1cgLI,Simple 10 minute gold trading strategy for beginner traders || how to trade gold (XAUUSD),Esther Makaripe,,
youtube,Esther Makaripe,X82qlU1cgLI,https://www.youtube.com/watch?v=X82qlU1cgLI,UgwI3GjWMOesAoVYi5N4AaABAg,I learn alot from you Tino,2025-01-30T22:22:52Z,2026-10-01T13:27:14.708875+00:00,1,0,,0145a591a4de94599e26eb4f90effa96d94ca5f73e4590b088dec993f677f068,,youtube-data-api-v3/commentThreads.list,,X82qlU1cgLI,Simple 10 minute gold trading strategy for beginner traders || how to trade gold (XAUUSD),Esther Makaripe,,
youtube,Esther Makaripe,X82qlU1cgLI,https://www.youtube.com/watch?v=X82qlU1cgLI,UgxX4VdUWsFcT0EH5b54AaABAg,First person I see on YouTube showing execution window,2025-07-31T09:11:17Z,2026-10-01T13:27:14.709884+00:00,1,0,,ba75d69bcb73d80b0eaf8fded0b7beea54eb00040ab62adb24f91446e45630c5,,youtube-data-api-v3/commentThreads.list,,X82qlU1cgLI,Simple 10 minute gold trading strategy for beginner traders || how to trade gold (XAUUSD),Esther Makaripe,,
youtube,Esther Makaripe,X82qlU1cgLI,https://www.youtube.com/watch?v=X82qlU1cgLI,Ugy6nprNW1ip6aQ7Std4AaABAg,It's been a good week. I catched the Gold move. Nothing too complicated. My analysis is making sense. Thanks to Tino.,2025-01-30T20:26:56Z,2026-10-01T13:27:14.709884+00:00,1,0,,2996a4164b01ef87de03123860ff3f08501ea7387892a95e1e6983a53d51536b,,youtube-data-api-v3/commentThreads.list,,X82qlU1cgLI,Simple 10 minute gold trading strategy for beginner traders || how to trade gold (XAUUSD),Esther Makaripe,,
youtube,Esther Makaripe,X82qlU1cgLI,https://www.youtube.com/watch?v=X82qlU1cgLI,UgznZDLACn7h6bnR1pF4AaABAg,"Great content once again, we keep on learning from the best",2025-01-31T00:55:35Z,2026-10-01T13:27:14.709884+00:00,1,0,,d3c7624ea739923e836e76108f492870767c5904b154a0b7392087ca6733368c,,youtube-data-api-v3/commentThreads.list,,X82qlU1cgLI,Simple 10 minute gold trading strategy for beginner traders || how to trade gold (XAUUSD),Esther Makaripe,,
youtube,Esther Makaripe,X82qlU1cgLI,https://www.youtube.com/watch?v=X82qlU1cgLI,Ugw2FPQ6tzjOLWFT2Wt4AaABAg,Peace ses until I master this art I will never surrender ❤️,2025-10-09T02:57:03Z,2026-10-01T13:27:14.709884+00:00,3,0,,09297124e87dd2ca35ebc7368aeb46cfd7eab8b79640c8cad29b706728d32830,,youtube-data-api-v3/commentThreads.list,,X82qlU1cgLI,Simple 10 minute gold trading strategy for beginner traders || how to trade gold (XAUUSD),Esther Makaripe,,
youtube,Esther Makaripe,X82qlU1cgLI,https://www.youtube.com/watch?v=X82qlU1cgLI,UgzQ7vqPdBjtEZbhYGx4AaABAg,"I hope my Friday's will be different now, Miss Nas and Gold",2025-01-31T04:33:44Z,2026-10-01T13:27:14.709884+00:00,1,0,,82eb7b655e8a5ebf29c59ce723b58c4fc86de5e5cf1c12fb6ecfc21384c58cd3,,youtube-data-api-v3/commentThreads.list,,X82qlU1cgLI,Simple 10 minute gold trading strategy for beginner traders || how to trade gold (XAUUSD),Esther Makaripe,,
youtube,Esther Makaripe,X82qlU1cgLI,https://www.youtube.com/watch?v=X82qlU1cgLI,UgyVoBigJEa0WB7zf3R4AaABAg,"Your explanation is simple and clear,.. No complication over here. Your charts, very clean.. No magic indicator, just good analysis then followed by OBLITERATION of the market!! Nice one Tino❤🔥🔥",2025-01-30T18:09:24Z,2026-10-01T13:27:14.709884+00:00,1,0,,82e40ba58418e3099736fb5c295589f632a42bb0fd0bd6420555d10c05594143,,youtube-data-api-v3/commentThreads.list,,X82qlU1cgLI,Simple 10 minute gold trading strategy for beginner traders || how to trade gold (XAUUSD),Esther Makaripe,,
youtube,Esther Makaripe,X82qlU1cgLI,https://www.youtube.com/watch?v=X82qlU1cgLI,UgwT3oZyJFz7SxEmF4N4AaABAg,I am here to learn until I master the art. Thank you ses,2025-10-09T02:45:53Z,2026-10-01T13:27:14.709884+00:00,0,0,,09297124e87dd2ca35ebc7368aeb46cfd7eab8b79640c8cad29b706728d32830,,youtube-data-api-v3/commentThreads.list,,X82qlU1cgLI,Simple 10 minute gold trading strategy for beginner traders || how to trade gold (XAUUSD),Esther Makaripe,,
youtube,Esther Makaripe,X82qlU1cgLI,https://www.youtube.com/watch?v=X82qlU1cgLI,UgxBP6Fx19ecYByjrpl4AaABAg,"I've gone through so many Telegram groups, YouTube channels and whatnot.., but what i learn from you all the time is bliss. 
Everything is always made simple, you allowed me to simplify the chart before I do anything. Thank you so much. Can't wait to hit goals💯💜",2025-01-31T15:51:25Z,2026-10-01T13:27:14.709884+00:00,0,0,,97e586ba6a5fe26cefd0f12c62c2315141df76b1ff21014f33d554a6701b3658,,youtube-data-api-v3/commentThreads.list,,X82qlU1cgLI,Simple 10 minute gold trading strategy for beginner traders || how to trade gold (XAUUSD),Esther Makaripe,,
youtube,Esther Makaripe,X82qlU1cgLI,https://www.youtube.com/watch?v=X82qlU1cgLI,UgxPvmRNjcOmUIhNbG94AaABAg,"Catching pips with your analysis is always easy. You make Trading Forex Great Queen of Nasdaq ♠️❤️.

Soon enough I'm joining tha inner cycle gang #craftingSkill 💯",2025-01-30T17:07:33Z,2026-10-01T13:27:14.709884+00:00,2,0,,ded816b0190fa3295b6caf4e030c57197cabc08f51629b0b876d337e78adc7ab,,youtube-data-api-v3/commentThreads.list,,X82qlU1cgLI,Simple 10 minute gold trading strategy for beginner traders || how to trade gold (XAUUSD),Esther Makaripe,,
youtube,Esther Makaripe,X82qlU1cgLI,https://www.youtube.com/watch?v=X82qlU1cgLI,Ugxoy6Td_YMOqOL5jcN4AaABAg,"Just here smiling, how i had the exact set up on gold as you,this was amazingly beautiful. 
Thank you so much for this wonderful lessons,
May God keep blessing you,",2025-01-30T18:02:00Z,2026-10-01T13:27:14.709884+00:00,1,0,,963f6f3d0ee1e2353c6b1ee56250e979eabda8ad39c389582a4e8a466731a8f5,,youtube-data-api-v3/commentThreads.list,,X82qlU1cgLI,Simple 10 minute gold trading strategy for beginner traders || how to trade gold (XAUUSD),Esther Makaripe,,
youtube,Esther Makaripe,X82qlU1cgLI,https://www.youtube.com/watch?v=X82qlU1cgLI,UgwPImxIvf2uN9Wng7B4AaABAg,"Ever since I watched your video on the verge of giving up on trading then all of a sudden my hope were built again to never give cause your video truly inspires, very easy to understand, no cutting corners and even doing all of this for free 😊I really hope to join the team soon where we will be obliterating the market together ❤❤",2025-01-30T19:12:49Z,2026-10-01T13:27:14.709884+00:00,1,0,,36bb357137c4edace69c6fd2bdc44a8876caaed6d3585a7f27395186ad314c69,,youtube-data-api-v3/commentThreads.list,,X82qlU1cgLI,Simple 10 minute gold trading strategy for beginner traders || how to trade gold (XAUUSD),Esther Makaripe,,
youtube,Esther Makaripe,X82qlU1cgLI,https://www.youtube.com/watch?v=X82qlU1cgLI,UgyeM_YspQbi5EVQqIh4AaABAg,"Keep pushing.,. You're the queen 💝",2025-03-08T09:04:28Z,2026-10-01T13:27:14.709884+00:00,0,0,,1203872b79c3bd7107cc8e249888d54a4f97a1efd9d7a01db4c658ec9e91eecf,,youtube-data-api-v3/commentThreads.list,,X82qlU1cgLI,Simple 10 minute gold trading strategy for beginner traders || how to trade gold (XAUUSD),Esther Makaripe,,
youtube,Esther Makaripe,X82qlU1cgLI,https://www.youtube.com/watch?v=X82qlU1cgLI,Ugz2xkoNMubE0YQjtTR4AaABAg,I have tried this strategy bro...it's actually making sense a lot to me. But through my testing process I found out that it's working better on EURO/USD bcz that market respects support and resistance...it's not that volatile. This strategy is worth trying out. Thank you!,2026-07-15T14:30:23Z,2026-10-01T13:27:14.709884+00:00,1,0,,72dec8902a6ebc88e3616890a8d2241a2d980d86c9e7709a760cd564ceb53914,,youtube-data-api-v3/commentThreads.list,,X82qlU1cgLI,Simple 10 minute gold trading strategy for beginner traders || how to trade gold (XAUUSD),Esther Makaripe,,
youtube,Esther Makaripe,X82qlU1cgLI,https://www.youtube.com/watch?v=X82qlU1cgLI,UgxgcR_MTd_8gNo0CMd4AaABAg,this is awaresome  gold strategy,2025-01-31T04:31:30Z,2026-10-01T13:27:14.709884+00:00,1,0,,33b34780213f82783bf055eea5ee6d05ee3b18be678bf54e3e1d25fdc0bbaaad,,youtube-data-api-v3/commentThreads.list,,X82qlU1cgLI,Simple 10 minute gold trading strategy for beginner traders || how to trade gold (XAUUSD),Esther Makaripe,,
youtube,Esther Makaripe,X82qlU1cgLI,https://www.youtube.com/watch?v=X82qlU1cgLI,Ugx7BujbB08n9kuOKZZ4AaABAg,Pop up notifications always on…strategy always on point!!!!🔥🔥💯….started even trading boom and crash low key 📌📌🙏🏾synthetics after that video….this week gold analysis was on another level 💣💣,2025-01-30T17:07:33Z,2026-10-01T13:27:14.709884+00:00,2,0,,5fb06762cbd1b5e09f16a9fe626222b022106b1d2aeb083116968d7e0d42a7be,,youtube-data-api-v3/commentThreads.list,,X82qlU1cgLI,Simple 10 minute gold trading strategy for beginner traders || how to trade gold (XAUUSD),Esther Makaripe,,
youtube,Esther Makaripe,X82qlU1cgLI,https://www.youtube.com/watch?v=X82qlU1cgLI,UgxgN4LUR2kKvrcRKXp4AaABAg,Support & resistance trend lines on the correct time frames & patience is all you need 🙂‍↔️ Thanks for keeping it simple.,2025-01-30T17:38:24Z,2026-10-01T13:27:14.709884+00:00,34,3,,80152322a2672d96bf440dddd049afdfbb47355c31bca431cd597ce1cfa154f9,,youtube-data-api-v3/commentThreads.list,,X82qlU1cgLI,Simple 10 minute gold trading strategy for beginner traders || how to trade gold (XAUUSD),Esther Makaripe,,
youtube,Esther Makaripe,X82qlU1cgLI,https://www.youtube.com/watch?v=X82qlU1cgLI,UgxgN4LUR2kKvrcRKXp4AaABAg.ADvqTW_2eAnAEex9_ASAIN,perfect💯,2025-02-18T00:41:09Z,2026-10-01T13:27:14.709884+00:00,0,0,,a0ac7117d2d1cf7729d1bb8d5ec1d63fd2ad578c302e14d8b94ee1b27e8dcb43,UgxgN4LUR2kKvrcRKXp4AaABAg,youtube-data-api-v3/commentThreads.list,,X82qlU1cgLI,Simple 10 minute gold trading strategy for beginner traders || how to trade gold (XAUUSD),Esther Makaripe,,
youtube,Esther Makaripe,X82qlU1cgLI,https://www.youtube.com/watch?v=X82qlU1cgLI,UgxgN4LUR2kKvrcRKXp4AaABAg.ADvqTW_2eAnAMz7KybL3aw,I’ve watched so many videos and not a single video shows what apps or platform I need to use please help me just with the basics I need to know what apps or platforms I need to use thank you,2025-09-12T16:54:48Z,2026-10-01T13:27:14.709884+00:00,0,0,,4a149614bbb103f66720812852c75d2a0c08f5a1aac0c3f33fc7e667587fef20,UgxgN4LUR2kKvrcRKXp4AaABAg,youtube-data-api-v3/commentThreads.list,,X82qlU1cgLI,Simple 10 minute gold trading strategy for beginner traders || how to trade gold (XAUUSD),Esther Makaripe,,
youtube,Esther Makaripe,X82qlU1cgLI,https://www.youtube.com/watch?v=X82qlU1cgLI,UgxgN4LUR2kKvrcRKXp4AaABAg.ADvqTW_2eAnAWf4Kd89azk,"​@Movie.Boy71 mt4 or mt5
But you need a broker tho. Find one that works for you",2026-05-11T11:17:40Z,2026-10-01T13:27:14.709884+00:00,0,0,,9a140f76d16f9eff491cf408f89d3a76b36bcdb84439a6f5bbee84a09f37abf0,UgxgN4LUR2kKvrcRKXp4AaABAg,youtube-data-api-v3/commentThreads.list,,X82qlU1cgLI,Simple 10 minute gold trading strategy for beginner traders || how to trade gold (XAUUSD),Esther Makaripe,,
youtube,Esther Makaripe,X82qlU1cgLI,https://www.youtube.com/watch?v=X82qlU1cgLI,UgxOuyyoWgy96ZrRB0F4AaABAg,Keep it up girl 💯💪💪,2025-01-30T21:52:52Z,2026-10-01T13:27:14.709884+00:00,0,0,,7c879095390c518b83b3879d00c5542cc3a51515bd28dee8b131a5c097557d19,,youtube-data-api-v3/commentThreads.list,,X82qlU1cgLI,Simple 10 minute gold trading strategy for beginner traders || how to trade gold (XAUUSD),Esther Makaripe,,
youtube,Esther Makaripe,X82qlU1cgLI,https://www.youtube.com/watch?v=X82qlU1cgLI,UgxhyanhHY8mCXvyfI14AaABAg,Good week so far ❤❤,2025-01-30T19:00:11Z,2026-10-01T13:27:14.709884+00:00,1,0,,6347e2df2eb892c80eebe781db90bb79199ae4ed4752878f2071b8fbed647073,,youtube-data-api-v3/commentThreads.list,,X82qlU1cgLI,Simple 10 minute gold trading strategy for beginner traders || how to trade gold (XAUUSD),Esther Makaripe,,
youtube,Esther Makaripe,X82qlU1cgLI,https://www.youtube.com/watch?v=X82qlU1cgLI,UgwG8IXwAicq_ewBRnF4AaABAg,I love trading gold.  Think I have found a good strategy.,2025-01-31T21:19:22Z,2026-10-01T13:27:14.709884+00:00,0,0,,60baf6ebead5d7d9da4abd09073a50d7436db7f658271a8c9938810ff63c9e97,,youtube-data-api-v3/commentThreads.list,,X82qlU1cgLI,Simple 10 minute gold trading strategy for beginner traders || how to trade gold (XAUUSD),Esther Makaripe,,
youtube,Esther Makaripe,X82qlU1cgLI,https://www.youtube.com/watch?v=X82qlU1cgLI,UgyEjnAqPX6THwkTre14AaABAg,"I love your no indicator methods......In the past, I have tried so many........ You are always so laid back and calm when you are trading......I am definitely working on carrying this mindset into my trading journey.....Stress free over here..... Your strategies are so simple.... Thanks for all the gems, as always. I am working on not over complicating my trading ❤.",2025-01-31T14:00:13Z,2026-10-01T13:27:14.709884+00:00,1,0,,7a04745592e5cc57fb34ad8262a029b6d8cbf1af5d48d38e6e982a4e2b5190e4,,youtube-data-api-v3/commentThreads.list,,X82qlU1cgLI,Simple 10 minute gold trading strategy for beginner traders || how to trade gold (XAUUSD),Esther Makaripe,,
youtube,Esther Makaripe,X82qlU1cgLI,https://www.youtube.com/watch?v=X82qlU1cgLI,UgyG6TeucawyWgUBkQl4AaABAg,Great insights as always,2025-01-30T19:38:02Z,2026-10-01T13:27:14.709884+00:00,1,0,,42d8400cd03380d8c703481ce99f718a1d1a926fd150bb34873ac3d4468c17e6,,youtube-data-api-v3/commentThreads.list,,X82qlU1cgLI,Simple 10 minute gold trading strategy for beginner traders || how to trade gold (XAUUSD),Esther Makaripe,,
youtube,Esther Makaripe,X82qlU1cgLI,https://www.youtube.com/watch?v=X82qlU1cgLI,UgwI9CIOcK42GE4FUwx4AaABAg,Thank you for everything!❤,2025-01-30T17:06:31Z,2026-10-01T13:27:14.709884+00:00,1,0,,f23f31a816746b68218c8888e82ffb862ca14dc1e10e24f3c5f95487a120bcd3,,youtube-data-api-v3/commentThreads.list,,X82qlU1cgLI,Simple 10 minute gold trading strategy for beginner traders || how to trade gold (XAUUSD),Esther Makaripe,,
youtube,Esther Makaripe,X82qlU1cgLI,https://www.youtube.com/watch?v=X82qlU1cgLI,UgyEmjft-bwBvmyheoJ4AaABAg,I could write this many ways but I'd like to go straight to the point and say: you're amazing. I'm glad I found one of your viseos yesterday. Thank you for sharing useful and such helpful content. You got me as a new subscriber. Much Love. Keep it up. ❤,2025-06-08T15:47:58Z,2026-10-01T13:27:14.709884+00:00,1,0,,a916332adab42d45994f55e313001164d3686094644ede3fc567553fafa9da90,,youtube-data-api-v3/commentThreads.list,,X82qlU1cgLI,Simple 10 minute gold trading strategy for beginner traders || how to trade gold (XAUUSD),Esther Makaripe,,
youtube,Esther Makaripe,X82qlU1cgLI,https://www.youtube.com/watch?v=X82qlU1cgLI,UgwUKp7bOyMBdIWELhF4AaABAg,Great insight. Thanks so much!,2025-01-30T17:41:00Z,2026-10-01T13:27:14.709884+00:00,1,0,,c0ff8fa884513c2ceffb330449f07aa1a5ac3dc9a6cbc29525c74cc71ecfc67f,,youtube-data-api-v3/commentThreads.list,,X82qlU1cgLI,Simple 10 minute gold trading strategy for beginner traders || how to trade gold (XAUUSD),Esther Makaripe,,
youtube,Esther Makaripe,X82qlU1cgLI,https://www.youtube.com/watch?v=X82qlU1cgLI,UgymOZGMSLnEfHcbndl4AaABAg,Definitely using this method on Monday ☺️,2025-11-01T06:50:43Z,2026-10-01T13:27:14.709884+00:00,0,0,,80463cc736094748de2380bcfbc5fda57a2a64af8921d8c99f3d702d2a1dbaf2,,youtube-data-api-v3/commentThreads.list,,X82qlU1cgLI,Simple 10 minute gold trading strategy for beginner traders || how to trade gold (XAUUSD),Esther Makaripe,,
youtube,Esther Makaripe,X82qlU1cgLI,https://www.youtube.com/watch?v=X82qlU1cgLI,Ugy69T_RcS9CKnVrWxN4AaABAg,"This strategy is a game-changer! The simplicity and efficiency make it perfect for both beginners and experienced traders. Love how you explain everything so clearly—straight to the point with no fluff. Can’t wait to put this to the test in the  market. Keep the quality content coming! 🔥📊""",2025-01-31T04:44:00Z,2026-10-01T13:27:14.709884+00:00,2,0,,075b6fc720160d00475711566600e3e91dbd194ee33f214a2aa4fbba598c17e4,,youtube-data-api-v3/commentThreads.list,,X82qlU1cgLI,Simple 10 minute gold trading strategy for beginner traders || how to trade gold (XAUUSD),Esther Makaripe,,
youtube,Esther Makaripe,X82qlU1cgLI,https://www.youtube.com/watch?v=X82qlU1cgLI,Ugxr-46TpJHhjV-I5Lp4AaABAg,My sister thanks for the knowledge am seeing progress on my journey just by watching your videos here on YT you make trading looks so easy don't stop what you doing 😊❤,2025-12-02T19:19:46Z,2026-10-01T13:27:14.709884+00:00,0,0,,3c8fc3ddeb0976bb159656006c6021a9778f8c1cc33467bdd8b7e037aefa43ae,,youtube-data-api-v3/commentThreads.list,,X82qlU1cgLI,Simple 10 minute gold trading strategy for beginner traders || how to trade gold (XAUUSD),Esther Makaripe,,
youtube,Esther Makaripe,X82qlU1cgLI,https://www.youtube.com/watch?v=X82qlU1cgLI,Ugw05hHoOWwGUZHsV2V4AaABAg,🎉🎉🎉 good week over here,2025-01-30T18:03:56Z,2026-10-01T13:27:14.709884+00:00,1,0,,7fcaf0d552f8de3bb35c116d96dbfd36755c861040acab0cd3bbecc54fe9b53d,,youtube-data-api-v3/commentThreads.list,,X82qlU1cgLI,Simple 10 minute gold trading strategy for beginner traders || how to trade gold (XAUUSD),Esther Makaripe,,
youtube,Esther Makaripe,X82qlU1cgLI,https://www.youtube.com/watch?v=X82qlU1cgLI,Ugyxs8ycHQRiitpUpvB4AaABAg,Always phenomenal❤,2025-01-30T22:59:16Z,2026-10-01T13:27:14.709884+00:00,1,0,,9ec866e5f2ec0cbcde15453905cfbe2f467eb0623be859411f919e4fe1d5b918,,youtube-data-api-v3/commentThreads.list,,X82qlU1cgLI,Simple 10 minute gold trading strategy for beginner traders || how to trade gold (XAUUSD),Esther Makaripe,,
youtube,Esther Makaripe,X82qlU1cgLI,https://www.youtube.com/watch?v=X82qlU1cgLI,UgxnGJpq1_KPUj0PJgJ4AaABAg,Now it is apparent that capital is important to be able to trade but the greatest is having the skill ans knowledge. Even with a small capital one can make money!!! Skill and knowledge you possess for sure !!!!! Respect !!!!!!!!,2025-01-30T23:31:08Z,2026-10-01T13:27:14.709884+00:00,1,0,,bb388ca2a7b797cf82f2f398296f00eeaceaaeac92b8d061dc81bab2d8cbd6b8,,youtube-data-api-v3/commentThreads.list,,X82qlU1cgLI,Simple 10 minute gold trading strategy for beginner traders || how to trade gold (XAUUSD),Esther Makaripe,,
youtube,Esther Makaripe,X82qlU1cgLI,https://www.youtube.com/watch?v=X82qlU1cgLI,UgxfBiIx_AwCoFWxao14AaABAg,perfect approach .,2025-01-31T08:32:56Z,2026-10-01T13:27:14.709884+00:00,1,0,,8c51a2fd569ce3f735472485b1ae8a61f2a90c0e8c8b1c95b10b0c633921b390,,youtube-data-api-v3/commentThreads.list,,X82qlU1cgLI,Simple 10 minute gold trading strategy for beginner traders || how to trade gold (XAUUSD),Esther Makaripe,,
youtube,Esther Makaripe,X82qlU1cgLI,https://www.youtube.com/watch?v=X82qlU1cgLI,UgzVqN3mgly90qVVYrV4AaABAg,Beautiful trade 🎉🎉,2025-01-31T05:38:50Z,2026-10-01T13:27:14.709884+00:00,1,0,,63a7067ffe1d1b97214d38eac61274b8cf04523433f65a374a84fc7332e319b8,,youtube-data-api-v3/commentThreads.list,,X82qlU1cgLI,Simple 10 minute gold trading strategy for beginner traders || how to trade gold (XAUUSD),Esther Makaripe,,
youtube,Esther Makaripe,X82qlU1cgLI,https://www.youtube.com/watch?v=X82qlU1cgLI,UgwwCpDDFy9OIPHx-5l4AaABAg,"Great insight, thumps up.",2025-01-30T17:05:27Z,2026-10-01T13:27:14.709884+00:00,1,0,,393724e4660debc386bc977a8a17d0ac4ab29c2913db04a180e2e94fe24ec45a,,youtube-data-api-v3/commentThreads.list,,X82qlU1cgLI,Simple 10 minute gold trading strategy for beginner traders || how to trade gold (XAUUSD),Esther Makaripe,,
youtube,Esther Makaripe,X82qlU1cgLI,https://www.youtube.com/watch?v=X82qlU1cgLI,UgzJQxnAf_ra7PwI-wx4AaABAg,Michael inspired love you NASDAQ queen,2025-01-30T18:26:25Z,2026-10-01T13:27:14.709884+00:00,2,0,,12e95c70fc73e6ea84f830f267bfee13fb02fb2a825df00db06ae647c13a839f,,youtube-data-api-v3/commentThreads.list,,X82qlU1cgLI,Simple 10 minute gold trading strategy for beginner traders || how to trade gold (XAUUSD),Esther Makaripe,,
youtube,Esther Makaripe,X82qlU1cgLI,https://www.youtube.com/watch?v=X82qlU1cgLI,UgyqlujWD9Ue_iuxMZl4AaABAg,"Your explanation on top down analysis is so simple and it works, EVERYTIME! 🥰 

Thank you for sharing your knowledge 😊🫶",2025-01-30T22:21:21Z,2026-10-01T13:27:14.709884+00:00,1,0,,f55867f8e70a6e15b9bd3be4fd63114317f75a8bb8ff7090a3b3200f048eff75,,youtube-data-api-v3/commentThreads.list,,X82qlU1cgLI,Simple 10 minute gold trading strategy for beginner traders || how to trade gold (XAUUSD),Esther Makaripe,,
youtube,Esther Makaripe,X82qlU1cgLI,https://www.youtube.com/watch?v=X82qlU1cgLI,Ugw-RffWUwFbTUj40-F4AaABAg,Great analysis,2025-01-30T17:05:05Z,2026-10-01T13:27:14.709884+00:00,1,0,,b15d0a6c6383b5447e6d9d604e964bce8a4299c6bd6d7bc58be886064e0034b9,,youtube-data-api-v3/commentThreads.list,,X82qlU1cgLI,Simple 10 minute gold trading strategy for beginner traders || how to trade gold (XAUUSD),Esther Makaripe,,
youtube,Esther Makaripe,X82qlU1cgLI,https://www.youtube.com/watch?v=X82qlU1cgLI,UgxEgI2GbOOdA0KgxMB4AaABAg,Tino the bestl❤,2025-01-31T08:21:34Z,2026-10-01T13:27:14.709884+00:00,1,0,,f393068db6051b4a2cf65abde7eec11f9df8d2072892a916f919ca377e8af2b7,,youtube-data-api-v3/commentThreads.list,,X82qlU1cgLI,Simple 10 minute gold trading strategy for beginner traders || how to trade gold (XAUUSD),Esther Makaripe,,
youtube,Esther Makaripe,X82qlU1cgLI,https://www.youtube.com/watch?v=X82qlU1cgLI,Ugxelf5E-g6RT7-0QHp4AaABAg,"Thanks to you, today trading has just become fun and easy for me😙. I wish you started with this video earlier in your videos 🤭😅😅😅",2025-01-30T20:49:37Z,2026-10-01T13:27:14.709884+00:00,1,0,,c259a2c8ad7163d0ea06c1271956743b807ca822f91d624555dc39fd36dd65a3,,youtube-data-api-v3/commentThreads.list,,X82qlU1cgLI,Simple 10 minute gold trading strategy for beginner traders || how to trade gold (XAUUSD),Esther Makaripe,,
youtube,Esther Makaripe,X82qlU1cgLI,https://www.youtube.com/watch?v=X82qlU1cgLI,UgyF-uZBpg3plJK1CHV4AaABAg,You are super make things real keep it up,2025-02-23T15:23:28Z,2026-10-01T13:27:14.709884+00:00,0,0,,48abb77f5f8c6809b8206c1482ac8dabc36ea6f8a9932d41b1ea4f5329aba61f,,youtube-data-api-v3/commentThreads.list,,X82qlU1cgLI,Simple 10 minute gold trading strategy for beginner traders || how to trade gold (XAUUSD),Esther Makaripe,,
youtube,Esther Makaripe,X82qlU1cgLI,https://www.youtube.com/watch?v=X82qlU1cgLI,UgzndHNpq_LdEibeSOp4AaABAg,8:18 The patience you have is top nozzle🥶🥶🥶,2025-02-12T09:48:18Z,2026-10-01T13:27:14.709884+00:00,1,0,,84242d8bf4ec43fcd10b4a5bfae43b0893ad71f8577f7db369e7a12c42844616,,youtube-data-api-v3/commentThreads.list,,X82qlU1cgLI,Simple 10 minute gold trading strategy for beginner traders || how to trade gold (XAUUSD),Esther Makaripe,,
youtube,Esther Makaripe,X82qlU1cgLI,https://www.youtube.com/watch?v=X82qlU1cgLI,UgzRDgUoAVAmr3s-cqh4AaABAg,Thank  you for posting this content!❤,2025-12-25T15:30:51Z,2026-10-01T13:27:14.709884+00:00,0,0,,63fa023238ad879e59d94a955a39222f5c59ce013051e9ab93e8c4eda96c3d6d,,youtube-data-api-v3/commentThreads.list,,X82qlU1cgLI,Simple 10 minute gold trading strategy for beginner traders || how to trade gold (XAUUSD),Esther Makaripe,,
youtube,Esther Makaripe,X82qlU1cgLI,https://www.youtube.com/watch?v=X82qlU1cgLI,UgzYkW7L1AURhMdZYjR4AaABAg,😊 I caught another buy when price retraced to the supporting trendline again. Thats the buy which leads to gold all time high,2025-01-30T19:16:27Z,2026-10-01T13:27:14.709884+00:00,1,0,,07869dc1b340371e80f5df6d8dcb08445f9b6e7927e9bfacda2ee9e56351af96,,youtube-data-api-v3/commentThreads.list,,X82qlU1cgLI,Simple 10 minute gold trading strategy for beginner traders || how to trade gold (XAUUSD),Esther Makaripe,,
youtube,Esther Makaripe,X82qlU1cgLI,https://www.youtube.com/watch?v=X82qlU1cgLI,Ugzn2n25YR4m9Xg9ajp4AaABAg,Mama Nasdaq .. gracias....,2025-01-30T18:48:05Z,2026-10-01T13:27:14.709884+00:00,1,0,,3f9d0f3d6896b7529269a0a11db4b6cc0a7ac72370283482936b8af961101c6f,,youtube-data-api-v3/commentThreads.list,,X82qlU1cgLI,Simple 10 minute gold trading strategy for beginner traders || how to trade gold (XAUUSD),Esther Makaripe,,
youtube,Esther Makaripe,X82qlU1cgLI,https://www.youtube.com/watch?v=X82qlU1cgLI,UgzLilpSCd_aIKi0-P54AaABAg,Mentor my mentor❤️💙,2025-02-02T20:36:36Z,2026-10-01T13:27:14.709884+00:00,0,0,,eebb03bb5e28976690e6770c7f20652839ec503818759708485f98dbc3b362d8,,youtube-data-api-v3/commentThreads.list,,X82qlU1cgLI,Simple 10 minute gold trading strategy for beginner traders || how to trade gold (XAUUSD),Esther Makaripe,,
youtube,Esther Makaripe,X82qlU1cgLI,https://www.youtube.com/watch?v=X82qlU1cgLI,UgwEO9nd36NdFQ74tZV4AaABAg,I’m chocked about this strategy I’m waiting only for result,2025-10-31T20:30:30Z,2026-10-01T13:27:14.709884+00:00,0,0,,f544d64a4adb7b231b2419074894a6e53d3c85fd9cce5b8805a90df0ccce8833,,youtube-data-api-v3/commentThreads.list,,X82qlU1cgLI,Simple 10 minute gold trading strategy for beginner traders || how to trade gold (XAUUSD),Esther Makaripe,,
youtube,Esther Makaripe,X82qlU1cgLI,https://www.youtube.com/watch?v=X82qlU1cgLI,UgwrjzKfC8UwMipiytZ4AaABAg,Your trading signature will left the markets with no cash flow yoooooooo,2025-01-30T17:16:03Z,2026-10-01T13:27:14.709884+00:00,2,0,,fc81255c5d048c0b1390f1451ac681f8ad3678d17a2dbaccf5f547375813d391,,youtube-data-api-v3/commentThreads.list,,X82qlU1cgLI,Simple 10 minute gold trading strategy for beginner traders || how to trade gold (XAUUSD),Esther Makaripe,,
youtube,Esther Makaripe,X82qlU1cgLI,https://www.youtube.com/watch?v=X82qlU1cgLI,UgwnGRQOXL43z4_EhFN4AaABAg,Returning for your nuggets of brilliance again! Gold has been on my radar but felt burnt once so I stayed away... Now you’re simplifying it to lowest 30min chart 😮 I’m gonna try this one! Knowing it’s going to be a win cos you have shown your best on every video and each time it’s been nothing less than a win 🏆 🎉,2025-01-30T17:07:11Z,2026-10-01T13:27:14.709884+00:00,2,0,,7590decaa6b37ac6f67c9e8e9a998afdb342a9365878d4f3b9f0429199757fad,,youtube-data-api-v3/commentThreads.list,,X82qlU1cgLI,Simple 10 minute gold trading strategy for beginner traders || how to trade gold (XAUUSD),Esther Makaripe,,
youtube,Esther Makaripe,X82qlU1cgLI,https://www.youtube.com/watch?v=X82qlU1cgLI,UgwtkQVJbb5-VAmehtR4AaABAg,"I've been having a good week, shakey but good🤔",2025-01-30T17:07:55Z,2026-10-01T13:27:14.709884+00:00,1,0,,b15d0a6c6383b5447e6d9d604e964bce8a4299c6bd6d7bc58be886064e0034b9,,youtube-data-api-v3/commentThreads.list,,X82qlU1cgLI,Simple 10 minute gold trading strategy for beginner traders || how to trade gold (XAUUSD),Esther Makaripe,,
youtube,Esther Makaripe,X82qlU1cgLI,https://www.youtube.com/watch?v=X82qlU1cgLI,UgxfcoV7ikCg56645Ut4AaABAg,the knowlege you give here is POWER!! literally turned R12 into almost R400 with just this same move!!!!!!!!Shocked is an understatement. Definitely tryna save up to join the inner circle soon..Sending love all the wayfrom South Africa❤❤❤,2025-01-31T04:10:08Z,2026-10-01T13:27:14.709884+00:00,2,0,,e095195892b1d9559461bb583f424e436ef4293ce9c16f23a09d96dab7a02591,,youtube-data-api-v3/commentThreads.list,,X82qlU1cgLI,Simple 10 minute gold trading strategy for beginner traders || how to trade gold (XAUUSD),Esther Makaripe,,
youtube,Esther Makaripe,X82qlU1cgLI,https://www.youtube.com/watch?v=X82qlU1cgLI,UgwxPyIAT9GxnocvfCV4AaABAg,Loved this content!❤,2025-12-25T15:40:46Z,2026-10-01T13:27:14.709884+00:00,0,0,,63fa023238ad879e59d94a955a39222f5c59ce013051e9ab93e8c4eda96c3d6d,,youtube-data-api-v3/commentThreads.list,,X82qlU1cgLI,Simple 10 minute gold trading strategy for beginner traders || how to trade gold (XAUUSD),Esther Makaripe,,
youtube,Esther Makaripe,X82qlU1cgLI,https://www.youtube.com/watch?v=X82qlU1cgLI,Ugx9jy02Ac9thEaVirN4AaABAg,Pure price action 🎉🎉🎉🎉,2025-02-04T05:43:54Z,2026-10-01T13:27:14.709884+00:00,0,0,,6e85b722862ba733c67ffb7cd9ce1b99edb6161a8706148032132ca4005fba54,,youtube-data-api-v3/commentThreads.list,,X82qlU1cgLI,Simple 10 minute gold trading strategy for beginner traders || how to trade gold (XAUUSD),Esther Makaripe,,
youtube,Esther Makaripe,X82qlU1cgLI,https://www.youtube.com/watch?v=X82qlU1cgLI,Ugy5dX9pn1PTPGgMiEJ4AaABAg,We trade the NASDAQ over here,2025-01-30T19:39:46Z,2026-10-01T13:27:14.709884+00:00,1,0,,8fe9672978757a0d112180945a2e1a3400ddc49da6bf7822c31a5021e7118e41,,youtube-data-api-v3/commentThreads.list,,X82qlU1cgLI,Simple 10 minute gold trading strategy for beginner traders || how to trade gold (XAUUSD),Esther Makaripe,,
youtube,Esther Makaripe,X82qlU1cgLI,https://www.youtube.com/watch?v=X82qlU1cgLI,UgxsXQQzTnKKdyf7Nl54AaABAg,"2025 , we levelling up our trading game♥️",2025-01-30T17:04:48Z,2026-10-01T13:27:14.709884+00:00,1,0,,6bc38505e630c6fff8b1d23209194119d5a4363c305e8446efdbcdcad6b88c16,,youtube-data-api-v3/commentThreads.list,,X82qlU1cgLI,Simple 10 minute gold trading strategy for beginner traders || how to trade gold (XAUUSD),Esther Makaripe,,
youtube,Esther Makaripe,X82qlU1cgLI,https://www.youtube.com/watch?v=X82qlU1cgLI,UgwratOXpwyZCmpyAjJ4AaABAg,My week has been losses upon losses in the Forex market,2025-01-30T18:14:29Z,2026-10-01T13:27:14.709884+00:00,1,0,,6c4159eec80bf064ded532aa81c63111a47825ddabf338eb0894d6fef84954d2,,youtube-data-api-v3/commentThreads.list,,X82qlU1cgLI,Simple 10 minute gold trading strategy for beginner traders || how to trade gold (XAUUSD),Esther Makaripe,,
youtube,Esther Makaripe,X82qlU1cgLI,https://www.youtube.com/watch?v=X82qlU1cgLI,UgwGPvkIay-4eXrlIlJ4AaABAg,🔥 gold was obliterated 😅😅,2025-01-30T17:17:49Z,2026-10-01T13:27:14.709884+00:00,1,0,,e9052e49724080800051bff3c170a092182e617172d1171f3e53ccb43689dd97,,youtube-data-api-v3/commentThreads.list,,X82qlU1cgLI,Simple 10 minute gold trading strategy for beginner traders || how to trade gold (XAUUSD),Esther Makaripe,,
youtube,Esther Makaripe,X82qlU1cgLI,https://www.youtube.com/watch?v=X82qlU1cgLI,UgxaRhSf_j7cDUdl2114AaABAg,Inner circle I'm interested 😅,2025-01-30T20:12:06Z,2026-10-01T13:27:14.709884+00:00,2,0,,9f35b49346d472cec64064479868d2fae0321a0a35a0ad06bc912cfb5e4864e3,,youtube-data-api-v3/commentThreads.list,,X82qlU1cgLI,Simple 10 minute gold trading strategy for beginner traders || how to trade gold (XAUUSD),Esther Makaripe,,
youtube,Esther Makaripe,X82qlU1cgLI,https://www.youtube.com/watch?v=X82qlU1cgLI,UgzTwi1q_l5sHdIspil4AaABAg,"Like dj kaleed(don't remember the spelling) said ""another one""😅 
Your videos are always very educational i always gain a lot ❤",2025-01-30T17:20:35Z,2026-10-01T13:27:14.709884+00:00,4,0,,f2ddb44c0e4b50bdb1e7567863da8df1e0bbdd2c52d5001823454da95f85c598,,youtube-data-api-v3/commentThreads.list,,X82qlU1cgLI,Simple 10 minute gold trading strategy for beginner traders || how to trade gold (XAUUSD),Esther Makaripe,,
youtube,Esther Makaripe,X82qlU1cgLI,https://www.youtube.com/watch?v=X82qlU1cgLI,UgzzepbwY9HSzFZiZjx4AaABAg,Amazing,2025-01-30T17:02:30Z,2026-10-01T13:27:14.709884+00:00,1,0,,87a8b2db76024b5a865584ee21b125b2308d06c3de924b9d159e37ccee645d37,,youtube-data-api-v3/commentThreads.list,,X82qlU1cgLI,Simple 10 minute gold trading strategy for beginner traders || how to trade gold (XAUUSD),Esther Makaripe,,
youtube,Esther Makaripe,X82qlU1cgLI,https://www.youtube.com/watch?v=X82qlU1cgLI,UgzALNtRD_g7c-DofP54AaABAg,Great❤,2025-01-30T17:21:27Z,2026-10-01T13:27:14.709884+00:00,1,0,,eb737a66185d296624bef04b784745139afff73745460c10505377c7ab2d8907,,youtube-data-api-v3/commentThreads.list,,X82qlU1cgLI,Simple 10 minute gold trading strategy for beginner traders || how to trade gold (XAUUSD),Esther Makaripe,,
youtube,Esther Makaripe,X82qlU1cgLI,https://www.youtube.com/watch?v=X82qlU1cgLI,UgxuHn4pEAUE06HQUqh4AaABAg,Nice as always❤,2025-02-05T01:04:11Z,2026-10-01T13:27:14.709884+00:00,0,0,,9dafc5862427c05541284ad601b78f9821df2bc75a1d231464f3115f785713ed,,youtube-data-api-v3/commentThreads.list,,X82qlU1cgLI,Simple 10 minute gold trading strategy for beginner traders || how to trade gold (XAUUSD),Esther Makaripe,,
youtube,Esther Makaripe,X82qlU1cgLI,https://www.youtube.com/watch?v=X82qlU1cgLI,UgzcEycOPZHis4VoiCR4AaABAg,Nice and clear strategy,2025-04-24T12:52:07Z,2026-10-01T13:27:14.709884+00:00,0,0,,098b147b595c9e2ae7ac5f325d0c3e58ee483486916e1582b936a340bfc94724,,youtube-data-api-v3/commentThreads.list,,X82qlU1cgLI,Simple 10 minute gold trading strategy for beginner traders || how to trade gold (XAUUSD),Esther Makaripe,,
youtube,Esther Makaripe,X82qlU1cgLI,https://www.youtube.com/watch?v=X82qlU1cgLI,UgwkSs5s25v7rr-P0A14AaABAg,🔥🔥🔥🔥🔥 always sweet,2025-02-01T11:59:33Z,2026-10-01T13:27:14.709884+00:00,0,0,,6b7a0463bb0d8b9c0fa6823aa2d19876ff0be084a41c895e152f25518fda98f4,,youtube-data-api-v3/commentThreads.list,,X82qlU1cgLI,Simple 10 minute gold trading strategy for beginner traders || how to trade gold (XAUUSD),Esther Makaripe,,
youtube,Jason Graystone,_YVQN6_nkfs,https://www.youtube.com/watch?v=_YVQN6_nkfs,UgxYSkXjYBEzexVfoI54AaABAg.9ulSLfikYnb9ullUrbLaq0,You pinned a bots comment ya ninny,2023-09-17T17:14:37Z,2026-10-01T13:27:16.189424+00:00,40,0,,8cdad0540561d90e4a05750c8b94a9ae8901aea0b5923f866c564f1bb3912879,UgxYSkXjYBEzexVfoI54AaABAg,youtube-data-api-v3/commentThreads.list,,_YVQN6_nkfs,Trading for Beginners Part 1 - FULL TRADING COURSE TUTORIAL,Jason Graystone,,
youtube,Jason Graystone,_YVQN6_nkfs,https://www.youtube.com/watch?v=_YVQN6_nkfs,UgxYSkXjYBEzexVfoI54AaABAg.9ulSLfikYnb9umxWCRW4Vk,I cant to wait to go watch that after school. Thank you,2023-09-18T04:18:54Z,2026-10-01T13:27:16.189424+00:00,26,0,,6596267e5acb3c5c6d677124cb7a3d5f61500ccbf0c411bfbf074bdf5c973e8b,UgxYSkXjYBEzexVfoI54AaABAg,youtube-data-api-v3/commentThreads.list,,_YVQN6_nkfs,Trading for Beginners Part 1 - FULL TRADING COURSE TUTORIAL,Jason Graystone,,
youtube,Jason Graystone,_YVQN6_nkfs,https://www.youtube.com/watch?v=_YVQN6_nkfs,UgxYSkXjYBEzexVfoI54AaABAg.9ulSLfikYnb9ut3P0bbQZB,what are you saying bro @crazymycologist,2023-09-20T13:14:32Z,2026-10-01T13:27:16.189424+00:00,1,0,,bfd140093c437e2a8f869050d36636913df2776a1b257d0a8893e9b3506a006a,UgxYSkXjYBEzexVfoI54AaABAg,youtube-data-api-v3/commentThreads.list,,_YVQN6_nkfs,Trading for Beginners Part 1 - FULL TRADING COURSE TUTORIAL,Jason Graystone,,
youtube,Jason Graystone,_YVQN6_nkfs,https://www.youtube.com/watch?v=_YVQN6_nkfs,UgxYSkXjYBEzexVfoI54AaABAg.9ulSLfikYnb9uwQU798gz5,"I found me and subscribed to myself: so lovely and respectfully as I am.. my problem is that I don't work what I don't want, so I build the desire I will have until the journey I will become an actor after getting rich. You're spiritually too so you know what people need, and yes, you got it right, I need an investor and an trusted guy who believes in me and *screaming at you for the reason I defend myself* DON'T NEED YOUR NEGATIVITY THINKING WHICH BRINGS YOU DOWN AND YOU DEFEND IT -.-""",2023-09-21T20:33:55Z,2026-10-01T13:27:16.189424+00:00,4,0,,ee005c1c67cc1080171f799545c1b22836478a7c5d22b00b299160bbbeda672f,UgxYSkXjYBEzexVfoI54AaABAg,youtube-data-api-v3/commentThreads.list,,_YVQN6_nkfs,Trading for Beginners Part 1 - FULL TRADING COURSE TUTORIAL,Jason Graystone,,
youtube,Jason Graystone,_YVQN6_nkfs,https://www.youtube.com/watch?v=_YVQN6_nkfs,UgxdoTf1v4jkTk8-XZl4AaABAg,"I started investing when I was 37, mostly through sweat equity. I just turned 42 and this last month was the first time that my passive income broke $100k for the month. This is solid advice! DO IT! You don’t have to get rich quick, you just have to get RICH no matter what>.",2023-07-15T02:24:20Z,2026-10-01T13:27:16.189424+00:00,3117,42,,e6dc3a963d610d26cf7d771737fca2a18b6732e1680f54590b2c33f1e53fab2a,,youtube-data-api-v3/commentThreads.list,,_YVQN6_nkfs,Trading for Beginners Part 1 - FULL TRADING COURSE TUTORIAL,Jason Graystone,,
youtube,Jason Graystone,_YVQN6_nkfs,https://www.youtube.com/watch?v=_YVQN6_nkfs,UgxdoTf1v4jkTk8-XZl4AaABAg.9sANjE0IpaL9sANsJXxgKO,"Inveestors should be cautious about their exposure and be wary of new buys, especially during inflation. Such high yields in this recession is only possible under the supervision of a professional or trusted advisor..",2023-07-15T02:25:34Z,2026-10-01T13:27:16.189424+00:00,7,0,,65e60dd2ba2df33266a59442d70b107ffd0abdc0fd822607cc7e089e88b136e5,UgxdoTf1v4jkTk8-XZl4AaABAg,youtube-data-api-v3/commentThreads.list,,_YVQN6_nkfs,Trading for Beginners Part 1 - FULL TRADING COURSE TUTORIAL,Jason Graystone,,
youtube,Jason Graystone,_YVQN6_nkfs,https://www.youtube.com/watch?v=_YVQN6_nkfs,UgxdoTf1v4jkTk8-XZl4AaABAg.9sANjE0IpaL9sAOm7tf0Qt,@MarkMilley810 <Let's face it... buying more stocks & index funds during stock market corrections and bear markets is scary. Which makes it really hard to do for most people like me. I have 260k i want to transfer into an S&S isa but its hard to bite the bullet and do it>>.,2023-07-15T02:33:27Z,2026-10-01T13:27:16.189424+00:00,4,0,,e69e10e31ab5dda1650d74874036393f4416dce4e4141d50d19abde9c7166f71,UgxdoTf1v4jkTk8-XZl4AaABAg,youtube-data-api-v3/commentThreads.list,,_YVQN6_nkfs,Trading for Beginners Part 1 - FULL TRADING COURSE TUTORIAL,Jason Graystone,,
youtube,Jason Graystone,_YVQN6_nkfs,https://www.youtube.com/watch?v=_YVQN6_nkfs,UgxdoTf1v4jkTk8-XZl4AaABAg.9sANjE0IpaL9sAP0ZDyHzG,"@lindholmlille You need a FA my friend so you don't get ripped off in the market. They provide personalized advice to individuals based on their risk appetite, placing them among the best of the best. There are bad ones, but some with good track records can be very good...",2023-07-15T02:35:34Z,2026-10-01T13:27:16.189424+00:00,4,0,,4f42d946c6dae500c7fb0104112555ccddff562b34b5e5e078608b58151fa5b6,UgxdoTf1v4jkTk8-XZl4AaABAg,youtube-data-api-v3/commentThreads.list,,_YVQN6_nkfs,Trading for Beginners Part 1 - FULL TRADING COURSE TUTORIAL,Jason Graystone,,
youtube,Jason Graystone,_YVQN6_nkfs,https://www.youtube.com/watch?v=_YVQN6_nkfs,UgxdoTf1v4jkTk8-XZl4AaABAg.9sANjE0IpaL9sAPUDVqdf9,"@jetkastrokdova @I know I've wanted to start inveesting for a few months, but just haven't had the courage to start because the market has been down for most of this year. Please how can I reckon with such skills and what are their services like??",2023-07-15T02:39:37Z,2026-10-01T13:27:16.189424+00:00,0,0,,e69e10e31ab5dda1650d74874036393f4416dce4e4141d50d19abde9c7166f71,UgxdoTf1v4jkTk8-XZl4AaABAg,youtube-data-api-v3/commentThreads.list,,_YVQN6_nkfs,Trading for Beginners Part 1 - FULL TRADING COURSE TUTORIAL,Jason Graystone,,
youtube,Jason Graystone,_YVQN6_nkfs,https://www.youtube.com/watch?v=_YVQN6_nkfs,UgxdoTf1v4jkTk8-XZl4AaABAg.9sANjE0IpaL9sAPiy_Nr75,"@lindholmlille Based on a first-hand encounter with a CFP ""Charlotte Anne McConnell'' I have $385,000 in a well-diversified portfolio that has grown 3x compounded. Taking risks does not necessarily equate to money, but you also have to be informed, be patient and come back with good hands//",2023-07-15T02:41:46Z,2026-10-01T13:27:16.189424+00:00,5,0,,4f42d946c6dae500c7fb0104112555ccddff562b34b5e5e078608b58151fa5b6,UgxdoTf1v4jkTk8-XZl4AaABAg,youtube-data-api-v3/commentThreads.list,,_YVQN6_nkfs,Trading for Beginners Part 1 - FULL TRADING COURSE TUTORIAL,Jason Graystone,,
youtube,Jason Graystone,_YVQN6_nkfs,https://www.youtube.com/watch?v=_YVQN6_nkfs,Ugw4LWAo9mUKuSx0vPN4AaABAg,"For experienced investors here, What’s the best way to make high profits from investing? Any recommendations for beginners?",2026-09-29T10:39:00Z,2026-10-01T13:27:16.189424+00:00,45,15,,d3dc84b33becd5c499de84fd01ac34630eb4855ab062daf0f7128a3dab86c61d,,youtube-data-api-v3/commentThreads.list,,_YVQN6_nkfs,Trading for Beginners Part 1 - FULL TRADING COURSE TUTORIAL,Jason Graystone,,
youtube,Jason Graystone,_YVQN6_nkfs,https://www.youtube.com/watch?v=_YVQN6_nkfs,Ugw4LWAo9mUKuSx0vPN4AaABAg.AbL3zs0ccZsAbL4Iq82HDO,"As a beginner, it’s essential to have a mentor to keep you on check. I usually go with registered representatives.",2026-09-29T10:41:44Z,2026-10-01T13:27:16.189424+00:00,0,0,,f2e17668ac4c98cf3e39ffc2b8d25578753e8ba08da87edccc661e96efffe996,Ugw4LWAo9mUKuSx0vPN4AaABAg,youtube-data-api-v3/commentThreads.list,,_YVQN6_nkfs,Trading for Beginners Part 1 - FULL TRADING COURSE TUTORIAL,Jason Graystone,,
youtube,Jason Graystone,_YVQN6_nkfs,https://www.youtube.com/watch?v=_YVQN6_nkfs,Ugw4LWAo9mUKuSx0vPN4AaABAg.AbL3zs0ccZsAbL4LYZ0_of,You need to get a pro to guide you properly. Never trade by yourself as a beginner.,2026-09-29T10:42:06Z,2026-10-01T13:27:16.189424+00:00,0,0,,cf421829457a3f7ed365d66e5423f3d7baba4b6384aba9f475f8e438102515eb,Ugw4LWAo9mUKuSx0vPN4AaABAg,youtube-data-api-v3/commentThreads.list,,_YVQN6_nkfs,Trading for Beginners Part 1 - FULL TRADING COURSE TUTORIAL,Jason Graystone,,
youtube,Jason Graystone,_YVQN6_nkfs,https://www.youtube.com/watch?v=_YVQN6_nkfs,Ugw4LWAo9mUKuSx0vPN4AaABAg.AbL3zs0ccZsAbL4NnPuMQw,"My advice as a beginner is to get a guide. I started working with this man, Alex Ryan, and it was a different vibe. You actually sit and trade with him in real time --no endless theory talks. You're learning while doing, which made way more sense than watching another guy circle candles on a whiteboard.",2026-09-29T10:42:25Z,2026-10-01T13:27:16.189424+00:00,0,0,,6d7095f985143fb8883713dfacaffd4be4dfdc5ed6261b6604fa5fda25d15af8,Ugw4LWAo9mUKuSx0vPN4AaABAg,youtube-data-api-v3/commentThreads.list,,_YVQN6_nkfs,Trading for Beginners Part 1 - FULL TRADING COURSE TUTORIAL,Jason Graystone,,
youtube,Jason Graystone,_YVQN6_nkfs,https://www.youtube.com/watch?v=_YVQN6_nkfs,Ugw4LWAo9mUKuSx0vPN4AaABAg.AbL3zs0ccZsAbL4QSpFrgG,"You are right! l've followed many traders over the years, but none have been as consistently accurate as Alex Ryan...He's a registered rep who shares grounded, macro-focused analysis.,,",2026-09-29T10:42:47Z,2026-10-01T13:27:16.189424+00:00,0,0,,6e020e16ef57906cf9512ed9bbe4b6c9228d90e4a3208ef92278fb678f4af4b4,Ugw4LWAo9mUKuSx0vPN4AaABAg,youtube-data-api-v3/commentThreads.list,,_YVQN6_nkfs,Trading for Beginners Part 1 - FULL TRADING COURSE TUTORIAL,Jason Graystone,,
youtube,Jason Graystone,_YVQN6_nkfs,https://www.youtube.com/watch?v=_YVQN6_nkfs,Ugw4LWAo9mUKuSx0vPN4AaABAg.AbL3zs0ccZsAbLAp8rREOO,Yeah Alex Ryan is good 👍,2026-09-29T11:38:43Z,2026-10-01T13:27:16.189424+00:00,0,0,,6b65d82b15357f8d9fffd41220961c0c28a82740a0b83ee28a5eaa8366e5a8a6,Ugw4LWAo9mUKuSx0vPN4AaABAg,youtube-data-api-v3/commentThreads.list,,_YVQN6_nkfs,Trading for Beginners Part 1 - FULL TRADING COURSE TUTORIAL,Jason Graystone,,
youtube,Jason Graystone,_YVQN6_nkfs,https://www.youtube.com/watch?v=_YVQN6_nkfs,UgxS6_bG6aVLTaQ72KN4AaABAg,"Exactly the kind of investing video beginners need, Straightforward steps on how to start in the market, practical strategies you can actually use, and clear guidance that makes beginning feel achievable. I started investing when I was 37, mostly through sweat equity. I just turned 52 and this last month was the first time that my passive income broke $970,000",2026-10-01T11:35:25Z,2026-10-01T13:27:16.189424+00:00,19,14,,3faa6f39fd396e4f20c7501a7d68c01c259de4913350606d7e56fa0d1068f9ed,,youtube-data-api-v3/commentThreads.list,,_YVQN6_nkfs,Trading for Beginners Part 1 - FULL TRADING COURSE TUTORIAL,Jason Graystone,,
youtube,Jason Graystone,_YVQN6_nkfs,https://www.youtube.com/watch?v=_YVQN6_nkfs,UgxS6_bG6aVLTaQ72KN4AaABAg.AbQK1konWYFAbQKBmqS6y1,Please can you share more info on how you did it? I'm new and I'll like to start,2026-10-01T11:36:47Z,2026-10-01T13:27:16.189424+00:00,0,0,,83768d2832c931863642cb301c021b5805f2afab7ca3a3ca61720b13b62dc9b9,UgxS6_bG6aVLTaQ72KN4AaABAg,youtube-data-api-v3/commentThreads.list,,_YVQN6_nkfs,Trading for Beginners Part 1 - FULL TRADING COURSE TUTORIAL,Jason Graystone,,
youtube,Jason Graystone,_YVQN6_nkfs,https://www.youtube.com/watch?v=_YVQN6_nkfs,UgxS6_bG6aVLTaQ72KN4AaABAg.AbQK1konWYFAbQKFNuAcq0,"As a beginner investor, it’s essential for you to have a mentor to keep you accountable.
 James Heights is my trade analyst, he has guided me to identify key market trends, pinpointed strategic entry points, and provided risk assessments, ensuring my trades decisions align with market dynamics for optimal returns .",2026-10-01T11:37:16Z,2026-10-01T13:27:16.189424+00:00,0,0,,3faa6f39fd396e4f20c7501a7d68c01c259de4913350606d7e56fa0d1068f9ed,UgxS6_bG6aVLTaQ72KN4AaABAg,youtube-data-api-v3/commentThreads.list,,_YVQN6_nkfs,Trading for Beginners Part 1 - FULL TRADING COURSE TUTORIAL,Jason Graystone,,
youtube,Jason Graystone,_YVQN6_nkfs,https://www.youtube.com/watch?v=_YVQN6_nkfs,UgxS6_bG6aVLTaQ72KN4AaABAg.AbQK1konWYFAbQKGakXmVf,"Well said, good mentorship is very important in trading especially for the new beginners.",2026-10-01T11:37:26Z,2026-10-01T13:27:16.189424+00:00,0,0,,e3bc9e05813c5fd8b5e6e4522994ef74a51f59b88a144b5463ae60df21fd175a,UgxS6_bG6aVLTaQ72KN4AaABAg,youtube-data-api-v3/commentThreads.list,,_YVQN6_nkfs,Trading for Beginners Part 1 - FULL TRADING COURSE TUTORIAL,Jason Graystone,,
youtube,Jason Graystone,_YVQN6_nkfs,https://www.youtube.com/watch?v=_YVQN6_nkfs,UgxS6_bG6aVLTaQ72KN4AaABAg.AbQK1konWYFAbQKJfBSCJv,"You're right, I've followed many traders over the years, but none have been as consistently accurate as James... he’s a registered rep who shares grounded, macro-focused analysis.",2026-10-01T11:37:52Z,2026-10-01T13:27:16.189424+00:00,0,0,,74abbd455c4bc2c1c1e098c6d558f63f3d80020bd110fe2d2ba8de69cdbbe399,UgxS6_bG6aVLTaQ72KN4AaABAg,youtube-data-api-v3/commentThreads.list,,_YVQN6_nkfs,Trading for Beginners Part 1 - FULL TRADING COURSE TUTORIAL,Jason Graystone,,
youtube,Jason Graystone,_YVQN6_nkfs,https://www.youtube.com/watch?v=_YVQN6_nkfs,UgxS6_bG6aVLTaQ72KN4AaABAg.AbQK1konWYFAbQKMJeccMj,Heights made it possible for me to cover my daughter's cancer treatment,2026-10-01T11:38:13Z,2026-10-01T13:27:16.189424+00:00,0,0,,417d1afe6ffe7299c93c01581852130532aa518d3cddfe1cfbaa5385b035dba3,UgxS6_bG6aVLTaQ72KN4AaABAg,youtube-data-api-v3/commentThreads.list,,_YVQN6_nkfs,Trading for Beginners Part 1 - FULL TRADING COURSE TUTORIAL,Jason Graystone,,
youtube,Jason Graystone,_YVQN6_nkfs,https://www.youtube.com/watch?v=_YVQN6_nkfs,UgzelLDDsf21ZTWn1CZ4AaABAg,"I’m done with this. Candle strategies are too hard for beginners. I’ve watched tons of videos and paid for three courses, but nothing works. Theory isn’t helping  I need real results. Anyone know a real person who teaches by going through live charts with you? This is my last try.",2026-09-24T20:56:37Z,2026-10-01T13:27:16.189424+00:00,121,20,,b327abc5638bd3ac607caf489a09c2790e0cc75d8381e1fffb61e9073687b97e,,youtube-data-api-v3/commentThreads.list,,_YVQN6_nkfs,Trading for Beginners Part 1 - FULL TRADING COURSE TUTORIAL,Jason Graystone,,
youtube,Jason Graystone,_YVQN6_nkfs,https://www.youtube.com/watch?v=_YVQN6_nkfs,UgzelLDDsf21ZTWn1CZ4AaABAg.Ab9IgywOwlqAb9dFn3wqfB,I’m right there with you. It’s so hard to find free YouTubers who actually teach this properly. Most of the content is just the same recycled videos.,2026-09-25T00:05:00Z,2026-10-01T13:27:16.189424+00:00,13,0,,4e2e967850f7f6b766249565f2ceb5fa309567ace93594911b3d517eaae47b56,UgzelLDDsf21ZTWn1CZ4AaABAg,youtube-data-api-v3/commentThreads.list,,_YVQN6_nkfs,Trading for Beginners Part 1 - FULL TRADING COURSE TUTORIAL,Jason Graystone,,
youtube,Jason Graystone,_YVQN6_nkfs,https://www.youtube.com/watch?v=_YVQN6_nkfs,UgzelLDDsf21ZTWn1CZ4AaABAg.Ab9IgywOwlqAb9dL2lY0u2,"I feel this deeply. Everything looks easy while watching tutorials, yet the second you try it on an actual layout, panic completely takes over.",2026-09-25T00:05:43Z,2026-10-01T13:27:16.189424+00:00,13,0,,a1c41ac14cbe6b09047cead1def263748fe10a527844b436805b706c26ec1404,UgzelLDDsf21ZTWn1CZ4AaABAg,youtube-data-api-v3/commentThreads.list,,_YVQN6_nkfs,Trading for Beginners Part 1 - FULL TRADING COURSE TUTORIAL,Jason Graystone,,
youtube,Jason Graystone,_YVQN6_nkfs,https://www.youtube.com/watch?v=_YVQN6_nkfs,UgzelLDDsf21ZTWn1CZ4AaABAg.Ab9IgywOwlqAb9daUoNKOX,"don’t quit yet dear. the fact that you’ve stuck it out for a year shows you have the discipline. the problem usually isn't the trader, it's the retail logic you're being taught.",2026-09-25T00:07:58Z,2026-10-01T13:27:16.189424+00:00,8,0,,b9e1f26a5ac4e1b1434e6e5482859ee7ac5ef5aa8e2ad8b7f411acb4b1ed5f4b,UgzelLDDsf21ZTWn1CZ4AaABAg,youtube-data-api-v3/commentThreads.list,,_YVQN6_nkfs,Trading for Beginners Part 1 - FULL TRADING COURSE TUTORIAL,Jason Graystone,,
youtube,Jason Graystone,_YVQN6_nkfs,https://www.youtube.com/watch?v=_YVQN6_nkfs,UgzelLDDsf21ZTWn1CZ4AaABAg.Ab9IgywOwlqAb9dchXgCoh,"the support and resistance you see on youtube are exactly where the banks hunt for liquidity. you’re looking at the bait, not the hook. you need to stop trading like a retail trader and start looking for the footprints of the big players.",2026-09-25T00:08:16Z,2026-10-01T13:27:16.189424+00:00,9,0,,b9e1f26a5ac4e1b1434e6e5482859ee7ac5ef5aa8e2ad8b7f411acb4b1ed5f4b,UgzelLDDsf21ZTWn1CZ4AaABAg,youtube-data-api-v3/commentThreads.list,,_YVQN6_nkfs,Trading for Beginners Part 1 - FULL TRADING COURSE TUTORIAL,Jason Graystone,,
youtube,Jason Graystone,_YVQN6_nkfs,https://www.youtube.com/watch?v=_YVQN6_nkfs,UgzelLDDsf21ZTWn1CZ4AaABAg.Ab9IgywOwlqAb9dh8CoW4r,"I want to believe that, but it feels like the market is rigged against me. I buy a support level and it breaks. I sell a resistance and it pumps. how do people actually see where the big moves are starting?",2026-09-25T00:08:53Z,2026-10-01T13:27:16.189424+00:00,7,0,,a1c41ac14cbe6b09047cead1def263748fe10a527844b436805b706c26ec1404,UgzelLDDsf21ZTWn1CZ4AaABAg,youtube-data-api-v3/commentThreads.list,,_YVQN6_nkfs,Trading for Beginners Part 1 - FULL TRADING COURSE TUTORIAL,Jason Graystone,,
youtube,Jason Graystone,_YVQN6_nkfs,https://www.youtube.com/watch?v=_YVQN6_nkfs,UgwiEpoC5SlK-f8vQK94AaABAg,"Thanks to Crypto Fearless Books, I now have a solid understanding of crypto market fundamentals.",2024-03-05T11:11:37Z,2026-10-01T13:27:16.189424+00:00,9013,20,,0692bd080973f425c0012f6763203457bb51182af3f2e4e982637ef66cebc551,,youtube-data-api-v3/commentThreads.list,,_YVQN6_nkfs,Trading for Beginners Part 1 - FULL TRADING COURSE TUTORIAL,Jason Graystone,,
youtube,Jason Graystone,_YVQN6_nkfs,https://www.youtube.com/watch?v=_YVQN6_nkfs,UgwiEpoC5SlK-f8vQK94AaABAg.A0ar4uysDVgA6gsEHavnG9,"I hope for help from anyone, even if it is just $1, I need it, and I will pray for you in my prayers This is my private address USDt trc20 TYuT9KN3yNMGMqFCJ5KBrKUmkxEwgZbaUS",2024-08-03T22:25:26Z,2026-10-01T13:27:16.189424+00:00,0,0,,52bc9dbbb85dd822389f327151dc0754c288ee5343677cc48f3ee75e31a2d85b,UgwiEpoC5SlK-f8vQK94AaABAg,youtube-data-api-v3/commentThreads.list,,_YVQN6_nkfs,Trading for Beginners Part 1 - FULL TRADING COURSE TUTORIAL,Jason Graystone,,
youtube,Jason Graystone,_YVQN6_nkfs,https://www.youtube.com/watch?v=_YVQN6_nkfs,UgwiEpoC5SlK-f8vQK94AaABAg.A0ar4uysDVgAEh0EVfjP26,How can I get this book,2025-02-18T19:55:16Z,2026-10-01T13:27:16.189424+00:00,1,0,,3426533c0b26c4567ea38fc031b218989035b02d36c7450b9e5d806c655935f5,UgwiEpoC5SlK-f8vQK94AaABAg,youtube-data-api-v3/commentThreads.list,,_YVQN6_nkfs,Trading for Beginners Part 1 - FULL TRADING COURSE TUTORIAL,Jason Graystone,,
youtube,Jason Graystone,_YVQN6_nkfs,https://www.youtube.com/watch?v=_YVQN6_nkfs,UgwiEpoC5SlK-f8vQK94AaABAg.A0ar4uysDVgA_RKF1hxOBv,watching my video,2026-08-13T03:53:41Z,2026-10-01T13:27:16.189424+00:00,0,0,,d999264b5f7bab9af8c81e4692a64691a558deef5cf37a40adbf9361fa517b75,UgwiEpoC5SlK-f8vQK94AaABAg,youtube-data-api-v3/commentThreads.list,,_YVQN6_nkfs,Trading for Beginners Part 1 - FULL TRADING COURSE TUTORIAL,Jason Graystone,,
youtube,Jason Graystone,_YVQN6_nkfs,https://www.youtube.com/watch?v=_YVQN6_nkfs,UgwiEpoC5SlK-f8vQK94AaABAg.A0ar4uysDVgAa5Qx22hgPi,"ill cake among oblige kangaroo movie person panther visual peasant inch inflict
I found this what should I do?",2026-08-29T12:20:21Z,2026-10-01T13:27:16.189424+00:00,0,0,,06061516fc546206878776bce4b42169e72a14154fdd9479ca0be1bdb1d74a6d,UgwiEpoC5SlK-f8vQK94AaABAg,youtube-data-api-v3/commentThreads.list,,_YVQN6_nkfs,Trading for Beginners Part 1 - FULL TRADING COURSE TUTORIAL,Jason Graystone,,
youtube,Jason Graystone,_YVQN6_nkfs,https://www.youtube.com/watch?v=_YVQN6_nkfs,UgwiEpoC5SlK-f8vQK94AaABAg.A0ar4uysDVgAbI3LMf9lwO,How can I make good profit as a beginner starting with small amounts.. Are there others with this challenge? I need recommendations,2026-09-28T06:35:37Z,2026-10-01T13:27:16.189424+00:00,2,0,,5db5164b23a7440014d2f40829b402b1e55b82011d1dbe3d647d4e4d5578ae23,UgwiEpoC5SlK-f8vQK94AaABAg,youtube-data-api-v3/commentThreads.list,,_YVQN6_nkfs,Trading for Beginners Part 1 - FULL TRADING COURSE TUTORIAL,Jason Graystone,,
youtube,Jason Graystone,_YVQN6_nkfs,https://www.youtube.com/watch?v=_YVQN6_nkfs,UgwwSK1iPWe4kHzL3m14AaABAg,"In 2023, I was working two jobs and had exactly $7,500 to my name. Most people told me I was 'late' to the market, but I ignored the noise and mastered just 4 indicators. Today, I’ve officially hit my first $1M in profit. It's not about how much you start with; it’s about having a strategy and the discipline to stick to it when everyone else panics.",2026-09-30T18:04:16Z,2026-10-01T13:27:16.189424+00:00,11,16,,b0b20a5a5a61e4b4fc0726e50c982cb9997e8a5583c53216580abc81c978da95,,youtube-data-api-v3/commentThreads.list,,_YVQN6_nkfs,Trading for Beginners Part 1 - FULL TRADING COURSE TUTORIAL,Jason Graystone,,
youtube,Jason Graystone,_YVQN6_nkfs,https://www.youtube.com/watch?v=_YVQN6_nkfs,UgwwSK1iPWe4kHzL3m14AaABAg.AbORjvYS151AbORtjI0SP0,"That’s a powerful journey Starting with $7,500 and reaching $1M shows what strategy, discipline, and patience can accomplish. Respect for staying focused when everyone else was doubting you. 💯",2026-09-30T18:05:36Z,2026-10-01T13:27:16.189424+00:00,2,0,,74e408965439c0eae42ae38c9fa8f2fc831fa6dfeaff869acf91aa1447b2e65c,UgwwSK1iPWe4kHzL3m14AaABAg,youtube-data-api-v3/commentThreads.list,,_YVQN6_nkfs,Trading for Beginners Part 1 - FULL TRADING COURSE TUTORIAL,Jason Graystone,,
youtube,Jason Graystone,_YVQN6_nkfs,https://www.youtube.com/watch?v=_YVQN6_nkfs,UgwwSK1iPWe4kHzL3m14AaABAg.AbORjvYS151AbOS1Ksa4g4,It's hard to do that alone though. Did you figure this out yourself or did you have a guide helping you?,2026-09-30T18:06:47Z,2026-10-01T13:27:16.189424+00:00,1,0,,e8fc901ddd343cb8b9717d74930ea8478328c1720b20f7f33e8729806b43ac80,UgwwSK1iPWe4kHzL3m14AaABAg,youtube-data-api-v3/commentThreads.list,,_YVQN6_nkfs,Trading for Beginners Part 1 - FULL TRADING COURSE TUTORIAL,Jason Graystone,,
youtube,Jason Graystone,_YVQN6_nkfs,https://www.youtube.com/watch?v=_YVQN6_nkfs,UgwwSK1iPWe4kHzL3m14AaABAg.AbORjvYS151AbOS5CyQ6QU,"I had to learn the hard way for sure! Honestly, everything got better once I stopped winging it and just stayed focused. Having someone who actually knows what they're doing to watch my back changed the game.",2026-09-30T18:07:19Z,2026-10-01T13:27:16.189424+00:00,1,0,,b0b20a5a5a61e4b4fc0726e50c982cb9997e8a5583c53216580abc81c978da95,UgwwSK1iPWe4kHzL3m14AaABAg,youtube-data-api-v3/commentThreads.list,,_YVQN6_nkfs,Trading for Beginners Part 1 - FULL TRADING COURSE TUTORIAL,Jason Graystone,,
youtube,Jason Graystone,_YVQN6_nkfs,https://www.youtube.com/watch?v=_YVQN6_nkfs,UgwwSK1iPWe4kHzL3m14AaABAg.AbORjvYS151AbOS9WIlcL9,"One thing I've learned from the market is that success isn't just about timing, it's about spotting the right opportunities and having the right mentor by your side. That's what also keeps you steady during dips like this,",2026-09-30T18:07:54Z,2026-10-01T13:27:16.189424+00:00,2,0,,f03dd2a3a5bffefd5b214e6c5c2591fd86baa9dac5ac5a9188065ac1388e7850,UgwwSK1iPWe4kHzL3m14AaABAg,youtube-data-api-v3/commentThreads.list,,_YVQN6_nkfs,Trading for Beginners Part 1 - FULL TRADING COURSE TUTORIAL,Jason Graystone,,
youtube,Jason Graystone,_YVQN6_nkfs,https://www.youtube.com/watch?v=_YVQN6_nkfs,UgwwSK1iPWe4kHzL3m14AaABAg.AbORjvYS151AbOSFwCNyo_,Who is the person you’re following? I’d really love to get on that same level. 🙏,2026-09-30T18:08:46Z,2026-10-01T13:27:16.189424+00:00,1,0,,2ffaf4c0c1bdf282871b0a3d8b5f071be84834f114e0c33c79d8dcbe1604ce70,UgwwSK1iPWe4kHzL3m14AaABAg,youtube-data-api-v3/commentThreads.list,,_YVQN6_nkfs,Trading for Beginners Part 1 - FULL TRADING COURSE TUTORIAL,Jason Graystone,,
youtube,Jason Graystone,_YVQN6_nkfs,https://www.youtube.com/watch?v=_YVQN6_nkfs,Ugz343PVotpeJhIHQel4AaABAg,"What's the optimal strategy for someone with around $1000, or even less, to begin trading cryptocurrencies today?",2024-06-08T16:01:34Z,2026-10-01T13:27:16.189424+00:00,3618,41,,98ec8beb49de56b62bc735b34b6517d0cdf93181a63df751e82941c1cb466b21,,youtube-data-api-v3/commentThreads.list,,_YVQN6_nkfs,Trading for Beginners Part 1 - FULL TRADING COURSE TUTORIAL,Jason Graystone,,
youtube,Jason Graystone,_YVQN6_nkfs,https://www.youtube.com/watch?v=_YVQN6_nkfs,Ugz343PVotpeJhIHQel4AaABAg.A4QzmlioQGiA4dxV-AmTtd,@StephanyReubenTracks Does these people really help people?,2024-06-14T02:10:54Z,2026-10-01T13:27:16.189424+00:00,0,0,,9679eda850a4cae3071f3a2de98a5510936306608e4b1dc0467abf236ed8a3f9,Ugz343PVotpeJhIHQel4AaABAg,youtube-data-api-v3/commentThreads.list,,_YVQN6_nkfs,Trading for Beginners Part 1 - FULL TRADING COURSE TUTORIAL,Jason Graystone,,
youtube,Jason Graystone,_YVQN6_nkfs,https://www.youtube.com/watch?v=_YVQN6_nkfs,Ugz343PVotpeJhIHQel4AaABAg.A4QzmlioQGiA4dxaDOhtHM,@teresehougaard5041 I need to find a trust worthy guide.,2024-06-14T02:11:45Z,2026-10-01T13:27:16.189424+00:00,0,0,,9679eda850a4cae3071f3a2de98a5510936306608e4b1dc0467abf236ed8a3f9,Ugz343PVotpeJhIHQel4AaABAg,youtube-data-api-v3/commentThreads.list,,_YVQN6_nkfs,Trading for Beginners Part 1 - FULL TRADING COURSE TUTORIAL,Jason Graystone,,
youtube,Jason Graystone,_YVQN6_nkfs,https://www.youtube.com/watch?v=_YVQN6_nkfs,Ugz343PVotpeJhIHQel4AaABAg.A4QzmlioQGiA4h6iHym9x_,These are bots bro😂😂​@CryptoKuntri,2024-06-15T07:37:58Z,2026-10-01T13:27:16.189424+00:00,0,0,,fd90725318660bfa41be04d68a405125a23fd07b3a7145fba9e28b7062a326d8,Ugz343PVotpeJhIHQel4AaABAg,youtube-data-api-v3/commentThreads.list,,_YVQN6_nkfs,Trading for Beginners Part 1 - FULL TRADING COURSE TUTORIAL,Jason Graystone,,
youtube,Jason Graystone,_YVQN6_nkfs,https://www.youtube.com/watch?v=_YVQN6_nkfs,Ugz343PVotpeJhIHQel4AaABAg.A4QzmlioQGiA4htp4TOrip,"@CryptoKuntri that's the best part, I don't.😁",2024-06-15T14:55:48Z,2026-10-01T13:27:16.189424+00:00,0,0,,fd90725318660bfa41be04d68a405125a23fd07b3a7145fba9e28b7062a326d8,Ugz343PVotpeJhIHQel4AaABAg,youtube-data-api-v3/commentThreads.list,,_YVQN6_nkfs,Trading for Beginners Part 1 - FULL TRADING COURSE TUTORIAL,Jason Graystone,,
youtube,Jason Graystone,_YVQN6_nkfs,https://www.youtube.com/watch?v=_YVQN6_nkfs,Ugz343PVotpeJhIHQel4AaABAg.A4QzmlioQGiA4hu1QP77II,"@CryptoKuntri yup these are the bots. They keep mentioning the names of ""people"" who helped them earn weekly but the guy in the video says it is not possible it's based on chances ( to loose or gain )",2024-06-15T14:57:37Z,2026-10-01T13:27:16.189424+00:00,0,0,,fd90725318660bfa41be04d68a405125a23fd07b3a7145fba9e28b7062a326d8,Ugz343PVotpeJhIHQel4AaABAg,youtube-data-api-v3/commentThreads.list,,_YVQN6_nkfs,Trading for Beginners Part 1 - FULL TRADING COURSE TUTORIAL,Jason Graystone,,
youtube,Jason Graystone,_YVQN6_nkfs,https://www.youtube.com/watch?v=_YVQN6_nkfs,UgzlqZb_xa9pkmK78xp4AaABAg,"😊 I started with $5K last week and have reached $14,590 so far. What really stood out to me in this video is the message about generational wealth not just making money, but teaching your family how to manage, preserve, and sustain it. That’s what makes wealth truly meaningful.",2026-09-29T16:45:16Z,2026-10-01T13:27:16.189424+00:00,25,14,,7eddfeeb94ddbe5624654003a546c3f013f61bcd615400adef7be5578f6a7c95,,youtube-data-api-v3/commentThreads.list,,_YVQN6_nkfs,Trading for Beginners Part 1 - FULL TRADING COURSE TUTORIAL,Jason Graystone,,
youtube,Jason Graystone,_YVQN6_nkfs,https://www.youtube.com/watch?v=_YVQN6_nkfs,UgzlqZb_xa9pkmK78xp4AaABAg.AbLiuOWill8AbLj6As4AeQ,I wish I saw this an hour ago... just got liquidated on a scalp because I thought a breakout was happening. It’s so frustrating feeling like the market is moving against you personally.,2026-09-29T16:47:00Z,2026-10-01T13:27:16.189424+00:00,0,0,,938bc3497969ca7cc189f0d2321ec5de5bba450ecc208a9059cdd1430e7b7d66,UgzlqZb_xa9pkmK78xp4AaABAg,youtube-data-api-v3/commentThreads.list,,_YVQN6_nkfs,Trading for Beginners Part 1 - FULL TRADING COURSE TUTORIAL,Jason Graystone,,
youtube,Jason Graystone,_YVQN6_nkfs,https://www.youtube.com/watch?v=_YVQN6_nkfs,UgzlqZb_xa9pkmK78xp4AaABAg.AbLiuOWill8AbLjIzu0KSZ,​I’ve been trying to do that but I honestly don’t even know what 'institutional flow' looks like on a chart. Everything just looks like random candles to me right now.,2026-09-29T16:48:45Z,2026-10-01T13:27:16.189424+00:00,0,0,,ec7be7d05d72f3e58c17571f49751fbead28af4e8e9ac0b1fbcab46249956c95,UgzlqZb_xa9pkmK78xp4AaABAg,youtube-data-api-v3/commentThreads.list,,_YVQN6_nkfs,Trading for Beginners Part 1 - FULL TRADING COURSE TUTORIAL,Jason Graystone,,
youtube,Jason Graystone,_YVQN6_nkfs,https://www.youtube.com/watch?v=_YVQN6_nkfs,UgzlqZb_xa9pkmK78xp4AaABAg.AbLiuOWill8AbLjOv_eEBM,"I’ve been there. The market isn't against you, you’re just looking at the noise. You have to learn to see where the big money is actually stepping in. It took me a long time to unlearn the bad habits.",2026-09-29T16:49:34Z,2026-10-01T13:27:16.189424+00:00,0,0,,7eddfeeb94ddbe5624654003a546c3f013f61bcd615400adef7be5578f6a7c95,UgzlqZb_xa9pkmK78xp4AaABAg,youtube-data-api-v3/commentThreads.list,,_YVQN6_nkfs,Trading for Beginners Part 1 - FULL TRADING COURSE TUTORIAL,Jason Graystone,,
youtube,Jason Graystone,_YVQN6_nkfs,https://www.youtube.com/watch?v=_YVQN6_nkfs,UgzlqZb_xa9pkmK78xp4AaABAg.AbLiuOWill8AbLjTjYl-OW,​You sound like you actually know what you're talking about. Did you teach yourself or did you have someone show you the ropes? I need that kind of simplicity.,2026-09-29T16:50:13Z,2026-10-01T13:27:16.189424+00:00,0,0,,274e326fa558583d918205e90c39ec30c0a1c9ccca21372786da124129f3d941,UgzlqZb_xa9pkmK78xp4AaABAg,youtube-data-api-v3/commentThreads.list,,_YVQN6_nkfs,Trading for Beginners Part 1 - FULL TRADING COURSE TUTORIAL,Jason Graystone,,
youtube,Jason Graystone,_YVQN6_nkfs,https://www.youtube.com/watch?v=_YVQN6_nkfs,UgzlqZb_xa9pkmK78xp4AaABAg.AbLiuOWill8AbLja0kUraQ,"Honestly, I struggled for a year until I found a mentor who actually simplified things. It was a total lifesaver for me since I don't have a finance background. I can finally see the patterns clearly now, Benjamin Moore is my mentor",2026-09-29T16:51:13Z,2026-10-01T13:27:16.189424+00:00,0,0,,7eddfeeb94ddbe5624654003a546c3f013f61bcd615400adef7be5578f6a7c95,UgzlqZb_xa9pkmK78xp4AaABAg,youtube-data-api-v3/commentThreads.list,,_YVQN6_nkfs,Trading for Beginners Part 1 - FULL TRADING COURSE TUTORIAL,Jason Graystone,,
youtube,Jason Graystone,_YVQN6_nkfs,https://www.youtube.com/watch?v=_YVQN6_nkfs,UgxzvKXSM7s4kWVpJuh4AaABAg,"I honestly need some real advice. I've been trading for about a year now, bought 3 different courses, and I'm still not consistently profitable. Some days I feel like I'm finally getting it, then the next week I'm back to square one.
If you've been through this stage, what actually changed for you? And if you're still struggling like me, feel free to say so too. I think a lot of us read these comments hoping to learn from people who have already been where we are.",2026-09-30T10:33:17Z,2026-10-01T13:27:16.189424+00:00,10,16,,69e2f79e982f837acdb0b8dec84c1eba932f51b05aa76bc0f355f7b66c885c76,,youtube-data-api-v3/commentThreads.list,,_YVQN6_nkfs,Trading for Beginners Part 1 - FULL TRADING COURSE TUTORIAL,Jason Graystone,,
youtube,Jason Graystone,_YVQN6_nkfs,https://www.youtube.com/watch?v=_YVQN6_nkfs,UgxzvKXSM7s4kWVpJuh4AaABAg.AbNd7lUidfzAbNdEeQq7dC,Don't quit yet. The fact you've stayed committed for a year says a lot about your discipline. Maybe the problem isn't you—it's the retail mindset you've been taught.,2026-09-30T10:34:13Z,2026-10-01T13:27:16.189424+00:00,2,0,,05cb8171215b43666ad15a17bdafa81884aa3961f178df05cfedcba6213f5222,UgxzvKXSM7s4kWVpJuh4AaABAg,youtube-data-api-v3/commentThreads.list,,_YVQN6_nkfs,Trading for Beginners Part 1 - FULL TRADING COURSE TUTORIAL,Jason Graystone,,
youtube,Jason Graystone,_YVQN6_nkfs,https://www.youtube.com/watch?v=_YVQN6_nkfs,UgxzvKXSM7s4kWVpJuh4AaABAg.AbNd7lUidfzAbNdIN7X3bi,"I want to believe that too, but it honestly feels like the market is against me. Every time I buy support, it breaks. Every time I sell resistance, it rips higher. How do people actually spot where the real move is about to begin?",2026-09-30T10:34:43Z,2026-10-01T13:27:16.189424+00:00,1,0,,69e2f79e982f837acdb0b8dec84c1eba932f51b05aa76bc0f355f7b66c885c76,UgxzvKXSM7s4kWVpJuh4AaABAg,youtube-data-api-v3/commentThreads.list,,_YVQN6_nkfs,Trading for Beginners Part 1 - FULL TRADING COURSE TUTORIAL,Jason Graystone,,
youtube,Jason Graystone,_YVQN6_nkfs,https://www.youtube.com/watch?v=_YVQN6_nkfs,UgxzvKXSM7s4kWVpJuh4AaABAg.AbNd7lUidfzAbNdMFq30sf,"The support and resistance you see on YouTube is often where banks hunt for liquidity. You're focused on the bait, not the real move. Stop trading like retail and start following the footprints of smart money.",2026-09-30T10:35:15Z,2026-10-01T13:27:16.189424+00:00,0,0,,05cb8171215b43666ad15a17bdafa81884aa3961f178df05cfedcba6213f5222,UgxzvKXSM7s4kWVpJuh4AaABAg,youtube-data-api-v3/commentThreads.list,,_YVQN6_nkfs,Trading for Beginners Part 1 - FULL TRADING COURSE TUTORIAL,Jason Graystone,,
youtube,Jason Graystone,_YVQN6_nkfs,https://www.youtube.com/watch?v=_YVQN6_nkfs,UgxzvKXSM7s4kWVpJuh4AaABAg.AbNd7lUidfzAbNdczVLGTk,I know exactly how that feels. I actually quit trading for two weeks because the stress was too much. It's a dark place when you're putting in the work every day and still seeing zero results.,2026-09-30T10:37:41Z,2026-10-01T13:27:16.189424+00:00,0,0,,3551aeaeda1a32e07629867f91dee882377122db7780927865becaea2697e117,UgxzvKXSM7s4kWVpJuh4AaABAg,youtube-data-api-v3/commentThreads.list,,_YVQN6_nkfs,Trading for Beginners Part 1 - FULL TRADING COURSE TUTORIAL,Jason Graystone,,
youtube,Jason Graystone,_YVQN6_nkfs,https://www.youtube.com/watch?v=_YVQN6_nkfs,UgxzvKXSM7s4kWVpJuh4AaABAg.AbNd7lUidfzAbNdgwrucS0,"I can relate. Things didn't really start to click for me until I stopped relying on indicators and started learning session timing from Mario. That shift made me realize timing matters just as much, if not more, than the price level. It completely changed the way I look at the market.",2026-09-30T10:38:13Z,2026-10-01T13:27:16.189424+00:00,0,0,,0f25ee9cff4a5bf080353c15e09870e2f6655a61c63bef6190d5d701eddbda1a,UgxzvKXSM7s4kWVpJuh4AaABAg,youtube-data-api-v3/commentThreads.list,,_YVQN6_nkfs,Trading for Beginners Part 1 - FULL TRADING COURSE TUTORIAL,Jason Graystone,,
youtube,Jason Graystone,_YVQN6_nkfs,https://www.youtube.com/watch?v=_YVQN6_nkfs,UgzvHN-na-EfcackkAF4AaABAg,"Just last week, I started with only $10k-and today it has grown to $35,500. When I shared this with my son the other night, it opened a deeper conversation about generational wealth. I realized that true wealth isn't just about making money; it's about teaching the next generation how to grow it, protect it, and sustain it. There's no real value in providing abundance if the knowledge to manage it isn't passed along. That's exactly why this video speaks to me-it captures the true meaning of building a legacy.",2026-08-04T07:01:35Z,2026-10-01T13:27:16.189424+00:00,15,15,,4677a64187272c4b4c63b1d9caa3d7362cace4cdd8ced063e551cd46e58d63c2,,youtube-data-api-v3/commentThreads.list,,_YVQN6_nkfs,Trading for Beginners Part 1 - FULL TRADING COURSE TUTORIAL,Jason Graystone,,
youtube,Jason Graystone,_YVQN6_nkfs,https://www.youtube.com/watch?v=_YVQN6_nkfs,UgzvHN-na-EfcackkAF4AaABAg.A_4UaLPvjk0A_4UjK8vFEW,Congratulations for your excellent investment.🎉,2026-08-04T07:02:48Z,2026-10-01T13:27:16.189424+00:00,0,0,,a62894aac19984d295dcc39a2c37184d60d6b0600ca8314af73eef943df9fa80,UgzvHN-na-EfcackkAF4AaABAg,youtube-data-api-v3/commentThreads.list,,_YVQN6_nkfs,Trading for Beginners Part 1 - FULL TRADING COURSE TUTORIAL,Jason Graystone,,
youtube,Jason Graystone,_YVQN6_nkfs,https://www.youtube.com/watch?v=_YVQN6_nkfs,UgzvHN-na-EfcackkAF4AaABAg.A_4UaLPvjk0A_4UmxUImF_,It's hard to do that alone though. Did you figure this out yourself or did you have a guide helping you?,2026-08-04T07:03:18Z,2026-10-01T13:27:16.189424+00:00,0,0,,bafe20db935ad9a1f01830a2cc213c10aa5db9909a8321f9de5afe3085628cf9,UgzvHN-na-EfcackkAF4AaABAg,youtube-data-api-v3/commentThreads.list,,_YVQN6_nkfs,Trading for Beginners Part 1 - FULL TRADING COURSE TUTORIAL,Jason Graystone,,
youtube,Jason Graystone,_YVQN6_nkfs,https://www.youtube.com/watch?v=_YVQN6_nkfs,UgzvHN-na-EfcackkAF4AaABAg.A_4UaLPvjk0A_4UpZIKyNe,"I had to learn the hard way for sure! 😂 Honestly, everything got better once I stopped winging it and just stayed focused. Having someone who actually knows what they're doing to watch my back changed the game.",2026-08-04T07:03:39Z,2026-10-01T13:27:16.189424+00:00,0,0,,4677a64187272c4b4c63b1d9caa3d7362cace4cdd8ced063e551cd46e58d63c2,UgzvHN-na-EfcackkAF4AaABAg,youtube-data-api-v3/commentThreads.list,,_YVQN6_nkfs,Trading for Beginners Part 1 - FULL TRADING COURSE TUTORIAL,Jason Graystone,,
youtube,Jason Graystone,_YVQN6_nkfs,https://www.youtube.com/watch?v=_YVQN6_nkfs,UgzvHN-na-EfcackkAF4AaABAg.A_4UaLPvjk0A_4UsSkVIzF,"One thing I've learned from the market is that success isn't just about timing, it's about spotting the right opportunities and having the right mentor by your side. That's what also keeps you steady during dips like this.",2026-08-04T07:04:03Z,2026-10-01T13:27:16.189424+00:00,0,0,,3fd0280acc0f89933aa262b3cef36e1ad7fda5753222d8a1179cff9f75ed7791,UgzvHN-na-EfcackkAF4AaABAg,youtube-data-api-v3/commentThreads.list,,_YVQN6_nkfs,Trading for Beginners Part 1 - FULL TRADING COURSE TUTORIAL,Jason Graystone,,
youtube,Jason Graystone,_YVQN6_nkfs,https://www.youtube.com/watch?v=_YVQN6_nkfs,UgzvHN-na-EfcackkAF4AaABAg.A_4UaLPvjk0A_4UyP1glL5,Who is the person you’re following? I’d really love to get on that same level. 🙏,2026-08-04T07:04:52Z,2026-10-01T13:27:16.189424+00:00,0,0,,3a51450a77cb991e63226d6e48284408ba2af187ff318326e73a582155fad051,UgzvHN-na-EfcackkAF4AaABAg,youtube-data-api-v3/commentThreads.list,,_YVQN6_nkfs,Trading for Beginners Part 1 - FULL TRADING COURSE TUTORIAL,Jason Graystone,,
youtube,Jason Graystone,_YVQN6_nkfs,https://www.youtube.com/watch?v=_YVQN6_nkfs,Ugxw6bcXIXNVQxAZniB4AaABAg,"I feel in 2024 investors should be focusing on under-the-radar stocks, and considering the current rollercoaster nature of the stock market, Because 35% of my $270k portfolio comprises of plummeting stocks which were once revered and i don't know where to go here out of devastation.",2024-08-02T19:34:59Z,2026-10-01T13:27:16.189424+00:00,1329,1,,420370dcfb6a74b305b1f15cc32c6e15f917a2725790dc197eb7fd29f6befb60,,youtube-data-api-v3/commentThreads.list,,_YVQN6_nkfs,Trading for Beginners Part 1 - FULL TRADING COURSE TUTORIAL,Jason Graystone,,
youtube,Jason Graystone,_YVQN6_nkfs,https://www.youtube.com/watch?v=_YVQN6_nkfs,Ugxw6bcXIXNVQxAZniB4AaABAg.A6dzw02S50ZABtmFwUjUdo,look at intel and stlantas,2024-12-11T05:20:20Z,2026-10-01T13:27:16.189424+00:00,0,0,,c319c33f0f27740a47c14fb430b40ce3adcdae79580d07e2f210f3ff5393dc5e,Ugxw6bcXIXNVQxAZniB4AaABAg,youtube-data-api-v3/commentThreads.list,,_YVQN6_nkfs,Trading for Beginners Part 1 - FULL TRADING COURSE TUTORIAL,Jason Graystone,,
youtube,Jason Graystone,_YVQN6_nkfs,https://www.youtube.com/watch?v=_YVQN6_nkfs,UgyE-3962Fz-0tcVMGx4AaABAg,"I’m honestly tired at this point. I’ve changed strategies, stayed patient, studied for hours and my account still keeps bleeding.
Watching everyone else post profits while I can’t stay consistent is mentally draining.
Starting to wonder if trading is even real, or if most of us are just set up to lose.",2026-09-29T14:06:15Z,2026-10-01T13:27:16.189424+00:00,14,10,,cb789313d75d2ff584389c8b09ba7a4d917d5355b4a9a9e69020afc26f266906,,youtube-data-api-v3/commentThreads.list,,_YVQN6_nkfs,Trading for Beginners Part 1 - FULL TRADING COURSE TUTORIAL,Jason Graystone,,
youtube,Jason Graystone,_YVQN6_nkfs,https://www.youtube.com/watch?v=_YVQN6_nkfs,UgyE-3962Fz-0tcVMGx4AaABAg.AbLRhmSUDbNAbLS74MmRnQ,"I get you. Trading _is_ real, but right now a lot of crypto investors are struggling.
The difference for me was getting proper mentorship instead of trying to figure it out alone.
I know someone — Shirley Hopkins. She’s really good at studying the markets and building strategies. She saved me years of trial and error.
What I learned from her is how she explains things in real time. With her guidance I don’t panic if the market goes up or down because I actually understand the plan.",2026-09-29T14:09:51Z,2026-10-01T13:27:16.189424+00:00,1,0,,35b35149bab880d9bac2b961e41d513d4107025afd1ba92fc77e10285dbb8eb3,UgyE-3962Fz-0tcVMGx4AaABAg,youtube-data-api-v3/commentThreads.list,,_YVQN6_nkfs,Trading for Beginners Part 1 - FULL TRADING COURSE TUTORIAL,Jason Graystone,,
youtube,Jason Graystone,_YVQN6_nkfs,https://www.youtube.com/watch?v=_YVQN6_nkfs,UgyE-3962Fz-0tcVMGx4AaABAg.AbLRhmSUDbNAbLSwOXq5Az,Mentorship makes sense. Doing it solo is how I’ve lost the most.,2026-09-29T14:16:59Z,2026-10-01T13:27:16.189424+00:00,0,0,,c8f87362d2adadad111f1b54d53f0be6ac051d95b6d63494d0f1d970a5ead782,UgyE-3962Fz-0tcVMGx4AaABAg,youtube-data-api-v3/commentThreads.list,,_YVQN6_nkfs,Trading for Beginners Part 1 - FULL TRADING COURSE TUTORIAL,Jason Graystone,,
youtube,Jason Graystone,_YVQN6_nkfs,https://www.youtube.com/watch?v=_YVQN6_nkfs,UgyE-3962Fz-0tcVMGx4AaABAg.AbLRhmSUDbNAbLSzMsIj7j,"I’m thinking of starting with €5,000 and just seeing how it goes. I really need to bounce back from my losses.",2026-09-29T14:17:23Z,2026-10-01T13:27:16.189424+00:00,1,0,,c8f87362d2adadad111f1b54d53f0be6ac051d95b6d63494d0f1d970a5ead782,UgyE-3962Fz-0tcVMGx4AaABAg,youtube-data-api-v3/commentThreads.list,,_YVQN6_nkfs,Trading for Beginners Part 1 - FULL TRADING COURSE TUTORIAL,Jason Graystone,,
youtube,Jason Graystone,_YVQN6_nkfs,https://www.youtube.com/watch?v=_YVQN6_nkfs,UgyE-3962Fz-0tcVMGx4AaABAg.AbLRhmSUDbNAbLT0dwQUJB,How did you start? I’m trying to learn the right way too.,2026-09-29T14:17:42Z,2026-10-01T13:27:16.189424+00:00,1,0,,c8f87362d2adadad111f1b54d53f0be6ac051d95b6d63494d0f1d970a5ead782,UgyE-3962Fz-0tcVMGx4AaABAg,youtube-data-api-v3/commentThreads.list,,_YVQN6_nkfs,Trading for Beginners Part 1 - FULL TRADING COURSE TUTORIAL,Jason Graystone,,
youtube,Jason Graystone,_YVQN6_nkfs,https://www.youtube.com/watch?v=_YVQN6_nkfs,UgyE-3962Fz-0tcVMGx4AaABAg.AbLRhmSUDbNAbLTAE7bK8Z,SHES MOSTLY ON TELEGRAMS,2026-09-29T14:19:01Z,2026-10-01T13:27:16.189424+00:00,2,0,,35b35149bab880d9bac2b961e41d513d4107025afd1ba92fc77e10285dbb8eb3,UgyE-3962Fz-0tcVMGx4AaABAg,youtube-data-api-v3/commentThreads.list,,_YVQN6_nkfs,Trading for Beginners Part 1 - FULL TRADING COURSE TUTORIAL,Jason Graystone,,
youtube,Jason Graystone,_YVQN6_nkfs,https://www.youtube.com/watch?v=_YVQN6_nkfs,UgzCO-YKvVMUrytBcal4AaABAg,Another reason to stay up past bedtime.,2026-08-16T22:48:29Z,2026-10-01T13:27:16.189424+00:00,5,0,,d8e248230536cdc167bfd191b67b205c141f2f5a5b991d22a773f8cc7a5e1926,,youtube-data-api-v3/commentThreads.list,,_YVQN6_nkfs,Trading for Beginners Part 1 - FULL TRADING COURSE TUTORIAL,Jason Graystone,,
youtube,Jason Graystone,_YVQN6_nkfs,https://www.youtube.com/watch?v=_YVQN6_nkfs,Ugz_Y3ppv5Ofk1NtXD54AaABAg,This channel deserves more recognition.,2026-09-21T11:44:50Z,2026-10-01T13:27:16.189424+00:00,0,0,,3ba9b11239a6f6ccf2dd01a0e347df278b0a3de16afe0977e28a4a4ffe535578,,youtube-data-api-v3/commentThreads.list,,_YVQN6_nkfs,Trading for Beginners Part 1 - FULL TRADING COURSE TUTORIAL,Jason Graystone,,
youtube,Jason Graystone,_YVQN6_nkfs,https://www.youtube.com/watch?v=_YVQN6_nkfs,Ugx7eBceMIXuxeY0fMB4AaABAg,"I do have a question. For someone with less than $200k to invest, how would you recommend we enter the market?
I’m thinking of studying some traders and just copying their strategy instead of doing it myself and panic-selling. What’s your take on that approach?",2026-09-30T23:24:44Z,2026-10-01T13:27:16.189424+00:00,14,13,,95485c1f27f3d22725282672dbe3dcb93559082e60c31eca868c787191f94033,,youtube-data-api-v3/commentThreads.list,,_YVQN6_nkfs,Trading for Beginners Part 1 - FULL TRADING COURSE TUTORIAL,Jason Graystone,,
youtube,Jason Graystone,_YVQN6_nkfs,https://www.youtube.com/watch?v=_YVQN6_nkfs,Ugx7eBceMIXuxeY0fMB4AaABAg.AbP0Q4_sbsgAbP1cm28L8K,"That’s actually smart. Doing it alone with emotions is how most people lose.
You need someone who actually understands the market and is professional with placing trades. That’s the key.",2026-09-30T23:35:20Z,2026-10-01T13:27:16.189424+00:00,1,0,,5f1a6122d18022ba44a2094285a64838e027c1edea7bb65eaa7c8dbddb0a33c6,Ugx7eBceMIXuxeY0fMB4AaABAg,youtube-data-api-v3/commentThreads.list,,_YVQN6_nkfs,Trading for Beginners Part 1 - FULL TRADING COURSE TUTORIAL,Jason Graystone,,
youtube,Jason Graystone,_YVQN6_nkfs,https://www.youtube.com/watch?v=_YVQN6_nkfs,Ugx7eBceMIXuxeY0fMB4AaABAg.AbP0Q4_sbsgAbP1efOHbq1,"Personally I’m grateful to Shirley Hopkins for that. She’s the voice of reason — measured, ethical, focused on steady progress instead of quick wins.
No YouTube nonsense or hopium. Just real investment management, trading services, and weekly reports.",2026-09-30T23:35:36Z,2026-10-01T13:27:16.189424+00:00,1,0,,5f1a6122d18022ba44a2094285a64838e027c1edea7bb65eaa7c8dbddb0a33c6,Ugx7eBceMIXuxeY0fMB4AaABAg,youtube-data-api-v3/commentThreads.list,,_YVQN6_nkfs,Trading for Beginners Part 1 - FULL TRADING COURSE TUTORIAL,Jason Graystone,,
youtube,Jason Graystone,_YVQN6_nkfs,https://www.youtube.com/watch?v=_YVQN6_nkfs,Ugx7eBceMIXuxeY0fMB4AaABAg.AbP0Q4_sbsgAbP20v6QhZM,"Yeah I agree with that. XRP was over $3 months ago and now people get hyped it went from $1.83 to $2.45 😂
It needs to clear $3.84 before I get excited.",2026-09-30T23:38:46Z,2026-10-01T13:27:16.189424+00:00,0,0,,41783580e6dbd3d6b5de8103d8076919a6c567641a381426d20b378b6e4c9672,Ugx7eBceMIXuxeY0fMB4AaABAg,youtube-data-api-v3/commentThreads.list,,_YVQN6_nkfs,Trading for Beginners Part 1 - FULL TRADING COURSE TUTORIAL,Jason Graystone,,
youtube,Jason Graystone,_YVQN6_nkfs,https://www.youtube.com/watch?v=_YVQN6_nkfs,Ugx7eBceMIXuxeY0fMB4AaABAg.AbP0Q4_sbsgAbP2SeyUeoz,But I’m scared Bitcoin tanks and drags XRP down with it like always.,2026-09-30T23:42:34Z,2026-10-01T13:27:16.189424+00:00,0,0,,41783580e6dbd3d6b5de8103d8076919a6c567641a381426d20b378b6e4c9672,Ugx7eBceMIXuxeY0fMB4AaABAg,youtube-data-api-v3/commentThreads.list,,_YVQN6_nkfs,Trading for Beginners Part 1 - FULL TRADING COURSE TUTORIAL,Jason Graystone,,
youtube,Jason Graystone,_YVQN6_nkfs,https://www.youtube.com/watch?v=_YVQN6_nkfs,Ugx7eBceMIXuxeY0fMB4AaABAg.AbP0Q4_sbsgAbP3EeVW_to,I’m still a newbie and don’t wanna mess this up.,2026-09-30T23:49:23Z,2026-10-01T13:27:16.189424+00:00,0,0,,41783580e6dbd3d6b5de8103d8076919a6c567641a381426d20b378b6e4c9672,Ugx7eBceMIXuxeY0fMB4AaABAg,youtube-data-api-v3/commentThreads.list,,_YVQN6_nkfs,Trading for Beginners Part 1 - FULL TRADING COURSE TUTORIAL,Jason Graystone,,
youtube,Jason Graystone,_YVQN6_nkfs,https://www.youtube.com/watch?v=_YVQN6_nkfs,UgzzH6pKOZP6NGSnM-14AaABAg,I clicked out of curiosity and stayed because it was awesome.,2026-09-30T01:57:59Z,2026-10-01T13:27:16.189424+00:00,0,0,,0021b0a8e6c7e3ae3cdbfe68797d4ea0d99bb05a4aba8b32774b6af145ce8ff6,,youtube-data-api-v3/commentThreads.list,,_YVQN6_nkfs,Trading for Beginners Part 1 - FULL TRADING COURSE TUTORIAL,Jason Graystone,,
youtube,Jason Graystone,_YVQN6_nkfs,https://www.youtube.com/watch?v=_YVQN6_nkfs,Ugy1NO8559mbDcoafTJ4AaABAg,This is the kind of content the internet needs.,2026-09-28T20:00:00Z,2026-10-01T13:27:16.189424+00:00,0,0,,fb4600cd55913c783bce8e6379228586aad3242f119a1ed838a1bc8bbc62dd7b,,youtube-data-api-v3/commentThreads.list,,_YVQN6_nkfs,Trading for Beginners Part 1 - FULL TRADING COURSE TUTORIAL,Jason Graystone,,
youtube,Jason Graystone,_YVQN6_nkfs,https://www.youtube.com/watch?v=_YVQN6_nkfs,Ugy3vGLQdGfWIrIYO_R4AaABAg,This channel is outstanding I will come back to watch it again.,2026-09-26T22:53:16Z,2026-10-01T13:27:16.189424+00:00,3,0,,fad05622a0f8381b8e653391180ecefab4f0241b713624b8904076c38c7a3ddb,,youtube-data-api-v3/commentThreads.list,,_YVQN6_nkfs,Trading for Beginners Part 1 - FULL TRADING COURSE TUTORIAL,Jason Graystone,,
youtube,Jason Graystone,_YVQN6_nkfs,https://www.youtube.com/watch?v=_YVQN6_nkfs,UgztXoXP-2aw5Xmf6KJ4AaABAg,"After retirement, I started my trading journey with a $3,360 account, focusing on small-cap momentum strategies. By applying the risk management principles taught by Gary Anderson , I’ve been able to scale that capital to $26,539 over the last few weeks. It’s a rewarding start that validates the importance of a disciplined, data-driven process.",2026-09-23T14:07:08Z,2026-10-01T13:27:16.189424+00:00,28,16,,fe6b4c066cf08a5534905bfe33bf284f8bf6c3115e42f34e0b783c374c8e68b9,,youtube-data-api-v3/commentThreads.list,,_YVQN6_nkfs,Trading for Beginners Part 1 - FULL TRADING COURSE TUTORIAL,Jason Graystone,,
youtube,Jason Graystone,_YVQN6_nkfs,https://www.youtube.com/watch?v=_YVQN6_nkfs,UgztXoXP-2aw5Xmf6KJ4AaABAg.Ab6-1xoDSC0Ab6-EqIOVat,I'm a newbie and I've lost a lot of money investing on my own. Please can you advise on how to go about this?,2026-09-23T14:08:53Z,2026-10-01T13:27:16.189424+00:00,0,0,,2530020b38dde4bfedae17913d7ba88eb18ea763dd3ec1248b39b3c84f27acfa,UgztXoXP-2aw5Xmf6KJ4AaABAg,youtube-data-api-v3/commentThreads.list,,_YVQN6_nkfs,Trading for Beginners Part 1 - FULL TRADING COURSE TUTORIAL,Jason Graystone,,
youtube,Jason Graystone,_YVQN6_nkfs,https://www.youtube.com/watch?v=_YVQN6_nkfs,UgztXoXP-2aw5Xmf6KJ4AaABAg.Ab6-1xoDSC0Ab6-KCu94Dm,"Sir Please be honest with me I wish to start day trade but don't know where to begin, any tips or contacts",2026-09-23T14:09:37Z,2026-10-01T13:27:16.189424+00:00,0,0,,8efdd8313de850d162c500a556bd5512a58e3294efcf4b8101cf0f2db24b3e23,UgztXoXP-2aw5Xmf6KJ4AaABAg,youtube-data-api-v3/commentThreads.list,,_YVQN6_nkfs,Trading for Beginners Part 1 - FULL TRADING COURSE TUTORIAL,Jason Graystone,,
youtube,Jason Graystone,_YVQN6_nkfs,https://www.youtube.com/watch?v=_YVQN6_nkfs,UgztXoXP-2aw5Xmf6KJ4AaABAg.Ab6-1xoDSC0Ab6-Q6Gp0kD,"I was in that same pit a few years ago, trying to piece everything together and just getting frustrated. My advice as a beginner is to get a guide. I started working with this guy, Gary Anderson, and it was a different vibe. You actually sit and trade with him in real time—no endless theory talks. You're learning while doing, which made way more sense than watching another guy circle candles on a whiteboard.",2026-09-23T14:10:26Z,2026-10-01T13:27:16.189424+00:00,0,0,,fe6b4c066cf08a5534905bfe33bf284f8bf6c3115e42f34e0b783c374c8e68b9,UgztXoXP-2aw5Xmf6KJ4AaABAg,youtube-data-api-v3/commentThreads.list,,_YVQN6_nkfs,Trading for Beginners Part 1 - FULL TRADING COURSE TUTORIAL,Jason Graystone,,
youtube,Jason Graystone,_YVQN6_nkfs,https://www.youtube.com/watch?v=_YVQN6_nkfs,UgztXoXP-2aw5Xmf6KJ4AaABAg.Ab6-1xoDSC0Ab6-WEnSukt,"What impresses me most about his approach is the transparency. He gives clients direct access to the trading platform, allowing us to monitor every trade in real-time. It’s rare to find that level of openness.",2026-09-23T14:11:16Z,2026-10-01T13:27:16.189424+00:00,0,0,,c972caeaa03fafd240306bd9692e4ed3c6204d210965703207360459690f687a,UgztXoXP-2aw5Xmf6KJ4AaABAg,youtube-data-api-v3/commentThreads.list,,_YVQN6_nkfs,Trading for Beginners Part 1 - FULL TRADING COURSE TUTORIAL,Jason Graystone,,
youtube,Jason Graystone,_YVQN6_nkfs,https://www.youtube.com/watch?v=_YVQN6_nkfs,UgztXoXP-2aw5Xmf6KJ4AaABAg.Ab6-1xoDSC0Ab6-_Ifa92e,"You're right, I've followed many traders over the years, but none have been as consistently accurate as Gary Anderson he’s a registered rep who shares grounded, macro-focused analysis.",2026-09-23T14:11:49Z,2026-10-01T13:27:16.189424+00:00,0,0,,d47211a1eb7a49895c54508a8a334410b0e77faa5366c324541a2b85dcaf4dbf,UgztXoXP-2aw5Xmf6KJ4AaABAg,youtube-data-api-v3/commentThreads.list,,_YVQN6_nkfs,Trading for Beginners Part 1 - FULL TRADING COURSE TUTORIAL,Jason Graystone,,
youtube,Jason Graystone,_YVQN6_nkfs,https://www.youtube.com/watch?v=_YVQN6_nkfs,Ugx6LPGSLPWb2MHg8cZ4AaABAg,This is why I love YouTube.,2026-09-29T23:35:17Z,2026-10-01T13:27:16.189424+00:00,1,1,,298028b5949fe24a91c0a1779f46ef202250d28a3bd20917298de086b75f8395,,youtube-data-api-v3/commentThreads.list,,_YVQN6_nkfs,Trading for Beginners Part 1 - FULL TRADING COURSE TUTORIAL,Jason Graystone,,
youtube,Jason Graystone,_YVQN6_nkfs,https://www.youtube.com/watch?v=_YVQN6_nkfs,Ugx6LPGSLPWb2MHg8cZ4AaABAg.AbMSpU0qXQoAbOEt01Zd1-,"I'm beginner 
Can you help me",2026-09-30T16:11:55Z,2026-10-01T13:27:16.189424+00:00,0,0,,24203ee1f0a4d89c673599e77d286a13ff46d18b065e957d9a240a2577e133f4,Ugx6LPGSLPWb2MHg8cZ4AaABAg,youtube-data-api-v3/commentThreads.list,,_YVQN6_nkfs,Trading for Beginners Part 1 - FULL TRADING COURSE TUTORIAL,Jason Graystone,,
youtube,Jason Graystone,_YVQN6_nkfs,https://www.youtube.com/watch?v=_YVQN6_nkfs,UgwQNBmSvXcUnGl4EJF4AaABAg,This deserves to go viral.,2026-09-27T23:08:35Z,2026-10-01T13:27:16.189424+00:00,0,0,,b1a670aa2711771097371ac57f2fc412381d6f9939530b5e96a1b7a68024d387,,youtube-data-api-v3/commentThreads.list,,_YVQN6_nkfs,Trading for Beginners Part 1 - FULL TRADING COURSE TUTORIAL,Jason Graystone,,
youtube,Jason Graystone,_YVQN6_nkfs,https://www.youtube.com/watch?v=_YVQN6_nkfs,UgwCRJ6EFFImpChbK2x4AaABAg,My Wi-Fi worked extra hard for this masterpiece.,2026-09-26T05:49:13Z,2026-10-01T13:27:16.189424+00:00,1,0,,cbc1d4c76b56963ab1e5b2245ab60d2317b07bb7dc8ab637bb8e2890283b5317,,youtube-data-api-v3/commentThreads.list,,_YVQN6_nkfs,Trading for Beginners Part 1 - FULL TRADING COURSE TUTORIAL,Jason Graystone,,
youtube,Jason Graystone,_YVQN6_nkfs,https://www.youtube.com/watch?v=_YVQN6_nkfs,UgxxOuo_-PO6qXAGbj54AaABAg,I came for the title and stayed for the quality.,2026-09-28T00:26:19Z,2026-10-01T13:27:16.189424+00:00,0,0,,1532a9fc08979a7930e39b725dc09623aa03088b623f9c63a3bf5cf4c63f5076,,youtube-data-api-v3/commentThreads.list,,_YVQN6_nkfs,Trading for Beginners Part 1 - FULL TRADING COURSE TUTORIAL,Jason Graystone,,
youtube,Jason Graystone,_YVQN6_nkfs,https://www.youtube.com/watch?v=_YVQN6_nkfs,UgwXz4H2-ECn5ut8YS14AaABAg,"Most times it amazes me greatly the way I move from an average lifestyle to earning over $25k per week, utter shock is the word, I have understood a lot in the past few years to doubt that opportunities abound in the financial markets, The only thing is to know where to focus",2024-10-09T09:00:57Z,2026-10-01T13:27:16.189424+00:00,1365,22,,6988b12a0d3c067f05e7bdc8f1cc992ca39c98eda36e9f418a1b4c2dab5484e3,,youtube-data-api-v3/commentThreads.list,,_YVQN6_nkfs,Trading for Beginners Part 1 - FULL TRADING COURSE TUTORIAL,Jason Graystone,,
youtube,Jason Graystone,_YVQN6_nkfs,https://www.youtube.com/watch?v=_YVQN6_nkfs,UgwXz4H2-ECn5ut8YS14AaABAg.A9MxQcrgfeEA9MxZs35PB9,"I signed up for a 1-on-1 trading session. It's like copy trading, but with personalized guidance.",2024-10-09T09:02:13Z,2026-10-01T13:27:16.189424+00:00,4,0,,6988b12a0d3c067f05e7bdc8f1cc992ca39c98eda36e9f418a1b4c2dab5484e3,UgwXz4H2-ECn5ut8YS14AaABAg,youtube-data-api-v3/commentThreads.list,,_YVQN6_nkfs,Trading for Beginners Part 1 - FULL TRADING COURSE TUTORIAL,Jason Graystone,,
youtube,Jason Graystone,_YVQN6_nkfs,https://www.youtube.com/watch?v=_YVQN6_nkfs,UgwXz4H2-ECn5ut8YS14AaABAg.A9MxQcrgfeEA9MxaA7_i-v,"the session was secure and a supportive way to improve your trading skills while earning, the best part is there's no upfront payment required at all",2024-10-09T09:02:23Z,2026-10-01T13:27:16.189424+00:00,2,0,,6988b12a0d3c067f05e7bdc8f1cc992ca39c98eda36e9f418a1b4c2dab5484e3,UgwXz4H2-ECn5ut8YS14AaABAg,youtube-data-api-v3/commentThreads.list,,_YVQN6_nkfs,Trading for Beginners Part 1 - FULL TRADING COURSE TUTORIAL,Jason Graystone,,
youtube,Jason Graystone,_YVQN6_nkfs,https://www.youtube.com/watch?v=_YVQN6_nkfs,UgwXz4H2-ECn5ut8YS14AaABAg.A9MxQcrgfeEA9MxtOW1H3-,Honestly I really need help learning to trade. Seeing my portfolio low makes me very sad.,2024-10-09T09:05:01Z,2026-10-01T13:27:16.189424+00:00,2,0,,ee8cb03cba23d358a7c8eabfaea0e1eea5d123d828f908f84c9e53cb0d1ebbf7,UgwXz4H2-ECn5ut8YS14AaABAg,youtube-data-api-v3/commentThreads.list,,_YVQN6_nkfs,Trading for Beginners Part 1 - FULL TRADING COURSE TUTORIAL,Jason Graystone,,
youtube,Jason Graystone,_YVQN6_nkfs,https://www.youtube.com/watch?v=_YVQN6_nkfs,UgwXz4H2-ECn5ut8YS14AaABAg.A9MxQcrgfeEA9N-k6XhZfd,"I suggest consulting with Evelyn Burchett for guidance, This way you can get strategies designed to address your unique long/short-term goals",2024-10-09T09:29:57Z,2026-10-01T13:27:16.189424+00:00,1,0,,6988b12a0d3c067f05e7bdc8f1cc992ca39c98eda36e9f418a1b4c2dab5484e3,UgwXz4H2-ECn5ut8YS14AaABAg,youtube-data-api-v3/commentThreads.list,,_YVQN6_nkfs,Trading for Beginners Part 1 - FULL TRADING COURSE TUTORIAL,Jason Graystone,,
youtube,Jason Graystone,_YVQN6_nkfs,https://www.youtube.com/watch?v=_YVQN6_nkfs,UgwXz4H2-ECn5ut8YS14AaABAg.A9MxQcrgfeEA9N0IWkLwzi,"Hmm!! Who is Evelyn, if you dont mind me asking?",2024-10-09T09:34:48Z,2026-10-01T13:27:16.189424+00:00,0,0,,ee8cb03cba23d358a7c8eabfaea0e1eea5d123d828f908f84c9e53cb0d1ebbf7,UgwXz4H2-ECn5ut8YS14AaABAg,youtube-data-api-v3/commentThreads.list,,_YVQN6_nkfs,Trading for Beginners Part 1 - FULL TRADING COURSE TUTORIAL,Jason Graystone,,
youtube,Jason Graystone,_YVQN6_nkfs,https://www.youtube.com/watch?v=_YVQN6_nkfs,UgyCCCi-2sYOEebxlYB4AaABAg,"I want to learn how to trade after listening to a guy on radio talk about the importance of investing and how he made $460,000 in 4 months from $160k. Somehow this video has helped shed light on some things, but I'm confused about the current market volatility, i'm open to ideas...",2023-08-03T16:31:00Z,2026-10-01T13:27:16.189424+00:00,1566,8,,c93eb0cf06dc179e01f9f959738f556510f31a6217fc0fb88a40b80e9114ebfd,,youtube-data-api-v3/commentThreads.list,,_YVQN6_nkfs,Trading for Beginners Part 1 - FULL TRADING COURSE TUTORIAL,Jason Graystone,,
youtube,Jason Graystone,_YVQN6_nkfs,https://www.youtube.com/watch?v=_YVQN6_nkfs,UgyCCCi-2sYOEebxlYB4AaABAg.9sxoj4c6ggp9sxolj9DUz5,"Well the bigger the risk, the bigger the reward and such impeccable trades are better executed by professionals.",2023-08-03T16:31:21Z,2026-10-01T13:27:16.189424+00:00,3,0,,e8c143e7a7091c2ca7fd6733bfdb54b9d3e162bcd2e22450b5a7ee3bd07175d5,UgyCCCi-2sYOEebxlYB4AaABAg,youtube-data-api-v3/commentThreads.list,,_YVQN6_nkfs,Trading for Beginners Part 1 - FULL TRADING COURSE TUTORIAL,Jason Graystone,,
youtube,Jason Graystone,_YVQN6_nkfs,https://www.youtube.com/watch?v=_YVQN6_nkfs,UgyCCCi-2sYOEebxlYB4AaABAg.9sxoj4c6ggp9sxonuZ5Fg1,"Having an investment adviser is the best way to go about the market right now, especially for near retirees, I netted over $220K during this dip, that made it clear there's more to the market that we avg joes don't know",2023-08-03T16:31:39Z,2026-10-01T13:27:16.189424+00:00,2,0,,fc650a5aa48b8928c8d0f55108d49b937378c2431b28764318d6325a13de8fc0,UgyCCCi-2sYOEebxlYB4AaABAg,youtube-data-api-v3/commentThreads.list,,_YVQN6_nkfs,Trading for Beginners Part 1 - FULL TRADING COURSE TUTORIAL,Jason Graystone,,
youtube,Jason Graystone,_YVQN6_nkfs,https://www.youtube.com/watch?v=_YVQN6_nkfs,UgyCCCi-2sYOEebxlYB4AaABAg.9sxoj4c6ggp9sxoqSKQfVt,That's impressive! I could really use the expertise of this advisor.,2023-08-03T16:32:00Z,2026-10-01T13:27:16.189424+00:00,2,0,,9889c5e6803e2de98d290ca6601c8dace4407ac3efaac606c75308d177e06dd9,UgyCCCi-2sYOEebxlYB4AaABAg,youtube-data-api-v3/commentThreads.list,,_YVQN6_nkfs,Trading for Beginners Part 1 - FULL TRADING COURSE TUTORIAL,Jason Graystone,,
youtube,Jason Graystone,_YVQN6_nkfs,https://www.youtube.com/watch?v=_YVQN6_nkfs,UgyCCCi-2sYOEebxlYB4AaABAg.9sxoj4c6ggp9sxothkbJlU,"Do your due diligence and opt for one that has tactics to help your portfolio continue consistent and steady growth. ""Helene Claire Johnson"" is accountable for the success of my portfolio, and I believe she has the qualifications and expertise to accomplish your objectives.",2023-08-03T16:32:27Z,2026-10-01T13:27:16.189424+00:00,3,0,,fc650a5aa48b8928c8d0f55108d49b937378c2431b28764318d6325a13de8fc0,UgyCCCi-2sYOEebxlYB4AaABAg,youtube-data-api-v3/commentThreads.list,,_YVQN6_nkfs,Trading for Beginners Part 1 - FULL TRADING COURSE TUTORIAL,Jason Graystone,,
youtube,Jason Graystone,_YVQN6_nkfs,https://www.youtube.com/watch?v=_YVQN6_nkfs,UgyCCCi-2sYOEebxlYB4AaABAg.9sxoj4c6ggp9sxow_tSMIG,"This is useful information; I copied her whole name and pasted it into my browser; her website appeared immediately, and her qualifications are excellent; thank you for sharing.",2023-08-03T16:32:50Z,2026-10-01T13:27:16.189424+00:00,1,0,,9889c5e6803e2de98d290ca6601c8dace4407ac3efaac606c75308d177e06dd9,UgyCCCi-2sYOEebxlYB4AaABAg,youtube-data-api-v3/commentThreads.list,,_YVQN6_nkfs,Trading for Beginners Part 1 - FULL TRADING COURSE TUTORIAL,Jason Graystone,,
youtube,Jason Graystone,_YVQN6_nkfs,https://www.youtube.com/watch?v=_YVQN6_nkfs,UgyPbGzB1xivyXnFTHd4AaABAg,This is what quality content looks like.,2026-07-04T14:27:19Z,2026-10-01T13:27:16.189424+00:00,0,0,,ce8e89da9d4137cb63ccfefeec967debf02692238e5d23d47f06d7a8fa90affe,,youtube-data-api-v3/commentThreads.list,,_YVQN6_nkfs,Trading for Beginners Part 1 - FULL TRADING COURSE TUTORIAL,Jason Graystone,,
youtube,Jason Graystone,_YVQN6_nkfs,https://www.youtube.com/watch?v=_YVQN6_nkfs,Ugzv7wHe6tIEi-9hAjp4AaABAg,I’ve tried like 6 different 1-minute scalping strategies and always get stopped out or overtrade. How do these guys make it look so effortless? Is there anyone who actually teaches how to do this the right way  in real time?,2026-09-23T08:13:29Z,2026-10-01T13:27:16.189424+00:00,21,16,,2866422f97af7eb62570ccb2e19e753689375766a141c00b6a89da3313627f70,,youtube-data-api-v3/commentThreads.list,,_YVQN6_nkfs,Trading for Beginners Part 1 - FULL TRADING COURSE TUTORIAL,Jason Graystone,,
youtube,Jason Graystone,_YVQN6_nkfs,https://www.youtube.com/watch?v=_YVQN6_nkfs,Ugzv7wHe6tIEi-9hAjp4AaABAg.Ab5MZlYef1HAb5MywvBy0S,"I was stuck in that same cycle until I found Rolando Mario. He’s the only mentor I’ve seen who breaks down 1-minute scalping with structure, not just flashy wins. He teaches exact entry timing, stop placement, and risk control  so you’re not just guessing.",2026-09-23T08:17:04Z,2026-10-01T13:27:16.189424+00:00,0,0,,f866aa58982547f91e9a5283d5f6bd63d2a018b1fdd511da62b1050f006f3a58,Ugzv7wHe6tIEi-9hAjp4AaABAg,youtube-data-api-v3/commentThreads.list,,_YVQN6_nkfs,Trading for Beginners Part 1 - FULL TRADING COURSE TUTORIAL,Jason Graystone,,
youtube,Jason Graystone,_YVQN6_nkfs,https://www.youtube.com/watch?v=_YVQN6_nkfs,Ugzv7wHe6tIEi-9hAjp4AaABAg.Ab5MZlYef1HAb5N1_Pabuo,"Me: finds a “perfect” 1-min setup
Also me: enters late, exits early, re-enters, stops out, cries",2026-09-23T08:17:33Z,2026-10-01T13:27:16.189424+00:00,1,0,,e7b5eceb0de4b70f5554db1897e59adc85588bbd9b257ab20d46a8587ebdadca,Ugzv7wHe6tIEi-9hAjp4AaABAg,youtube-data-api-v3/commentThreads.list,,_YVQN6_nkfs,Trading for Beginners Part 1 - FULL TRADING COURSE TUTORIAL,Jason Graystone,,
youtube,Jason Graystone,_YVQN6_nkfs,https://www.youtube.com/watch?v=_YVQN6_nkfs,Ugzv7wHe6tIEi-9hAjp4AaABAg.Ab5MZlYef1HAb5N7OOrlS2,"This trade looked clean  but is it part of a real system or just a lucky entry?
1-min scalping is brutal without rules.",2026-09-23T08:18:21Z,2026-10-01T13:27:16.189424+00:00,0,0,,6c2c7cd8bb584eb7aa41dfc4f916a8109a2eeb5bfad872035f0f0671bcc5e79b,Ugzv7wHe6tIEi-9hAjp4AaABAg,youtube-data-api-v3/commentThreads.list,,_YVQN6_nkfs,Trading for Beginners Part 1 - FULL TRADING COURSE TUTORIAL,Jason Graystone,,
youtube,Jason Graystone,_YVQN6_nkfs,https://www.youtube.com/watch?v=_YVQN6_nkfs,Ugzv7wHe6tIEi-9hAjp4AaABAg.Ab5MZlYef1HAb5NAnT3O5e,"That’s the difference Rolando Mario. strategy is 100% rules-based.
He teaches you what to look for, how to enter early, and where to manage risk.
It’s built for speed, but also built to protect your capital.",2026-09-23T08:18:49Z,2026-10-01T13:27:16.189424+00:00,0,0,,f866aa58982547f91e9a5283d5f6bd63d2a018b1fdd511da62b1050f006f3a58,Ugzv7wHe6tIEi-9hAjp4AaABAg,youtube-data-api-v3/commentThreads.list,,_YVQN6_nkfs,Trading for Beginners Part 1 - FULL TRADING COURSE TUTORIAL,Jason Graystone,,
youtube,Jason Graystone,_YVQN6_nkfs,https://www.youtube.com/watch?v=_YVQN6_nkfs,Ugzv7wHe6tIEi-9hAjp4AaABAg.Ab5MZlYef1HAb5NCyGpwxS,HE'S MOSTLY ON TELEGRAMS,2026-09-23T08:19:06Z,2026-10-01T13:27:16.189424+00:00,0,0,,f866aa58982547f91e9a5283d5f6bd63d2a018b1fdd511da62b1050f006f3a58,Ugzv7wHe6tIEi-9hAjp4AaABAg,youtube-data-api-v3/commentThreads.list,,_YVQN6_nkfs,Trading for Beginners Part 1 - FULL TRADING COURSE TUTORIAL,Jason Graystone,,
youtube,Jason Graystone,_YVQN6_nkfs,https://www.youtube.com/watch?v=_YVQN6_nkfs,UgxcR-GCOfbQw3NkSa14AaABAg,Thank you for the speech; wealth is distributed to those who possess knowledge.,2026-09-30T23:05:40Z,2026-10-01T13:27:16.189424+00:00,1,0,,9916f32c35cfd09767a895408824cf34d992b037186da825e29888283af84fe9,,youtube-data-api-v3/commentThreads.list,,_YVQN6_nkfs,Trading for Beginners Part 1 - FULL TRADING COURSE TUTORIAL,Jason Graystone,,
youtube,Jason Graystone,_YVQN6_nkfs,https://www.youtube.com/watch?v=_YVQN6_nkfs,UgxC-l_2r_M9xSfvQXV4AaABAg,The lights came on for me after you said rookie mistake. I`m not even trading yet. That's exactly what I thought I was going to do. Thank you.  On part 1 for 2 days now. Who cares :),2026-06-04T11:00:27Z,2026-10-01T13:27:16.189424+00:00,0,0,,d5a8446bfa65f7618f3ab001843eed80d06ee861cdf18ae7d4b88201cad9dc8b,,youtube-data-api-v3/commentThreads.list,,_YVQN6_nkfs,Trading for Beginners Part 1 - FULL TRADING COURSE TUTORIAL,Jason Graystone,,
youtube,Jason Graystone,_YVQN6_nkfs,https://www.youtube.com/watch?v=_YVQN6_nkfs,Ugz5u1loSTDT4tGZae54AaABAg,"I’ve tried so many scalping strategies, but they never seem to work for me. I keep getting in too early or too late, and I always end up overtrading. Is this “stupid simple” strategy really worth it, or just another gimmick?",2026-09-30T11:47:43Z,2026-10-01T13:27:16.189424+00:00,15,14,,dfb7213c64eade27aacd6b29438045a32384f7f380ac1d3f0541fcf154d305fe,,youtube-data-api-v3/commentThreads.list,,_YVQN6_nkfs,Trading for Beginners Part 1 - FULL TRADING COURSE TUTORIAL,Jason Graystone,,
youtube,Jason Graystone,_YVQN6_nkfs,https://www.youtube.com/watch?v=_YVQN6_nkfs,Ugz5u1loSTDT4tGZae54AaABAg.AbNle1a-D8zAbNmCQ7W5x9,"I was in the same boat. I kept overcomplicating things until I found this simple scalping strategy. It’s not about using a bunch of fancy indicators or jumping into every move. The beauty of it is in how basic it is. But what really made it click for me was learning how to execute it consistently  and that’s where Rolando Mario came in. He showed me how to make it work every single day, no matter what the market's doing??",2026-09-30T11:52:33Z,2026-10-01T13:27:16.189424+00:00,0,0,,231f06ffca9b005910f17c35689ae70cf45a33bedf6c34752a03d7a7a5d384c5,Ugz5u1loSTDT4tGZae54AaABAg,youtube-data-api-v3/commentThreads.list,,_YVQN6_nkfs,Trading for Beginners Part 1 - FULL TRADING COURSE TUTORIAL,Jason Graystone,,
youtube,Jason Graystone,_YVQN6_nkfs,https://www.youtube.com/watch?v=_YVQN6_nkfs,Ugz5u1loSTDT4tGZae54AaABAg.AbNle1a-D8zAbNmFpFfNB9,I can’t even tell you how many “simple” scalping strategies I’ve tried that ended up being anything but. 😂 Does this one actually work?,2026-09-30T11:53:01Z,2026-10-01T13:27:16.189424+00:00,0,0,,9f62cd03e205c10cb0c2f9b423e997cb4ace0e8ff35abd1f08869b177cc313ec,Ugz5u1loSTDT4tGZae54AaABAg,youtube-data-api-v3/commentThreads.list,,_YVQN6_nkfs,Trading for Beginners Part 1 - FULL TRADING COURSE TUTORIAL,Jason Graystone,,
youtube,Jason Graystone,_YVQN6_nkfs,https://www.youtube.com/watch?v=_YVQN6_nkfs,Ugz5u1loSTDT4tGZae54AaABAg.AbNle1a-D8zAbNmKsyXcR2,"Wait, so you’re saying it’s really that simple? No crazy indicators or complex setups? How does it even work every day?",2026-09-30T11:53:43Z,2026-10-01T13:27:16.189424+00:00,0,0,,d50eb8c42aa38f6a2f38bce3f20294d51a5109f4fc00e0f373c5c3092351e8f4,Ugz5u1loSTDT4tGZae54AaABAg,youtube-data-api-v3/commentThreads.list,,_YVQN6_nkfs,Trading for Beginners Part 1 - FULL TRADING COURSE TUTORIAL,Jason Graystone,,
youtube,Jason Graystone,_YVQN6_nkfs,https://www.youtube.com/watch?v=_YVQN6_nkfs,Ugz5u1loSTDT4tGZae54AaABAg.AbNle1a-D8zAbNmO7uM9f3,"Yep, it really is that simple. Rolando Mario. whole thing is about taking the basics and executing them well. It’s a “stupid simple” strategy because you don’t need to overthink it. The real key is consistency — you trade the same setup every day, sticking to the rules. Rolando Mario showed me that it’s not about chasing every move, but about being patient and disciplined with the right setup when it shows up.",2026-09-30T11:54:09Z,2026-10-01T13:27:16.189424+00:00,1,0,,231f06ffca9b005910f17c35689ae70cf45a33bedf6c34752a03d7a7a5d384c5,Ugz5u1loSTDT4tGZae54AaABAg,youtube-data-api-v3/commentThreads.list,,_YVQN6_nkfs,Trading for Beginners Part 1 - FULL TRADING COURSE TUTORIAL,Jason Graystone,,
youtube,Jason Graystone,_YVQN6_nkfs,https://www.youtube.com/watch?v=_YVQN6_nkfs,Ugz5u1loSTDT4tGZae54AaABAg.AbNle1a-D8zAbNmQ4ky9-t,HE'S MOSTLY ON TELEGRAMS,2026-09-30T11:54:25Z,2026-10-01T13:27:16.189424+00:00,0,0,,231f06ffca9b005910f17c35689ae70cf45a33bedf6c34752a03d7a7a5d384c5,Ugz5u1loSTDT4tGZae54AaABAg,youtube-data-api-v3/commentThreads.list,,_YVQN6_nkfs,Trading for Beginners Part 1 - FULL TRADING COURSE TUTORIAL,Jason Graystone,,
youtube,Jason Graystone,_YVQN6_nkfs,https://www.youtube.com/watch?v=_YVQN6_nkfs,Ugx49rX2mci3Lb2IFOB4AaABAg,The editing is underrated It made my day better.,2026-07-08T09:03:37Z,2026-10-01T13:27:16.189424+00:00,0,0,,68be426b2dced67222cca7a8b731b56d9720c64a4a5bc475a039bccb2c51a99a,,youtube-data-api-v3/commentThreads.list,,_YVQN6_nkfs,Trading for Beginners Part 1 - FULL TRADING COURSE TUTORIAL,Jason Graystone,,
youtube,Jason Graystone,_YVQN6_nkfs,https://www.youtube.com/watch?v=_YVQN6_nkfs,UgxzM1yioM9XhObuzeV4AaABAg,My 5-minute break turned into watching the entire video.,2026-08-26T04:15:19Z,2026-10-01T13:27:16.189424+00:00,0,0,,4bbda65354a992b763da75075c46f3284bc8208c5eed227b4f51241a79ea9287,,youtube-data-api-v3/commentThreads.list,,_YVQN6_nkfs,Trading for Beginners Part 1 - FULL TRADING COURSE TUTORIAL,Jason Graystone,,
youtube,Jason Graystone,_YVQN6_nkfs,https://www.youtube.com/watch?v=_YVQN6_nkfs,UgwYFZCI9yqFFOqfWPF4AaABAg,Every minute was worth watching.,2026-09-20T03:57:40Z,2026-10-01T13:27:16.189424+00:00,0,0,,38f5b4b54a4730c8450ae1c50bf66c7d79e00fda1261349adba787d42d8835ec,,youtube-data-api-v3/commentThreads.list,,_YVQN6_nkfs,Trading for Beginners Part 1 - FULL TRADING COURSE TUTORIAL,Jason Graystone,,
youtube,Jason Graystone,_YVQN6_nkfs,https://www.youtube.com/watch?v=_YVQN6_nkfs,UgyiHbCDWMPgAkq2qjV4AaABAg,"From today I will watch your all video day by day. I believe in myself within a year I will definitely become a profitable trader. I want to become a profitable trader in the future. I know many things in share Market but I want to learn everything needs to make profitable. Wish me a good luck guys. All the best all for all of you don't give up on your dream early, you almost reach there. One day you are going to make yourself proud",2026-07-29T18:04:48Z,2026-10-01T13:27:16.189424+00:00,0,0,,af38e93e6bedcd6bb74fc875ae5f578934ce58eae081666e10d499a310e2ce87,,youtube-data-api-v3/commentThreads.list,,_YVQN6_nkfs,Trading for Beginners Part 1 - FULL TRADING COURSE TUTORIAL,Jason Graystone,,
youtube,Jason Graystone,_YVQN6_nkfs,https://www.youtube.com/watch?v=_YVQN6_nkfs,UgzI3K38pkJT-q6Nymd4AaABAg,I wasn t planning to watch this long... no regrets.,2026-08-23T19:14:17Z,2026-10-01T13:27:16.189424+00:00,0,0,,30650f7101b8a3b1c38687a6372d93b738224dc8e0a1667d3da14cffb1da1d53,,youtube-data-api-v3/commentThreads.list,,_YVQN6_nkfs,Trading for Beginners Part 1 - FULL TRADING COURSE TUTORIAL,Jason Graystone,,
youtube,Jason Graystone,_YVQN6_nkfs,https://www.youtube.com/watch?v=_YVQN6_nkfs,UgyeJfxaqkpbxxfPCNd4AaABAg,This video is clear and easy to follow I will come back to watch it again.,2026-09-25T18:05:42Z,2026-10-01T13:27:16.189424+00:00,0,0,,75594e1ab4d87df2e1b4795310ac82ee327e14db24ca9758509898505e6693ec,,youtube-data-api-v3/commentThreads.list,,_YVQN6_nkfs,Trading for Beginners Part 1 - FULL TRADING COURSE TUTORIAL,Jason Graystone,,
youtube,Jason Graystone,_YVQN6_nkfs,https://www.youtube.com/watch?v=_YVQN6_nkfs,Ugy7JUjfVjcplh0D7kN4AaABAg,"I'm honestly tired at this point. I've changed strategies, stayed patient, studied for hours and still my account keeps bleeding. Watching everyone else post profits while I struggle to stay consistent is mentally draining. Starting to wonder if trading is actually real, or if most of us are just being set up to lose",2026-09-27T13:09:22Z,2026-10-01T13:27:16.189424+00:00,16,16,,ac3d65f85ff742077304bfc98a5814ee1e9c5fe5125275ea9ee05008c3bb78df,,youtube-data-api-v3/commentThreads.list,,_YVQN6_nkfs,Trading for Beginners Part 1 - FULL TRADING COURSE TUTORIAL,Jason Graystone,,
youtube,Jason Graystone,_YVQN6_nkfs,https://www.youtube.com/watch?v=_YVQN6_nkfs,Ugy7JUjfVjcplh0D7kN4AaABAg.AbGBbKOlRZxAbGBozxZsFW,"Was stuck in that same loop until I found Mario. Only mentor I’ve seen teaching 1-min scalping with actual structure. Exact entry timing, stop placement, risk control. No guessing. No hype. Just real logic while candles print. Tired of getting smoked? Check him out. Changed everything for me.",2026-09-27T13:11:14Z,2026-10-01T13:27:16.189424+00:00,0,0,,a0dae62cb4a648710d4fdf4396daddbd0cf4e52ef9ea5cff6a69ee4e80f8e984,Ugy7JUjfVjcplh0D7kN4AaABAg,youtube-data-api-v3/commentThreads.list,,_YVQN6_nkfs,Trading for Beginners Part 1 - FULL TRADING COURSE TUTORIAL,Jason Graystone,,
youtube,Jason Graystone,_YVQN6_nkfs,https://www.youtube.com/watch?v=_YVQN6_nkfs,Ugy7JUjfVjcplh0D7kN4AaABAg.AbGBbKOlRZxAbGBsk6KKEY,"Trading is real, right now, many crypto investors are having a tough time, and it'd be a great idea having a proper mentorship to save from heavy losses",2026-09-27T13:11:44Z,2026-10-01T13:27:16.189424+00:00,0,0,,f8922606194007212c18eda09fbecb0ac427d567dae794acbbdff870bf8eb253,Ugy7JUjfVjcplh0D7kN4AaABAg,youtube-data-api-v3/commentThreads.list,,_YVQN6_nkfs,Trading for Beginners Part 1 - FULL TRADING COURSE TUTORIAL,Jason Graystone,,
youtube,Jason Graystone,_YVQN6_nkfs,https://www.youtube.com/watch?v=_YVQN6_nkfs,Ugy7JUjfVjcplh0D7kN4AaABAg.AbGBbKOlRZxAbGBy8Av71J,"I know Mario, he's a great mentor",2026-09-27T13:12:28Z,2026-10-01T13:27:16.189424+00:00,0,0,,607f58cab1e05fa7c92a7a4f5db454d9ea81391582eefca3c4f462f6d57235e2,Ugy7JUjfVjcplh0D7kN4AaABAg,youtube-data-api-v3/commentThreads.list,,_YVQN6_nkfs,Trading for Beginners Part 1 - FULL TRADING COURSE TUTORIAL,Jason Graystone,,
youtube,Jason Graystone,_YVQN6_nkfs,https://www.youtube.com/watch?v=_YVQN6_nkfs,Ugy7JUjfVjcplh0D7kN4AaABAg.AbGBbKOlRZxAbGC0zeyzbd,"I’ve actually learned from him and the way he explains things in real time is on another level, with Mario I don't care if market goes up or down as he got me covered",2026-09-27T13:13:00Z,2026-10-01T13:27:16.189424+00:00,0,0,,c46fcd0920b0dedade91dfc42cf515ad2aeccde92f2d35cc430e67acfbd28657,Ugy7JUjfVjcplh0D7kN4AaABAg,youtube-data-api-v3/commentThreads.list,,_YVQN6_nkfs,Trading for Beginners Part 1 - FULL TRADING COURSE TUTORIAL,Jason Graystone,,
youtube,Jason Graystone,_YVQN6_nkfs,https://www.youtube.com/watch?v=_YVQN6_nkfs,Ugy7JUjfVjcplh0D7kN4AaABAg.AbGBbKOlRZxAbGC5I9uBs6,Getting yourself someone who knows and understands the market very well and is also professional. in the placement of trades. Is really the key,2026-09-27T13:13:35Z,2026-10-01T13:27:16.189424+00:00,0,0,,cf0f193ff565dab26ed39c369b523c291d832b7bbe4eaf9d518bf2ba2530e78d,Ugy7JUjfVjcplh0D7kN4AaABAg,youtube-data-api-v3/commentThreads.list,,_YVQN6_nkfs,Trading for Beginners Part 1 - FULL TRADING COURSE TUTORIAL,Jason Graystone,,
youtube,Jason Graystone,_YVQN6_nkfs,https://www.youtube.com/watch?v=_YVQN6_nkfs,Ugz5k4Qn4FZIGesDBH54AaABAg,"Wow Wow Wow. this is great and powerful lesson I will call it. like holding my hand, showing me how to write A,B,C,...",2026-04-23T00:35:10Z,2026-10-01T13:27:16.189424+00:00,0,0,,25641b44372f12b24f289f527dbc3cc5ce1ed2a4f1916d661379e497af656930,,youtube-data-api-v3/commentThreads.list,,_YVQN6_nkfs,Trading for Beginners Part 1 - FULL TRADING COURSE TUTORIAL,Jason Graystone,,
youtube,Jason Graystone,_YVQN6_nkfs,https://www.youtube.com/watch?v=_YVQN6_nkfs,UgwwLrKFpwVFlLny-b54AaABAg,"I'm a beginner and I chose ForTraders because the rules are simple and easy to understand. So far, I'm really happy with the experience — good conditions, clear challenges, and a beginner-friendly environment to improve my trading. Also thank you for this video!",2026-07-10T11:50:37Z,2026-10-01T13:27:16.189424+00:00,0,0,,6bfc6c5439ed6c7fdd69a0750cbbb8afd6437f2d477f5fa34a50cecdebe4e547,,youtube-data-api-v3/commentThreads.list,,_YVQN6_nkfs,Trading for Beginners Part 1 - FULL TRADING COURSE TUTORIAL,Jason Graystone,,
youtube,Jason Graystone,_YVQN6_nkfs,https://www.youtube.com/watch?v=_YVQN6_nkfs,UgyYn-mipbqruRsGXFh4AaABAg,The way you present is top notch I enjoyed every second of it.,2026-07-06T15:53:34Z,2026-10-01T13:27:16.189424+00:00,0,0,,4c4db72e6cd0f071d6b0516145bfae88563281ba26e4af2f17a87848aeeaa4dd,,youtube-data-api-v3/commentThreads.list,,_YVQN6_nkfs,Trading for Beginners Part 1 - FULL TRADING COURSE TUTORIAL,Jason Graystone,,
youtube,Jason Graystone,_YVQN6_nkfs,https://www.youtube.com/watch?v=_YVQN6_nkfs,UgwBLmZIYueoPPZ4m314AaABAg,Am Jeff from Nigeria and am new to your platform. I am willing to learn through your teaching with your guidance.,2026-07-04T16:27:00Z,2026-10-01T13:27:16.189424+00:00,0,0,,87bf8a69502938fcb4dc38fbaf05460a3a510e3cab9ffeb8d9aae7dd56378a8a,,youtube-data-api-v3/commentThreads.list,,_YVQN6_nkfs,Trading for Beginners Part 1 - FULL TRADING COURSE TUTORIAL,Jason Graystone,,
youtube,Jason Graystone,_YVQN6_nkfs,https://www.youtube.com/watch?v=_YVQN6_nkfs,UgxK6nGvwnT3HE_8K_J4AaABAg,The production quality is impressive.,2026-08-29T17:49:15Z,2026-10-01T13:27:16.189424+00:00,0,0,,f32d74a5c4f7887e2e7dd049b9043c921373a687342ae00932e065e5748e0d96,,youtube-data-api-v3/commentThreads.list,,_YVQN6_nkfs,Trading for Beginners Part 1 - FULL TRADING COURSE TUTORIAL,Jason Graystone,,
youtube,Jason Graystone,_YVQN6_nkfs,https://www.youtube.com/watch?v=_YVQN6_nkfs,UgwxP8M16GJuqkeDLG94AaABAg,"Watching you for the first time, left me with a question of why you are doing this no pressure to buy anything? Highly suspect now I just watched an intro and you’re explaining why you’re doing this , sharing your expertise to others really is generous of yourself and we all know that comes back to you. Full circle. Thank you. I hope this will be what I’ve been looking for after much confusion from all the Youtubers pushing a product with no transparency God bless.",2026-06-11T12:48:03Z,2026-10-01T13:27:16.189424+00:00,0,0,,84b4a66202fcc9c52a59e086643399b32e0c631e8c97f15da1fe573c9ea83fb1,,youtube-data-api-v3/commentThreads.list,,_YVQN6_nkfs,Trading for Beginners Part 1 - FULL TRADING COURSE TUTORIAL,Jason Graystone,,
youtube,Jason Graystone,_YVQN6_nkfs,https://www.youtube.com/watch?v=_YVQN6_nkfs,UgwdUpGpcC2C8YFrVRp4AaABAg,This tutorial is clear and easy to follow It helped me understand better.,2026-07-23T00:38:01Z,2026-10-01T13:27:16.189424+00:00,0,0,,b7d940b682ddca01681b4ed99a6dbaa3523d81b9671a6bbb52dea2cfef025f50,,youtube-data-api-v3/commentThreads.list,,_YVQN6_nkfs,Trading for Beginners Part 1 - FULL TRADING COURSE TUTORIAL,Jason Graystone,,
youtube,Jason Graystone,_YVQN6_nkfs,https://www.youtube.com/watch?v=_YVQN6_nkfs,Ugyjmda8ohcqL64x80J4AaABAg,Absolutely worth watching.,2026-07-21T16:21:13Z,2026-10-01T13:27:16.189424+00:00,0,0,,d548384798a0647dd8c8020baed4425e65ef5fc5c5f4987fcf3856ce91941fe3,,youtube-data-api-v3/commentThreads.list,,_YVQN6_nkfs,Trading for Beginners Part 1 - FULL TRADING COURSE TUTORIAL,Jason Graystone,,
youtube,Jason Graystone,_YVQN6_nkfs,https://www.youtube.com/watch?v=_YVQN6_nkfs,UgzDtVrWHHA1BesOzsV4AaABAg,This is day four of studying and I have a lot of more to do. Definitely want to take this seriously and make a career out of it. If it works out great if it doesn't at least I tried.,2026-04-26T18:00:36Z,2026-10-01T13:27:16.189424+00:00,0,0,,64e10b2f061a3056639ad817bf0ee308475042b26ca6aff4fdf8968024803067,,youtube-data-api-v3/commentThreads.list,,_YVQN6_nkfs,Trading for Beginners Part 1 - FULL TRADING COURSE TUTORIAL,Jason Graystone,,
youtube,Jason Graystone,_YVQN6_nkfs,https://www.youtube.com/watch?v=_YVQN6_nkfs,UgwNhw71jHSFIVVXPc14AaABAg,"that's a really amazing course, am George ankiri and very excited to start, I feel am in the right place thank you",2026-07-11T07:37:46Z,2026-10-01T13:27:16.189424+00:00,0,0,,fd3da5775b09d45b34ee731fa27c9aec7372ea3647e790769e1843788e34767f,,youtube-data-api-v3/commentThreads.list,,_YVQN6_nkfs,Trading for Beginners Part 1 - FULL TRADING COURSE TUTORIAL,Jason Graystone,,
youtube,Jason Graystone,_YVQN6_nkfs,https://www.youtube.com/watch?v=_YVQN6_nkfs,UgzwXCMKtegf2Wa5Ma94AaABAg,Thank you for this opportunity to take action,2026-06-02T10:07:14Z,2026-10-01T13:27:16.189424+00:00,0,0,,90fea6119d90b8aef01e1567d5e3656db5b6d1c7feeae14048283656e64fbb33,,youtube-data-api-v3/commentThreads.list,,_YVQN6_nkfs,Trading for Beginners Part 1 - FULL TRADING COURSE TUTORIAL,Jason Graystone,,
youtube,Jason Graystone,_YVQN6_nkfs,https://www.youtube.com/watch?v=_YVQN6_nkfs,Ugwcpyw3z0Xx7oNV1cV4AaABAg,The way you present is well made I enjoyed every second of it.,2026-09-24T14:45:00Z,2026-10-01T13:27:16.189424+00:00,0,0,,4df70e57e3d4a3f2efed1124adae58c95f7cddaa0fd3a2301eda82d4efbc4d43,,youtube-data-api-v3/commentThreads.list,,_YVQN6_nkfs,Trading for Beginners Part 1 - FULL TRADING COURSE TUTORIAL,Jason Graystone,,
youtube,Jason Graystone,_YVQN6_nkfs,https://www.youtube.com/watch?v=_YVQN6_nkfs,UgxZxVdTywVXjmoq8h14AaABAg,thanks for explaining why we don't always reach the top line immediately. market needs to breathe,2026-05-06T01:03:15Z,2026-10-01T13:27:16.189424+00:00,0,0,,7846bd8069b6acb64e418f8d7710780d1a595f263afd539097f858894479bc6a,,youtube-data-api-v3/commentThreads.list,,_YVQN6_nkfs,Trading for Beginners Part 1 - FULL TRADING COURSE TUTORIAL,Jason Graystone,,
youtube,Jason Graystone,_YVQN6_nkfs,https://www.youtube.com/watch?v=_YVQN6_nkfs,Ugwu7cXKtRObyE7EOBJ4AaABAg,tes explications sur la gestion des risques sont hyper claires,2026-07-10T08:14:20Z,2026-10-01T13:27:16.189424+00:00,0,0,,d82e074ead5f4b37e3be352bfa8de8fc30008658fa0b20e6d0378a0281db6d58,,youtube-data-api-v3/commentThreads.list,,_YVQN6_nkfs,Trading for Beginners Part 1 - FULL TRADING COURSE TUTORIAL,Jason Graystone,,
youtube,Jason Graystone,_YVQN6_nkfs,https://www.youtube.com/watch?v=_YVQN6_nkfs,UgzX4wS2F2IGcrYTJSJ4AaABAg,I was smiling the whole time.,2026-07-04T06:15:36Z,2026-10-01T13:27:16.189424+00:00,0,0,,c28ea39a46a305dabe29ffef837f531b1f82e9fa1410f388604ea2ff497c11bc,,youtube-data-api-v3/commentThreads.list,,_YVQN6_nkfs,Trading for Beginners Part 1 - FULL TRADING COURSE TUTORIAL,Jason Graystone,,
youtube,Jason Graystone,_YVQN6_nkfs,https://www.youtube.com/watch?v=_YVQN6_nkfs,UgxKoPKgbHWe7xgxbTV4AaABAg,Whoever edits these videos deserves a raise.,2026-09-27T23:37:25Z,2026-10-01T13:27:16.189424+00:00,0,0,,20f311b14494d3506c15913196565febc9e18acef7484353cfcdb8da7fdf4b2f,,youtube-data-api-v3/commentThreads.list,,_YVQN6_nkfs,Trading for Beginners Part 1 - FULL TRADING COURSE TUTORIAL,Jason Graystone,,
youtube,Jason Graystone,_YVQN6_nkfs,https://www.youtube.com/watch?v=_YVQN6_nkfs,UgxnaKYP765eFabqhq94AaABAg,I appreciate the effort behind this.,2026-07-26T20:04:26Z,2026-10-01T13:27:16.189424+00:00,0,0,,f6433a5365fa779ad745eaeaeb84f6b34c0c4275939b7674a32c0e8727fcf9aa,,youtube-data-api-v3/commentThreads.list,,_YVQN6_nkfs,Trading for Beginners Part 1 - FULL TRADING COURSE TUTORIAL,Jason Graystone,,
youtube,Jason Graystone,_YVQN6_nkfs,https://www.youtube.com/watch?v=_YVQN6_nkfs,UgxpxITHR0EfYSuVhyN4AaABAg,you are the best teacher so far,2026-07-07T11:47:06Z,2026-10-01T13:27:16.189424+00:00,0,0,,45b03e75bd229cdecd256fdd421e98d84cd4f7538e985afbb761338831d1ccec,,youtube-data-api-v3/commentThreads.list,,_YVQN6_nkfs,Trading for Beginners Part 1 - FULL TRADING COURSE TUTORIAL,Jason Graystone,,
youtube,Jason Graystone,_YVQN6_nkfs,https://www.youtube.com/watch?v=_YVQN6_nkfs,UgwVg63SXEz_U9QFy0d4AaABAg,This tutorial is clear and easy to follow I enjoyed every second of it.,2026-07-15T22:44:43Z,2026-10-01T13:27:16.189424+00:00,0,0,,98a51f9b62628784cc83938c852dd526451bb831c47aeba9e25454c3eb3f6a2f,,youtube-data-api-v3/commentThreads.list,,_YVQN6_nkfs,Trading for Beginners Part 1 - FULL TRADING COURSE TUTORIAL,Jason Graystone,,
youtube,Jason Graystone,_YVQN6_nkfs,https://www.youtube.com/watch?v=_YVQN6_nkfs,UgzUAg_7yylSuzgJ1d94AaABAg,I can t wait for the next upload.,2026-08-16T09:47:34Z,2026-10-01T13:27:16.189424+00:00,0,0,,fe2f811f587a31da12b747d2c292a6deb56e3f9582e7f0cc697ad21acdf039ec,,youtube-data-api-v3/commentThreads.list,,_YVQN6_nkfs,Trading for Beginners Part 1 - FULL TRADING COURSE TUTORIAL,Jason Graystone,,
youtube,Jason Graystone,_YVQN6_nkfs,https://www.youtube.com/watch?v=_YVQN6_nkfs,UgzMwRWTzsfmy6eZswp4AaABAg,Three's a crowd! Love this!,2026-07-09T05:48:27Z,2026-10-01T13:27:16.189424+00:00,0,0,,9f7c180d454b3d4e398f2affdf9bccbbd4c4c92d7abfdc723a50bd9835c41da5,,youtube-data-api-v3/commentThreads.list,,_YVQN6_nkfs,Trading for Beginners Part 1 - FULL TRADING COURSE TUTORIAL,Jason Graystone,,
youtube,Jason Graystone,_YVQN6_nkfs,https://www.youtube.com/watch?v=_YVQN6_nkfs,Ugz4R7wwUuI0vGG7MCl4AaABAg,The way you present is really helpful It helped me understand better.,2026-09-27T17:30:47Z,2026-10-01T13:27:16.189424+00:00,0,0,,f231490ef3b9e4db28e2b265a704bce49487534bce0f2c3aa0fb3f436a60f5a1,,youtube-data-api-v3/commentThreads.list,,_YVQN6_nkfs,Trading for Beginners Part 1 - FULL TRADING COURSE TUTORIAL,Jason Graystone,,
youtube,Jason Graystone,_YVQN6_nkfs,https://www.youtube.com/watch?v=_YVQN6_nkfs,UgwcVwQUJsLmZ-fdFah4AaABAg,Definitely  here  4 this ❤,2026-05-06T07:20:10Z,2026-10-01T13:27:16.189424+00:00,1,0,,ebb39da3c16d8b560ba9d7e10eeee377955e3b2d3fed63a484f0a54abeca4981,,youtube-data-api-v3/commentThreads.list,,_YVQN6_nkfs,Trading for Beginners Part 1 - FULL TRADING COURSE TUTORIAL,Jason Graystone,,
youtube,Jason Graystone,_YVQN6_nkfs,https://www.youtube.com/watch?v=_YVQN6_nkfs,UgyTF3puvX38pJegKQN4AaABAg,"Hi, this was a fantastic video. I am quite new to trading and must have watched 100 videos promising this and that. Your videos were different and honest. I am yet to watch part 2 and 3 which I will do this weekend. Im contemplating the 30 day challenge which I might purchase. I have also joined the community on circle. Definitely the best videos out there though 👍👍👍",2026-04-25T14:02:41Z,2026-10-01T13:27:16.189424+00:00,0,0,,06723ac06d61808a9b2b30659464ef746ad96a612dc43a85aa1542ba16b2db31,,youtube-data-api-v3/commentThreads.list,,_YVQN6_nkfs,Trading for Beginners Part 1 - FULL TRADING COURSE TUTORIAL,Jason Graystone,,
youtube,Jason Graystone,_YVQN6_nkfs,https://www.youtube.com/watch?v=_YVQN6_nkfs,UgxEM2Svcof5PnpVQcd4AaABAg,This is underrated.,2026-09-12T17:35:47Z,2026-10-01T13:27:16.189424+00:00,0,0,,5d8fe9263f40cea880d43d476dce8fcffa5cc9c7f35c758a925e73183fc9b176,,youtube-data-api-v3/commentThreads.list,,_YVQN6_nkfs,Trading for Beginners Part 1 - FULL TRADING COURSE TUTORIAL,Jason Graystone,,
youtube,Jason Graystone,_YVQN6_nkfs,https://www.youtube.com/watch?v=_YVQN6_nkfs,UgzQ6orm_u4HMfICMXp4AaABAg,"Thank you sincerely for the course, which is worth a lot of money, and for the training you prepared by giving it your precious time. Thank you for presenting the forex trading course in a very clear and detailed manner, with a smooth flow and an exceptionally calm teaching style.",2026-09-01T21:45:51Z,2026-10-01T13:27:16.189424+00:00,0,0,,9eed0c00ab8b97ffd4bf396cb6b4dd0b4126e623de03b7307c616c2d7f962fed,,youtube-data-api-v3/commentThreads.list,,_YVQN6_nkfs,Trading for Beginners Part 1 - FULL TRADING COURSE TUTORIAL,Jason Graystone,,
youtube,Jason Graystone,_YVQN6_nkfs,https://www.youtube.com/watch?v=_YVQN6_nkfs,Ugx0xFL6apBeBUIa60F4AaABAg,This tutorial is top notch I will definitely recommend this.,2026-07-02T10:22:26Z,2026-10-01T13:27:16.189424+00:00,0,0,,5ec91bfe71b9ebfc4c2e6a7005b98a22cfb5f8e48c5df198ee6cc9719b1ca4c6,,youtube-data-api-v3/commentThreads.list,,_YVQN6_nkfs,Trading for Beginners Part 1 - FULL TRADING COURSE TUTORIAL,Jason Graystone,,
youtube,Jason Graystone,_YVQN6_nkfs,https://www.youtube.com/watch?v=_YVQN6_nkfs,Ugzsauz5YwQ4Us8fthF4AaABAg,📊 Good analysis. Market structure remains the key factor.,2026-06-20T04:38:18Z,2026-10-01T13:27:16.189424+00:00,0,0,,73c1494ea0577661e27d3fafa1e2e2f9324a282aa6372a64880a49312a6b64fe,,youtube-data-api-v3/commentThreads.list,,_YVQN6_nkfs,Trading for Beginners Part 1 - FULL TRADING COURSE TUTORIAL,Jason Graystone,,
youtube,Jason Graystone,_YVQN6_nkfs,https://www.youtube.com/watch?v=_YVQN6_nkfs,UgwA_WmtD_-atciYDr14AaABAg,"Amazing, this is full of incredible information and it's only part one!",2026-08-03T11:09:16Z,2026-10-01T13:27:16.189424+00:00,0,0,,c60544b66baa93b36a9f506b425b9b60471c983ae8b6d6a72ddcbbaf8f96a38e,,youtube-data-api-v3/commentThreads.list,,_YVQN6_nkfs,Trading for Beginners Part 1 - FULL TRADING COURSE TUTORIAL,Jason Graystone,,
youtube,Jason Graystone,_YVQN6_nkfs,https://www.youtube.com/watch?v=_YVQN6_nkfs,Ugy08akuOcr5T2errQF4AaABAg,"I started trading with $5k just last week and now I've hit $14,590. I was having this exact conversation with my son the other night – generational wealth isn't just about getting money. It's about teaching everyone not only how to make it, but also how to maintain it. It does no good for me to provide for my family if they don't understand how to manage and sustain it. That's why I really love this video...",2026-05-28T13:23:32Z,2026-10-01T13:27:16.189424+00:00,0,0,,17085092e6e461f64b693796df7d413f4cea9cfff4807e54ab1595b3c0c7ee47,,youtube-data-api-v3/commentThreads.list,,_YVQN6_nkfs,Trading for Beginners Part 1 - FULL TRADING COURSE TUTORIAL,Jason Graystone,,
youtube,Jason Graystone,_YVQN6_nkfs,https://www.youtube.com/watch?v=_YVQN6_nkfs,Ugyz3TvBbiqSyCGKJ4B4AaABAg,You earned every second of my watch time.,2026-08-24T03:45:15Z,2026-10-01T13:27:16.189424+00:00,0,0,,c806ef5e2a7f76799a52be5d82812196b5c2aa280436e6878afce2d243c5f7d4,,youtube-data-api-v3/commentThreads.list,,_YVQN6_nkfs,Trading for Beginners Part 1 - FULL TRADING COURSE TUTORIAL,Jason Graystone,,
youtube,Jason Graystone,_YVQN6_nkfs,https://www.youtube.com/watch?v=_YVQN6_nkfs,UgwHwjp1qG1G9HTHm2Z4AaABAg,"I went at this a good few years ago always had the interest but never the time, but this is very good educational videos hopefully I can stay with it now because I now have time on my hands",2026-07-16T00:03:49Z,2026-10-01T13:27:16.189424+00:00,0,0,,5fc5afacfc642e1d86d415a89ecf56295f39a13478f614ca175fdb4e99deccff,,youtube-data-api-v3/commentThreads.list,,_YVQN6_nkfs,Trading for Beginners Part 1 - FULL TRADING COURSE TUTORIAL,Jason Graystone,,
youtube,Jason Graystone,_YVQN6_nkfs,https://www.youtube.com/watch?v=_YVQN6_nkfs,UgxqzzG8B7RptgTt9eF4AaABAg,Who else is watching this with a smile,2026-09-12T19:12:23Z,2026-10-01T13:27:16.189424+00:00,0,0,,85db6596a77cdbf8be0123cddfd45d5dfb451d61c2eef5c0a471c798c197ef66,,youtube-data-api-v3/commentThreads.list,,_YVQN6_nkfs,Trading for Beginners Part 1 - FULL TRADING COURSE TUTORIAL,Jason Graystone,,
youtube,Jason Graystone,_YVQN6_nkfs,https://www.youtube.com/watch?v=_YVQN6_nkfs,UgwkPqHdnoQrI4a8vwZ4AaABAg,Honestly doubted pro approaches after scams but position sizing finally kept my Forex trades alive.,2026-05-05T15:41:51Z,2026-10-01T13:27:16.189424+00:00,2,3,,269cbb718bf6e824b9b828262a86e48e1d9a237f42a96f76aa05648448a1d1b3,,youtube-data-api-v3/commentThreads.list,,_YVQN6_nkfs,Trading for Beginners Part 1 - FULL TRADING COURSE TUTORIAL,Jason Graystone,,
youtube,Jason Graystone,_YVQN6_nkfs,https://www.youtube.com/watch?v=_YVQN6_nkfs,UgwkPqHdnoQrI4a8vwZ4AaABAg.AWR5nK8QDjwAWSTt5eOMnA,"It’s not just about thinking positive, it’s about aligning with real-world actions that bring your desires into reality. Now, I’ve manifested opportunities I never imagined possible, and my mindset has shifted completely. If you’re frustrated like I was, don’t hesitate to reach out to get started with any amount you can afford and It will change everything",2026-05-06T04:31:36Z,2026-10-01T13:27:16.189424+00:00,2,0,,1040468f76e5fe685c7663cb50ae9468a3d2923524b082608181511a9f915109,UgwkPqHdnoQrI4a8vwZ4AaABAg,youtube-data-api-v3/commentThreads.list,,_YVQN6_nkfs,Trading for Beginners Part 1 - FULL TRADING COURSE TUTORIAL,Jason Graystone,,
youtube,Jason Graystone,_YVQN6_nkfs,https://www.youtube.com/watch?v=_YVQN6_nkfs,UgwkPqHdnoQrI4a8vwZ4AaABAg.AWR5nK8QDjwAWSTxy_DZxq,I really appreciate 𝐀L𝐄𝙎𝙎𝙖n𝙙𝕣o𝟱𝕥𝕣𝙖𝙙𝕖.. 📩💯,2026-05-06T04:32:16Z,2026-10-01T13:27:16.189424+00:00,2,0,,1040468f76e5fe685c7663cb50ae9468a3d2923524b082608181511a9f915109,UgwkPqHdnoQrI4a8vwZ4AaABAg,youtube-data-api-v3/commentThreads.list,,_YVQN6_nkfs,Trading for Beginners Part 1 - FULL TRADING COURSE TUTORIAL,Jason Graystone,,
youtube,Jason Graystone,_YVQN6_nkfs,https://www.youtube.com/watch?v=_YVQN6_nkfs,UgwkPqHdnoQrI4a8vwZ4AaABAg.AWR5nK8QDjwAWSU0Hq0ef2,He's TE lE G RAM;,2026-05-06T04:32:43Z,2026-10-01T13:27:16.189424+00:00,2,0,,1040468f76e5fe685c7663cb50ae9468a3d2923524b082608181511a9f915109,UgwkPqHdnoQrI4a8vwZ4AaABAg,youtube-data-api-v3/commentThreads.list,,_YVQN6_nkfs,Trading for Beginners Part 1 - FULL TRADING COURSE TUTORIAL,Jason Graystone,,
youtube,Jason Graystone,_YVQN6_nkfs,https://www.youtube.com/watch?v=_YVQN6_nkfs,UgwBv8j1NAAFr1nMQAh4AaABAg,new to the game getting better everyday....,2026-04-23T07:09:30Z,2026-10-01T13:27:16.189424+00:00,0,0,,4035dc5a30a8d7772b593a7a2e575024753664e3111595fec0efb58a25ee70f2,,youtube-data-api-v3/commentThreads.list,,_YVQN6_nkfs,Trading for Beginners Part 1 - FULL TRADING COURSE TUTORIAL,Jason Graystone,,
youtube,Jason Graystone,_YVQN6_nkfs,https://www.youtube.com/watch?v=_YVQN6_nkfs,Ugz581LNcoWQw4zl4Rx4AaABAg,Thank you for this video.. I will begin the challenge today.,2026-05-13T12:07:44Z,2026-10-01T13:27:16.189424+00:00,0,0,,0b01a83ff8131f698b6027b70a01b0ba840f8e8a669827131e85d4171d2a4054,,youtube-data-api-v3/commentThreads.list,,_YVQN6_nkfs,Trading for Beginners Part 1 - FULL TRADING COURSE TUTORIAL,Jason Graystone,,
youtube,Jason Graystone,_YVQN6_nkfs,https://www.youtube.com/watch?v=_YVQN6_nkfs,UgygL2IGACKTszEYnyF4AaABAg,Thank you Sir !!!! I learn a lot from you . More blessings to you and your family.  This is so helpful . ❤❤❤,2026-07-04T01:41:52Z,2026-10-01T13:27:16.189424+00:00,0,0,,b397a7fd615f928c74f605be1aafaea591a5650f0d165d4146d4b38d95feca5b,,youtube-data-api-v3/commentThreads.list,,_YVQN6_nkfs,Trading for Beginners Part 1 - FULL TRADING COURSE TUTORIAL,Jason Graystone,,
youtube,Jason Graystone,_YVQN6_nkfs,https://www.youtube.com/watch?v=_YVQN6_nkfs,UgwsxWeYI3ztgnbVgZt4AaABAg,Great presentation! Worth watching all the way thru,2026-05-24T00:31:08Z,2026-10-01T13:27:16.189424+00:00,0,0,,31f5564423ef2bef3c04e083ab5c367d36d70c3c94b8a7d75c93db03476a553e,,youtube-data-api-v3/commentThreads.list,,_YVQN6_nkfs,Trading for Beginners Part 1 - FULL TRADING COURSE TUTORIAL,Jason Graystone,,
youtube,Jason Graystone,_YVQN6_nkfs,https://www.youtube.com/watch?v=_YVQN6_nkfs,UgwvYWjGny1it5td3X54AaABAg,I wanna learn more about trading.  all  what I  learn from you is got it.but i want to be one of your best professional student that you will be proud of,2026-09-06T21:45:24Z,2026-10-01T13:27:16.189424+00:00,0,0,,0c16cb338d560cee1e248e1a39ec7d37f4c443633ce92f10004259412539ceb0,,youtube-data-api-v3/commentThreads.list,,_YVQN6_nkfs,Trading for Beginners Part 1 - FULL TRADING COURSE TUTORIAL,Jason Graystone,,
youtube,Jason Graystone,_YVQN6_nkfs,https://www.youtube.com/watch?v=_YVQN6_nkfs,UgxMSmaR1s8MnIjW-A14AaABAg,The effort really shows.,2026-08-20T00:47:06Z,2026-10-01T13:27:16.189424+00:00,0,0,,3db29efb2a67f3a75b3ed8f0831800de7e9ea8acf4cfaa9bf68ee6d70845f227,,youtube-data-api-v3/commentThreads.list,,_YVQN6_nkfs,Trading for Beginners Part 1 - FULL TRADING COURSE TUTORIAL,Jason Graystone,,
youtube,Jason Graystone,_YVQN6_nkfs,https://www.youtube.com/watch?v=_YVQN6_nkfs,Ugy7DE5KbAhbwjDqJil4AaABAg,"Loved the content, keep it coming!",2026-06-28T18:32:11Z,2026-10-01T13:27:16.189424+00:00,0,0,,5bc4a2af8e8afcc907908927cbbf73c6ecc8f440f91e0729747ec1251687a75e,,youtube-data-api-v3/commentThreads.list,,_YVQN6_nkfs,Trading for Beginners Part 1 - FULL TRADING COURSE TUTORIAL,Jason Graystone,,
youtube,Jason Graystone,_YVQN6_nkfs,https://www.youtube.com/watch?v=_YVQN6_nkfs,UgyDQojda-ncq70UjVF4AaABAg,"Good evening, my name is Zion and I'm working towards becoming a professional trader, Mr. Jason said we should introduce ourselves and treat this like a community, so here I am.",2026-07-28T15:13:28Z,2026-10-01T13:27:16.189424+00:00,0,0,,ada0244437bc7020022bca1c2b1c2fc08bcfc70f65c24b69d3c6f5d7f766a5c2,,youtube-data-api-v3/commentThreads.list,,_YVQN6_nkfs,Trading for Beginners Part 1 - FULL TRADING COURSE TUTORIAL,Jason Graystone,,
youtube,Jason Graystone,_YVQN6_nkfs,https://www.youtube.com/watch?v=_YVQN6_nkfs,UgwgQb6puRyxuO2QFfp4AaABAg,Am excited and motivated by this wish me luck,2026-06-30T15:12:17Z,2026-10-01T13:27:16.189424+00:00,0,0,,437cd2351d3d199e9e24126d26d5e81efd1f1a3960cc1939c99ae7f4c846c512,,youtube-data-api-v3/commentThreads.list,,_YVQN6_nkfs,Trading for Beginners Part 1 - FULL TRADING COURSE TUTORIAL,Jason Graystone,,
youtube,Jason Graystone,_YVQN6_nkfs,https://www.youtube.com/watch?v=_YVQN6_nkfs,UgxQblZTX38r9iab5sl4AaABAg,This video is worth sharing This deserves recognition.,2026-09-15T20:17:36Z,2026-10-01T13:27:16.189424+00:00,0,0,,31fdadc69cbda5dc7b13a35f755b1269418fed14bf82395f676eade72e2a065f,,youtube-data-api-v3/commentThreads.list,,_YVQN6_nkfs,Trading for Beginners Part 1 - FULL TRADING COURSE TUTORIAL,Jason Graystone,,
youtube,Jason Graystone,_YVQN6_nkfs,https://www.youtube.com/watch?v=_YVQN6_nkfs,UgxfmxUUKXHJxi-ooWd4AaABAg,Thanks for taking the time to make this.,2026-08-22T23:04:48Z,2026-10-01T13:27:16.189424+00:00,0,0,,e3e7bd4e827c31b3dce3093f6240197aa6374b06a5b271130484a28a0ef62422,,youtube-data-api-v3/commentThreads.list,,_YVQN6_nkfs,Trading for Beginners Part 1 - FULL TRADING COURSE TUTORIAL,Jason Graystone,,
youtube,Jason Graystone,_YVQN6_nkfs,https://www.youtube.com/watch?v=_YVQN6_nkfs,Ugx11aisXi2o-iBnqKJ4AaABAg,This deserves way more views.,2026-09-26T07:43:17Z,2026-10-01T13:27:16.189424+00:00,0,0,,7890b09ada46608e6235b0c71b85181ff01d9e525aa39f98a85197cc2567464d,,youtube-data-api-v3/commentThreads.list,,_YVQN6_nkfs,Trading for Beginners Part 1 - FULL TRADING COURSE TUTORIAL,Jason Graystone,,
youtube,Jason Graystone,_YVQN6_nkfs,https://www.youtube.com/watch?v=_YVQN6_nkfs,UgxYeTKx4FKi16haUph4AaABAg,Really appreciate the insights in this video.,2026-05-31T03:35:47Z,2026-10-01T13:27:16.189424+00:00,0,0,,a179c69d612baad6aa0458cf469d64a362bbd5b7614ff5374a1aaec8844dd7f4,,youtube-data-api-v3/commentThreads.list,,_YVQN6_nkfs,Trading for Beginners Part 1 - FULL TRADING COURSE TUTORIAL,Jason Graystone,,
youtube,Jason Graystone,_YVQN6_nkfs,https://www.youtube.com/watch?v=_YVQN6_nkfs,UgwN85IWc2UeaZy_i0d4AaABAg,This tutorial is top notch I really appreciate the effort.,2026-08-21T19:38:52Z,2026-10-01T13:27:16.189424+00:00,0,0,,bf4aa15d35d38922181e915b0b2e43b4a7f6bb199af0036fdcc9ce7d751e009a,,youtube-data-api-v3/commentThreads.list,,_YVQN6_nkfs,Trading for Beginners Part 1 - FULL TRADING COURSE TUTORIAL,Jason Graystone,,
youtube,Jason Graystone,_YVQN6_nkfs,https://www.youtube.com/watch?v=_YVQN6_nkfs,UgxoJzRvSvaebq8R5Zx4AaABAg,"You explained this so well, thank you!",2026-05-30T02:12:13Z,2026-10-01T13:27:16.189424+00:00,0,0,,6db2070434a15a31d76ec474e798776d4e48a2cdf060bd6585b889a4816e3ae0,,youtube-data-api-v3/commentThreads.list,,_YVQN6_nkfs,Trading for Beginners Part 1 - FULL TRADING COURSE TUTORIAL,Jason Graystone,,
youtube,Jason Graystone,_YVQN6_nkfs,https://www.youtube.com/watch?v=_YVQN6_nkfs,UgxVY-YtF1H9qmrLAQ94AaABAg,Am coming back here next year to share my testimonies,2026-07-30T18:27:25Z,2026-10-01T13:27:16.189424+00:00,0,0,,d9eea4c1c54a7c315446b89f1d2d3321266e195f2a0e68c6ad1b7d95fc15d117,,youtube-data-api-v3/commentThreads.list,,_YVQN6_nkfs,Trading for Beginners Part 1 - FULL TRADING COURSE TUTORIAL,Jason Graystone,,
youtube,Jason Graystone,_YVQN6_nkfs,https://www.youtube.com/watch?v=_YVQN6_nkfs,UgwBHG3XXUUQbxSRnld4AaABAg,Thanks for that teacher I will dedicate more time to understand trend of market,2026-08-23T14:26:40Z,2026-10-01T13:27:16.189424+00:00,0,0,,e2e5d6201465acd0d192e25dbdfffe352a82fb0bf777fbcdd67b25ab1e66ba0d,,youtube-data-api-v3/commentThreads.list,,_YVQN6_nkfs,Trading for Beginners Part 1 - FULL TRADING COURSE TUTORIAL,Jason Graystone,,
youtube,Jason Graystone,_YVQN6_nkfs,https://www.youtube.com/watch?v=_YVQN6_nkfs,Ugw0TK6ooDGv9WMIa2V4AaABAg,"Fantastic video, really appreciate your effort!",2026-05-13T01:35:56Z,2026-10-01T13:27:16.189424+00:00,0,0,,3181f6bc78ee36846871359f0a5a4ff7e8bdd47846bbd85a57b0d1d0fdac9bd5,,youtube-data-api-v3/commentThreads.list,,_YVQN6_nkfs,Trading for Beginners Part 1 - FULL TRADING COURSE TUTORIAL,Jason Graystone,,
youtube,Jason Graystone,_YVQN6_nkfs,https://www.youtube.com/watch?v=_YVQN6_nkfs,UgzeCCcPo-Qi29582Nx4AaABAg,The content is well made I will definitely recommend this.,2026-08-21T09:41:59Z,2026-10-01T13:27:16.189424+00:00,0,0,,a906424c21c3d6333e2caced3b7331898037e36bb4ad39b2c61d454f57be0bf1,,youtube-data-api-v3/commentThreads.list,,_YVQN6_nkfs,Trading for Beginners Part 1 - FULL TRADING COURSE TUTORIAL,Jason Graystone,,
youtube,Jason Graystone,_YVQN6_nkfs,https://www.youtube.com/watch?v=_YVQN6_nkfs,UgwdMrNUE4sj-wHNx9p4AaABAg,Great video! Really enjoyed it.,2026-06-01T19:49:57Z,2026-10-01T13:27:16.189424+00:00,0,0,,0e7ca521fccff94f86ca05ee0ff78b6aea52f80e02b24cd237523cb8ca343c8b,,youtube-data-api-v3/commentThreads.list,,_YVQN6_nkfs,Trading for Beginners Part 1 - FULL TRADING COURSE TUTORIAL,Jason Graystone,,
youtube,Jason Graystone,_YVQN6_nkfs,https://www.youtube.com/watch?v=_YVQN6_nkfs,UgzXXXeRCw632cM-N0V4AaABAg,"This video was amazing, learned a lot.",2026-07-01T05:44:41Z,2026-10-01T13:27:16.189424+00:00,0,0,,b0abd8ac6e330a15f592ef1111f8aeae83c4760f6e012a388cae91be77508b26,,youtube-data-api-v3/commentThreads.list,,_YVQN6_nkfs,Trading for Beginners Part 1 - FULL TRADING COURSE TUTORIAL,Jason Graystone,,
youtube,Jason Graystone,_YVQN6_nkfs,https://www.youtube.com/watch?v=_YVQN6_nkfs,UgzngKxmFCc7V0HtHP14AaABAg,You re doing an amazing job.,2026-09-12T12:32:30Z,2026-10-01T13:27:16.189424+00:00,0,0,,3ba424eedd2294abb24a5819fed095a47ccf706741d38f4386935b4dba9b1c92,,youtube-data-api-v3/commentThreads.list,,_YVQN6_nkfs,Trading for Beginners Part 1 - FULL TRADING COURSE TUTORIAL,Jason Graystone,,
youtube,Jason Graystone,_YVQN6_nkfs,https://www.youtube.com/watch?v=_YVQN6_nkfs,UgzZGaGWx61I2lVStU54AaABAg,This exceeded my expectations.,2026-09-28T00:44:39Z,2026-10-01T13:27:16.190418+00:00,0,0,,d08cf18d245b1d9df6963216d5439ac14955fcbda6c13e20517c5045f8f0757e,,youtube-data-api-v3/commentThreads.list,,_YVQN6_nkfs,Trading for Beginners Part 1 - FULL TRADING COURSE TUTORIAL,Jason Graystone,,
youtube,Jason Graystone,_YVQN6_nkfs,https://www.youtube.com/watch?v=_YVQN6_nkfs,UgwjEtHQDW4mevAWxB94AaABAg,You never disappoint.,2026-08-28T02:28:27Z,2026-10-01T13:27:16.190418+00:00,0,0,,0cdf0433f185cb6be6f414b7e292f6f2aae3a7c83e460bb356d6ae34280edd78,,youtube-data-api-v3/commentThreads.list,,_YVQN6_nkfs,Trading for Beginners Part 1 - FULL TRADING COURSE TUTORIAL,Jason Graystone,,
youtube,Jason Graystone,_YVQN6_nkfs,https://www.youtube.com/watch?v=_YVQN6_nkfs,UgwPoqtlN7M_pe-7p-B4AaABAg,Amazing from start to finish.,2026-09-27T00:54:12Z,2026-10-01T13:27:16.190418+00:00,1,0,,2c035cbb5191ec417f654b7f14a0e385d75c288c204424d48907259d8c50f334,,youtube-data-api-v3/commentThreads.list,,_YVQN6_nkfs,Trading for Beginners Part 1 - FULL TRADING COURSE TUTORIAL,Jason Graystone,,
youtube,Jason Graystone,_YVQN6_nkfs,https://www.youtube.com/watch?v=_YVQN6_nkfs,UgzLeVdeOjDFJf4DKaF4AaABAg,You explained everything perfectly.,2026-09-29T14:28:22Z,2026-10-01T13:27:16.190418+00:00,0,0,,a7d5d0ecb39c9fb5f957ee1c97d50e25d3a0415d9c3131d4c50da7f31c51ef27,,youtube-data-api-v3/commentThreads.list,,_YVQN6_nkfs,Trading for Beginners Part 1 - FULL TRADING COURSE TUTORIAL,Jason Graystone,,
youtube,Jason Graystone,_YVQN6_nkfs,https://www.youtube.com/watch?v=_YVQN6_nkfs,UgzZmXqUl2lg3q035J54AaABAg,Think I'll re watch the video and start again as orders in general is slightly confusing some parts but love the video thank you,2026-05-28T16:52:14Z,2026-10-01T13:27:16.190418+00:00,0,0,,ea04ed7c9523d02a652429df479b3c0810da76c2d2b5fd889651685cf6d44ca2,,youtube-data-api-v3/commentThreads.list,,_YVQN6_nkfs,Trading for Beginners Part 1 - FULL TRADING COURSE TUTORIAL,Jason Graystone,,
youtube,Jason Graystone,_YVQN6_nkfs,https://www.youtube.com/watch?v=_YVQN6_nkfs,UgwlXxc9QNWT4UMp42J4AaABAg,Instant like from me.,2026-08-17T17:04:54Z,2026-10-01T13:27:16.190418+00:00,0,0,,7326b039eea3c7cc28316d951d8a448c80e66e7a350bb76846b557cffdebc4f9,,youtube-data-api-v3/commentThreads.list,,_YVQN6_nkfs,Trading for Beginners Part 1 - FULL TRADING COURSE TUTORIAL,Jason Graystone,,
youtube,VasilyTrader,E0YMb62jY64,https://www.youtube.com/watch?v=E0YMb62jY64,UgzpbIf_4OZYZhsKGMl4AaABAg.9wH_Yod0Y4Z9wMiM58o95l,US100 please 🙏,2023-10-27T07:29:44Z,2026-10-01T13:27:17.075017+00:00,0,0,,7541e7db6329c64c850137816880261633748ddef7b3a74be5c7a857f5b4d09a,UgzpbIf_4OZYZhsKGMl4AaABAg,youtube-data-api-v3/commentThreads.list,,E0YMb62jY64,GOLD Trading For BEGINNERS. What Time Frame to Trade?,VasilyTrader,,
youtube,VasilyTrader,E0YMb62jY64,https://www.youtube.com/watch?v=E0YMb62jY64,UgzpbIf_4OZYZhsKGMl4AaABAg.9wH_Yod0Y4Z9wQK8l4aope,Scalping,2023-10-28T17:06:26Z,2026-10-01T13:27:17.075017+00:00,0,0,,84b7f00b51006aba6218a2a30759e16d5b0c6c4845dfe7ce027cc3161f74b479,UgzpbIf_4OZYZhsKGMl4AaABAg,youtube-data-api-v3/commentThreads.list,,E0YMb62jY64,GOLD Trading For BEGINNERS. What Time Frame to Trade?,VasilyTrader,,
youtube,VasilyTrader,E0YMb62jY64,https://www.youtube.com/watch?v=E0YMb62jY64,UgzpbIf_4OZYZhsKGMl4AaABAg.9wH_Yod0Y4ZALg0Br0K5mZ,Explain the graph,2025-08-11T10:15:25Z,2026-10-01T13:27:17.075017+00:00,0,0,,1fd3ea74ca70bff8abb84b82fcdbd414a200185c6f4af2852c85f852de59029a,UgzpbIf_4OZYZhsKGMl4AaABAg,youtube-data-api-v3/commentThreads.list,,E0YMb62jY64,GOLD Trading For BEGINNERS. What Time Frame to Trade?,VasilyTrader,,
youtube,VasilyTrader,E0YMb62jY64,https://www.youtube.com/watch?v=E0YMb62jY64,Ugwme5g-xURX8vy-aid4AaABAg,These insights are invaluable and are contained in a free 5 minutes video.,2025-06-14T07:21:59Z,2026-10-01T13:27:17.075017+00:00,1,1,,1618679bc86f0f49bd6a8a5219f09f800bf30b7555b7979ab8da87f3bffcd2b6,,youtube-data-api-v3/commentThreads.list,,E0YMb62jY64,GOLD Trading For BEGINNERS. What Time Frame to Trade?,VasilyTrader,,
youtube,VasilyTrader,E0YMb62jY64,https://www.youtube.com/watch?v=E0YMb62jY64,Ugwh3vSmGoaXiybxa0p4AaABAg,in the next video we want to learn about useful tools in mt4 and trading view,2023-10-25T09:03:06Z,2026-10-01T13:27:17.075017+00:00,3,1,,ce99542ebffd2822e2d0b0d36ad1f3493a69592354e1fc8a8a614e20bdc3a826,,youtube-data-api-v3/commentThreads.list,,E0YMb62jY64,GOLD Trading For BEGINNERS. What Time Frame to Trade?,VasilyTrader,,
youtube,VasilyTrader,E0YMb62jY64,https://www.youtube.com/watch?v=E0YMb62jY64,Ugy3Ya4ImV_0QITBXvx4AaABAg,Thanks a lot Vasily,2023-10-25T07:38:57Z,2026-10-01T13:27:17.075017+00:00,0,2,,9f2788398ca58d7b3c05f76307d7d57a653922ffdee31f76921d146104529a2c,,youtube-data-api-v3/commentThreads.list,,E0YMb62jY64,GOLD Trading For BEGINNERS. What Time Frame to Trade?,VasilyTrader,,
youtube,VasilyTrader,E0YMb62jY64,https://www.youtube.com/watch?v=E0YMb62jY64,Ugy3Ya4ImV_0QITBXvx4AaABAg.9wH_omavlTjAAzgqlOW4zY,1h is okay?​@VasilyTrader,2024-11-18T15:57:07Z,2026-10-01T13:27:17.075017+00:00,0,0,,5dae8715e8604ab4261b7595254dcd653ea6a9ae7d72f58cab4fe6c7ec4ee806,Ugy3Ya4ImV_0QITBXvx4AaABAg,youtube-data-api-v3/commentThreads.list,,E0YMb62jY64,GOLD Trading For BEGINNERS. What Time Frame to Trade?,VasilyTrader,,
youtube,VasilyTrader,E0YMb62jY64,https://www.youtube.com/watch?v=E0YMb62jY64,UgzB1vzNxbmE7IMASed4AaABAg,"Thanks alot Mr Vasilytrader😊
Am still looking up to you on my request to teach diamond bottom and counter trend.",2023-10-25T07:45:39Z,2026-10-01T13:27:17.075017+00:00,1,1,,74efcd2ec2e3fe7ded340f722f2ce0e411ee57c138134f7053dd225a543c73fa,,youtube-data-api-v3/commentThreads.list,,E0YMb62jY64,GOLD Trading For BEGINNERS. What Time Frame to Trade?,VasilyTrader,,
youtube,VasilyTrader,E0YMb62jY64,https://www.youtube.com/watch?v=E0YMb62jY64,UgxVU2szv2fQDtcBnrV4AaABAg,"Thank you for information. Yes, daily timeframe seems best, hence it is easy to identify the support and resistance levels for your technical indicators. My XAUUSD EA program works most proficient and accurate on the daily timeframe. ADX, CCI, ATR and Momentum is good for Gold / USD.",2024-08-23T19:30:47Z,2026-10-01T13:27:17.075017+00:00,0,1,,8453445b063c31ee893c38602930d95a55a1d9480cd10f1d725e44a84372e2ee,,youtube-data-api-v3/commentThreads.list,,E0YMb62jY64,GOLD Trading For BEGINNERS. What Time Frame to Trade?,VasilyTrader,,
youtube,VasilyTrader,E0YMb62jY64,https://www.youtube.com/watch?v=E0YMb62jY64,Ugwnoybm8-PBJtnxaM54AaABAg,Am requestingvlearning trading please,2023-10-25T18:14:09Z,2026-10-01T13:27:17.075017+00:00,1,1,,edfbbb785765836b222644babab79065a2329902af520607674230e7dfc4ce51,,youtube-data-api-v3/commentThreads.list,,E0YMb62jY64,GOLD Trading For BEGINNERS. What Time Frame to Trade?,VasilyTrader,,
youtube,VasilyTrader,E0YMb62jY64,https://www.youtube.com/watch?v=E0YMb62jY64,UgxRwTLh0mGLkC2WiCd4AaABAg,"Hi Vasily, thank you always for the free information. Its a big help for me since I am really a newbie in trading.  I want to learn more about gold and wti trading. Is it advisable to do scalping with wti?  Thank you in advance.",2023-10-27T12:11:25Z,2026-10-01T13:27:17.075017+00:00,1,1,,b00a5db7dc99c43780831668ed6186b7fd0b92785f73b90f46308f3476025886,,youtube-data-api-v3/commentThreads.list,,E0YMb62jY64,GOLD Trading For BEGINNERS. What Time Frame to Trade?,VasilyTrader,,
youtube,VasilyTrader,E0YMb62jY64,https://www.youtube.com/watch?v=E0YMb62jY64,Ugxe6rdLDBQv19C6tAh4AaABAg,Please   Which one is the most important,2025-10-27T20:49:16Z,2026-10-01T13:27:17.075017+00:00,0,1,,f6f10091c5ddb375bcc326ff687aa1b1c059c94200baf168b64d53d8ee6af1bf,,youtube-data-api-v3/commentThreads.list,,E0YMb62jY64,GOLD Trading For BEGINNERS. What Time Frame to Trade?,VasilyTrader,,
youtube,VasilyTrader,E0YMb62jY64,https://www.youtube.com/watch?v=E0YMb62jY64,Ugw4YTBDt4E7N7RSzLJ4AaABAg,Do you think EUR/CHF is interesting? Thank you and wish you success.,2023-10-25T10:37:34Z,2026-10-01T13:27:17.075017+00:00,0,1,,90a1b071e6988cfbeec06cbdd226b58da8176e980e9389e75b61d58d97730ecc,,youtube-data-api-v3/commentThreads.list,,E0YMb62jY64,GOLD Trading For BEGINNERS. What Time Frame to Trade?,VasilyTrader,,
youtube,VasilyTrader,E0YMb62jY64,https://www.youtube.com/watch?v=E0YMb62jY64,UgyKsGkRDZirjlM1pgN4AaABAg,"Thank you for these strategies.. i have question where can we buy Gold, silver, natural gas, crude oil in spot for investing purpose? which according to you is best for investing?",2023-11-01T14:28:07Z,2026-10-01T13:27:17.075017+00:00,1,1,,095347081f92946f6c7f091f140f31b4610cb8f12be56f3a340bd2470531dfd6,,youtube-data-api-v3/commentThreads.list,,E0YMb62jY64,GOLD Trading For BEGINNERS. What Time Frame to Trade?,VasilyTrader,,
youtube,TraderNick,oc2zqnvsqi0,https://www.youtube.com/watch?v=oc2zqnvsqi0,UgzGA4ziH5YQRoynYbR4AaABAg.A9JMPdnsvx2ADTJS1Yhr6p,Thank you  for your advice ☝🏼,2025-01-19T06:23:08Z,2026-10-01T13:27:18.420833+00:00,0,0,,eb0664cc040d29c3196921c476518169b5f3c35510a5220dff1f9e62466c0843,UgzGA4ziH5YQRoynYbR4AaABAg,youtube-data-api-v3/commentThreads.list,,oc2zqnvsqi0,3 Key Tips for Trading Gold!,TraderNick,,
youtube,TraderNick,oc2zqnvsqi0,https://www.youtube.com/watch?v=oc2zqnvsqi0,UgzGA4ziH5YQRoynYbR4AaABAg.A9JMPdnsvx2ADW6TZqSvex,Which broker u use am looking for broker that I can access xauusd in meta trader 4 and 5 let me know thank you,2025-01-20T08:27:28Z,2026-10-01T13:27:18.420833+00:00,0,0,,f95040f12b8c9804a4e857deaf64c4ea9a0c6cd32961401c0eceaea8f053dcb6,UgzGA4ziH5YQRoynYbR4AaABAg,youtube-data-api-v3/commentThreads.list,,oc2zqnvsqi0,3 Key Tips for Trading Gold!,TraderNick,,
youtube,TraderNick,oc2zqnvsqi0,https://www.youtube.com/watch?v=oc2zqnvsqi0,UgzGA4ziH5YQRoynYbR4AaABAg.A9JMPdnsvx2AE_J54SKDDI,"Hello Nick,
How did u get the price 193.50 whe XAUUSD/Gold was nearly trading at 1900 ?",2025-02-15T20:06:05Z,2026-10-01T13:27:18.420833+00:00,0,0,,e1040ed034be13b6481f6d97bf2031cde5940d5330272c6ba1d3eb96a5b981cd,UgzGA4ziH5YQRoynYbR4AaABAg,youtube-data-api-v3/commentThreads.list,,oc2zqnvsqi0,3 Key Tips for Trading Gold!,TraderNick,,
youtube,TraderNick,oc2zqnvsqi0,https://www.youtube.com/watch?v=oc2zqnvsqi0,UgzGA4ziH5YQRoynYbR4AaABAg.A9JMPdnsvx2AVe6Q129joQ,teach me how to trade please,2026-04-16T05:45:15Z,2026-10-01T13:27:18.420833+00:00,0,0,,efa2091b5f38b2b9eb493eb4cc4569112c5fb686340f0ec020f91d93f570ea63,UgzGA4ziH5YQRoynYbR4AaABAg,youtube-data-api-v3/commentThreads.list,,oc2zqnvsqi0,3 Key Tips for Trading Gold!,TraderNick,,
youtube,TraderNick,oc2zqnvsqi0,https://www.youtube.com/watch?v=oc2zqnvsqi0,UgzGx2fqmnFC0F53IYJ4AaABAg,Hardest Working team In The Industry! Tired Of Seeing Lamborghinis! This is what traders want to see!,2024-04-07T13:13:28Z,2026-10-01T13:27:18.420833+00:00,310,12,,55936186bac2a714a6440e70ab310d2791cc9e9027c35836529b2ff94523c2fc,,youtube-data-api-v3/commentThreads.list,,oc2zqnvsqi0,3 Key Tips for Trading Gold!,TraderNick,,
youtube,TraderNick,oc2zqnvsqi0,https://www.youtube.com/watch?v=oc2zqnvsqi0,UgzGx2fqmnFC0F53IYJ4AaABAg.A1w2GDiPgtvA1w6NpcqY5P,Underrated comment!,2024-04-07T13:49:27Z,2026-10-01T13:27:18.420833+00:00,7,0,,871835ce4ae9492a6f9d21ecc03d6456d9a59259d8c791beacb718c80a68ecf5,UgzGx2fqmnFC0F53IYJ4AaABAg,youtube-data-api-v3/commentThreads.list,,oc2zqnvsqi0,3 Key Tips for Trading Gold!,TraderNick,,
youtube,TraderNick,oc2zqnvsqi0,https://www.youtube.com/watch?v=oc2zqnvsqi0,UgzGx2fqmnFC0F53IYJ4AaABAg.A1w2GDiPgtvA1wA0Fus0Av,Yeah most practical people are happy just to make some extra money and pay some bills,2024-04-07T14:21:11Z,2026-10-01T13:27:18.420833+00:00,22,0,,e67898679fdc392309c1600ff01ff988aacb1aafe76426888a1b6b6e1e6300ae,UgzGx2fqmnFC0F53IYJ4AaABAg,youtube-data-api-v3/commentThreads.list,,oc2zqnvsqi0,3 Key Tips for Trading Gold!,TraderNick,,
youtube,TraderNick,oc2zqnvsqi0,https://www.youtube.com/watch?v=oc2zqnvsqi0,UgzGx2fqmnFC0F53IYJ4AaABAg.A1w2GDiPgtvA1wQU3hF_nv,100% correct man. Best trading channel period.,2024-04-07T16:45:04Z,2026-10-01T13:27:18.420833+00:00,8,0,,81fb6aeac89014d2f76b1d9d54472f5aa059439a0aedfc19328de791359e86d5,UgzGx2fqmnFC0F53IYJ4AaABAg,youtube-data-api-v3/commentThreads.list,,oc2zqnvsqi0,3 Key Tips for Trading Gold!,TraderNick,,
youtube,TraderNick,oc2zqnvsqi0,https://www.youtube.com/watch?v=oc2zqnvsqi0,UgzGx2fqmnFC0F53IYJ4AaABAg.A1w2GDiPgtvA1wT1Pf_smb,Ikr!,2024-04-07T17:07:22Z,2026-10-01T13:27:18.420833+00:00,1,0,,af8ad5e3b1901b8991e3849109b09709634b962e90c2acdcfd3ed5f820184607,UgzGx2fqmnFC0F53IYJ4AaABAg,youtube-data-api-v3/commentThreads.list,,oc2zqnvsqi0,3 Key Tips for Trading Gold!,TraderNick,,
youtube,TraderNick,oc2zqnvsqi0,https://www.youtube.com/watch?v=oc2zqnvsqi0,UgzGx2fqmnFC0F53IYJ4AaABAg.A1w2GDiPgtvA3ZcmKfEUEo,"Yup I don't want a Lambo, but a house would be nice 🙂",2024-05-18T04:02:19Z,2026-10-01T13:27:18.420833+00:00,8,0,,12ef75c2a1bfc9f286c579286e06e616267033e60d9a42d859ddc69b4052d47c,UgzGx2fqmnFC0F53IYJ4AaABAg,youtube-data-api-v3/commentThreads.list,,oc2zqnvsqi0,3 Key Tips for Trading Gold!,TraderNick,,
youtube,TraderNick,oc2zqnvsqi0,https://www.youtube.com/watch?v=oc2zqnvsqi0,Ugw16-dzglb1RGX6HUZ4AaABAg,"""rest in peace to you, Godspeed"" had me cackling 🤣",2024-04-08T00:25:25Z,2026-10-01T13:27:18.420833+00:00,30,1,,d04ff866070f325b685b4414215605e1a5c8b10756195901361ab832255f3048,,youtube-data-api-v3/commentThreads.list,,oc2zqnvsqi0,3 Key Tips for Trading Gold!,TraderNick,,
youtube,TraderNick,oc2zqnvsqi0,https://www.youtube.com/watch?v=oc2zqnvsqi0,Ugw16-dzglb1RGX6HUZ4AaABAg.A1xF9lYIje-A8FoOm_-Wbt,gold a savage I hate but keep coming back,2024-09-11T17:55:59Z,2026-10-01T13:27:18.420833+00:00,3,0,,552ff15b8a218dbda45331d95ae33704b226f0e5f46bf7babe8d6fac33c14812,Ugw16-dzglb1RGX6HUZ4AaABAg,youtube-data-api-v3/commentThreads.list,,oc2zqnvsqi0,3 Key Tips for Trading Gold!,TraderNick,,
youtube,TraderNick,oc2zqnvsqi0,https://www.youtube.com/watch?v=oc2zqnvsqi0,UgwykSG9S4N9se9JCOF4AaABAg,"Simple, clear, and very practical tips   especially helpful for beginners learning gold trading!",2026-02-12T08:56:51Z,2026-10-01T13:27:18.420833+00:00,1,0,,13893632ed25e474c5f9aac2259db86a1cdb9ee6c0bad5ba66a9dab5c8f573a3,,youtube-data-api-v3/commentThreads.list,,oc2zqnvsqi0,3 Key Tips for Trading Gold!,TraderNick,,
youtube,TraderNick,oc2zqnvsqi0,https://www.youtube.com/watch?v=oc2zqnvsqi0,UgwJDOWLVSObXJ_mFfh4AaABAg,"gold trading tips simple aur practical the, especially risk management wali baat useful lagi 👍",2026-04-03T06:28:06Z,2026-10-01T13:27:18.420833+00:00,0,0,,1c3f768670e28465162dc6743209c3ec7801afa43f07b439cac849c9c73a2636,,youtube-data-api-v3/commentThreads.list,,oc2zqnvsqi0,3 Key Tips for Trading Gold!,TraderNick,,
youtube,TraderNick,oc2zqnvsqi0,https://www.youtube.com/watch?v=oc2zqnvsqi0,UgzRuBeorNQVrPMAmdh4AaABAg,gold trading looks easy but it’s one of the most volatile markets   these kind of tips actually help in understanding how to handle it better 🔥📊,2026-04-13T10:38:18Z,2026-10-01T13:27:18.420833+00:00,0,0,,bd7a315baaa6e3278aeee2e6b670b8b12e877075d07e4c38e3864e5d3cc59d02,,youtube-data-api-v3/commentThreads.list,,oc2zqnvsqi0,3 Key Tips for Trading Gold!,TraderNick,,
youtube,TraderNick,oc2zqnvsqi0,https://www.youtube.com/watch?v=oc2zqnvsqi0,Ugy5QzdJr_yQfSGg0wV4AaABAg,Watched this again and still found new insights  the explanation style keeps the content engaging and easy to absorb. Nicely done!,2026-02-12T09:51:19Z,2026-10-01T13:27:18.420833+00:00,1,0,,262142c55d9de742a9b8b61fee464587142c35e14bce89a64fb5e9bb9639acb3,,youtube-data-api-v3/commentThreads.list,,oc2zqnvsqi0,3 Key Tips for Trading Gold!,TraderNick,,
youtube,TraderNick,oc2zqnvsqi0,https://www.youtube.com/watch?v=oc2zqnvsqi0,UgxvLEk80vdpHtMqell4AaABAg,This actually made S&R make sense   I always knew the concept but never knew how to apply it in real trades until now. Tried marking levels the way you showed and my entry timing definitely feels cleaner 👌📈,2026-02-16T10:08:59Z,2026-10-01T13:27:18.420833+00:00,0,0,,59ab163f804a5a87db48923b79a58bbffdcd9f400917c85bf3d7d7cd15f14103,,youtube-data-api-v3/commentThreads.list,,oc2zqnvsqi0,3 Key Tips for Trading Gold!,TraderNick,,
youtube,TraderNick,oc2zqnvsqi0,https://www.youtube.com/watch?v=oc2zqnvsqi0,UgzUrpR_0OCV8ePLRdt4AaABAg,Professional work. I'm happy to be looking up to you. What you are doing with this channel is expensive (Knowledge & Understanding) . I love the wisdom behind this.,2024-04-07T15:21:51Z,2026-10-01T13:27:18.420833+00:00,4,0,,9f1f90130650b96755ddbbbf32bb3d852b9b31e983dd4cce2b870aa2e8123060,,youtube-data-api-v3/commentThreads.list,,oc2zqnvsqi0,3 Key Tips for Trading Gold!,TraderNick,,
youtube,TraderNick,oc2zqnvsqi0,https://www.youtube.com/watch?v=oc2zqnvsqi0,UgxJD08G8YA5pT0_Dtx4AaABAg,Always giving us little nuggets...much appreciated man 🙌,2024-04-08T08:27:56Z,2026-10-01T13:27:18.420833+00:00,8,1,,8a6c399b3ea3b35404b3648283d5667295fcd8cf105a3215a1a8e2b0fe992385,,youtube-data-api-v3/commentThreads.list,,oc2zqnvsqi0,3 Key Tips for Trading Gold!,TraderNick,,
youtube,TraderNick,oc2zqnvsqi0,https://www.youtube.com/watch?v=oc2zqnvsqi0,UgxJD08G8YA5pT0_Dtx4AaABAg.A1y6NriTtV8AN6Yn1tO0MT,NUGTs 🤣,2025-09-15T23:28:37Z,2026-10-01T13:27:18.420833+00:00,0,0,,5f12359d157d9435c8e77c55a4189138c977e8da2ffd6ec22552a0af3b0f0cb9,UgxJD08G8YA5pT0_Dtx4AaABAg,youtube-data-api-v3/commentThreads.list,,oc2zqnvsqi0,3 Key Tips for Trading Gold!,TraderNick,,
youtube,TraderNick,oc2zqnvsqi0,https://www.youtube.com/watch?v=oc2zqnvsqi0,UgxDSUiboSGP3JDPn7R4AaABAg,"This is my first time trading gold and I am trading it on a 1 hour tf , what a relief .",2025-09-23T10:38:44Z,2026-10-01T13:27:18.420833+00:00,8,1,,9469c33adc771b7b9dd71b9867d855657e85d0a9f5c0e4e6041d7da0660a0acc,,youtube-data-api-v3/commentThreads.list,,oc2zqnvsqi0,3 Key Tips for Trading Gold!,TraderNick,,
youtube,TraderNick,oc2zqnvsqi0,https://www.youtube.com/watch?v=oc2zqnvsqi0,UgxDSUiboSGP3JDPn7R4AaABAg.ANPm2GxfU8lAQ_7MajrVjh,Best wishes,2025-12-11T00:40:20Z,2026-10-01T13:27:18.420833+00:00,0,0,,a074e81ea9e2958f9669df321669449c48537874ab4a81c713e1314119bde69f,UgxDSUiboSGP3JDPn7R4AaABAg,youtube-data-api-v3/commentThreads.list,,oc2zqnvsqi0,3 Key Tips for Trading Gold!,TraderNick,,
youtube,TraderNick,oc2zqnvsqi0,https://www.youtube.com/watch?v=oc2zqnvsqi0,UgzssSiw8cUKTbO2ZjB4AaABAg,I like the idea of focusing one thing in trading over multiple ones that you need to research and worry about it.,2025-09-23T00:37:18Z,2026-10-01T13:27:18.420833+00:00,2,0,,90ed66d85ee4558637ba6214631f2fd56f499bec11c5dbebd2ba24615cf387a8,,youtube-data-api-v3/commentThreads.list,,oc2zqnvsqi0,3 Key Tips for Trading Gold!,TraderNick,,
youtube,TraderNick,oc2zqnvsqi0,https://www.youtube.com/watch?v=oc2zqnvsqi0,Ugx3uqld6oHlTN54Fh54AaABAg,I completely agree with you regarding Shorting equities during the bull run is very dangerous,2024-04-07T18:35:50Z,2026-10-01T13:27:18.420833+00:00,6,1,,c34065f68a516df2f42728717c9e986152491e0d9fa34bf000a4e2787573e6d9,,youtube-data-api-v3/commentThreads.list,,oc2zqnvsqi0,3 Key Tips for Trading Gold!,TraderNick,,
youtube,TraderNick,oc2zqnvsqi0,https://www.youtube.com/watch?v=oc2zqnvsqi0,UgzTNjitDHqaUY32CN14AaABAg,"Just started to trade GC recently. You are the third person I checked on YouTube looking for some ideas. Other guys weren’t confident about what they were talking about and left a lot of room for interpretation, hence leaving out responsibility for their words so I just turned off their videos. While watching your video only after first minute I can attest that I also noticed that GC moves in bursts of volume and it is an opportunity to make a trade. You sound like a confident speaker that has some knowledge to share. Thanks for the content!

edited: Finished watching the video in full. Couldn’t agree more that shorting a rip on GC is one of the worst ideas there is. Overall loved your insights. Will investigate your channel further.",2026-01-03T19:33:28Z,2026-10-01T13:27:18.420833+00:00,0,0,,ab75a99c6bee099cf6a12b5d79e6e14e1860151914873eb4bd48e9423650c416,,youtube-data-api-v3/commentThreads.list,,oc2zqnvsqi0,3 Key Tips for Trading Gold!,TraderNick,,
youtube,TraderNick,oc2zqnvsqi0,https://www.youtube.com/watch?v=oc2zqnvsqi0,UgwDKdxKcruDC72S-xV4AaABAg,"I like your English language man so natural, and clear to people like me who are fron non English speaking countries. Great 👍 Which part of the world you are !",2024-09-22T12:06:52Z,2026-10-01T13:27:18.420833+00:00,0,0,,9b2b3882e81db18ccf60a9da5bc3df268b9fa4ee602e6d93be4ff5bf21c40c3a,,youtube-data-api-v3/commentThreads.list,,oc2zqnvsqi0,3 Key Tips for Trading Gold!,TraderNick,,
youtube,TraderNick,oc2zqnvsqi0,https://www.youtube.com/watch?v=oc2zqnvsqi0,Ugxkl4YDXLqGl43knDh4AaABAg,not many content creators mention this part of trading they always tell people how you could win only with strategies alone,2025-03-19T18:15:21Z,2026-10-01T13:27:18.420833+00:00,0,0,,4608d146922cbe909acd4237dcf829c3423639fffd261050e8c6654f0e26040e,,youtube-data-api-v3/commentThreads.list,,oc2zqnvsqi0,3 Key Tips for Trading Gold!,TraderNick,,
youtube,TraderNick,oc2zqnvsqi0,https://www.youtube.com/watch?v=oc2zqnvsqi0,UgyQTzYJdsh049lpGc54AaABAg,"Hey,Professor Nick! This was a pound of knowledge... thanks👍👏",2025-01-25T21:02:23Z,2026-10-01T13:27:18.420833+00:00,2,0,,e8ef7882a90576f8bb0c2123e3e79fc059e69bf00aa148ad1fc91e4117ccbca3,,youtube-data-api-v3/commentThreads.list,,oc2zqnvsqi0,3 Key Tips for Trading Gold!,TraderNick,,
youtube,TraderNick,oc2zqnvsqi0,https://www.youtube.com/watch?v=oc2zqnvsqi0,UgyHlYZZbsRfAfhPZMx4AaABAg,"Great info. Shorting ES,NQ are my favorite trades, just learning GC . It's awesome we can all take different roads to the same place.",2024-07-27T19:07:10Z,2026-10-01T13:27:18.420833+00:00,1,0,,7171663bb287825971c7bbc2659c426d3a108b281e7c7dddf2e74dace9fb5f4f,,youtube-data-api-v3/commentThreads.list,,oc2zqnvsqi0,3 Key Tips for Trading Gold!,TraderNick,,
youtube,TraderNick,oc2zqnvsqi0,https://www.youtube.com/watch?v=oc2zqnvsqi0,Ugzd86nI6aOfmzQLiRB4AaABAg,"its so crazy to me.. im currently trading gold and silver, and 2 yyears ago it was at like 2k to 2300, now a few weeks back it peaked at 5300 lol.",2026-05-05T13:41:08Z,2026-10-01T13:27:18.420833+00:00,0,0,,9035eb30c7126af86bab4677d6bbe868f9f60ea406c71d818dfe19da20d8edd7,,youtube-data-api-v3/commentThreads.list,,oc2zqnvsqi0,3 Key Tips for Trading Gold!,TraderNick,,
youtube,TraderNick,oc2zqnvsqi0,https://www.youtube.com/watch?v=oc2zqnvsqi0,UgwfWQBLNb2FW8MxHnp4AaABAg,nick been in the game for a long time! 💪🏼,2024-07-08T12:52:33Z,2026-10-01T13:27:18.420833+00:00,0,0,,2300a745fc9c96bedb4a497524304c348ebe76832ca22bf3ecfbaa6ed804d89a,,youtube-data-api-v3/commentThreads.list,,oc2zqnvsqi0,3 Key Tips for Trading Gold!,TraderNick,,
youtube,TraderNick,oc2zqnvsqi0,https://www.youtube.com/watch?v=oc2zqnvsqi0,UgysvguuIgXAkSdNTlx4AaABAg,"These trading tips are gold  
 literally! 💰📈",2026-02-20T08:10:19Z,2026-10-01T13:27:18.420833+00:00,0,1,,a1753d1825c4a4b70c24cb59e5fc53d80f2dc76c92afe0bb83742c875a53a310,,youtube-data-api-v3/commentThreads.list,,oc2zqnvsqi0,3 Key Tips for Trading Gold!,TraderNick,,
youtube,TraderNick,oc2zqnvsqi0,https://www.youtube.com/watch?v=oc2zqnvsqi0,UgysvguuIgXAkSdNTlx4AaABAg.ATRkIV4v5dcAaFcIxM0_pX,"Yes, they are. I trade with Hola Prime Markets and gonna use them ASAP.",2026-09-02T11:20:45Z,2026-10-01T13:27:18.420833+00:00,0,0,,7d77cb7529af6e2ec7c511c2a29e315924a9c31f7222149b490d2a0684cb97db,UgysvguuIgXAkSdNTlx4AaABAg,youtube-data-api-v3/commentThreads.list,,oc2zqnvsqi0,3 Key Tips for Trading Gold!,TraderNick,,
youtube,TraderNick,oc2zqnvsqi0,https://www.youtube.com/watch?v=oc2zqnvsqi0,UgwPJePWaSx2MTPP6ld4AaABAg,Gold goes further than people expect honestly,2025-03-01T11:36:16Z,2026-10-01T13:27:18.420833+00:00,6,1,,4d54629600a75ab1afd7b9ba0a88791ce487584f82c4f55950f6e10f3ac52757,,youtube-data-api-v3/commentThreads.list,,oc2zqnvsqi0,3 Key Tips for Trading Gold!,TraderNick,,
youtube,TraderNick,oc2zqnvsqi0,https://www.youtube.com/watch?v=oc2zqnvsqi0,UgwPJePWaSx2MTPP6ld4AaABAg.AF7RsKPQ6i_AOa0uVWed5r,frrrr,2025-10-22T16:00:23Z,2026-10-01T13:27:18.420833+00:00,0,0,,977d6c79314a355b5c7b4e61919d91bd4ef143b1404efd15949d80450180c8d5,UgwPJePWaSx2MTPP6ld4AaABAg,youtube-data-api-v3/commentThreads.list,,oc2zqnvsqi0,3 Key Tips for Trading Gold!,TraderNick,,
youtube,TraderNick,oc2zqnvsqi0,https://www.youtube.com/watch?v=oc2zqnvsqi0,UgzMxIwcM3aAVMbWKKl4AaABAg,"Excellent Nick!
Could you please tell us How Fundamental effects Gold?",2024-04-08T06:59:44Z,2026-10-01T13:27:18.420833+00:00,5,1,,2637d9fbccdad9f363af5ba123f81b9843959ca2a2bbf6304ef5e488ff7ad884,,youtube-data-api-v3/commentThreads.list,,oc2zqnvsqi0,3 Key Tips for Trading Gold!,TraderNick,,
youtube,TraderNick,oc2zqnvsqi0,https://www.youtube.com/watch?v=oc2zqnvsqi0,UgzMxIwcM3aAVMbWKKl4AaABAg.A1xxHrUlEJTADBZ-m-LN-I,Hello mate,2025-01-12T08:52:45Z,2026-10-01T13:27:18.420833+00:00,1,0,,b77966139f6f807429e743e57b861660c2eb3e6e4de9abc950e1eb9e544ac8ee,UgzMxIwcM3aAVMbWKKl4AaABAg,youtube-data-api-v3/commentThreads.list,,oc2zqnvsqi0,3 Key Tips for Trading Gold!,TraderNick,,
youtube,TraderNick,oc2zqnvsqi0,https://www.youtube.com/watch?v=oc2zqnvsqi0,UgyBBJBhD1v_rTVUZ8V4AaABAg,Gold and forex setups feel cleaner when volatility spikes.,2026-01-19T22:36:25Z,2026-10-01T13:27:18.420833+00:00,0,0,,1d3b9b6c96500efe156c284fcb4e7b3eb82f6212cda1374e24271e07ab153c11,,youtube-data-api-v3/commentThreads.list,,oc2zqnvsqi0,3 Key Tips for Trading Gold!,TraderNick,,
youtube,TraderNick,oc2zqnvsqi0,https://www.youtube.com/watch?v=oc2zqnvsqi0,UgxtwkNLUOLjdwaATYB4AaABAg,Look at Gold now!,2026-02-10T18:28:40Z,2026-10-01T13:27:18.420833+00:00,4,0,,87ea1277954da6340713942c1425e6749a2879f9eaf72f5eff96f42c3212bcc8,,youtube-data-api-v3/commentThreads.list,,oc2zqnvsqi0,3 Key Tips for Trading Gold!,TraderNick,,
youtube,TraderNick,oc2zqnvsqi0,https://www.youtube.com/watch?v=oc2zqnvsqi0,UgyCF-oqx-FqsJggyQd4AaABAg,"Gold has always done exactly what it said it would,,, if it had a voice",2024-04-29T06:00:20Z,2026-10-01T13:27:18.420833+00:00,1,0,,6a6e8d2fc4152142daa82d4181826f8aafd6385e6528ce184de94eace3f31503,,youtube-data-api-v3/commentThreads.list,,oc2zqnvsqi0,3 Key Tips for Trading Gold!,TraderNick,,
youtube,TraderNick,oc2zqnvsqi0,https://www.youtube.com/watch?v=oc2zqnvsqi0,UgyuiLV2UMVY4I_-g_V4AaABAg,"7:17, dude that's 834 lots on Gold and 2162 on Oil....massive",2025-08-11T07:16:14Z,2026-10-01T13:27:18.420833+00:00,0,0,,05fffc2dbc9f2154fd59f2db8cc4200583a390f0ee96d7a67bf64a468fd8316d,,youtube-data-api-v3/commentThreads.list,,oc2zqnvsqi0,3 Key Tips for Trading Gold!,TraderNick,,
youtube,TraderNick,oc2zqnvsqi0,https://www.youtube.com/watch?v=oc2zqnvsqi0,Ugwgp-K4BVHAx3A_Oil4AaABAg,How to trade gold? buy buy buuuuy!,2024-04-08T08:06:07Z,2026-10-01T13:27:18.420833+00:00,57,7,,3d813808ba9cec07095dab5ee49b5f89a9da4039a204370ff4de753f4cf555f4,,youtube-data-api-v3/commentThreads.list,,oc2zqnvsqi0,3 Key Tips for Trading Gold!,TraderNick,,
youtube,TraderNick,oc2zqnvsqi0,https://www.youtube.com/watch?v=oc2zqnvsqi0,Ugwgp-K4BVHAx3A_Oil4AaABAg.A1y3t-dmAoMA4R2df7fiC3,"Rip my $2k account. Bought 3 times and left it to rise 😂
And btw I did that couple days ago, ur comment was no influence. But don’t buy buy buy because if it starts dropping it won’t stop for an entire day.😭",2024-06-08T16:35:17Z,2026-10-01T13:27:18.420833+00:00,27,0,,155d2394608101762ef2f532d950be15c6599e614d543128fc6f627a5ff6f7e2,Ugwgp-K4BVHAx3A_Oil4AaABAg,youtube-data-api-v3/commentThreads.list,,oc2zqnvsqi0,3 Key Tips for Trading Gold!,TraderNick,,
youtube,TraderNick,oc2zqnvsqi0,https://www.youtube.com/watch?v=oc2zqnvsqi0,Ugwgp-K4BVHAx3A_Oil4AaABAg.A1y3t-dmAoMAB3OAjJskoz,you mean week​@deadbushlover3511,2024-11-20T11:41:25Z,2026-10-01T13:27:18.420833+00:00,0,0,,61a20719829618549c73998001a0f1245d7fa2f9febc6c9d92a7fc6bc6711a60,Ugwgp-K4BVHAx3A_Oil4AaABAg,youtube-data-api-v3/commentThreads.list,,oc2zqnvsqi0,3 Key Tips for Trading Gold!,TraderNick,,
youtube,TraderNick,oc2zqnvsqi0,https://www.youtube.com/watch?v=oc2zqnvsqi0,Ugwgp-K4BVHAx3A_Oil4AaABAg.A1y3t-dmAoMABB6iuhjZMd,"​@deadbushlover3511you arent gonna lose 2k if you trade 0.01 0.02 😂, just average down",2024-11-23T11:42:52Z,2026-10-01T13:27:18.420833+00:00,0,0,,f2fe24976a85367b6a51753aa8c254f4f650e361a7b55d6dca8ade21191b5dd3,Ugwgp-K4BVHAx3A_Oil4AaABAg,youtube-data-api-v3/commentThreads.list,,oc2zqnvsqi0,3 Key Tips for Trading Gold!,TraderNick,,
youtube,TraderNick,oc2zqnvsqi0,https://www.youtube.com/watch?v=oc2zqnvsqi0,Ugwgp-K4BVHAx3A_Oil4AaABAg.A1y3t-dmAoMABcCwyN2XE9,​@deadbushlover3511 How many ounces did you buy,2024-12-04T09:35:57Z,2026-10-01T13:27:18.420833+00:00,0,0,,d45a51741d4fb8402e85f0f17e77e33e390c38f4e2960aa830cee7abdf83b8b4,Ugwgp-K4BVHAx3A_Oil4AaABAg,youtube-data-api-v3/commentThreads.list,,oc2zqnvsqi0,3 Key Tips for Trading Gold!,TraderNick,,
youtube,TraderNick,oc2zqnvsqi0,https://www.youtube.com/watch?v=oc2zqnvsqi0,Ugwgp-K4BVHAx3A_Oil4AaABAg.A1y3t-dmAoMACr9EWmIVBs,"Yes in bars, not stock lol, buying gold like a mad man with out equity to support it and she kickbacks on you, RIP to your account..",2025-01-04T01:23:32Z,2026-10-01T13:27:18.420833+00:00,3,0,,2752323a9f3757cf2b79af45747ce3b73830f814180588872b87528b3b3c83e6,Ugwgp-K4BVHAx3A_Oil4AaABAg,youtube-data-api-v3/commentThreads.list,,oc2zqnvsqi0,3 Key Tips for Trading Gold!,TraderNick,,
youtube,TraderNick,oc2zqnvsqi0,https://www.youtube.com/watch?v=oc2zqnvsqi0,UgwrR5DDvDp0WJGO8hR4AaABAg,main good thing if it goes down it often goes down like beast.,2025-07-11T01:17:37Z,2026-10-01T13:27:18.420833+00:00,0,0,,2982896bea12c86c17b6dca55f1acc68bca21d5c36660cefeec02037b3b60771,,youtube-data-api-v3/commentThreads.list,,oc2zqnvsqi0,3 Key Tips for Trading Gold!,TraderNick,,
youtube,TraderNick,oc2zqnvsqi0,https://www.youtube.com/watch?v=oc2zqnvsqi0,UgyzwqUkR5mXDbobnIl4AaABAg,Love from Mozambique 🇲🇿,2024-06-02T16:54:19Z,2026-10-01T13:27:18.420833+00:00,2,0,,411b474af8c34b217b0c0ef5311f5cb29dd4204d7d9a3085f3bac33b23a9032f,,youtube-data-api-v3/commentThreads.list,,oc2zqnvsqi0,3 Key Tips for Trading Gold!,TraderNick,,
youtube,TraderNick,oc2zqnvsqi0,https://www.youtube.com/watch?v=oc2zqnvsqi0,UgzyiKYSQLpr9-30f1h4AaABAg,"Also with trading gold, when its shorting, its probably going to break 2 or 3 support levels on the way down, so just wait a day or two before locking in positions and research what might have triggered the movement.",2025-01-04T01:19:31Z,2026-10-01T13:27:18.420833+00:00,2,1,,2752323a9f3757cf2b79af45747ce3b73830f814180588872b87528b3b3c83e6,,youtube-data-api-v3/commentThreads.list,,oc2zqnvsqi0,3 Key Tips for Trading Gold!,TraderNick,,
youtube,TraderNick,oc2zqnvsqi0,https://www.youtube.com/watch?v=oc2zqnvsqi0,UgzyiKYSQLpr9-30f1h4AaABAg.ACr8m5e-fKeAFxk-Xeh76_,"This were i wait. New york session, waiting for breakout and go with its direction",2025-03-22T04:23:09Z,2026-10-01T13:27:18.420833+00:00,0,0,,62e467f11707870941e123e1140f8f4590554f639a387366b2d9847e9c083fd8,UgzyiKYSQLpr9-30f1h4AaABAg,youtube-data-api-v3/commentThreads.list,,oc2zqnvsqi0,3 Key Tips for Trading Gold!,TraderNick,,
youtube,TraderNick,oc2zqnvsqi0,https://www.youtube.com/watch?v=oc2zqnvsqi0,Ugw3FGkoculj5lvUZcN4AaABAg,"Good morning Nick I've been trading gold myself in the futures market. The one hour trend with supply and demand has been unbelievably easy to trade I get in and out level to level and I've been stopped out a minimum amount of times compared to how many times I've hit my target, this might be the easiest trading and profitable time for gold ever in my 11 years of full-time trading",2024-04-12T10:44:34Z,2026-10-01T13:27:18.420833+00:00,30,1,,b76ddca6eefd4cfa3d296ff56812acfa41a6ae47a48cd41920291503ba04137a,,youtube-data-api-v3/commentThreads.list,,oc2zqnvsqi0,3 Key Tips for Trading Gold!,TraderNick,,
youtube,TraderNick,oc2zqnvsqi0,https://www.youtube.com/watch?v=oc2zqnvsqi0,Ugw3FGkoculj5lvUZcN4AaABAg.A27eC3Y3QvyA75R0qM8K1e,"Supply and demand, tell me more🙏",2024-08-13T20:39:11Z,2026-10-01T13:27:18.420833+00:00,0,0,,fc0ba20cb2c7f82cdc4145607bf936a41bb90d8d9944494ff29fab44443123e3,Ugw3FGkoculj5lvUZcN4AaABAg,youtube-data-api-v3/commentThreads.list,,oc2zqnvsqi0,3 Key Tips for Trading Gold!,TraderNick,,
youtube,TraderNick,oc2zqnvsqi0,https://www.youtube.com/watch?v=oc2zqnvsqi0,UgzR1w_Fv5DKyYCdr8p4AaABAg,Great video as always!,2024-04-07T14:45:57Z,2026-10-01T13:27:18.420833+00:00,1,0,,d588b44fc613df3da658674ef90b57fa33b21db6dc075f8d4ec512e03e23f9a9,,youtube-data-api-v3/commentThreads.list,,oc2zqnvsqi0,3 Key Tips for Trading Gold!,TraderNick,,
youtube,TraderNick,oc2zqnvsqi0,https://www.youtube.com/watch?v=oc2zqnvsqi0,UgzQO8Xi8PctF3tuc7B4AaABAg,Love from Nigeria 🇳🇬,2024-04-07T17:52:20Z,2026-10-01T13:27:18.420833+00:00,20,0,,f4b40249be51d5d1df811bf513cbc34c19ab49cc60d86695df45e89763b4d4ae,,youtube-data-api-v3/commentThreads.list,,oc2zqnvsqi0,3 Key Tips for Trading Gold!,TraderNick,,
youtube,TraderNick,oc2zqnvsqi0,https://www.youtube.com/watch?v=oc2zqnvsqi0,UgzvsbYJJv285cP_XEV4AaABAg,Please do a video on how to trade US OIL 🙏🏾🙏🏾,2024-04-07T13:28:03Z,2026-10-01T13:27:18.420833+00:00,15,0,,88c67702b80f65a48f8c4d81e4f5c519e8f7ad6b4069e3db45d7676083845244,,youtube-data-api-v3/commentThreads.list,,oc2zqnvsqi0,3 Key Tips for Trading Gold!,TraderNick,,
youtube,TraderNick,oc2zqnvsqi0,https://www.youtube.com/watch?v=oc2zqnvsqi0,Ugy6lw4yDURVgN3_lCp4AaABAg,well explained thank you,2025-03-01T08:04:42Z,2026-10-01T13:27:18.420833+00:00,1,0,,a949ef04d0978816d1070848be59d1baa51ce22407e718ea8e672d1a774664fb,,youtube-data-api-v3/commentThreads.list,,oc2zqnvsqi0,3 Key Tips for Trading Gold!,TraderNick,,
youtube,TraderNick,oc2zqnvsqi0,https://www.youtube.com/watch?v=oc2zqnvsqi0,UgwVZ-3K9sjVVlwQo1t4AaABAg,It's twice easy to loss then profit,2024-08-22T09:53:16Z,2026-10-01T13:27:18.420833+00:00,4,0,,c2e44413587f3c501918ed991c30924a41a39eceec39918f19ee03db0250104b,,youtube-data-api-v3/commentThreads.list,,oc2zqnvsqi0,3 Key Tips for Trading Gold!,TraderNick,,
youtube,TraderNick,oc2zqnvsqi0,https://www.youtube.com/watch?v=oc2zqnvsqi0,UgxcV8l8Sf3oK5D6tBF4AaABAg,Good analysis🎉🎉,2024-05-05T17:09:34Z,2026-10-01T13:27:18.420833+00:00,1,0,,f3ad5c2051f82db4c3bb2448d1400f0377fccf36da78b8ca93af4990ba0f7427,,youtube-data-api-v3/commentThreads.list,,oc2zqnvsqi0,3 Key Tips for Trading Gold!,TraderNick,,
youtube,TraderNick,oc2zqnvsqi0,https://www.youtube.com/watch?v=oc2zqnvsqi0,Ugy9P1ZVVytTTQKDVYB4AaABAg,"If Gold is volatile, Silver : Hold my beer 🍺",2024-04-07T14:34:24Z,2026-10-01T13:27:18.420833+00:00,29,4,,d7a2bd783248b363d545b7937f23ce592e8615e46a315dfd211807f988b42d7e,,youtube-data-api-v3/commentThreads.list,,oc2zqnvsqi0,3 Key Tips for Trading Gold!,TraderNick,,
youtube,TraderNick,oc2zqnvsqi0,https://www.youtube.com/watch?v=oc2zqnvsqi0,Ugy9P1ZVVytTTQKDVYB4AaABAg.A1wBX2AiLCZA1wE2ebJDTh,Do u think silver will do some explosions ?,2024-04-07T14:56:28Z,2026-10-01T13:27:18.420833+00:00,2,0,,b9518df5e1ef7f50cac916e1bafb00828017b4f277d24273591d0d8e3e1e3dff,Ugy9P1ZVVytTTQKDVYB4AaABAg,youtube-data-api-v3/commentThreads.list,,oc2zqnvsqi0,3 Key Tips for Trading Gold!,TraderNick,,
youtube,TraderNick,oc2zqnvsqi0,https://www.youtube.com/watch?v=oc2zqnvsqi0,Ugy9P1ZVVytTTQKDVYB4AaABAg.A1wBX2AiLCZA4DGkrpl3OT,Exactly! I've been trading Silver this past month (May) and it's more profitable than Gold IMHO!,2024-06-03T08:09:14Z,2026-10-01T13:27:18.420833+00:00,6,0,,aeabc5cb664fb247e570453f2793ee9e935979f87db6bd8a8edadfae9a594d3f,Ugy9P1ZVVytTTQKDVYB4AaABAg,youtube-data-api-v3/commentThreads.list,,oc2zqnvsqi0,3 Key Tips for Trading Gold!,TraderNick,,
youtube,TraderNick,oc2zqnvsqi0,https://www.youtube.com/watch?v=oc2zqnvsqi0,Ugy9P1ZVVytTTQKDVYB4AaABAg.A1wBX2AiLCZAE2PsSWxEeb,"Yes, I invested €90 in the last 3 months just to earn a few euros and I can say that most of the money I lost was when investing in Silver and Gold.  The problem with these assets is that they are very unpredictable.",2025-02-02T16:11:12Z,2026-10-01T13:27:18.421828+00:00,2,0,,274704efbb79658ee290d8d4d85095cc302b1846070acdd313d5e96fb6c04398,Ugy9P1ZVVytTTQKDVYB4AaABAg,youtube-data-api-v3/commentThreads.list,,oc2zqnvsqi0,3 Key Tips for Trading Gold!,TraderNick,,
youtube,TraderNick,oc2zqnvsqi0,https://www.youtube.com/watch?v=oc2zqnvsqi0,Ugy9P1ZVVytTTQKDVYB4AaABAg.A1wBX2AiLCZAE2Q8pdvuv9,"It's a good thing I invested money that I was ready to lose, not like those cases of people who sold houses and cars just to invest in Bitcoin and unfortunately lost everything.",2025-02-02T16:13:35Z,2026-10-01T13:27:18.421828+00:00,3,0,,274704efbb79658ee290d8d4d85095cc302b1846070acdd313d5e96fb6c04398,Ugy9P1ZVVytTTQKDVYB4AaABAg,youtube-data-api-v3/commentThreads.list,,oc2zqnvsqi0,3 Key Tips for Trading Gold!,TraderNick,,
youtube,TraderNick,oc2zqnvsqi0,https://www.youtube.com/watch?v=oc2zqnvsqi0,UgyZFXBgL_M3IJvr4FZ4AaABAg,Finished watching,2025-12-24T09:22:53Z,2026-10-01T13:27:18.421828+00:00,0,0,,8f1293f1b98cc7ceb8aa7ba5f091d97ef8d915428d9e74ae1ddc5cd54a8b7167,,youtube-data-api-v3/commentThreads.list,,oc2zqnvsqi0,3 Key Tips for Trading Gold!,TraderNick,,
youtube,TraderNick,oc2zqnvsqi0,https://www.youtube.com/watch?v=oc2zqnvsqi0,UgzDMKde6r1jcDBNB-J4AaABAg,"When im buying it sells , when i sell it buys . My life as a trader. 😅",2024-12-01T12:16:19Z,2026-10-01T13:27:18.421828+00:00,117,21,,1364c881a4d086e8eda138454ae5ba004f477b7e0357cdc84bd973ce21fa662d,,youtube-data-api-v3/commentThreads.list,,oc2zqnvsqi0,3 Key Tips for Trading Gold!,TraderNick,,
youtube,TraderNick,oc2zqnvsqi0,https://www.youtube.com/watch?v=oc2zqnvsqi0,UgzDMKde6r1jcDBNB-J4AaABAg.ABVluxWkTYjACLHYt8mcj1,😂,2024-12-22T07:01:16Z,2026-10-01T13:27:18.421828+00:00,1,0,,5335078c395b437114159a397a0ee5087f0ea004e0247c9f58068e301ec34365,UgzDMKde6r1jcDBNB-J4AaABAg,youtube-data-api-v3/commentThreads.list,,oc2zqnvsqi0,3 Key Tips for Trading Gold!,TraderNick,,
youtube,TraderNick,oc2zqnvsqi0,https://www.youtube.com/watch?v=oc2zqnvsqi0,UgzDMKde6r1jcDBNB-J4AaABAg.ABVluxWkTYjACU5WSCmpi-,Take opposite trade then,2024-12-25T17:09:15Z,2026-10-01T13:27:18.421828+00:00,20,0,,cfbf92ccbb217863cfce9513501cc4ab09439b1ec02788964c5564ccdde7ccc1,UgzDMKde6r1jcDBNB-J4AaABAg,youtube-data-api-v3/commentThreads.list,,oc2zqnvsqi0,3 Key Tips for Trading Gold!,TraderNick,,
youtube,TraderNick,oc2zqnvsqi0,https://www.youtube.com/watch?v=oc2zqnvsqi0,UgzDMKde6r1jcDBNB-J4AaABAg.ABVluxWkTYjAD9pP3-FyyT,Lol😂😂,2025-01-11T16:46:16Z,2026-10-01T13:27:18.421828+00:00,0,0,,392d1a7ee1ed30b60be830cc8bb5b005c03caff1258f4a22f94355d8ed401d0e,UgzDMKde6r1jcDBNB-J4AaABAg,youtube-data-api-v3/commentThreads.list,,oc2zqnvsqi0,3 Key Tips for Trading Gold!,TraderNick,,
youtube,TraderNick,oc2zqnvsqi0,https://www.youtube.com/watch?v=oc2zqnvsqi0,UgzDMKde6r1jcDBNB-J4AaABAg.ABVluxWkTYjADBYm9rrZ6a,Hi mate,2025-01-12T08:50:46Z,2026-10-01T13:27:18.421828+00:00,0,0,,b77966139f6f807429e743e57b861660c2eb3e6e4de9abc950e1eb9e544ac8ee,UgzDMKde6r1jcDBNB-J4AaABAg,youtube-data-api-v3/commentThreads.list,,oc2zqnvsqi0,3 Key Tips for Trading Gold!,TraderNick,,
youtube,TraderNick,oc2zqnvsqi0,https://www.youtube.com/watch?v=oc2zqnvsqi0,UgzDMKde6r1jcDBNB-J4AaABAg.ABVluxWkTYjADaFBmCc5W0,Same… sometimes I’ve got the feeling that market plays with me 😅,2025-01-22T08:19:53Z,2026-10-01T13:27:18.421828+00:00,18,0,,446474950b518f56d1bc6a51cfcb0b5e7359affed848870a5e87812a4c440652,UgzDMKde6r1jcDBNB-J4AaABAg,youtube-data-api-v3/commentThreads.list,,oc2zqnvsqi0,3 Key Tips for Trading Gold!,TraderNick,,
youtube,TraderNick,oc2zqnvsqi0,https://www.youtube.com/watch?v=oc2zqnvsqi0,Ugx8-CYjHGxtpOWva7t4AaABAg,"Great stuff, I am new in trading still learning, can you help me please , which is the best and easy app for gold trading ? 
And how to create broker account
Thanks",2024-06-16T09:11:04Z,2026-10-01T13:27:18.421828+00:00,4,0,,e2034747685605ee546c741b3862f29acac9b50325060b795b7a36fa2f2cb9c0,,youtube-data-api-v3/commentThreads.list,,oc2zqnvsqi0,3 Key Tips for Trading Gold!,TraderNick,,
youtube,TraderNick,oc2zqnvsqi0,https://www.youtube.com/watch?v=oc2zqnvsqi0,UgyNs3xe_Ae8waoCcGt4AaABAg,"Every time I try and trade gold, it fucks me over 😪🤣",2024-04-07T18:45:50Z,2026-10-01T13:27:18.421828+00:00,13,1,,8cb452b1b2f026d4fe6362f5fcaf1b9232c30205db4c291166e7f0ba06fd2c3c,,youtube-data-api-v3/commentThreads.list,,oc2zqnvsqi0,3 Key Tips for Trading Gold!,TraderNick,,
youtube,TraderNick,oc2zqnvsqi0,https://www.youtube.com/watch?v=oc2zqnvsqi0,UgyNs3xe_Ae8waoCcGt4AaABAg.A1wdI_ikaGzAOhvHQQuW48,maybe try bigger timeframe and try to get precise entry in it ...use low qty... i know it's not easy ...saying after doing this for 5 years :D,2025-10-25T17:36:25Z,2026-10-01T13:27:18.421828+00:00,2,0,,1c1029725140307f278d6642704818b88e5a707b1a7cd78b58677958bda3484c,UgyNs3xe_Ae8waoCcGt4AaABAg,youtube-data-api-v3/commentThreads.list,,oc2zqnvsqi0,3 Key Tips for Trading Gold!,TraderNick,,
youtube,TraderNick,oc2zqnvsqi0,https://www.youtube.com/watch?v=oc2zqnvsqi0,UgyGL5JT7k2fe7JCCSl4AaABAg,"NEVER Short gold if the 30min and 5 min trend upwards
Just go outside and set your money on fire it’s less stressful",2025-01-16T14:09:47Z,2026-10-01T13:27:18.421828+00:00,31,3,,6a4bb236472ad707ec5194c38439796c0f2666953b0407995c75ee5d5c00b3e5,,youtube-data-api-v3/commentThreads.list,,oc2zqnvsqi0,3 Key Tips for Trading Gold!,TraderNick,,
youtube,TraderNick,oc2zqnvsqi0,https://www.youtube.com/watch?v=oc2zqnvsqi0,UgyGL5JT7k2fe7JCCSl4AaABAg.ADMQTFrPodFAPjRtiDgokJ,"I know this comment is old, but I was about to short gold during the Asian session and saw your comment. Thank you!",2025-11-20T04:20:46Z,2026-10-01T13:27:18.421828+00:00,2,0,,bf4e93302ca1f10a1818a3d4eda0da75a877cffff882e9c8bc5dd0ed47e11f4e,UgyGL5JT7k2fe7JCCSl4AaABAg,youtube-data-api-v3/commentThreads.list,,oc2zqnvsqi0,3 Key Tips for Trading Gold!,TraderNick,,
youtube,TraderNick,oc2zqnvsqi0,https://www.youtube.com/watch?v=oc2zqnvsqi0,UgyGL5JT7k2fe7JCCSl4AaABAg.ADMQTFrPodFAQ4X2UpNkG-,"@FIT2BETIED100
I’m glad you did dude
Never ever sell in fomo if you didn’t get a great entry at the top of the 30 min chart or the 5 min chart you have about a 90% chance of losing once you get into profit and have a $10 gold price gap use a zero stop when shorting. 
Shorting gold is super dangerous at the moment just count how many green days vs red this year. If you can’t see it dropping significantly just take profit at the next low",2025-11-28T18:09:05Z,2026-10-01T13:27:18.421828+00:00,0,0,,6a4bb236472ad707ec5194c38439796c0f2666953b0407995c75ee5d5c00b3e5,UgyGL5JT7k2fe7JCCSl4AaABAg,youtube-data-api-v3/commentThreads.list,,oc2zqnvsqi0,3 Key Tips for Trading Gold!,TraderNick,,
youtube,TraderNick,oc2zqnvsqi0,https://www.youtube.com/watch?v=oc2zqnvsqi0,UgyGL5JT7k2fe7JCCSl4AaABAg.ADMQTFrPodFARuAk8k5sxL,Please can one of you help teach me 😢,2026-01-13T01:25:21Z,2026-10-01T13:27:18.421828+00:00,0,0,,882964dce058aec41984d3c1acc78c19192e4bcb0a5c34ca3cc46a7f81560dd1,UgyGL5JT7k2fe7JCCSl4AaABAg,youtube-data-api-v3/commentThreads.list,,oc2zqnvsqi0,3 Key Tips for Trading Gold!,TraderNick,,
youtube,TraderNick,oc2zqnvsqi0,https://www.youtube.com/watch?v=oc2zqnvsqi0,UgwVQ4S6-eZtR95A2Xd4AaABAg,Thank Nick!,2024-04-07T13:33:43Z,2026-10-01T13:27:18.421828+00:00,2,0,,d69a03d2506915fdc8d83a304450014fbc0572aaeeee691245e71c7fa967aaed,,youtube-data-api-v3/commentThreads.list,,oc2zqnvsqi0,3 Key Tips for Trading Gold!,TraderNick,,
youtube,TraderNick,oc2zqnvsqi0,https://www.youtube.com/watch?v=oc2zqnvsqi0,Ugz4JxNpdyReUArOfqp4AaABAg,Thank you 🙏🏻,2024-04-07T14:54:37Z,2026-10-01T13:27:18.421828+00:00,2,0,,ccccb92548769f27ad7bedf5862a7cce1fb479952b8d941fbdeff47b05af8076,,youtube-data-api-v3/commentThreads.list,,oc2zqnvsqi0,3 Key Tips for Trading Gold!,TraderNick,,
youtube,TraderNick,oc2zqnvsqi0,https://www.youtube.com/watch?v=oc2zqnvsqi0,UgxtRwn2wTe_8qa1s894AaABAg,"Great man, I respect those years vested in search for knowledge and workable principles of the financial markets",2024-04-11T03:17:46Z,2026-10-01T13:27:18.421828+00:00,7,0,,55564576cb703b275b6ea76459b711cca4c06526b5ee10b3e041be3528a652f3,,youtube-data-api-v3/commentThreads.list,,oc2zqnvsqi0,3 Key Tips for Trading Gold!,TraderNick,,
youtube,TraderNick,oc2zqnvsqi0,https://www.youtube.com/watch?v=oc2zqnvsqi0,UgwRYxdyzMvI5QKpDrN4AaABAg,Trading gold is like talking to a wild horse,2024-08-19T17:40:37Z,2026-10-01T13:27:18.421828+00:00,0,0,,dee7b053dadf6d073582f5af4cdc7769ce3b71ed23e736c42e02f65b50c9136b,,youtube-data-api-v3/commentThreads.list,,oc2zqnvsqi0,3 Key Tips for Trading Gold!,TraderNick,,
youtube,TraderNick,oc2zqnvsqi0,https://www.youtube.com/watch?v=oc2zqnvsqi0,UgydlJN5rjJJZR7YMhV4AaABAg,"Wow, what a coincidence you made this video. Gold use to do me dirty a while back 🤦🏽‍♂️.  I just started looking at Gold again last week to trade because i saw alot of past opportunities to scalp on breakouts.  I see so many traders on youtube that trade Gold",2024-04-07T15:45:24Z,2026-10-01T13:27:18.421828+00:00,8,2,,af8ad5e3b1901b8991e3849109b09709634b962e90c2acdcfd3ed5f820184607,,youtube-data-api-v3/commentThreads.list,,oc2zqnvsqi0,3 Key Tips for Trading Gold!,TraderNick,,
youtube,TraderNick,oc2zqnvsqi0,https://www.youtube.com/watch?v=oc2zqnvsqi0,UgydlJN5rjJJZR7YMhV4AaABAg.A1wJe48Hh_2AMz7GIU3bV-,I’ve watched so many videos and not a single video shows what apps or platform I need to use please help me just with the basics I need to know what apps or platforms I need to use thank you,2025-09-12T16:54:10Z,2026-10-01T13:27:18.421828+00:00,1,0,,4a149614bbb103f66720812852c75d2a0c08f5a1aac0c3f33fc7e667587fef20,UgydlJN5rjJJZR7YMhV4AaABAg,youtube-data-api-v3/commentThreads.list,,oc2zqnvsqi0,3 Key Tips for Trading Gold!,TraderNick,,
youtube,TraderNick,oc2zqnvsqi0,https://www.youtube.com/watch?v=oc2zqnvsqi0,UgydlJN5rjJJZR7YMhV4AaABAg.A1wJe48Hh_2APBapb7CRtU,​@Movie.Boy71tradingview,2025-11-06T15:34:11Z,2026-10-01T13:27:18.421828+00:00,0,0,,628d99ef219a6e075bb3287b040cf57d9692d9bf56d11323a6b42d125f984dc7,UgydlJN5rjJJZR7YMhV4AaABAg,youtube-data-api-v3/commentThreads.list,,oc2zqnvsqi0,3 Key Tips for Trading Gold!,TraderNick,,
youtube,TraderNick,oc2zqnvsqi0,https://www.youtube.com/watch?v=oc2zqnvsqi0,Ugz2piU-dG-Gn3VQJE94AaABAg,It's like a penny stock they're going to rinse and repeat that means they're going to sell High Bi-Lo and you will be stuck watching them play the game over and over. Only the major players will make the money,2025-03-01T16:19:41Z,2026-10-01T13:27:18.421828+00:00,0,0,,e659a6c14f8ee87189c90d7b71c62555dd5a9c3ac3568359d058288ec5b7ecda,,youtube-data-api-v3/commentThreads.list,,oc2zqnvsqi0,3 Key Tips for Trading Gold!,TraderNick,,
youtube,TraderNick,oc2zqnvsqi0,https://www.youtube.com/watch?v=oc2zqnvsqi0,UgxHI-ONETiZMQF0EBB4AaABAg,Can we use the same strategy with the other currency pairs?,2026-08-03T04:55:44Z,2026-10-01T13:27:18.421828+00:00,1,0,,5350e4d3a8a5e4ab8c464d9d7ef859cd77647e55819c8c0098b6def3ffa131b1,,youtube-data-api-v3/commentThreads.list,,oc2zqnvsqi0,3 Key Tips for Trading Gold!,TraderNick,,
youtube,TraderNick,oc2zqnvsqi0,https://www.youtube.com/watch?v=oc2zqnvsqi0,Ugw9pVda_U2YdYkTQ3l4AaABAg,i honestly liked it but the point is that i still cannot see how it helps with trading gold!,2024-05-11T15:54:25Z,2026-10-01T13:27:18.421828+00:00,1,2,,3c6054c4f08913c6efbdfb6ef81fb574ab88dbce77606026c91d4cb45a936a37,,youtube-data-api-v3/commentThreads.list,,oc2zqnvsqi0,3 Key Tips for Trading Gold!,TraderNick,,
youtube,TraderNick,oc2zqnvsqi0,https://www.youtube.com/watch?v=oc2zqnvsqi0,Ugw9pVda_U2YdYkTQ3l4AaABAg.A3IshnLgyNOA3vWiRZqHAC,So what do you like??,2024-05-27T01:23:08Z,2026-10-01T13:27:18.421828+00:00,0,0,,b6272b01487a5a0b3fd05899f84e8707663b03eab12c27f54b1bc11065b0c8a9,Ugw9pVda_U2YdYkTQ3l4AaABAg,youtube-data-api-v3/commentThreads.list,,oc2zqnvsqi0,3 Key Tips for Trading Gold!,TraderNick,,
youtube,TraderNick,oc2zqnvsqi0,https://www.youtube.com/watch?v=oc2zqnvsqi0,Ugw9pVda_U2YdYkTQ3l4AaABAg.A3IshnLgyNOAAyR4XXv38Q,你应该寻找一个与你的银行账户关联的可靠平台,2024-11-18T04:11:21Z,2026-10-01T13:27:18.421828+00:00,0,0,,5b947f1753d5e059a59b5d5be16e357cd6f3a063b057324678dc68f0b8e8e04e,Ugw9pVda_U2YdYkTQ3l4AaABAg,youtube-data-api-v3/commentThreads.list,,oc2zqnvsqi0,3 Key Tips for Trading Gold!,TraderNick,,
youtube,TraderNick,oc2zqnvsqi0,https://www.youtube.com/watch?v=oc2zqnvsqi0,UgyE6IzZzw8xurx056V4AaABAg,Can anyone recommend a decent dex to trade gold ? Cheers in advance.,2025-01-10T09:45:43Z,2026-10-01T13:27:18.421828+00:00,1,0,,c86b6dd83e60c19bd089f3043f9d92887002602e019de4f81da550ccb7e4e43b,,youtube-data-api-v3/commentThreads.list,,oc2zqnvsqi0,3 Key Tips for Trading Gold!,TraderNick,,
youtube,TraderNick,oc2zqnvsqi0,https://www.youtube.com/watch?v=oc2zqnvsqi0,UgzMiwGGFKY0tOxhY_N4AaABAg,"I gained 30% from Gold last week. This weekend, Gold took it back as I was shorting it during the weekend. It bursted from 2580  to 2622 in a span of 4 - 5 hours. Good thing I didn't risk the capital and just let go of the gain.",2024-09-21T03:19:10Z,2026-10-01T13:27:18.421828+00:00,41,11,,8d2fd68d6572b8041071cb00ce9c4d0575577504e41825977d41df487b188c3a,,youtube-data-api-v3/commentThreads.list,,oc2zqnvsqi0,3 Key Tips for Trading Gold!,TraderNick,,
youtube,TraderNick,oc2zqnvsqi0,https://www.youtube.com/watch?v=oc2zqnvsqi0,UgzMiwGGFKY0tOxhY_N4AaABAg.A8d--XnK1ZaAAKoVN29hBj,"and now look at the numbers....if you'd just held on, you would be laughing.",2024-11-02T09:35:52Z,2026-10-01T13:27:18.421828+00:00,4,0,,d88f1b19df0787fdeebae9445492165c4d996494c0c32b8877afd9a2b87f2bf6,UgzMiwGGFKY0tOxhY_N4AaABAg,youtube-data-api-v3/commentThreads.list,,oc2zqnvsqi0,3 Key Tips for Trading Gold!,TraderNick,,
youtube,TraderNick,oc2zqnvsqi0,https://www.youtube.com/watch?v=oc2zqnvsqi0,UgzMiwGGFKY0tOxhY_N4AaABAg.A8d--XnK1ZaAALDGBg8BRP,@stevenbriggs784  I didn't have the mentality or even the balls to hold on since the dd was way more than I was expecting. I guess it's a weakness i have to work on,2024-11-02T13:20:59Z,2026-10-01T13:27:18.421828+00:00,3,0,,8d2fd68d6572b8041071cb00ce9c4d0575577504e41825977d41df487b188c3a,UgzMiwGGFKY0tOxhY_N4AaABAg,youtube-data-api-v3/commentThreads.list,,oc2zqnvsqi0,3 Key Tips for Trading Gold!,TraderNick,,
youtube,TraderNick,oc2zqnvsqi0,https://www.youtube.com/watch?v=oc2zqnvsqi0,UgzMiwGGFKY0tOxhY_N4AaABAg.A8d--XnK1ZaABHAA0lZ8BD,Bro. I traded gold last week and dam. It was volatile 🌪️🌪️🌪️,2024-11-25T20:08:22Z,2026-10-01T13:27:18.421828+00:00,0,0,,1774a823dc08c404fd5a4a4d3e172e66b3012f85d0e47d4cdab206c4e11b9c52,UgzMiwGGFKY0tOxhY_N4AaABAg,youtube-data-api-v3/commentThreads.list,,oc2zqnvsqi0,3 Key Tips for Trading Gold!,TraderNick,,
youtube,TraderNick,oc2zqnvsqi0,https://www.youtube.com/watch?v=oc2zqnvsqi0,UgzMiwGGFKY0tOxhY_N4AaABAg.A8d--XnK1ZaADBYsKUt9jy,Hello mate,2025-01-12T08:51:36Z,2026-10-01T13:27:18.421828+00:00,0,0,,b77966139f6f807429e743e57b861660c2eb3e6e4de9abc950e1eb9e544ac8ee,UgzMiwGGFKY0tOxhY_N4AaABAg,youtube-data-api-v3/commentThreads.list,,oc2zqnvsqi0,3 Key Tips for Trading Gold!,TraderNick,,
youtube,TraderNick,oc2zqnvsqi0,https://www.youtube.com/watch?v=oc2zqnvsqi0,UgzMiwGGFKY0tOxhY_N4AaABAg.A8d--XnK1ZaAECyflYaeVx,Same shit happened to me 😂😂😂,2025-02-06T18:36:27Z,2026-10-01T13:27:18.421828+00:00,0,0,,073f67d2c0ac70b23faf7652c3a9e753b8663aaa8ff24cafa8a4a8ad910a3944,UgzMiwGGFKY0tOxhY_N4AaABAg,youtube-data-api-v3/commentThreads.list,,oc2zqnvsqi0,3 Key Tips for Trading Gold!,TraderNick,,
youtube,TraderNick,oc2zqnvsqi0,https://www.youtube.com/watch?v=oc2zqnvsqi0,UgwGC-kKlWRb76mBXFF4AaABAg,What would you say are the easiest charts to trade?,2025-06-03T17:04:47Z,2026-10-01T13:27:18.421828+00:00,0,0,,58866bbc6a0bca0ea3bdad287702206921ccb797958f9914df43282c40bdbf59,,youtube-data-api-v3/commentThreads.list,,oc2zqnvsqi0,3 Key Tips for Trading Gold!,TraderNick,,
youtube,TraderNick,oc2zqnvsqi0,https://www.youtube.com/watch?v=oc2zqnvsqi0,UgxFQEe9A-aID2lQDhp4AaABAg,Use you  a expert trailing stop,2026-07-08T18:18:56Z,2026-10-01T13:27:18.421828+00:00,0,0,,85c3494aafeb68afc6e4d5eb9e2fb74e28719f93065efb5d843e0efff4b20880,,youtube-data-api-v3/commentThreads.list,,oc2zqnvsqi0,3 Key Tips for Trading Gold!,TraderNick,,
youtube,TraderNick,oc2zqnvsqi0,https://www.youtube.com/watch?v=oc2zqnvsqi0,UgwSX8njqCJaO41z29Z4AaABAg,What's up nick❤,2024-04-07T13:04:55Z,2026-10-01T13:27:18.421828+00:00,0,0,,eeaf32260bd4b3bc257aa04d2f57a1a5a36cb0767dd981c4279683d417dc6f2e,,youtube-data-api-v3/commentThreads.list,,oc2zqnvsqi0,3 Key Tips for Trading Gold!,TraderNick,,
youtube,TraderNick,oc2zqnvsqi0,https://www.youtube.com/watch?v=oc2zqnvsqi0,UgzFyNw2OiJ_N_MS3ah4AaABAg,Thanks,2024-04-07T13:06:36Z,2026-10-01T13:27:18.421828+00:00,1,0,,7a21ceb70bae55637cc6b4eb8a9019d632000051399f057a3dba2cce0b5c60de,,youtube-data-api-v3/commentThreads.list,,oc2zqnvsqi0,3 Key Tips for Trading Gold!,TraderNick,,
youtube,TraderNick,oc2zqnvsqi0,https://www.youtube.com/watch?v=oc2zqnvsqi0,UgymAMmxSK3FuH836A94AaABAg,"I am only  10 years
And I what to be a pational trader",2025-07-14T03:10:32Z,2026-10-01T13:27:18.421828+00:00,0,0,,60d828aa45baed30a2744b7eb5b9eca639ddcfe881b7323aacf9a73f8dabbfd7,,youtube-data-api-v3/commentThreads.list,,oc2zqnvsqi0,3 Key Tips for Trading Gold!,TraderNick,,
youtube,TraderNick,oc2zqnvsqi0,https://www.youtube.com/watch?v=oc2zqnvsqi0,UgzgD1-j4462MRaM7UF4AaABAg,"Jika mau hold jangka panjang, klik buy atau sell??",2025-12-24T01:21:07Z,2026-10-01T13:27:18.421828+00:00,0,0,,c95416dcb5200a08b4bf351c930fe6c7aef73013b4f84a5461e56fac1edf1215,,youtube-data-api-v3/commentThreads.list,,oc2zqnvsqi0,3 Key Tips for Trading Gold!,TraderNick,,
youtube,TraderNick,oc2zqnvsqi0,https://www.youtube.com/watch?v=oc2zqnvsqi0,UgyysYhQtYaH9S20QbJ4AaABAg,The problem with gold is the size of the pullbacks,2026-09-02T18:29:29Z,2026-10-01T13:27:18.421828+00:00,0,0,,dde1b303770c756f0acf2c9e610696db66fcd57907fba65f68166cce1844959f,,youtube-data-api-v3/commentThreads.list,,oc2zqnvsqi0,3 Key Tips for Trading Gold!,TraderNick,,
youtube,TraderNick,oc2zqnvsqi0,https://www.youtube.com/watch?v=oc2zqnvsqi0,Ugzo1o51Y7u3SpuAUKV4AaABAg,thanks bro,2026-07-15T22:48:42Z,2026-10-01T13:27:18.421828+00:00,0,0,,7d1f4b78de71d66ef9fb0c6eb63bb0c4f579c9e9327e431bbb755ff2a05aaa29,,youtube-data-api-v3/commentThreads.list,,oc2zqnvsqi0,3 Key Tips for Trading Gold!,TraderNick,,
youtube,TraderNick,oc2zqnvsqi0,https://www.youtube.com/watch?v=oc2zqnvsqi0,Ugw0yaamheF0wZGFUlF4AaABAg,Wow I make a lot of my money doing shorts on gold it’s not that hard to me,2025-01-03T02:07:03Z,2026-10-01T13:27:18.421828+00:00,2,1,,f0320fc8df68e69cccf64a7ec5c1ed983c28bb20fcc9ba3b1e01b7485a26e520,,youtube-data-api-v3/commentThreads.list,,oc2zqnvsqi0,3 Key Tips for Trading Gold!,TraderNick,,
youtube,TraderNick,oc2zqnvsqi0,https://www.youtube.com/watch?v=oc2zqnvsqi0,Ugw0yaamheF0wZGFUlF4AaABAg.ACoeQPq2fx7ATgLmOCI3AE,How do you do the shorts? please help,2026-02-26T09:35:12Z,2026-10-01T13:27:18.421828+00:00,0,0,,3e5cbd123ef7d187d06714c7906e12f454303cfdc8da86312ccf143d630e6221,Ugw0yaamheF0wZGFUlF4AaABAg,youtube-data-api-v3/commentThreads.list,,oc2zqnvsqi0,3 Key Tips for Trading Gold!,TraderNick,,
youtube,TraderNick,oc2zqnvsqi0,https://www.youtube.com/watch?v=oc2zqnvsqi0,UgwSeXDtWvD9QVcYHlp4AaABAg,Hi do anyone know the best trading signal providers with good pips coverage,2024-04-11T00:50:14Z,2026-10-01T13:27:18.421828+00:00,0,0,,f0be564e09d58057df089ae07ace46be138dd728e1a4e5464e62ca5ba9f49b6b,,youtube-data-api-v3/commentThreads.list,,oc2zqnvsqi0,3 Key Tips for Trading Gold!,TraderNick,,
youtube,TraderNick,oc2zqnvsqi0,https://www.youtube.com/watch?v=oc2zqnvsqi0,UgzBtqoUe-Me3da2UOZ4AaABAg,Your not alone 😂,2025-01-30T07:41:12Z,2026-10-01T13:27:18.421828+00:00,1,0,,bdaed7e646b7b6358a94a5623ca132ce50c6adb085056a9c4170da12a9c65777,,youtube-data-api-v3/commentThreads.list,,oc2zqnvsqi0,3 Key Tips for Trading Gold!,TraderNick,,
youtube,TraderNick,oc2zqnvsqi0,https://www.youtube.com/watch?v=oc2zqnvsqi0,UgwmRsT_gpWf9-T37o54AaABAg,Thank you for not talking 200 miles an hour and explaining this perfectly!,2025-12-08T02:38:40Z,2026-10-01T13:27:18.421828+00:00,1,0,,2acc8a2e8be011fb72b83a63f049d62985dbebf9e31925aaca1187dc7aaacedc,,youtube-data-api-v3/commentThreads.list,,oc2zqnvsqi0,3 Key Tips for Trading Gold!,TraderNick,,
youtube,TraderNick,oc2zqnvsqi0,https://www.youtube.com/watch?v=oc2zqnvsqi0,UgzFwAaqP5zSjxjWwsp4AaABAg,"Well, I'm not purposely trying to go against the trend... advice? Are you saying only trade long setups? What timeframe is best. I've been trading gold futures.",2026-03-29T14:29:02Z,2026-10-01T13:27:18.421828+00:00,0,0,,76a7a145872b13e5dda539e3127a0f646bc320256cfec594f0c33baa93dd78c0,,youtube-data-api-v3/commentThreads.list,,oc2zqnvsqi0,3 Key Tips for Trading Gold!,TraderNick,,
youtube,TraderNick,oc2zqnvsqi0,https://www.youtube.com/watch?v=oc2zqnvsqi0,Ugy1Upjj22dy8lTRSCl4AaABAg,What is best brokers.small spread and a big lavreg,2026-07-08T18:20:11Z,2026-10-01T13:27:18.421828+00:00,0,0,,85c3494aafeb68afc6e4d5eb9e2fb74e28719f93065efb5d843e0efff4b20880,,youtube-data-api-v3/commentThreads.list,,oc2zqnvsqi0,3 Key Tips for Trading Gold!,TraderNick,,
youtube,TraderNick,oc2zqnvsqi0,https://www.youtube.com/watch?v=oc2zqnvsqi0,UgwA4utBZ_o4M78qt_N4AaABAg,"4k now
wow",2025-12-14T09:07:35Z,2026-10-01T13:27:18.421828+00:00,0,0,,e88ef9d5881d770905704740e45d6cfb17e14616d0fd9e9375c0724ba90a5462,,youtube-data-api-v3/commentThreads.list,,oc2zqnvsqi0,3 Key Tips for Trading Gold!,TraderNick,,
youtube,TraderNick,oc2zqnvsqi0,https://www.youtube.com/watch?v=oc2zqnvsqi0,Ugw4_MapQW30AhGmURt4AaABAg,How does it work with holding a trade for days to weeks? Do you re enter the position or quite literally just press buy once and let it go? I understand there's margin but is it the same as indices?,2025-04-18T03:09:52Z,2026-10-01T13:27:18.421828+00:00,0,0,,d01f7e66c939d9e93503fb7dfef3030c47521a1487928debde541a6a2103c4c5,,youtube-data-api-v3/commentThreads.list,,oc2zqnvsqi0,3 Key Tips for Trading Gold!,TraderNick,,
youtube,TraderNick,oc2zqnvsqi0,https://www.youtube.com/watch?v=oc2zqnvsqi0,UgztTN3X8qkVCrZ6kv54AaABAg,ive seen gold shoot up and down many a time is your stop loss always respected? or is it like the eur/chf a few years ago when it blow everyone stop loss away,2025-07-26T14:12:40Z,2026-10-01T13:27:18.421828+00:00,0,0,,3b0a9956a27e1446329ed3b70379e690febde970c57111caf2f1d4cd7c83c128,,youtube-data-api-v3/commentThreads.list,,oc2zqnvsqi0,3 Key Tips for Trading Gold!,TraderNick,,
youtube,TraderNick,oc2zqnvsqi0,https://www.youtube.com/watch?v=oc2zqnvsqi0,Ugxi6IEzeVFCWaeLtD54AaABAg,Best ❤,2024-07-09T06:54:13Z,2026-10-01T13:27:18.421828+00:00,1,0,,f2f23ca81ba330436b31efd44032c2e2daef8389b975331b31ec41cd21b6287c,,youtube-data-api-v3/commentThreads.list,,oc2zqnvsqi0,3 Key Tips for Trading Gold!,TraderNick,,
youtube,TraderNick,oc2zqnvsqi0,https://www.youtube.com/watch?v=oc2zqnvsqi0,Ugz44GqioO71SO-cbfJ4AaABAg,"I'm new to trading, is it a good idea to buy Gold CFD like 100 unit and leave for a year for a long term investment or is it better to just buy real gold for a long term investment? TIA",2025-04-27T01:50:13Z,2026-10-01T13:27:18.421828+00:00,1,0,,d70696460ce8bbe141fe4031f4e9f020082fe3366660114b18efeb351b0b5487,,youtube-data-api-v3/commentThreads.list,,oc2zqnvsqi0,3 Key Tips for Trading Gold!,TraderNick,,
youtube,TraderNick,oc2zqnvsqi0,https://www.youtube.com/watch?v=oc2zqnvsqi0,Ugyq7NLduUzwJXXh7KN4AaABAg,Ty,2024-04-07T14:45:40Z,2026-10-01T13:27:18.421828+00:00,1,0,,5c6a17a461c1b59465614cb71625a43dc0d7b1c4e4eace0abb2a2fe1c1d3dbfe,,youtube-data-api-v3/commentThreads.list,,oc2zqnvsqi0,3 Key Tips for Trading Gold!,TraderNick,,
youtube,TraderNick,oc2zqnvsqi0,https://www.youtube.com/watch?v=oc2zqnvsqi0,Ugx_iUDdPEi5B7yJlKl4AaABAg,"I found myself selling Gold last Friday, dear lord lost 3 Rs thanks Nick",2024-04-07T14:35:00Z,2026-10-01T13:27:18.421828+00:00,6,0,,be711e1d792978cb1896261518e97f0745e87acd7768ea3ed0ed23e72813022c,,youtube-data-api-v3/commentThreads.list,,oc2zqnvsqi0,3 Key Tips for Trading Gold!,TraderNick,,
youtube,TraderNick,oc2zqnvsqi0,https://www.youtube.com/watch?v=oc2zqnvsqi0,UgwhMEigKUKJaS9Okb14AaABAg,Gold me time decy hota h ??,2025-01-10T10:03:01Z,2026-10-01T13:27:18.421828+00:00,1,0,,14047a1388c2f3eb01ddfd5f318463a2e2954a11dc0ec2cf2398a48ff3495889,,youtube-data-api-v3/commentThreads.list,,oc2zqnvsqi0,3 Key Tips for Trading Gold!,TraderNick,,
youtube,TraderNick,oc2zqnvsqi0,https://www.youtube.com/watch?v=oc2zqnvsqi0,UgzByXC05zn-T1reieB4AaABAg,"For your trailing stops, how do you determine how many pips or points to set?",2024-08-14T07:15:02Z,2026-10-01T13:27:18.421828+00:00,0,1,,a67d3706c5128547f74cf4f4c125716488544339d7a979de69d3751d63a7588f,,youtube-data-api-v3/commentThreads.list,,oc2zqnvsqi0,3 Key Tips for Trading Gold!,TraderNick,,
youtube,TraderNick,oc2zqnvsqi0,https://www.youtube.com/watch?v=oc2zqnvsqi0,UgzByXC05zn-T1reieB4AaABAg.A76ZmqUlQ0ZA8FoS1qGUsL,last support I do,2024-09-11T17:56:25Z,2026-10-01T13:27:18.421828+00:00,0,0,,552ff15b8a218dbda45331d95ae33704b226f0e5f46bf7babe8d6fac33c14812,UgzByXC05zn-T1reieB4AaABAg,youtube-data-api-v3/commentThreads.list,,oc2zqnvsqi0,3 Key Tips for Trading Gold!,TraderNick,,
youtube,TraderNick,oc2zqnvsqi0,https://www.youtube.com/watch?v=oc2zqnvsqi0,UgykuVVoer7d85vzoSZ4AaABAg,How does the market tell you when to stop? Please help because I am starting to understand fundamentals and I have a problem with entries and exits,2024-10-08T17:38:28Z,2026-10-01T13:27:18.421828+00:00,3,1,,99f06278be07336a383261e1d94c44edadf666511439a10c54b61944ad1d7060,,youtube-data-api-v3/commentThreads.list,,oc2zqnvsqi0,3 Key Tips for Trading Gold!,TraderNick,,
youtube,TraderNick,oc2zqnvsqi0,https://www.youtube.com/watch?v=oc2zqnvsqi0,UgykuVVoer7d85vzoSZ4AaABAg.A9LIrAc-9fSAAyPrTaCJj4,Maybe you could look for a teacher to help you,2024-11-18T04:00:41Z,2026-10-01T13:27:18.421828+00:00,0,0,,5b947f1753d5e059a59b5d5be16e357cd6f3a063b057324678dc68f0b8e8e04e,UgykuVVoer7d85vzoSZ4AaABAg,youtube-data-api-v3/commentThreads.list,,oc2zqnvsqi0,3 Key Tips for Trading Gold!,TraderNick,,
youtube,TraderNick,oc2zqnvsqi0,https://www.youtube.com/watch?v=oc2zqnvsqi0,UgyoF-m2cwH52-Er24p4AaABAg,Gold is a one of a kind pair to trade 😜,2024-04-07T14:20:07Z,2026-10-01T13:27:18.421828+00:00,3,1,,ae9f79e5ca9c06cf68e67a609c36eea959bd7fbe77c4c3f625583203aa8fdae7,,youtube-data-api-v3/commentThreads.list,,oc2zqnvsqi0,3 Key Tips for Trading Gold!,TraderNick,,
youtube,TraderNick,oc2zqnvsqi0,https://www.youtube.com/watch?v=oc2zqnvsqi0,UgyoF-m2cwH52-Er24p4AaABAg.A1w9tR4xivLA1wzFxevD7j,"Not even a ""pair"" you goose!",2024-04-07T21:57:43Z,2026-10-01T13:27:18.421828+00:00,0,0,,34aff7d0d0d6b284d96d3355220dcc49345a4476f73f6fbf22e8bdb6f3c7719c,UgyoF-m2cwH52-Er24p4AaABAg,youtube-data-api-v3/commentThreads.list,,oc2zqnvsqi0,3 Key Tips for Trading Gold!,TraderNick,,
youtube,TraderNick,oc2zqnvsqi0,https://www.youtube.com/watch?v=oc2zqnvsqi0,Ugz6GfNRdM6mSZcyM3B4AaABAg,What flatform are you using?,2026-05-21T01:15:30Z,2026-10-01T13:27:18.421828+00:00,0,0,,634d8b0b59b740510892085b3aa6fbfb379bb94a92de070d0e60bd53d36127f5,,youtube-data-api-v3/commentThreads.list,,oc2zqnvsqi0,3 Key Tips for Trading Gold!,TraderNick,,
youtube,TraderNick,oc2zqnvsqi0,https://www.youtube.com/watch?v=oc2zqnvsqi0,UgzLcFCVY4D7e-RsJTF4AaABAg,always learn something from here love from pakistan,2024-04-07T13:53:49Z,2026-10-01T13:27:18.421828+00:00,3,1,,7773cd06b093ad187aab3e885b2d9b6c189cbfa7338eb806288cb9e51cc8ad7f,,youtube-data-api-v3/commentThreads.list,,oc2zqnvsqi0,3 Key Tips for Trading Gold!,TraderNick,,
youtube,TraderNick,oc2zqnvsqi0,https://www.youtube.com/watch?v=oc2zqnvsqi0,UgzLcFCVY4D7e-RsJTF4AaABAg.A1w6sjlTmbgA1wzJVa2ZNL,Love & Pakistan together? never happens!,2024-04-07T21:58:12Z,2026-10-01T13:27:18.421828+00:00,0,0,,34aff7d0d0d6b284d96d3355220dcc49345a4476f73f6fbf22e8bdb6f3c7719c,UgzLcFCVY4D7e-RsJTF4AaABAg,youtube-data-api-v3/commentThreads.list,,oc2zqnvsqi0,3 Key Tips for Trading Gold!,TraderNick,,
youtube,TraderNick,oc2zqnvsqi0,https://www.youtube.com/watch?v=oc2zqnvsqi0,Ugzn5U5ax1zf5fzn-vF4AaABAg,Guy says RIP if your selling gold😂,2026-03-27T03:18:33Z,2026-10-01T13:27:18.421828+00:00,0,0,,b40000dba056a67a100cf1795065d1b9bb7458c2b12a0081bee638dfcc350b8b,,youtube-data-api-v3/commentThreads.list,,oc2zqnvsqi0,3 Key Tips for Trading Gold!,TraderNick,,
youtube,TraderNick,oc2zqnvsqi0,https://www.youtube.com/watch?v=oc2zqnvsqi0,UgyCFJ6syLFk3lxlC894AaABAg,How to trade online? Which platform to use? Is it linked to bank account ?,2024-10-26T08:01:18Z,2026-10-01T13:27:18.421828+00:00,1,1,,94d396ca11e6e14ceffa852e28cc655e873dabaf043591dff12112f5a8eefcdc,,youtube-data-api-v3/commentThreads.list,,oc2zqnvsqi0,3 Key Tips for Trading Gold!,TraderNick,,
youtube,TraderNick,oc2zqnvsqi0,https://www.youtube.com/watch?v=oc2zqnvsqi0,UgyCFJ6syLFk3lxlC894AaABAg.AA2c6gmvV9QAAyQzblwR9P,You should look for a reliable platform that will be linked to your bank account,2024-11-18T04:10:32Z,2026-10-01T13:27:18.421828+00:00,0,0,,5b947f1753d5e059a59b5d5be16e357cd6f3a063b057324678dc68f0b8e8e04e,UgyCFJ6syLFk3lxlC894AaABAg,youtube-data-api-v3/commentThreads.list,,oc2zqnvsqi0,3 Key Tips for Trading Gold!,TraderNick,,
youtube,TraderNick,oc2zqnvsqi0,https://www.youtube.com/watch?v=oc2zqnvsqi0,UgzfWoQsr5F72OzyepB4AaABAg,Translate Indonesia sir,2024-04-09T09:17:10Z,2026-10-01T13:27:18.421828+00:00,1,0,,43fa835943dd6c824e3cff94411f7565667b7d39443cc16368d0141b7e7159e5,,youtube-data-api-v3/commentThreads.list,,oc2zqnvsqi0,3 Key Tips for Trading Gold!,TraderNick,,
youtube,TraderNick,oc2zqnvsqi0,https://www.youtube.com/watch?v=oc2zqnvsqi0,UgwoYm6PmhDpetp7MUh4AaABAg,gold is 4030 today,2025-10-22T16:00:15Z,2026-10-01T13:27:18.421828+00:00,0,0,,977d6c79314a355b5c7b4e61919d91bd4ef143b1404efd15949d80450180c8d5,,youtube-data-api-v3/commentThreads.list,,oc2zqnvsqi0,3 Key Tips for Trading Gold!,TraderNick,,
youtube,TraderNick,oc2zqnvsqi0,https://www.youtube.com/watch?v=oc2zqnvsqi0,Ugz0hASGqg1Gf0aRzNN4AaABAg,TodayGold price  is 2946$ 😂😂😂,2025-03-13T05:49:23Z,2026-10-01T13:27:18.421828+00:00,0,0,,23edc70de6ab3d6da20a519ce2691b6d644be7dca309e7a9c919abb07d41bc3f,,youtube-data-api-v3/commentThreads.list,,oc2zqnvsqi0,3 Key Tips for Trading Gold!,TraderNick,,
youtube,TraderNick,oc2zqnvsqi0,https://www.youtube.com/watch?v=oc2zqnvsqi0,UgycnfyY6fBp6f2ZxTh4AaABAg,Hello,2024-10-01T12:04:18Z,2026-10-01T13:27:18.421828+00:00,0,0,,2d529aeea85d4f6e173e840f674519cc5d9f7a978c7ed961f8264ed8a1a7ab08,,youtube-data-api-v3/commentThreads.list,,oc2zqnvsqi0,3 Key Tips for Trading Gold!,TraderNick,,
youtube,TraderNick,oc2zqnvsqi0,https://www.youtube.com/watch?v=oc2zqnvsqi0,Ugz817JzQ1GdMog9Ckx4AaABAg,wheres the lambo,2024-08-19T04:38:34Z,2026-10-01T13:27:18.421828+00:00,0,1,,7441bcd4f656096a511f46b25cf8c5ba2db9aa1aeccb7914043355690bf88c49,,youtube-data-api-v3/commentThreads.list,,oc2zqnvsqi0,3 Key Tips for Trading Gold!,TraderNick,,
youtube,TraderNick,oc2zqnvsqi0,https://www.youtube.com/watch?v=oc2zqnvsqi0,Ugx4d2RlYIQtz6a_KkJ4AaABAg,Where exactly do I start trading gold?,2024-08-19T21:18:50Z,2026-10-01T13:27:18.421828+00:00,1,1,,5d7040e9b13360c39bea04ede1847b67690aec855f217858bb34970d83ca931e,,youtube-data-api-v3/commentThreads.list,,oc2zqnvsqi0,3 Key Tips for Trading Gold!,TraderNick,,
youtube,TraderNick,oc2zqnvsqi0,https://www.youtube.com/watch?v=oc2zqnvsqi0,UgyruLO1FZhUMi5UG694AaABAg,💎,2025-01-16T03:23:36Z,2026-10-01T13:27:18.421828+00:00,1,0,,c3e8930ad310bec6ccfc9989430d44b5f236e24d3cd542506a90036cb6bacc84,,youtube-data-api-v3/commentThreads.list,,oc2zqnvsqi0,3 Key Tips for Trading Gold!,TraderNick,,
youtube,TraderNick,oc2zqnvsqi0,https://www.youtube.com/watch?v=oc2zqnvsqi0,Ugxxy9K56FAjLQrDZ-N4AaABAg,Gold to $13600 in 2 years,2026-09-11T20:05:22Z,2026-10-01T13:27:18.421828+00:00,0,0,,c880bbcf8a62505d5e74fc7a199fee1fcbd79383999640d6a33c6ce04c69fcf6,,youtube-data-api-v3/commentThreads.list,,oc2zqnvsqi0,3 Key Tips for Trading Gold!,TraderNick,,
youtube,TraderNick,oc2zqnvsqi0,https://www.youtube.com/watch?v=oc2zqnvsqi0,Ugwg_mPOyCralb61yZp4AaABAg,I’ve watched so many videos and not a single video shows what apps or platform I need to use please help me just with the basics I need to know what apps or platforms I need to use thank you,2025-09-12T16:53:50Z,2026-10-01T13:27:18.421828+00:00,0,1,,4a149614bbb103f66720812852c75d2a0c08f5a1aac0c3f33fc7e667587fef20,,youtube-data-api-v3/commentThreads.list,,oc2zqnvsqi0,3 Key Tips for Trading Gold!,TraderNick,,
youtube,TraderNick,oc2zqnvsqi0,https://www.youtube.com/watch?v=oc2zqnvsqi0,Ugwg_mPOyCralb61yZp4AaABAg.AMz7Dz89oRKAS0nOcdeNbC,Use trading view for charting and mt5 or OANDA for entries and exit,2026-01-16T00:26:29Z,2026-10-01T13:27:18.421828+00:00,0,0,,37c2e4367b04cf4b4d9b11bce11a3532dc46934db7f5bd6092f526ba1d42c40f,Ugwg_mPOyCralb61yZp4AaABAg,youtube-data-api-v3/commentThreads.list,,oc2zqnvsqi0,3 Key Tips for Trading Gold!,TraderNick,,
youtube,TraderNick,oc2zqnvsqi0,https://www.youtube.com/watch?v=oc2zqnvsqi0,Ugw1UuxuagUhf1BVsWN4AaABAg,Oh wow so every commenter missed the January 2026 rally,2026-05-03T15:05:16Z,2026-10-01T13:27:18.421828+00:00,0,0,,e53ab9c9b062df423e4cd50640328338777a55c8d411898edb8e5675a66ecaaf,,youtube-data-api-v3/commentThreads.list,,oc2zqnvsqi0,3 Key Tips for Trading Gold!,TraderNick,,
youtube,TraderNick,oc2zqnvsqi0,https://www.youtube.com/watch?v=oc2zqnvsqi0,UgyzXA9imM48NjnjiHB4AaABAg,Love gold  😂😂 nfp took me out twice before going my direction like ight  bruhh 😒 decided to be done for the day went to sleep 😴 and wake up to gold going to new highs 😂😂😂,2024-04-07T17:56:18Z,2026-10-01T13:27:18.421828+00:00,6,0,,9d6b698a8d96b388226625b231554d5076d395463dda8bca295d4b9a0b3b82eb,,youtube-data-api-v3/commentThreads.list,,oc2zqnvsqi0,3 Key Tips for Trading Gold!,TraderNick,,
youtube,TraderNick,oc2zqnvsqi0,https://www.youtube.com/watch?v=oc2zqnvsqi0,UgyGEJ9sDZrbiqLLj054AaABAg,🎉🎉🎉🎉 sir 🎉🎉🎉🎉🎉🎉🎉,2026-02-27T20:25:47Z,2026-10-01T13:27:18.421828+00:00,0,0,,2f1898763cecf82ad476ce9016d54c4814532531734932e1b8900fda451138c1,,youtube-data-api-v3/commentThreads.list,,oc2zqnvsqi0,3 Key Tips for Trading Gold!,TraderNick,,
youtube,TraderNick,oc2zqnvsqi0,https://www.youtube.com/watch?v=oc2zqnvsqi0,UgxLagsDIoMkre_2SSR4AaABAg,Did we miss the 45% off,2024-04-07T13:10:26Z,2026-10-01T13:27:18.421828+00:00,2,1,,7a21ceb70bae55637cc6b4eb8a9019d632000051399f057a3dba2cce0b5c60de,,youtube-data-api-v3/commentThreads.list,,oc2zqnvsqi0,3 Key Tips for Trading Gold!,TraderNick,,
youtube,TraderNick,oc2zqnvsqi0,https://www.youtube.com/watch?v=oc2zqnvsqi0,UgwgaUJDH_1TBvtZlHB4AaABAg,is it possible to do wheel strategy  ( option ) with GLD ???  it seems because moves really fast it will mess up the wheel strategy. please kindly advise,2024-07-06T02:11:33Z,2026-10-01T13:27:18.421828+00:00,1,2,,05680ae15b8a9c5728205829dc269fc8fd2d6ab1782ac9e58f12aac392d3f609,,youtube-data-api-v3/commentThreads.list,,oc2zqnvsqi0,3 Key Tips for Trading Gold!,TraderNick,,
youtube,TraderNick,oc2zqnvsqi0,https://www.youtube.com/watch?v=oc2zqnvsqi0,UgwgaUJDH_1TBvtZlHB4AaABAg.A5Xb30bc2Y_A5YielSdeZA,"@TraderNick Thnak you for prompt reply !  the one thing I noticed about GOLD's chart pattern ( last 50 years history , 1970 after  ) it is a very Anti-Fragile asset , meaning when ""Black swan"" events( 2008 and 2020 )  hit , it only dropped  15 % and Most importantly it recovered  SUPER fast ( within 6 months ) ....other assets like S&p 500 or IWM dropped more than 30%-50%  and took them 3-4 years to  recover  ( except V shape recovery of 2020 ) .... I think THE next "" black swan event""  is going to be THE worse one and The recovery time would be ( 12 - 20 years, like Japan stock market crash   ) and based on what I have seen from GOLD , it can be a solid  anti fragile asset for ""wheel strategy"" and selling Cover calls and at the SAME time PRESERVATION of your asset during black swan events ....obviously , as you mentioned when the world is at peace GOLD stays low ( inactive)   for long  time , but I believe STRONGLY the  world is going toward more wars and disorders  mainly due to global  inflation and natural resource scarcity and competition  . I think, we are going to have a small pull back exactly to level that you mentioned in your First video , at that price $ 2280 . At that price i will take action",2024-07-06T12:37:15Z,2026-10-01T13:27:18.421828+00:00,0,0,,05680ae15b8a9c5728205829dc269fc8fd2d6ab1782ac9e58f12aac392d3f609,UgwgaUJDH_1TBvtZlHB4AaABAg,youtube-data-api-v3/commentThreads.list,,oc2zqnvsqi0,3 Key Tips for Trading Gold!,TraderNick,,
youtube,TraderNick,oc2zqnvsqi0,https://www.youtube.com/watch?v=oc2zqnvsqi0,UgxpXZoTV3ATlLZzH2h4AaABAg,❤,2025-12-21T03:06:45Z,2026-10-01T13:27:18.422826+00:00,0,0,,e3b5af7b61e6ec7f1b9a52b3e1f868b0b5a80ac1ea7134a10878294883386b25,,youtube-data-api-v3/commentThreads.list,,oc2zqnvsqi0,3 Key Tips for Trading Gold!,TraderNick,,
youtube,TraderNick,oc2zqnvsqi0,https://www.youtube.com/watch?v=oc2zqnvsqi0,Ugy_8Ja22UwwVGssYBx4AaABAg,👏👏👏,2024-04-07T12:59:35Z,2026-10-01T13:27:18.422826+00:00,0,0,,9b30b692c76be2f1e867218e189d5cc1f555b7bbe774cf8e3b7e15ad923e282a,,youtube-data-api-v3/commentThreads.list,,oc2zqnvsqi0,3 Key Tips for Trading Gold!,TraderNick,,
youtube,TraderNick,oc2zqnvsqi0,https://www.youtube.com/watch?v=oc2zqnvsqi0,UgxUl8uUUic1Dwt3e5p4AaABAg,👍👍,2024-04-07T13:06:03Z,2026-10-01T13:27:18.422826+00:00,0,0,,1a5c0ab45a60075d56a389b14857d7b5c0f0d43664e93a352e1f9b680db32709,,youtube-data-api-v3/commentThreads.list,,oc2zqnvsqi0,3 Key Tips for Trading Gold!,TraderNick,,
youtube,The Trading Academy,sK-_6uIGMck,https://www.youtube.com/watch?v=sK-_6uIGMck,Ugxv8oBVmj_m-q3bxAp4AaABAg,"I think whatever you have explained in this, it worked today on 15m timeframe! Great job!!",2025-04-17T20:39:53Z,2026-10-01T13:27:19.886535+00:00,140,3,,965d3235e2b4d162b884c6f27c4fc91d5b5440d3dafa2c53af1633635eea31c0,,youtube-data-api-v3/commentThreads.list,,sK-_6uIGMck,GOLD 15M Trading Strategy Explained - Trading Gold on the 15 minute timeframe with CHoCH entry model,The Trading Academy,,
youtube,The Trading Academy,sK-_6uIGMck,https://www.youtube.com/watch?v=sK-_6uIGMck,Ugxv8oBVmj_m-q3bxAp4AaABAg.AH1RS49uPtkAJYW24Ns1gf,It literally says 15 minute timeframe 😂,2025-06-19T09:57:45Z,2026-10-01T13:27:19.886535+00:00,1,0,,978afc67933cd097bb4985a385795e81ebc9c3d0f085ab005815f35a1a7ba612,Ugxv8oBVmj_m-q3bxAp4AaABAg,youtube-data-api-v3/commentThreads.list,,sK-_6uIGMck,GOLD 15M Trading Strategy Explained - Trading Gold on the 15 minute timeframe with CHoCH entry model,The Trading Academy,,
youtube,The Trading Academy,sK-_6uIGMck,https://www.youtube.com/watch?v=sK-_6uIGMck,Ugxv8oBVmj_m-q3bxAp4AaABAg.AH1RS49uPtkAV33eW7dmKx,"I am a professional profitable forex trader offer: account management,  profitable forex bot, prop firm passing and Equity protector",2026-04-01T11:10:00Z,2026-10-01T13:27:19.886535+00:00,0,0,,4491b200d981e21c5fd843799dd369fb42a29eeb7d630dabfe17124dd489c775,Ugxv8oBVmj_m-q3bxAp4AaABAg,youtube-data-api-v3/commentThreads.list,,sK-_6uIGMck,GOLD 15M Trading Strategy Explained - Trading Gold on the 15 minute timeframe with CHoCH entry model,The Trading Academy,,
youtube,The Trading Academy,sK-_6uIGMck,https://www.youtube.com/watch?v=sK-_6uIGMck,Ugxv8oBVmj_m-q3bxAp4AaABAg.AH1RS49uPtkAWN5RTmpVI2,gold will distroy in  15m time frame boom,2026-05-04T02:21:46Z,2026-10-01T13:27:19.886535+00:00,1,0,,00ca0e97b0371cdc9d078d755dc7fe5d8ad09c2f9f8053c3ee94287acae90d5d,Ugxv8oBVmj_m-q3bxAp4AaABAg,youtube-data-api-v3/commentThreads.list,,sK-_6uIGMck,GOLD 15M Trading Strategy Explained - Trading Gold on the 15 minute timeframe with CHoCH entry model,The Trading Academy,,
youtube,The Trading Academy,sK-_6uIGMck,https://www.youtube.com/watch?v=sK-_6uIGMck,UgxUc1ojP7CdvxyulA54AaABAg,I used to skip analysis like this. Now I never trade without confirming zones.,2025-06-20T10:50:15Z,2026-10-01T13:27:19.886535+00:00,21,0,,5665d776d9ebca1b1d30f305f9d69af511c7b2f4aefe1b026f74cf515c37d597,,youtube-data-api-v3/commentThreads.list,,sK-_6uIGMck,GOLD 15M Trading Strategy Explained - Trading Gold on the 15 minute timeframe with CHoCH entry model,The Trading Academy,,
youtube,The Trading Academy,sK-_6uIGMck,https://www.youtube.com/watch?v=sK-_6uIGMck,UgwQo4FUydp8WxNiOD54AaABAg,price needs a valid body close at the end .....thats a clear entry,2025-04-11T17:00:56Z,2026-10-01T13:27:19.886535+00:00,111,6,,94cf70bcbc9c3b9cd0f9aad922c996635ebb5e9cd39286e899090a9e45490ff1,,youtube-data-api-v3/commentThreads.list,,sK-_6uIGMck,GOLD 15M Trading Strategy Explained - Trading Gold on the 15 minute timeframe with CHoCH entry model,The Trading Academy,,
youtube,The Trading Academy,sK-_6uIGMck,https://www.youtube.com/watch?v=sK-_6uIGMck,UgwQo4FUydp8WxNiOD54AaABAg.AGmac9QKHCnAHFhNx_38TE,"On the lower TF is body break candle, i think the video is high TF bro",2025-04-23T09:37:14Z,2026-10-01T13:27:19.886535+00:00,1,0,,d09a43de69780d3fad5f9ddd0bccd3d47f7dac9c19a26313e24b976623121812,UgwQo4FUydp8WxNiOD54AaABAg,youtube-data-api-v3/commentThreads.list,,sK-_6uIGMck,GOLD 15M Trading Strategy Explained - Trading Gold on the 15 minute timeframe with CHoCH entry model,The Trading Academy,,
youtube,The Trading Academy,sK-_6uIGMck,https://www.youtube.com/watch?v=sK-_6uIGMck,UgwQo4FUydp8WxNiOD54AaABAg.AGmac9QKHCnAHoAryzJ6a6,15 min is a low TF 😂 4H AND DAILY IS THE REAL STRUCTURE ​@adigantenggg,2025-05-07T04:17:03Z,2026-10-01T13:27:19.886535+00:00,0,0,,c7f258cb5e7c539f48ee39468db8d9c52b33657b0bd586e0f318663a1c25587e,UgwQo4FUydp8WxNiOD54AaABAg,youtube-data-api-v3/commentThreads.list,,sK-_6uIGMck,GOLD 15M Trading Strategy Explained - Trading Gold on the 15 minute timeframe with CHoCH entry model,The Trading Academy,,
youtube,The Trading Academy,sK-_6uIGMck,https://www.youtube.com/watch?v=sK-_6uIGMck,UgwQo4FUydp8WxNiOD54AaABAg.AGmac9QKHCnAKzAtsbf7Vk,@adigantenggg he has written its m15,2025-07-25T00:23:08Z,2026-10-01T13:27:19.886535+00:00,3,0,,80d1f8344722c942dd0026eab8b35e4c77af5ac0ab82006d65c0a7099c7f60da,UgwQo4FUydp8WxNiOD54AaABAg,youtube-data-api-v3/commentThreads.list,,sK-_6uIGMck,GOLD 15M Trading Strategy Explained - Trading Gold on the 15 minute timeframe with CHoCH entry model,The Trading Academy,,
youtube,The Trading Academy,sK-_6uIGMck,https://www.youtube.com/watch?v=sK-_6uIGMck,UgwQo4FUydp8WxNiOD54AaABAg.AGmac9QKHCnAU4mHkdeXvk,I guess trading quite is quite unique unlike other commodities,2026-03-08T06:36:34Z,2026-10-01T13:27:19.886535+00:00,1,0,,00ca44f3ed4df2385db6555687e946ae0e5f5bfdc523c15c837b5ea8f0f9ba78,UgwQo4FUydp8WxNiOD54AaABAg,youtube-data-api-v3/commentThreads.list,,sK-_6uIGMck,GOLD 15M Trading Strategy Explained - Trading Gold on the 15 minute timeframe with CHoCH entry model,The Trading Academy,,
youtube,The Trading Academy,sK-_6uIGMck,https://www.youtube.com/watch?v=sK-_6uIGMck,UgwQo4FUydp8WxNiOD54AaABAg.AGmac9QKHCnAXWHcI59l-7,Not necessarily some people prefer price filter over time filter,2026-06-01T12:32:48Z,2026-10-01T13:27:19.886535+00:00,0,0,,acf25f194473fdf1d6410f750881a08ebffe568943e2d7160ce7ae35df829421,UgwQo4FUydp8WxNiOD54AaABAg,youtube-data-api-v3/commentThreads.list,,sK-_6uIGMck,GOLD 15M Trading Strategy Explained - Trading Gold on the 15 minute timeframe with CHoCH entry model,The Trading Academy,,
youtube,The Trading Academy,sK-_6uIGMck,https://www.youtube.com/watch?v=sK-_6uIGMck,UgwJAgaxLkuXT7VZDf14AaABAg,I just watched a video with the same guy showing the same thing but going the other way and it worked out both ways 💀,2026-08-23T18:33:24Z,2026-10-01T13:27:19.886535+00:00,1,0,,dedf80a0d1dacf843679e5808aaa17f06fed4381c3f8c4f7e8fc2ed9149b8d40,,youtube-data-api-v3/commentThreads.list,,sK-_6uIGMck,GOLD 15M Trading Strategy Explained - Trading Gold on the 15 minute timeframe with CHoCH entry model,The Trading Academy,,
youtube,The Trading Academy,sK-_6uIGMck,https://www.youtube.com/watch?v=sK-_6uIGMck,UgzrJJge8D6PJVCfdWV4AaABAg,Telling people what timeframe is important mate. Great job 👏,2025-12-11T12:50:00Z,2026-10-01T13:27:19.886535+00:00,1,1,,75b232208b0a38844a4ef937e962619e00dc31185c8fbe864d50cfa53e22459d,,youtube-data-api-v3/commentThreads.list,,sK-_6uIGMck,GOLD 15M Trading Strategy Explained - Trading Gold on the 15 minute timeframe with CHoCH entry model,The Trading Academy,,
youtube,The Trading Academy,sK-_6uIGMck,https://www.youtube.com/watch?v=sK-_6uIGMck,UgzrJJge8D6PJVCfdWV4AaABAg.AQaQrnexiz3AQd--WmtMxl,15M it’s in the title,2025-12-12T12:44:15Z,2026-10-01T13:27:19.886535+00:00,1,0,,11192ec5f45ea7b1bbaff5589de8ecd92146b18c6988779b9b8f9de696ad1b9a,UgzrJJge8D6PJVCfdWV4AaABAg,youtube-data-api-v3/commentThreads.list,,sK-_6uIGMck,GOLD 15M Trading Strategy Explained - Trading Gold on the 15 minute timeframe with CHoCH entry model,The Trading Academy,,
youtube,The Trading Academy,sK-_6uIGMck,https://www.youtube.com/watch?v=sK-_6uIGMck,UgxqWhS6HPz9FueQ2X94AaABAg,Simple.... That's why I like your strategy,2026-02-16T06:33:04Z,2026-10-01T13:27:19.886535+00:00,2,0,,aacd051d1c07d9a9ba1a324ebd962ff96362366f1a6c7ecd8a7cdb0ef0d8b5ca,,youtube-data-api-v3/commentThreads.list,,sK-_6uIGMck,GOLD 15M Trading Strategy Explained - Trading Gold on the 15 minute timeframe with CHoCH entry model,The Trading Academy,,
youtube,The Trading Academy,sK-_6uIGMck,https://www.youtube.com/watch?v=sK-_6uIGMck,UgzNn8Tgb9ec-aD_P9h4AaABAg,Man im so addicted to doing this now 😂 its alot of fun and im actually kinda good at it. For somereason qhen i make a bigger bet i always lose tho,2026-08-17T07:55:48Z,2026-10-01T13:27:19.886535+00:00,1,0,,5c3607ceaaf2f9f63e29e17c83dcd76dc292574a5b19709b900d8625fd51f46c,,youtube-data-api-v3/commentThreads.list,,sK-_6uIGMck,GOLD 15M Trading Strategy Explained - Trading Gold on the 15 minute timeframe with CHoCH entry model,The Trading Academy,,
youtube,The Trading Academy,sK-_6uIGMck,https://www.youtube.com/watch?v=sK-_6uIGMck,Ugwy3XC7Ynr6ZEOGdGt4AaABAg,In fact it is a jenious setup indeed!!!,2026-01-08T10:50:11Z,2026-10-01T13:27:19.886535+00:00,2,0,,af7cf1e90eca22a9338c4596e4e33773c7e26edb1e34ea87c09ab68d5d9d8463,,youtube-data-api-v3/commentThreads.list,,sK-_6uIGMck,GOLD 15M Trading Strategy Explained - Trading Gold on the 15 minute timeframe with CHoCH entry model,The Trading Academy,,
youtube,The Trading Academy,sK-_6uIGMck,https://www.youtube.com/watch?v=sK-_6uIGMck,Ugx95axgdt4PuatDQq14AaABAg,"Ca marche vraiment! Merci! ¨Par contre, parfois ca marche avec RR 1/2 et plus souvent. Bravo",2026-01-08T10:32:42Z,2026-10-01T13:27:19.886535+00:00,1,0,,af7cf1e90eca22a9338c4596e4e33773c7e26edb1e34ea87c09ab68d5d9d8463,,youtube-data-api-v3/commentThreads.list,,sK-_6uIGMck,GOLD 15M Trading Strategy Explained - Trading Gold on the 15 minute timeframe with CHoCH entry model,The Trading Academy,,
youtube,The Trading Academy,sK-_6uIGMck,https://www.youtube.com/watch?v=sK-_6uIGMck,Ugyr2JPOs6B_fCPq2aF4AaABAg,thanks bro i really learned a lot from this,2026-08-08T03:53:55Z,2026-10-01T13:27:19.886535+00:00,1,0,,5dea40bafdb7b98a231d301786170c60d3dbd478e1da9abc9cd2ca92eb1e8ad4,,youtube-data-api-v3/commentThreads.list,,sK-_6uIGMck,GOLD 15M Trading Strategy Explained - Trading Gold on the 15 minute timeframe with CHoCH entry model,The Trading Academy,,
youtube,The Trading Academy,sK-_6uIGMck,https://www.youtube.com/watch?v=sK-_6uIGMck,UgwQq1Bj_wxGK1LSg7h4AaABAg,"I made 561 with a deposit of 36 
Thanks to him !!",2025-06-11T12:34:54Z,2026-10-01T13:27:19.886535+00:00,7,1,,8ed3e54cb8240cd7e4565d17b0a450c0bc39ee27b8496fc96146a20646654670,,youtube-data-api-v3/commentThreads.list,,sK-_6uIGMck,GOLD 15M Trading Strategy Explained - Trading Gold on the 15 minute timeframe with CHoCH entry model,The Trading Academy,,
youtube,The Trading Academy,sK-_6uIGMck,https://www.youtube.com/watch?v=sK-_6uIGMck,UgwQq1Bj_wxGK1LSg7h4AaABAg.AJEBf4cVlobAV33iojknXG,"I am a professional profitable forex trader offer: account management,  profitable forex bot, prop firm passing and Equity protector",2026-04-01T11:10:35Z,2026-10-01T13:27:19.886535+00:00,0,0,,4491b200d981e21c5fd843799dd369fb42a29eeb7d630dabfe17124dd489c775,UgwQq1Bj_wxGK1LSg7h4AaABAg,youtube-data-api-v3/commentThreads.list,,sK-_6uIGMck,GOLD 15M Trading Strategy Explained - Trading Gold on the 15 minute timeframe with CHoCH entry model,The Trading Academy,,
youtube,The Trading Academy,sK-_6uIGMck,https://www.youtube.com/watch?v=sK-_6uIGMck,UgyL3o7PaoczE8QMbN14AaABAg,Definitely 💯 % trying this,2026-08-11T10:54:41Z,2026-10-01T13:27:19.886535+00:00,1,0,,ad696f2dcc4ee1da53163e72859e5dff65734a1fec58cdf3e9b7f302b0cd8aff,,youtube-data-api-v3/commentThreads.list,,sK-_6uIGMck,GOLD 15M Trading Strategy Explained - Trading Gold on the 15 minute timeframe with CHoCH entry model,The Trading Academy,,
youtube,The Trading Academy,sK-_6uIGMck,https://www.youtube.com/watch?v=sK-_6uIGMck,Ugy_GnztLgcIA0qG5uN4AaABAg,This strategy works 💯,2025-07-23T20:09:05Z,2026-10-01T13:27:19.886535+00:00,3,1,,6e6174d6d0ca0e1fd0371796255f974feb6410f5b5f0c37105d9457a093dfa03,,youtube-data-api-v3/commentThreads.list,,sK-_6uIGMck,GOLD 15M Trading Strategy Explained - Trading Gold on the 15 minute timeframe with CHoCH entry model,The Trading Academy,,
youtube,The Trading Academy,sK-_6uIGMck,https://www.youtube.com/watch?v=sK-_6uIGMck,Ugy_GnztLgcIA0qG5uN4AaABAg.AKw91Mt-c9RAQ0abvqGzPD,"wow, what's your proof? Have you traded this strategy on gold for over 100 trades? thank you sir",2025-11-27T05:32:03Z,2026-10-01T13:27:19.886535+00:00,0,0,,bebf2f765c4c8b9d5ea688294879fa75340215572ec8591f13fe7831504bbba5,Ugy_GnztLgcIA0qG5uN4AaABAg,youtube-data-api-v3/commentThreads.list,,sK-_6uIGMck,GOLD 15M Trading Strategy Explained - Trading Gold on the 15 minute timeframe with CHoCH entry model,The Trading Academy,,
youtube,The Trading Academy,sK-_6uIGMck,https://www.youtube.com/watch?v=sK-_6uIGMck,Ugzc2LiqyTNW3ZFnk5F4AaABAg,Im an ORB trader and what I see only is that the bearish order block got validated ❤,2025-04-29T19:50:22Z,2026-10-01T13:27:19.886535+00:00,14,1,,07b0620571a9e3150e7585d2b09286841d3d7816a272c1bf8c616bfca617e0de,,youtube-data-api-v3/commentThreads.list,,sK-_6uIGMck,GOLD 15M Trading Strategy Explained - Trading Gold on the 15 minute timeframe with CHoCH entry model,The Trading Academy,,
youtube,The Trading Academy,sK-_6uIGMck,https://www.youtube.com/watch?v=sK-_6uIGMck,Ugzc2LiqyTNW3ZFnk5F4AaABAg.AHWFJp-6vhXANhMGkb8dio,"Yep, same stuff. Order Blocks are supply and demand, or support and resistance, which is  basically liquidity grabs😂",2025-09-30T15:50:21Z,2026-10-01T13:27:19.886535+00:00,0,0,,2aa6735188db354d935c88f266c626d7640bf24f4cb2c7de24e9becc29e555c2,Ugzc2LiqyTNW3ZFnk5F4AaABAg,youtube-data-api-v3/commentThreads.list,,sK-_6uIGMck,GOLD 15M Trading Strategy Explained - Trading Gold on the 15 minute timeframe with CHoCH entry model,The Trading Academy,,
youtube,The Trading Academy,sK-_6uIGMck,https://www.youtube.com/watch?v=sK-_6uIGMck,UgwaiM0MBzCc6djLxhF4AaABAg,Master❤❤,2024-09-19T19:31:33Z,2026-10-01T13:27:19.886535+00:00,3,0,,502b842b3c61987c258a005f2583e2234c44d2a7f9573daf76319ecf0478c581,,youtube-data-api-v3/commentThreads.list,,sK-_6uIGMck,GOLD 15M Trading Strategy Explained - Trading Gold on the 15 minute timeframe with CHoCH entry model,The Trading Academy,,
youtube,The Trading Academy,sK-_6uIGMck,https://www.youtube.com/watch?v=sK-_6uIGMck,UgyH7aiPr8zbolzNFcx4AaABAg,People have different strategy bt I would have waited for the bos on the hl,2026-01-28T21:14:24Z,2026-10-01T13:27:19.886535+00:00,2,0,,69ed607ba6dafd0342da13ca48fa638f10c4992d5fbb3fa340c171cd8a949ef1,,youtube-data-api-v3/commentThreads.list,,sK-_6uIGMck,GOLD 15M Trading Strategy Explained - Trading Gold on the 15 minute timeframe with CHoCH entry model,The Trading Academy,,
youtube,The Trading Academy,sK-_6uIGMck,https://www.youtube.com/watch?v=sK-_6uIGMck,Ugxu-W1IBxLXeyYX8it4AaABAg,That's basically resistance and we have OB previously that gave both bos and choch so after it swept the inducement it will obv reverse,2025-07-29T13:57:13Z,2026-10-01T13:27:19.886535+00:00,0,0,,0592f2db834de5a378174dd2c0531dbec76498bf9072fae436cb1c516fa310e2,,youtube-data-api-v3/commentThreads.list,,sK-_6uIGMck,GOLD 15M Trading Strategy Explained - Trading Gold on the 15 minute timeframe with CHoCH entry model,The Trading Academy,,
youtube,The Trading Academy,sK-_6uIGMck,https://www.youtube.com/watch?v=sK-_6uIGMck,UgxOVBJ1UC2KzyWO9Tl4AaABAg,Wow thanks for this bruh❤,2026-08-06T15:52:32Z,2026-10-01T13:27:19.886535+00:00,0,0,,4f8c624284a35202a0d8fbbd00d44ee365295cccdb252c898355ff29774299fe,,youtube-data-api-v3/commentThreads.list,,sK-_6uIGMck,GOLD 15M Trading Strategy Explained - Trading Gold on the 15 minute timeframe with CHoCH entry model,The Trading Academy,,
youtube,The Trading Academy,sK-_6uIGMck,https://www.youtube.com/watch?v=sK-_6uIGMck,UgwOvbCKjtDBHQPjqLt4AaABAg,Cooh is when the candle body closes below the low ...,2026-01-23T14:42:24Z,2026-10-01T13:27:19.886535+00:00,1,0,,b9efaa1964c10308b34b7e870a9aafaf70bc76946e36063c07a7ed26bd326ab9,,youtube-data-api-v3/commentThreads.list,,sK-_6uIGMck,GOLD 15M Trading Strategy Explained - Trading Gold on the 15 minute timeframe with CHoCH entry model,The Trading Academy,,
youtube,The Trading Academy,sK-_6uIGMck,https://www.youtube.com/watch?v=sK-_6uIGMck,Ugz2jPirxWsdycUuuX54AaABAg,Pretty clean actually,2026-09-24T18:21:27Z,2026-10-01T13:27:19.886535+00:00,0,0,,38ab92dea3772b610ca5a6374605eb2c42b993707649c4c02c9a399d1b9face9,,youtube-data-api-v3/commentThreads.list,,sK-_6uIGMck,GOLD 15M Trading Strategy Explained - Trading Gold on the 15 minute timeframe with CHoCH entry model,The Trading Academy,,
youtube,The Trading Academy,sK-_6uIGMck,https://www.youtube.com/watch?v=sK-_6uIGMck,UgzDVZFfVapZt0RFHMZ4AaABAg,guys did u see the doji after the first HH ... thats your strategy for sell,2026-02-23T19:19:16Z,2026-10-01T13:27:19.886535+00:00,1,0,,3fe0cc8edd914f75779cb489b4f62b2ffbbfef4536fa9884cdfce2dab54cac0c,,youtube-data-api-v3/commentThreads.list,,sK-_6uIGMck,GOLD 15M Trading Strategy Explained - Trading Gold on the 15 minute timeframe with CHoCH entry model,The Trading Academy,,
youtube,The Trading Academy,sK-_6uIGMck,https://www.youtube.com/watch?v=sK-_6uIGMck,UgwD-CeCqeqzslzdlwB4AaABAg,Great video tw,2024-09-20T12:33:21Z,2026-10-01T13:27:19.886535+00:00,1,2,,c3c167e4c028109635e32ec7ba12dc0d1e1e952137bbd273a52b5b177a5b7afe,,youtube-data-api-v3/commentThreads.list,,sK-_6uIGMck,GOLD 15M Trading Strategy Explained - Trading Gold on the 15 minute timeframe with CHoCH entry model,The Trading Academy,,
youtube,The Trading Academy,sK-_6uIGMck,https://www.youtube.com/watch?v=sK-_6uIGMck,UgwD-CeCqeqzslzdlwB4AaABAg.A8bPckeHv-BAPJAxMRwLyN,@TheTradingAcademy please did you check the confirmation entry on H4 where you analyze your trade or u go to 15m or 5m to check it?,2025-11-09T14:13:14Z,2026-10-01T13:27:19.886535+00:00,0,0,,46b170cc52468efc81cf1ded8e1e56ef2c166e7a2fb864eccfee69b3eb1efc65,UgwD-CeCqeqzslzdlwB4AaABAg,youtube-data-api-v3/commentThreads.list,,sK-_6uIGMck,GOLD 15M Trading Strategy Explained - Trading Gold on the 15 minute timeframe with CHoCH entry model,The Trading Academy,,
youtube,The Trading Academy,sK-_6uIGMck,https://www.youtube.com/watch?v=sK-_6uIGMck,UgzQkuOHlsAIA11DiyN4AaABAg,that's absolutely helpful,2026-08-06T14:07:12Z,2026-10-01T13:27:19.886535+00:00,0,0,,158eec31d9f1f724a6abedcbb269d431528bd2a4d4d55653ba3ab80ea171b1c2,,youtube-data-api-v3/commentThreads.list,,sK-_6uIGMck,GOLD 15M Trading Strategy Explained - Trading Gold on the 15 minute timeframe with CHoCH entry model,The Trading Academy,,
youtube,The Trading Academy,sK-_6uIGMck,https://www.youtube.com/watch?v=sK-_6uIGMck,UgxGJJOsv-UFqoDyULB4AaABAg,Very good,2026-01-24T16:33:42Z,2026-10-01T13:27:19.886535+00:00,2,0,,afc48f112b367c9378f819d678099086349ca8aa951b8d560d48bca95be71940,,youtube-data-api-v3/commentThreads.list,,sK-_6uIGMck,GOLD 15M Trading Strategy Explained - Trading Gold on the 15 minute timeframe with CHoCH entry model,The Trading Academy,,
youtube,The Trading Academy,sK-_6uIGMck,https://www.youtube.com/watch?v=sK-_6uIGMck,UgzA6F4LeVZ8vObBpCd4AaABAg,"Please sir, I want to learn",2026-07-25T15:35:46Z,2026-10-01T13:27:19.886535+00:00,1,0,,3677636be8e5aa03716413ea07b3349f7cf83bb6cfdc87ab8ee134cfb59888af,,youtube-data-api-v3/commentThreads.list,,sK-_6uIGMck,GOLD 15M Trading Strategy Explained - Trading Gold on the 15 minute timeframe with CHoCH entry model,The Trading Academy,,
youtube,The Trading Academy,sK-_6uIGMck,https://www.youtube.com/watch?v=sK-_6uIGMck,UgwRWYEWN79airpo4114AaABAg,For a bos the candle needs to close below the last higher low not just a wick,2025-08-10T09:44:26Z,2026-10-01T13:27:19.886535+00:00,6,2,,ac62566ac36f7d6b387fd1babe9ef9d07a1180689b78247840b6810564a5c514,,youtube-data-api-v3/commentThreads.list,,sK-_6uIGMck,GOLD 15M Trading Strategy Explained - Trading Gold on the 15 minute timeframe with CHoCH entry model,The Trading Academy,,
youtube,The Trading Academy,sK-_6uIGMck,https://www.youtube.com/watch?v=sK-_6uIGMck,UgwRWYEWN79airpo4114AaABAg.ALdNr-Gajo9ATxY-Bk6O33,I was looking for this comment🤦‍♂️,2026-03-05T01:49:02Z,2026-10-01T13:27:19.886535+00:00,0,0,,98335bfb2183d4532d06ec7dc69e66919f44fcbc9af6b2d05283ae87c97c7490,UgwRWYEWN79airpo4114AaABAg,youtube-data-api-v3/commentThreads.list,,sK-_6uIGMck,GOLD 15M Trading Strategy Explained - Trading Gold on the 15 minute timeframe with CHoCH entry model,The Trading Academy,,
youtube,The Trading Academy,sK-_6uIGMck,https://www.youtube.com/watch?v=sK-_6uIGMck,UgwRWYEWN79airpo4114AaABAg.ALdNr-Gajo9AV1XAJIzyeG,"He´s a master on recorded charts, that is why he does not need the entire candle",2026-03-31T20:49:24Z,2026-10-01T13:27:19.886535+00:00,0,0,,2c8a1a3f63a3fb7d0e518ba9a8ea6557400fe3266ccb9f3749d06e2e69e52702,UgwRWYEWN79airpo4114AaABAg,youtube-data-api-v3/commentThreads.list,,sK-_6uIGMck,GOLD 15M Trading Strategy Explained - Trading Gold on the 15 minute timeframe with CHoCH entry model,The Trading Academy,,
youtube,The Trading Academy,sK-_6uIGMck,https://www.youtube.com/watch?v=sK-_6uIGMck,UgxrEhaOKkQ0BRM1uUh4AaABAg,Can you please trade live next time 😢😊,2025-08-19T06:02:05Z,2026-10-01T13:27:19.886535+00:00,0,0,,92fdb6ffbd2fae6687d853a55c305b5e856d79da7aa9a08e841245318033e226,,youtube-data-api-v3/commentThreads.list,,sK-_6uIGMck,GOLD 15M Trading Strategy Explained - Trading Gold on the 15 minute timeframe with CHoCH entry model,The Trading Academy,,
youtube,The Trading Academy,sK-_6uIGMck,https://www.youtube.com/watch?v=sK-_6uIGMck,Ugx5Zd9pLMf_EIOkAW94AaABAg,Good brother 💲,2025-06-03T13:35:55Z,2026-10-01T13:27:19.886535+00:00,0,0,,1fa35a86f0531f6d0442dfe9f21e3281dbdd889231f2d7cd860950c3b3313051,,youtube-data-api-v3/commentThreads.list,,sK-_6uIGMck,GOLD 15M Trading Strategy Explained - Trading Gold on the 15 minute timeframe with CHoCH entry model,The Trading Academy,,
youtube,The Trading Academy,sK-_6uIGMck,https://www.youtube.com/watch?v=sK-_6uIGMck,Ugyf1xwF7Y7kVA8rKdV4AaABAg,Sir am back again please help me with that your video to identify this structures well please,2024-09-27T22:00:28Z,2026-10-01T13:27:19.886535+00:00,1,0,,771034d898b42dc98194d6527d681e362f3cbdea9fc0ea9917cf1b0030a9ca7e,,youtube-data-api-v3/commentThreads.list,,sK-_6uIGMck,GOLD 15M Trading Strategy Explained - Trading Gold on the 15 minute timeframe with CHoCH entry model,The Trading Academy,,
youtube,The Trading Academy,sK-_6uIGMck,https://www.youtube.com/watch?v=sK-_6uIGMck,UgyYfAadBMoTzSgi81l4AaABAg,"Getting oriented before diving into trading is crucial, especially for newcomers. I lost money in the beginning because I didn’t have the right knowledge or strategy. Everything changed after I found a course that taught me how to trade with discipline and proper risk management. $220k profit, and there’s still more profit to come next month.",2026-09-03T07:53:34Z,2026-10-01T13:27:19.886535+00:00,1,0,,a819192ae9790b817f27852b6b9db600e9059e733f01fecc01250697ca816ec6,,youtube-data-api-v3/commentThreads.list,,sK-_6uIGMck,GOLD 15M Trading Strategy Explained - Trading Gold on the 15 minute timeframe with CHoCH entry model,The Trading Academy,,
youtube,The Trading Academy,sK-_6uIGMck,https://www.youtube.com/watch?v=sK-_6uIGMck,UgzDjfr2nHnsAyYEorN4AaABAg,Thank you so much 😊,2025-11-23T20:45:46Z,2026-10-01T13:27:19.886535+00:00,0,0,,c4e1cbc51767c057d6b0b1d80e39b310ed106c29652b77f3510a7fb8cb663f5f,,youtube-data-api-v3/commentThreads.list,,sK-_6uIGMck,GOLD 15M Trading Strategy Explained - Trading Gold on the 15 minute timeframe with CHoCH entry model,The Trading Academy,,
youtube,The Trading Academy,sK-_6uIGMck,https://www.youtube.com/watch?v=sK-_6uIGMck,Ugzhr0NQN_CtbQGSEa14AaABAg,its made internal choch in the previous low,2026-01-22T08:14:10Z,2026-10-01T13:27:19.886535+00:00,0,0,,dacf0a594a21bfcd698434e8d430ad9a31fe3dc45d72be05ca160ec653e1da9b,,youtube-data-api-v3/commentThreads.list,,sK-_6uIGMck,GOLD 15M Trading Strategy Explained - Trading Gold on the 15 minute timeframe with CHoCH entry model,The Trading Academy,,
youtube,The Trading Academy,sK-_6uIGMck,https://www.youtube.com/watch?v=sK-_6uIGMck,UgxdFny4D0iJgNrIHgJ4AaABAg,"if you dont see, on the second top it swept liquidity, so safely could enter already, because maybe there wont be a pull back",2025-04-15T18:15:12Z,2026-10-01T13:27:19.886535+00:00,14,2,,1afcd94ae16e2225314989616c3994ebd03838bfaa68a9cd86db2bb1a6776093,,youtube-data-api-v3/commentThreads.list,,sK-_6uIGMck,GOLD 15M Trading Strategy Explained - Trading Gold on the 15 minute timeframe with CHoCH entry model,The Trading Academy,,
youtube,The Trading Academy,sK-_6uIGMck,https://www.youtube.com/watch?v=sK-_6uIGMck,UgxdFny4D0iJgNrIHgJ4AaABAg.AGx1IajxCEoAIGjyFUtPQt,"after sweeping it should have a reaction on the opposite side, or else its not a sweep",2025-05-18T15:50:26Z,2026-10-01T13:27:19.886535+00:00,1,0,,a6fbdc076ed76fe58a74c8da918421fc4f5675cf28cdf76843ac7200280a7b58,UgxdFny4D0iJgNrIHgJ4AaABAg,youtube-data-api-v3/commentThreads.list,,sK-_6uIGMck,GOLD 15M Trading Strategy Explained - Trading Gold on the 15 minute timeframe with CHoCH entry model,The Trading Academy,,
youtube,The Trading Academy,sK-_6uIGMck,https://www.youtube.com/watch?v=sK-_6uIGMck,UgxdFny4D0iJgNrIHgJ4AaABAg.AGx1IajxCEoAQ5hOU4hGHn,"​@vijayganesh6607 exactly what I think ,, bcoz when liquidity sweep happens the market moves opposite direction for a pullback ,, then it contuines selling ,, but ,, here after liquidity sweep happens market moves one side ,, I did not understand ? Anyone Explain ?",2025-11-29T05:07:27Z,2026-10-01T13:27:19.886535+00:00,0,0,,7111c5ebb79535c49be23cc5e3de5f107b74efebe269fd22162f8b6fd19f5e72,UgxdFny4D0iJgNrIHgJ4AaABAg,youtube-data-api-v3/commentThreads.list,,sK-_6uIGMck,GOLD 15M Trading Strategy Explained - Trading Gold on the 15 minute timeframe with CHoCH entry model,The Trading Academy,,
youtube,The Trading Academy,sK-_6uIGMck,https://www.youtube.com/watch?v=sK-_6uIGMck,UgyH7gHu24h7OK0c6EN4AaABAg,again recorded charts. Anyone can sound like they know what they are talking about when they already know where the chart is going to move 😅,2025-07-09T19:32:35Z,2026-10-01T13:27:19.886535+00:00,190,8,,79473ae69de58652e59dfb61f582c88bb7225ca667e04f98029ba62443dadd32,,youtube-data-api-v3/commentThreads.list,,sK-_6uIGMck,GOLD 15M Trading Strategy Explained - Trading Gold on the 15 minute timeframe with CHoCH entry model,The Trading Academy,,
youtube,The Trading Academy,sK-_6uIGMck,https://www.youtube.com/watch?v=sK-_6uIGMck,UgyH7gHu24h7OK0c6EN4AaABAg.AKN1igtOmsQAM-qN0wGZsp,no one gives these charts beforehand but me😂,2025-08-19T12:24:53Z,2026-10-01T13:27:19.887532+00:00,0,0,,47cd0721a6976050c0897e9c0cf3b01341edf2fa090847e74db4f72874e8b2b1,UgyH7gHu24h7OK0c6EN4AaABAg,youtube-data-api-v3/commentThreads.list,,sK-_6uIGMck,GOLD 15M Trading Strategy Explained - Trading Gold on the 15 minute timeframe with CHoCH entry model,The Trading Academy,,
youtube,The Trading Academy,sK-_6uIGMck,https://www.youtube.com/watch?v=sK-_6uIGMck,UgyH7gHu24h7OK0c6EN4AaABAg.AKN1igtOmsQAMCf_988r3z,Go checkout his livestreams he will give the setups there,2025-08-24T12:00:41Z,2026-10-01T13:27:19.887532+00:00,1,0,,c13e9360e5c32b93f57c2550d6982611c10786ad85ed040f23dbb5fb4c21a569,UgyH7gHu24h7OK0c6EN4AaABAg,youtube-data-api-v3/commentThreads.list,,sK-_6uIGMck,GOLD 15M Trading Strategy Explained - Trading Gold on the 15 minute timeframe with CHoCH entry model,The Trading Academy,,
youtube,The Trading Academy,sK-_6uIGMck,https://www.youtube.com/watch?v=sK-_6uIGMck,UgyH7gHu24h7OK0c6EN4AaABAg.AKN1igtOmsQAMZ0-YYZ7gK,Facts,2025-09-02T04:11:12Z,2026-10-01T13:27:19.887532+00:00,0,0,,9528ecff9a2f1bfbbeb669aff0bf5566af83163b59acd82deb4e5321fb8611ac,UgyH7gHu24h7OK0c6EN4AaABAg,youtube-data-api-v3/commentThreads.list,,sK-_6uIGMck,GOLD 15M Trading Strategy Explained - Trading Gold on the 15 minute timeframe with CHoCH entry model,The Trading Academy,,
youtube,The Trading Academy,sK-_6uIGMck,https://www.youtube.com/watch?v=sK-_6uIGMck,UgyH7gHu24h7OK0c6EN4AaABAg.AKN1igtOmsQAT51nxZfGRE,​@banginzazanot fact. Watch his Livestreams,2026-02-11T12:29:31Z,2026-10-01T13:27:19.887532+00:00,0,0,,2e0cc55e3640961791d7fb7afc5838e9a1df50a8629a7abbb0ac0993453fd074,UgyH7gHu24h7OK0c6EN4AaABAg,youtube-data-api-v3/commentThreads.list,,sK-_6uIGMck,GOLD 15M Trading Strategy Explained - Trading Gold on the 15 minute timeframe with CHoCH entry model,The Trading Academy,,
youtube,The Trading Academy,sK-_6uIGMck,https://www.youtube.com/watch?v=sK-_6uIGMck,UgyH7gHu24h7OK0c6EN4AaABAg.AKN1igtOmsQATFA-Avse4L,@luke-ev5rz yeah man you don't trade,2026-02-15T10:53:29Z,2026-10-01T13:27:19.887532+00:00,2,0,,d4cc58758289c0630c8193b301183fc4ede4798fe432a9cb22b47f40e3747da8,UgyH7gHu24h7OK0c6EN4AaABAg,youtube-data-api-v3/commentThreads.list,,sK-_6uIGMck,GOLD 15M Trading Strategy Explained - Trading Gold on the 15 minute timeframe with CHoCH entry model,The Trading Academy,,
youtube,The Trading Academy,sK-_6uIGMck,https://www.youtube.com/watch?v=sK-_6uIGMck,UgzoEItVrVUf3SNvV2V4AaABAg,Nice replay,2025-10-17T05:41:01Z,2026-10-01T13:27:19.887532+00:00,0,0,,c9a3f65e22e1f8ae3a23a809162999b23a7f34549060495aa89220cf0d9f8892,,youtube-data-api-v3/commentThreads.list,,sK-_6uIGMck,GOLD 15M Trading Strategy Explained - Trading Gold on the 15 minute timeframe with CHoCH entry model,The Trading Academy,,
youtube,The Trading Academy,sK-_6uIGMck,https://www.youtube.com/watch?v=sK-_6uIGMck,UgwJMs6NqewX6Woq3ix4AaABAg,I would have trade only when the bearish engulfing candle closed and rejected to the upside.,2025-09-26T03:03:44Z,2026-10-01T13:27:19.887532+00:00,0,0,,3555cf53b43528639b0b809e97c72c65e27ddb02d2337d238473c1948dc71332,,youtube-data-api-v3/commentThreads.list,,sK-_6uIGMck,GOLD 15M Trading Strategy Explained - Trading Gold on the 15 minute timeframe with CHoCH entry model,The Trading Academy,,
youtube,The Trading Academy,sK-_6uIGMck,https://www.youtube.com/watch?v=sK-_6uIGMck,Ugy_D5ICHkZ3jPjaH5F4AaABAg,Where is this price action?,2026-04-27T01:48:25Z,2026-10-01T13:27:19.887532+00:00,1,0,,df783cda8d95720e60bed3beb82de4e8c9d1bbe73f0412a01e340c42eae571ae,,youtube-data-api-v3/commentThreads.list,,sK-_6uIGMck,GOLD 15M Trading Strategy Explained - Trading Gold on the 15 minute timeframe with CHoCH entry model,The Trading Academy,,
youtube,The Trading Academy,sK-_6uIGMck,https://www.youtube.com/watch?v=sK-_6uIGMck,Ugwf61HAovzfGg12pWB4AaABAg,Hi Fabio i noticed have included the top wicks but not the bottom ones in your area of supply. Is this hiwnit is supposed to be?,2024-09-21T07:44:57Z,2026-10-01T13:27:19.887532+00:00,4,0,,0fc0c5e908aa0245ae83c39ad9681c729d784ba9a1dce69bb80273c806bd227c,,youtube-data-api-v3/commentThreads.list,,sK-_6uIGMck,GOLD 15M Trading Strategy Explained - Trading Gold on the 15 minute timeframe with CHoCH entry model,The Trading Academy,,
youtube,The Trading Academy,sK-_6uIGMck,https://www.youtube.com/watch?v=sK-_6uIGMck,Ugx9eSoVVWuALAXuGoJ4AaABAg,Boom!,2024-09-19T09:55:14Z,2026-10-01T13:27:19.887532+00:00,0,0,,55148d7594d6c4c60b784f3c1a97166e57256ae35880c4ad011c322852fc6848,,youtube-data-api-v3/commentThreads.list,,sK-_6uIGMck,GOLD 15M Trading Strategy Explained - Trading Gold on the 15 minute timeframe with CHoCH entry model,The Trading Academy,,
youtube,The Trading Academy,sK-_6uIGMck,https://www.youtube.com/watch?v=sK-_6uIGMck,UgxtHDcfwCZs4NJC3O54AaABAg,amazing,2026-07-18T10:30:13Z,2026-10-01T13:27:19.887532+00:00,0,0,,a7133eb42782425c823c3a602d47e6648bb397e3d01cb15336e64dd7fb778a08,,youtube-data-api-v3/commentThreads.list,,sK-_6uIGMck,GOLD 15M Trading Strategy Explained - Trading Gold on the 15 minute timeframe with CHoCH entry model,The Trading Academy,,
youtube,The Trading Academy,sK-_6uIGMck,https://www.youtube.com/watch?v=sK-_6uIGMck,UgySKsPbYFRnLI3wgtB4AaABAg,So you basically wanna see supply being created in a HTF supply zone,2024-09-21T07:45:06Z,2026-10-01T13:27:19.887532+00:00,1,1,,a868aa0ce44415c93738fd5d6776c4df38e8fbbfa2a7b1e27a10a98adbdd55e5,,youtube-data-api-v3/commentThreads.list,,sK-_6uIGMck,GOLD 15M Trading Strategy Explained - Trading Gold on the 15 minute timeframe with CHoCH entry model,The Trading Academy,,
youtube,The Trading Academy,sK-_6uIGMck,https://www.youtube.com/watch?v=sK-_6uIGMck,UgySKsPbYFRnLI3wgtB4AaABAg.A8dTRODVBAnADN1-nuCJk_,Yup then come to a smaller time frame and wait for mss then create fresh supply or demand zone which break the mss and you r good to go also use 1 week or 1 day to check the actual trend,2025-01-16T19:46:33Z,2026-10-01T13:27:19.887532+00:00,0,0,,bd6334276d3f385fb7672588b618e9c036454aedd529f89da24523205a8f68cf,UgySKsPbYFRnLI3wgtB4AaABAg,youtube-data-api-v3/commentThreads.list,,sK-_6uIGMck,GOLD 15M Trading Strategy Explained - Trading Gold on the 15 minute timeframe with CHoCH entry model,The Trading Academy,,
youtube,The Trading Academy,sK-_6uIGMck,https://www.youtube.com/watch?v=sK-_6uIGMck,Ugz-qEiMu9usv-IqLb54AaABAg,I need you to mentor me pls,2026-05-16T18:33:23Z,2026-10-01T13:27:19.887532+00:00,1,0,,2de83dd5f54acb3b6f0470b23dfe079725bd38322750d09b60d54a988118ec23,,youtube-data-api-v3/commentThreads.list,,sK-_6uIGMck,GOLD 15M Trading Strategy Explained - Trading Gold on the 15 minute timeframe with CHoCH entry model,The Trading Academy,,
youtube,The Trading Academy,sK-_6uIGMck,https://www.youtube.com/watch?v=sK-_6uIGMck,Ugxpq3pqN7IqBPDzPb14AaABAg,Wizard,2024-09-19T09:42:05Z,2026-10-01T13:27:19.887532+00:00,2,1,,b7ab5cb229fb76fb7a5874b3bb115fdfb3863b0b680c9f641ded58e57a2714b7,,youtube-data-api-v3/commentThreads.list,,sK-_6uIGMck,GOLD 15M Trading Strategy Explained - Trading Gold on the 15 minute timeframe with CHoCH entry model,The Trading Academy,,
youtube,The Trading Academy,sK-_6uIGMck,https://www.youtube.com/watch?v=sK-_6uIGMck,UgztIGksPxz5BEhJGOh4AaABAg,How is that a higher high when the previous high wasn’t broken it’s still on the range from the last high and the lower,2025-11-18T20:48:44Z,2026-10-01T13:27:19.887532+00:00,0,0,,67815ad6e89bcf81e3cf0ec51479393b58ff60238c58c7e9b38382bc6ecdb50a,,youtube-data-api-v3/commentThreads.list,,sK-_6uIGMck,GOLD 15M Trading Strategy Explained - Trading Gold on the 15 minute timeframe with CHoCH entry model,The Trading Academy,,
youtube,The Trading Academy,sK-_6uIGMck,https://www.youtube.com/watch?v=sK-_6uIGMck,Ugw_KAHQY2sjLQgFeHp4AaABAg,"mostly they grap liquidity at EQ high so that SL mostly are  hitted, right?",2026-01-09T19:19:48Z,2026-10-01T13:27:19.887532+00:00,0,0,,1cc8331be80fda6863708681501381127f192847a8783e9c1a57b93f185b8574,,youtube-data-api-v3/commentThreads.list,,sK-_6uIGMck,GOLD 15M Trading Strategy Explained - Trading Gold on the 15 minute timeframe with CHoCH entry model,The Trading Academy,,
youtube,The Trading Academy,sK-_6uIGMck,https://www.youtube.com/watch?v=sK-_6uIGMck,UgwZVy9uKTO11ul63qx4AaABAg,How much did u really put down  to get $2000?!,2025-07-24T12:22:59Z,2026-10-01T13:27:19.887532+00:00,0,0,,134e57bdccae5166ef1a93a5099d60366664767b28dacf9a9aeaf1cb98124bb5,,youtube-data-api-v3/commentThreads.list,,sK-_6uIGMck,GOLD 15M Trading Strategy Explained - Trading Gold on the 15 minute timeframe with CHoCH entry model,The Trading Academy,,
youtube,The Trading Academy,sK-_6uIGMck,https://www.youtube.com/watch?v=sK-_6uIGMck,Ugzf9ne5vFhpcR8GSKB4AaABAg,Do you mentor 121 and how much please?,2025-03-24T22:48:48Z,2026-10-01T13:27:19.887532+00:00,0,0,,04f0575a13c11d955205b32943b3d4dd8974fae9f86bc1b65a98331ce0b09c8e,,youtube-data-api-v3/commentThreads.list,,sK-_6uIGMck,GOLD 15M Trading Strategy Explained - Trading Gold on the 15 minute timeframe with CHoCH entry model,The Trading Academy,,
youtube,The Trading Academy,sK-_6uIGMck,https://www.youtube.com/watch?v=sK-_6uIGMck,UgxBAlrZQJc1r5voCXd4AaABAg,"How many lots did you use for that range that you earn 2k, any technique how to manage risk ?",2025-07-01T11:57:18Z,2026-10-01T13:27:19.887532+00:00,0,0,,be65d34ef1a8f018801d670fe26e3e3df02c39fc306e7f577b8bb7b15b857265,,youtube-data-api-v3/commentThreads.list,,sK-_6uIGMck,GOLD 15M Trading Strategy Explained - Trading Gold on the 15 minute timeframe with CHoCH entry model,The Trading Academy,,
youtube,The Trading Academy,sK-_6uIGMck,https://www.youtube.com/watch?v=sK-_6uIGMck,Ugw5ZREWm9rBjmqkTyh4AaABAg,What is the name of the liquidity indicator you use,2025-06-06T15:15:37Z,2026-10-01T13:27:19.887532+00:00,0,0,,b9db159a4b9856e78c8d8f4c11dc8232ed1d1a406340400b7986b15dac093ab5,,youtube-data-api-v3/commentThreads.list,,sK-_6uIGMck,GOLD 15M Trading Strategy Explained - Trading Gold on the 15 minute timeframe with CHoCH entry model,The Trading Academy,,
youtube,The Trading Academy,sK-_6uIGMck,https://www.youtube.com/watch?v=sK-_6uIGMck,UgyS7AtPcY5I6GxhZSh4AaABAg,Perfect,2025-05-19T11:01:36Z,2026-10-01T13:27:19.887532+00:00,0,0,,2e221d02fcadb0b8c8cc6cedf47989f439b923751a123da4c5dfcee690077ec0,,youtube-data-api-v3/commentThreads.list,,sK-_6uIGMck,GOLD 15M Trading Strategy Explained - Trading Gold on the 15 minute timeframe with CHoCH entry model,The Trading Academy,,
youtube,The Trading Academy,sK-_6uIGMck,https://www.youtube.com/watch?v=sK-_6uIGMck,Ugyucbocrya9oNOQqqt4AaABAg,brooo is printing money 😅,2026-07-02T07:27:25Z,2026-10-01T13:27:19.887532+00:00,1,0,,8392e9f39463d9df97aaac838629d78fe60cb471855382f5dff040c652b38b95,,youtube-data-api-v3/commentThreads.list,,sK-_6uIGMck,GOLD 15M Trading Strategy Explained - Trading Gold on the 15 minute timeframe with CHoCH entry model,The Trading Academy,,
youtube,The Trading Academy,sK-_6uIGMck,https://www.youtube.com/watch?v=sK-_6uIGMck,UgzFTJ13TcXAw-K5B7N4AaABAg,How do I get signal?,2025-07-07T09:22:44Z,2026-10-01T13:27:19.887532+00:00,0,0,,16b55ff24b8a218fc4792fd10fbaf6272ce90c1f730fc091b094165ca374f540,,youtube-data-api-v3/commentThreads.list,,sK-_6uIGMck,GOLD 15M Trading Strategy Explained - Trading Gold on the 15 minute timeframe with CHoCH entry model,The Trading Academy,,
youtube,The Trading Academy,sK-_6uIGMck,https://www.youtube.com/watch?v=sK-_6uIGMck,UgxW93bt7q6Igq3xUPl4AaABAg,Good ❤,2026-03-14T18:14:39Z,2026-10-01T13:27:19.887532+00:00,0,0,,a84d27df78ceeed111a5741535e321ce57bd1f72401146887efe5188f0be2e1b,,youtube-data-api-v3/commentThreads.list,,sK-_6uIGMck,GOLD 15M Trading Strategy Explained - Trading Gold on the 15 minute timeframe with CHoCH entry model,The Trading Academy,,
youtube,The Trading Academy,sK-_6uIGMck,https://www.youtube.com/watch?v=sK-_6uIGMck,Ugw8gVDzOzjKdssamWt4AaABAg,show trading History,2026-03-21T03:24:34Z,2026-10-01T13:27:19.887532+00:00,0,0,,f5b330792acff77971f63f53245a9b6ee1efd2cd147ba1d5d8d606e40000d262,,youtube-data-api-v3/commentThreads.list,,sK-_6uIGMck,GOLD 15M Trading Strategy Explained - Trading Gold on the 15 minute timeframe with CHoCH entry model,The Trading Academy,,
youtube,The Trading Academy,sK-_6uIGMck,https://www.youtube.com/watch?v=sK-_6uIGMck,Ugw1jrgia4FMk5dx5qp4AaABAg,Change of Character but it's only wick?,2025-05-01T14:02:28Z,2026-10-01T13:27:19.887532+00:00,6,1,,b73a9653219d79d8c0059cae69474cf9a48be35167a7991b78165e779210e177,,youtube-data-api-v3/commentThreads.list,,sK-_6uIGMck,GOLD 15M Trading Strategy Explained - Trading Gold on the 15 minute timeframe with CHoCH entry model,The Trading Academy,,
youtube,The Trading Academy,sK-_6uIGMck,https://www.youtube.com/watch?v=sK-_6uIGMck,Ugw1jrgia4FMk5dx5qp4AaABAg.AH_m5Y9Vu_wARGwGYP0Ixs,Gold behaviour different than EU,2025-12-28T10:20:29Z,2026-10-01T13:27:19.887532+00:00,0,0,,deb0d3c6fe96d43a517be4882361d178c99887f5bcf5bfa13368ba6575706c7e,Ugw1jrgia4FMk5dx5qp4AaABAg,youtube-data-api-v3/commentThreads.list,,sK-_6uIGMck,GOLD 15M Trading Strategy Explained - Trading Gold on the 15 minute timeframe with CHoCH entry model,The Trading Academy,,
youtube,The Trading Academy,sK-_6uIGMck,https://www.youtube.com/watch?v=sK-_6uIGMck,UgwQ5Gv1d68DofMPdpF4AaABAg,U in the us ? Which platform ?,2026-04-05T03:02:40Z,2026-10-01T13:27:19.887532+00:00,1,0,,8dbc4d16005c2e5651846afd2fd5ccfbd536d57e21b6129e768092abccde1e43,,youtube-data-api-v3/commentThreads.list,,sK-_6uIGMck,GOLD 15M Trading Strategy Explained - Trading Gold on the 15 minute timeframe with CHoCH entry model,The Trading Academy,,
youtube,The Trading Academy,sK-_6uIGMck,https://www.youtube.com/watch?v=sK-_6uIGMck,UgzmXWWbuNJgdoLnNm14AaABAg,Please how I can get this platform ?? Ist mt4 or tradingview ?,2025-08-17T14:45:02Z,2026-10-01T13:27:19.887532+00:00,0,0,,08c4e6d1e8826a3866b8023a41bf83e065179b9206a1bd4a943c98357a7d8eec,,youtube-data-api-v3/commentThreads.list,,sK-_6uIGMck,GOLD 15M Trading Strategy Explained - Trading Gold on the 15 minute timeframe with CHoCH entry model,The Trading Academy,,
youtube,The Trading Academy,sK-_6uIGMck,https://www.youtube.com/watch?v=sK-_6uIGMck,Ugx5ec_2YvF8zbhV8Lh4AaABAg,That break wasn’t valid but you won it anyway,2025-06-06T19:47:01Z,2026-10-01T13:27:19.887532+00:00,0,0,,773fe0775a0b7bb6e29294c982e10088b64fc8413df88bc6a22504bd6a63cf83,,youtube-data-api-v3/commentThreads.list,,sK-_6uIGMck,GOLD 15M Trading Strategy Explained - Trading Gold on the 15 minute timeframe with CHoCH entry model,The Trading Academy,,
youtube,The Trading Academy,sK-_6uIGMck,https://www.youtube.com/watch?v=sK-_6uIGMck,UgyEA8Xecv9d2oY0_3d4AaABAg,No one trades without liquidity,2025-10-11T13:51:49Z,2026-10-01T13:27:19.887532+00:00,0,0,,51f3928da3e404571bb478bf5bbda6941c4f311476f943277937071ba2611b9d,,youtube-data-api-v3/commentThreads.list,,sK-_6uIGMck,GOLD 15M Trading Strategy Explained - Trading Gold on the 15 minute timeframe with CHoCH entry model,The Trading Academy,,
youtube,The Trading Academy,sK-_6uIGMck,https://www.youtube.com/watch?v=sK-_6uIGMck,UgxTCisGVrYZmtVEwNx4AaABAg,Only works in backtesting charts 😂,2025-09-20T15:46:35Z,2026-10-01T13:27:19.887532+00:00,0,0,,7e6c6984fdcbc8907175ece1cff755b5432462828caeabbc0670ac1c3a940c88,,youtube-data-api-v3/commentThreads.list,,sK-_6uIGMck,GOLD 15M Trading Strategy Explained - Trading Gold on the 15 minute timeframe with CHoCH entry model,The Trading Academy,,
youtube,The Trading Academy,sK-_6uIGMck,https://www.youtube.com/watch?v=sK-_6uIGMck,Ugw-C82INwTwda0il3Z4AaABAg,"It didn't break the last low, it swept only, your entry cannot be based on that sorry",2025-05-24T10:53:55Z,2026-10-01T13:27:19.887532+00:00,16,3,,a1a92aae2c283a43573bf6e3e8bd69bae30b18af83f711980f4c0de6de41d8b5,,youtube-data-api-v3/commentThreads.list,,sK-_6uIGMck,GOLD 15M Trading Strategy Explained - Trading Gold on the 15 minute timeframe with CHoCH entry model,The Trading Academy,,
youtube,The Trading Academy,sK-_6uIGMck,https://www.youtube.com/watch?v=sK-_6uIGMck,Ugw-C82INwTwda0il3Z4AaABAg.AIVenkqw5M1AJmVHA8elNd,😅,2025-06-25T05:39:41Z,2026-10-01T13:27:19.887532+00:00,0,0,,bf4faf662abdb90f915a24b5f21ba6306fe4af1a32cb06726fc60e669ab706de,Ugw-C82INwTwda0il3Z4AaABAg,youtube-data-api-v3/commentThreads.list,,sK-_6uIGMck,GOLD 15M Trading Strategy Explained - Trading Gold on the 15 minute timeframe with CHoCH entry model,The Trading Academy,,
youtube,The Trading Academy,sK-_6uIGMck,https://www.youtube.com/watch?v=sK-_6uIGMck,Ugw-C82INwTwda0il3Z4AaABAg.AIVenkqw5M1AJt3bK8bwBr,u r delusional,2025-06-27T18:52:35Z,2026-10-01T13:27:19.887532+00:00,2,0,,231954d3ffe6ecaaaa9bdc19ae8bb72f26128ee5df0ce0ccc4c7179410c6bf17,Ugw-C82INwTwda0il3Z4AaABAg,youtube-data-api-v3/commentThreads.list,,sK-_6uIGMck,GOLD 15M Trading Strategy Explained - Trading Gold on the 15 minute timeframe with CHoCH entry model,The Trading Academy,,
youtube,The Trading Academy,sK-_6uIGMck,https://www.youtube.com/watch?v=sK-_6uIGMck,Ugw-C82INwTwda0il3Z4AaABAg.AIVenkqw5M1AKMMLbXbMiX,"that is a one hour chart, go down to fifteen minutes and you'll see it closed beneath it.",2025-07-09T13:13:33Z,2026-10-01T13:27:19.887532+00:00,0,0,,1a77bf942f1c2937a70332401dcd6fecc45ae82729acdbb6a936d58b9e6e62d7,Ugw-C82INwTwda0il3Z4AaABAg,youtube-data-api-v3/commentThreads.list,,sK-_6uIGMck,GOLD 15M Trading Strategy Explained - Trading Gold on the 15 minute timeframe with CHoCH entry model,The Trading Academy,,
youtube,The Trading Academy,sK-_6uIGMck,https://www.youtube.com/watch?v=sK-_6uIGMck,UgzclJd5BAeqR4VadKF4AaABAg,"Hi, Sir If I am doing analysis H1 then which time frame is best for entry?",2025-12-28T17:25:47Z,2026-10-01T13:27:19.887532+00:00,0,0,,b906a83ba59eec948ea96a717355d053f579229faf87d967f7597eaccf0fbeaf,,youtube-data-api-v3/commentThreads.list,,sK-_6uIGMck,GOLD 15M Trading Strategy Explained - Trading Gold on the 15 minute timeframe with CHoCH entry model,The Trading Academy,,
youtube,The Trading Academy,sK-_6uIGMck,https://www.youtube.com/watch?v=sK-_6uIGMck,Ugy_lQbsXWwBEqra8AF4AaABAg,"Price needs to close to confirm a choch, a pin bar is not a choch,that was a lucky trade mate.",2025-08-18T07:23:18Z,2026-10-01T13:27:19.887532+00:00,0,0,,5f11d39a68dd7266b34b4014bc12920b63a2b425da1635017c4516c3408f6b70,,youtube-data-api-v3/commentThreads.list,,sK-_6uIGMck,GOLD 15M Trading Strategy Explained - Trading Gold on the 15 minute timeframe with CHoCH entry model,The Trading Academy,,
youtube,The Trading Academy,sK-_6uIGMck,https://www.youtube.com/watch?v=sK-_6uIGMck,UgxKPA7h0YExbFUaa0t4AaABAg,"Wait...15 minute time frame, but at least 10 candles before your take profit in only one hour?",2025-05-13T02:27:36Z,2026-10-01T13:27:19.887532+00:00,0,0,,7afe51aa76fee8d07699636b9e858d4c91f35a110616826cab2c1ba4ffd6437d,,youtube-data-api-v3/commentThreads.list,,sK-_6uIGMck,GOLD 15M Trading Strategy Explained - Trading Gold on the 15 minute timeframe with CHoCH entry model,The Trading Academy,,
youtube,The Trading Academy,sK-_6uIGMck,https://www.youtube.com/watch?v=sK-_6uIGMck,Ugw9z7-RhkEGJGmPvld4AaABAg,Wrong structure mapping brother.,2025-11-15T12:59:15Z,2026-10-01T13:27:19.887532+00:00,0,0,,adae6a709e908a388a8a6dba8f149027ca1e293743e9654e480b1f107d07a026,,youtube-data-api-v3/commentThreads.list,,sK-_6uIGMck,GOLD 15M Trading Strategy Explained - Trading Gold on the 15 minute timeframe with CHoCH entry model,The Trading Academy,,
youtube,The Trading Academy,sK-_6uIGMck,https://www.youtube.com/watch?v=sK-_6uIGMck,UgxNzX18tarOLsc2VW54AaABAg,I don't understand,2026-02-23T05:52:58Z,2026-10-01T13:27:19.887532+00:00,1,0,,4f93cf5746b03648d5352772fb363d4cca83f0910bad03e16eac1e8fb0baf1a5,,youtube-data-api-v3/commentThreads.list,,sK-_6uIGMck,GOLD 15M Trading Strategy Explained - Trading Gold on the 15 minute timeframe with CHoCH entry model,The Trading Academy,,
youtube,The Trading Academy,sK-_6uIGMck,https://www.youtube.com/watch?v=sK-_6uIGMck,Ugwi2oBTqVVcr1GgIpl4AaABAg,Do you have grupp,2026-04-19T15:51:40Z,2026-10-01T13:27:19.887532+00:00,1,0,,78dcc255a8fbc798c48b25b8d1cfdaf6e74a29c11becdc563f9a43648d60830b,,youtube-data-api-v3/commentThreads.list,,sK-_6uIGMck,GOLD 15M Trading Strategy Explained - Trading Gold on the 15 minute timeframe with CHoCH entry model,The Trading Academy,,
youtube,The Trading Academy,sK-_6uIGMck,https://www.youtube.com/watch?v=sK-_6uIGMck,UgwRj94opnjp0j7Dp2R4AaABAg,What time frame is that setup on,2025-08-30T21:53:53Z,2026-10-01T13:27:19.887532+00:00,0,0,,ac619fe21dee2b88adef927623d711ad26e31dcacf6dd319b3d74bafb63c8ea7,,youtube-data-api-v3/commentThreads.list,,sK-_6uIGMck,GOLD 15M Trading Strategy Explained - Trading Gold on the 15 minute timeframe with CHoCH entry model,The Trading Academy,,
youtube,The Trading Academy,sK-_6uIGMck,https://www.youtube.com/watch?v=sK-_6uIGMck,UgyM9QvAAliB2oT9Psp4AaABAg,imposible in real do like that.. before the content tried to find the right chart to exposed,2026-08-20T09:48:32Z,2026-10-01T13:27:19.887532+00:00,1,0,,3b3843d8b93284595bb750e0d508b9aa2455c3281fff83ecb36bd0dfe3f85db5,,youtube-data-api-v3/commentThreads.list,,sK-_6uIGMck,GOLD 15M Trading Strategy Explained - Trading Gold on the 15 minute timeframe with CHoCH entry model,The Trading Academy,,
youtube,The Trading Academy,sK-_6uIGMck,https://www.youtube.com/watch?v=sK-_6uIGMck,UgwLOdc-Jaws4UrTaI54AaABAg,What session?,2025-11-20T11:08:13Z,2026-10-01T13:27:19.887532+00:00,0,0,,e660fd7fd6d3de2fa4fe2f5e0bce08ba1339a07e68471b5b4091d225709e5acd,,youtube-data-api-v3/commentThreads.list,,sK-_6uIGMck,GOLD 15M Trading Strategy Explained - Trading Gold on the 15 minute timeframe with CHoCH entry model,The Trading Academy,,
youtube,The Trading Academy,sK-_6uIGMck,https://www.youtube.com/watch?v=sK-_6uIGMck,UgxewgyYReCbWjDZ0_l4AaABAg,What timeframe do you use,2025-09-13T07:42:47Z,2026-10-01T13:27:19.887532+00:00,0,0,,cbf51437d6bebeb35834bad7bba0d5b5e96727dab004d82c1bd686983e62a2ae,,youtube-data-api-v3/commentThreads.list,,sK-_6uIGMck,GOLD 15M Trading Strategy Explained - Trading Gold on the 15 minute timeframe with CHoCH entry model,The Trading Academy,,
youtube,The Trading Academy,sK-_6uIGMck,https://www.youtube.com/watch?v=sK-_6uIGMck,UgyJgJ-3Z3vqEGaih0t4AaABAg,that good,2025-08-07T05:02:36Z,2026-10-01T13:27:19.887532+00:00,0,0,,9e17fbda7bded7621fc4c48eec04c3fca40b827f690eae6eec532ac504701fda,,youtube-data-api-v3/commentThreads.list,,sK-_6uIGMck,GOLD 15M Trading Strategy Explained - Trading Gold on the 15 minute timeframe with CHoCH entry model,The Trading Academy,,
youtube,The Trading Academy,sK-_6uIGMck,https://www.youtube.com/watch?v=sK-_6uIGMck,Ugway-NKPSMzlrJ_P0B4AaABAg,❤,2024-09-19T14:23:00Z,2026-10-01T13:27:19.887532+00:00,0,0,,94e8ee839490d3841fa28a05f3e8323955387bb0a6be21c9318c3874a5bef5e3,,youtube-data-api-v3/commentThreads.list,,sK-_6uIGMck,GOLD 15M Trading Strategy Explained - Trading Gold on the 15 minute timeframe with CHoCH entry model,The Trading Academy,,
youtube,The Trading Academy,sK-_6uIGMck,https://www.youtube.com/watch?v=sK-_6uIGMck,UgxlF2WFhtCnXnqnjp14AaABAg,Tell me indicator any good suggest,2026-05-01T18:13:29Z,2026-10-01T13:27:19.887532+00:00,0,0,,ef763ef725b70f5d2e95a8e3b6533b81c4870f7e4a699fc1cbcf6633fe662d1c,,youtube-data-api-v3/commentThreads.list,,sK-_6uIGMck,GOLD 15M Trading Strategy Explained - Trading Gold on the 15 minute timeframe with CHoCH entry model,The Trading Academy,,
youtube,The Trading Academy,sK-_6uIGMck,https://www.youtube.com/watch?v=sK-_6uIGMck,UgwCYd7dgmuWULO66Th4AaABAg,"CHOC is not guaranteed, my dear it could reverse anytime, no one know the market next move 😮",2025-04-06T15:57:54Z,2026-10-01T13:27:19.887532+00:00,9,8,,e0114fefa6b73d06ff4168d8ab0688c894c6d23e1762cf0cc8cf4d64f82fc810,,youtube-data-api-v3/commentThreads.list,,sK-_6uIGMck,GOLD 15M Trading Strategy Explained - Trading Gold on the 15 minute timeframe with CHoCH entry model,The Trading Academy,,
youtube,The Trading Academy,sK-_6uIGMck,https://www.youtube.com/watch?v=sK-_6uIGMck,UgwCYd7dgmuWULO66Th4AaABAg.AG_bR2QmnmMAGf5HlZ4MEy,ofc u cant always win thats where risk management comes in,2025-04-08T19:03:42Z,2026-10-01T13:27:19.887532+00:00,0,0,,73616feaf9feffa1e69d15252a12ada63db43e0ddae8c41874fb99b701806203,UgwCYd7dgmuWULO66Th4AaABAg,youtube-data-api-v3/commentThreads.list,,sK-_6uIGMck,GOLD 15M Trading Strategy Explained - Trading Gold on the 15 minute timeframe with CHoCH entry model,The Trading Academy,,
youtube,The Trading Academy,sK-_6uIGMck,https://www.youtube.com/watch?v=sK-_6uIGMck,UgwCYd7dgmuWULO66Th4AaABAg.AG_bR2QmnmMAJ771d01cc0,Yes I saw that too,2025-06-08T18:39:45Z,2026-10-01T13:27:19.887532+00:00,0,0,,e637a7a7062078d66242aae0ac83640ad0577f311dd11f20d5c5795156907b2a,UgwCYd7dgmuWULO66Th4AaABAg,youtube-data-api-v3/commentThreads.list,,sK-_6uIGMck,GOLD 15M Trading Strategy Explained - Trading Gold on the 15 minute timeframe with CHoCH entry model,The Trading Academy,,
youtube,The Trading Academy,sK-_6uIGMck,https://www.youtube.com/watch?v=sK-_6uIGMck,UgwCYd7dgmuWULO66Th4AaABAg.AG_bR2QmnmMAJCGJXQ8Cpw,"Nothing is guaranteed, but that doesnt mean we should stop.",2025-06-10T18:37:02Z,2026-10-01T13:27:19.887532+00:00,2,0,,4382f339914994bbc8a27b5d32469fbe899020d6f2723038af1e33b802dce54a,UgwCYd7dgmuWULO66Th4AaABAg,youtube-data-api-v3/commentThreads.list,,sK-_6uIGMck,GOLD 15M Trading Strategy Explained - Trading Gold on the 15 minute timeframe with CHoCH entry model,The Trading Academy,,
youtube,The Trading Academy,sK-_6uIGMck,https://www.youtube.com/watch?v=sK-_6uIGMck,UgwCYd7dgmuWULO66Th4AaABAg.AG_bR2QmnmMAKFB5zpcABK,@RamusVaikas u said it all thank u bro,2025-07-06T18:20:37Z,2026-10-01T13:27:19.887532+00:00,0,0,,daf1a4387a54d7bc7e1277069c13d53cffbf88609381b8a90d9507031cd1a797,UgwCYd7dgmuWULO66Th4AaABAg,youtube-data-api-v3/commentThreads.list,,sK-_6uIGMck,GOLD 15M Trading Strategy Explained - Trading Gold on the 15 minute timeframe with CHoCH entry model,The Trading Academy,,
youtube,The Trading Academy,sK-_6uIGMck,https://www.youtube.com/watch?v=sK-_6uIGMck,UgwCYd7dgmuWULO66Th4AaABAg.AG_bR2QmnmMAKyUNzkfSpz,"You can, with the liquidity heat map and the whale orders… You can predict exact movement of everything…",2025-07-24T17:54:09Z,2026-10-01T13:27:19.887532+00:00,1,0,,b27e45ad1814b0293d313d0ab46d813e7d91cd378374d5477e74bc8e60665932,UgwCYd7dgmuWULO66Th4AaABAg,youtube-data-api-v3/commentThreads.list,,sK-_6uIGMck,GOLD 15M Trading Strategy Explained - Trading Gold on the 15 minute timeframe with CHoCH entry model,The Trading Academy,,
youtube,The Trading Academy,sK-_6uIGMck,https://www.youtube.com/watch?v=sK-_6uIGMck,Ugzj5h3X-4HOSxQ6qgV4AaABAg,"for gold, the setup matters more than the headline. i'd wait to see how price reacts around the key levels before choosing a side",2026-05-24T19:18:33Z,2026-10-01T13:27:19.887532+00:00,2,1,,420ff614b6835d682ace1ee0c779b89534e041cbc34137ef9b2a4db876a80a85,,youtube-data-api-v3/commentThreads.list,,sK-_6uIGMck,GOLD 15M Trading Strategy Explained - Trading Gold on the 15 minute timeframe with CHoCH entry model,The Trading Academy,,
youtube,The Trading Academy,sK-_6uIGMck,https://www.youtube.com/watch?v=sK-_6uIGMck,Ugzj5h3X-4HOSxQ6qgV4AaABAg.AXCPh7iXQEAAZRF3sY9_si,Yes the fractual balance point of the abc is critical to the junction of commitment of directional bias plus the xyz needs to be analyzed with a projectional basis of at most 7.,2026-07-19T06:37:04Z,2026-10-01T13:27:19.887532+00:00,0,0,,b5df53a927640f38d0b6f53453646b5d00f70745b97f0c3b073db3fbf997d616,Ugzj5h3X-4HOSxQ6qgV4AaABAg,youtube-data-api-v3/commentThreads.list,,sK-_6uIGMck,GOLD 15M Trading Strategy Explained - Trading Gold on the 15 minute timeframe with CHoCH entry model,The Trading Academy,,
youtube,The Trading Academy,sK-_6uIGMck,https://www.youtube.com/watch?v=sK-_6uIGMck,Ugy8aP8tKdDXGn4JEKZ4AaABAg,Will the market rise next?,2026-08-10T09:45:40Z,2026-10-01T13:27:19.887532+00:00,0,0,,33a9643fcfcf6e51dde51721be3f4cebb9a822dbb18eee55754f7ae030dcc1c7,,youtube-data-api-v3/commentThreads.list,,sK-_6uIGMck,GOLD 15M Trading Strategy Explained - Trading Gold on the 15 minute timeframe with CHoCH entry model,The Trading Academy,,
youtube,The Trading Academy,sK-_6uIGMck,https://www.youtube.com/watch?v=sK-_6uIGMck,UgyXWPWDciu27UYgjtF4AaABAg,This technique is amazing! Which time frame do you use it on?,2025-03-07T12:22:33Z,2026-10-01T13:27:19.887532+00:00,6,2,,672a3450bbff93d32fe6caa4a61d5bb0403502a98c1ee7fc3828c4b1dbee4438,,youtube-data-api-v3/commentThreads.list,,sK-_6uIGMck,GOLD 15M Trading Strategy Explained - Trading Gold on the 15 minute timeframe with CHoCH entry model,The Trading Academy,,
youtube,The Trading Academy,sK-_6uIGMck,https://www.youtube.com/watch?v=sK-_6uIGMck,UgyXWPWDciu27UYgjtF4AaABAg.AFMywfuKNLdAFYIRGQi_YY,15 minutes,2025-03-11T21:53:17Z,2026-10-01T13:27:19.887532+00:00,2,0,,a9fecc317cacb2f14d2865669032b0953df1b4bf1bc0c1a4a4ba31f126ff2a11,UgyXWPWDciu27UYgjtF4AaABAg,youtube-data-api-v3/commentThreads.list,,sK-_6uIGMck,GOLD 15M Trading Strategy Explained - Trading Gold on the 15 minute timeframe with CHoCH entry model,The Trading Academy,,
youtube,The Trading Academy,sK-_6uIGMck,https://www.youtube.com/watch?v=sK-_6uIGMck,UgyXWPWDciu27UYgjtF4AaABAg.AFMywfuKNLdAGOiZqb1ngz,⁠I would say 5 mins as if you listen he said ‘in an hour’ count the candles 🤷🏻 - the title is 15 mins chart. This would make it a 2.5 hr trade.,2025-04-02T01:09:22Z,2026-10-01T13:27:19.887532+00:00,3,0,,978afc67933cd097bb4985a385795e81ebc9c3d0f085ab005815f35a1a7ba612,UgyXWPWDciu27UYgjtF4AaABAg,youtube-data-api-v3/commentThreads.list,,sK-_6uIGMck,GOLD 15M Trading Strategy Explained - Trading Gold on the 15 minute timeframe with CHoCH entry model,The Trading Academy,,
youtube,The Trading Academy,sK-_6uIGMck,https://www.youtube.com/watch?v=sK-_6uIGMck,UgwrrFvLc8sraDWN8Dd4AaABAg,"that looks liquidity to me then reverse continue upside. for me its invalid setup to sell, for me i want the strong breakout body close under the wick and then retest on the nearest supply , bearish OB, FVG. i will never ever sell on that wick go back to the zones",2026-08-10T03:23:20Z,2026-10-01T13:27:19.887532+00:00,0,0,,e0755b0e9250a036f1dccc33a5b70835f2339ce9934331adaf2584c404b2cee8,,youtube-data-api-v3/commentThreads.list,,sK-_6uIGMck,GOLD 15M Trading Strategy Explained - Trading Gold on the 15 minute timeframe with CHoCH entry model,The Trading Academy,,
youtube,The Trading Academy,sK-_6uIGMck,https://www.youtube.com/watch?v=sK-_6uIGMck,Ugx8m79lYEF8aa-VA2t4AaABAg,❤❤❤❤❤,2025-03-24T16:02:36Z,2026-10-01T13:27:19.887532+00:00,0,0,,7cd71ef71848e1b8e00f374795e9a79e8a7d9c5edff606e642b8cc01156a9504,,youtube-data-api-v3/commentThreads.list,,sK-_6uIGMck,GOLD 15M Trading Strategy Explained - Trading Gold on the 15 minute timeframe with CHoCH entry model,The Trading Academy,,
youtube,The Trading Academy,sK-_6uIGMck,https://www.youtube.com/watch?v=sK-_6uIGMck,UgwRB-LxbgEXkKKDAEB4AaABAg,Guru,2025-04-12T09:48:52Z,2026-10-01T13:27:19.887532+00:00,0,0,,c49e6c1e049d0cb87dc0ae1a9a85eeeee6a16a2acd3b729058cc1db4ea29b197,,youtube-data-api-v3/commentThreads.list,,sK-_6uIGMck,GOLD 15M Trading Strategy Explained - Trading Gold on the 15 minute timeframe with CHoCH entry model,The Trading Academy,,
youtube,The Trading Academy,sK-_6uIGMck,https://www.youtube.com/watch?v=sK-_6uIGMck,UgwIzgxAFY9aHWrsyXp4AaABAg,it's mostly duoble top,2026-08-21T17:49:52Z,2026-10-01T13:27:19.887532+00:00,0,0,,023da078474e004585cd27c0d7add367738e58546230ee3dae81da60f19fd280,,youtube-data-api-v3/commentThreads.list,,sK-_6uIGMck,GOLD 15M Trading Strategy Explained - Trading Gold on the 15 minute timeframe with CHoCH entry model,The Trading Academy,,
youtube,The Trading Academy,sK-_6uIGMck,https://www.youtube.com/watch?v=sK-_6uIGMck,UgxU_vPrZeh3kf0c_5J4AaABAg,Hello,2026-04-19T15:51:10Z,2026-10-01T13:27:19.887532+00:00,0,0,,78dcc255a8fbc798c48b25b8d1cfdaf6e74a29c11becdc563f9a43648d60830b,,youtube-data-api-v3/commentThreads.list,,sK-_6uIGMck,GOLD 15M Trading Strategy Explained - Trading Gold on the 15 minute timeframe with CHoCH entry model,The Trading Academy,,
youtube,The Trading Academy,sK-_6uIGMck,https://www.youtube.com/watch?v=sK-_6uIGMck,Ugxb6LSOrYdKo8ra17N4AaABAg,Trade demo never die 😊,2025-06-16T12:58:36Z,2026-10-01T13:27:19.887532+00:00,3,0,,8ad097b4524ee9c8af9c0989a7477e59c16691cce6e7c26e7e863419497ccde8,,youtube-data-api-v3/commentThreads.list,,sK-_6uIGMck,GOLD 15M Trading Strategy Explained - Trading Gold on the 15 minute timeframe with CHoCH entry model,The Trading Academy,,
youtube,The Trading Academy,sK-_6uIGMck,https://www.youtube.com/watch?v=sK-_6uIGMck,Ugx3kYoI1mhoTLUKdiR4AaABAg,Why do you mark a supply and demand with many candles highlighted ?,2025-08-19T15:07:44Z,2026-10-01T13:27:19.887532+00:00,0,2,,3f167ac59f29bc8f05ba82399d15663869d7dfec577c27f29ec0ae37d6cac335,,youtube-data-api-v3/commentThreads.list,,sK-_6uIGMck,GOLD 15M Trading Strategy Explained - Trading Gold on the 15 minute timeframe with CHoCH entry model,The Trading Academy,,
youtube,The Trading Academy,sK-_6uIGMck,https://www.youtube.com/watch?v=sK-_6uIGMck,Ugx3kYoI1mhoTLUKdiR4AaABAg.AM08-lQ8i9fAMZ0HgZT0wP,Because it's his charts 😂,2025-09-02T04:13:41Z,2026-10-01T13:27:19.887532+00:00,0,0,,9528ecff9a2f1bfbbeb669aff0bf5566af83163b59acd82deb4e5321fb8611ac,Ugx3kYoI1mhoTLUKdiR4AaABAg,youtube-data-api-v3/commentThreads.list,,sK-_6uIGMck,GOLD 15M Trading Strategy Explained - Trading Gold on the 15 minute timeframe with CHoCH entry model,The Trading Academy,,
youtube,The Trading Academy,sK-_6uIGMck,https://www.youtube.com/watch?v=sK-_6uIGMck,Ugx3kYoI1mhoTLUKdiR4AaABAg.AM08-lQ8i9fAMbnNcliOr2,@banginzazabut still now its on the public view🤷🏻‍♂️,2025-09-03T15:29:08Z,2026-10-01T13:27:19.887532+00:00,0,0,,3f167ac59f29bc8f05ba82399d15663869d7dfec577c27f29ec0ae37d6cac335,Ugx3kYoI1mhoTLUKdiR4AaABAg,youtube-data-api-v3/commentThreads.list,,sK-_6uIGMck,GOLD 15M Trading Strategy Explained - Trading Gold on the 15 minute timeframe with CHoCH entry model,The Trading Academy,,
youtube,The Trading Academy,sK-_6uIGMck,https://www.youtube.com/watch?v=sK-_6uIGMck,UgxZJVodGznY4YOMcg14AaABAg,"So this confirmation is always occuring on 15 minutes time frame for short term trades and do you always target previous bottom or do you always target .50 ,if so when would you know to target previous bottom",2024-09-20T12:33:11Z,2026-10-01T13:27:19.887532+00:00,0,1,,c3c167e4c028109635e32ec7ba12dc0d1e1e952137bbd273a52b5b177a5b7afe,,youtube-data-api-v3/commentThreads.list,,sK-_6uIGMck,GOLD 15M Trading Strategy Explained - Trading Gold on the 15 minute timeframe with CHoCH entry model,The Trading Academy,,
youtube,The Trading Academy,sK-_6uIGMck,https://www.youtube.com/watch?v=sK-_6uIGMck,Ugz_FfK1ZHIJ44IAobF4AaABAg,Do I need to enter a trade in a lower timeframe?,2025-03-07T09:18:26Z,2026-10-01T13:27:19.887532+00:00,1,1,,8ce9fb0a13b9bef5277e2f9131cb95807c12484a5622c62931e5dd4faf724472,,youtube-data-api-v3/commentThreads.list,,sK-_6uIGMck,GOLD 15M Trading Strategy Explained - Trading Gold on the 15 minute timeframe with CHoCH entry model,The Trading Academy,,
youtube,The Trading Academy,sK-_6uIGMck,https://www.youtube.com/watch?v=sK-_6uIGMck,Ugz_FfK1ZHIJ44IAobF4AaABAg.AFMds9Mp3ptAGdGaG5E32F,"Yes, 5 or 1 min",2025-04-08T02:04:01Z,2026-10-01T13:27:19.887532+00:00,0,0,,919200a32a68a98735ba6d76f99936566ddf18adc1db374f26cffd6e626f94df,Ugz_FfK1ZHIJ44IAobF4AaABAg,youtube-data-api-v3/commentThreads.list,,sK-_6uIGMck,GOLD 15M Trading Strategy Explained - Trading Gold on the 15 minute timeframe with CHoCH entry model,The Trading Academy,,
youtube,The Trading Academy,sK-_6uIGMck,https://www.youtube.com/watch?v=sK-_6uIGMck,UgxHoDnlJJZD13m22_d4AaABAg,Timeframe?,2026-08-30T01:31:35Z,2026-10-01T13:27:19.887532+00:00,0,0,,9d89aba0f8f17c01d3df00e1d96927c227947c3a0078aeea80762fab33650c4f,,youtube-data-api-v3/commentThreads.list,,sK-_6uIGMck,GOLD 15M Trading Strategy Explained - Trading Gold on the 15 minute timeframe with CHoCH entry model,The Trading Academy,,
youtube,The Trading Academy,sK-_6uIGMck,https://www.youtube.com/watch?v=sK-_6uIGMck,Ugz308cU4NoHhXu36D14AaABAg,That is not a BOS pal,2026-01-24T22:49:37Z,2026-10-01T13:27:19.887532+00:00,0,0,,5d7bf0cd6a211cf0206a9e877bf5c3bdc2273ec57f3e5a097fc75c3126f012e6,,youtube-data-api-v3/commentThreads.list,,sK-_6uIGMck,GOLD 15M Trading Strategy Explained - Trading Gold on the 15 minute timeframe with CHoCH entry model,The Trading Academy,,
youtube,The Trading Academy,sK-_6uIGMck,https://www.youtube.com/watch?v=sK-_6uIGMck,Ugw5dxNtqMuOpW2x46h4AaABAg,"Bro you said you made 2000 in 1 hr, but it says 15 min time frame with CHOCH model & you are showing 5 min charts, bro are you ok.......!!!",2025-10-20T00:09:18Z,2026-10-01T13:27:19.887532+00:00,0,0,,c16c1dc73570dae9a592644d51d524b45ef76d66fed831e91e6d1fd2f43f3e03,,youtube-data-api-v3/commentThreads.list,,sK-_6uIGMck,GOLD 15M Trading Strategy Explained - Trading Gold on the 15 minute timeframe with CHoCH entry model,The Trading Academy,,
youtube,The Trading Academy,sK-_6uIGMck,https://www.youtube.com/watch?v=sK-_6uIGMck,Ugyjwk3rYJRaT2iIxuB4AaABAg,Is it ok to consider that wick as CHOCH?,2024-09-19T16:53:36Z,2026-10-01T13:27:19.887532+00:00,12,8,,f7d906fca016a749ee95d44024cdf3a51ccb701f17b99d53dc36043dc51dc0ea,,youtube-data-api-v3/commentThreads.list,,sK-_6uIGMck,GOLD 15M Trading Strategy Explained - Trading Gold on the 15 minute timeframe with CHoCH entry model,The Trading Academy,,
youtube,The Trading Academy,sK-_6uIGMck,https://www.youtube.com/watch?v=sK-_6uIGMck,Ugyjwk3rYJRaT2iIxuB4AaABAg.A8_IbunTpSUA8bBbwnvXob,@TheTradingAcademy thanks,2024-09-20T10:30:55Z,2026-10-01T13:27:19.887532+00:00,0,0,,f7d906fca016a749ee95d44024cdf3a51ccb701f17b99d53dc36043dc51dc0ea,Ugyjwk3rYJRaT2iIxuB4AaABAg,youtube-data-api-v3/commentThreads.list,,sK-_6uIGMck,GOLD 15M Trading Strategy Explained - Trading Gold on the 15 minute timeframe with CHoCH entry model,The Trading Academy,,
youtube,The Trading Academy,sK-_6uIGMck,https://www.youtube.com/watch?v=sK-_6uIGMck,Ugyjwk3rYJRaT2iIxuB4AaABAg.A8_IbunTpSUA8fDeLhcM5F,No tbag wick isn’t good enough confirmstion of it think about it a wick shows that there was a break and buyers pushed price but took a hard rejection,2024-09-22T00:05:41Z,2026-10-01T13:27:19.887532+00:00,2,0,,48b9f0570e8d51f87a18a61ae010509df669c644fbe5d771bdfddd98ec5cefd3,Ugyjwk3rYJRaT2iIxuB4AaABAg,youtube-data-api-v3/commentThreads.list,,sK-_6uIGMck,GOLD 15M Trading Strategy Explained - Trading Gold on the 15 minute timeframe with CHoCH entry model,The Trading Academy,,
youtube,The Trading Academy,sK-_6uIGMck,https://www.youtube.com/watch?v=sK-_6uIGMck,Ugyjwk3rYJRaT2iIxuB4AaABAg.A8_IbunTpSUA8fDh0nU9KS,@TheTradingAcademyoh was I wrong with what I said then ?,2024-09-22T00:06:03Z,2026-10-01T13:27:19.887532+00:00,0,0,,48b9f0570e8d51f87a18a61ae010509df669c644fbe5d771bdfddd98ec5cefd3,Ugyjwk3rYJRaT2iIxuB4AaABAg,youtube-data-api-v3/commentThreads.list,,sK-_6uIGMck,GOLD 15M Trading Strategy Explained - Trading Gold on the 15 minute timeframe with CHoCH entry model,The Trading Academy,,
youtube,The Trading Academy,sK-_6uIGMck,https://www.youtube.com/watch?v=sK-_6uIGMck,Ugyjwk3rYJRaT2iIxuB4AaABAg.A8_IbunTpSUA8fDnGSqeNo,My bad guys didn’t look at the wick and skinny body of the candle I’m completely wrong,2024-09-22T00:06:54Z,2026-10-01T13:27:19.887532+00:00,0,0,,48b9f0570e8d51f87a18a61ae010509df669c644fbe5d771bdfddd98ec5cefd3,Ugyjwk3rYJRaT2iIxuB4AaABAg,youtube-data-api-v3/commentThreads.list,,sK-_6uIGMck,GOLD 15M Trading Strategy Explained - Trading Gold on the 15 minute timeframe with CHoCH entry model,The Trading Academy,,
youtube,The Trading Academy,sK-_6uIGMck,https://www.youtube.com/watch?v=sK-_6uIGMck,Ugy53zDuW8pvDqpNJaR4AaABAg,Is it necessary to use RSI to confirm the entry point for a trade?,2025-03-07T10:26:06Z,2026-10-01T13:27:19.887532+00:00,0,2,,d1617308c2496f4688462dcd16aa162775d00c4e48619cd4ff0e3e37ee9c3423,,youtube-data-api-v3/commentThreads.list,,sK-_6uIGMck,GOLD 15M Trading Strategy Explained - Trading Gold on the 15 minute timeframe with CHoCH entry model,The Trading Academy,,
youtube,The Trading Academy,sK-_6uIGMck,https://www.youtube.com/watch?v=sK-_6uIGMck,Ugy53zDuW8pvDqpNJaR4AaABAg.AFMlbeonlyZAFuktctByQt,Rsi is misleading,2025-03-21T00:33:14Z,2026-10-01T13:27:19.887532+00:00,0,0,,a54977b0ae54bdb545da21c3efcddb2f685ec7183300287384390cf506453798,Ugy53zDuW8pvDqpNJaR4AaABAg,youtube-data-api-v3/commentThreads.list,,sK-_6uIGMck,GOLD 15M Trading Strategy Explained - Trading Gold on the 15 minute timeframe with CHoCH entry model,The Trading Academy,,
youtube,The Trading Academy,sK-_6uIGMck,https://www.youtube.com/watch?v=sK-_6uIGMck,Ugy53zDuW8pvDqpNJaR4AaABAg.AFMlbeonlyZAFukvUSTy-Q,It could be overbought/sold for a long time,2025-03-21T00:33:29Z,2026-10-01T13:27:19.887532+00:00,0,0,,a54977b0ae54bdb545da21c3efcddb2f685ec7183300287384390cf506453798,Ugy53zDuW8pvDqpNJaR4AaABAg,youtube-data-api-v3/commentThreads.list,,sK-_6uIGMck,GOLD 15M Trading Strategy Explained - Trading Gold on the 15 minute timeframe with CHoCH entry model,The Trading Academy,,
youtube,The Trading Academy,sK-_6uIGMck,https://www.youtube.com/watch?v=sK-_6uIGMck,UgxLRT0fY4aomQNq5xp4AaABAg,Is it okay to enter a trade without a liquidity forming like this or should I wait for liquidity first after choch,2024-09-19T10:24:05Z,2026-10-01T13:27:19.887532+00:00,0,2,,4a3a958506472f5de269f2d914dfcc5d49d9d9e05251ebfa0a10fccd2c329f8d,,youtube-data-api-v3/commentThreads.list,,sK-_6uIGMck,GOLD 15M Trading Strategy Explained - Trading Gold on the 15 minute timeframe with CHoCH entry model,The Trading Academy,,
youtube,The Trading Academy,sK-_6uIGMck,https://www.youtube.com/watch?v=sK-_6uIGMck,UgxLRT0fY4aomQNq5xp4AaABAg.A8Zb1zkWSX_A8Zbg4bFENA,Gold always forms liquid,2024-09-19T10:29:41Z,2026-10-01T13:27:19.887532+00:00,0,0,,5a0a703c60641c3c280d1a79b5dab845e8719edfc6b8e999331992557a60f01e,UgxLRT0fY4aomQNq5xp4AaABAg,youtube-data-api-v3/commentThreads.list,,sK-_6uIGMck,GOLD 15M Trading Strategy Explained - Trading Gold on the 15 minute timeframe with CHoCH entry model,The Trading Academy,,
youtube,The Trading Academy,sK-_6uIGMck,https://www.youtube.com/watch?v=sK-_6uIGMck,UgxLRT0fY4aomQNq5xp4AaABAg.A8Zb1zkWSX_A8ytSnJLvk9,Liquidity has been taken before the change of character…,2024-09-29T15:25:17Z,2026-10-01T13:27:19.887532+00:00,0,0,,3350725ce77fe0be781af72af0adae8c56454128d7bbb2bb3be11ab359439528,UgxLRT0fY4aomQNq5xp4AaABAg,youtube-data-api-v3/commentThreads.list,,sK-_6uIGMck,GOLD 15M Trading Strategy Explained - Trading Gold on the 15 minute timeframe with CHoCH entry model,The Trading Academy,,
youtube,The Trading Academy,sK-_6uIGMck,https://www.youtube.com/watch?v=sK-_6uIGMck,UgwcBFm2na6kz5VZBrZ4AaABAg,Please what time frame,2025-03-24T22:46:59Z,2026-10-01T13:27:19.887532+00:00,0,1,,04f0575a13c11d955205b32943b3d4dd8974fae9f86bc1b65a98331ce0b09c8e,,youtube-data-api-v3/commentThreads.list,,sK-_6uIGMck,GOLD 15M Trading Strategy Explained - Trading Gold on the 15 minute timeframe with CHoCH entry model,The Trading Academy,,
youtube,The Trading Academy,sK-_6uIGMck,https://www.youtube.com/watch?v=sK-_6uIGMck,UgwcBFm2na6kz5VZBrZ4AaABAg.AG3ruxt0yURAJiosIjs5Gy,30m or 1h i guess,2025-06-23T19:22:42Z,2026-10-01T13:27:19.887532+00:00,0,0,,df338ba5175d528e8fc65e0bb0f791b1030ef6fe4a8b68744dc9fe67cf6600b1,UgwcBFm2na6kz5VZBrZ4AaABAg,youtube-data-api-v3/commentThreads.list,,sK-_6uIGMck,GOLD 15M Trading Strategy Explained - Trading Gold on the 15 minute timeframe with CHoCH entry model,The Trading Academy,,
youtube,The Trading Academy,sK-_6uIGMck,https://www.youtube.com/watch?v=sK-_6uIGMck,UgyoEVesJGcrmoeIkg14AaABAg,Wrong it s risque,2025-08-30T06:29:58Z,2026-10-01T13:27:19.887532+00:00,0,0,,377e313fdf60e57bbf63c3f5f891aabda3199e5e18895dedc98ccf729b6308e3,,youtube-data-api-v3/commentThreads.list,,sK-_6uIGMck,GOLD 15M Trading Strategy Explained - Trading Gold on the 15 minute timeframe with CHoCH entry model,The Trading Academy,,
youtube,The Trading Academy,sK-_6uIGMck,https://www.youtube.com/watch?v=sK-_6uIGMck,UgygApDu-aQljsALmAF4AaABAg,Bro can I get a one on one please I’m paying.,2024-09-20T00:59:12Z,2026-10-01T13:27:19.887532+00:00,0,1,,c64747e8d67c3814709a0132cb254d91850dc3b6c53b96e1512f70d80356515e,,youtube-data-api-v3/commentThreads.list,,sK-_6uIGMck,GOLD 15M Trading Strategy Explained - Trading Gold on the 15 minute timeframe with CHoCH entry model,The Trading Academy,,
youtube,The Trading Academy,sK-_6uIGMck,https://www.youtube.com/watch?v=sK-_6uIGMck,UgwcOvmzhQ7nEGZQkcJ4AaABAg,https://youtu.be/seFza39di1w?si=q-szVLeSt66WYk-Y Gold Updates 8 April,2025-04-08T09:59:15Z,2026-10-01T13:27:19.887532+00:00,0,0,,3bfc9d40be1fa6e120030cc4eb4de53eeb4bc09f176f0cf192e40dfc544dd5b1,,youtube-data-api-v3/commentThreads.list,,sK-_6uIGMck,GOLD 15M Trading Strategy Explained - Trading Gold on the 15 minute timeframe with CHoCH entry model,The Trading Academy,,
youtube,The Trading Academy,sK-_6uIGMck,https://www.youtube.com/watch?v=sK-_6uIGMck,Ugye-ScIaw17uq3z-FZ4AaABAg,ICT😁...,2026-05-28T11:21:10Z,2026-10-01T13:27:19.887532+00:00,0,0,,15a3202288881d0da58d3b96842e0b9da0345027f5127062a6a4ed339adb76b5,,youtube-data-api-v3/commentThreads.list,,sK-_6uIGMck,GOLD 15M Trading Strategy Explained - Trading Gold on the 15 minute timeframe with CHoCH entry model,The Trading Academy,,
youtube,The Trading Academy,sK-_6uIGMck,https://www.youtube.com/watch?v=sK-_6uIGMck,Ugw5ycTk3b2TzUG4H7p4AaABAg,BRO WHAT TYPE OF BoS IS THAT ?? WHY WOULD  YOU CONSIDER A BREAK OF STRUCTURE WITH A WICK OF THE CANDLE ??,2025-02-02T20:33:49Z,2026-10-01T13:27:19.887532+00:00,1,3,,56bf7988d463b564c2f7e334f931a3cce50aff3b125d45979994ffc90c1e838e,,youtube-data-api-v3/commentThreads.list,,sK-_6uIGMck,GOLD 15M Trading Strategy Explained - Trading Gold on the 15 minute timeframe with CHoCH entry model,The Trading Academy,,
youtube,The Trading Academy,sK-_6uIGMck,https://www.youtube.com/watch?v=sK-_6uIGMck,Ugw5ycTk3b2TzUG4H7p4AaABAg.AE2svsuAYgoAE4dqVnBwd-,This is the reason I came to the comments.... That's clearly a liquidity grab,2025-02-03T13:00:30Z,2026-10-01T13:27:19.887532+00:00,0,0,,1d4b5fe6558a82e6abad415b4938288a2bf16dc0f3bd6af0ba04ce38e37e525e,Ugw5ycTk3b2TzUG4H7p4AaABAg,youtube-data-api-v3/commentThreads.list,,sK-_6uIGMck,GOLD 15M Trading Strategy Explained - Trading Gold on the 15 minute timeframe with CHoCH entry model,The Trading Academy,,
youtube,The Trading Academy,sK-_6uIGMck,https://www.youtube.com/watch?v=sK-_6uIGMck,Ugw5ycTk3b2TzUG4H7p4AaABAg.AE2svsuAYgoAGf5Vh1SOWP,not BoS its CHoCH,2025-04-08T19:05:37Z,2026-10-01T13:27:19.887532+00:00,1,0,,73616feaf9feffa1e69d15252a12ada63db43e0ddae8c41874fb99b701806203,Ugw5ycTk3b2TzUG4H7p4AaABAg,youtube-data-api-v3/commentThreads.list,,sK-_6uIGMck,GOLD 15M Trading Strategy Explained - Trading Gold on the 15 minute timeframe with CHoCH entry model,The Trading Academy,,
youtube,The Trading Academy,sK-_6uIGMck,https://www.youtube.com/watch?v=sK-_6uIGMck,Ugw5ycTk3b2TzUG4H7p4AaABAg.AE2svsuAYgoAKFC1At62BT,@bookish_vickie it did not making hh and the last atamt wasnot sucsucfull so its apviose,2025-07-06T18:28:42Z,2026-10-01T13:27:19.887532+00:00,0,0,,daf1a4387a54d7bc7e1277069c13d53cffbf88609381b8a90d9507031cd1a797,Ugw5ycTk3b2TzUG4H7p4AaABAg,youtube-data-api-v3/commentThreads.list,,sK-_6uIGMck,GOLD 15M Trading Strategy Explained - Trading Gold on the 15 minute timeframe with CHoCH entry model,The Trading Academy,,
youtube,The Trading Academy,sK-_6uIGMck,https://www.youtube.com/watch?v=sK-_6uIGMck,UgywVNwybSS2Zo9URQZ4AaABAg,"Getting into the market and trading sounded simple at first, but once I got in, the price swings and mixed information made everything more confusing. I’ve tested several strategies,_ yet the results are just not there. Seeing others move ahead while I struggle has been frustrating. Has anyone actually worked with someone who guides you step by step instead of recycled content? I need real guidance...",2026-05-02T22:48:54Z,2026-10-01T13:27:19.887532+00:00,5,11,,cfc00d8cf01c4e70ed274ff8ff5b95958f8210c05cef2802ba0a28e7c6412838,,youtube-data-api-v3/commentThreads.list,,sK-_6uIGMck,GOLD 15M Trading Strategy Explained - Trading Gold on the 15 minute timeframe with CHoCH entry model,The Trading Academy,,
youtube,The Trading Academy,sK-_6uIGMck,https://www.youtube.com/watch?v=sK-_6uIGMck,UgywVNwybSS2Zo9URQZ4AaABAg.AWK8HWA5YYVAWK8fyJ9Ma-,That's the guidance I've been searching for. Who do you learn from?,2026-05-02T22:52:23Z,2026-10-01T13:27:19.887532+00:00,0,0,,cfc00d8cf01c4e70ed274ff8ff5b95958f8210c05cef2802ba0a28e7c6412838,UgywVNwybSS2Zo9URQZ4AaABAg,youtube-data-api-v3/commentThreads.list,,sK-_6uIGMck,GOLD 15M Trading Strategy Explained - Trading Gold on the 15 minute timeframe with CHoCH entry model,The Trading Academy,,
youtube,The Trading Academy,sK-_6uIGMck,https://www.youtube.com/watch?v=sK-_6uIGMck,UgywVNwybSS2Zo9URQZ4AaABAg.AWK8HWA5YYVAWK8gz3Sp0B,"For me it was Piers Wyn. I trade alongside him, and with his mentorship, I know exactly what to do. Losing trades aren't part of my story anymore",2026-05-02T22:52:31Z,2026-10-01T13:27:19.887532+00:00,0,0,,9d644d14c2be88bcf7f1866bbc5124e34260c19e108cfefe83ad00a8dee415c6,UgywVNwybSS2Zo9URQZ4AaABAg,youtube-data-api-v3/commentThreads.list,,sK-_6uIGMck,GOLD 15M Trading Strategy Explained - Trading Gold on the 15 minute timeframe with CHoCH entry model,The Trading Academy,,
youtube,The Trading Academy,sK-_6uIGMck,https://www.youtube.com/watch?v=sK-_6uIGMck,UgywVNwybSS2Zo9URQZ4AaABAg.AWK8HWA5YYVAWK8o2gsE58,wow u know him too? Small world. Piers honestly played a big role in helping me and my family on track.,2026-05-02T22:53:29Z,2026-10-01T13:27:19.887532+00:00,0,0,,be0a99b84b0789bbd7ff20753c9bf95eab1076c5785913e0e65164da3c513377,UgywVNwybSS2Zo9URQZ4AaABAg,youtube-data-api-v3/commentThreads.list,,sK-_6uIGMck,GOLD 15M Trading Strategy Explained - Trading Gold on the 15 minute timeframe with CHoCH entry model,The Trading Academy,,
youtube,The Trading Academy,sK-_6uIGMck,https://www.youtube.com/watch?v=sK-_6uIGMck,UgywVNwybSS2Zo9URQZ4AaABAg.AWK8HWA5YYVAWK8prOFy14,Exactly!! His breakdowns snapped everything into alignment…no more five-minute spirals. My account finally feels like it has a compass.,2026-05-02T22:53:44Z,2026-10-01T13:27:19.887532+00:00,0,0,,3225cc3c028b2f3c74dccd0e20c51ab69b537de3c1d4c320f2c6579dffb4eeed,UgywVNwybSS2Zo9URQZ4AaABAg,youtube-data-api-v3/commentThreads.list,,sK-_6uIGMck,GOLD 15M Trading Strategy Explained - Trading Gold on the 15 minute timeframe with CHoCH entry model,The Trading Academy,,
youtube,The Trading Academy,sK-_6uIGMck,https://www.youtube.com/watch?v=sK-_6uIGMck,UgywVNwybSS2Zo9URQZ4AaABAg.AWK8HWA5YYVAWK8r-RyUD5,Please do you have any links or information about him?,2026-05-02T22:53:53Z,2026-10-01T13:27:19.887532+00:00,0,0,,cfc00d8cf01c4e70ed274ff8ff5b95958f8210c05cef2802ba0a28e7c6412838,UgywVNwybSS2Zo9URQZ4AaABAg,youtube-data-api-v3/commentThreads.list,,sK-_6uIGMck,GOLD 15M Trading Strategy Explained - Trading Gold on the 15 minute timeframe with CHoCH entry model,The Trading Academy,,
youtube,The Trading Academy,7HD5ZG2MmeQ,https://www.youtube.com/watch?v=7HD5ZG2MmeQ,Ugxwqp7nonHxmiK_0Rt4AaABAg,everyone is king of market in replay market,2025-01-26T11:14:01Z,2026-10-01T13:27:22.469939+00:00,492,22,,5dc4413fb2e3d26700ca9b86a834d1f3d20dcb861a9de86cc00315f8f3f1a900,,youtube-data-api-v3/commentThreads.list,,7HD5ZG2MmeQ,"Gold Trading Strategy Explained - SMC, Supply and demand, liquidity xauusd trade breakdown",The Trading Academy,,
youtube,The Trading Academy,7HD5ZG2MmeQ,https://www.youtube.com/watch?v=7HD5ZG2MmeQ,Ugxwqp7nonHxmiK_0Rt4AaABAg.ADkrIabZKdEAEMpOnIFhp5,As long as the win rate is over 40% then it should be fine.,2025-02-10T14:27:45Z,2026-10-01T13:27:22.469939+00:00,17,0,,1344dc82ba548ff735b8f9b5a9a56da38b92e49465f19aeeeef5fd6f7c478ed4,Ugxwqp7nonHxmiK_0Rt4AaABAg,youtube-data-api-v3/commentThreads.list,,7HD5ZG2MmeQ,"Gold Trading Strategy Explained - SMC, Supply and demand, liquidity xauusd trade breakdown",The Trading Academy,,
youtube,The Trading Academy,7HD5ZG2MmeQ,https://www.youtube.com/watch?v=7HD5ZG2MmeQ,Ugxwqp7nonHxmiK_0Rt4AaABAg.ADkrIabZKdEAFCiPVjn6M2,Fabio has made me profitable. The best way to teach is to fully explain and that's what TTA does.,2025-03-03T12:45:41Z,2026-10-01T13:27:22.469939+00:00,8,0,,a3b59d2f64962f2f5e05f3b48882b1bbb15d95d237853c5c50c43002b817c24e,Ugxwqp7nonHxmiK_0Rt4AaABAg,youtube-data-api-v3/commentThreads.list,,7HD5ZG2MmeQ,"Gold Trading Strategy Explained - SMC, Supply and demand, liquidity xauusd trade breakdown",The Trading Academy,,
youtube,The Trading Academy,7HD5ZG2MmeQ,https://www.youtube.com/watch?v=7HD5ZG2MmeQ,Ugxwqp7nonHxmiK_0Rt4AaABAg.ADkrIabZKdEAFNcPWO9fDL,@josephajah2287 Congratulations 👍,2025-03-07T18:24:54Z,2026-10-01T13:27:22.469939+00:00,0,0,,cad868a274db838337f8f48215edcc8551e1c6bd188108f7786ee56d7bc438be,Ugxwqp7nonHxmiK_0Rt4AaABAg,youtube-data-api-v3/commentThreads.list,,7HD5ZG2MmeQ,"Gold Trading Strategy Explained - SMC, Supply and demand, liquidity xauusd trade breakdown",The Trading Academy,,
youtube,The Trading Academy,7HD5ZG2MmeQ,https://www.youtube.com/watch?v=7HD5ZG2MmeQ,Ugxwqp7nonHxmiK_0Rt4AaABAg.ADkrIabZKdEAGOfMp6WXb5,@williamxavier8474as long as you’re constantly taking 1:3rr,2025-04-02T00:41:23Z,2026-10-01T13:27:22.469939+00:00,0,0,,978afc67933cd097bb4985a385795e81ebc9c3d0f085ab005815f35a1a7ba612,Ugxwqp7nonHxmiK_0Rt4AaABAg,youtube-data-api-v3/commentThreads.list,,7HD5ZG2MmeQ,"Gold Trading Strategy Explained - SMC, Supply and demand, liquidity xauusd trade breakdown",The Trading Academy,,
youtube,The Trading Academy,7HD5ZG2MmeQ,https://www.youtube.com/watch?v=7HD5ZG2MmeQ,Ugxwqp7nonHxmiK_0Rt4AaABAg.ADkrIabZKdEAIKvs2jGGnd,💀💀💀,2025-05-20T06:51:25Z,2026-10-01T13:27:22.469939+00:00,0,0,,362e1da47114634ace54d1dc808cc2e7d998d5ea33cc14ee3b2a94c845c8b8aa,Ugxwqp7nonHxmiK_0Rt4AaABAg,youtube-data-api-v3/commentThreads.list,,7HD5ZG2MmeQ,"Gold Trading Strategy Explained - SMC, Supply and demand, liquidity xauusd trade breakdown",The Trading Academy,,
youtube,The Trading Academy,7HD5ZG2MmeQ,https://www.youtube.com/watch?v=7HD5ZG2MmeQ,Ugx9pjzFPT8Kne8SYxl4AaABAg,"""The wick that is about to break the high"" is ridiculous.",2025-10-02T18:29:01Z,2026-10-01T13:27:22.469939+00:00,31,0,,23b8079a56b8c7522b9109c2a5666c9f024c559582d2bad06c64ba68a3d7dd41,,youtube-data-api-v3/commentThreads.list,,7HD5ZG2MmeQ,"Gold Trading Strategy Explained - SMC, Supply and demand, liquidity xauusd trade breakdown",The Trading Academy,,
youtube,The Trading Academy,7HD5ZG2MmeQ,https://www.youtube.com/watch?v=7HD5ZG2MmeQ,UgwQKdheYcFZF2B5ePN4AaABAg,"You are an incredible Trader!

Thanks for your free contents always.🎉",2024-09-11T14:59:58Z,2026-10-01T13:27:22.469939+00:00,16,1,,6318a3b544ab6adcf6f50b94840a3fae9956a05a53e5173e2b6f2ae32f4373ce,,youtube-data-api-v3/commentThreads.list,,7HD5ZG2MmeQ,"Gold Trading Strategy Explained - SMC, Supply and demand, liquidity xauusd trade breakdown",The Trading Academy,,
youtube,The Trading Academy,7HD5ZG2MmeQ,https://www.youtube.com/watch?v=7HD5ZG2MmeQ,UgyWwoT0ryN93ftiPNJ4AaABAg,"that's an illigal entry. entry was actually your st, when the market tested that OB since it broke structure, and ha a FVG.",2025-05-23T09:46:21Z,2026-10-01T13:27:22.469939+00:00,16,1,,9e436d44851413f9b2bf712f104fc19fc17bdf89ed4f70fe4ec2ed9bf75332af,,youtube-data-api-v3/commentThreads.list,,7HD5ZG2MmeQ,"Gold Trading Strategy Explained - SMC, Supply and demand, liquidity xauusd trade breakdown",The Trading Academy,,
youtube,The Trading Academy,7HD5ZG2MmeQ,https://www.youtube.com/watch?v=7HD5ZG2MmeQ,UgyWwoT0ryN93ftiPNJ4AaABAg.AISyGymssCvAP0EXWMgfTB,Fvg don’t work on gold,2025-11-02T05:38:57Z,2026-10-01T13:27:22.470939+00:00,1,0,,bda90ab76a81c7ac9e9f2cba05a0f0d7cbadfa083d46e2d4851e5b2d67d001b9,UgyWwoT0ryN93ftiPNJ4AaABAg,youtube-data-api-v3/commentThreads.list,,7HD5ZG2MmeQ,"Gold Trading Strategy Explained - SMC, Supply and demand, liquidity xauusd trade breakdown",The Trading Academy,,
youtube,The Trading Academy,7HD5ZG2MmeQ,https://www.youtube.com/watch?v=7HD5ZG2MmeQ,Ugzs0mlCrYCghRWhxqx4AaABAg,He has the cleanest chart colors in the industry,2026-06-13T19:48:04Z,2026-10-01T13:27:22.470939+00:00,1,0,,60ddef8971193263888559adea01498191025be2bdd9ad41fbcd427be11c0081,,youtube-data-api-v3/commentThreads.list,,7HD5ZG2MmeQ,"Gold Trading Strategy Explained - SMC, Supply and demand, liquidity xauusd trade breakdown",The Trading Academy,,
youtube,The Trading Academy,7HD5ZG2MmeQ,https://www.youtube.com/watch?v=7HD5ZG2MmeQ,Ugx335M9D41-JkHeTDt4AaABAg,This is an entry trade before the trend even starts!,2025-02-08T13:21:53Z,2026-10-01T13:27:22.470939+00:00,1,0,,4d096a0e49bca4a34ab3bba5473724761fdae1e1ae1338ebfe56349d97926580,,youtube-data-api-v3/commentThreads.list,,7HD5ZG2MmeQ,"Gold Trading Strategy Explained - SMC, Supply and demand, liquidity xauusd trade breakdown",The Trading Academy,,
youtube,The Trading Academy,7HD5ZG2MmeQ,https://www.youtube.com/watch?v=7HD5ZG2MmeQ,UgyMBFRAgWYcBt_aZKJ4AaABAg,I wouldve taken that OB retest and targeted session highs. That's my strategy,2026-02-24T23:35:17Z,2026-10-01T13:27:22.470939+00:00,2,0,,49abe31e10e4ceead5b6bbc2fc2813a70b1642ec11c69528f97b291f9eac23b9,,youtube-data-api-v3/commentThreads.list,,7HD5ZG2MmeQ,"Gold Trading Strategy Explained - SMC, Supply and demand, liquidity xauusd trade breakdown",The Trading Academy,,
youtube,The Trading Academy,7HD5ZG2MmeQ,https://www.youtube.com/watch?v=7HD5ZG2MmeQ,Ugx1HH1BH2JgwMwMN1Z4AaABAg,CHOCH High and double Break ✌️,2024-09-11T15:28:40Z,2026-10-01T13:27:22.470939+00:00,3,0,,62999532f61c61934fab720af74360bad5b80211cccf98b9cfe4c6e0f1e718e2,,youtube-data-api-v3/commentThreads.list,,7HD5ZG2MmeQ,"Gold Trading Strategy Explained - SMC, Supply and demand, liquidity xauusd trade breakdown",The Trading Academy,,
youtube,The Trading Academy,7HD5ZG2MmeQ,https://www.youtube.com/watch?v=7HD5ZG2MmeQ,UgzIac6L5pHjTXirvuV4AaABAg,"Spot gold will rise to $3000. I specialize in technical analysis of gold—following the market is the best trading strategy, and fundamentals are all deceptive.",2025-04-13T03:49:16Z,2026-10-01T13:27:22.470939+00:00,29,11,,eef92f6c8ed322ce5f2a44c0bfcbc574c9847ba71a0d9c33b2ecf009c9d2d45a,,youtube-data-api-v3/commentThreads.list,,7HD5ZG2MmeQ,"Gold Trading Strategy Explained - SMC, Supply and demand, liquidity xauusd trade breakdown",The Trading Academy,,
youtube,The Trading Academy,7HD5ZG2MmeQ,https://www.youtube.com/watch?v=7HD5ZG2MmeQ,UgzIac6L5pHjTXirvuV4AaABAg.AGqKbdwo6NSAGvjHgrGutf,"How do you  follow the market, please explain",2025-04-15T06:09:49Z,2026-10-01T13:27:22.470939+00:00,0,0,,29c49b7d8305628b8b4fa5e1fc071bd74732055f1544b7e8013e91f8d24ad83b,UgzIac6L5pHjTXirvuV4AaABAg,youtube-data-api-v3/commentThreads.list,,7HD5ZG2MmeQ,"Gold Trading Strategy Explained - SMC, Supply and demand, liquidity xauusd trade breakdown",The Trading Academy,,
youtube,The Trading Academy,7HD5ZG2MmeQ,https://www.youtube.com/watch?v=7HD5ZG2MmeQ,UgzIac6L5pHjTXirvuV4AaABAg.AGqKbdwo6NSALWGCeZ1z1E,Hey pls send me your link for your analysis,2025-08-07T06:03:42Z,2026-10-01T13:27:22.470939+00:00,0,0,,9f4ea2629325f488d0471df8c95c11fddad6777c0b16dccf96ef709b34cf95ff,UgzIac6L5pHjTXirvuV4AaABAg,youtube-data-api-v3/commentThreads.list,,7HD5ZG2MmeQ,"Gold Trading Strategy Explained - SMC, Supply and demand, liquidity xauusd trade breakdown",The Trading Academy,,
youtube,The Trading Academy,7HD5ZG2MmeQ,https://www.youtube.com/watch?v=7HD5ZG2MmeQ,UgzIac6L5pHjTXirvuV4AaABAg.AGqKbdwo6NSAOM9JB56hb3,Whoever speculated this is rich now 😂,2025-10-16T21:25:12Z,2026-10-01T13:27:22.470939+00:00,9,0,,1ec74e157eb9d71db5e008b1a494c36831104cd4ad8e76980ef59b20a6f4baf9,UgzIac6L5pHjTXirvuV4AaABAg,youtube-data-api-v3/commentThreads.list,,7HD5ZG2MmeQ,"Gold Trading Strategy Explained - SMC, Supply and demand, liquidity xauusd trade breakdown",The Trading Academy,,
youtube,The Trading Academy,7HD5ZG2MmeQ,https://www.youtube.com/watch?v=7HD5ZG2MmeQ,UgzIac6L5pHjTXirvuV4AaABAg.AGqKbdwo6NSAOPIo_OYhdp,@soargamer1437trueeee,2025-10-18T02:45:59Z,2026-10-01T13:27:22.470939+00:00,0,0,,009b942f77ee8752af40cde94e82f3857feee69a6eb550c5a6c78f08061febf0,UgzIac6L5pHjTXirvuV4AaABAg,youtube-data-api-v3/commentThreads.list,,7HD5ZG2MmeQ,"Gold Trading Strategy Explained - SMC, Supply and demand, liquidity xauusd trade breakdown",The Trading Academy,,
youtube,The Trading Academy,7HD5ZG2MmeQ,https://www.youtube.com/watch?v=7HD5ZG2MmeQ,UgzIac6L5pHjTXirvuV4AaABAg.AGqKbdwo6NSAOaXZ6StAVr,Bro you’re rich !,2025-10-22T20:45:42Z,2026-10-01T13:27:22.470939+00:00,1,0,,ed3eb7d13c86868db2629819accb2646e58cea2cd4e4c63ea38154b3585ef63a,UgzIac6L5pHjTXirvuV4AaABAg,youtube-data-api-v3/commentThreads.list,,7HD5ZG2MmeQ,"Gold Trading Strategy Explained - SMC, Supply and demand, liquidity xauusd trade breakdown",The Trading Academy,,
youtube,The Trading Academy,7HD5ZG2MmeQ,https://www.youtube.com/watch?v=7HD5ZG2MmeQ,UgyoZ6RQf_Z3Rsd5cw54AaABAg,"more for Gold, i Love it, Perfect Strategys my Friend, i send you Love",2026-07-31T12:03:35Z,2026-10-01T13:27:22.470939+00:00,0,0,,b6029811a47c01bb46d4a913d1d950798dd8e3b43b8e7c752737fb1ae299c4a8,,youtube-data-api-v3/commentThreads.list,,7HD5ZG2MmeQ,"Gold Trading Strategy Explained - SMC, Supply and demand, liquidity xauusd trade breakdown",The Trading Academy,,
youtube,The Trading Academy,7HD5ZG2MmeQ,https://www.youtube.com/watch?v=7HD5ZG2MmeQ,UgyPU0ihrKSFTTA_OUl4AaABAg,Sl should be below the candle which break the high and strategy works only during opening of sessions,2026-09-12T07:36:44Z,2026-10-01T13:27:22.470939+00:00,1,0,,5536d69f929e188c18d9e1a0acf9d6a597bb967786962f3dddfcc0fde51f729f,,youtube-data-api-v3/commentThreads.list,,7HD5ZG2MmeQ,"Gold Trading Strategy Explained - SMC, Supply and demand, liquidity xauusd trade breakdown",The Trading Academy,,
youtube,The Trading Academy,7HD5ZG2MmeQ,https://www.youtube.com/watch?v=7HD5ZG2MmeQ,UgxiJRZc2i0y-yp7KFx4AaABAg,Your trading techniques and style is just awesome!,2024-11-04T14:56:05Z,2026-10-01T13:27:22.470939+00:00,20,4,,313bbf8b51c83b6387ade11c66f4a4997cc0b1d0042b905ad82cca216cf84ab5,,youtube-data-api-v3/commentThreads.list,,7HD5ZG2MmeQ,"Gold Trading Strategy Explained - SMC, Supply and demand, liquidity xauusd trade breakdown",The Trading Academy,,
youtube,The Trading Academy,7HD5ZG2MmeQ,https://www.youtube.com/watch?v=7HD5ZG2MmeQ,UgxiJRZc2i0y-yp7KFx4AaABAg.AAQXjWgcSdpACcD6QyDOxJ,Futures?,2024-12-29T06:08:46Z,2026-10-01T13:27:22.470939+00:00,0,0,,cd85cf942e7fb6bb33efe7e5f6ab625e0bdddcc5c9dc4d9ff5b6ca12796760da,UgxiJRZc2i0y-yp7KFx4AaABAg,youtube-data-api-v3/commentThreads.list,,7HD5ZG2MmeQ,"Gold Trading Strategy Explained - SMC, Supply and demand, liquidity xauusd trade breakdown",The Trading Academy,,
youtube,The Trading Academy,7HD5ZG2MmeQ,https://www.youtube.com/watch?v=7HD5ZG2MmeQ,UgxiJRZc2i0y-yp7KFx4AaABAg.AAQXjWgcSdpAG_cL_KTBd6,Can I learn from you,2025-04-06T16:05:53Z,2026-10-01T13:27:22.470939+00:00,0,0,,b3bc19a70d0f1bac49f4f98db7efc006e3215bd03a647b7dcfad03c48e420e55,UgxiJRZc2i0y-yp7KFx4AaABAg,youtube-data-api-v3/commentThreads.list,,7HD5ZG2MmeQ,"Gold Trading Strategy Explained - SMC, Supply and demand, liquidity xauusd trade breakdown",The Trading Academy,,
youtube,The Trading Academy,7HD5ZG2MmeQ,https://www.youtube.com/watch?v=7HD5ZG2MmeQ,UgxiJRZc2i0y-yp7KFx4AaABAg.AAQXjWgcSdpAGqKkBC9ukc,"Spot gold will rise to $3000. I specialize in technical analysis of gold—following the market is the best trading strategy, and fundamentals are all deceptive.",2025-04-13T03:50:26Z,2026-10-01T13:27:22.470939+00:00,0,0,,eef92f6c8ed322ce5f2a44c0bfcbc574c9847ba71a0d9c33b2ecf009c9d2d45a,UgxiJRZc2i0y-yp7KFx4AaABAg,youtube-data-api-v3/commentThreads.list,,7HD5ZG2MmeQ,"Gold Trading Strategy Explained - SMC, Supply and demand, liquidity xauusd trade breakdown",The Trading Academy,,
youtube,The Trading Academy,7HD5ZG2MmeQ,https://www.youtube.com/watch?v=7HD5ZG2MmeQ,UgzMkzCu5vecV793_Yh4AaABAg,"when u say clean, be sprcific bro",2026-07-01T15:12:26Z,2026-10-01T13:27:22.470939+00:00,1,0,,cbccfaedafa4ef2f2ebfec50493e68cdb4a1cdee388f032eef770895e99d7d13,,youtube-data-api-v3/commentThreads.list,,7HD5ZG2MmeQ,"Gold Trading Strategy Explained - SMC, Supply and demand, liquidity xauusd trade breakdown",The Trading Academy,,
youtube,The Trading Academy,7HD5ZG2MmeQ,https://www.youtube.com/watch?v=7HD5ZG2MmeQ,Ugxb43EGS25SmVXdIM54AaABAg,📍 Good example of letting the market come to you.,2026-07-01T21:57:04Z,2026-10-01T13:27:22.470939+00:00,1,0,,73c1494ea0577661e27d3fafa1e2e2f9324a282aa6372a64880a49312a6b64fe,,youtube-data-api-v3/commentThreads.list,,7HD5ZG2MmeQ,"Gold Trading Strategy Explained - SMC, Supply and demand, liquidity xauusd trade breakdown",The Trading Academy,,
youtube,The Trading Academy,7HD5ZG2MmeQ,https://www.youtube.com/watch?v=7HD5ZG2MmeQ,Ugy8DPp8DWFItCUwXuB4AaABAg,Or just go long or short after a small bounce off Supply and Demand :D,2025-03-20T19:16:15Z,2026-10-01T13:27:22.470939+00:00,1,0,,11eaec60367c1f6e877f5b8a309bf85d9edcaa7a43e3626f0eb2c22203bbfeb2,,youtube-data-api-v3/commentThreads.list,,7HD5ZG2MmeQ,"Gold Trading Strategy Explained - SMC, Supply and demand, liquidity xauusd trade breakdown",The Trading Academy,,
youtube,The Trading Academy,7HD5ZG2MmeQ,https://www.youtube.com/watch?v=7HD5ZG2MmeQ,UgxKwJW3zDYTMaN_fwt4AaABAg,well I was practicing and I got a win rate of 66 percent with an average of like 1:2,2025-11-30T05:51:22Z,2026-10-01T13:27:22.470939+00:00,1,0,,f956a67b7d6076d4766df6a841c4b1e4fb4da4a6b8b3add7d65dd0e35399b415,,youtube-data-api-v3/commentThreads.list,,7HD5ZG2MmeQ,"Gold Trading Strategy Explained - SMC, Supply and demand, liquidity xauusd trade breakdown",The Trading Academy,,
youtube,The Trading Academy,7HD5ZG2MmeQ,https://www.youtube.com/watch?v=7HD5ZG2MmeQ,UgypkZTnE0FPUHdbWHR4AaABAg,Thanks sir ❤,2024-09-11T11:05:00Z,2026-10-01T13:27:22.470939+00:00,2,1,,b5f4725d6a56e86cfb51983d18de534c409d06771060cb261a391b17be78a231,,youtube-data-api-v3/commentThreads.list,,7HD5ZG2MmeQ,"Gold Trading Strategy Explained - SMC, Supply and demand, liquidity xauusd trade breakdown",The Trading Academy,,
youtube,The Trading Academy,7HD5ZG2MmeQ,https://www.youtube.com/watch?v=7HD5ZG2MmeQ,UgyejZLTaMywHk491HZ4AaABAg,Gold pair also did create retracement,2025-12-11T11:56:17Z,2026-10-01T13:27:22.470939+00:00,1,0,,f4a68b82f0d2a59af95415d159a1f507d165d0b815dfa7eae37aa71d2d478bb1,,youtube-data-api-v3/commentThreads.list,,7HD5ZG2MmeQ,"Gold Trading Strategy Explained - SMC, Supply and demand, liquidity xauusd trade breakdown",The Trading Academy,,
youtube,The Trading Academy,7HD5ZG2MmeQ,https://www.youtube.com/watch?v=7HD5ZG2MmeQ,UgxjkVHk8A6lj5nYyi54AaABAg,Can u explain what's a double break?,2025-12-31T05:01:53Z,2026-10-01T13:27:22.470939+00:00,2,0,,28395aeb4a06cc0f0f33587c3dcd2f563d4bed4226a420425dc2e0b53614eb23,,youtube-data-api-v3/commentThreads.list,,7HD5ZG2MmeQ,"Gold Trading Strategy Explained - SMC, Supply and demand, liquidity xauusd trade breakdown",The Trading Academy,,
youtube,The Trading Academy,7HD5ZG2MmeQ,https://www.youtube.com/watch?v=7HD5ZG2MmeQ,UgwWzgOwq6qqUAR7_nx4AaABAg,Best strategy ✅💲,2026-06-28T15:21:35Z,2026-10-01T13:27:22.470939+00:00,1,0,,cadd33ba7492a8eef70748a965c8fafe6f12f4e4229432461d3651427284f746,,youtube-data-api-v3/commentThreads.list,,7HD5ZG2MmeQ,"Gold Trading Strategy Explained - SMC, Supply and demand, liquidity xauusd trade breakdown",The Trading Academy,,
youtube,The Trading Academy,7HD5ZG2MmeQ,https://www.youtube.com/watch?v=7HD5ZG2MmeQ,UgyiZ-4yEDwSS5WkUoF4AaABAg,Cool story bro,2026-07-06T18:20:21Z,2026-10-01T13:27:22.470939+00:00,1,0,,6c8f8221ad17d2105c05aa34f5cec4d1bd7a6a0f2f8262ec15540b5a41bbe63e,,youtube-data-api-v3/commentThreads.list,,7HD5ZG2MmeQ,"Gold Trading Strategy Explained - SMC, Supply and demand, liquidity xauusd trade breakdown",The Trading Academy,,
youtube,The Trading Academy,7HD5ZG2MmeQ,https://www.youtube.com/watch?v=7HD5ZG2MmeQ,UgwQoRX6HgEDN1c3-CF4AaABAg,If I want to start everything he doing in this video what do I need to start,2026-06-24T15:26:48Z,2026-10-01T13:27:22.470939+00:00,1,0,,952ac7629cadd3dab977ebc5af892d9193e22bf580a60a4b80bb562f2f4904da,,youtube-data-api-v3/commentThreads.list,,7HD5ZG2MmeQ,"Gold Trading Strategy Explained - SMC, Supply and demand, liquidity xauusd trade breakdown",The Trading Academy,,
youtube,The Trading Academy,7HD5ZG2MmeQ,https://www.youtube.com/watch?v=7HD5ZG2MmeQ,UgxxfPFD_LlQ_owpOzR4AaABAg,A wick is not a break,2026-06-21T15:45:43Z,2026-10-01T13:27:22.470939+00:00,1,0,,ee15de22747dd6ef84044468d769a584fb42486d62a8f659a80582d4dc2033c5,,youtube-data-api-v3/commentThreads.list,,7HD5ZG2MmeQ,"Gold Trading Strategy Explained - SMC, Supply and demand, liquidity xauusd trade breakdown",The Trading Academy,,
youtube,The Trading Academy,7HD5ZG2MmeQ,https://www.youtube.com/watch?v=7HD5ZG2MmeQ,Ugx1QtHxUjOp2vqFsNB4AaABAg,What time frame ?,2026-07-28T16:10:34Z,2026-10-01T13:27:22.470939+00:00,1,0,,b332c50e31fbdae39df8deffd43400cc447f6cdccbe9ffb1dc1ba5246b625a32,,youtube-data-api-v3/commentThreads.list,,7HD5ZG2MmeQ,"Gold Trading Strategy Explained - SMC, Supply and demand, liquidity xauusd trade breakdown",The Trading Academy,,
youtube,The Trading Academy,7HD5ZG2MmeQ,https://www.youtube.com/watch?v=7HD5ZG2MmeQ,UgyEhEvg0b5INxMRH894AaABAg,so easy to talk when market already moved innit,2026-05-13T00:54:46Z,2026-10-01T13:27:22.470939+00:00,1,0,,b94c20b2154bf0e3a625e98a0fc9f26c2368c50688b6e61c812fb5203ede54cf,,youtube-data-api-v3/commentThreads.list,,7HD5ZG2MmeQ,"Gold Trading Strategy Explained - SMC, Supply and demand, liquidity xauusd trade breakdown",The Trading Academy,,
youtube,The Trading Academy,7HD5ZG2MmeQ,https://www.youtube.com/watch?v=7HD5ZG2MmeQ,UgxYE-zg1AjykrH9XCt4AaABAg,Timeframe? And whats the pip range on ur screen,2025-03-11T14:07:12Z,2026-10-01T13:27:22.470939+00:00,1,0,,825518168211371659a0338f99e217aa613f79edb492c29ef686ffc04c4a2475,,youtube-data-api-v3/commentThreads.list,,7HD5ZG2MmeQ,"Gold Trading Strategy Explained - SMC, Supply and demand, liquidity xauusd trade breakdown",The Trading Academy,,
youtube,The Trading Academy,7HD5ZG2MmeQ,https://www.youtube.com/watch?v=7HD5ZG2MmeQ,Ugzrw6hr3fvNUfWfWop4AaABAg,So detailed,2025-12-20T15:48:10Z,2026-10-01T13:27:22.470939+00:00,1,0,,5cd167f13f1379339819aaf1a90a6ae2feca7d39b748a5500d8be2402412e01f,,youtube-data-api-v3/commentThreads.list,,7HD5ZG2MmeQ,"Gold Trading Strategy Explained - SMC, Supply and demand, liquidity xauusd trade breakdown",The Trading Academy,,
youtube,The Trading Academy,7HD5ZG2MmeQ,https://www.youtube.com/watch?v=7HD5ZG2MmeQ,UgzuqZ9hxFF3-z394ch4AaABAg,timeframe>?,2026-06-12T03:14:35Z,2026-10-01T13:27:22.470939+00:00,1,0,,c35945e670362d433113447b6b1cf6a35ed2d736ae793f995f9cf844260c7d50,,youtube-data-api-v3/commentThreads.list,,7HD5ZG2MmeQ,"Gold Trading Strategy Explained - SMC, Supply and demand, liquidity xauusd trade breakdown",The Trading Academy,,
youtube,The Trading Academy,7HD5ZG2MmeQ,https://www.youtube.com/watch?v=7HD5ZG2MmeQ,Ugw0Cc5_k7oIS6NcMK54AaABAg,"Hello, Are you also involved in forex trading or using Expert Advisors (EAs)?",2026-07-02T12:03:42Z,2026-10-01T13:27:22.470939+00:00,1,0,,3ef6aba32175cb303f2d3bb70c3f2c7d0c52e37d10b1fb78d50c57ffc3f2593e,,youtube-data-api-v3/commentThreads.list,,7HD5ZG2MmeQ,"Gold Trading Strategy Explained - SMC, Supply and demand, liquidity xauusd trade breakdown",The Trading Academy,,
youtube,The Trading Academy,7HD5ZG2MmeQ,https://www.youtube.com/watch?v=7HD5ZG2MmeQ,Ugx5ZDkfyWm0LulEJiR4AaABAg,Great technique! Do you have any other techniques?,2025-02-08T05:39:08Z,2026-10-01T13:27:22.470939+00:00,3,1,,5ca37563a096aa889e73ff697f837f09d2f38ab69e0a2ce68802832f8a633e2b,,youtube-data-api-v3/commentThreads.list,,7HD5ZG2MmeQ,"Gold Trading Strategy Explained - SMC, Supply and demand, liquidity xauusd trade breakdown",The Trading Academy,,
youtube,The Trading Academy,7HD5ZG2MmeQ,https://www.youtube.com/watch?v=7HD5ZG2MmeQ,Ugx5ZDkfyWm0LulEJiR4AaABAg.AEGjJJPYqemAGd2zTYCIQM,I'm so happy now I own a book shop through trading,2025-04-08T00:05:07Z,2026-10-01T13:27:22.470939+00:00,0,0,,e35d79d6f1907a7bd4f5a3da619600f7a3a00f4980e4d451beb55f1335749574,Ugx5ZDkfyWm0LulEJiR4AaABAg,youtube-data-api-v3/commentThreads.list,,7HD5ZG2MmeQ,"Gold Trading Strategy Explained - SMC, Supply and demand, liquidity xauusd trade breakdown",The Trading Academy,,
youtube,The Trading Academy,7HD5ZG2MmeQ,https://www.youtube.com/watch?v=7HD5ZG2MmeQ,Ugz9bwzqkfG448Co5ol4AaABAg,"Please, create a full video on this. Please.",2024-09-11T15:27:10Z,2026-10-01T13:27:22.470939+00:00,1,2,,bc39463bdbcde70a7eb2a640a9f2a80505cf812fcff6d4e19176228ad351da38,,youtube-data-api-v3/commentThreads.list,,7HD5ZG2MmeQ,"Gold Trading Strategy Explained - SMC, Supply and demand, liquidity xauusd trade breakdown",The Trading Academy,,
youtube,The Trading Academy,7HD5ZG2MmeQ,https://www.youtube.com/watch?v=7HD5ZG2MmeQ,Ugz9bwzqkfG448Co5ol4AaABAg.A8FYMpoEn3jAGqKnpNvUf8,"Spot gold will rise to $3000. I specialize in technical analysis of gold—following the market is the best trading strategy, and fundamentals are all deceptive.",2025-04-13T03:50:56Z,2026-10-01T13:27:22.470939+00:00,1,0,,eef92f6c8ed322ce5f2a44c0bfcbc574c9847ba71a0d9c33b2ecf009c9d2d45a,Ugz9bwzqkfG448Co5ol4AaABAg,youtube-data-api-v3/commentThreads.list,,7HD5ZG2MmeQ,"Gold Trading Strategy Explained - SMC, Supply and demand, liquidity xauusd trade breakdown",The Trading Academy,,
youtube,The Trading Academy,7HD5ZG2MmeQ,https://www.youtube.com/watch?v=7HD5ZG2MmeQ,UgzGfFk08EcvouIL7KZ4AaABAg,What does double break mean?,2026-05-23T10:55:26Z,2026-10-01T13:27:22.470939+00:00,1,0,,0cfaad069765a5d53cd7d8f707291567ef5c70754f93f4a08176dd79d3bf01a1,,youtube-data-api-v3/commentThreads.list,,7HD5ZG2MmeQ,"Gold Trading Strategy Explained - SMC, Supply and demand, liquidity xauusd trade breakdown",The Trading Academy,,
youtube,The Trading Academy,7HD5ZG2MmeQ,https://www.youtube.com/watch?v=7HD5ZG2MmeQ,Ugx5EkZwv5Rei4KX7WJ4AaABAg,"You think you have found the key, the market changes the lock the very next day",2026-08-02T07:54:08Z,2026-10-01T13:27:22.470939+00:00,1,0,,c1dc81c8b6c1023b43a6016c65950a45b4051c44de0d1c235ea218765767fb4e,,youtube-data-api-v3/commentThreads.list,,7HD5ZG2MmeQ,"Gold Trading Strategy Explained - SMC, Supply and demand, liquidity xauusd trade breakdown",The Trading Academy,,
youtube,The Trading Academy,7HD5ZG2MmeQ,https://www.youtube.com/watch?v=7HD5ZG2MmeQ,UgwrTrTM1Ru052iBcWh4AaABAg,CAN YOU HIGHLIGHT TIMEFRAMES,2024-09-12T14:43:57Z,2026-10-01T13:27:22.470939+00:00,0,0,,8b92f6beb535d2b0cd24074be4cfebd378eb93b7afead0800b1f1c8693a3573e,,youtube-data-api-v3/commentThreads.list,,7HD5ZG2MmeQ,"Gold Trading Strategy Explained - SMC, Supply and demand, liquidity xauusd trade breakdown",The Trading Academy,,
youtube,The Trading Academy,7HD5ZG2MmeQ,https://www.youtube.com/watch?v=7HD5ZG2MmeQ,UgzoJKhDf0Oz-roInwd4AaABAg,On which minute of graph ?,2025-11-21T23:19:41Z,2026-10-01T13:27:22.470939+00:00,1,0,,ec71f44fed3757eeb77e17e208a1f80818a06905e72bfedf2c6d02e1ed578356,,youtube-data-api-v3/commentThreads.list,,7HD5ZG2MmeQ,"Gold Trading Strategy Explained - SMC, Supply and demand, liquidity xauusd trade breakdown",The Trading Academy,,
youtube,The Trading Academy,7HD5ZG2MmeQ,https://www.youtube.com/watch?v=7HD5ZG2MmeQ,UgxyfRIPW7mKo-m1q-x4AaABAg,At what time frame? This will work,2025-10-06T03:54:38Z,2026-10-01T13:27:22.470939+00:00,1,0,,ac9902c182fc4428fbb9da21c11e33810967f50ff03ff70cf3a74c09202ff138,,youtube-data-api-v3/commentThreads.list,,7HD5ZG2MmeQ,"Gold Trading Strategy Explained - SMC, Supply and demand, liquidity xauusd trade breakdown",The Trading Academy,,
youtube,The Trading Academy,7HD5ZG2MmeQ,https://www.youtube.com/watch?v=7HD5ZG2MmeQ,Ugx9h2X4lSusZrJpgsZ4AaABAg,"You try this kind of stop loss, you’re dead in less than 10 seconds, you’ll know how fast gold is,",2026-09-12T16:27:58Z,2026-10-01T13:27:22.470939+00:00,1,0,,5b88a2024d9988622c064d48b59d692d53b87a49247bdf4bfc53e0e68c17b8de,,youtube-data-api-v3/commentThreads.list,,7HD5ZG2MmeQ,"Gold Trading Strategy Explained - SMC, Supply and demand, liquidity xauusd trade breakdown",The Trading Academy,,
youtube,The Trading Academy,7HD5ZG2MmeQ,https://www.youtube.com/watch?v=7HD5ZG2MmeQ,UgyemIZIalSeMH5Aa4B4AaABAg,"Getting oriented before diving into trading is crucial, especially for newcomers. I lost money in the beginning because I didn’t have the right knowledge or strategy. Everything changed after I found a course that taught me how to trade with discipline and proper risk management. $220k profit, and there’s still more profit to come next month.",2026-09-03T07:52:51Z,2026-10-01T13:27:22.470939+00:00,1,0,,a819192ae9790b817f27852b6b9db600e9059e733f01fecc01250697ca816ec6,,youtube-data-api-v3/commentThreads.list,,7HD5ZG2MmeQ,"Gold Trading Strategy Explained - SMC, Supply and demand, liquidity xauusd trade breakdown",The Trading Academy,,
youtube,The Trading Academy,7HD5ZG2MmeQ,https://www.youtube.com/watch?v=7HD5ZG2MmeQ,UgzlWtojcuG8xz5XR_d4AaABAg,Gold hunts SL,2026-03-08T14:37:24Z,2026-10-01T13:27:22.470939+00:00,1,0,,b8d75d48c7ea16cb0d71ffb34f7b9dc93ad93fe596f28fed9068f75ac5fd4c99,,youtube-data-api-v3/commentThreads.list,,7HD5ZG2MmeQ,"Gold Trading Strategy Explained - SMC, Supply and demand, liquidity xauusd trade breakdown",The Trading Academy,,
youtube,The Trading Academy,7HD5ZG2MmeQ,https://www.youtube.com/watch?v=7HD5ZG2MmeQ,Ugz4ekd74wLSwqodqkJ4AaABAg,💯,2026-07-14T06:24:35Z,2026-10-01T13:27:22.470939+00:00,1,0,,1f8ff8bf29f793ef0cedf57428e9e64a8d85ed686b363f633992467d3a1f975f,,youtube-data-api-v3/commentThreads.list,,7HD5ZG2MmeQ,"Gold Trading Strategy Explained - SMC, Supply and demand, liquidity xauusd trade breakdown",The Trading Academy,,
youtube,The Trading Academy,7HD5ZG2MmeQ,https://www.youtube.com/watch?v=7HD5ZG2MmeQ,UgykzYO9m9ntmWimKIl4AaABAg,"I love watching these vids to humour myself, please don’t listen to this",2026-03-15T15:36:08Z,2026-10-01T13:27:22.470939+00:00,1,0,,6c07823bb87b9ba6850c26cbf703f72bef8c6f972d58f719de3dd0dac17a55bc,,youtube-data-api-v3/commentThreads.list,,7HD5ZG2MmeQ,"Gold Trading Strategy Explained - SMC, Supply and demand, liquidity xauusd trade breakdown",The Trading Academy,,
youtube,The Trading Academy,7HD5ZG2MmeQ,https://www.youtube.com/watch?v=7HD5ZG2MmeQ,UgxvLPx4rj9Upi_drcp4AaABAg,What timeframe is this in?,2025-05-11T19:10:55Z,2026-10-01T13:27:22.470939+00:00,1,0,,3dfa9a8b086b2bbb6a8756c309ffcbde86d6b6d14087d28468e8979672304f9c,,youtube-data-api-v3/commentThreads.list,,7HD5ZG2MmeQ,"Gold Trading Strategy Explained - SMC, Supply and demand, liquidity xauusd trade breakdown",The Trading Academy,,
youtube,The Trading Academy,7HD5ZG2MmeQ,https://www.youtube.com/watch?v=7HD5ZG2MmeQ,Ugz1Im1U_M-q_2dqOTN4AaABAg,Thanks,2026-07-13T07:43:05Z,2026-10-01T13:27:22.470939+00:00,1,0,,cf263e3e36c73741ab0b997b407b077a0a6730a2c2cb88033e53c7bdbf72123c,,youtube-data-api-v3/commentThreads.list,,7HD5ZG2MmeQ,"Gold Trading Strategy Explained - SMC, Supply and demand, liquidity xauusd trade breakdown",The Trading Academy,,
youtube,The Trading Academy,7HD5ZG2MmeQ,https://www.youtube.com/watch?v=7HD5ZG2MmeQ,UgyITxqTxtRc9TULF1F4AaABAg,Really,2026-01-05T03:18:42Z,2026-10-01T13:27:22.470939+00:00,1,0,,b4d70db515bc478fe9f068fadc9265fe3da9046170ce51341ad82fa5ad08136f,,youtube-data-api-v3/commentThreads.list,,7HD5ZG2MmeQ,"Gold Trading Strategy Explained - SMC, Supply and demand, liquidity xauusd trade breakdown",The Trading Academy,,
youtube,The Trading Academy,7HD5ZG2MmeQ,https://www.youtube.com/watch?v=7HD5ZG2MmeQ,UgzUdTmThiFMJDM76mB4AaABAg,which session is works fine..? London session  or NY session..?,2025-04-10T12:48:52Z,2026-10-01T13:27:22.470939+00:00,0,0,,402b9a5c76e732bba4f9f500c452ec5c0742fd33b6e55721beb0e602f2560c12,,youtube-data-api-v3/commentThreads.list,,7HD5ZG2MmeQ,"Gold Trading Strategy Explained - SMC, Supply and demand, liquidity xauusd trade breakdown",The Trading Academy,,
youtube,The Trading Academy,7HD5ZG2MmeQ,https://www.youtube.com/watch?v=7HD5ZG2MmeQ,UgzSwZgu_PHf_FADuQp4AaABAg,On which Timeframe?,2025-04-15T06:11:27Z,2026-10-01T13:27:22.470939+00:00,0,0,,29c49b7d8305628b8b4fa5e1fc071bd74732055f1544b7e8013e91f8d24ad83b,,youtube-data-api-v3/commentThreads.list,,7HD5ZG2MmeQ,"Gold Trading Strategy Explained - SMC, Supply and demand, liquidity xauusd trade breakdown",The Trading Academy,,
youtube,The Trading Academy,7HD5ZG2MmeQ,https://www.youtube.com/watch?v=7HD5ZG2MmeQ,Ugxug1XOyZWX935PWHh4AaABAg,Timeframe?,2025-04-09T03:02:37Z,2026-10-01T13:27:22.470939+00:00,1,0,,9bc48c35677f3d0407e8f1212c4bf368f5002b0ae5f676da03fa09fef82a3a09,,youtube-data-api-v3/commentThreads.list,,7HD5ZG2MmeQ,"Gold Trading Strategy Explained - SMC, Supply and demand, liquidity xauusd trade breakdown",The Trading Academy,,
youtube,The Trading Academy,7HD5ZG2MmeQ,https://www.youtube.com/watch?v=7HD5ZG2MmeQ,UgxPJbhJ-SRKafX5V9l4AaABAg,❤,2026-08-30T11:14:42Z,2026-10-01T13:27:22.470939+00:00,1,0,,6c113e017904d4a13187840d22b931ef6db7c266aabd694884df3547a8036763,,youtube-data-api-v3/commentThreads.list,,7HD5ZG2MmeQ,"Gold Trading Strategy Explained - SMC, Supply and demand, liquidity xauusd trade breakdown",The Trading Academy,,
youtube,The Trading Academy,7HD5ZG2MmeQ,https://www.youtube.com/watch?v=7HD5ZG2MmeQ,Ugy29oTKP4FTKbSeont4AaABAg,❤ Live and in person,2026-09-26T15:00:32Z,2026-10-01T13:27:22.470939+00:00,0,0,,c5672fd7d02d9e94f21794dd37ffa76dd9adb9baffa97dd68fa5bb8046516b18,,youtube-data-api-v3/commentThreads.list,,7HD5ZG2MmeQ,"Gold Trading Strategy Explained - SMC, Supply and demand, liquidity xauusd trade breakdown",The Trading Academy,,
youtube,The Trading Academy,7HD5ZG2MmeQ,https://www.youtube.com/watch?v=7HD5ZG2MmeQ,UgzygqExN4VJ8AyGmpB4AaABAg,perfect,2026-05-10T06:42:40Z,2026-10-01T13:27:22.470939+00:00,1,0,,7dfea5775947ba7065f3b7967e27903f35905c40f49bfaf490efe0ddb52c43d1,,youtube-data-api-v3/commentThreads.list,,7HD5ZG2MmeQ,"Gold Trading Strategy Explained - SMC, Supply and demand, liquidity xauusd trade breakdown",The Trading Academy,,
youtube,The Trading Academy,7HD5ZG2MmeQ,https://www.youtube.com/watch?v=7HD5ZG2MmeQ,Ugziz9882aQtDb14cGZ4AaABAg,"I have a doubt, what do you mean by clean area of demand? Is it that has not been touched ?",2025-03-18T16:15:30Z,2026-10-01T13:27:22.470939+00:00,6,4,,0783540505da91f96fe25d2a4df3a303f0cae78b6b315b3c4a2f7f849f90ed18,,youtube-data-api-v3/commentThreads.list,,7HD5ZG2MmeQ,"Gold Trading Strategy Explained - SMC, Supply and demand, liquidity xauusd trade breakdown",The Trading Academy,,
youtube,The Trading Academy,7HD5ZG2MmeQ,https://www.youtube.com/watch?v=7HD5ZG2MmeQ,Ugziz9882aQtDb14cGZ4AaABAg.AFoiLOm261eAGd2maY8t3d,"Hello, dear",2025-04-08T00:03:21Z,2026-10-01T13:27:22.470939+00:00,0,0,,e35d79d6f1907a7bd4f5a3da619600f7a3a00f4980e4d451beb55f1335749574,Ugziz9882aQtDb14cGZ4AaABAg,youtube-data-api-v3/commentThreads.list,,7HD5ZG2MmeQ,"Gold Trading Strategy Explained - SMC, Supply and demand, liquidity xauusd trade breakdown",The Trading Academy,,
youtube,The Trading Academy,7HD5ZG2MmeQ,https://www.youtube.com/watch?v=7HD5ZG2MmeQ,Ugziz9882aQtDb14cGZ4AaABAg.AFoiLOm261eAGd2qwPLO4U,Can you believe that I made $37k today,2025-04-08T00:03:57Z,2026-10-01T13:27:22.470939+00:00,0,0,,e35d79d6f1907a7bd4f5a3da619600f7a3a00f4980e4d451beb55f1335749574,Ugziz9882aQtDb14cGZ4AaABAg,youtube-data-api-v3/commentThreads.list,,7HD5ZG2MmeQ,"Gold Trading Strategy Explained - SMC, Supply and demand, liquidity xauusd trade breakdown",The Trading Academy,,
youtube,The Trading Academy,7HD5ZG2MmeQ,https://www.youtube.com/watch?v=7HD5ZG2MmeQ,Ugziz9882aQtDb14cGZ4AaABAg.AFoiLOm261eAHZIoWTYmxt,@MondayOtah xd,2025-05-01T00:18:37Z,2026-10-01T13:27:22.470939+00:00,0,0,,54ee53c3445fe4760ced7cbd7d31c037d751bcc5320664b84c2bc5d9719e5a39,Ugziz9882aQtDb14cGZ4AaABAg,youtube-data-api-v3/commentThreads.list,,7HD5ZG2MmeQ,"Gold Trading Strategy Explained - SMC, Supply and demand, liquidity xauusd trade breakdown",The Trading Academy,,
youtube,The Trading Academy,7HD5ZG2MmeQ,https://www.youtube.com/watch?v=7HD5ZG2MmeQ,Ugziz9882aQtDb14cGZ4AaABAg.AFoiLOm261eAKBtHkwK-Fy,⁠@MondayOtahcan you teach me?,2025-07-05T11:38:28Z,2026-10-01T13:27:22.470939+00:00,0,0,,3782182d1da7692f8b9f72d12d6e2c3eff2a102d0776c99c0222f562c23c713e,Ugziz9882aQtDb14cGZ4AaABAg,youtube-data-api-v3/commentThreads.list,,7HD5ZG2MmeQ,"Gold Trading Strategy Explained - SMC, Supply and demand, liquidity xauusd trade breakdown",The Trading Academy,,
youtube,The Trading Academy,7HD5ZG2MmeQ,https://www.youtube.com/watch?v=7HD5ZG2MmeQ,UgwRHI67v0CqlTKogop4AaABAg,Instantly hits sl,2025-04-18T09:02:29Z,2026-10-01T13:27:22.470939+00:00,0,0,,150ed6069e22ec5cc3cb2b6b901b094c001c5702dd24692a041a742d4accb843,,youtube-data-api-v3/commentThreads.list,,7HD5ZG2MmeQ,"Gold Trading Strategy Explained - SMC, Supply and demand, liquidity xauusd trade breakdown",The Trading Academy,,
youtube,The Trading Academy,7HD5ZG2MmeQ,https://www.youtube.com/watch?v=7HD5ZG2MmeQ,UgwYcYQwLlr9on8fjQF4AaABAg,I myanmar thanks yig,2025-08-24T01:26:17Z,2026-10-01T13:27:22.470939+00:00,0,0,,d81b8449a836406a80f5daf39c1216eb2875d7abe36d9c75aff7f9638871cab7,,youtube-data-api-v3/commentThreads.list,,7HD5ZG2MmeQ,"Gold Trading Strategy Explained - SMC, Supply and demand, liquidity xauusd trade breakdown",The Trading Academy,,
youtube,The Trading Academy,7HD5ZG2MmeQ,https://www.youtube.com/watch?v=7HD5ZG2MmeQ,UgzW6A-nkWyg27355sp4AaABAg,Probability is very low,2024-12-24T13:35:09Z,2026-10-01T13:27:22.470939+00:00,1,0,,93d9d83e91a52ae43e08445eaabb1f32b92cc575bf258d58ecdd6ce4650f8383,,youtube-data-api-v3/commentThreads.list,,7HD5ZG2MmeQ,"Gold Trading Strategy Explained - SMC, Supply and demand, liquidity xauusd trade breakdown",The Trading Academy,,
youtube,The Trading Academy,7HD5ZG2MmeQ,https://www.youtube.com/watch?v=7HD5ZG2MmeQ,Ugxq6j2-kpDbfrwcjXV4AaABAg,Always mention time frame,2025-12-25T00:20:44Z,2026-10-01T13:27:22.470939+00:00,7,1,,94e7ee3e03eb5df4f6f3841881e781d96978e61757278e992c30525c64511b94,,youtube-data-api-v3/commentThreads.list,,7HD5ZG2MmeQ,"Gold Trading Strategy Explained - SMC, Supply and demand, liquidity xauusd trade breakdown",The Trading Academy,,
youtube,The Trading Academy,7HD5ZG2MmeQ,https://www.youtube.com/watch?v=7HD5ZG2MmeQ,Ugxq6j2-kpDbfrwcjXV4AaABAg.AR88FB06ekjAa_LDjudkJp,"Like ehh, I don't understand why they won't include the time frame",2026-09-10T12:26:48Z,2026-10-01T13:27:22.470939+00:00,0,0,,2939096f808da51ef2903edce36a2a20e441397d5cb7c37aff70d42510e867a4,Ugxq6j2-kpDbfrwcjXV4AaABAg,youtube-data-api-v3/commentThreads.list,,7HD5ZG2MmeQ,"Gold Trading Strategy Explained - SMC, Supply and demand, liquidity xauusd trade breakdown",The Trading Academy,,
youtube,The Trading Academy,7HD5ZG2MmeQ,https://www.youtube.com/watch?v=7HD5ZG2MmeQ,UgxAsvGE1OQ9QwstPCN4AaABAg,1M or 5M or 15M,2025-04-08T09:52:46Z,2026-10-01T13:27:22.470939+00:00,0,0,,94fc3c78e1d76db2e9ba75ef491a2a4d584dcd8846e56c03228916ff76f6fb4c,,youtube-data-api-v3/commentThreads.list,,7HD5ZG2MmeQ,"Gold Trading Strategy Explained - SMC, Supply and demand, liquidity xauusd trade breakdown",The Trading Academy,,
youtube,The Trading Academy,7HD5ZG2MmeQ,https://www.youtube.com/watch?v=7HD5ZG2MmeQ,UgwQf3-U3J0UtOVFTYx4AaABAg,https://youtube.com/shorts/dK3nI9dnfSM?si=1HvhIgTfOksSIMa4,2026-08-01T09:09:13Z,2026-10-01T13:27:22.470939+00:00,1,0,,9dba848f65018698ec8317b0ba0ee72b0b7f61a5667f32a5d5212947f75ef516,,youtube-data-api-v3/commentThreads.list,,7HD5ZG2MmeQ,"Gold Trading Strategy Explained - SMC, Supply and demand, liquidity xauusd trade breakdown",The Trading Academy,,
youtube,The Trading Academy,7HD5ZG2MmeQ,https://www.youtube.com/watch?v=7HD5ZG2MmeQ,UgywqQ-U0GcFkoKp29d4AaABAg,which Time frame?,2025-01-26T08:48:39Z,2026-10-01T13:27:22.470939+00:00,7,2,,de0b53a64ea755abab2ccba59dbfd3ccb7242e940f37b30d4e5868572499240a,,youtube-data-api-v3/commentThreads.list,,7HD5ZG2MmeQ,"Gold Trading Strategy Explained - SMC, Supply and demand, liquidity xauusd trade breakdown",The Trading Academy,,
youtube,The Trading Academy,7HD5ZG2MmeQ,https://www.youtube.com/watch?v=7HD5ZG2MmeQ,UgywqQ-U0GcFkoKp29d4AaABAg.ADkaev9cHvcAE9_mosnQx4,1 min 5 min,2025-02-05T11:01:14Z,2026-10-01T13:27:22.470939+00:00,1,0,,89febe6663d5313d2c830fe75cc3d981d4a430f3e9aa70a27ff2a34305d57e78,UgywqQ-U0GcFkoKp29d4AaABAg,youtube-data-api-v3/commentThreads.list,,7HD5ZG2MmeQ,"Gold Trading Strategy Explained - SMC, Supply and demand, liquidity xauusd trade breakdown",The Trading Academy,,
youtube,The Trading Academy,7HD5ZG2MmeQ,https://www.youtube.com/watch?v=7HD5ZG2MmeQ,UgywqQ-U0GcFkoKp29d4AaABAg.ADkaev9cHvcAGqKlznMAut,"Spot gold will rise to $3000. I specialize in technical analysis of gold—following the market is the best trading strategy, and fundamentals are all deceptive.",2025-04-13T03:50:41Z,2026-10-01T13:27:22.470939+00:00,0,0,,eef92f6c8ed322ce5f2a44c0bfcbc574c9847ba71a0d9c33b2ecf009c9d2d45a,UgywqQ-U0GcFkoKp29d4AaABAg,youtube-data-api-v3/commentThreads.list,,7HD5ZG2MmeQ,"Gold Trading Strategy Explained - SMC, Supply and demand, liquidity xauusd trade breakdown",The Trading Academy,,
youtube,The Trading Academy,7HD5ZG2MmeQ,https://www.youtube.com/watch?v=7HD5ZG2MmeQ,Ugy9i9GIeB2Dpq5No8J4AaABAg,How to identify demand,2024-09-12T05:08:18Z,2026-10-01T13:27:22.470939+00:00,0,1,,a1408cc4abfe79e1d39e454a7a24e5e7c9b5ee9152d92ded8c46d540c7d2d265,,youtube-data-api-v3/commentThreads.list,,7HD5ZG2MmeQ,"Gold Trading Strategy Explained - SMC, Supply and demand, liquidity xauusd trade breakdown",The Trading Academy,,
youtube,The Trading Academy,7HD5ZG2MmeQ,https://www.youtube.com/watch?v=7HD5ZG2MmeQ,Ugwla7Qp-fH2FA_WvGt4AaABAg,"Hello,  which broker can I trade gold though MT5 in the US?",2025-04-17T20:14:47Z,2026-10-01T13:27:22.470939+00:00,0,1,,5d3123ff9dbc32d4a0e1ba9d31fd5529195e51b15d63ad424bb5da6665b3e2c4,,youtube-data-api-v3/commentThreads.list,,7HD5ZG2MmeQ,"Gold Trading Strategy Explained - SMC, Supply and demand, liquidity xauusd trade breakdown",The Trading Academy,,
youtube,The Trading Academy,7HD5ZG2MmeQ,https://www.youtube.com/watch?v=7HD5ZG2MmeQ,Ugwla7Qp-fH2FA_WvGt4AaABAg.AH1O_D3215qAPS1qNXq7XB,i am using tmgm. actually good,2025-11-13T00:46:48Z,2026-10-01T13:27:22.470939+00:00,0,0,,31f72e3fa96f5909e00ed389c52f0e46b955a7bd4575542d99c7322af6608d07,Ugwla7Qp-fH2FA_WvGt4AaABAg,youtube-data-api-v3/commentThreads.list,,7HD5ZG2MmeQ,"Gold Trading Strategy Explained - SMC, Supply and demand, liquidity xauusd trade breakdown",The Trading Academy,,
youtube,The Trading Academy,7HD5ZG2MmeQ,https://www.youtube.com/watch?v=7HD5ZG2MmeQ,UgwBb_MUkxqbR5TiodN4AaABAg,You're super striking 😊,2024-09-12T15:52:32Z,2026-10-01T13:27:22.470939+00:00,0,1,,dce14c775a7672d65323c5849f9936ce6edb3d4354104c26063a0b0252954d19,,youtube-data-api-v3/commentThreads.list,,7HD5ZG2MmeQ,"Gold Trading Strategy Explained - SMC, Supply and demand, liquidity xauusd trade breakdown",The Trading Academy,,
youtube,The Trading Academy,7HD5ZG2MmeQ,https://www.youtube.com/watch?v=7HD5ZG2MmeQ,Ugxe174lAIooAjuJFJd4AaABAg,"How to define area of demand , which candle to choose",2026-06-12T04:08:28Z,2026-10-01T13:27:22.470939+00:00,0,1,,09819689ae67420ed4fde831a8c3b9e4be200ec4bdcbf2107f8cb72963cbab2c,,youtube-data-api-v3/commentThreads.list,,7HD5ZG2MmeQ,"Gold Trading Strategy Explained - SMC, Supply and demand, liquidity xauusd trade breakdown",The Trading Academy,,
youtube,The Trading Academy,7HD5ZG2MmeQ,https://www.youtube.com/watch?v=7HD5ZG2MmeQ,Ugxe174lAIooAjuJFJd4AaABAg.AXwhe7PdrNxAYK7f3FU-Ro,First candle before a big move which is usually a doji candle,2026-06-21T15:46:18Z,2026-10-01T13:27:22.470939+00:00,0,0,,ee15de22747dd6ef84044468d769a584fb42486d62a8f659a80582d4dc2033c5,Ugxe174lAIooAjuJFJd4AaABAg,youtube-data-api-v3/commentThreads.list,,7HD5ZG2MmeQ,"Gold Trading Strategy Explained - SMC, Supply and demand, liquidity xauusd trade breakdown",The Trading Academy,,
youtube,The Trading Academy,7HD5ZG2MmeQ,https://www.youtube.com/watch?v=7HD5ZG2MmeQ,UgwiXZN-9Mkg0uujLLp4AaABAg,Which time frame do you use bro,2024-09-11T11:27:16Z,2026-10-01T13:27:22.470939+00:00,1,2,,61ce2e586ff110ae95a9ee08496a2573309ae5ebb1e5009f38e8a2c7e607077f,,youtube-data-api-v3/commentThreads.list,,7HD5ZG2MmeQ,"Gold Trading Strategy Explained - SMC, Supply and demand, liquidity xauusd trade breakdown",The Trading Academy,,
youtube,The Trading Academy,7HD5ZG2MmeQ,https://www.youtube.com/watch?v=7HD5ZG2MmeQ,UgwiXZN-9Mkg0uujLLp4AaABAg.A8F6ul-WERHA8GyVfW3Bet,🙏 thanks,2024-09-12T04:43:32Z,2026-10-01T13:27:22.470939+00:00,0,0,,ed32444657191786f6d5dbfe3758dd49c9cc0bf2e2ca9ae391634fb1b86a8682,UgwiXZN-9Mkg0uujLLp4AaABAg,youtube-data-api-v3/commentThreads.list,,7HD5ZG2MmeQ,"Gold Trading Strategy Explained - SMC, Supply and demand, liquidity xauusd trade breakdown",The Trading Academy,,
youtube,The Trading Academy,7HD5ZG2MmeQ,https://www.youtube.com/watch?v=7HD5ZG2MmeQ,UgxGoo0Mc40VTi596iR4AaABAg,What time frame are you using?,2025-06-04T11:44:59Z,2026-10-01T13:27:22.470939+00:00,0,1,,d92be86faf3902785d24003fcf04383b2aa9537fc1b7a3bf9f135e43713fb934,,youtube-data-api-v3/commentThreads.list,,7HD5ZG2MmeQ,"Gold Trading Strategy Explained - SMC, Supply and demand, liquidity xauusd trade breakdown",The Trading Academy,,
youtube,The Trading Academy,7HD5ZG2MmeQ,https://www.youtube.com/watch?v=7HD5ZG2MmeQ,UgxGoo0Mc40VTi596iR4AaABAg.AIx4OHyOaBEAJH3qvqFrx6,1 or 5 minutes,2025-06-12T15:24:20Z,2026-10-01T13:27:22.470939+00:00,0,0,,08ac502cf111df54246553da6a1b44cfa949c2c3ca1585d372c6fab58083ac35,UgxGoo0Mc40VTi596iR4AaABAg,youtube-data-api-v3/commentThreads.list,,7HD5ZG2MmeQ,"Gold Trading Strategy Explained - SMC, Supply and demand, liquidity xauusd trade breakdown",The Trading Academy,,
youtube,The Trading Academy,7HD5ZG2MmeQ,https://www.youtube.com/watch?v=7HD5ZG2MmeQ,UgyF6v1nXWeNfiXi6QZ4AaABAg,https://youtu.be/seFza39di1w?si=q-szVLeSt66WYk-Y Gold Updates 8 April,2025-04-08T09:57:49Z,2026-10-01T13:27:22.470939+00:00,0,0,,3bfc9d40be1fa6e120030cc4eb4de53eeb4bc09f176f0cf192e40dfc544dd5b1,,youtube-data-api-v3/commentThreads.list,,7HD5ZG2MmeQ,"Gold Trading Strategy Explained - SMC, Supply and demand, liquidity xauusd trade breakdown",The Trading Academy,,
youtube,The Trading Academy,7HD5ZG2MmeQ,https://www.youtube.com/watch?v=7HD5ZG2MmeQ,UgzPenPuhJB27b0YP614AaABAg,"No one is telling the truth about market that’s for sure , I know many things that no one is telling anywhere.",2025-07-17T04:10:16Z,2026-10-01T13:27:22.470939+00:00,1,2,,79f325f4a9f12d29c9bbf21f43fe2520175cc73de4e8c5a6124ac77c9c569c67,,youtube-data-api-v3/commentThreads.list,,7HD5ZG2MmeQ,"Gold Trading Strategy Explained - SMC, Supply and demand, liquidity xauusd trade breakdown",The Trading Academy,,
youtube,The Trading Academy,7HD5ZG2MmeQ,https://www.youtube.com/watch?v=7HD5ZG2MmeQ,UgzPenPuhJB27b0YP614AaABAg.AKezXW2MDFPAMAUb51E7hp,What you know bro?,2025-08-23T15:37:36Z,2026-10-01T13:27:22.470939+00:00,0,0,,83c5a03281bada29638764c790b615f558824e3e7f32c81dc6931c40e4b94fe9,UgzPenPuhJB27b0YP614AaABAg,youtube-data-api-v3/commentThreads.list,,7HD5ZG2MmeQ,"Gold Trading Strategy Explained - SMC, Supply and demand, liquidity xauusd trade breakdown",The Trading Academy,,
youtube,The Trading Academy,7HD5ZG2MmeQ,https://www.youtube.com/watch?v=7HD5ZG2MmeQ,UgzPenPuhJB27b0YP614AaABAg.AKezXW2MDFPANT4PCKu_wC,wat you know we are asking you,2025-09-24T17:25:37Z,2026-10-01T13:27:22.470939+00:00,0,0,,515376489110eaf29a93e0cfa6fb8feb326d59a78ce86f459137b52a7595d30d,UgzPenPuhJB27b0YP614AaABAg,youtube-data-api-v3/commentThreads.list,,7HD5ZG2MmeQ,"Gold Trading Strategy Explained - SMC, Supply and demand, liquidity xauusd trade breakdown",The Trading Academy,,
youtube,The Trading Academy,7HD5ZG2MmeQ,https://www.youtube.com/watch?v=7HD5ZG2MmeQ,UgwgCzVRzbhRp1ik9994AaABAg,"Timeframe, please?",2024-09-11T15:35:26Z,2026-10-01T13:27:22.470939+00:00,0,2,,bc39463bdbcde70a7eb2a640a9f2a80505cf812fcff6d4e19176228ad351da38,,youtube-data-api-v3/commentThreads.list,,7HD5ZG2MmeQ,"Gold Trading Strategy Explained - SMC, Supply and demand, liquidity xauusd trade breakdown",The Trading Academy,,
youtube,The Trading Academy,7HD5ZG2MmeQ,https://www.youtube.com/watch?v=7HD5ZG2MmeQ,UgwgCzVRzbhRp1ik9994AaABAg.A8FZJPZWqCWA8G04a9k7TA,"@TheTradingAcademy Thank you! BTW, will gold go down or up if we face a great recession, please?",2024-09-11T19:46:49Z,2026-10-01T13:27:22.470939+00:00,0,0,,bc39463bdbcde70a7eb2a640a9f2a80505cf812fcff6d4e19176228ad351da38,UgwgCzVRzbhRp1ik9994AaABAg,youtube-data-api-v3/commentThreads.list,,7HD5ZG2MmeQ,"Gold Trading Strategy Explained - SMC, Supply and demand, liquidity xauusd trade breakdown",The Trading Academy,,
youtube,The Trading Academy,7HD5ZG2MmeQ,https://www.youtube.com/watch?v=7HD5ZG2MmeQ,UgwC1moC3V4Da5cpLvN4AaABAg,Guru..just placed a stop loss of 160 pips… 😂😂😂,2025-03-25T07:52:37Z,2026-10-01T13:27:22.470939+00:00,1,3,,48c5439ea083e1dcadce9cfdd7dfc09d26e369437fe46ed2499885cb885c1515,,youtube-data-api-v3/commentThreads.list,,7HD5ZG2MmeQ,"Gold Trading Strategy Explained - SMC, Supply and demand, liquidity xauusd trade breakdown",The Trading Academy,,
youtube,The Trading Academy,7HD5ZG2MmeQ,https://www.youtube.com/watch?v=7HD5ZG2MmeQ,UgwC1moC3V4Da5cpLvN4AaABAg.AG4qMJjgcwjAGd31dXc8PC,Hello dear,2025-04-08T00:05:33Z,2026-10-01T13:27:22.470939+00:00,0,0,,e35d79d6f1907a7bd4f5a3da619600f7a3a00f4980e4d451beb55f1335749574,UgwC1moC3V4Da5cpLvN4AaABAg,youtube-data-api-v3/commentThreads.list,,7HD5ZG2MmeQ,"Gold Trading Strategy Explained - SMC, Supply and demand, liquidity xauusd trade breakdown",The Trading Academy,,
youtube,The Trading Academy,7HD5ZG2MmeQ,https://www.youtube.com/watch?v=7HD5ZG2MmeQ,UgwC1moC3V4Da5cpLvN4AaABAg.AG4qMJjgcwjAGqKprE2u24,"Spot gold will rise to $3000. I specialize in technical analysis of gold—following the market is the best trading strategy, and fundamentals are all deceptive.",2025-04-13T03:51:13Z,2026-10-01T13:27:22.470939+00:00,0,0,,eef92f6c8ed322ce5f2a44c0bfcbc574c9847ba71a0d9c33b2ecf009c9d2d45a,UgwC1moC3V4Da5cpLvN4AaABAg,youtube-data-api-v3/commentThreads.list,,7HD5ZG2MmeQ,"Gold Trading Strategy Explained - SMC, Supply and demand, liquidity xauusd trade breakdown",The Trading Academy,,
youtube,The Trading Academy,7HD5ZG2MmeQ,https://www.youtube.com/watch?v=7HD5ZG2MmeQ,UgwC1moC3V4Da5cpLvN4AaABAg.AG4qMJjgcwjAHXewnERJMG,Pips stop loss doesn't matter. It’s your rr & % risk newbie,2025-04-30T09:02:15Z,2026-10-01T13:27:22.470939+00:00,0,0,,bc899694df8f96b05ed8dae4960e55f0944cd685e7e538c19dfa31ea2be77b75,UgwC1moC3V4Da5cpLvN4AaABAg,youtube-data-api-v3/commentThreads.list,,7HD5ZG2MmeQ,"Gold Trading Strategy Explained - SMC, Supply and demand, liquidity xauusd trade breakdown",The Trading Academy,,
youtube,The Trading Academy,7HD5ZG2MmeQ,https://www.youtube.com/watch?v=7HD5ZG2MmeQ,UgwQdfh9mct6ydqSCo94AaABAg,Lol loads of bs,2024-09-12T18:08:33Z,2026-10-01T13:27:22.470939+00:00,3,0,,7e5941138b0ba4f6755309864a10fbe87897d840c7e0b1cc766670e48e8e07d5,,youtube-data-api-v3/commentThreads.list,,7HD5ZG2MmeQ,"Gold Trading Strategy Explained - SMC, Supply and demand, liquidity xauusd trade breakdown",The Trading Academy,,
youtube,The Trading Academy,7HD5ZG2MmeQ,https://www.youtube.com/watch?v=7HD5ZG2MmeQ,UgxoWoDIrI2o9s3piwh4AaABAg,"Profit bhi kitna ayega,jyada se jyada 10 dollar😂",2026-05-29T03:35:11Z,2026-10-01T13:27:22.470939+00:00,0,0,,63535896ebfef3a1bf8152d4ac010b0af40c04acc6f11c9d9821e8f5ddb17c1b,,youtube-data-api-v3/commentThreads.list,,7HD5ZG2MmeQ,"Gold Trading Strategy Explained - SMC, Supply and demand, liquidity xauusd trade breakdown",The Trading Academy,,
youtube,The Trading Academy,7HD5ZG2MmeQ,https://www.youtube.com/watch?v=7HD5ZG2MmeQ,UgyJdifKHm-rKO9BNOh4AaABAg,"Please Fabio, what is a double break?",2025-03-03T12:46:14Z,2026-10-01T13:27:22.470939+00:00,1,0,,a3b59d2f64962f2f5e05f3b48882b1bbb15d95d237853c5c50c43002b817c24e,,youtube-data-api-v3/commentThreads.list,,7HD5ZG2MmeQ,"Gold Trading Strategy Explained - SMC, Supply and demand, liquidity xauusd trade breakdown",The Trading Academy,,
youtube,The Trading Academy,7HD5ZG2MmeQ,https://www.youtube.com/watch?v=7HD5ZG2MmeQ,Ugx2NyAOx_BfJc_aXGV4AaABAg,That’s a bad entry and stop placement,2024-09-11T17:33:12Z,2026-10-01T13:27:22.470939+00:00,1,2,,b50e9f9fc3e2c2d0cdf7c991eb4ea96440233be230c51bac90591bec54de80b5,,youtube-data-api-v3/commentThreads.list,,7HD5ZG2MmeQ,"Gold Trading Strategy Explained - SMC, Supply and demand, liquidity xauusd trade breakdown",The Trading Academy,,
youtube,The Trading Academy,7HD5ZG2MmeQ,https://www.youtube.com/watch?v=7HD5ZG2MmeQ,Ugx2NyAOx_BfJc_aXGV4AaABAg.A8Fln-MbqkQA8Kq8HziWkh,Fr real ?,2024-09-13T16:47:24Z,2026-10-01T13:27:22.470939+00:00,0,0,,4a3a958506472f5de269f2d914dfcc5d49d9d9e05251ebfa0a10fccd2c329f8d,Ugx2NyAOx_BfJc_aXGV4AaABAg,youtube-data-api-v3/commentThreads.list,,7HD5ZG2MmeQ,"Gold Trading Strategy Explained - SMC, Supply and demand, liquidity xauusd trade breakdown",The Trading Academy,,
youtube,The Trading Academy,7HD5ZG2MmeQ,https://www.youtube.com/watch?v=7HD5ZG2MmeQ,Ugx2NyAOx_BfJc_aXGV4AaABAg.A8Fln-MbqkQABjplJP2gU0,@coldwater6949Yhh,2024-12-07T08:38:34Z,2026-10-01T13:27:22.470939+00:00,0,0,,8096da9f0425bb327880d744257abc8008cfbcb2161e45cae58b736f7984ca3c,Ugx2NyAOx_BfJc_aXGV4AaABAg,youtube-data-api-v3/commentThreads.list,,7HD5ZG2MmeQ,"Gold Trading Strategy Explained - SMC, Supply and demand, liquidity xauusd trade breakdown",The Trading Academy,,
youtube,The Trading Academy,7HD5ZG2MmeQ,https://www.youtube.com/watch?v=7HD5ZG2MmeQ,Ugznu7ogJnIxKMo6nsl4AaABAg,I tried this and now I am broke,2026-09-25T18:21:39Z,2026-10-01T13:27:22.470939+00:00,0,0,,e00db3b64158f433929fd14f255401a8027bc14abcc92ab06c7085cd941e9b19,,youtube-data-api-v3/commentThreads.list,,7HD5ZG2MmeQ,"Gold Trading Strategy Explained - SMC, Supply and demand, liquidity xauusd trade breakdown",The Trading Academy,,
youtube,The Trading Academy,7HD5ZG2MmeQ,https://www.youtube.com/watch?v=7HD5ZG2MmeQ,UgzDrsFUe1bhuS7e06F4AaABAg,I don't understand,2025-08-17T08:34:14Z,2026-10-01T13:27:22.470939+00:00,0,1,,2be1e68bbb4043b251b352605d676624d30fe4dc0f09acb019425d87d730bf09,,youtube-data-api-v3/commentThreads.list,,7HD5ZG2MmeQ,"Gold Trading Strategy Explained - SMC, Supply and demand, liquidity xauusd trade breakdown",The Trading Academy,,
youtube,The Trading Academy,7HD5ZG2MmeQ,https://www.youtube.com/watch?v=7HD5ZG2MmeQ,UgzDrsFUe1bhuS7e06F4AaABAg.ALvHNx6-xbFAPS1jAkMbE0,for the trading？,2025-11-13T00:45:49Z,2026-10-01T13:27:22.470939+00:00,0,0,,31f72e3fa96f5909e00ed389c52f0e46b955a7bd4575542d99c7322af6608d07,UgzDrsFUe1bhuS7e06F4AaABAg,youtube-data-api-v3/commentThreads.list,,7HD5ZG2MmeQ,"Gold Trading Strategy Explained - SMC, Supply and demand, liquidity xauusd trade breakdown",The Trading Academy,,
youtube,The Trading Academy,7HD5ZG2MmeQ,https://www.youtube.com/watch?v=7HD5ZG2MmeQ,UgwMOLLdp8ot5823BfJ4AaABAg,😂😂😂,2025-03-25T16:58:16Z,2026-10-01T13:27:22.470939+00:00,0,0,,b0dde2b24240e05929c007e10ebc06bc2f44ba545b8a28187129b5267a5126f0,,youtube-data-api-v3/commentThreads.list,,7HD5ZG2MmeQ,"Gold Trading Strategy Explained - SMC, Supply and demand, liquidity xauusd trade breakdown",The Trading Academy,,
youtube,The Trading Academy,7HD5ZG2MmeQ,https://www.youtube.com/watch?v=7HD5ZG2MmeQ,Ugyh1Opxb9C0WfZbdSZ4AaABAg,This is replays,2026-07-19T00:39:29Z,2026-10-01T13:27:22.470939+00:00,0,0,,f4bb1726f7ed549f834fc38d2a060e20205e78480bdb6ce016766302913eb096,,youtube-data-api-v3/commentThreads.list,,7HD5ZG2MmeQ,"Gold Trading Strategy Explained - SMC, Supply and demand, liquidity xauusd trade breakdown",The Trading Academy,,
youtube,The Trading Academy,7HD5ZG2MmeQ,https://www.youtube.com/watch?v=7HD5ZG2MmeQ,UgwZOsIs1B2N3fB9J2N4AaABAg,Just use a trading bot,2026-01-21T17:54:31Z,2026-10-01T13:27:22.470939+00:00,0,0,,de7d92ba00037ba55c09089cc9e317f92e2d94fc00f704662f2f00eb1368df64,,youtube-data-api-v3/commentThreads.list,,7HD5ZG2MmeQ,"Gold Trading Strategy Explained - SMC, Supply and demand, liquidity xauusd trade breakdown",The Trading Academy,,
youtube,The Trading Academy,7HD5ZG2MmeQ,https://www.youtube.com/watch?v=7HD5ZG2MmeQ,Ugw9MciUPASaEYAFYOx4AaABAg,Your are confused,2025-01-26T13:45:20Z,2026-10-01T13:27:22.470939+00:00,1,0,,95a889b10828a72ef5b965dedeb92b2fc01bd464472a71bab6402f51b5ef4f85,,youtube-data-api-v3/commentThreads.list,,7HD5ZG2MmeQ,"Gold Trading Strategy Explained - SMC, Supply and demand, liquidity xauusd trade breakdown",The Trading Academy,,
youtube,The Trading Academy,7HD5ZG2MmeQ,https://www.youtube.com/watch?v=7HD5ZG2MmeQ,UgyF-uvim9rz6a7q5O54AaABAg,"I don't understand with this example, look at that green candle next on choch signal, the green candle is inside bar from the big red candle near it (bcause the green day not taking low or high from that big red candle), so i would say that's impulsive move, not corrective move sir",2025-01-25T09:44:59Z,2026-10-01T13:27:22.470939+00:00,0,0,,d09a43de69780d3fad5f9ddd0bccd3d47f7dac9c19a26313e24b976623121812,,youtube-data-api-v3/commentThreads.list,,7HD5ZG2MmeQ,"Gold Trading Strategy Explained - SMC, Supply and demand, liquidity xauusd trade breakdown",The Trading Academy,,
youtube,The Trading Academy,7HD5ZG2MmeQ,https://www.youtube.com/watch?v=7HD5ZG2MmeQ,UgxcOsvuL1lDx27lzR54AaABAg,can you tell me what is change of character high?,2024-12-07T17:30:16Z,2026-10-01T13:27:22.470939+00:00,0,1,,8fc85910b2e977f76681612c2c67d4762692f364a7e97af938cbbe81e5d135ca,,youtube-data-api-v3/commentThreads.list,,7HD5ZG2MmeQ,"Gold Trading Strategy Explained - SMC, Supply and demand, liquidity xauusd trade breakdown",The Trading Academy,,
youtube,The Trading Academy,7HD5ZG2MmeQ,https://www.youtube.com/watch?v=7HD5ZG2MmeQ,UgxcOsvuL1lDx27lzR54AaABAg.ABkmbb-xZCsABkml59nYBt,and how would decide in which dierction to open trade. i meean up or down,2024-12-07T17:31:34Z,2026-10-01T13:27:22.470939+00:00,0,0,,8fc85910b2e977f76681612c2c67d4762692f364a7e97af938cbbe81e5d135ca,UgxcOsvuL1lDx27lzR54AaABAg,youtube-data-api-v3/commentThreads.list,,7HD5ZG2MmeQ,"Gold Trading Strategy Explained - SMC, Supply and demand, liquidity xauusd trade breakdown",The Trading Academy,,
youtube,The Trading Academy,7HD5ZG2MmeQ,https://www.youtube.com/watch?v=7HD5ZG2MmeQ,UgyBmhflxLKFJW_uaFd4AaABAg,Risky,2026-03-02T10:29:14Z,2026-10-01T13:27:22.470939+00:00,0,0,,caa9c5c59522540fb149643982c47d4bb58e82ef7cfbaa059f7b5603a94e92e9,,youtube-data-api-v3/commentThreads.list,,7HD5ZG2MmeQ,"Gold Trading Strategy Explained - SMC, Supply and demand, liquidity xauusd trade breakdown",The Trading Academy,,
youtube,The Trading Academy,7HD5ZG2MmeQ,https://www.youtube.com/watch?v=7HD5ZG2MmeQ,UgwhkpME0M3HhzoCZIh4AaABAg,This is silly,2026-02-23T19:24:03Z,2026-10-01T13:27:22.470939+00:00,0,0,,6e0a1a7b89d7cc0428ae769e8b32d0332573d5d9827d32c6b463a33137afe5f6,,youtube-data-api-v3/commentThreads.list,,7HD5ZG2MmeQ,"Gold Trading Strategy Explained - SMC, Supply and demand, liquidity xauusd trade breakdown",The Trading Academy,,
youtube,The Trading Academy,7HD5ZG2MmeQ,https://www.youtube.com/watch?v=7HD5ZG2MmeQ,Ugykfr_5eF0-kiM9mdJ4AaABAg,This guy chats shit,2025-02-14T23:45:00Z,2026-10-01T13:27:22.470939+00:00,0,0,,e33f339e0c79375804a386d93815e4386cff901095943ae4c9dcd211f3d9f7b4,,youtube-data-api-v3/commentThreads.list,,7HD5ZG2MmeQ,"Gold Trading Strategy Explained - SMC, Supply and demand, liquidity xauusd trade breakdown",The Trading Academy,,
youtube,The Trading Academy,7HD5ZG2MmeQ,https://www.youtube.com/watch?v=7HD5ZG2MmeQ,Ugza3NDPkMnizCyUx3F4AaABAg,Patched,2026-03-18T05:22:27Z,2026-10-01T13:27:22.470939+00:00,0,0,,c188b0eb6a7cdbb70e155bbeacaed58899930c805bf9527c27da0c4a4fca29cc,,youtube-data-api-v3/commentThreads.list,,7HD5ZG2MmeQ,"Gold Trading Strategy Explained - SMC, Supply and demand, liquidity xauusd trade breakdown",The Trading Academy,,
youtube,The Trading Academy,7HD5ZG2MmeQ,https://www.youtube.com/watch?v=7HD5ZG2MmeQ,UgyuizC_cwlAtybvnm14AaABAg,Follow this and you'll keep wiping your account,2025-07-30T04:26:13Z,2026-10-01T13:27:22.470939+00:00,0,0,,25a8439f5e6a808ac19fbbea48a0d3e1db8d6993bbbbe69cd6b6133056ad9d96,,youtube-data-api-v3/commentThreads.list,,7HD5ZG2MmeQ,"Gold Trading Strategy Explained - SMC, Supply and demand, liquidity xauusd trade breakdown",The Trading Academy,,
youtube,The Trading Academy,7HD5ZG2MmeQ,https://www.youtube.com/watch?v=7HD5ZG2MmeQ,Ugy-xO9otCjDnKhDCgt4AaABAg,Bullshit,2026-07-22T08:52:58Z,2026-10-01T13:27:22.471948+00:00,0,0,,c3920579d25b8194363183d6ed68cd49255e41cd2378e8558eeaaeb40c94863f,,youtube-data-api-v3/commentThreads.list,,7HD5ZG2MmeQ,"Gold Trading Strategy Explained - SMC, Supply and demand, liquidity xauusd trade breakdown",The Trading Academy,,
youtube,The Trading Academy,7HD5ZG2MmeQ,https://www.youtube.com/watch?v=7HD5ZG2MmeQ,Ugy7sVorYWbIBMn5ut54AaABAg,For the noobs. This is PURE BS!!,2025-11-15T04:38:06Z,2026-10-01T13:27:22.471948+00:00,0,0,,695fa05f69021cbfb8e1a63587ccb49e9bd37ad1aef5c5813372344be8167fd1,,youtube-data-api-v3/commentThreads.list,,7HD5ZG2MmeQ,"Gold Trading Strategy Explained - SMC, Supply and demand, liquidity xauusd trade breakdown",The Trading Academy,,
youtube,The Trading Academy,7HD5ZG2MmeQ,https://www.youtube.com/watch?v=7HD5ZG2MmeQ,Ugz5azOEufFmGxxr1BV4AaABAg,Thats a very taught ful tutorial,2026-06-10T23:26:14Z,2026-10-01T13:27:22.471948+00:00,0,0,,2ed72248bdbd21c70897a2506bbda42b977a9ab1484fbfc10e728c63c9366748,,youtube-data-api-v3/commentThreads.list,,7HD5ZG2MmeQ,"Gold Trading Strategy Explained - SMC, Supply and demand, liquidity xauusd trade breakdown",The Trading Academy,,
youtube,The Trading Academy,7HD5ZG2MmeQ,https://www.youtube.com/watch?v=7HD5ZG2MmeQ,UgzKCEZMyhNslhjm-gx4AaABAg,📊📈📉,2026-06-19T02:44:39Z,2026-10-01T13:27:22.471948+00:00,1,0,,ac845aef3e6cdcf960472484820caf8c46efd2b0973acbbe6d4cead71e8deecc,,youtube-data-api-v3/commentThreads.list,,7HD5ZG2MmeQ,"Gold Trading Strategy Explained - SMC, Supply and demand, liquidity xauusd trade breakdown",The Trading Academy,,
youtube,The Trading Academy,7HD5ZG2MmeQ,https://www.youtube.com/watch?v=7HD5ZG2MmeQ,Ugwdwusq6eTEKpv6qx14AaABAg,"https://youtube.com/shorts/7HD5ZG2MmeQ?is=coz9KOS4tgE9j1Wg 

Same shit different outcome 💀💀💀🤡🤡🤡",2026-08-23T18:34:16Z,2026-10-01T13:27:22.471948+00:00,0,0,,dedf80a0d1dacf843679e5808aaa17f06fed4381c3f8c4f7e8fc2ed9149b8d40,,youtube-data-api-v3/commentThreads.list,,7HD5ZG2MmeQ,"Gold Trading Strategy Explained - SMC, Supply and demand, liquidity xauusd trade breakdown",The Trading Academy,,
youtube,The Trading Academy,7HD5ZG2MmeQ,https://www.youtube.com/watch?v=7HD5ZG2MmeQ,Ugzbp8E6xlj-PA50kAt4AaABAg,Timeframe?,2026-05-19T02:38:44Z,2026-10-01T13:27:22.471948+00:00,0,0,,ef1a3d5f1f5c09a3a88711acb40d168a4896935ac43eb25038452e45a9331cba,,youtube-data-api-v3/commentThreads.list,,7HD5ZG2MmeQ,"Gold Trading Strategy Explained - SMC, Supply and demand, liquidity xauusd trade breakdown",The Trading Academy,,
