platform,channel_or_account,content_id,content_url,comment_id,comment_text,comment_timestamp,collected_at,engagement_likes,reply_count,language,author_hash,parent_comment_id,source_actor,source_run_id,video_id,video_title,video_channel,video_views,video_comments
youtube,VasilyTrader,lfQ5v950YX8,https://www.youtube.com/watch?v=lfQ5v950YX8,UgzWhSYGA2u6AAe471N4AaABAg.AINtaaJx8UpAINw8oINwme,Yes bro.keep them coming.thanks,2025-05-21T10:51:34Z,2026-10-01T13:26:35.760749+00:00,0,0,,cdfcdac4576a6985f8f95b64d6fba8b15db8888756b7308a8fb6d8cc507e8361,UgzWhSYGA2u6AAe471N4AaABAg,youtube-data-api-v3/commentThreads.list,,lfQ5v950YX8,Gold Price Action Analysis Explained Step By Step. Best Strategy to Analyse XAUUSD Forex Trading,VasilyTrader,,
youtube,VasilyTrader,lfQ5v950YX8,https://www.youtube.com/watch?v=lfQ5v950YX8,UgzWhSYGA2u6AAe471N4AaABAg.AINtaaJx8UpAINwsOPygqM,Yes sure,2025-05-21T10:57:55Z,2026-10-01T13:26:35.760749+00:00,0,0,,2e329afd044aeabbb106fbe937964a4a5e5c14e8756f3712effb4c2d89ff60f4,UgzWhSYGA2u6AAe471N4AaABAg,youtube-data-api-v3/commentThreads.list,,lfQ5v950YX8,Gold Price Action Analysis Explained Step By Step. Best Strategy to Analyse XAUUSD Forex Trading,VasilyTrader,,
youtube,VasilyTrader,lfQ5v950YX8,https://www.youtube.com/watch?v=lfQ5v950YX8,UgzWhSYGA2u6AAe471N4AaABAg.AINtaaJx8UpAIOV4yyJa0Z,Yes,2025-05-21T16:05:37Z,2026-10-01T13:26:35.760749+00:00,0,0,,f7827b37bea3ea78fc5890543355939f800401429cdc548250b3b1a2f2bc4995,UgzWhSYGA2u6AAe471N4AaABAg,youtube-data-api-v3/commentThreads.list,,lfQ5v950YX8,Gold Price Action Analysis Explained Step By Step. Best Strategy to Analyse XAUUSD Forex Trading,VasilyTrader,,
youtube,VasilyTrader,lfQ5v950YX8,https://www.youtube.com/watch?v=lfQ5v950YX8,UgzWhSYGA2u6AAe471N4AaABAg.AINtaaJx8UpAIO_oFL845_,Yes sir. Pls,2025-05-21T16:55:37Z,2026-10-01T13:26:35.760749+00:00,0,0,,fa9013b7aa2d34d8add431152f2676b357d89aa2ec417b9361733c344d1f3774,UgzWhSYGA2u6AAe471N4AaABAg,youtube-data-api-v3/commentThreads.list,,lfQ5v950YX8,Gold Price Action Analysis Explained Step By Step. Best Strategy to Analyse XAUUSD Forex Trading,VasilyTrader,,
youtube,VasilyTrader,lfQ5v950YX8,https://www.youtube.com/watch?v=lfQ5v950YX8,Ugxd9SZ-rEInBBN3ZS14AaABAg,Watching this video now. Very helpful,2026-05-12T09:55:16Z,2026-10-01T13:26:35.760749+00:00,1,1,,3091707ede0b68a192495f167b0be5ffee6b712efa7935992db3979b65173a95,,youtube-data-api-v3/commentThreads.list,,lfQ5v950YX8,Gold Price Action Analysis Explained Step By Step. Best Strategy to Analyse XAUUSD Forex Trading,VasilyTrader,,
youtube,VasilyTrader,lfQ5v950YX8,https://www.youtube.com/watch?v=lfQ5v950YX8,UgxdolUT0zUFHtngyXR4AaABAg,Love this vas simple and clear much love from Kenya 💪,2025-05-21T18:19:45Z,2026-10-01T13:26:35.760749+00:00,0,1,,9fa5ef0bb8909ca5bb2a189582b2ac808ff6a585a3279e8684a9d9da0bd667a2,,youtube-data-api-v3/commentThreads.list,,lfQ5v950YX8,Gold Price Action Analysis Explained Step By Step. Best Strategy to Analyse XAUUSD Forex Trading,VasilyTrader,,
youtube,VasilyTrader,lfQ5v950YX8,https://www.youtube.com/watch?v=lfQ5v950YX8,UgwkJN45xFVa8kUg_jt4AaABAg,Sir Am Your first viewer 😊,2025-05-21T10:29:38Z,2026-10-01T13:26:35.760749+00:00,2,1,,0625670e7d1eb5ee68b13a92334a6a45608fc4d4c4f4dc0895852bd91ce19fb4,,youtube-data-api-v3/commentThreads.list,,lfQ5v950YX8,Gold Price Action Analysis Explained Step By Step. Best Strategy to Analyse XAUUSD Forex Trading,VasilyTrader,,
youtube,VasilyTrader,lfQ5v950YX8,https://www.youtube.com/watch?v=lfQ5v950YX8,UgxA5qRYKdlY1YvFUyx4AaABAg,Love This One ❤,2025-05-21T10:31:03Z,2026-10-01T13:26:35.760749+00:00,2,1,,0625670e7d1eb5ee68b13a92334a6a45608fc4d4c4f4dc0895852bd91ce19fb4,,youtube-data-api-v3/commentThreads.list,,lfQ5v950YX8,Gold Price Action Analysis Explained Step By Step. Best Strategy to Analyse XAUUSD Forex Trading,VasilyTrader,,
youtube,VasilyTrader,lfQ5v950YX8,https://www.youtube.com/watch?v=lfQ5v950YX8,Ugw6Ol1F5hOLp-yW5Pd4AaABAg,Love from India ❤,2025-05-24T17:35:50Z,2026-10-01T13:26:35.760749+00:00,0,1,,68f4bd5ef0438a5b3861ef9d575f2bb2539f018e90fc2f8d169e0de5508c2e2e,,youtube-data-api-v3/commentThreads.list,,lfQ5v950YX8,Gold Price Action Analysis Explained Step By Step. Best Strategy to Analyse XAUUSD Forex Trading,VasilyTrader,,
youtube,VasilyTrader,lfQ5v950YX8,https://www.youtube.com/watch?v=lfQ5v950YX8,UgzkIiAImdmowChMjbZ4AaABAg,Thank you so much sir,2025-05-21T10:38:14Z,2026-10-01T13:26:35.760749+00:00,0,1,,fa9013b7aa2d34d8add431152f2676b357d89aa2ec417b9361733c344d1f3774,,youtube-data-api-v3/commentThreads.list,,lfQ5v950YX8,Gold Price Action Analysis Explained Step By Step. Best Strategy to Analyse XAUUSD Forex Trading,VasilyTrader,,
youtube,VasilyTrader,lfQ5v950YX8,https://www.youtube.com/watch?v=lfQ5v950YX8,UgyCo4ImInjUV5nIX3h4AaABAg,This is very helpful,2025-05-24T10:50:38Z,2026-10-01T13:26:35.760749+00:00,1,1,,ae67a5862803ec1562845eea86752066950b6bc62fdcafbf5e67702bb60fc2b1,,youtube-data-api-v3/commentThreads.list,,lfQ5v950YX8,Gold Price Action Analysis Explained Step By Step. Best Strategy to Analyse XAUUSD Forex Trading,VasilyTrader,,
youtube,VasilyTrader,lfQ5v950YX8,https://www.youtube.com/watch?v=lfQ5v950YX8,UgxWVFTxd_CrWZbbqqJ4AaABAg,Very nice,2025-05-29T15:15:12Z,2026-10-01T13:26:35.760749+00:00,0,1,,fa160283ff2dd8465fda8599b1129ce148a97e2038c297cbbc6ca55aae58a893,,youtube-data-api-v3/commentThreads.list,,lfQ5v950YX8,Gold Price Action Analysis Explained Step By Step. Best Strategy to Analyse XAUUSD Forex Trading,VasilyTrader,,
youtube,VasilyTrader,lfQ5v950YX8,https://www.youtube.com/watch?v=lfQ5v950YX8,UgzdvFjuw-dQ8_uI5FJ4AaABAg,Lets Continue study in gold,2025-05-25T16:55:31Z,2026-10-01T13:26:35.760749+00:00,0,1,,cebf2cabb4f54ded974e9b5c3ede9da6a1a72d850ce92a326d5b368f52902dcc,,youtube-data-api-v3/commentThreads.list,,lfQ5v950YX8,Gold Price Action Analysis Explained Step By Step. Best Strategy to Analyse XAUUSD Forex Trading,VasilyTrader,,
youtube,VasilyTrader,lfQ5v950YX8,https://www.youtube.com/watch?v=lfQ5v950YX8,UgxsNuahYnAMF0E02gp4AaABAg,Contunue,2025-05-25T17:58:42Z,2026-10-01T13:26:35.760749+00:00,0,1,,cebf2cabb4f54ded974e9b5c3ede9da6a1a72d850ce92a326d5b368f52902dcc,,youtube-data-api-v3/commentThreads.list,,lfQ5v950YX8,Gold Price Action Analysis Explained Step By Step. Best Strategy to Analyse XAUUSD Forex Trading,VasilyTrader,,
youtube,TradingLab,0L6Rcgp6j7Y,https://www.youtube.com/watch?v=0L6Rcgp6j7Y,Ugw-ShZiNePHvqkk13B4AaABAg,"I started crypto trading in 2021, but by 2022, I had lost a lot because I was trading without proper guidance or a structured strategy. I eventually stepped away. In early 2025, I returned with a different mindset focused on market structure, risk management, and discipline. Starting with $10,000, I’ve since grown my portfolio to around $280,000. The biggest difference was learning to trade with a strategy rather than emotions.",2026-09-30T22:25:16Z,2026-10-01T13:26:37.233521+00:00,10,11,,a06773da872c633b53010214590192d2831cf09e2c4975c92b028d220bb61a46,,youtube-data-api-v3/commentThreads.list,,0L6Rcgp6j7Y,Four Price Action Secrets (The Ultimate Guide To Price Action),TradingLab,,
youtube,TradingLab,0L6Rcgp6j7Y,https://www.youtube.com/watch?v=0L6Rcgp6j7Y,Ugw-ShZiNePHvqkk13B4AaABAg.AbOubVSjWNWAbOum8OdaUp,"That kind of discipline is hard to build alone. Did you work this out yourself, or did someone actually sit you down and show you how?",2026-09-30T22:26:43Z,2026-10-01T13:26:37.233521+00:00,5,0,,640656054cd3c6b81fc08e97aa23e4ef57903daf4b7702c193c264c1f6ef44da,Ugw-ShZiNePHvqkk13B4AaABAg,youtube-data-api-v3/commentThreads.list,,0L6Rcgp6j7Y,Four Price Action Secrets (The Ultimate Guide To Price Action),TradingLab,,
youtube,TradingLab,0L6Rcgp6j7Y,https://www.youtube.com/watch?v=0L6Rcgp6j7Y,Ugw-ShZiNePHvqkk13B4AaABAg.AbOubVSjWNWAbOuqk6a8iC,"I had to learn the hard way for sure!  Honestly, everything got better once I stopped winging it and just stayed focused. Having someone who actually knows what they're doing to watch my back changed the game. I’ve been following the strategy from Paul Mallon. His patience and the way he reads the charts is what actually helped me stay consistent.",2026-09-30T22:27:20Z,2026-10-01T13:26:37.233521+00:00,4,0,,a06773da872c633b53010214590192d2831cf09e2c4975c92b028d220bb61a46,Ugw-ShZiNePHvqkk13B4AaABAg,youtube-data-api-v3/commentThreads.list,,0L6Rcgp6j7Y,Four Price Action Secrets (The Ultimate Guide To Price Action),TradingLab,,
youtube,TradingLab,0L6Rcgp6j7Y,https://www.youtube.com/watch?v=0L6Rcgp6j7Y,Ugw-ShZiNePHvqkk13B4AaABAg.AbOubVSjWNWAbOvCHHiuU5,"Where can I actually find his teaching is it on a channel, a group, or somewhere else?",2026-09-30T22:30:25Z,2026-10-01T13:26:37.233521+00:00,3,0,,8c42c34fdb85f348e5b45818afd0f8a5c134cc3f3d63c539b397171d4e8df3aa,Ugw-ShZiNePHvqkk13B4AaABAg,youtube-data-api-v3/commentThreads.list,,0L6Rcgp6j7Y,Four Price Action Secrets (The Ultimate Guide To Price Action),TradingLab,,
youtube,TradingLab,0L6Rcgp6j7Y,https://www.youtube.com/watch?v=0L6Rcgp6j7Y,Ugw-ShZiNePHvqkk13B4AaABAg.AbOubVSjWNWAbOvHnLhEsm,He's mostly on     Te     Le    Gr   Am        [mallonpaul],2026-09-30T22:31:10Z,2026-10-01T13:26:37.233521+00:00,1,0,,a06773da872c633b53010214590192d2831cf09e2c4975c92b028d220bb61a46,Ugw-ShZiNePHvqkk13B4AaABAg,youtube-data-api-v3/commentThreads.list,,0L6Rcgp6j7Y,Four Price Action Secrets (The Ultimate Guide To Price Action),TradingLab,,
youtube,TradingLab,0L6Rcgp6j7Y,https://www.youtube.com/watch?v=0L6Rcgp6j7Y,Ugw-ShZiNePHvqkk13B4AaABAg.AbOubVSjWNWAbOvNVCuK6A,He's mostly on,2026-09-30T22:31:57Z,2026-10-01T13:26:37.233521+00:00,4,0,,a06773da872c633b53010214590192d2831cf09e2c4975c92b028d220bb61a46,Ugw-ShZiNePHvqkk13B4AaABAg,youtube-data-api-v3/commentThreads.list,,0L6Rcgp6j7Y,Four Price Action Secrets (The Ultimate Guide To Price Action),TradingLab,,
youtube,TradingLab,0L6Rcgp6j7Y,https://www.youtube.com/watch?v=0L6Rcgp6j7Y,Ugx7j0k0IDlbErEKRvt4AaABAg,"Definitely will take this video into consideration, never knew what a Fibonacci was until now. Thanks for this!",2023-05-04T12:57:08Z,2026-10-01T13:26:37.233521+00:00,4,1,,2813568a8f948c7aa7e9bbe6c5f32b8d2fae7e5ce6180ccfc35517f6db8c25bb,,youtube-data-api-v3/commentThreads.list,,0L6Rcgp6j7Y,Four Price Action Secrets (The Ultimate Guide To Price Action),TradingLab,,
youtube,TradingLab,0L6Rcgp6j7Y,https://www.youtube.com/watch?v=0L6Rcgp6j7Y,Ugx7j0k0IDlbErEKRvt4AaABAg.9pI6v5vGXGRA2Zg8jzNmFR,Feed back?,2024-04-23T08:00:20Z,2026-10-01T13:26:37.233521+00:00,0,0,,ed5c62b375a3ffe070975fbef051553eeea967acd97fc273da28b02ea0367530,Ugx7j0k0IDlbErEKRvt4AaABAg,youtube-data-api-v3/commentThreads.list,,0L6Rcgp6j7Y,Four Price Action Secrets (The Ultimate Guide To Price Action),TradingLab,,
youtube,TradingLab,0L6Rcgp6j7Y,https://www.youtube.com/watch?v=0L6Rcgp6j7Y,UgzbjcFa-xGpqIeGFb54AaABAg,The GREATEST Youtube channel,2022-09-08T18:06:44Z,2026-10-01T13:26:37.233521+00:00,0,0,,2c22023bb6a1c464f2dac26bf8c2c86d6e8e29ddc88642ab60c38f704a9edf2f,,youtube-data-api-v3/commentThreads.list,,0L6Rcgp6j7Y,Four Price Action Secrets (The Ultimate Guide To Price Action),TradingLab,,
youtube,TradingLab,0L6Rcgp6j7Y,https://www.youtube.com/watch?v=0L6Rcgp6j7Y,UgyMfxXVVVNJrb8aC-J4AaABAg,Bro you literally bringing my charting game to max ! All these YouTubers w high subscribers not spilling like this keep it 🆙,2022-04-12T20:21:04Z,2026-10-01T13:26:37.233521+00:00,312,9,,2bbdd6fd1de5891783ce884c149ec1df15d544a0519c68135825757a301ded18,,youtube-data-api-v3/commentThreads.list,,0L6Rcgp6j7Y,Four Price Action Secrets (The Ultimate Guide To Price Action),TradingLab,,
youtube,TradingLab,0L6Rcgp6j7Y,https://www.youtube.com/watch?v=0L6Rcgp6j7Y,UgyMfxXVVVNJrb8aC-J4AaABAg.9_jQ4s9qsW-9fHHXk0jrhd,"Serially good educator. The visuals,  the voice,  the story.  Great job and thank you!",2022-08-28T15:56:45Z,2026-10-01T13:26:37.233521+00:00,7,0,,4429283069e54e16ff9d006be6d641ee4390fc32be6199c10c94cfe38cadea60,UgyMfxXVVVNJrb8aC-J4AaABAg,youtube-data-api-v3/commentThreads.list,,0L6Rcgp6j7Y,Four Price Action Secrets (The Ultimate Guide To Price Action),TradingLab,,
youtube,TradingLab,0L6Rcgp6j7Y,https://www.youtube.com/watch?v=0L6Rcgp6j7Y,UgyMfxXVVVNJrb8aC-J4AaABAg.9_jQ4s9qsW-9gw27Z3mUGu,@TradingLabOfficial thanks for the help but how to add the the mean reversion,2022-10-08T17:41:36Z,2026-10-01T13:26:37.233521+00:00,0,0,,e1637d8fd0e0898879b3c2a15a8ed455a0f33a15efb2df813e13db66c095499c,UgyMfxXVVVNJrb8aC-J4AaABAg,youtube-data-api-v3/commentThreads.list,,0L6Rcgp6j7Y,Four Price Action Secrets (The Ultimate Guide To Price Action),TradingLab,,
youtube,TradingLab,0L6Rcgp6j7Y,https://www.youtube.com/watch?v=0L6Rcgp6j7Y,UgyMfxXVVVNJrb8aC-J4AaABAg.9_jQ4s9qsW-9hhrdbMh27D,@TradingLabOfficial Fr tho,2022-10-28T02:03:17Z,2026-10-01T13:26:37.233521+00:00,0,0,,93b88265ff7cbc34aa8f1afa7f513617b44a426812dd6a3af4264382eb155924,UgyMfxXVVVNJrb8aC-J4AaABAg,youtube-data-api-v3/commentThreads.list,,0L6Rcgp6j7Y,Four Price Action Secrets (The Ultimate Guide To Price Action),TradingLab,,
youtube,TradingLab,0L6Rcgp6j7Y,https://www.youtube.com/watch?v=0L6Rcgp6j7Y,UgyMfxXVVVNJrb8aC-J4AaABAg.9_jQ4s9qsW-9i7qdWblLmW,"Wow, you explain really good and I tried it and it helped me a lot. God Bless",2022-11-07T13:34:01Z,2026-10-01T13:26:37.233521+00:00,2,0,,624bf132032c913b16df5771ef51f11d61c5cf49e61d85d683212cb75bbf0139,UgyMfxXVVVNJrb8aC-J4AaABAg,youtube-data-api-v3/commentThreads.list,,0L6Rcgp6j7Y,Four Price Action Secrets (The Ultimate Guide To Price Action),TradingLab,,
youtube,TradingLab,0L6Rcgp6j7Y,https://www.youtube.com/watch?v=0L6Rcgp6j7Y,Ugz9hhbx1Eyo1_U5gtR4AaABAg,Simple & clear cut. Excellent 👌,2024-01-12T22:44:47Z,2026-10-01T13:26:37.233521+00:00,0,0,,8594384163a382ed7acf5f18800ae6075ef3b58e408d4d998ede01dfcf193644,,youtube-data-api-v3/commentThreads.list,,0L6Rcgp6j7Y,Four Price Action Secrets (The Ultimate Guide To Price Action),TradingLab,,
youtube,TradingLab,0L6Rcgp6j7Y,https://www.youtube.com/watch?v=0L6Rcgp6j7Y,Ugz0b4AJpfVkarbI7GF4AaABAg,I really like the detail you go into. Nobody else on YT explains like you do. Thank you so much.,2022-11-18T15:26:19Z,2026-10-01T13:26:37.233521+00:00,4,1,,357c61da44997c937152485e67d6b43046993824b713dbaf3dd05c6b267a80e9,,youtube-data-api-v3/commentThreads.list,,0L6Rcgp6j7Y,Four Price Action Secrets (The Ultimate Guide To Price Action),TradingLab,,
youtube,TradingLab,0L6Rcgp6j7Y,https://www.youtube.com/watch?v=0L6Rcgp6j7Y,Ugz59Z0hP0Nr13ezs3B4AaABAg,"Very well done video, easily explained and easy to understand",2024-01-18T03:03:17Z,2026-10-01T13:26:37.233521+00:00,0,0,,21cb0a65aee4d5b2652b6f4d2e9769482abb23c70692938dbde2595ac14094ee,,youtube-data-api-v3/commentThreads.list,,0L6Rcgp6j7Y,Four Price Action Secrets (The Ultimate Guide To Price Action),TradingLab,,
youtube,TradingLab,0L6Rcgp6j7Y,https://www.youtube.com/watch?v=0L6Rcgp6j7Y,UgwaTOx1yOs2RvcrCaZ4AaABAg,"Man RHIS IS ONE THE BEST VIDEOS I’VE EVER SEEN. Thank your very much, especially for all your personal tips and for sharing your knowledge. Here a new subscriber from México, tha is again!!",2023-07-03T14:19:38Z,2026-10-01T13:26:37.233521+00:00,2,0,,9c2019d13e6aee41af572af07a82d8f296f1f557e6dc89649a53685c1fb16d20,,youtube-data-api-v3/commentThreads.list,,0L6Rcgp6j7Y,Four Price Action Secrets (The Ultimate Guide To Price Action),TradingLab,,
youtube,TradingLab,0L6Rcgp6j7Y,https://www.youtube.com/watch?v=0L6Rcgp6j7Y,Ugxk-JjMAlYUB3nxCKx4AaABAg,"Saw that double hammer and yep, that was a clear buy sign",2023-05-31T03:45:29Z,2026-10-01T13:26:37.233521+00:00,0,0,,a5237e141f29cedfecb71e85e0d0db49f0ccf03ebf8c73763584cd3e9bca803b,,youtube-data-api-v3/commentThreads.list,,0L6Rcgp6j7Y,Four Price Action Secrets (The Ultimate Guide To Price Action),TradingLab,,
youtube,TradingLab,0L6Rcgp6j7Y,https://www.youtube.com/watch?v=0L6Rcgp6j7Y,UgwSE7xtiwvXcROdiKx4AaABAg,Learning a lot..from India…thanks Gurudev ❤,2024-01-22T00:18:27Z,2026-10-01T13:26:37.233521+00:00,3,1,,7f21cee119974aa419b22efe86983233386d98a15bf2b981f698cdfb43834f13,,youtube-data-api-v3/commentThreads.list,,0L6Rcgp6j7Y,Four Price Action Secrets (The Ultimate Guide To Price Action),TradingLab,,
youtube,TradingLab,0L6Rcgp6j7Y,https://www.youtube.com/watch?v=0L6Rcgp6j7Y,UgwSE7xtiwvXcROdiKx4AaABAg.9zqy9JVwbXIAA60lx-cPe-,😂,2024-10-27T15:43:15Z,2026-10-01T13:26:37.233521+00:00,1,0,,ea9f8ad16b39056c24407bd1df0267cefea655b7387444bd798622370878f332,UgwSE7xtiwvXcROdiKx4AaABAg,youtube-data-api-v3/commentThreads.list,,0L6Rcgp6j7Y,Four Price Action Secrets (The Ultimate Guide To Price Action),TradingLab,,
youtube,TradingLab,0L6Rcgp6j7Y,https://www.youtube.com/watch?v=0L6Rcgp6j7Y,UgxAzTFBRSMDxRQvx2x4AaABAg,"This is amazing, I was studying for a year with other guys and have never understood the price action so quickly and so easily. Thank you 🙏",2023-08-04T18:41:38Z,2026-10-01T13:26:37.233521+00:00,27,3,,5de843696917f56fabc787bf54db0456c174d3e129f81fb0de7e490615f53a81,,youtube-data-api-v3/commentThreads.list,,0L6Rcgp6j7Y,Four Price Action Secrets (The Ultimate Guide To Price Action),TradingLab,,
youtube,TradingLab,0L6Rcgp6j7Y,https://www.youtube.com/watch?v=0L6Rcgp6j7Y,UgxAzTFBRSMDxRQvx2x4AaABAg.9t-cTnO0DAY9tFFm1ykGQ9,"@_Tradinglab47 I will, after my holidays. Thank you",2023-08-10T20:22:24Z,2026-10-01T13:26:37.233521+00:00,0,0,,5de843696917f56fabc787bf54db0456c174d3e129f81fb0de7e490615f53a81,UgxAzTFBRSMDxRQvx2x4AaABAg,youtube-data-api-v3/commentThreads.list,,0L6Rcgp6j7Y,Four Price Action Secrets (The Ultimate Guide To Price Action),TradingLab,,
youtube,TradingLab,0L6Rcgp6j7Y,https://www.youtube.com/watch?v=0L6Rcgp6j7Y,UgxAzTFBRSMDxRQvx2x4AaABAg.9t-cTnO0DAY9vIoYoTphQP,I'm curious how you lasted a year in the stock market?,2023-09-30T22:35:33Z,2026-10-01T13:26:37.233521+00:00,1,0,,f6aa39956725b4facba36f2a7e7e34dd0faaae7aee054fb08abfa2748d25a396,UgxAzTFBRSMDxRQvx2x4AaABAg,youtube-data-api-v3/commentThreads.list,,0L6Rcgp6j7Y,Four Price Action Secrets (The Ultimate Guide To Price Action),TradingLab,,
youtube,TradingLab,0L6Rcgp6j7Y,https://www.youtube.com/watch?v=0L6Rcgp6j7Y,UgxAzTFBRSMDxRQvx2x4AaABAg.9t-cTnO0DAY9yagTbI0GSx,😂😂,2023-12-21T20:04:41Z,2026-10-01T13:26:37.233521+00:00,0,0,,312c652f4842c19fc972425a2522a146c779bb36bc2c6af5492484dece036eda,UgxAzTFBRSMDxRQvx2x4AaABAg,youtube-data-api-v3/commentThreads.list,,0L6Rcgp6j7Y,Four Price Action Secrets (The Ultimate Guide To Price Action),TradingLab,,
youtube,TradingLab,0L6Rcgp6j7Y,https://www.youtube.com/watch?v=0L6Rcgp6j7Y,UgxAftEx8HScRLTTw-l4AaABAg,This video is the holy grail of trading for sure.,2025-04-02T12:22:18Z,2026-10-01T13:26:37.233521+00:00,0,0,,3faf79b041c7dd6f73df0fc64142e370bda834fa68b112902d395fa7f84182f0,,youtube-data-api-v3/commentThreads.list,,0L6Rcgp6j7Y,Four Price Action Secrets (The Ultimate Guide To Price Action),TradingLab,,
youtube,TradingLab,0L6Rcgp6j7Y,https://www.youtube.com/watch?v=0L6Rcgp6j7Y,UgwielekjVsrUDSoAeZ4AaABAg,"Bro, you are AMAZING, with this video and another one you gave me the key of trading. You saved my motivation because I was depressed for not being able to understand trading, btw I've used your technique with Forex trading 🙏🙏🙏 thanks a lot. You won a new subscriber 😎😎💪💪",2022-07-29T15:15:07Z,2026-10-01T13:26:37.233521+00:00,10,2,,5c28a3c590a5c65612d2319206da21c6aa4a4782e71b38a183a11627d44b5da7,,youtube-data-api-v3/commentThreads.list,,0L6Rcgp6j7Y,Four Price Action Secrets (The Ultimate Guide To Price Action),TradingLab,,
youtube,TradingLab,0L6Rcgp6j7Y,https://www.youtube.com/watch?v=0L6Rcgp6j7Y,UgwielekjVsrUDSoAeZ4AaABAg.9e3xv_Ku0tO9e49ktF7b85,@TradingLabOfficial keep going 🙏🙏💪💪,2022-07-29T17:07:15Z,2026-10-01T13:26:37.233521+00:00,0,0,,5c28a3c590a5c65612d2319206da21c6aa4a4782e71b38a183a11627d44b5da7,UgwielekjVsrUDSoAeZ4AaABAg,youtube-data-api-v3/commentThreads.list,,0L6Rcgp6j7Y,Four Price Action Secrets (The Ultimate Guide To Price Action),TradingLab,,
youtube,TradingLab,0L6Rcgp6j7Y,https://www.youtube.com/watch?v=0L6Rcgp6j7Y,UgzcSzu8g0DgoYxevep4AaABAg,Thanks mate. keep the amazing work,2025-05-30T22:19:26Z,2026-10-01T13:26:37.233521+00:00,0,0,,80c6d5f107e757b51ac9f8ef9d306330be55fcfb4ed0110f68e01c2ae3030502,,youtube-data-api-v3/commentThreads.list,,0L6Rcgp6j7Y,Four Price Action Secrets (The Ultimate Guide To Price Action),TradingLab,,
youtube,TradingLab,0L6Rcgp6j7Y,https://www.youtube.com/watch?v=0L6Rcgp6j7Y,UgzFUdzBP8CMrT_5pBx4AaABAg,i'm addicted to your clear and concise videos!  cant thank you enough!,2023-05-04T05:19:31Z,2026-10-01T13:26:37.233521+00:00,20,0,,93fbe428fc7237b3841cb6e08736a1fd2dc0ce6edd3a50b94d53108754d36df9,,youtube-data-api-v3/commentThreads.list,,0L6Rcgp6j7Y,Four Price Action Secrets (The Ultimate Guide To Price Action),TradingLab,,
youtube,TradingLab,0L6Rcgp6j7Y,https://www.youtube.com/watch?v=0L6Rcgp6j7Y,UgygcwmN0iwktgc-reN4AaABAg,Great video and presented of the data!,2024-03-19T22:59:49Z,2026-10-01T13:26:37.233521+00:00,0,0,,54f7941b6e528aa5525ccc975cf12b7ab6c4dd157f604cd28be0ffb533e54cb6,,youtube-data-api-v3/commentThreads.list,,0L6Rcgp6j7Y,Four Price Action Secrets (The Ultimate Guide To Price Action),TradingLab,,
youtube,TradingLab,0L6Rcgp6j7Y,https://www.youtube.com/watch?v=0L6Rcgp6j7Y,Ugwrgaf8bQPlxcz9VlN4AaABAg,"After watching this video, all I could think about is ""I LOVE THIS GUY""😂😂You just make my brain feel good with the way I end up understanding you so easily🔥🔥",2024-04-22T20:21:00Z,2026-10-01T13:26:37.233521+00:00,13,1,,d25253e326d2b2bd6e51b450f55609934ff8470650c0f833b9b2120c1a87675b,,youtube-data-api-v3/commentThreads.list,,0L6Rcgp6j7Y,Four Price Action Secrets (The Ultimate Guide To Price Action),TradingLab,,
youtube,TradingLab,0L6Rcgp6j7Y,https://www.youtube.com/watch?v=0L6Rcgp6j7Y,Ugwrgaf8bQPlxcz9VlN4AaABAg.A2YR6m-498oA2_gTRiZ8AR,Right. This dude is Awesome!,2024-04-23T17:22:23Z,2026-10-01T13:26:37.233521+00:00,1,0,,f0984fa1efda0169b69d3d43894688694bd614a49787ccea8bf9bbcdc75edb51,Ugwrgaf8bQPlxcz9VlN4AaABAg,youtube-data-api-v3/commentThreads.list,,0L6Rcgp6j7Y,Four Price Action Secrets (The Ultimate Guide To Price Action),TradingLab,,
youtube,TradingLab,0L6Rcgp6j7Y,https://www.youtube.com/watch?v=0L6Rcgp6j7Y,UgzvL0lWOFg9wmw4le54AaABAg,Another great video. Thank you!!!,2024-03-18T20:03:10Z,2026-10-01T13:26:37.233521+00:00,0,0,,b1230bbae533cfe44cf305feb0534e4befb94d75e96ed3d300af569ffa1c3b7e,,youtube-data-api-v3/commentThreads.list,,0L6Rcgp6j7Y,Four Price Action Secrets (The Ultimate Guide To Price Action),TradingLab,,
youtube,TradingLab,0L6Rcgp6j7Y,https://www.youtube.com/watch?v=0L6Rcgp6j7Y,UgxRI9XQ9lbjY2hqO-Z4AaABAg,Dude iv learned so much from these videos that are chained together thankkkkkkks man,2023-07-09T08:24:23Z,2026-10-01T13:26:37.233521+00:00,2,0,,8529d468ce785fcef8ae4e18126e0f098fe4a82dcfa8af14153bcaf7ef89268c,,youtube-data-api-v3/commentThreads.list,,0L6Rcgp6j7Y,Four Price Action Secrets (The Ultimate Guide To Price Action),TradingLab,,
youtube,TradingLab,0L6Rcgp6j7Y,https://www.youtube.com/watch?v=0L6Rcgp6j7Y,UgwPSgpWghuOG6_ljbt4AaABAg,another clear explanation.  Thanks!,2024-11-11T16:31:24Z,2026-10-01T13:26:37.233521+00:00,0,0,,ebf52dab049271510d5cf3b1e00260068e0ae1e39e2980dcd0fbf63733f31f55,,youtube-data-api-v3/commentThreads.list,,0L6Rcgp6j7Y,Four Price Action Secrets (The Ultimate Guide To Price Action),TradingLab,,
youtube,TradingLab,0L6Rcgp6j7Y,https://www.youtube.com/watch?v=0L6Rcgp6j7Y,UgzAOyHpkeYG8acFM3R4AaABAg,"Great video! Simple, to the point, and well explained. You have a new follower! Question, what time frame did you use to show all 4 price action ways? Thanks",2024-02-21T13:33:52Z,2026-10-01T13:26:37.233521+00:00,11,2,,b00562252c1fbcd50b3e74501c2b338c4562a57487fc758324cf5d02227f6f49,,youtube-data-api-v3/commentThreads.list,,0L6Rcgp6j7Y,Four Price Action Secrets (The Ultimate Guide To Price Action),TradingLab,,
youtube,TradingLab,0L6Rcgp6j7Y,https://www.youtube.com/watch?v=0L6Rcgp6j7Y,UgzAOyHpkeYG8acFM3R4AaABAg.A04d1UshfzsAKih2MO7xFL,I was wondering the same thing,2025-07-18T14:45:41Z,2026-10-01T13:26:37.233521+00:00,0,0,,3d3497644cc4221a1aa3b7a8b9f812343b6de3848d9bcb89d83629a785967e75,UgzAOyHpkeYG8acFM3R4AaABAg,youtube-data-api-v3/commentThreads.list,,0L6Rcgp6j7Y,Four Price Action Secrets (The Ultimate Guide To Price Action),TradingLab,,
youtube,TradingLab,0L6Rcgp6j7Y,https://www.youtube.com/watch?v=0L6Rcgp6j7Y,UgzAOyHpkeYG8acFM3R4AaABAg.A04d1UshfzsANoQj-9H4_p,Interested,2025-10-03T09:43:59Z,2026-10-01T13:26:37.233521+00:00,0,0,,7e7e006d43b53520cdf8679e6130122e5d7f639214df9f5aba655aabfae9f866,UgzAOyHpkeYG8acFM3R4AaABAg,youtube-data-api-v3/commentThreads.list,,0L6Rcgp6j7Y,Four Price Action Secrets (The Ultimate Guide To Price Action),TradingLab,,
youtube,TradingLab,0L6Rcgp6j7Y,https://www.youtube.com/watch?v=0L6Rcgp6j7Y,UgwfD2Cdc3lkre3KXYd4AaABAg,I think you taught us some secrets of 50 ema in this video❤️,2025-01-09T16:26:56Z,2026-10-01T13:26:37.233521+00:00,0,0,,b7130766e5b1b5a649788945ecc8311f8756707788dcb5d9552d94a8e8422af0,,youtube-data-api-v3/commentThreads.list,,0L6Rcgp6j7Y,Four Price Action Secrets (The Ultimate Guide To Price Action),TradingLab,,
youtube,TradingLab,0L6Rcgp6j7Y,https://www.youtube.com/watch?v=0L6Rcgp6j7Y,UgybKlgBPat6Kv8dQ9h4AaABAg,"Amazing!! Every video I watch is even better than the previous. Which one would you use recommended for scalping?
Thank you sooo much for your work.",2021-11-01T03:24:51Z,2026-10-01T13:26:37.233521+00:00,5,0,,d663ac3fa4e7d46f8df1a6e40d9acd0ba8f7fe0afcc99d40b94334176aa0a824,,youtube-data-api-v3/commentThreads.list,,0L6Rcgp6j7Y,Four Price Action Secrets (The Ultimate Guide To Price Action),TradingLab,,
youtube,TradingLab,0L6Rcgp6j7Y,https://www.youtube.com/watch?v=0L6Rcgp6j7Y,UgyIfR7PNwY_c_BHjGN4AaABAg,Crystal clear explanation.,2024-01-07T21:34:32Z,2026-10-01T13:26:37.233521+00:00,0,0,,1c1c940a6669f934ceef3ac66cd437f3f0575b350a66413cfa7a1015d5a0512e,,youtube-data-api-v3/commentThreads.list,,0L6Rcgp6j7Y,Four Price Action Secrets (The Ultimate Guide To Price Action),TradingLab,,
youtube,TradingLab,0L6Rcgp6j7Y,https://www.youtube.com/watch?v=0L6Rcgp6j7Y,Ugzsn3jY_Cb09DVqzXh4AaABAg,"I'm new to trading, but I'm learning it pretty quickly thanks to guys like you. This kind of education and knowledge is easy to understand and will help myself and many others achieve their trading goals. Simplicity is key.",2026-04-03T17:53:28Z,2026-10-01T13:26:37.233521+00:00,1,1,,5bed28136f22ecdb30b5817084cfea88ffc68db037c0a28e2c61c8e87855acbe,,youtube-data-api-v3/commentThreads.list,,0L6Rcgp6j7Y,Four Price Action Secrets (The Ultimate Guide To Price Action),TradingLab,,
youtube,TradingLab,0L6Rcgp6j7Y,https://www.youtube.com/watch?v=0L6Rcgp6j7Y,Ugzsn3jY_Cb09DVqzXh4AaABAg.AV8wQHuuQ32AbDk7ad7Ioq,good luckk❤,2026-09-26T14:22:01Z,2026-10-01T13:26:37.233521+00:00,0,0,,9ad4b4a415129edca36a7a618bff6c34c5230a465988b1f47d8a5cdc56c117c7,Ugzsn3jY_Cb09DVqzXh4AaABAg,youtube-data-api-v3/commentThreads.list,,0L6Rcgp6j7Y,Four Price Action Secrets (The Ultimate Guide To Price Action),TradingLab,,
youtube,TradingLab,0L6Rcgp6j7Y,https://www.youtube.com/watch?v=0L6Rcgp6j7Y,UgxEolRYkBDARKEPx0t4AaABAg,You deserve way more viewers ! Thank you man !!!,2022-08-08T22:12:52Z,2026-10-01T13:26:37.233521+00:00,3,0,,fcc11c315ea7b6b7395c64382968c3b6642b77a69985a844a3f621b811abf06f,,youtube-data-api-v3/commentThreads.list,,0L6Rcgp6j7Y,Four Price Action Secrets (The Ultimate Guide To Price Action),TradingLab,,
youtube,TradingLab,0L6Rcgp6j7Y,https://www.youtube.com/watch?v=0L6Rcgp6j7Y,UgxuioyTgcc3hC8C0XF4AaABAg,Thanks for such great lesson,2024-12-31T06:16:04Z,2026-10-01T13:26:37.233521+00:00,0,0,,459727e57dd2fe8dbc639f9064ec9491c32920f75ef26d38755aff179923c0cd,,youtube-data-api-v3/commentThreads.list,,0L6Rcgp6j7Y,Four Price Action Secrets (The Ultimate Guide To Price Action),TradingLab,,
youtube,TradingLab,0L6Rcgp6j7Y,https://www.youtube.com/watch?v=0L6Rcgp6j7Y,UgyXu5rtYmy6WV_AYip4AaABAg,I thought i knew how fibo works until you explained it thanx like the way you break it down makes so much more sense than other youtubers.,2023-08-16T05:25:24Z,2026-10-01T13:26:37.233521+00:00,96,1,,6d5468f4d96ffb369bfe354ffaf9f207e0d71b262349b1d1e72b609c0aca9f17,,youtube-data-api-v3/commentThreads.list,,0L6Rcgp6j7Y,Four Price Action Secrets (The Ultimate Guide To Price Action),TradingLab,,
youtube,TradingLab,0L6Rcgp6j7Y,https://www.youtube.com/watch?v=0L6Rcgp6j7Y,UgyXu5rtYmy6WV_AYip4AaABAg.9tT5tQOEOXxA_nvg2D-5Si,I bet you are losing.,2026-08-22T07:52:05Z,2026-10-01T13:26:37.233521+00:00,0,0,,05415d0346ff73385034abc396f897bbb8e1444d4e09a55c9d06b30d1ac2d75a,UgyXu5rtYmy6WV_AYip4AaABAg,youtube-data-api-v3/commentThreads.list,,0L6Rcgp6j7Y,Four Price Action Secrets (The Ultimate Guide To Price Action),TradingLab,,
youtube,TradingLab,0L6Rcgp6j7Y,https://www.youtube.com/watch?v=0L6Rcgp6j7Y,UgwH-h-cXOvvy1Audix4AaABAg,alpha trader blessed me with 90% split and ran the refund back i’m not used to that kinda treatment,2025-08-03T15:17:30Z,2026-10-01T13:26:37.233521+00:00,0,0,,a4c85d23935bbc26c61ce5265e5d3077c53ad5539690ae0aed12d20de3f14f4b,,youtube-data-api-v3/commentThreads.list,,0L6Rcgp6j7Y,Four Price Action Secrets (The Ultimate Guide To Price Action),TradingLab,,
youtube,TradingLab,0L6Rcgp6j7Y,https://www.youtube.com/watch?v=0L6Rcgp6j7Y,UgzA5KG5E-c0alYLMkR4AaABAg,"Was looking to learn the Fibonacci levels, learned it 2 hrs ago applied it up by 4% already, Thanks for info",2021-10-30T02:14:59Z,2026-10-01T13:26:37.233521+00:00,43,2,,b7092b214c93a554947ce023bd8255c11c860401992c83323f236014e6096578,,youtube-data-api-v3/commentThreads.list,,0L6Rcgp6j7Y,Four Price Action Secrets (The Ultimate Guide To Price Action),TradingLab,,
youtube,TradingLab,0L6Rcgp6j7Y,https://www.youtube.com/watch?v=0L6Rcgp6j7Y,UgzA5KG5E-c0alYLMkR4AaABAg.9U6BQiUprGL9a2rUOf9cWl,Where did you learn?,2022-04-20T18:54:01Z,2026-10-01T13:26:37.233521+00:00,2,0,,889c87563d12ca982a90fc870583b466394c10c45f138e0533ecdf3f36bbdec7,UgzA5KG5E-c0alYLMkR4AaABAg,youtube-data-api-v3/commentThreads.list,,0L6Rcgp6j7Y,Four Price Action Secrets (The Ultimate Guide To Price Action),TradingLab,,
youtube,TradingLab,0L6Rcgp6j7Y,https://www.youtube.com/watch?v=0L6Rcgp6j7Y,UgzA5KG5E-c0alYLMkR4AaABAg.9U6BQiUprGLA9wCi4o3CCP,On this video?,2024-10-23T10:55:56Z,2026-10-01T13:26:37.233521+00:00,0,0,,ab1dd2c6eb2f3cb3a36d2a4e0087ac178a8989e2b309d2363e7c9b33f95dbad7,UgzA5KG5E-c0alYLMkR4AaABAg,youtube-data-api-v3/commentThreads.list,,0L6Rcgp6j7Y,Four Price Action Secrets (The Ultimate Guide To Price Action),TradingLab,,
youtube,TradingLab,0L6Rcgp6j7Y,https://www.youtube.com/watch?v=0L6Rcgp6j7Y,Ugwa_yEnHokaYQXafyV4AaABAg,Wow this actually helped me.... Thanks,2025-05-06T18:52:32Z,2026-10-01T13:26:37.233521+00:00,0,0,,97fdb7210ab4a8fb9eed6707f1accc8af41e9990e9e89ca7987aac61ec40aa06,,youtube-data-api-v3/commentThreads.list,,0L6Rcgp6j7Y,Four Price Action Secrets (The Ultimate Guide To Price Action),TradingLab,,
youtube,TradingLab,0L6Rcgp6j7Y,https://www.youtube.com/watch?v=0L6Rcgp6j7Y,Ugy6OW8EysChkxSoHER4AaABAg,A very well-constructed video perfect for beginners to understand. You earned that like and a new subscriber. Keep going! 🎉,2023-11-13T14:03:48Z,2026-10-01T13:26:37.233521+00:00,3,0,,8da2896f2b972acab938d5722c7a67d28687b49190de2cdc6c648e59642fa388,,youtube-data-api-v3/commentThreads.list,,0L6Rcgp6j7Y,Four Price Action Secrets (The Ultimate Guide To Price Action),TradingLab,,
youtube,TradingLab,0L6Rcgp6j7Y,https://www.youtube.com/watch?v=0L6Rcgp6j7Y,UgwXkSgBwf-VU7s1nvR4AaABAg,great video! very helpful and not alot of fat. thank you brother,2026-03-07T15:45:46Z,2026-10-01T13:26:37.233521+00:00,0,1,,df04405cb65962a91c155e37784d301106c2d69ca6c5a49316435b7014013c55,,youtube-data-api-v3/commentThreads.list,,0L6Rcgp6j7Y,Four Price Action Secrets (The Ultimate Guide To Price Action),TradingLab,,
youtube,TradingLab,0L6Rcgp6j7Y,https://www.youtube.com/watch?v=0L6Rcgp6j7Y,UgwXkSgBwf-VU7s1nvR4AaABAg.AU3BLNerQpzAU3BNky6Syw,here in 2025! still relevant,2026-03-07T15:46:05Z,2026-10-01T13:26:37.233521+00:00,0,0,,df04405cb65962a91c155e37784d301106c2d69ca6c5a49316435b7014013c55,UgwXkSgBwf-VU7s1nvR4AaABAg,youtube-data-api-v3/commentThreads.list,,0L6Rcgp6j7Y,Four Price Action Secrets (The Ultimate Guide To Price Action),TradingLab,,
youtube,TradingLab,0L6Rcgp6j7Y,https://www.youtube.com/watch?v=0L6Rcgp6j7Y,UgzilYs3m4eOKX0BhxB4AaABAg,At 7:29 anyone with a stop loss would get shaken out based on the graph.,2024-12-03T02:51:32Z,2026-10-01T13:26:37.233521+00:00,3,0,,1cdb94b2b6da48067d74c49da69a8822fc72c3830c000267e4e48a82d2d8fb69,,youtube-data-api-v3/commentThreads.list,,0L6Rcgp6j7Y,Four Price Action Secrets (The Ultimate Guide To Price Action),TradingLab,,
youtube,TradingLab,0L6Rcgp6j7Y,https://www.youtube.com/watch?v=0L6Rcgp6j7Y,UgyUgL4ex6NgPLCrcGd4AaABAg,Thank you  brother very useful video,2023-10-17T08:12:51Z,2026-10-01T13:26:37.233521+00:00,0,0,,9ae078c5caf55c0c8787a69372c9efd10d0398f1dca82c72ffe06e0b23895da7,,youtube-data-api-v3/commentThreads.list,,0L6Rcgp6j7Y,Four Price Action Secrets (The Ultimate Guide To Price Action),TradingLab,,
youtube,TradingLab,0L6Rcgp6j7Y,https://www.youtube.com/watch?v=0L6Rcgp6j7Y,Ugxapgbl8rV0V9Q_VuN4AaABAg,Love your videos! Straight to the point!!,2025-08-25T16:43:26Z,2026-10-01T13:26:37.233521+00:00,4,0,,4fd45415a8e909a5a4b7e4ba74a7b99ff1d2911a48902befbe160d8424cd544d,,youtube-data-api-v3/commentThreads.list,,0L6Rcgp6j7Y,Four Price Action Secrets (The Ultimate Guide To Price Action),TradingLab,,
youtube,TradingLab,0L6Rcgp6j7Y,https://www.youtube.com/watch?v=0L6Rcgp6j7Y,Ugz2Jx-MD5vcvNEvtq54AaABAg,Great video! Thank you!,2025-04-13T16:42:17Z,2026-10-01T13:26:37.233521+00:00,0,0,,49516ef43ffa73573d25577db9689335e27fcd6bef132c1772519cc8ae5f5abe,,youtube-data-api-v3/commentThreads.list,,0L6Rcgp6j7Y,Four Price Action Secrets (The Ultimate Guide To Price Action),TradingLab,,
youtube,TradingLab,0L6Rcgp6j7Y,https://www.youtube.com/watch?v=0L6Rcgp6j7Y,UgwsWcmDEomTJc5WL7V4AaABAg,Great price action strategy with humor,2022-05-25T23:44:11Z,2026-10-01T13:26:37.233521+00:00,0,1,,92bd25f3ee7ed2e80e050e32a76a1735878d01ace4208ce7994aecb760896085,,youtube-data-api-v3/commentThreads.list,,0L6Rcgp6j7Y,Four Price Action Secrets (The Ultimate Guide To Price Action),TradingLab,,
youtube,TradingLab,0L6Rcgp6j7Y,https://www.youtube.com/watch?v=0L6Rcgp6j7Y,UgwsWcmDEomTJc5WL7V4AaABAg.9bTVWCUfPtZ9dJJ-DJm3pE,in which market do u trade,2022-07-10T17:45:12Z,2026-10-01T13:26:37.233521+00:00,0,0,,81acf73128a3bdeaecfe05b2398b3f57698581fd0a85fbf178be1a9674cff951,UgwsWcmDEomTJc5WL7V4AaABAg,youtube-data-api-v3/commentThreads.list,,0L6Rcgp6j7Y,Four Price Action Secrets (The Ultimate Guide To Price Action),TradingLab,,
youtube,TradingLab,0L6Rcgp6j7Y,https://www.youtube.com/watch?v=0L6Rcgp6j7Y,Ugz0Z8pF79rQBQyjbpZ4AaABAg,Bro speedran a technical analysis semester in 8 minutes,2025-01-12T17:37:24Z,2026-10-01T13:26:37.233521+00:00,200,2,,371e35c4ffd6f7f0ea8410f69c030fa850af87860f73d9f3c279351d143d729f,,youtube-data-api-v3/commentThreads.list,,0L6Rcgp6j7Y,Four Price Action Secrets (The Ultimate Guide To Price Action),TradingLab,,
youtube,TradingLab,0L6Rcgp6j7Y,https://www.youtube.com/watch?v=0L6Rcgp6j7Y,Ugz0Z8pF79rQBQyjbpZ4AaABAg.ADCV2OSan_rAaYMz3hxMG4,Thats a bold statement,2026-09-09T18:03:39Z,2026-10-01T13:26:37.233521+00:00,0,0,,633bb39c8154ead7fc4173b2ce597cd2e6e6d297a08d5750e9489d398d7075c2,Ugz0Z8pF79rQBQyjbpZ4AaABAg,youtube-data-api-v3/commentThreads.list,,0L6Rcgp6j7Y,Four Price Action Secrets (The Ultimate Guide To Price Action),TradingLab,,
youtube,TradingLab,0L6Rcgp6j7Y,https://www.youtube.com/watch?v=0L6Rcgp6j7Y,Ugz0Z8pF79rQBQyjbpZ4AaABAg.ADCV2OSan_rAayqwrHz5Rd,Yeap no sentiment childhood B.S stories straight to the point lol🤣🤣🤣,2026-09-20T10:13:44Z,2026-10-01T13:26:37.233521+00:00,0,0,,c16c1dc73570dae9a592644d51d524b45ef76d66fed831e91e6d1fd2f43f3e03,Ugz0Z8pF79rQBQyjbpZ4AaABAg,youtube-data-api-v3/commentThreads.list,,0L6Rcgp6j7Y,Four Price Action Secrets (The Ultimate Guide To Price Action),TradingLab,,
youtube,TradingLab,0L6Rcgp6j7Y,https://www.youtube.com/watch?v=0L6Rcgp6j7Y,UgyDKvpbUWWhTd5OGw54AaABAg,Crisp clear to the point……Please Feed us more,2022-03-31T17:56:05Z,2026-10-01T13:26:37.233521+00:00,0,1,,870351673ac2a38a636d4b03b0aaddb25dc3a33e8f41809e7bc6b7fad3e687b0,,youtube-data-api-v3/commentThreads.list,,0L6Rcgp6j7Y,Four Price Action Secrets (The Ultimate Guide To Price Action),TradingLab,,
youtube,TradingLab,0L6Rcgp6j7Y,https://www.youtube.com/watch?v=0L6Rcgp6j7Y,UgyA9KE3y1L-hlKElch4AaABAg,"Perfect! But, how does time frame play role in these? Does it work also in lower ones, like 15 min?",2021-10-25T11:56:57Z,2026-10-01T13:26:37.233521+00:00,11,1,,008ea9681180c42d3c669dc017dbbc653b9b30b69068a85e0e6654697075d9c8,,youtube-data-api-v3/commentThreads.list,,0L6Rcgp6j7Y,Four Price Action Secrets (The Ultimate Guide To Price Action),TradingLab,,
youtube,TradingLab,0L6Rcgp6j7Y,https://www.youtube.com/watch?v=0L6Rcgp6j7Y,UgyuMUyghYDd99AkQOZ4AaABAg,Such a great youtuber !,2022-06-15T10:06:28Z,2026-10-01T13:26:37.233521+00:00,0,1,,3e71e3ca079413864952d6ac4f0c1d54041cd3ff5f27b0b3408f4907da0e3086,,youtube-data-api-v3/commentThreads.list,,0L6Rcgp6j7Y,Four Price Action Secrets (The Ultimate Guide To Price Action),TradingLab,,
youtube,TradingLab,0L6Rcgp6j7Y,https://www.youtube.com/watch?v=0L6Rcgp6j7Y,Ugy0TnIGgX7DtuVinFx4AaABAg,not only i listened but also checked if it's true. He's right! Thank you! liked and commented,2025-01-05T20:59:43Z,2026-10-01T13:26:37.233521+00:00,11,0,,6c9d19c04833af35ac1db680dd16f564a8a295861f2dc70bd7d6bae38178ed4d,,youtube-data-api-v3/commentThreads.list,,0L6Rcgp6j7Y,Four Price Action Secrets (The Ultimate Guide To Price Action),TradingLab,,
youtube,TradingLab,0L6Rcgp6j7Y,https://www.youtube.com/watch?v=0L6Rcgp6j7Y,UgwYVvtcKMTIEAXS9zN4AaABAg,"Some traders think they are smart, a market genius predicts an inevitable moment and pre emptive tells others who lap up information to take control of the situation. Trend is your friend",2023-09-22T20:34:00Z,2026-10-01T13:26:37.233521+00:00,0,0,,e93dfd3c553ad96f797f2939c6287fb6a45c46aead5a21e78ac2de5657feb0c8,,youtube-data-api-v3/commentThreads.list,,0L6Rcgp6j7Y,Four Price Action Secrets (The Ultimate Guide To Price Action),TradingLab,,
youtube,TradingLab,0L6Rcgp6j7Y,https://www.youtube.com/watch?v=0L6Rcgp6j7Y,UgxZhp6yxcVPBGzAjsl4AaABAg,"I was intimidated by price action until I just looked at the data on the candle sticks and immersed myself into the chart. 
Now it's the only way I can trade. 💖",2025-02-28T02:21:17Z,2026-10-01T13:26:37.233521+00:00,7,4,,04babb5a0b6e450d0052e5ba1a7c19a604499796528cda454b9ae5c17aba6e00,,youtube-data-api-v3/commentThreads.list,,0L6Rcgp6j7Y,Four Price Action Secrets (The Ultimate Guide To Price Action),TradingLab,,
youtube,TradingLab,0L6Rcgp6j7Y,https://www.youtube.com/watch?v=0L6Rcgp6j7Y,UgxZhp6yxcVPBGzAjsl4AaABAg.AF3sZiKwHS6AF9US2szoWv,Great how’s that been going for you I’m in my study phase,2025-03-02T06:37:14Z,2026-10-01T13:26:37.233521+00:00,3,0,,3e9ccff96c59631e8f6caf26854d7fb8779cd86ab169fbaa84760200bfcc8e4d,UgxZhp6yxcVPBGzAjsl4AaABAg,youtube-data-api-v3/commentThreads.list,,0L6Rcgp6j7Y,Four Price Action Secrets (The Ultimate Guide To Price Action),TradingLab,,
youtube,TradingLab,0L6Rcgp6j7Y,https://www.youtube.com/watch?v=0L6Rcgp6j7Y,UgxZhp6yxcVPBGzAjsl4AaABAg.AF3sZiKwHS6AF9Yymv7mLK,Going great so far.,2025-03-02T07:16:47Z,2026-10-01T13:26:37.233521+00:00,1,0,,04babb5a0b6e450d0052e5ba1a7c19a604499796528cda454b9ae5c17aba6e00,UgxZhp6yxcVPBGzAjsl4AaABAg,youtube-data-api-v3/commentThreads.list,,0L6Rcgp6j7Y,Four Price Action Secrets (The Ultimate Guide To Price Action),TradingLab,,
youtube,TradingLab,0L6Rcgp6j7Y,https://www.youtube.com/watch?v=0L6Rcgp6j7Y,UgxZhp6yxcVPBGzAjsl4AaABAg.AF3sZiKwHS6ALn_-wKb7Nq,​@MissPlayedIthow's it going for you now? Any changes?,2025-08-14T08:43:03Z,2026-10-01T13:26:37.233521+00:00,2,0,,8a382767325946f8afc631affb563b367ca9dcd20e077f5b8fc6e852744f5df3,UgxZhp6yxcVPBGzAjsl4AaABAg,youtube-data-api-v3/commentThreads.list,,0L6Rcgp6j7Y,Four Price Action Secrets (The Ultimate Guide To Price Action),TradingLab,,
youtube,TradingLab,0L6Rcgp6j7Y,https://www.youtube.com/watch?v=0L6Rcgp6j7Y,UgxZhp6yxcVPBGzAjsl4AaABAg.AF3sZiKwHS6ALnojvYnbTn,"​@nafisaabdi5316I overtraded and blew my account back in April 😂
Demo trading now",2025-08-14T11:00:32Z,2026-10-01T13:26:37.233521+00:00,0,0,,04babb5a0b6e450d0052e5ba1a7c19a604499796528cda454b9ae5c17aba6e00,UgxZhp6yxcVPBGzAjsl4AaABAg,youtube-data-api-v3/commentThreads.list,,0L6Rcgp6j7Y,Four Price Action Secrets (The Ultimate Guide To Price Action),TradingLab,,
youtube,TradingLab,0L6Rcgp6j7Y,https://www.youtube.com/watch?v=0L6Rcgp6j7Y,UgwfFs7uZyN4a7c5YNh4AaABAg,"When explaining strategies, Please do include TF as well.",2024-09-19T08:36:18Z,2026-10-01T13:26:37.233521+00:00,0,0,,382c4d6f7b8a0936623d21e03ee4608e9147a45ed8cbb8116632d9224638b49e,,youtube-data-api-v3/commentThreads.list,,0L6Rcgp6j7Y,Four Price Action Secrets (The Ultimate Guide To Price Action),TradingLab,,
youtube,TradingLab,0L6Rcgp6j7Y,https://www.youtube.com/watch?v=0L6Rcgp6j7Y,UgxN5Q8ku-cuFvC23O14AaABAg,The problem with the Fib Retracement is that you wont know if the pullback is strong unless you keep waiting.  At first it looks like a weak pullback.,2023-02-02T03:10:13Z,2026-10-01T13:26:37.233521+00:00,19,3,,29f43ec4e1e4807b60c00e3778c1eb30175fd97b698629c3e3868d662b269377,,youtube-data-api-v3/commentThreads.list,,0L6Rcgp6j7Y,Four Price Action Secrets (The Ultimate Guide To Price Action),TradingLab,,
youtube,TradingLab,0L6Rcgp6j7Y,https://www.youtube.com/watch?v=0L6Rcgp6j7Y,UgxN5Q8ku-cuFvC23O14AaABAg.9lbkPl1p22H9rfgbsZkuwV,That’s why you wait for confirmation brother. Don’t just jump into the trade right away,2023-07-02T19:02:23Z,2026-10-01T13:26:37.233521+00:00,1,0,,7ec38f2039350b7fbb3e586b20bb3ee946aa427c9925c1853b0b22a494487215,UgxN5Q8ku-cuFvC23O14AaABAg,youtube-data-api-v3/commentThreads.list,,0L6Rcgp6j7Y,Four Price Action Secrets (The Ultimate Guide To Price Action),TradingLab,,
youtube,TradingLab,0L6Rcgp6j7Y,https://www.youtube.com/watch?v=0L6Rcgp6j7Y,UgxN5Q8ku-cuFvC23O14AaABAg.9lbkPl1p22H9rlL-TBpV66,@oasehuse3 what is the confirmation?,2023-07-04T23:40:12Z,2026-10-01T13:26:37.233521+00:00,0,0,,bc22b614cee4e2312d2fabc499245c2e2a43ee8ebe5b7945a86dea815465eb3a,UgxN5Q8ku-cuFvC23O14AaABAg,youtube-data-api-v3/commentThreads.list,,0L6Rcgp6j7Y,Four Price Action Secrets (The Ultimate Guide To Price Action),TradingLab,,
youtube,TradingLab,0L6Rcgp6j7Y,https://www.youtube.com/watch?v=0L6Rcgp6j7Y,UgxN5Q8ku-cuFvC23O14AaABAg.9lbkPl1p22HAPeHS-FrUDY,"@RTG2003 If you are long, look for higher high and higher low on lower time frame",2025-11-18T04:13:16Z,2026-10-01T13:26:37.233521+00:00,0,0,,571a35afda8f45ce1f831c150f50cee5592de8e5f552f4aa9b43915f1a22b7a9,UgxN5Q8ku-cuFvC23O14AaABAg,youtube-data-api-v3/commentThreads.list,,0L6Rcgp6j7Y,Four Price Action Secrets (The Ultimate Guide To Price Action),TradingLab,,
youtube,TradingLab,0L6Rcgp6j7Y,https://www.youtube.com/watch?v=0L6Rcgp6j7Y,UgwCtkacrLX5Lr4Knf14AaABAg,bro your the goat,2023-09-12T18:35:09Z,2026-10-01T13:26:37.233521+00:00,0,0,,eb32dfd44b32231a7f6334f263db9fc13447124246116af5dfcf5e525b30ba06,,youtube-data-api-v3/commentThreads.list,,0L6Rcgp6j7Y,Four Price Action Secrets (The Ultimate Guide To Price Action),TradingLab,,
youtube,TradingLab,0L6Rcgp6j7Y,https://www.youtube.com/watch?v=0L6Rcgp6j7Y,UgxdeJvlTd92GocFtr94AaABAg,"3:35 - ""This would be a good time to buy"" - unless it drops like a falling knife further and faster...ask me how I know.",2023-07-31T00:27:24Z,2026-10-01T13:26:37.233521+00:00,48,2,,c6d7d2ed4ba497c6e9f42e9294413a4cc97f6976f4765852ae5d75a236545732,,youtube-data-api-v3/commentThreads.list,,0L6Rcgp6j7Y,Four Price Action Secrets (The Ultimate Guide To Price Action),TradingLab,,
youtube,TradingLab,0L6Rcgp6j7Y,https://www.youtube.com/watch?v=0L6Rcgp6j7Y,UgxdeJvlTd92GocFtr94AaABAg.9soN3o_zVl-A8lG_ra7-um,exactly...,2024-09-24T08:26:44Z,2026-10-01T13:26:37.233521+00:00,0,0,,b7547b3222b9b37a6179d2a10fbece8d212c08994a84d38c943b8dedeb762592,UgxdeJvlTd92GocFtr94AaABAg,youtube-data-api-v3/commentThreads.list,,0L6Rcgp6j7Y,Four Price Action Secrets (The Ultimate Guide To Price Action),TradingLab,,
youtube,TradingLab,0L6Rcgp6j7Y,https://www.youtube.com/watch?v=0L6Rcgp6j7Y,UgxdeJvlTd92GocFtr94AaABAg.9soN3o_zVl-AHzOS73gSwf,"yeah thats what i was thinking aswell...  - good noteworthy sign, but a bad example",2025-05-11T12:47:21Z,2026-10-01T13:26:37.233521+00:00,6,0,,c09e813c3fde1f120f61c27008b0261cec3ca5e6290e4807960cd2f44027c2e1,UgxdeJvlTd92GocFtr94AaABAg,youtube-data-api-v3/commentThreads.list,,0L6Rcgp6j7Y,Four Price Action Secrets (The Ultimate Guide To Price Action),TradingLab,,
youtube,TradingLab,0L6Rcgp6j7Y,https://www.youtube.com/watch?v=0L6Rcgp6j7Y,UgyihRdFOs3zS7TARUF4AaABAg,Outstanding video,2025-06-11T22:27:45Z,2026-10-01T13:26:37.233521+00:00,0,0,,8a9a25406eab8277eed9bf8d47162104fa2361b4a8309b74aba1d38de0838266,,youtube-data-api-v3/commentThreads.list,,0L6Rcgp6j7Y,Four Price Action Secrets (The Ultimate Guide To Price Action),TradingLab,,
youtube,TradingLab,0L6Rcgp6j7Y,https://www.youtube.com/watch?v=0L6Rcgp6j7Y,UgyfmG0oue8DEi_1Grd4AaABAg,"I heard from someone who is very successful as a retail trader, that 
“We don’t want to catch the whole move, just the middle of it” 
Personally - Price action is a great for showing the strength of one side, and indicators like moving averages really help to confirm the volume coming in.",2022-11-22T21:21:59Z,2026-10-01T13:26:37.233521+00:00,34,1,,08179295e703e06d897f3ecfeff4fefa205d683f425ee281b0018ade79d3d4e2,,youtube-data-api-v3/commentThreads.list,,0L6Rcgp6j7Y,Four Price Action Secrets (The Ultimate Guide To Price Action),TradingLab,,
youtube,TradingLab,0L6Rcgp6j7Y,https://www.youtube.com/watch?v=0L6Rcgp6j7Y,UgyfmG0oue8DEi_1Grd4AaABAg.9ikJ71YFuNm9r_PV-cYmgM,very true,2023-06-30T08:28:35Z,2026-10-01T13:26:37.233521+00:00,0,0,,53a53ec1745c98141e1051295e1cd4b0abcecae32e7bcebac163cb6f760422f1,UgyfmG0oue8DEi_1Grd4AaABAg,youtube-data-api-v3/commentThreads.list,,0L6Rcgp6j7Y,Four Price Action Secrets (The Ultimate Guide To Price Action),TradingLab,,
youtube,TradingLab,0L6Rcgp6j7Y,https://www.youtube.com/watch?v=0L6Rcgp6j7Y,UgyYsBBvQrlZzhN4EP94AaABAg,Great video bro🔥,2022-07-18T16:32:34Z,2026-10-01T13:26:37.233521+00:00,0,0,,879fbd89ec4ce904672320411c861f690c7a0bfa976adfd32a387056b79dad1a,,youtube-data-api-v3/commentThreads.list,,0L6Rcgp6j7Y,Four Price Action Secrets (The Ultimate Guide To Price Action),TradingLab,,
youtube,TradingLab,0L6Rcgp6j7Y,https://www.youtube.com/watch?v=0L6Rcgp6j7Y,UgyAO6m4f9f2E738-794AaABAg,"Mean reversion is an illusion: The price does NOT return to the (E)MA line, it is the line that moves/follows the price. Looking at a chart with EMAs, it always looks like the price moves around the lines. But lines are moving, because the calculate the mean of the historical prices.",2022-08-04T13:19:37Z,2026-10-01T13:26:37.233521+00:00,16,3,,c98bc82bba00e71bbc44427334f79a00dde749779baa0eae3bcba1dd2beb09c6,,youtube-data-api-v3/commentThreads.list,,0L6Rcgp6j7Y,Four Price Action Secrets (The Ultimate Guide To Price Action),TradingLab,,
youtube,TradingLab,0L6Rcgp6j7Y,https://www.youtube.com/watch?v=0L6Rcgp6j7Y,UgyAO6m4f9f2E738-794AaABAg.9eJCTvjMz3S9gw3ehLedhJ,But how to add the mean reversion,2022-10-08T17:55:00Z,2026-10-01T13:26:37.233521+00:00,0,0,,e1637d8fd0e0898879b3c2a15a8ed455a0f33a15efb2df813e13db66c095499c,UgyAO6m4f9f2E738-794AaABAg,youtube-data-api-v3/commentThreads.list,,0L6Rcgp6j7Y,Four Price Action Secrets (The Ultimate Guide To Price Action),TradingLab,,
youtube,TradingLab,0L6Rcgp6j7Y,https://www.youtube.com/watch?v=0L6Rcgp6j7Y,UgyAO6m4f9f2E738-794AaABAg.9eJCTvjMz3S9hJroxKLXLh,And what about Bollinger band,2022-10-18T09:03:49Z,2026-10-01T13:26:37.233521+00:00,1,0,,b4cf20211241f9470e451bc8bd38e0ad795e3641fcd8a4d3b34f202f5d6be15e,UgyAO6m4f9f2E738-794AaABAg,youtube-data-api-v3/commentThreads.list,,0L6Rcgp6j7Y,Four Price Action Secrets (The Ultimate Guide To Price Action),TradingLab,,
youtube,TradingLab,0L6Rcgp6j7Y,https://www.youtube.com/watch?v=0L6Rcgp6j7Y,UgyAO6m4f9f2E738-794AaABAg.9eJCTvjMz3SA0NAl3oKwdU,I am very novice but I noticed it. 😢,2024-02-28T18:23:40Z,2026-10-01T13:26:37.233521+00:00,0,0,,b3572e48b71c781acbd0aefb3957a8279f06ecda3b2e440cc54e8a63cf2ad330,UgyAO6m4f9f2E738-794AaABAg,youtube-data-api-v3/commentThreads.list,,0L6Rcgp6j7Y,Four Price Action Secrets (The Ultimate Guide To Price Action),TradingLab,,
youtube,TradingLab,0L6Rcgp6j7Y,https://www.youtube.com/watch?v=0L6Rcgp6j7Y,UgyeJg0GmaU0tgjI2gJ4AaABAg,Good video for traders.,2023-07-18T16:22:21Z,2026-10-01T13:26:37.233521+00:00,0,0,,b84919c57d6b76685bd24f3adee18ee396cef829de34b88ed42669566d0e48a2,,youtube-data-api-v3/commentThreads.list,,0L6Rcgp6j7Y,Four Price Action Secrets (The Ultimate Guide To Price Action),TradingLab,,
youtube,TradingLab,0L6Rcgp6j7Y,https://www.youtube.com/watch?v=0L6Rcgp6j7Y,Ugwgsybe5RFKYEQdN8h4AaABAg,"Interesting, I prefer to plot Fibonacci Retracement following the price action, which means the zero-level is in the beggining of the trend and the 1 is where the pullback starts, but in your video you draw from the bottom  to up (at 6:20) even if the price went down before the pullback. That may get a little confusing...",2021-11-20T13:29:59Z,2026-10-01T13:26:37.233521+00:00,17,7,,ea5dd7e899d8d5c3daed02ed4e1707952a8615af2052d67be20c94507ddbaee2,,youtube-data-api-v3/commentThreads.list,,0L6Rcgp6j7Y,Four Price Action Secrets (The Ultimate Guide To Price Action),TradingLab,,
youtube,TradingLab,0L6Rcgp6j7Y,https://www.youtube.com/watch?v=0L6Rcgp6j7Y,Ugwgsybe5RFKYEQdN8h4AaABAg.9UyTMt_bpRu9dJIovis3Cy,in which market do u trade?,2022-07-10T17:43:40Z,2026-10-01T13:26:37.233521+00:00,0,0,,81acf73128a3bdeaecfe05b2398b3f57698581fd0a85fbf178be1a9674cff951,Ugwgsybe5RFKYEQdN8h4AaABAg,youtube-data-api-v3/commentThreads.list,,0L6Rcgp6j7Y,Four Price Action Secrets (The Ultimate Guide To Price Action),TradingLab,,
youtube,TradingLab,0L6Rcgp6j7Y,https://www.youtube.com/watch?v=0L6Rcgp6j7Y,Ugwgsybe5RFKYEQdN8h4AaABAg.9UyTMt_bpRu9dJJYBtud4Q,"@aamiransari5597  mainly in crypto markets, but also stocks and dollar futures.",2022-07-10T17:49:59Z,2026-10-01T13:26:37.233521+00:00,0,0,,ea5dd7e899d8d5c3daed02ed4e1707952a8615af2052d67be20c94507ddbaee2,Ugwgsybe5RFKYEQdN8h4AaABAg,youtube-data-api-v3/commentThreads.list,,0L6Rcgp6j7Y,Four Price Action Secrets (The Ultimate Guide To Price Action),TradingLab,,
youtube,TradingLab,0L6Rcgp6j7Y,https://www.youtube.com/watch?v=0L6Rcgp6j7Y,Ugwgsybe5RFKYEQdN8h4AaABAg.9UyTMt_bpRu9dJK3jtsUkc,@igomesigomes in nasdaq?,2022-07-10T17:54:33Z,2026-10-01T13:26:37.233521+00:00,0,0,,81acf73128a3bdeaecfe05b2398b3f57698581fd0a85fbf178be1a9674cff951,Ugwgsybe5RFKYEQdN8h4AaABAg,youtube-data-api-v3/commentThreads.list,,0L6Rcgp6j7Y,Four Price Action Secrets (The Ultimate Guide To Price Action),TradingLab,,
youtube,TradingLab,0L6Rcgp6j7Y,https://www.youtube.com/watch?v=0L6Rcgp6j7Y,Ugwgsybe5RFKYEQdN8h4AaABAg.9UyTMt_bpRu9d_bvYIMbJ1,I work in a prop trading firm as a quant... Fibonacci is trash ahahahah,2022-07-17T11:06:25Z,2026-10-01T13:26:37.233521+00:00,0,0,,82cfcea9fd1ca529baba5ca5bd423f5d89028246d7b3006665c2df8701d01ef5,Ugwgsybe5RFKYEQdN8h4AaABAg,youtube-data-api-v3/commentThreads.list,,0L6Rcgp6j7Y,Four Price Action Secrets (The Ultimate Guide To Price Action),TradingLab,,
youtube,TradingLab,0L6Rcgp6j7Y,https://www.youtube.com/watch?v=0L6Rcgp6j7Y,Ugwgsybe5RFKYEQdN8h4AaABAg.9UyTMt_bpRu9dcISwXOkcX,"​@tiziana61 I don't agree. It is a tool and when properly used *by humans* can help your analysis (notice the word help, which doesn't mean to blindly follow it). Of course if we are into algo-trading world, we have another perspective of the same market/asset. I don't use Fibo in my algorithms either, but I recognize its value to help human traders. The problem, in my opinion, is when it is used as a ""source of truth"", which it's obviously not the case.",2022-07-18T12:05:20Z,2026-10-01T13:26:37.233521+00:00,0,0,,ea5dd7e899d8d5c3daed02ed4e1707952a8615af2052d67be20c94507ddbaee2,Ugwgsybe5RFKYEQdN8h4AaABAg,youtube-data-api-v3/commentThreads.list,,0L6Rcgp6j7Y,Four Price Action Secrets (The Ultimate Guide To Price Action),TradingLab,,
youtube,TradingLab,0L6Rcgp6j7Y,https://www.youtube.com/watch?v=0L6Rcgp6j7Y,Ugy1Eu2UUASdbZGtpjR4AaABAg,Love from India 🙂,2022-05-22T06:23:49Z,2026-10-01T13:26:37.233521+00:00,0,0,,3fca838a382895751ea78db10c69f8be93d23245b0ce0bb520a9b8115867e559,,youtube-data-api-v3/commentThreads.list,,0L6Rcgp6j7Y,Four Price Action Secrets (The Ultimate Guide To Price Action),TradingLab,,
youtube,TradingLab,0L6Rcgp6j7Y,https://www.youtube.com/watch?v=0L6Rcgp6j7Y,Ugw2VXH7FrEmAqMNC654AaABAg,"7:23  Pulls back to 0.618 indicating a weak pullback, then a green candle follows so you enter the trade and then get fucked.",2024-11-18T00:29:56Z,2026-10-01T13:26:37.233521+00:00,9,1,,86116f3b8e31b997d2232f000f9bdbdc7ee17ed72d55015b6325f354ef4985c7,,youtube-data-api-v3/commentThreads.list,,0L6Rcgp6j7Y,Four Price Action Secrets (The Ultimate Guide To Price Action),TradingLab,,
youtube,TradingLab,0L6Rcgp6j7Y,https://www.youtube.com/watch?v=0L6Rcgp6j7Y,Ugw2VXH7FrEmAqMNC654AaABAg.AAy1jtZrr80AaCm6a1OtQM,"😂😂😂it's been one year pal,hope you're winning now😂",2026-09-01T08:48:43Z,2026-10-01T13:26:37.233521+00:00,0,0,,1fe76a7a239305847f7a9b5e9c56d975c183d417676e756112987a8db0dd94b0,Ugw2VXH7FrEmAqMNC654AaABAg,youtube-data-api-v3/commentThreads.list,,0L6Rcgp6j7Y,Four Price Action Secrets (The Ultimate Guide To Price Action),TradingLab,,
youtube,TradingLab,0L6Rcgp6j7Y,https://www.youtube.com/watch?v=0L6Rcgp6j7Y,UgwSvUqj-f5arXe-Lrh4AaABAg,"HEY, I REALLY ENJOYED LEARNING FROM THIS VID. I WOULD LIKE TO ASK ABOUT RECOMMENDED TIMEFRAME FOR CHECKING THOSE PULLBACKS ,USING THE SAME FIBONACCI SETTINGS. AND ALSO FOR THE FIRST 3 
 PRICE ACTIONS SKILLS, WHAT IS THE RECOMMENDED TIMEFRAME.... 

PEACE!😉",2024-03-07T08:05:06Z,2026-10-01T13:26:37.233521+00:00,0,0,,9bfb1cf9f04b3064ef48b5f18c83869f7c63c2b0489f1be2ede6ab3fb908c5d2,,youtube-data-api-v3/commentThreads.list,,0L6Rcgp6j7Y,Four Price Action Secrets (The Ultimate Guide To Price Action),TradingLab,,
youtube,TradingLab,0L6Rcgp6j7Y,https://www.youtube.com/watch?v=0L6Rcgp6j7Y,Ugw7bJMyV8abUs3WF2Z4AaABAg,"I'm in the club!
I'm a 43 year old that wasted my life away until my mid 30s. It was then I felt that I was sick and tired of how my life was and the only way to change was to change my perspective and habits. Bit by bit, day by day, I made adjustments that made sense towards what I wanted to achieve. The goal post kept moving forward, and before I knew it I made a career change, got married, and just bought my house. It's amazing how much a person can change their life with small increments, it just takes vision and dedication. The best part is, I know the results I've seen is just tip of the iceberg, and I have many more years to look forward to.",2025-08-08T02:15:58Z,2026-10-01T13:26:37.233521+00:00,229,16,,5925489540173b3d331414ec282629c2b336ce3b64b000a53747e3627767da7b,,youtube-data-api-v3/commentThreads.list,,0L6Rcgp6j7Y,Four Price Action Secrets (The Ultimate Guide To Price Action),TradingLab,,
youtube,TradingLab,0L6Rcgp6j7Y,https://www.youtube.com/watch?v=0L6Rcgp6j7Y,Ugw7bJMyV8abUs3WF2Z4AaABAg.ALYQwc8hYE4ALYRCR3_gcr,Evan Dennis is certainly the best. I got into the market with 10k and I’m up with 80k in a short period of time . I was able to build a business from my returns 💚,2025-08-08T02:18:16Z,2026-10-01T13:26:37.233521+00:00,2,0,,5925489540173b3d331414ec282629c2b336ce3b64b000a53747e3627767da7b,Ugw7bJMyV8abUs3WF2Z4AaABAg,youtube-data-api-v3/commentThreads.list,,0L6Rcgp6j7Y,Four Price Action Secrets (The Ultimate Guide To Price Action),TradingLab,,
youtube,TradingLab,0L6Rcgp6j7Y,https://www.youtube.com/watch?v=0L6Rcgp6j7Y,Ugw7bJMyV8abUs3WF2Z4AaABAg.ALYQwc8hYE4ALYRcO_GORv,"HE'S MOSTLY ON TELEGRAMS,",2025-08-08T02:21:57Z,2026-10-01T13:26:37.233521+00:00,0,0,,5925489540173b3d331414ec282629c2b336ce3b64b000a53747e3627767da7b,Ugw7bJMyV8abUs3WF2Z4AaABAg,youtube-data-api-v3/commentThreads.list,,0L6Rcgp6j7Y,Four Price Action Secrets (The Ultimate Guide To Price Action),TradingLab,,
youtube,TradingLab,0L6Rcgp6j7Y,https://www.youtube.com/watch?v=0L6Rcgp6j7Y,Ugw7bJMyV8abUs3WF2Z4AaABAg.ALYQwc8hYE4ALYReLIYp48,@evandenx THAT IS THE USER NAME,2025-08-08T02:22:13Z,2026-10-01T13:26:37.233521+00:00,0,0,,5925489540173b3d331414ec282629c2b336ce3b64b000a53747e3627767da7b,Ugw7bJMyV8abUs3WF2Z4AaABAg,youtube-data-api-v3/commentThreads.list,,0L6Rcgp6j7Y,Four Price Action Secrets (The Ultimate Guide To Price Action),TradingLab,,
youtube,TradingLab,0L6Rcgp6j7Y,https://www.youtube.com/watch?v=0L6Rcgp6j7Y,Ugw7bJMyV8abUs3WF2Z4AaABAg.ALYQwc8hYE4ALYRgG6Gk4_,He only have one account and it's verified ☑,2025-08-08T02:22:28Z,2026-10-01T13:26:37.233521+00:00,0,0,,5925489540173b3d331414ec282629c2b336ce3b64b000a53747e3627767da7b,Ugw7bJMyV8abUs3WF2Z4AaABAg,youtube-data-api-v3/commentThreads.list,,0L6Rcgp6j7Y,Four Price Action Secrets (The Ultimate Guide To Price Action),TradingLab,,
youtube,TradingLab,0L6Rcgp6j7Y,https://www.youtube.com/watch?v=0L6Rcgp6j7Y,Ugw7bJMyV8abUs3WF2Z4AaABAg.ALYQwc8hYE4AMT3Yv9OaNi,"I'm about to turn 40. I started day trading with 200$ This past february. I now have a portfolio worth 3k and thats after putting 2k into my bank account. Gotta find the right people to learn from. Cameron Ross is who I give all the credit to for my newfound abilities.... as well as having an odd natural understanding of price action before I knew what it was. Not everyone will have these results but once you learn how you want to trade, it becomes much much easier to forcast.",2025-08-30T20:46:49Z,2026-10-01T13:26:37.233521+00:00,1,0,,2f94e64221d7fe952fc7e5e341eb60375cab58d2374ffc16ca6fdef3c82eab2b,Ugw7bJMyV8abUs3WF2Z4AaABAg,youtube-data-api-v3/commentThreads.list,,0L6Rcgp6j7Y,Four Price Action Secrets (The Ultimate Guide To Price Action),TradingLab,,
youtube,TradingLab,0L6Rcgp6j7Y,https://www.youtube.com/watch?v=0L6Rcgp6j7Y,UgzGHtJi7nvrm6_nFVJ4AaABAg,Great Video. Thanks for the valuable information #grategul🙏,2023-12-30T01:16:17Z,2026-10-01T13:26:37.233521+00:00,0,0,,8af6fd3cce1f77889dfe69c3c00a855e6e24579994afc9eac1cc4728dad2a94d,,youtube-data-api-v3/commentThreads.list,,0L6Rcgp6j7Y,Four Price Action Secrets (The Ultimate Guide To Price Action),TradingLab,,
youtube,TradingLab,0L6Rcgp6j7Y,https://www.youtube.com/watch?v=0L6Rcgp6j7Y,Ugyw80bFaJmy98tWnbZ4AaABAg,"I'm honestly tired at this point. I've changed strategies, stayed patient, studied for hours and still my account keeps bleeding. Watching everyone else post profits while I struggle to stay consistent is mentally draining. Starting to wonder if trading is actually real, or if most of us are just being set up to lose",2026-09-28T19:34:52Z,2026-10-01T13:26:37.233521+00:00,12,11,,e1ed67f38d74bd576a325ca8db50afca11e7fe3d1981576e34e4ef9c580df007,,youtube-data-api-v3/commentThreads.list,,0L6Rcgp6j7Y,Four Price Action Secrets (The Ultimate Guide To Price Action),TradingLab,,
youtube,TradingLab,0L6Rcgp6j7Y,https://www.youtube.com/watch?v=0L6Rcgp6j7Y,Ugyw80bFaJmy98tWnbZ4AaABAg.AbJSWm5dJBxAbJUeYpmmBo,"Trading is real, right now, many crypto investors are having a tough time, and it'd be a great idea having a proper mentorship to save from heavy losses",2026-09-28T19:53:33Z,2026-10-01T13:26:37.233521+00:00,0,0,,c46fcd0920b0dedade91dfc42cf515ad2aeccde92f2d35cc430e67acfbd28657,Ugyw80bFaJmy98tWnbZ4AaABAg,youtube-data-api-v3/commentThreads.list,,0L6Rcgp6j7Y,Four Price Action Secrets (The Ultimate Guide To Price Action),TradingLab,,
youtube,TradingLab,0L6Rcgp6j7Y,https://www.youtube.com/watch?v=0L6Rcgp6j7Y,Ugyw80bFaJmy98tWnbZ4AaABAg.AbJSWm5dJBxAbJUk7Xa_wR,"I know Mario, he's a great mentor",2026-09-28T19:54:18Z,2026-10-01T13:26:37.233521+00:00,0,0,,fb3e5409e1d590a160c52072ac0f54b0066742cba7553473e4e1f1d82d8d9ac0,Ugyw80bFaJmy98tWnbZ4AaABAg,youtube-data-api-v3/commentThreads.list,,0L6Rcgp6j7Y,Four Price Action Secrets (The Ultimate Guide To Price Action),TradingLab,,
youtube,TradingLab,0L6Rcgp6j7Y,https://www.youtube.com/watch?v=0L6Rcgp6j7Y,Ugyw80bFaJmy98tWnbZ4AaABAg.AbJSWm5dJBxAbJUn_fm8Gx,"I’ve actually learned from him and the way he explains things in real time is on another level, with Mario I don't care if market goes up or down as he got me covered",2026-09-28T19:54:47Z,2026-10-01T13:26:37.233521+00:00,0,0,,cf0f193ff565dab26ed39c369b523c291d832b7bbe4eaf9d518bf2ba2530e78d,Ugyw80bFaJmy98tWnbZ4AaABAg,youtube-data-api-v3/commentThreads.list,,0L6Rcgp6j7Y,Four Price Action Secrets (The Ultimate Guide To Price Action),TradingLab,,
youtube,TradingLab,0L6Rcgp6j7Y,https://www.youtube.com/watch?v=0L6Rcgp6j7Y,Ugyw80bFaJmy98tWnbZ4AaABAg.AbJSWm5dJBxAbJUrrL0ZOy,Getting yourself someone who knows and understands the market very well and is also professional. in the placement of trades. Is really the key,2026-09-28T19:55:22Z,2026-10-01T13:26:37.233521+00:00,0,0,,1cd62a748592f4cbdf7ed69d5deabd256449a15e2f10d5aba888205a20370d53,Ugyw80bFaJmy98tWnbZ4AaABAg,youtube-data-api-v3/commentThreads.list,,0L6Rcgp6j7Y,Four Price Action Secrets (The Ultimate Guide To Price Action),TradingLab,,
youtube,TradingLab,0L6Rcgp6j7Y,https://www.youtube.com/watch?v=0L6Rcgp6j7Y,Ugyw80bFaJmy98tWnbZ4AaABAg.AbJSWm5dJBxAbJV1-UYXZF,Please Is there anywhere i can get across to this man for a startup?,2026-09-28T19:56:45Z,2026-10-01T13:26:37.233521+00:00,0,0,,e1ed67f38d74bd576a325ca8db50afca11e7fe3d1981576e34e4ef9c580df007,Ugyw80bFaJmy98tWnbZ4AaABAg,youtube-data-api-v3/commentThreads.list,,0L6Rcgp6j7Y,Four Price Action Secrets (The Ultimate Guide To Price Action),TradingLab,,
youtube,TradingLab,0L6Rcgp6j7Y,https://www.youtube.com/watch?v=0L6Rcgp6j7Y,UgzusmvWXEV89r23H1h4AaABAg,"Excellent, thank you!",2025-06-28T03:36:10Z,2026-10-01T13:26:37.233521+00:00,0,0,,6d6e8d272292f9f51990c40b3bf4ea3fb1921a9d4283586b4264228ca1e7af9a,,youtube-data-api-v3/commentThreads.list,,0L6Rcgp6j7Y,Four Price Action Secrets (The Ultimate Guide To Price Action),TradingLab,,
youtube,TradingLab,0L6Rcgp6j7Y,https://www.youtube.com/watch?v=0L6Rcgp6j7Y,UgzviKz4HS_oFSraEK14AaABAg,"what time frame are we talking about? 1 hour? 
awesome video mate ty!",2023-09-26T00:00:36Z,2026-10-01T13:26:37.233521+00:00,0,0,,ff3e61cc911ba744901295e0ac453c4c838238073146a1fe073306b7226402e9,,youtube-data-api-v3/commentThreads.list,,0L6Rcgp6j7Y,Four Price Action Secrets (The Ultimate Guide To Price Action),TradingLab,,
youtube,TradingLab,0L6Rcgp6j7Y,https://www.youtube.com/watch?v=0L6Rcgp6j7Y,Ugw0pQ26QAad2gi2Y5R4AaABAg,"What is your time frame on these charts? Was this just examples or was this a 1min, 5min etc…? Thanks 🤙🏻",2023-07-28T06:04:21Z,2026-10-01T13:26:37.233521+00:00,6,1,,1bf81ee0050b9bbd23ca22368f3d3424032a7da3b49063e4ef1f1db1993d1b0d,,youtube-data-api-v3/commentThreads.list,,0L6Rcgp6j7Y,Four Price Action Secrets (The Ultimate Guide To Price Action),TradingLab,,
youtube,TradingLab,0L6Rcgp6j7Y,https://www.youtube.com/watch?v=0L6Rcgp6j7Y,Ugw0pQ26QAad2gi2Y5R4AaABAg.9shFF7RZ9OhAF9qfcZzuPV,"for fibonacci, he used 15 mins time frame",2025-03-02T10:00:12Z,2026-10-01T13:26:37.233521+00:00,0,0,,4fa5d46df54d56a5c2ccb47d311b57d09d7c8f2963b2c1857c2feae5464ac45c,Ugw0pQ26QAad2gi2Y5R4AaABAg,youtube-data-api-v3/commentThreads.list,,0L6Rcgp6j7Y,Four Price Action Secrets (The Ultimate Guide To Price Action),TradingLab,,
youtube,TradingLab,0L6Rcgp6j7Y,https://www.youtube.com/watch?v=0L6Rcgp6j7Y,Ugx13yZzbRAcFiTAfAl4AaABAg,"Double like man. I like you TA channel, one of the best for education on algo trading.",2022-11-29T23:26:56Z,2026-10-01T13:26:37.233521+00:00,0,0,,29d32e24bd503b3dd3d619b080672a5b557ae28fffc6e3f85f6c4a9a3da1d9b1,,youtube-data-api-v3/commentThreads.list,,0L6Rcgp6j7Y,Four Price Action Secrets (The Ultimate Guide To Price Action),TradingLab,,
youtube,TradingLab,0L6Rcgp6j7Y,https://www.youtube.com/watch?v=0L6Rcgp6j7Y,UgzL-OXWHJwwEc2JgZJ4AaABAg,"Bro this awesome woooow

You I feel like a pro now,the way you teaching is amazing...

I never thought I will understand forex like this in ma life,then god sent you wow wow woooow❤❤",2023-10-02T00:13:24Z,2026-10-01T13:26:37.233521+00:00,9,0,,e3df8b2451fb98483a0e3c622c6acad23388557d8e091d2785feec0a16a52faf,,youtube-data-api-v3/commentThreads.list,,0L6Rcgp6j7Y,Four Price Action Secrets (The Ultimate Guide To Price Action),TradingLab,,
youtube,TradingLab,0L6Rcgp6j7Y,https://www.youtube.com/watch?v=0L6Rcgp6j7Y,UgzfaSUiVENGTZ5d3o94AaABAg,I am Indian and price action swing treader❤❤❤❤❤,2025-01-23T19:48:12Z,2026-10-01T13:26:37.233521+00:00,1,0,,9c74f1655a63c9a9bf276d6c5775bdd0f0f091c4a3ab7a7b3a143832e0b8a017,,youtube-data-api-v3/commentThreads.list,,0L6Rcgp6j7Y,Four Price Action Secrets (The Ultimate Guide To Price Action),TradingLab,,
youtube,TradingLab,0L6Rcgp6j7Y,https://www.youtube.com/watch?v=0L6Rcgp6j7Y,UgyGnzIQCWikPUfxhbN4AaABAg,"I just want to take the time to appreciate that you are teaching and not just talking. I swear every video on YouTube about this is just “Blah Blah Blah, Technical Analysis, Blah Blah Blah, market moves up or down, blah blah blah, $5 to $1000 in no time…Blah Blah Blah” absolutely makes my brain hurt. You are making it clear and consistent.  Already 1 minute in and I’m actually understand following.",2025-11-03T14:52:46Z,2026-10-01T13:26:37.233521+00:00,17,1,,98410877a947bee760d4370414486a56a246abd26c06b94000a93ad6e8e0c502,,youtube-data-api-v3/commentThreads.list,,0L6Rcgp6j7Y,Four Price Action Secrets (The Ultimate Guide To Price Action),TradingLab,,
youtube,TradingLab,0L6Rcgp6j7Y,https://www.youtube.com/watch?v=0L6Rcgp6j7Y,UgyGnzIQCWikPUfxhbN4AaABAg.AP3nhft6d-MAPJrrUsqjX3,Truly there are only a few places you find value consistently,2025-11-09T20:36:54Z,2026-10-01T13:26:37.233521+00:00,1,0,,52235070e795b625d0550d83bc1891fc7706ca1036ef7e49dac15ee7ce3b367f,UgyGnzIQCWikPUfxhbN4AaABAg,youtube-data-api-v3/commentThreads.list,,0L6Rcgp6j7Y,Four Price Action Secrets (The Ultimate Guide To Price Action),TradingLab,,
youtube,TradingLab,0L6Rcgp6j7Y,https://www.youtube.com/watch?v=0L6Rcgp6j7Y,Ugy43xYZb-7E6DJxyZl4AaABAg,"You should raise your editor pay 😁😁
Btw.. you are helping alot..
Subscribed☑️",2022-10-11T18:20:48Z,2026-10-01T13:26:37.233521+00:00,0,0,,1e4fcc88eb2bdf29a2f54c6ef76cb73d93528026bc08b3c3b27ea6187917828d,,youtube-data-api-v3/commentThreads.list,,0L6Rcgp6j7Y,Four Price Action Secrets (The Ultimate Guide To Price Action),TradingLab,,
youtube,TradingLab,0L6Rcgp6j7Y,https://www.youtube.com/watch?v=0L6Rcgp6j7Y,UgwNWE_lxTWJXuN_gGh4AaABAg,"I don’t think price goes back to the EMA. Quite the opposite in my opinion, I believe the EMA always goes to the price.",2022-08-13T01:14:39Z,2026-10-01T13:26:37.233521+00:00,4,1,,5b0146c8a9b5e6159d8438901ca35b5368f538223fa722e84d4012523a5b47b9,,youtube-data-api-v3/commentThreads.list,,0L6Rcgp6j7Y,Four Price Action Secrets (The Ultimate Guide To Price Action),TradingLab,,
youtube,TradingLab,0L6Rcgp6j7Y,https://www.youtube.com/watch?v=0L6Rcgp6j7Y,UgwNWE_lxTWJXuN_gGh4AaABAg.9ee4eywComHA-NXq41nec4,"No,price goes to ema",2024-02-04T01:13:56Z,2026-10-01T13:26:37.233521+00:00,0,0,,a614936c9f6f0265bddcb7e72452ab3f4ebd9137ec8d7979816a6e92794948fa,UgwNWE_lxTWJXuN_gGh4AaABAg,youtube-data-api-v3/commentThreads.list,,0L6Rcgp6j7Y,Four Price Action Secrets (The Ultimate Guide To Price Action),TradingLab,,
youtube,TradingLab,0L6Rcgp6j7Y,https://www.youtube.com/watch?v=0L6Rcgp6j7Y,UgynWhzK0Kf7Sa7dcyR4AaABAg,Awesome trading strategy for all who wants to make easy money,2023-10-18T02:34:12Z,2026-10-01T13:26:37.233521+00:00,0,0,,c65ec2ef619664acdfec9c8a70733de418f66a47633f94b770cc23c04952d88f,,youtube-data-api-v3/commentThreads.list,,0L6Rcgp6j7Y,Four Price Action Secrets (The Ultimate Guide To Price Action),TradingLab,,
youtube,TradingLab,0L6Rcgp6j7Y,https://www.youtube.com/watch?v=0L6Rcgp6j7Y,Ugx2OqjjbqNZUzaGFFx4AaABAg,1:20 video start here,2024-12-22T17:03:59Z,2026-10-01T13:26:37.233521+00:00,19,2,,608f2c2ac202f5d6d2579f0f9427dca8dac16e48dfe2b7f3d76e5cf65eec6e6c,,youtube-data-api-v3/commentThreads.list,,0L6Rcgp6j7Y,Four Price Action Secrets (The Ultimate Guide To Price Action),TradingLab,,
youtube,TradingLab,0L6Rcgp6j7Y,https://www.youtube.com/watch?v=0L6Rcgp6j7Y,Ugx2OqjjbqNZUzaGFFx4AaABAg.ACMMXHogRWlAN5cM22B8fm,"I can't understand this video 
Dear",2025-09-15T14:49:15Z,2026-10-01T13:26:37.233521+00:00,0,0,,2510f238454c83b5306803c8651aaa54918305cf8902e1a1618dd419e0172911,Ugx2OqjjbqNZUzaGFFx4AaABAg,youtube-data-api-v3/commentThreads.list,,0L6Rcgp6j7Y,Four Price Action Secrets (The Ultimate Guide To Price Action),TradingLab,,
youtube,TradingLab,0L6Rcgp6j7Y,https://www.youtube.com/watch?v=0L6Rcgp6j7Y,Ugx2OqjjbqNZUzaGFFx4AaABAg.ACMMXHogRWlAaYLiUJke5L,"Lets get straight to it, after wasting a full 1:20",2026-09-09T17:52:39Z,2026-10-01T13:26:37.233521+00:00,0,0,,633bb39c8154ead7fc4173b2ce597cd2e6e6d297a08d5750e9489d398d7075c2,Ugx2OqjjbqNZUzaGFFx4AaABAg,youtube-data-api-v3/commentThreads.list,,0L6Rcgp6j7Y,Four Price Action Secrets (The Ultimate Guide To Price Action),TradingLab,,
youtube,TradingLab,0L6Rcgp6j7Y,https://www.youtube.com/watch?v=0L6Rcgp6j7Y,Ugz3dRYVMj2z6sF9ZoV4AaABAg,Thanks for the great and informative content,2023-05-29T13:35:06Z,2026-10-01T13:26:37.233521+00:00,8,1,,123b7a34a2056391cbc8878f793ba09fd2b68e2af80ae65b9e3f31e635cc98c2,,youtube-data-api-v3/commentThreads.list,,0L6Rcgp6j7Y,Four Price Action Secrets (The Ultimate Guide To Price Action),TradingLab,,
youtube,TradingLab,0L6Rcgp6j7Y,https://www.youtube.com/watch?v=0L6Rcgp6j7Y,UgzgDF5Rei8Zjore3ad4AaABAg,fantastic firsttime aiwatch this new in forex  alredy testing aud pair they drop the price hard,2024-10-25T05:28:40Z,2026-10-01T13:26:37.233521+00:00,0,0,,ff15d9f2d9604386b0147cbef0a1b2569067afddd436f4a098896472571cf497,,youtube-data-api-v3/commentThreads.list,,0L6Rcgp6j7Y,Four Price Action Secrets (The Ultimate Guide To Price Action),TradingLab,,
youtube,TradingLab,0L6Rcgp6j7Y,https://www.youtube.com/watch?v=0L6Rcgp6j7Y,UgyFx3wBI5r5fFB-k_94AaABAg,"When using the Fib retracement how long of a timeframe should be used to get the best results?  - Thanks, great info.",2023-07-22T15:49:08Z,2026-10-01T13:26:37.233521+00:00,3,1,,3a01d280feb459237e1202d1a7a21bf7c0f4a7bae85974f7047874c2b478bb70,,youtube-data-api-v3/commentThreads.list,,0L6Rcgp6j7Y,Four Price Action Secrets (The Ultimate Guide To Price Action),TradingLab,,
youtube,TradingLab,0L6Rcgp6j7Y,https://www.youtube.com/watch?v=0L6Rcgp6j7Y,UgyFx3wBI5r5fFB-k_94AaABAg.9sTqOxG_KT7A-WGFIPRIZM,Holiday time for him. Noo time to answer 😅😅😅,2024-02-07T10:33:23Z,2026-10-01T13:26:37.233521+00:00,0,0,,5832932c651f133d512a2dab4c302f57b7ee19c8e5e223f90c447489da6dbd92,UgyFx3wBI5r5fFB-k_94AaABAg,youtube-data-api-v3/commentThreads.list,,0L6Rcgp6j7Y,Four Price Action Secrets (The Ultimate Guide To Price Action),TradingLab,,
youtube,TradingLab,0L6Rcgp6j7Y,https://www.youtube.com/watch?v=0L6Rcgp6j7Y,Ugwy7HaXagiR_aNMaW94AaABAg,Liked and sub very clear and very good video,2024-09-18T02:42:19Z,2026-10-01T13:26:37.233521+00:00,0,0,,be4a4107478771f56fc8e468aab61f878c41c5eaf5af8b3cebbc5efc950d9605,,youtube-data-api-v3/commentThreads.list,,0L6Rcgp6j7Y,Four Price Action Secrets (The Ultimate Guide To Price Action),TradingLab,,
youtube,TradingLab,0L6Rcgp6j7Y,https://www.youtube.com/watch?v=0L6Rcgp6j7Y,UgxVJHQpgGTWiQPepO14AaABAg,"I didn’t get into crypto believing it was quick cash. I began with uncertainty and setbacks, spent years studying market movements, managing risk, developing patience, and gradually building a disciplined approach to trading and investing that many people rarely discuss.",2026-03-06T22:43:23Z,2026-10-01T13:26:37.233521+00:00,26,11,,3aeea9766c9ef4ebc05159e461906bc274491a1b1a9a8469880e0ce52dfbd0cc,,youtube-data-api-v3/commentThreads.list,,0L6Rcgp6j7Y,Four Price Action Secrets (The Ultimate Guide To Price Action),TradingLab,,
youtube,TradingLab,0L6Rcgp6j7Y,https://www.youtube.com/watch?v=0L6Rcgp6j7Y,UgxVJHQpgGTWiQPepO14AaABAg.AU1MLDk37keAU1Mb3EQhYw,"Yeah, exactly. When I first started, I kept making mistakes because I didn’t really understand how the market moves. Things changed when I started following CHRIS JAMES —he really helped me see how to read price, manage risk, and be patient. It’s not easy, but learning from him made everything click, and now trading actually makes sense.",2026-03-06T22:45:41Z,2026-10-01T13:26:37.233521+00:00,0,0,,1fbc7196f38fa683632ee13d6f06e603726b7763f4dedf96abbc1a5a1eb7d746,UgxVJHQpgGTWiQPepO14AaABAg,youtube-data-api-v3/commentThreads.list,,0L6Rcgp6j7Y,Four Price Action Secrets (The Ultimate Guide To Price Action),TradingLab,,
youtube,TradingLab,0L6Rcgp6j7Y,https://www.youtube.com/watch?v=0L6Rcgp6j7Y,UgxVJHQpgGTWiQPepO14AaABAg.AU1MLDk37keAU1Meu7IDst,"That’s really interesting! I’ve been hearing Rolando Mario’s name a lot lately. How did you start learning from him? Did he share his methods somewhere, or was it more personal guidance?",2026-03-06T22:46:13Z,2026-10-01T13:26:37.233521+00:00,0,0,,7ed057cba7050dd704503bb7002151846948730c5b6102fe5b8a702ae110773f,UgxVJHQpgGTWiQPepO14AaABAg,youtube-data-api-v3/commentThreads.list,,0L6Rcgp6j7Y,Four Price Action Secrets (The Ultimate Guide To Price Action),TradingLab,,
youtube,TradingLab,0L6Rcgp6j7Y,https://www.youtube.com/watch?v=0L6Rcgp6j7Y,UgxVJHQpgGTWiQPepO14AaABAg.AU1MLDk37keAU1MjBpnoXs,that sounds really helpful. I’m just starting with crypto and honestly feel a bit lost. How can I learn from CHRIS JAMES too? Is there a way to follow his methods or get some guidance from him?,2026-03-06T22:46:48Z,2026-10-01T13:26:37.233521+00:00,0,0,,3aa3effe32fae8888b32bc5991ccc4552291700c7bc402511577291d728ecfc8,UgxVJHQpgGTWiQPepO14AaABAg,youtube-data-api-v3/commentThreads.list,,0L6Rcgp6j7Y,Four Price Action Secrets (The Ultimate Guide To Price Action),TradingLab,,
youtube,TradingLab,0L6Rcgp6j7Y,https://www.youtube.com/watch?v=0L6Rcgp6j7Y,UgxVJHQpgGTWiQPepO14AaABAg.AU1MLDk37keAU1Mn3ZkYW7,"If there’s a legit way to follow his ideas or learn directly from him, I’d like to know.",2026-03-06T22:47:19Z,2026-10-01T13:26:37.233521+00:00,0,0,,8d78c135166f4ce845ce4d77ac0c471cdc90e6dc6af7bccbf3839380561e7037,UgxVJHQpgGTWiQPepO14AaABAg,youtube-data-api-v3/commentThreads.list,,0L6Rcgp6j7Y,Four Price Action Secrets (The Ultimate Guide To Price Action),TradingLab,,
youtube,TradingLab,0L6Rcgp6j7Y,https://www.youtube.com/watch?v=0L6Rcgp6j7Y,UgxVJHQpgGTWiQPepO14AaABAg.AU1MLDk37keAU1Mqo_y0TC,Absolutely. That mentor really helped me understand how to analyze the market properly and manage risk more effectively. Applying that approach has made trading feel much clearer and more structured for me.,2026-03-06T22:47:50Z,2026-10-01T13:26:37.233521+00:00,0,0,,9e14580aa7255f70b01904ac63525eebb271f63c280b9b6c6d9f3886206daf3f,UgxVJHQpgGTWiQPepO14AaABAg,youtube-data-api-v3/commentThreads.list,,0L6Rcgp6j7Y,Four Price Action Secrets (The Ultimate Guide To Price Action),TradingLab,,
youtube,TradingLab,0L6Rcgp6j7Y,https://www.youtube.com/watch?v=0L6Rcgp6j7Y,Ugxd5ddu6eqxF3zdiqR4AaABAg,"I Hit $87,590 today. Thank you for all the knowledge and nuggets you had thrown my way over the last week. i started with 20k in last week 2025... now i just hit $87,590..",2025-05-05T09:38:06Z,2026-10-01T13:26:37.233521+00:00,125,7,,748b9fb5795ed2ff476297fc378908f4243a55caac6804e579735b693c41cccd,,youtube-data-api-v3/commentThreads.list,,0L6Rcgp6j7Y,Four Price Action Secrets (The Ultimate Guide To Price Action),TradingLab,,
youtube,TradingLab,0L6Rcgp6j7Y,https://www.youtube.com/watch?v=0L6Rcgp6j7Y,Ugxd5ddu6eqxF3zdiqR4AaABAg.AHjb0lq-xm6AHjbgQDvhzh,he's mostly on Telegrams using the user.,2025-05-05T09:43:55Z,2026-10-01T13:26:37.233521+00:00,0,0,,748b9fb5795ed2ff476297fc378908f4243a55caac6804e579735b693c41cccd,Ugxd5ddu6eqxF3zdiqR4AaABAg,youtube-data-api-v3/commentThreads.list,,0L6Rcgp6j7Y,Four Price Action Secrets (The Ultimate Guide To Price Action),TradingLab,,
youtube,TradingLab,0L6Rcgp6j7Y,https://www.youtube.com/watch?v=0L6Rcgp6j7Y,Ugxd5ddu6eqxF3zdiqR4AaABAg.AHjb0lq-xm6AHjbikA93UZ,@Rolandopx THAT IS IT,2025-05-05T09:44:14Z,2026-10-01T13:26:37.233521+00:00,0,0,,748b9fb5795ed2ff476297fc378908f4243a55caac6804e579735b693c41cccd,Ugxd5ddu6eqxF3zdiqR4AaABAg,youtube-data-api-v3/commentThreads.list,,0L6Rcgp6j7Y,Four Price Action Secrets (The Ultimate Guide To Price Action),TradingLab,,
youtube,TradingLab,0L6Rcgp6j7Y,https://www.youtube.com/watch?v=0L6Rcgp6j7Y,Ugxd5ddu6eqxF3zdiqR4AaABAg.AHjb0lq-xm6AHjbkU9QjSP,please make sure  you write the USER NAME complete,2025-05-05T09:44:29Z,2026-10-01T13:26:37.233521+00:00,0,0,,748b9fb5795ed2ff476297fc378908f4243a55caac6804e579735b693c41cccd,Ugxd5ddu6eqxF3zdiqR4AaABAg,youtube-data-api-v3/commentThreads.list,,0L6Rcgp6j7Y,Four Price Action Secrets (The Ultimate Guide To Price Action),TradingLab,,
youtube,TradingLab,0L6Rcgp6j7Y,https://www.youtube.com/watch?v=0L6Rcgp6j7Y,Ugxd5ddu6eqxF3zdiqR4AaABAg.AHjb0lq-xm6AI_3YNbApvC,Damn bots. SCAM!!!,2025-05-26T03:55:51Z,2026-10-01T13:26:37.233521+00:00,6,0,,434bf4f5b751e2c6a74078ec3b3147e228ecb26e0c150420e1977634e56e4a16,Ugxd5ddu6eqxF3zdiqR4AaABAg,youtube-data-api-v3/commentThreads.list,,0L6Rcgp6j7Y,Four Price Action Secrets (The Ultimate Guide To Price Action),TradingLab,,
youtube,TradingLab,0L6Rcgp6j7Y,https://www.youtube.com/watch?v=0L6Rcgp6j7Y,Ugxd5ddu6eqxF3zdiqR4AaABAg.AHjb0lq-xm6ALQlBoJvi3B,"Hello, I am Soroush, a 19-year-old young man. I have been training for trading for 2 years and I have my own training and strategy. I have been training with a demo account for 3 months and I fully trust my strategy. Now I have no money for the initial capital for trading. Can anyone lend me just 100 dollars? I promise that I will return it as soon as possible.😮‍💨



Reply",2025-08-05T02:47:45Z,2026-10-01T13:26:37.233521+00:00,0,0,,97cb97e12b1dae8354a98ae4df48107fd14790fdabfab3b901825c535dfdd4a9,Ugxd5ddu6eqxF3zdiqR4AaABAg,youtube-data-api-v3/commentThreads.list,,0L6Rcgp6j7Y,Four Price Action Secrets (The Ultimate Guide To Price Action),TradingLab,,
youtube,TradingLab,0L6Rcgp6j7Y,https://www.youtube.com/watch?v=0L6Rcgp6j7Y,Ugxb_3Ej2QP1LtfO-PV4AaABAg,Can you do more price action videos please,2022-12-05T17:26:17Z,2026-10-01T13:26:37.233521+00:00,0,0,,82e93c05afe044b89388554f88e91029056ce35bef7a88f58d33eec7644b4731,,youtube-data-api-v3/commentThreads.list,,0L6Rcgp6j7Y,Four Price Action Secrets (The Ultimate Guide To Price Action),TradingLab,,
youtube,TradingLab,0L6Rcgp6j7Y,https://www.youtube.com/watch?v=0L6Rcgp6j7Y,UgzG-DPtklLd-boqYQV4AaABAg,"With that fib pullback, you said it dipped to only the 0.6 line so that you should get in to the trade at that point, but how do you know if that's where the dip stops? Like couldn't it have just carried on going down to the 0.382 line? I feel like you're not explaining this fully",2023-08-22T17:15:38Z,2026-10-01T13:26:37.233521+00:00,6,1,,cc824fb676caf2fe0fffe8166e6fc6d84cd2399a8cac044f6dafa4d1ffabb6a9,,youtube-data-api-v3/commentThreads.list,,0L6Rcgp6j7Y,Four Price Action Secrets (The Ultimate Guide To Price Action),TradingLab,,
youtube,TradingLab,0L6Rcgp6j7Y,https://www.youtube.com/watch?v=0L6Rcgp6j7Y,UgzG-DPtklLd-boqYQV4AaABAg.9tiow_vEZKgAHmU0LL8J73,"Well, when it’s explained, when the market gets into 0.5 use the rectangle to draw btwn 0.5 and 0.6
And expect a huge move up out of your rectangle after that candle is closed, enter the market with your stops below 0.6 make sure your give a breathing space",2025-05-06T12:25:52Z,2026-10-01T13:26:37.233521+00:00,0,0,,721944e6f0aa4f2ff3963f70710785896ae72eae88dd75dc94cb819ecbbb9254,UgzG-DPtklLd-boqYQV4AaABAg,youtube-data-api-v3/commentThreads.list,,0L6Rcgp6j7Y,Four Price Action Secrets (The Ultimate Guide To Price Action),TradingLab,,
youtube,TradingLab,0L6Rcgp6j7Y,https://www.youtube.com/watch?v=0L6Rcgp6j7Y,Ugzsk7Vswo1YO4aX6H54AaABAg,Excellent video,2023-11-17T14:45:09Z,2026-10-01T13:26:37.233521+00:00,0,0,,bda9d566b56adf8771470aeeb687b6270a6ce520aea4f5090f7b8a944e327dd9,,youtube-data-api-v3/commentThreads.list,,0L6Rcgp6j7Y,Four Price Action Secrets (The Ultimate Guide To Price Action),TradingLab,,
youtube,TradingLab,0L6Rcgp6j7Y,https://www.youtube.com/watch?v=0L6Rcgp6j7Y,UgyVStWcVQW6s8iGWlh4AaABAg,"1. live beneath your means
2. save for an emergency fund
3. invest in index funds as soon as possible 
4. start an account to buy the stocks you like (see if you can do better than an index fund over 5 years)
5. invest in yourself and make yourself invaluable so you will get paid more",2025-08-23T21:06:32Z,2026-10-01T13:26:37.233521+00:00,145,12,,cd98f590bab1d01a6545e2c265d7ba299760a4c9226ac708ed8d68267a91fa5d,,youtube-data-api-v3/commentThreads.list,,0L6Rcgp6j7Y,Four Price Action Secrets (The Ultimate Guide To Price Action),TradingLab,,
youtube,TradingLab,0L6Rcgp6j7Y,https://www.youtube.com/watch?v=0L6Rcgp6j7Y,UgyVStWcVQW6s8iGWlh4AaABAg.AMB4FEK_gKAAMB4Y2YahYY,The best and simple 5 steps to financial freedom and nirvana,2025-08-23T21:09:06Z,2026-10-01T13:26:37.233521+00:00,0,0,,e1f29c79026426cea5f9dc2c1b25c92f2f942d037bb19bfffaecaea5dcf64a4e,UgyVStWcVQW6s8iGWlh4AaABAg,youtube-data-api-v3/commentThreads.list,,0L6Rcgp6j7Y,Four Price Action Secrets (The Ultimate Guide To Price Action),TradingLab,,
youtube,TradingLab,0L6Rcgp6j7Y,https://www.youtube.com/watch?v=0L6Rcgp6j7Y,UgyVStWcVQW6s8iGWlh4AaABAg.AMB4FEK_gKAAMB4tr7c8VS,I'm dumb because I don't understand stocks and investing. I'm like a 1 year old when it comes to finance. Where can I learn financial education?,2025-08-23T21:12:13Z,2026-10-01T13:26:37.233521+00:00,0,0,,b2e53e35309ab9f0649291adb4183e893fa2cd856be847007c148a5f1808f7c1,UgyVStWcVQW6s8iGWlh4AaABAg,youtube-data-api-v3/commentThreads.list,,0L6Rcgp6j7Y,Four Price Action Secrets (The Ultimate Guide To Price Action),TradingLab,,
youtube,TradingLab,0L6Rcgp6j7Y,https://www.youtube.com/watch?v=0L6Rcgp6j7Y,UgyVStWcVQW6s8iGWlh4AaABAg.AMB4FEK_gKAAMB54ExU27s,"firstly  - you aren't dumb because you have a desire to learn  /
All it takes is some kindness and time from another person to explain things to you in  a slow understandable manner...",2025-08-23T21:13:46Z,2026-10-01T13:26:37.233521+00:00,2,0,,cd98f590bab1d01a6545e2c265d7ba299760a4c9226ac708ed8d68267a91fa5d,UgyVStWcVQW6s8iGWlh4AaABAg,youtube-data-api-v3/commentThreads.list,,0L6Rcgp6j7Y,Four Price Action Secrets (The Ultimate Guide To Price Action),TradingLab,,
youtube,TradingLab,0L6Rcgp6j7Y,https://www.youtube.com/watch?v=0L6Rcgp6j7Y,UgyVStWcVQW6s8iGWlh4AaABAg.AMB4FEK_gKAAMB5QCRRz6E,"Talking about coaching, do u consider anyone worthy for recommendations? I have about 100k to taste the waters now that large cap stocks are at a discount... thanks",2025-08-23T21:16:46Z,2026-10-01T13:26:37.233521+00:00,0,0,,e5346d166219117a9a2bea051fed19a9ef6542fd08e56b3d9aa3d3923b1ad41d,UgyVStWcVQW6s8iGWlh4AaABAg,youtube-data-api-v3/commentThreads.list,,0L6Rcgp6j7Y,Four Price Action Secrets (The Ultimate Guide To Price Action),TradingLab,,
youtube,TradingLab,0L6Rcgp6j7Y,https://www.youtube.com/watch?v=0L6Rcgp6j7Y,UgyVStWcVQW6s8iGWlh4AaABAg.AMB4FEK_gKAAMB5pIrKjvy,"I've shuffled through investment coaches and yes, they can be positively impactful to an individual's portfolio, but do your due diligence to find a coach with grit, one that withstood the 08' crash. For me, Edwin Patrick turned out to be better and smarter than all the advisors I ever worked with till date, I’ve never met anyone with as much conviction",2025-08-23T21:20:20Z,2026-10-01T13:26:37.233521+00:00,0,0,,cd98f590bab1d01a6545e2c265d7ba299760a4c9226ac708ed8d68267a91fa5d,UgyVStWcVQW6s8iGWlh4AaABAg,youtube-data-api-v3/commentThreads.list,,0L6Rcgp6j7Y,Four Price Action Secrets (The Ultimate Guide To Price Action),TradingLab,,
youtube,TradingLab,0L6Rcgp6j7Y,https://www.youtube.com/watch?v=0L6Rcgp6j7Y,UgwgPOxq0P1K4cPwfRx4AaABAg,"You are amazing ! All the information you have on the channel is just wow! 
I have a small question 

If the doji candle is followed by a candle with a wick and then two candles without a wick is it still considered the same?",2024-07-23T09:41:38Z,2026-10-01T13:26:37.233521+00:00,2,1,,95dec123efe991299c9e92142e51f39f9b8dfeca3b92bb1eef7a86b5a14b10a8,,youtube-data-api-v3/commentThreads.list,,0L6Rcgp6j7Y,Four Price Action Secrets (The Ultimate Guide To Price Action),TradingLab,,
youtube,TradingLab,0L6Rcgp6j7Y,https://www.youtube.com/watch?v=0L6Rcgp6j7Y,UgwgPOxq0P1K4cPwfRx4AaABAg.A6EB4PwEeSFADyYkyMxYIe,עבד לך השיטות שלו סך הכל או שבדיעבד זה סתם תרמית?,2025-01-31T18:52:38Z,2026-10-01T13:26:37.233521+00:00,0,0,,326ded2bb88e4f2c3aa92af6fb9aaebf683f8347a7d4e677cb1dbc012fe82164,UgwgPOxq0P1K4cPwfRx4AaABAg,youtube-data-api-v3/commentThreads.list,,0L6Rcgp6j7Y,Four Price Action Secrets (The Ultimate Guide To Price Action),TradingLab,,
youtube,TradingLab,0L6Rcgp6j7Y,https://www.youtube.com/watch?v=0L6Rcgp6j7Y,UgwCULZbsiaecMPplP54AaABAg,"Trading is the real investment. The process of trading can be complicated when you have limited knowledge. However, with the right strategy and setups, you can be successful. That's the whole point of investing..",2025-06-01T15:03:11Z,2026-10-01T13:26:37.233521+00:00,83,5,,bde22efe15c2a424414fde94b9957cf57099aba9100e3ac1724b880ad4b645f7,,youtube-data-api-v3/commentThreads.list,,0L6Rcgp6j7Y,Four Price Action Secrets (The Ultimate Guide To Price Action),TradingLab,,
youtube,TradingLab,0L6Rcgp6j7Y,https://www.youtube.com/watch?v=0L6Rcgp6j7Y,UgwCULZbsiaecMPplP54AaABAg.AIphgKUjIjfAIpi9d-XbSF,he's mostly on Telegrams using the user.,2025-06-01T15:07:19Z,2026-10-01T13:26:37.233521+00:00,0,0,,bde22efe15c2a424414fde94b9957cf57099aba9100e3ac1724b880ad4b645f7,UgwCULZbsiaecMPplP54AaABAg,youtube-data-api-v3/commentThreads.list,,0L6Rcgp6j7Y,Four Price Action Secrets (The Ultimate Guide To Price Action),TradingLab,,
youtube,TradingLab,0L6Rcgp6j7Y,https://www.youtube.com/watch?v=0L6Rcgp6j7Y,UgwCULZbsiaecMPplP54AaABAg.AIphgKUjIjfAIpiBBqtjTr,@Rolandopx THAT IS IT,2025-06-01T15:07:32Z,2026-10-01T13:26:37.233521+00:00,0,0,,bde22efe15c2a424414fde94b9957cf57099aba9100e3ac1724b880ad4b645f7,UgwCULZbsiaecMPplP54AaABAg,youtube-data-api-v3/commentThreads.list,,0L6Rcgp6j7Y,Four Price Action Secrets (The Ultimate Guide To Price Action),TradingLab,,
youtube,TradingLab,0L6Rcgp6j7Y,https://www.youtube.com/watch?v=0L6Rcgp6j7Y,UgwCULZbsiaecMPplP54AaABAg.AIphgKUjIjfAIpiC_SDpxb,please make sure  you write the USER NAME complete He's verified...,2025-06-01T15:07:43Z,2026-10-01T13:26:37.233521+00:00,0,0,,bde22efe15c2a424414fde94b9957cf57099aba9100e3ac1724b880ad4b645f7,UgwCULZbsiaecMPplP54AaABAg,youtube-data-api-v3/commentThreads.list,,0L6Rcgp6j7Y,Four Price Action Secrets (The Ultimate Guide To Price Action),TradingLab,,
youtube,TradingLab,0L6Rcgp6j7Y,https://www.youtube.com/watch?v=0L6Rcgp6j7Y,UgwCULZbsiaecMPplP54AaABAg.AIphgKUjIjfAIpiIrFY8um,"Yeah, I agree with you.Rolando Diaz has always been on the top of my list..more folks like him are needed in the digital investment scene, mate.",2025-06-01T15:08:34Z,2026-10-01T13:26:37.233521+00:00,1,0,,d57225b8b03665af3ef71e997d8b78e8800c633aa841d87ef6afb49fc8dba111,UgwCULZbsiaecMPplP54AaABAg,youtube-data-api-v3/commentThreads.list,,0L6Rcgp6j7Y,Four Price Action Secrets (The Ultimate Guide To Price Action),TradingLab,,
youtube,TradingLab,0L6Rcgp6j7Y,https://www.youtube.com/watch?v=0L6Rcgp6j7Y,UgwCULZbsiaecMPplP54AaABAg.AIphgKUjIjfANoQejEy7_m,Give us more information on how to become successful in trading and investment using right setups and strategies.,2025-10-03T09:43:24Z,2026-10-01T13:26:37.233521+00:00,0,0,,7e7e006d43b53520cdf8679e6130122e5d7f639214df9f5aba655aabfae9f866,UgwCULZbsiaecMPplP54AaABAg,youtube-data-api-v3/commentThreads.list,,0L6Rcgp6j7Y,Four Price Action Secrets (The Ultimate Guide To Price Action),TradingLab,,
youtube,TradingLab,0L6Rcgp6j7Y,https://www.youtube.com/watch?v=0L6Rcgp6j7Y,UgzGf9KtdhtBVE-xwf94AaABAg,Thank you for this 😊,2025-11-01T20:32:08Z,2026-10-01T13:26:37.233521+00:00,0,0,,00809a80964bc01a58a362fa645b41ee1c9394d635eda2b9f4ac65945f49c10d,,youtube-data-api-v3/commentThreads.list,,0L6Rcgp6j7Y,Four Price Action Secrets (The Ultimate Guide To Price Action),TradingLab,,
youtube,TradingLab,0L6Rcgp6j7Y,https://www.youtube.com/watch?v=0L6Rcgp6j7Y,UgzZFWoOyUdjCLksiUN4AaABAg,"Fib is drawn incorrectly at 6:46, price retraces to .382 level before bouncing off, not 618",2022-09-21T07:51:26Z,2026-10-01T13:26:37.233521+00:00,14,4,,0e05c2b13a7b32756e4eef154e0906b9d2a27be07e84236444ccec2c21ff9927,,youtube-data-api-v3/commentThreads.list,,0L6Rcgp6j7Y,Four Price Action Secrets (The Ultimate Guide To Price Action),TradingLab,,
youtube,TradingLab,0L6Rcgp6j7Y,https://www.youtube.com/watch?v=0L6Rcgp6j7Y,UgzZFWoOyUdjCLksiUN4AaABAg.9gED4CTo2PS9wSfPxAqK6s,I thought the same thing. Confused me when I saw a pull back in an uptrend hit the .618 before the .382,2023-10-29T14:59:30Z,2026-10-01T13:26:37.233521+00:00,0,0,,ab5c0392b0ea6b4013088d70e6ccee1c247298a80ffc2045331d1f70ca27e629,UgzZFWoOyUdjCLksiUN4AaABAg,youtube-data-api-v3/commentThreads.list,,0L6Rcgp6j7Y,Four Price Action Secrets (The Ultimate Guide To Price Action),TradingLab,,
youtube,TradingLab,0L6Rcgp6j7Y,https://www.youtube.com/watch?v=0L6Rcgp6j7Y,UgzZFWoOyUdjCLksiUN4AaABAg.9gED4CTo2PSA-g_3pdVLHF,same,2024-02-11T19:58:14Z,2026-10-01T13:26:37.233521+00:00,0,0,,413721e714afbdf5da6b594e5ee767c2eddfb052edfa72cf2217832cebb74040,UgzZFWoOyUdjCLksiUN4AaABAg,youtube-data-api-v3/commentThreads.list,,0L6Rcgp6j7Y,Four Price Action Secrets (The Ultimate Guide To Price Action),TradingLab,,
youtube,TradingLab,0L6Rcgp6j7Y,https://www.youtube.com/watch?v=0L6Rcgp6j7Y,UgzZFWoOyUdjCLksiUN4AaABAg.9gED4CTo2PSA-ux0z-p8Mw,618 is stronger than .382,2024-02-17T09:56:55Z,2026-10-01T13:26:37.233521+00:00,1,0,,0d350b4ea2fa960815dccbe04f4b4002ef3ced4c91ac753af66fd56dfb7b4ab6,UgzZFWoOyUdjCLksiUN4AaABAg,youtube-data-api-v3/commentThreads.list,,0L6Rcgp6j7Y,Four Price Action Secrets (The Ultimate Guide To Price Action),TradingLab,,
youtube,TradingLab,0L6Rcgp6j7Y,https://www.youtube.com/watch?v=0L6Rcgp6j7Y,UgzZFWoOyUdjCLksiUN4AaABAg.9gED4CTo2PSA94Bgd63ILP,"Came To The Comments For This. Anyways Wish This Guy Success, Nice Edit Though On His Video",2024-10-02T02:08:46Z,2026-10-01T13:26:37.234522+00:00,0,0,,062debf4925469de163bc332af569b3020ba0fe6c68e8039cf16039a62d3e35a,UgzZFWoOyUdjCLksiUN4AaABAg,youtube-data-api-v3/commentThreads.list,,0L6Rcgp6j7Y,Four Price Action Secrets (The Ultimate Guide To Price Action),TradingLab,,
youtube,TradingLab,0L6Rcgp6j7Y,https://www.youtube.com/watch?v=0L6Rcgp6j7Y,UgwuWFNjwdA0LLtU0wF4AaABAg,Wow superb strategy,2024-12-06T08:18:58Z,2026-10-01T13:26:37.234522+00:00,0,0,,a9f8cc41c935980a9436f009c6f01810acc9587bdd4db9a3b34d9ccb10f52e3e,,youtube-data-api-v3/commentThreads.list,,0L6Rcgp6j7Y,Four Price Action Secrets (The Ultimate Guide To Price Action),TradingLab,,
youtube,TradingLab,0L6Rcgp6j7Y,https://www.youtube.com/watch?v=0L6Rcgp6j7Y,UgwFrL_45e6c2C7Nz7J4AaABAg,"I'm completely new to trading. I've watched numerous tutorials, but I'm still struggling to grasp the concepts. I'm eager to learn the ropes properly, and you seem to have a good handle on it. Those charts just confuse me. My goal is to become a profitable trader, but I'm uncertain how to implement risk management strategies. Since joining a trading channel, I've already lost $62k. I'm baffled by how people actually make significant profits in trading",2025-07-03T02:17:48Z,2026-10-01T13:26:37.234522+00:00,110,2,,17555eadbe48b705466142066fd8d980f072ca8a6a3d10de8d59c48ccdb716c9,,youtube-data-api-v3/commentThreads.list,,0L6Rcgp6j7Y,Four Price Action Secrets (The Ultimate Guide To Price Action),TradingLab,,
youtube,TradingLab,0L6Rcgp6j7Y,https://www.youtube.com/watch?v=0L6Rcgp6j7Y,UgwFrL_45e6c2C7Nz7J4AaABAg.AK5jXXFFhqYAK5koKBYqF3,Thank you for this tip. it was easy to find your coach,2025-07-03T02:28:58Z,2026-10-01T13:26:37.234522+00:00,0,0,,17555eadbe48b705466142066fd8d980f072ca8a6a3d10de8d59c48ccdb716c9,UgwFrL_45e6c2C7Nz7J4AaABAg,youtube-data-api-v3/commentThreads.list,,0L6Rcgp6j7Y,Four Price Action Secrets (The Ultimate Guide To Price Action),TradingLab,,
youtube,TradingLab,0L6Rcgp6j7Y,https://www.youtube.com/watch?v=0L6Rcgp6j7Y,UgwFrL_45e6c2C7Nz7J4AaABAg.AK5jXXFFhqYAP1Lj6oFuT_,Watch tjr,2025-11-02T16:01:05Z,2026-10-01T13:26:37.234522+00:00,0,0,,a927fbad640b9e649d8cab651a8283d413b00ba073a155d0cf5cb0249f902d45,UgwFrL_45e6c2C7Nz7J4AaABAg,youtube-data-api-v3/commentThreads.list,,0L6Rcgp6j7Y,Four Price Action Secrets (The Ultimate Guide To Price Action),TradingLab,,
youtube,TradingLab,0L6Rcgp6j7Y,https://www.youtube.com/watch?v=0L6Rcgp6j7Y,UgwwMwGNh4pGMgtI2CV4AaABAg,Thanks for your video. You have a great & beautiful voice. Your explanation is very to understand & helpful. ❤,2024-02-17T09:51:31Z,2026-10-01T13:26:37.234522+00:00,0,0,,0d350b4ea2fa960815dccbe04f4b4002ef3ced4c91ac753af66fd56dfb7b4ab6,,youtube-data-api-v3/commentThreads.list,,0L6Rcgp6j7Y,Four Price Action Secrets (The Ultimate Guide To Price Action),TradingLab,,
youtube,TradingLab,0L6Rcgp6j7Y,https://www.youtube.com/watch?v=0L6Rcgp6j7Y,Ugy7VNZjUF8u3gf83ll4AaABAg,"I came into trading with high expectations, only to realize how misleading simplicity can be...Volatile markets and inconsistent advice led to confusion, and despite testing different approaches, results haven’t followed. Instead of staying frustrated by others progress, I’m seeking solid, practical guidance to rebuild my approach the right way.",2026-03-28T12:16:28Z,2026-10-01T13:26:37.234522+00:00,45,14,,bc892307e824b498d49171b3416ba5f2172069240283b1a90068698dde074750,,youtube-data-api-v3/commentThreads.list,,0L6Rcgp6j7Y,Four Price Action Secrets (The Ultimate Guide To Price Action),TradingLab,,
youtube,TradingLab,0L6Rcgp6j7Y,https://www.youtube.com/watch?v=0L6Rcgp6j7Y,Ugy7VNZjUF8u3gf83ll4AaABAg.AUtt4qeyjE3AUttI_C0yfc,"Depending on scattered advice online only stretched losses further. The shift happened once consistent, logical guidance replaced guesswork. Understanding the purpose behind each setup made trading feel grounded instead of uncertain.",2026-03-28T12:18:21Z,2026-10-01T13:26:37.234522+00:00,0,0,,fbeaf716ec3135a391a94cef8a8842ed1a1276119a1d498fdedceff780e8e6cb,Ugy7VNZjUF8u3gf83ll4AaABAg,youtube-data-api-v3/commentThreads.list,,0L6Rcgp6j7Y,Four Price Action Secrets (The Ultimate Guide To Price Action),TradingLab,,
youtube,TradingLab,0L6Rcgp6j7Y,https://www.youtube.com/watch?v=0L6Rcgp6j7Y,Ugy7VNZjUF8u3gf83ll4AaABAg.AUtt4qeyjE3AUttJfeJKuu,How did you make that shift?,2026-03-28T12:18:30Z,2026-10-01T13:26:37.234522+00:00,0,0,,bc892307e824b498d49171b3416ba5f2172069240283b1a90068698dde074750,Ugy7VNZjUF8u3gf83ll4AaABAg,youtube-data-api-v3/commentThreads.list,,0L6Rcgp6j7Y,Four Price Action Secrets (The Ultimate Guide To Price Action),TradingLab,,
youtube,TradingLab,0L6Rcgp6j7Y,https://www.youtube.com/watch?v=0L6Rcgp6j7Y,Ugy7VNZjUF8u3gf83ll4AaABAg.AUtt4qeyjE3AUttKHIugyb,"Learning from Demitry Jenkins has transformed how I approach trading. By trading the same sessions and following his structured framework, I’m able to maintain clarity and make deliberate decisions even in fast-moving market conditions.",2026-03-28T12:18:35Z,2026-10-01T13:26:37.234522+00:00,0,0,,fbeaf716ec3135a391a94cef8a8842ed1a1276119a1d498fdedceff780e8e6cb,Ugy7VNZjUF8u3gf83ll4AaABAg,youtube-data-api-v3/commentThreads.list,,0L6Rcgp6j7Y,Four Price Action Secrets (The Ultimate Guide To Price Action),TradingLab,,
youtube,TradingLab,0L6Rcgp6j7Y,https://www.youtube.com/watch?v=0L6Rcgp6j7Y,Ugy7VNZjUF8u3gf83ll4AaABAg.AUtt4qeyjE3AUttOIWhHkQ,You’re kidding..he’s been my mentor too. His way of breaking things down made a huge difference. It’s like having someone interpret the market in plain language,2026-03-28T12:19:08Z,2026-10-01T13:26:37.234522+00:00,0,0,,381a4646206c05b8514c59232a02612eb39c5e77bd8f4e4d07bbe9dea491beab,Ugy7VNZjUF8u3gf83ll4AaABAg,youtube-data-api-v3/commentThreads.list,,0L6Rcgp6j7Y,Four Price Action Secrets (The Ultimate Guide To Price Action),TradingLab,,
youtube,TradingLab,0L6Rcgp6j7Y,https://www.youtube.com/watch?v=0L6Rcgp6j7Y,Ugy7VNZjUF8u3gf83ll4AaABAg.AUtt4qeyjE3AUttPUAZghZ,Exactly!! His breakdowns snapped everything into alignment…no more five-minute spirals. My account finally feels like it has a compass.,2026-03-28T12:19:17Z,2026-10-01T13:26:37.234522+00:00,0,0,,fbeaf716ec3135a391a94cef8a8842ed1a1276119a1d498fdedceff780e8e6cb,Ugy7VNZjUF8u3gf83ll4AaABAg,youtube-data-api-v3/commentThreads.list,,0L6Rcgp6j7Y,Four Price Action Secrets (The Ultimate Guide To Price Action),TradingLab,,
youtube,TradingLab,0L6Rcgp6j7Y,https://www.youtube.com/watch?v=0L6Rcgp6j7Y,UgzS4KFtXJu7WK1tGhl4AaABAg,"Thanks for the video
Can you please explain more on momentum or do you have a video for it already?",2024-10-19T19:24:26Z,2026-10-01T13:26:37.234522+00:00,0,1,,da82e8259d71d3863ebe5951959ac9f598b39a2685b665c4aff7d335bf7dc05a,,youtube-data-api-v3/commentThreads.list,,0L6Rcgp6j7Y,Four Price Action Secrets (The Ultimate Guide To Price Action),TradingLab,,
youtube,TradingLab,0L6Rcgp6j7Y,https://www.youtube.com/watch?v=0L6Rcgp6j7Y,UgzS4KFtXJu7WK1tGhl4AaABAg.A9moivIQBAEAA3UYRpMRCR,@TradinqLabOfficial alright tho I'm a bit confused.,2024-10-26T16:05:42Z,2026-10-01T13:26:37.234522+00:00,0,0,,da82e8259d71d3863ebe5951959ac9f598b39a2685b665c4aff7d335bf7dc05a,UgzS4KFtXJu7WK1tGhl4AaABAg,youtube-data-api-v3/commentThreads.list,,0L6Rcgp6j7Y,Four Price Action Secrets (The Ultimate Guide To Price Action),TradingLab,,
youtube,TradingLab,0L6Rcgp6j7Y,https://www.youtube.com/watch?v=0L6Rcgp6j7Y,UgzKx1YysG8FXwPg_9B4AaABAg,"I started trading to pay bills. 
No other source of income.
Do or die. 
Now I make about $400-$500 per day on small pre-market moves. Yes, I trade the trend on the 5 minute chart using 9 EMA and VWAP. I learned the hard way how to take a small profit. It’s ok to close a small trade and be done for the day. it’s all about the psychology. When I stopped trying to turn a $300 trade into a $1,000 trade, I started winning. Thank you, Chris James",2026-04-20T14:11:25Z,2026-10-01T13:26:37.234522+00:00,72,15,,f0c891bcdabcb8b29292f5dc7d7cd4dc64ccc5ab17128c6183af8ecf2c1e999a,,youtube-data-api-v3/commentThreads.list,,0L6Rcgp6j7Y,Four Price Action Secrets (The Ultimate Guide To Price Action),TradingLab,,
youtube,TradingLab,0L6Rcgp6j7Y,https://www.youtube.com/watch?v=0L6Rcgp6j7Y,UgzKx1YysG8FXwPg_9B4AaABAg.AVpJWolAwR5AVpJrRgpSWj,"As a beginner investor, it’s essential for you to have a mentor to keep you accountable.
 Chris James Cooks is my trade analyst, he has guided me to identify key market trends, pinpointed strategic entry points, and provided risk assessments, ensuring my trades decisions align with market dynamics for optimal returns .",2026-04-20T14:14:22Z,2026-10-01T13:26:37.234522+00:00,0,0,,f0c891bcdabcb8b29292f5dc7d7cd4dc64ccc5ab17128c6183af8ecf2c1e999a,UgzKx1YysG8FXwPg_9B4AaABAg,youtube-data-api-v3/commentThreads.list,,0L6Rcgp6j7Y,Four Price Action Secrets (The Ultimate Guide To Price Action),TradingLab,,
youtube,TradingLab,0L6Rcgp6j7Y,https://www.youtube.com/watch?v=0L6Rcgp6j7Y,UgzKx1YysG8FXwPg_9B4AaABAg.AVpJWolAwR5AVpJtgZWrHH,"To be honest, I need a lot of assistance learning to trade. I get really depressed when I see how low my portfolio is.",2026-04-20T14:14:40Z,2026-10-01T13:26:37.234522+00:00,0,0,,42ec05fafd45927baac49ee6766ab04fec6321dcdad77af3cdb6e68c40558b00,UgzKx1YysG8FXwPg_9B4AaABAg,youtube-data-api-v3/commentThreads.list,,0L6Rcgp6j7Y,Four Price Action Secrets (The Ultimate Guide To Price Action),TradingLab,,
youtube,TradingLab,0L6Rcgp6j7Y,https://www.youtube.com/watch?v=0L6Rcgp6j7Y,UgzKx1YysG8FXwPg_9B4AaABAg.AVpJWolAwR5AVpJxKk0AlJ,"Trading without proper guidance is one of the biggest challenges for beginners. Without a qualified advisor, many traders either remain stuck or face losses that slow their progress.",2026-04-20T14:15:10Z,2026-10-01T13:26:37.234522+00:00,0,0,,f0c891bcdabcb8b29292f5dc7d7cd4dc64ccc5ab17128c6183af8ecf2c1e999a,UgzKx1YysG8FXwPg_9B4AaABAg,youtube-data-api-v3/commentThreads.list,,0L6Rcgp6j7Y,Four Price Action Secrets (The Ultimate Guide To Price Action),TradingLab,,
youtube,TradingLab,0L6Rcgp6j7Y,https://www.youtube.com/watch?v=0L6Rcgp6j7Y,UgzKx1YysG8FXwPg_9B4AaABAg.AVpJWolAwR5AVpK0Qh-O3x,"What impresses me most about his approach is the transparency. He gives clients direct access to the trading platform, allowing us to monitor every trade in real-time. It’s rare to find that level of openness.",2026-04-20T14:15:44Z,2026-10-01T13:26:37.234522+00:00,0,0,,f2c6dff4a8309efeb792799c3850efa1fa38e9a1338d6e15b57d04b815658983,UgzKx1YysG8FXwPg_9B4AaABAg,youtube-data-api-v3/commentThreads.list,,0L6Rcgp6j7Y,Four Price Action Secrets (The Ultimate Guide To Price Action),TradingLab,,
youtube,TradingLab,0L6Rcgp6j7Y,https://www.youtube.com/watch?v=0L6Rcgp6j7Y,UgzKx1YysG8FXwPg_9B4AaABAg.AVpJWolAwR5AVpK5uWv_yc,"I'm a long term investor, I will withdraw my profits of over 72k (seventy two thousand dollars) this very good month",2026-04-20T14:16:29Z,2026-10-01T13:26:37.234522+00:00,0,0,,7aee1b41c5798671822e7f2fdccb2b6d80c0fffe3a198d58742cc770a4cb8814,UgzKx1YysG8FXwPg_9B4AaABAg,youtube-data-api-v3/commentThreads.list,,0L6Rcgp6j7Y,Four Price Action Secrets (The Ultimate Guide To Price Action),TradingLab,,
youtube,TradingLab,0L6Rcgp6j7Y,https://www.youtube.com/watch?v=0L6Rcgp6j7Y,Ugxs3Su-RdnufkoWAMJ4AaABAg,Thank you 🙏 video liked 👍,2024-09-24T05:03:55Z,2026-10-01T13:26:37.234522+00:00,0,0,,f55faac5bf0e04b787ffc6a86acf1a815a10eddc53b766cfc47480fea3f657dc,,youtube-data-api-v3/commentThreads.list,,0L6Rcgp6j7Y,Four Price Action Secrets (The Ultimate Guide To Price Action),TradingLab,,
youtube,TradingLab,0L6Rcgp6j7Y,https://www.youtube.com/watch?v=0L6Rcgp6j7Y,UgxxSrVGC7EPt0KUz7F4AaABAg,"The stock market rally started Thursday strong but reversed solidly lower, undercutting the lows of the prior few days. It's a reason to be cautious in the very short term. But the pullback could be setting the stage for another solid advance. Tesla (TSLA) continued to climb Thursday, even though the EV giant pared intraday gains. TSLA stock has now more than doubled from its Jan. 6 bear-market low,I'm still at a crossroads deciding if to liquidate my $238k stock portfolio, what’s the best way to take advantage of this bear market?",2023-08-28T00:45:15Z,2026-10-01T13:26:37.234522+00:00,4,5,,2a898af492c69938ed6993cd1887d3f2166216cc363bc0d7bba99afc0bf4e5c3,,youtube-data-api-v3/commentThreads.list,,0L6Rcgp6j7Y,Four Price Action Secrets (The Ultimate Guide To Price Action),TradingLab,,
youtube,TradingLab,0L6Rcgp6j7Y,https://www.youtube.com/watch?v=0L6Rcgp6j7Y,UgxxSrVGC7EPt0KUz7F4AaABAg.9twVN3EBK6j9twVWD3ToUC,"sure there are loads of ways to make a killing right now, but such high-volume near impeccable tradess can only be carried out by real-time experts.",2023-08-28T00:46:30Z,2026-10-01T13:26:37.234522+00:00,4,0,,dffb66fc190c7a4cf5ff161fe10e01e9078de42726bf40b072b10b6d7f053da4,UgxxSrVGC7EPt0KUz7F4AaABAg,youtube-data-api-v3/commentThreads.list,,0L6Rcgp6j7Y,Four Price Action Secrets (The Ultimate Guide To Price Action),TradingLab,,
youtube,TradingLab,0L6Rcgp6j7Y,https://www.youtube.com/watch?v=0L6Rcgp6j7Y,UgxxSrVGC7EPt0KUz7F4AaABAg.9twVN3EBK6j9twVefr_KLw,"Having an investment adviser is the best way to go about the market right now, especially for near retirees, I've been in touch with a coach for awhile now mostly cause I lack the depth knowledge and mental fortitude to deal with these recurring market conditions, I nettd over $220K during this dip, that made it clear there's more to the market that we avg joes don't know.",2023-08-28T00:47:47Z,2026-10-01T13:26:37.234522+00:00,4,0,,cc372482126841ee42d5b1370843baff808a33ec0393ea33396d9a00d50ef2bd,UgxxSrVGC7EPt0KUz7F4AaABAg,youtube-data-api-v3/commentThreads.list,,0L6Rcgp6j7Y,Four Price Action Secrets (The Ultimate Guide To Price Action),TradingLab,,
youtube,TradingLab,0L6Rcgp6j7Y,https://www.youtube.com/watch?v=0L6Rcgp6j7Y,UgxxSrVGC7EPt0KUz7F4AaABAg.9twVN3EBK6j9twVqHtxsT6,"@SallyW414  that's impressive!, I could really use the expertise of this advisors , my portfolio has been down bad....who’s the person guiding you.",2023-08-28T00:49:23Z,2026-10-01T13:26:37.234522+00:00,4,0,,44a4a139ec0fac729872c4cefa69155e199c435eb0315b01ba0d37efbe2c1ebc,UgxxSrVGC7EPt0KUz7F4AaABAg,youtube-data-api-v3/commentThreads.list,,0L6Rcgp6j7Y,Four Price Action Secrets (The Ultimate Guide To Price Action),TradingLab,,
youtube,TradingLab,0L6Rcgp6j7Y,https://www.youtube.com/watch?v=0L6Rcgp6j7Y,UgxxSrVGC7EPt0KUz7F4AaABAg.9twVN3EBK6j9u8_RNZo0kJ,"@LagerthaJackson credits to Christine Jane Mclean, one of the best portfolio manager;s out there. she;s well known, you should look her up",2023-09-02T02:39:40Z,2026-10-01T13:26:37.234522+00:00,2,0,,cc372482126841ee42d5b1370843baff808a33ec0393ea33396d9a00d50ef2bd,UgxxSrVGC7EPt0KUz7F4AaABAg,youtube-data-api-v3/commentThreads.list,,0L6Rcgp6j7Y,Four Price Action Secrets (The Ultimate Guide To Price Action),TradingLab,,
youtube,TradingLab,0L6Rcgp6j7Y,https://www.youtube.com/watch?v=0L6Rcgp6j7Y,UgxxSrVGC7EPt0KUz7F4AaABAg.9twVN3EBK6j9u8_XT5tw4S,@SallyW414 This recommendation is coming at the right time because i am literally grasping for straws atm! I verified her online and scheduled a phone call with her.,2023-09-02T02:40:29Z,2026-10-01T13:26:37.234522+00:00,2,0,,44a4a139ec0fac729872c4cefa69155e199c435eb0315b01ba0d37efbe2c1ebc,UgxxSrVGC7EPt0KUz7F4AaABAg,youtube-data-api-v3/commentThreads.list,,0L6Rcgp6j7Y,Four Price Action Secrets (The Ultimate Guide To Price Action),TradingLab,,
youtube,TradingLab,0L6Rcgp6j7Y,https://www.youtube.com/watch?v=0L6Rcgp6j7Y,Ugysly1xGRLzz7qdBwt4AaABAg,"2:38 I see *several* large green candles there, and only after ONE of them did the price move up.",2023-03-28T17:12:48Z,2026-10-01T13:26:37.234522+00:00,0,0,,2f11dac1e11bf94e2bf92ae61b559fc732edccbb83c2b26577be001a1b30e085,,youtube-data-api-v3/commentThreads.list,,0L6Rcgp6j7Y,Four Price Action Secrets (The Ultimate Guide To Price Action),TradingLab,,
youtube,TradingLab,0L6Rcgp6j7Y,https://www.youtube.com/watch?v=0L6Rcgp6j7Y,Ugw8p4HArYEVJ2QrYLF4AaABAg,"3:59, We can see a long, bearish candle with no wicks. Going by the same logic as before, wouldn't that also mean that the sellers want to lower the price? Shouldn't the price continue a downtrend?",2024-11-01T10:24:49Z,2026-10-01T13:26:37.234522+00:00,17,4,,6c0e7777bc0d14eeecbc3f1cbb38b5f17df6a4a193b99c3f090ee8164d635ebd,,youtube-data-api-v3/commentThreads.list,,0L6Rcgp6j7Y,Four Price Action Secrets (The Ultimate Guide To Price Action),TradingLab,,
youtube,TradingLab,0L6Rcgp6j7Y,https://www.youtube.com/watch?v=0L6Rcgp6j7Y,Ugw8p4HArYEVJ2QrYLF4AaABAg.AAIKJ6CXaodADqb3g4zw3K,Its a pullback bro,2025-01-28T16:47:36Z,2026-10-01T13:26:37.234522+00:00,1,0,,62e6763ea4aa9f80456bf48e2b1b8d8ce675c8a3cc7f2f548a3b01ffa33e8de0,Ugw8p4HArYEVJ2QrYLF4AaABAg,youtube-data-api-v3/commentThreads.list,,0L6Rcgp6j7Y,Four Price Action Secrets (The Ultimate Guide To Price Action),TradingLab,,
youtube,TradingLab,0L6Rcgp6j7Y,https://www.youtube.com/watch?v=0L6Rcgp6j7Y,Ugw8p4HArYEVJ2QrYLF4AaABAg.AAIKJ6CXaodAFthq4YeHCT,You need to reverify that with volume and rsi,2025-03-20T14:47:17Z,2026-10-01T13:26:37.234522+00:00,0,0,,484da88b3f49730498e9038a5b5d14994cf35f28355227d5c24b88c937443661,Ugw8p4HArYEVJ2QrYLF4AaABAg,youtube-data-api-v3/commentThreads.list,,0L6Rcgp6j7Y,Four Price Action Secrets (The Ultimate Guide To Price Action),TradingLab,,
youtube,TradingLab,0L6Rcgp6j7Y,https://www.youtube.com/watch?v=0L6Rcgp6j7Y,Ugw8p4HArYEVJ2QrYLF4AaABAg.AAIKJ6CXaodAHq-GmXeCG4,"If the sellers are interested and wanna push to bring the price down you’ll at least see a wick on top. No wick shows it’s a buyers market. But that’s not always the case, just like you have third empires and cameras to revise a wrong decision made by a referee or an umpire. We don’t get second chances in trades. So even if the candle is green with no wicks you’re still looking for a confirmation. On his first strategy the candle was green but the price went down to touch the bottom of that candle and then went long. That is what is called a re-test. You always re-test before entering the trade. I hope this helps a little.",2025-05-07T21:14:11Z,2026-10-01T13:26:37.234522+00:00,3,0,,bd8bcb855198297c393a660d8c4f9e593be3d28221731b0fa886d908a7b3dd99,Ugw8p4HArYEVJ2QrYLF4AaABAg,youtube-data-api-v3/commentThreads.list,,0L6Rcgp6j7Y,Four Price Action Secrets (The Ultimate Guide To Price Action),TradingLab,,
youtube,TradingLab,0L6Rcgp6j7Y,https://www.youtube.com/watch?v=0L6Rcgp6j7Y,Ugw8p4HArYEVJ2QrYLF4AaABAg.AAIKJ6CXaodAOCcbE7CX2o,"You should zoom out the time frame you will know who really control sa market, find the major key levels",2025-10-13T04:37:32Z,2026-10-01T13:26:37.234522+00:00,0,0,,2aedb449e6fcf5ba0616e4596eadc92c4cfd94c90941b55c09905ea4b59b0179,Ugw8p4HArYEVJ2QrYLF4AaABAg,youtube-data-api-v3/commentThreads.list,,0L6Rcgp6j7Y,Four Price Action Secrets (The Ultimate Guide To Price Action),TradingLab,,
youtube,TradingLab,0L6Rcgp6j7Y,https://www.youtube.com/watch?v=0L6Rcgp6j7Y,UgzMMy7LYs9glFO59tp4AaABAg,Great video ❤,2023-11-18T10:49:18Z,2026-10-01T13:26:37.234522+00:00,0,0,,d607506542d7e26667814c4a80f867254630ca51f4bd375382fd67a2b1669b45,,youtube-data-api-v3/commentThreads.list,,0L6Rcgp6j7Y,Four Price Action Secrets (The Ultimate Guide To Price Action),TradingLab,,
youtube,TradingLab,0L6Rcgp6j7Y,https://www.youtube.com/watch?v=0L6Rcgp6j7Y,Ugx8wpZnliCyk93ZW0J4AaABAg,4 important things in price action. candle . back to 50 level . momentum . pullback,2023-02-11T13:11:36Z,2026-10-01T13:26:37.234522+00:00,96,0,,6596924b9ae5f6e8fd6f10e75bc5f1b41de57be2924738e1a2b4b740584b86dd,,youtube-data-api-v3/commentThreads.list,,0L6Rcgp6j7Y,Four Price Action Secrets (The Ultimate Guide To Price Action),TradingLab,,
youtube,TradingLab,0L6Rcgp6j7Y,https://www.youtube.com/watch?v=0L6Rcgp6j7Y,Ugz7RR84u7CFzuzObtp4AaABAg,Very good. Thank you.,2024-03-06T07:21:11Z,2026-10-01T13:26:37.234522+00:00,0,0,,f0f73473242d49c3bf9f697179125e4fb0b787198528593f951c708fb7e6b733,,youtube-data-api-v3/commentThreads.list,,0L6Rcgp6j7Y,Four Price Action Secrets (The Ultimate Guide To Price Action),TradingLab,,
youtube,TradingLab,0L6Rcgp6j7Y,https://www.youtube.com/watch?v=0L6Rcgp6j7Y,UgyTrXOZ5-x9aYcosy54AaABAg,"I love your videos,  but didn't you draw your Fibonacci levels backwards? If you were looking for a long trend shouldn't you have started at the swing low and then dragged the fibs higher? Thats the way I have seen others do it",2023-05-29T16:49:22Z,2026-10-01T13:26:37.234522+00:00,3,0,,cc666d5f949a72cf275a7871644304bbbc27e8d63204e6793579e513b3af9b7f,,youtube-data-api-v3/commentThreads.list,,0L6Rcgp6j7Y,Four Price Action Secrets (The Ultimate Guide To Price Action),TradingLab,,
youtube,BraveFx Academy,5mw_y1HK_rI,https://www.youtube.com/watch?v=5mw_y1HK_rI,UgyolCKX5-LUWztf6xd4AaABAg.9qxOIKnoK_x9vohE_Mwuh4,Not able to open this link,2023-10-13T17:06:33Z,2026-10-01T13:26:38.916172+00:00,0,0,,af10a34366d4b19ebbcb00801740e0d3094a640c4be2e7927962a015fdc72e46,UgyolCKX5-LUWztf6xd4AaABAg,youtube-data-api-v3/commentThreads.list,,5mw_y1HK_rI,Gold Price Action For A Sell Trade Position #short #shorts,BraveFx Academy,,
youtube,BraveFx Academy,5mw_y1HK_rI,https://www.youtube.com/watch?v=5mw_y1HK_rI,UgzK5WTH9xQD7N8bJtV4AaABAg,Thats a head and shoulders chart pattern when he switched to Lower Time Frame. Very powerful reversal signal 🤝🏾 He executed this correctly too🤝🏾,2023-06-15T11:29:52Z,2026-10-01T13:26:38.916172+00:00,12,1,,64371c9ec598b9912c40b373d97bbd15987791ccacb7912f025fd05aa3f3a157,,youtube-data-api-v3/commentThreads.list,,5mw_y1HK_rI,Gold Price Action For A Sell Trade Position #short #shorts,BraveFx Academy,,
youtube,BraveFx Academy,5mw_y1HK_rI,https://www.youtube.com/watch?v=5mw_y1HK_rI,UgxtsEKJR5xtSeREhmJ4AaABAg,This was yesterday in the Londoner timezone. Guess what I did? Right. Long.,2023-06-21T18:49:46Z,2026-10-01T13:26:38.916172+00:00,4,0,,2e470ce85f4d18e1f6b18f80f2f1dfe1ba0e4999c71006b674fe92c450226781,,youtube-data-api-v3/commentThreads.list,,5mw_y1HK_rI,Gold Price Action For A Sell Trade Position #short #shorts,BraveFx Academy,,
youtube,BraveFx Academy,5mw_y1HK_rI,https://www.youtube.com/watch?v=5mw_y1HK_rI,Ugxs5fMCnLj8oFktatV4AaABAg,This is what I want to master. Pure price action,2023-06-17T13:36:33Z,2026-10-01T13:26:38.916172+00:00,1,0,,9e81128151bfd6427237281292dbe00b196ac8c0ad5bf8008c67cf70d0cfe602,,youtube-data-api-v3/commentThreads.list,,5mw_y1HK_rI,Gold Price Action For A Sell Trade Position #short #shorts,BraveFx Academy,,
youtube,BraveFx Academy,5mw_y1HK_rI,https://www.youtube.com/watch?v=5mw_y1HK_rI,UgwnNdW1Tzl0cmKplO14AaABAg,"thanks for the information, I will use it later, because now I am learning forex trading in the nfc community",2023-08-08T04:41:27Z,2026-10-01T13:26:38.916172+00:00,0,0,,220df10a456f072104b2647433aec4bcbedf83a89b6cfe8b57386c241c03310d,,youtube-data-api-v3/commentThreads.list,,5mw_y1HK_rI,Gold Price Action For A Sell Trade Position #short #shorts,BraveFx Academy,,
youtube,BraveFx Academy,5mw_y1HK_rI,https://www.youtube.com/watch?v=5mw_y1HK_rI,UgwPHU72LuwziJMpzJ54AaABAg,thank u so much bro,2023-07-24T23:04:48Z,2026-10-01T13:26:38.916172+00:00,0,0,,3003e090e0c35a6531de275de1a71dbc7b9845d5cf20bc8668b5aed1042cfa8f,,youtube-data-api-v3/commentThreads.list,,5mw_y1HK_rI,Gold Price Action For A Sell Trade Position #short #shorts,BraveFx Academy,,
youtube,BraveFx Academy,5mw_y1HK_rI,https://www.youtube.com/watch?v=5mw_y1HK_rI,Ugz7YqORcAyWrPmp4zx4AaABAg,Appreciate you're work but you have to enter at retest ❤,2023-07-03T08:47:39Z,2026-10-01T13:26:38.916172+00:00,1,0,,6b0f8c9df2b393ebf8c12bfd6e3cf1f0c8400af3da52cade5039d29bab60d921,,youtube-data-api-v3/commentThreads.list,,5mw_y1HK_rI,Gold Price Action For A Sell Trade Position #short #shorts,BraveFx Academy,,
youtube,BraveFx Academy,5mw_y1HK_rI,https://www.youtube.com/watch?v=5mw_y1HK_rI,Ugz1DgEjN5yKSBODlUJ4AaABAg,its much simpler to enter the trade with the same outcome if you understand liquidity,2023-06-18T13:12:39Z,2026-10-01T13:26:38.916172+00:00,0,0,,f6864c66a6c4b5c7835a36119494b99cb72482b8f724cd151e115b26fdf87768,,youtube-data-api-v3/commentThreads.list,,5mw_y1HK_rI,Gold Price Action For A Sell Trade Position #short #shorts,BraveFx Academy,,
youtube,BraveFx Academy,5mw_y1HK_rI,https://www.youtube.com/watch?v=5mw_y1HK_rI,Ugw0AJqvo1adhH561hd4AaABAg,Nice,2023-07-08T20:46:55Z,2026-10-01T13:26:38.917172+00:00,0,0,,cdb543a9262ea007aeea8bc7546de61a205645d5bd1230b1c733fb9a5ef7603a,,youtube-data-api-v3/commentThreads.list,,5mw_y1HK_rI,Gold Price Action For A Sell Trade Position #short #shorts,BraveFx Academy,,
youtube,BraveFx Academy,5mw_y1HK_rI,https://www.youtube.com/watch?v=5mw_y1HK_rI,Ugz0BRetn3xFzb4P6hV4AaABAg,Can u pls tell me how to know the difference between area of value and support,2023-07-06T13:11:22Z,2026-10-01T13:26:38.917172+00:00,0,0,,7620ff0ecb09d838242b90a328d6276c57423b0d9b935acfe41138b5892bb225,,youtube-data-api-v3/commentThreads.list,,5mw_y1HK_rI,Gold Price Action For A Sell Trade Position #short #shorts,BraveFx Academy,,
youtube,BraveFx Academy,5mw_y1HK_rI,https://www.youtube.com/watch?v=5mw_y1HK_rI,UgzC0jydepL7bvnKEft4AaABAg,"Hi, I have a few questions, I am really new to this( I startet yesterday to learn about it) and now I’ve done some papertrading and made some profit but there I dont get the money investet back instantly. Do I have to wait for that and is that also exactly like that when your trading with real money? And secondly: when you think you can go short, so you sell, what do you sell if you dont have bought anything that makes no sense to me. And my third and last Question is: can you place more money than you have and tho get more profit but also could do a loss or can you only place less money than you currently have? As I said, I dont understand many things😅 Thx",2023-06-14T22:13:36Z,2026-10-01T13:26:38.917172+00:00,2,1,,b05b1545bc4470dc5c08be2f055efe59ad3db08946384e575618794232928827,,youtube-data-api-v3/commentThreads.list,,5mw_y1HK_rI,Gold Price Action For A Sell Trade Position #short #shorts,BraveFx Academy,,
youtube,BraveFx Academy,5mw_y1HK_rI,https://www.youtube.com/watch?v=5mw_y1HK_rI,Ugyh_xuij7TEJnLaVKx4AaABAg,"why didnt you place take profit at swing low,  but u tp at that level?",2023-06-19T18:03:25Z,2026-10-01T13:26:38.917172+00:00,1,1,,1eb6892a950b4f8bbc1169b1928c7aad9c442a0f9dbe504ecf6a0dddfd724175,,youtube-data-api-v3/commentThreads.list,,5mw_y1HK_rI,Gold Price Action For A Sell Trade Position #short #shorts,BraveFx Academy,,
youtube,BraveFx Academy,5mw_y1HK_rI,https://www.youtube.com/watch?v=5mw_y1HK_rI,Ugyh_xuij7TEJnLaVKx4AaABAg.9r96XYoxBZp9rp3VnqfTbq,cuz its a scam,2023-07-06T10:24:18Z,2026-10-01T13:26:38.917172+00:00,1,0,,43cf79a6d39a8869ef2d52070c77b42894e683308c0c8b68ab45269767d67fa1,Ugyh_xuij7TEJnLaVKx4AaABAg,youtube-data-api-v3/commentThreads.list,,5mw_y1HK_rI,Gold Price Action For A Sell Trade Position #short #shorts,BraveFx Academy,,
youtube,BraveFx Academy,5mw_y1HK_rI,https://www.youtube.com/watch?v=5mw_y1HK_rI,Ugwpm2_mVK8g92MDpc94AaABAg,Time frame kya hai,2023-06-15T02:49:36Z,2026-10-01T13:26:38.917172+00:00,0,0,,9dea10c148a202e33a8e924624a4034ace98395273a1e43bc1b13e379206b003,,youtube-data-api-v3/commentThreads.list,,5mw_y1HK_rI,Gold Price Action For A Sell Trade Position #short #shorts,BraveFx Academy,,
youtube,BraveFx Academy,5mw_y1HK_rI,https://www.youtube.com/watch?v=5mw_y1HK_rI,UgzhTpiiB8yAc_uMvW54AaABAg,You’re just running plays on replay and marking it up after you know the outcome. Can you do this live?,2023-06-22T00:29:53Z,2026-10-01T13:26:38.917172+00:00,0,0,,38b7036ab79cd16c015e57def20e86bc7ff30f4bed732846f985351db4ed2a9a,,youtube-data-api-v3/commentThreads.list,,5mw_y1HK_rI,Gold Price Action For A Sell Trade Position #short #shorts,BraveFx Academy,,
youtube,BraveFx Academy,5mw_y1HK_rI,https://www.youtube.com/watch?v=5mw_y1HK_rI,Ugz8M4nFBsZQ0tM-W0Z4AaABAg,I can make exact profit also on replay 😂,2024-01-20T23:37:35Z,2026-10-01T13:26:38.917172+00:00,0,0,,9f72ef62eb7b8e70c43ea7b0c2a6853e0074975432c0b9f687644944ed6858ec,,youtube-data-api-v3/commentThreads.list,,5mw_y1HK_rI,Gold Price Action For A Sell Trade Position #short #shorts,BraveFx Academy,,
youtube,BraveFx Academy,5mw_y1HK_rI,https://www.youtube.com/watch?v=5mw_y1HK_rI,UgyPQb62YENOpduM0MF4AaABAg,The biggest scam I seen,2023-07-01T13:42:45Z,2026-10-01T13:26:38.917172+00:00,0,0,,ca9ee0b5e599abd8950bbf4deb5a00e04732334349c0a84c4e2f58b2fe5a1c25,,youtube-data-api-v3/commentThreads.list,,5mw_y1HK_rI,Gold Price Action For A Sell Trade Position #short #shorts,BraveFx Academy,,
youtube,The Trading Academy,sK-_6uIGMck,https://www.youtube.com/watch?v=sK-_6uIGMck,Ugxv8oBVmj_m-q3bxAp4AaABAg,"I think whatever you have explained in this, it worked today on 15m timeframe! Great job!!",2025-04-17T20:39:53Z,2026-10-01T13:26:40.157205+00:00,140,3,,965d3235e2b4d162b884c6f27c4fc91d5b5440d3dafa2c53af1633635eea31c0,,youtube-data-api-v3/commentThreads.list,,sK-_6uIGMck,GOLD 15M Trading Strategy Explained - Trading Gold on the 15 minute timeframe with CHoCH entry model,The Trading Academy,,
youtube,The Trading Academy,sK-_6uIGMck,https://www.youtube.com/watch?v=sK-_6uIGMck,Ugxv8oBVmj_m-q3bxAp4AaABAg.AH1RS49uPtkAJYW24Ns1gf,It literally says 15 minute timeframe 😂,2025-06-19T09:57:45Z,2026-10-01T13:26:40.157205+00:00,1,0,,978afc67933cd097bb4985a385795e81ebc9c3d0f085ab005815f35a1a7ba612,Ugxv8oBVmj_m-q3bxAp4AaABAg,youtube-data-api-v3/commentThreads.list,,sK-_6uIGMck,GOLD 15M Trading Strategy Explained - Trading Gold on the 15 minute timeframe with CHoCH entry model,The Trading Academy,,
youtube,The Trading Academy,sK-_6uIGMck,https://www.youtube.com/watch?v=sK-_6uIGMck,Ugxv8oBVmj_m-q3bxAp4AaABAg.AH1RS49uPtkAV33eW7dmKx,"I am a professional profitable forex trader offer: account management,  profitable forex bot, prop firm passing and Equity protector",2026-04-01T11:10:00Z,2026-10-01T13:26:40.157205+00:00,0,0,,4491b200d981e21c5fd843799dd369fb42a29eeb7d630dabfe17124dd489c775,Ugxv8oBVmj_m-q3bxAp4AaABAg,youtube-data-api-v3/commentThreads.list,,sK-_6uIGMck,GOLD 15M Trading Strategy Explained - Trading Gold on the 15 minute timeframe with CHoCH entry model,The Trading Academy,,
youtube,The Trading Academy,sK-_6uIGMck,https://www.youtube.com/watch?v=sK-_6uIGMck,Ugxv8oBVmj_m-q3bxAp4AaABAg.AH1RS49uPtkAWN5RTmpVI2,gold will distroy in  15m time frame boom,2026-05-04T02:21:46Z,2026-10-01T13:26:40.157205+00:00,1,0,,00ca0e97b0371cdc9d078d755dc7fe5d8ad09c2f9f8053c3ee94287acae90d5d,Ugxv8oBVmj_m-q3bxAp4AaABAg,youtube-data-api-v3/commentThreads.list,,sK-_6uIGMck,GOLD 15M Trading Strategy Explained - Trading Gold on the 15 minute timeframe with CHoCH entry model,The Trading Academy,,
youtube,The Trading Academy,sK-_6uIGMck,https://www.youtube.com/watch?v=sK-_6uIGMck,UgxUc1ojP7CdvxyulA54AaABAg,I used to skip analysis like this. Now I never trade without confirming zones.,2025-06-20T10:50:15Z,2026-10-01T13:26:40.157205+00:00,21,0,,5665d776d9ebca1b1d30f305f9d69af511c7b2f4aefe1b026f74cf515c37d597,,youtube-data-api-v3/commentThreads.list,,sK-_6uIGMck,GOLD 15M Trading Strategy Explained - Trading Gold on the 15 minute timeframe with CHoCH entry model,The Trading Academy,,
youtube,The Trading Academy,sK-_6uIGMck,https://www.youtube.com/watch?v=sK-_6uIGMck,UgwQo4FUydp8WxNiOD54AaABAg,price needs a valid body close at the end .....thats a clear entry,2025-04-11T17:00:56Z,2026-10-01T13:26:40.157205+00:00,111,6,,94cf70bcbc9c3b9cd0f9aad922c996635ebb5e9cd39286e899090a9e45490ff1,,youtube-data-api-v3/commentThreads.list,,sK-_6uIGMck,GOLD 15M Trading Strategy Explained - Trading Gold on the 15 minute timeframe with CHoCH entry model,The Trading Academy,,
youtube,The Trading Academy,sK-_6uIGMck,https://www.youtube.com/watch?v=sK-_6uIGMck,UgwQo4FUydp8WxNiOD54AaABAg.AGmac9QKHCnAHFhNx_38TE,"On the lower TF is body break candle, i think the video is high TF bro",2025-04-23T09:37:14Z,2026-10-01T13:26:40.157205+00:00,1,0,,d09a43de69780d3fad5f9ddd0bccd3d47f7dac9c19a26313e24b976623121812,UgwQo4FUydp8WxNiOD54AaABAg,youtube-data-api-v3/commentThreads.list,,sK-_6uIGMck,GOLD 15M Trading Strategy Explained - Trading Gold on the 15 minute timeframe with CHoCH entry model,The Trading Academy,,
youtube,The Trading Academy,sK-_6uIGMck,https://www.youtube.com/watch?v=sK-_6uIGMck,UgwQo4FUydp8WxNiOD54AaABAg.AGmac9QKHCnAHoAryzJ6a6,15 min is a low TF 😂 4H AND DAILY IS THE REAL STRUCTURE ​@adigantenggg,2025-05-07T04:17:03Z,2026-10-01T13:26:40.157205+00:00,0,0,,c7f258cb5e7c539f48ee39468db8d9c52b33657b0bd586e0f318663a1c25587e,UgwQo4FUydp8WxNiOD54AaABAg,youtube-data-api-v3/commentThreads.list,,sK-_6uIGMck,GOLD 15M Trading Strategy Explained - Trading Gold on the 15 minute timeframe with CHoCH entry model,The Trading Academy,,
youtube,The Trading Academy,sK-_6uIGMck,https://www.youtube.com/watch?v=sK-_6uIGMck,UgwQo4FUydp8WxNiOD54AaABAg.AGmac9QKHCnAKzAtsbf7Vk,@adigantenggg he has written its m15,2025-07-25T00:23:08Z,2026-10-01T13:26:40.157205+00:00,3,0,,80d1f8344722c942dd0026eab8b35e4c77af5ac0ab82006d65c0a7099c7f60da,UgwQo4FUydp8WxNiOD54AaABAg,youtube-data-api-v3/commentThreads.list,,sK-_6uIGMck,GOLD 15M Trading Strategy Explained - Trading Gold on the 15 minute timeframe with CHoCH entry model,The Trading Academy,,
youtube,The Trading Academy,sK-_6uIGMck,https://www.youtube.com/watch?v=sK-_6uIGMck,UgwQo4FUydp8WxNiOD54AaABAg.AGmac9QKHCnAU4mHkdeXvk,I guess trading quite is quite unique unlike other commodities,2026-03-08T06:36:34Z,2026-10-01T13:26:40.157205+00:00,1,0,,00ca44f3ed4df2385db6555687e946ae0e5f5bfdc523c15c837b5ea8f0f9ba78,UgwQo4FUydp8WxNiOD54AaABAg,youtube-data-api-v3/commentThreads.list,,sK-_6uIGMck,GOLD 15M Trading Strategy Explained - Trading Gold on the 15 minute timeframe with CHoCH entry model,The Trading Academy,,
youtube,The Trading Academy,sK-_6uIGMck,https://www.youtube.com/watch?v=sK-_6uIGMck,UgwQo4FUydp8WxNiOD54AaABAg.AGmac9QKHCnAXWHcI59l-7,Not necessarily some people prefer price filter over time filter,2026-06-01T12:32:48Z,2026-10-01T13:26:40.157205+00:00,0,0,,acf25f194473fdf1d6410f750881a08ebffe568943e2d7160ce7ae35df829421,UgwQo4FUydp8WxNiOD54AaABAg,youtube-data-api-v3/commentThreads.list,,sK-_6uIGMck,GOLD 15M Trading Strategy Explained - Trading Gold on the 15 minute timeframe with CHoCH entry model,The Trading Academy,,
youtube,The Trading Academy,sK-_6uIGMck,https://www.youtube.com/watch?v=sK-_6uIGMck,UgwJAgaxLkuXT7VZDf14AaABAg,I just watched a video with the same guy showing the same thing but going the other way and it worked out both ways 💀,2026-08-23T18:33:24Z,2026-10-01T13:26:40.157205+00:00,1,0,,dedf80a0d1dacf843679e5808aaa17f06fed4381c3f8c4f7e8fc2ed9149b8d40,,youtube-data-api-v3/commentThreads.list,,sK-_6uIGMck,GOLD 15M Trading Strategy Explained - Trading Gold on the 15 minute timeframe with CHoCH entry model,The Trading Academy,,
youtube,The Trading Academy,sK-_6uIGMck,https://www.youtube.com/watch?v=sK-_6uIGMck,UgzrJJge8D6PJVCfdWV4AaABAg,Telling people what timeframe is important mate. Great job 👏,2025-12-11T12:50:00Z,2026-10-01T13:26:40.157205+00:00,1,1,,75b232208b0a38844a4ef937e962619e00dc31185c8fbe864d50cfa53e22459d,,youtube-data-api-v3/commentThreads.list,,sK-_6uIGMck,GOLD 15M Trading Strategy Explained - Trading Gold on the 15 minute timeframe with CHoCH entry model,The Trading Academy,,
youtube,The Trading Academy,sK-_6uIGMck,https://www.youtube.com/watch?v=sK-_6uIGMck,UgzrJJge8D6PJVCfdWV4AaABAg.AQaQrnexiz3AQd--WmtMxl,15M it’s in the title,2025-12-12T12:44:15Z,2026-10-01T13:26:40.157205+00:00,1,0,,11192ec5f45ea7b1bbaff5589de8ecd92146b18c6988779b9b8f9de696ad1b9a,UgzrJJge8D6PJVCfdWV4AaABAg,youtube-data-api-v3/commentThreads.list,,sK-_6uIGMck,GOLD 15M Trading Strategy Explained - Trading Gold on the 15 minute timeframe with CHoCH entry model,The Trading Academy,,
youtube,The Trading Academy,sK-_6uIGMck,https://www.youtube.com/watch?v=sK-_6uIGMck,UgxqWhS6HPz9FueQ2X94AaABAg,Simple.... That's why I like your strategy,2026-02-16T06:33:04Z,2026-10-01T13:26:40.157205+00:00,2,0,,aacd051d1c07d9a9ba1a324ebd962ff96362366f1a6c7ecd8a7cdb0ef0d8b5ca,,youtube-data-api-v3/commentThreads.list,,sK-_6uIGMck,GOLD 15M Trading Strategy Explained - Trading Gold on the 15 minute timeframe with CHoCH entry model,The Trading Academy,,
youtube,The Trading Academy,sK-_6uIGMck,https://www.youtube.com/watch?v=sK-_6uIGMck,UgzNn8Tgb9ec-aD_P9h4AaABAg,Man im so addicted to doing this now 😂 its alot of fun and im actually kinda good at it. For somereason qhen i make a bigger bet i always lose tho,2026-08-17T07:55:48Z,2026-10-01T13:26:40.157205+00:00,1,0,,5c3607ceaaf2f9f63e29e17c83dcd76dc292574a5b19709b900d8625fd51f46c,,youtube-data-api-v3/commentThreads.list,,sK-_6uIGMck,GOLD 15M Trading Strategy Explained - Trading Gold on the 15 minute timeframe with CHoCH entry model,The Trading Academy,,
youtube,The Trading Academy,sK-_6uIGMck,https://www.youtube.com/watch?v=sK-_6uIGMck,Ugwy3XC7Ynr6ZEOGdGt4AaABAg,In fact it is a jenious setup indeed!!!,2026-01-08T10:50:11Z,2026-10-01T13:26:40.157205+00:00,2,0,,af7cf1e90eca22a9338c4596e4e33773c7e26edb1e34ea87c09ab68d5d9d8463,,youtube-data-api-v3/commentThreads.list,,sK-_6uIGMck,GOLD 15M Trading Strategy Explained - Trading Gold on the 15 minute timeframe with CHoCH entry model,The Trading Academy,,
youtube,The Trading Academy,sK-_6uIGMck,https://www.youtube.com/watch?v=sK-_6uIGMck,Ugx95axgdt4PuatDQq14AaABAg,"Ca marche vraiment! Merci! ¨Par contre, parfois ca marche avec RR 1/2 et plus souvent. Bravo",2026-01-08T10:32:42Z,2026-10-01T13:26:40.157205+00:00,1,0,,af7cf1e90eca22a9338c4596e4e33773c7e26edb1e34ea87c09ab68d5d9d8463,,youtube-data-api-v3/commentThreads.list,,sK-_6uIGMck,GOLD 15M Trading Strategy Explained - Trading Gold on the 15 minute timeframe with CHoCH entry model,The Trading Academy,,
youtube,The Trading Academy,sK-_6uIGMck,https://www.youtube.com/watch?v=sK-_6uIGMck,Ugyr2JPOs6B_fCPq2aF4AaABAg,thanks bro i really learned a lot from this,2026-08-08T03:53:55Z,2026-10-01T13:26:40.157205+00:00,1,0,,5dea40bafdb7b98a231d301786170c60d3dbd478e1da9abc9cd2ca92eb1e8ad4,,youtube-data-api-v3/commentThreads.list,,sK-_6uIGMck,GOLD 15M Trading Strategy Explained - Trading Gold on the 15 minute timeframe with CHoCH entry model,The Trading Academy,,
youtube,The Trading Academy,sK-_6uIGMck,https://www.youtube.com/watch?v=sK-_6uIGMck,UgwQq1Bj_wxGK1LSg7h4AaABAg,"I made 561 with a deposit of 36 
Thanks to him !!",2025-06-11T12:34:54Z,2026-10-01T13:26:40.157205+00:00,7,1,,8ed3e54cb8240cd7e4565d17b0a450c0bc39ee27b8496fc96146a20646654670,,youtube-data-api-v3/commentThreads.list,,sK-_6uIGMck,GOLD 15M Trading Strategy Explained - Trading Gold on the 15 minute timeframe with CHoCH entry model,The Trading Academy,,
youtube,The Trading Academy,sK-_6uIGMck,https://www.youtube.com/watch?v=sK-_6uIGMck,UgwQq1Bj_wxGK1LSg7h4AaABAg.AJEBf4cVlobAV33iojknXG,"I am a professional profitable forex trader offer: account management,  profitable forex bot, prop firm passing and Equity protector",2026-04-01T11:10:35Z,2026-10-01T13:26:40.157205+00:00,0,0,,4491b200d981e21c5fd843799dd369fb42a29eeb7d630dabfe17124dd489c775,UgwQq1Bj_wxGK1LSg7h4AaABAg,youtube-data-api-v3/commentThreads.list,,sK-_6uIGMck,GOLD 15M Trading Strategy Explained - Trading Gold on the 15 minute timeframe with CHoCH entry model,The Trading Academy,,
youtube,The Trading Academy,sK-_6uIGMck,https://www.youtube.com/watch?v=sK-_6uIGMck,UgyL3o7PaoczE8QMbN14AaABAg,Definitely 💯 % trying this,2026-08-11T10:54:41Z,2026-10-01T13:26:40.157205+00:00,1,0,,ad696f2dcc4ee1da53163e72859e5dff65734a1fec58cdf3e9b7f302b0cd8aff,,youtube-data-api-v3/commentThreads.list,,sK-_6uIGMck,GOLD 15M Trading Strategy Explained - Trading Gold on the 15 minute timeframe with CHoCH entry model,The Trading Academy,,
youtube,The Trading Academy,sK-_6uIGMck,https://www.youtube.com/watch?v=sK-_6uIGMck,Ugy_GnztLgcIA0qG5uN4AaABAg,This strategy works 💯,2025-07-23T20:09:05Z,2026-10-01T13:26:40.157205+00:00,3,1,,6e6174d6d0ca0e1fd0371796255f974feb6410f5b5f0c37105d9457a093dfa03,,youtube-data-api-v3/commentThreads.list,,sK-_6uIGMck,GOLD 15M Trading Strategy Explained - Trading Gold on the 15 minute timeframe with CHoCH entry model,The Trading Academy,,
youtube,The Trading Academy,sK-_6uIGMck,https://www.youtube.com/watch?v=sK-_6uIGMck,Ugy_GnztLgcIA0qG5uN4AaABAg.AKw91Mt-c9RAQ0abvqGzPD,"wow, what's your proof? Have you traded this strategy on gold for over 100 trades? thank you sir",2025-11-27T05:32:03Z,2026-10-01T13:26:40.157205+00:00,0,0,,bebf2f765c4c8b9d5ea688294879fa75340215572ec8591f13fe7831504bbba5,Ugy_GnztLgcIA0qG5uN4AaABAg,youtube-data-api-v3/commentThreads.list,,sK-_6uIGMck,GOLD 15M Trading Strategy Explained - Trading Gold on the 15 minute timeframe with CHoCH entry model,The Trading Academy,,
youtube,The Trading Academy,sK-_6uIGMck,https://www.youtube.com/watch?v=sK-_6uIGMck,Ugzc2LiqyTNW3ZFnk5F4AaABAg,Im an ORB trader and what I see only is that the bearish order block got validated ❤,2025-04-29T19:50:22Z,2026-10-01T13:26:40.157205+00:00,14,1,,07b0620571a9e3150e7585d2b09286841d3d7816a272c1bf8c616bfca617e0de,,youtube-data-api-v3/commentThreads.list,,sK-_6uIGMck,GOLD 15M Trading Strategy Explained - Trading Gold on the 15 minute timeframe with CHoCH entry model,The Trading Academy,,
youtube,The Trading Academy,sK-_6uIGMck,https://www.youtube.com/watch?v=sK-_6uIGMck,Ugzc2LiqyTNW3ZFnk5F4AaABAg.AHWFJp-6vhXANhMGkb8dio,"Yep, same stuff. Order Blocks are supply and demand, or support and resistance, which is  basically liquidity grabs😂",2025-09-30T15:50:21Z,2026-10-01T13:26:40.157205+00:00,0,0,,2aa6735188db354d935c88f266c626d7640bf24f4cb2c7de24e9becc29e555c2,Ugzc2LiqyTNW3ZFnk5F4AaABAg,youtube-data-api-v3/commentThreads.list,,sK-_6uIGMck,GOLD 15M Trading Strategy Explained - Trading Gold on the 15 minute timeframe with CHoCH entry model,The Trading Academy,,
youtube,The Trading Academy,sK-_6uIGMck,https://www.youtube.com/watch?v=sK-_6uIGMck,UgwaiM0MBzCc6djLxhF4AaABAg,Master❤❤,2024-09-19T19:31:33Z,2026-10-01T13:26:40.157205+00:00,3,0,,502b842b3c61987c258a005f2583e2234c44d2a7f9573daf76319ecf0478c581,,youtube-data-api-v3/commentThreads.list,,sK-_6uIGMck,GOLD 15M Trading Strategy Explained - Trading Gold on the 15 minute timeframe with CHoCH entry model,The Trading Academy,,
youtube,The Trading Academy,sK-_6uIGMck,https://www.youtube.com/watch?v=sK-_6uIGMck,UgyH7aiPr8zbolzNFcx4AaABAg,People have different strategy bt I would have waited for the bos on the hl,2026-01-28T21:14:24Z,2026-10-01T13:26:40.157205+00:00,2,0,,69ed607ba6dafd0342da13ca48fa638f10c4992d5fbb3fa340c171cd8a949ef1,,youtube-data-api-v3/commentThreads.list,,sK-_6uIGMck,GOLD 15M Trading Strategy Explained - Trading Gold on the 15 minute timeframe with CHoCH entry model,The Trading Academy,,
youtube,The Trading Academy,sK-_6uIGMck,https://www.youtube.com/watch?v=sK-_6uIGMck,Ugxu-W1IBxLXeyYX8it4AaABAg,That's basically resistance and we have OB previously that gave both bos and choch so after it swept the inducement it will obv reverse,2025-07-29T13:57:13Z,2026-10-01T13:26:40.157205+00:00,0,0,,0592f2db834de5a378174dd2c0531dbec76498bf9072fae436cb1c516fa310e2,,youtube-data-api-v3/commentThreads.list,,sK-_6uIGMck,GOLD 15M Trading Strategy Explained - Trading Gold on the 15 minute timeframe with CHoCH entry model,The Trading Academy,,
youtube,The Trading Academy,sK-_6uIGMck,https://www.youtube.com/watch?v=sK-_6uIGMck,UgxOVBJ1UC2KzyWO9Tl4AaABAg,Wow thanks for this bruh❤,2026-08-06T15:52:32Z,2026-10-01T13:26:40.157205+00:00,0,0,,4f8c624284a35202a0d8fbbd00d44ee365295cccdb252c898355ff29774299fe,,youtube-data-api-v3/commentThreads.list,,sK-_6uIGMck,GOLD 15M Trading Strategy Explained - Trading Gold on the 15 minute timeframe with CHoCH entry model,The Trading Academy,,
youtube,The Trading Academy,sK-_6uIGMck,https://www.youtube.com/watch?v=sK-_6uIGMck,UgwOvbCKjtDBHQPjqLt4AaABAg,Cooh is when the candle body closes below the low ...,2026-01-23T14:42:24Z,2026-10-01T13:26:40.157205+00:00,1,0,,b9efaa1964c10308b34b7e870a9aafaf70bc76946e36063c07a7ed26bd326ab9,,youtube-data-api-v3/commentThreads.list,,sK-_6uIGMck,GOLD 15M Trading Strategy Explained - Trading Gold on the 15 minute timeframe with CHoCH entry model,The Trading Academy,,
youtube,The Trading Academy,sK-_6uIGMck,https://www.youtube.com/watch?v=sK-_6uIGMck,Ugz2jPirxWsdycUuuX54AaABAg,Pretty clean actually,2026-09-24T18:21:27Z,2026-10-01T13:26:40.157205+00:00,0,0,,38ab92dea3772b610ca5a6374605eb2c42b993707649c4c02c9a399d1b9face9,,youtube-data-api-v3/commentThreads.list,,sK-_6uIGMck,GOLD 15M Trading Strategy Explained - Trading Gold on the 15 minute timeframe with CHoCH entry model,The Trading Academy,,
youtube,The Trading Academy,sK-_6uIGMck,https://www.youtube.com/watch?v=sK-_6uIGMck,UgzDVZFfVapZt0RFHMZ4AaABAg,guys did u see the doji after the first HH ... thats your strategy for sell,2026-02-23T19:19:16Z,2026-10-01T13:26:40.157205+00:00,1,0,,3fe0cc8edd914f75779cb489b4f62b2ffbbfef4536fa9884cdfce2dab54cac0c,,youtube-data-api-v3/commentThreads.list,,sK-_6uIGMck,GOLD 15M Trading Strategy Explained - Trading Gold on the 15 minute timeframe with CHoCH entry model,The Trading Academy,,
youtube,The Trading Academy,sK-_6uIGMck,https://www.youtube.com/watch?v=sK-_6uIGMck,UgwD-CeCqeqzslzdlwB4AaABAg,Great video tw,2024-09-20T12:33:21Z,2026-10-01T13:26:40.157205+00:00,1,2,,c3c167e4c028109635e32ec7ba12dc0d1e1e952137bbd273a52b5b177a5b7afe,,youtube-data-api-v3/commentThreads.list,,sK-_6uIGMck,GOLD 15M Trading Strategy Explained - Trading Gold on the 15 minute timeframe with CHoCH entry model,The Trading Academy,,
youtube,The Trading Academy,sK-_6uIGMck,https://www.youtube.com/watch?v=sK-_6uIGMck,UgwD-CeCqeqzslzdlwB4AaABAg.A8bPckeHv-BAPJAxMRwLyN,@TheTradingAcademy please did you check the confirmation entry on H4 where you analyze your trade or u go to 15m or 5m to check it?,2025-11-09T14:13:14Z,2026-10-01T13:26:40.157205+00:00,0,0,,46b170cc52468efc81cf1ded8e1e56ef2c166e7a2fb864eccfee69b3eb1efc65,UgwD-CeCqeqzslzdlwB4AaABAg,youtube-data-api-v3/commentThreads.list,,sK-_6uIGMck,GOLD 15M Trading Strategy Explained - Trading Gold on the 15 minute timeframe with CHoCH entry model,The Trading Academy,,
youtube,The Trading Academy,sK-_6uIGMck,https://www.youtube.com/watch?v=sK-_6uIGMck,UgzQkuOHlsAIA11DiyN4AaABAg,that's absolutely helpful,2026-08-06T14:07:12Z,2026-10-01T13:26:40.157205+00:00,0,0,,158eec31d9f1f724a6abedcbb269d431528bd2a4d4d55653ba3ab80ea171b1c2,,youtube-data-api-v3/commentThreads.list,,sK-_6uIGMck,GOLD 15M Trading Strategy Explained - Trading Gold on the 15 minute timeframe with CHoCH entry model,The Trading Academy,,
youtube,The Trading Academy,sK-_6uIGMck,https://www.youtube.com/watch?v=sK-_6uIGMck,UgxGJJOsv-UFqoDyULB4AaABAg,Very good,2026-01-24T16:33:42Z,2026-10-01T13:26:40.157205+00:00,2,0,,afc48f112b367c9378f819d678099086349ca8aa951b8d560d48bca95be71940,,youtube-data-api-v3/commentThreads.list,,sK-_6uIGMck,GOLD 15M Trading Strategy Explained - Trading Gold on the 15 minute timeframe with CHoCH entry model,The Trading Academy,,
youtube,The Trading Academy,sK-_6uIGMck,https://www.youtube.com/watch?v=sK-_6uIGMck,UgzA6F4LeVZ8vObBpCd4AaABAg,"Please sir, I want to learn",2026-07-25T15:35:46Z,2026-10-01T13:26:40.157205+00:00,1,0,,3677636be8e5aa03716413ea07b3349f7cf83bb6cfdc87ab8ee134cfb59888af,,youtube-data-api-v3/commentThreads.list,,sK-_6uIGMck,GOLD 15M Trading Strategy Explained - Trading Gold on the 15 minute timeframe with CHoCH entry model,The Trading Academy,,
youtube,The Trading Academy,sK-_6uIGMck,https://www.youtube.com/watch?v=sK-_6uIGMck,UgwRWYEWN79airpo4114AaABAg,For a bos the candle needs to close below the last higher low not just a wick,2025-08-10T09:44:26Z,2026-10-01T13:26:40.157205+00:00,6,2,,ac62566ac36f7d6b387fd1babe9ef9d07a1180689b78247840b6810564a5c514,,youtube-data-api-v3/commentThreads.list,,sK-_6uIGMck,GOLD 15M Trading Strategy Explained - Trading Gold on the 15 minute timeframe with CHoCH entry model,The Trading Academy,,
youtube,The Trading Academy,sK-_6uIGMck,https://www.youtube.com/watch?v=sK-_6uIGMck,UgwRWYEWN79airpo4114AaABAg.ALdNr-Gajo9ATxY-Bk6O33,I was looking for this comment🤦‍♂️,2026-03-05T01:49:02Z,2026-10-01T13:26:40.157205+00:00,0,0,,98335bfb2183d4532d06ec7dc69e66919f44fcbc9af6b2d05283ae87c97c7490,UgwRWYEWN79airpo4114AaABAg,youtube-data-api-v3/commentThreads.list,,sK-_6uIGMck,GOLD 15M Trading Strategy Explained - Trading Gold on the 15 minute timeframe with CHoCH entry model,The Trading Academy,,
youtube,The Trading Academy,sK-_6uIGMck,https://www.youtube.com/watch?v=sK-_6uIGMck,UgwRWYEWN79airpo4114AaABAg.ALdNr-Gajo9AV1XAJIzyeG,"He´s a master on recorded charts, that is why he does not need the entire candle",2026-03-31T20:49:24Z,2026-10-01T13:26:40.157205+00:00,0,0,,2c8a1a3f63a3fb7d0e518ba9a8ea6557400fe3266ccb9f3749d06e2e69e52702,UgwRWYEWN79airpo4114AaABAg,youtube-data-api-v3/commentThreads.list,,sK-_6uIGMck,GOLD 15M Trading Strategy Explained - Trading Gold on the 15 minute timeframe with CHoCH entry model,The Trading Academy,,
youtube,The Trading Academy,sK-_6uIGMck,https://www.youtube.com/watch?v=sK-_6uIGMck,UgxrEhaOKkQ0BRM1uUh4AaABAg,Can you please trade live next time 😢😊,2025-08-19T06:02:05Z,2026-10-01T13:26:40.157205+00:00,0,0,,92fdb6ffbd2fae6687d853a55c305b5e856d79da7aa9a08e841245318033e226,,youtube-data-api-v3/commentThreads.list,,sK-_6uIGMck,GOLD 15M Trading Strategy Explained - Trading Gold on the 15 minute timeframe with CHoCH entry model,The Trading Academy,,
youtube,The Trading Academy,sK-_6uIGMck,https://www.youtube.com/watch?v=sK-_6uIGMck,Ugx5Zd9pLMf_EIOkAW94AaABAg,Good brother 💲,2025-06-03T13:35:55Z,2026-10-01T13:26:40.157205+00:00,0,0,,1fa35a86f0531f6d0442dfe9f21e3281dbdd889231f2d7cd860950c3b3313051,,youtube-data-api-v3/commentThreads.list,,sK-_6uIGMck,GOLD 15M Trading Strategy Explained - Trading Gold on the 15 minute timeframe with CHoCH entry model,The Trading Academy,,
youtube,The Trading Academy,sK-_6uIGMck,https://www.youtube.com/watch?v=sK-_6uIGMck,Ugyf1xwF7Y7kVA8rKdV4AaABAg,Sir am back again please help me with that your video to identify this structures well please,2024-09-27T22:00:28Z,2026-10-01T13:26:40.157205+00:00,1,0,,771034d898b42dc98194d6527d681e362f3cbdea9fc0ea9917cf1b0030a9ca7e,,youtube-data-api-v3/commentThreads.list,,sK-_6uIGMck,GOLD 15M Trading Strategy Explained - Trading Gold on the 15 minute timeframe with CHoCH entry model,The Trading Academy,,
youtube,The Trading Academy,sK-_6uIGMck,https://www.youtube.com/watch?v=sK-_6uIGMck,UgyYfAadBMoTzSgi81l4AaABAg,"Getting oriented before diving into trading is crucial, especially for newcomers. I lost money in the beginning because I didn’t have the right knowledge or strategy. Everything changed after I found a course that taught me how to trade with discipline and proper risk management. $220k profit, and there’s still more profit to come next month.",2026-09-03T07:53:34Z,2026-10-01T13:26:40.157205+00:00,1,0,,a819192ae9790b817f27852b6b9db600e9059e733f01fecc01250697ca816ec6,,youtube-data-api-v3/commentThreads.list,,sK-_6uIGMck,GOLD 15M Trading Strategy Explained - Trading Gold on the 15 minute timeframe with CHoCH entry model,The Trading Academy,,
youtube,The Trading Academy,sK-_6uIGMck,https://www.youtube.com/watch?v=sK-_6uIGMck,UgzDjfr2nHnsAyYEorN4AaABAg,Thank you so much 😊,2025-11-23T20:45:46Z,2026-10-01T13:26:40.157205+00:00,0,0,,c4e1cbc51767c057d6b0b1d80e39b310ed106c29652b77f3510a7fb8cb663f5f,,youtube-data-api-v3/commentThreads.list,,sK-_6uIGMck,GOLD 15M Trading Strategy Explained - Trading Gold on the 15 minute timeframe with CHoCH entry model,The Trading Academy,,
youtube,The Trading Academy,sK-_6uIGMck,https://www.youtube.com/watch?v=sK-_6uIGMck,Ugzhr0NQN_CtbQGSEa14AaABAg,its made internal choch in the previous low,2026-01-22T08:14:10Z,2026-10-01T13:26:40.157205+00:00,0,0,,dacf0a594a21bfcd698434e8d430ad9a31fe3dc45d72be05ca160ec653e1da9b,,youtube-data-api-v3/commentThreads.list,,sK-_6uIGMck,GOLD 15M Trading Strategy Explained - Trading Gold on the 15 minute timeframe with CHoCH entry model,The Trading Academy,,
youtube,The Trading Academy,sK-_6uIGMck,https://www.youtube.com/watch?v=sK-_6uIGMck,UgxdFny4D0iJgNrIHgJ4AaABAg,"if you dont see, on the second top it swept liquidity, so safely could enter already, because maybe there wont be a pull back",2025-04-15T18:15:12Z,2026-10-01T13:26:40.157205+00:00,14,2,,1afcd94ae16e2225314989616c3994ebd03838bfaa68a9cd86db2bb1a6776093,,youtube-data-api-v3/commentThreads.list,,sK-_6uIGMck,GOLD 15M Trading Strategy Explained - Trading Gold on the 15 minute timeframe with CHoCH entry model,The Trading Academy,,
youtube,The Trading Academy,sK-_6uIGMck,https://www.youtube.com/watch?v=sK-_6uIGMck,UgxdFny4D0iJgNrIHgJ4AaABAg.AGx1IajxCEoAIGjyFUtPQt,"after sweeping it should have a reaction on the opposite side, or else its not a sweep",2025-05-18T15:50:26Z,2026-10-01T13:26:40.157205+00:00,1,0,,a6fbdc076ed76fe58a74c8da918421fc4f5675cf28cdf76843ac7200280a7b58,UgxdFny4D0iJgNrIHgJ4AaABAg,youtube-data-api-v3/commentThreads.list,,sK-_6uIGMck,GOLD 15M Trading Strategy Explained - Trading Gold on the 15 minute timeframe with CHoCH entry model,The Trading Academy,,
youtube,The Trading Academy,sK-_6uIGMck,https://www.youtube.com/watch?v=sK-_6uIGMck,UgxdFny4D0iJgNrIHgJ4AaABAg.AGx1IajxCEoAQ5hOU4hGHn,"​@vijayganesh6607 exactly what I think ,, bcoz when liquidity sweep happens the market moves opposite direction for a pullback ,, then it contuines selling ,, but ,, here after liquidity sweep happens market moves one side ,, I did not understand ? Anyone Explain ?",2025-11-29T05:07:27Z,2026-10-01T13:26:40.157205+00:00,0,0,,7111c5ebb79535c49be23cc5e3de5f107b74efebe269fd22162f8b6fd19f5e72,UgxdFny4D0iJgNrIHgJ4AaABAg,youtube-data-api-v3/commentThreads.list,,sK-_6uIGMck,GOLD 15M Trading Strategy Explained - Trading Gold on the 15 minute timeframe with CHoCH entry model,The Trading Academy,,
youtube,The Trading Academy,sK-_6uIGMck,https://www.youtube.com/watch?v=sK-_6uIGMck,UgyH7gHu24h7OK0c6EN4AaABAg,again recorded charts. Anyone can sound like they know what they are talking about when they already know where the chart is going to move 😅,2025-07-09T19:32:35Z,2026-10-01T13:26:40.157205+00:00,190,8,,79473ae69de58652e59dfb61f582c88bb7225ca667e04f98029ba62443dadd32,,youtube-data-api-v3/commentThreads.list,,sK-_6uIGMck,GOLD 15M Trading Strategy Explained - Trading Gold on the 15 minute timeframe with CHoCH entry model,The Trading Academy,,
youtube,The Trading Academy,sK-_6uIGMck,https://www.youtube.com/watch?v=sK-_6uIGMck,UgyH7gHu24h7OK0c6EN4AaABAg.AKN1igtOmsQAM-qN0wGZsp,no one gives these charts beforehand but me😂,2025-08-19T12:24:53Z,2026-10-01T13:26:40.157205+00:00,0,0,,47cd0721a6976050c0897e9c0cf3b01341edf2fa090847e74db4f72874e8b2b1,UgyH7gHu24h7OK0c6EN4AaABAg,youtube-data-api-v3/commentThreads.list,,sK-_6uIGMck,GOLD 15M Trading Strategy Explained - Trading Gold on the 15 minute timeframe with CHoCH entry model,The Trading Academy,,
youtube,The Trading Academy,sK-_6uIGMck,https://www.youtube.com/watch?v=sK-_6uIGMck,UgyH7gHu24h7OK0c6EN4AaABAg.AKN1igtOmsQAMCf_988r3z,Go checkout his livestreams he will give the setups there,2025-08-24T12:00:41Z,2026-10-01T13:26:40.157205+00:00,1,0,,c13e9360e5c32b93f57c2550d6982611c10786ad85ed040f23dbb5fb4c21a569,UgyH7gHu24h7OK0c6EN4AaABAg,youtube-data-api-v3/commentThreads.list,,sK-_6uIGMck,GOLD 15M Trading Strategy Explained - Trading Gold on the 15 minute timeframe with CHoCH entry model,The Trading Academy,,
youtube,The Trading Academy,sK-_6uIGMck,https://www.youtube.com/watch?v=sK-_6uIGMck,UgyH7gHu24h7OK0c6EN4AaABAg.AKN1igtOmsQAMZ0-YYZ7gK,Facts,2025-09-02T04:11:12Z,2026-10-01T13:26:40.157205+00:00,0,0,,9528ecff9a2f1bfbbeb669aff0bf5566af83163b59acd82deb4e5321fb8611ac,UgyH7gHu24h7OK0c6EN4AaABAg,youtube-data-api-v3/commentThreads.list,,sK-_6uIGMck,GOLD 15M Trading Strategy Explained - Trading Gold on the 15 minute timeframe with CHoCH entry model,The Trading Academy,,
youtube,The Trading Academy,sK-_6uIGMck,https://www.youtube.com/watch?v=sK-_6uIGMck,UgyH7gHu24h7OK0c6EN4AaABAg.AKN1igtOmsQAT51nxZfGRE,​@banginzazanot fact. Watch his Livestreams,2026-02-11T12:29:31Z,2026-10-01T13:26:40.157205+00:00,0,0,,2e0cc55e3640961791d7fb7afc5838e9a1df50a8629a7abbb0ac0993453fd074,UgyH7gHu24h7OK0c6EN4AaABAg,youtube-data-api-v3/commentThreads.list,,sK-_6uIGMck,GOLD 15M Trading Strategy Explained - Trading Gold on the 15 minute timeframe with CHoCH entry model,The Trading Academy,,
youtube,The Trading Academy,sK-_6uIGMck,https://www.youtube.com/watch?v=sK-_6uIGMck,UgyH7gHu24h7OK0c6EN4AaABAg.AKN1igtOmsQATFA-Avse4L,@luke-ev5rz yeah man you don't trade,2026-02-15T10:53:29Z,2026-10-01T13:26:40.157205+00:00,2,0,,d4cc58758289c0630c8193b301183fc4ede4798fe432a9cb22b47f40e3747da8,UgyH7gHu24h7OK0c6EN4AaABAg,youtube-data-api-v3/commentThreads.list,,sK-_6uIGMck,GOLD 15M Trading Strategy Explained - Trading Gold on the 15 minute timeframe with CHoCH entry model,The Trading Academy,,
youtube,The Trading Academy,sK-_6uIGMck,https://www.youtube.com/watch?v=sK-_6uIGMck,UgzoEItVrVUf3SNvV2V4AaABAg,Nice replay,2025-10-17T05:41:01Z,2026-10-01T13:26:40.157205+00:00,0,0,,c9a3f65e22e1f8ae3a23a809162999b23a7f34549060495aa89220cf0d9f8892,,youtube-data-api-v3/commentThreads.list,,sK-_6uIGMck,GOLD 15M Trading Strategy Explained - Trading Gold on the 15 minute timeframe with CHoCH entry model,The Trading Academy,,
youtube,The Trading Academy,sK-_6uIGMck,https://www.youtube.com/watch?v=sK-_6uIGMck,UgwJMs6NqewX6Woq3ix4AaABAg,I would have trade only when the bearish engulfing candle closed and rejected to the upside.,2025-09-26T03:03:44Z,2026-10-01T13:26:40.157205+00:00,0,0,,3555cf53b43528639b0b809e97c72c65e27ddb02d2337d238473c1948dc71332,,youtube-data-api-v3/commentThreads.list,,sK-_6uIGMck,GOLD 15M Trading Strategy Explained - Trading Gold on the 15 minute timeframe with CHoCH entry model,The Trading Academy,,
youtube,The Trading Academy,sK-_6uIGMck,https://www.youtube.com/watch?v=sK-_6uIGMck,Ugy_D5ICHkZ3jPjaH5F4AaABAg,Where is this price action?,2026-04-27T01:48:25Z,2026-10-01T13:26:40.157205+00:00,1,0,,df783cda8d95720e60bed3beb82de4e8c9d1bbe73f0412a01e340c42eae571ae,,youtube-data-api-v3/commentThreads.list,,sK-_6uIGMck,GOLD 15M Trading Strategy Explained - Trading Gold on the 15 minute timeframe with CHoCH entry model,The Trading Academy,,
youtube,The Trading Academy,sK-_6uIGMck,https://www.youtube.com/watch?v=sK-_6uIGMck,Ugwf61HAovzfGg12pWB4AaABAg,Hi Fabio i noticed have included the top wicks but not the bottom ones in your area of supply. Is this hiwnit is supposed to be?,2024-09-21T07:44:57Z,2026-10-01T13:26:40.157205+00:00,4,0,,0fc0c5e908aa0245ae83c39ad9681c729d784ba9a1dce69bb80273c806bd227c,,youtube-data-api-v3/commentThreads.list,,sK-_6uIGMck,GOLD 15M Trading Strategy Explained - Trading Gold on the 15 minute timeframe with CHoCH entry model,The Trading Academy,,
youtube,The Trading Academy,sK-_6uIGMck,https://www.youtube.com/watch?v=sK-_6uIGMck,Ugx9eSoVVWuALAXuGoJ4AaABAg,Boom!,2024-09-19T09:55:14Z,2026-10-01T13:26:40.157205+00:00,0,0,,55148d7594d6c4c60b784f3c1a97166e57256ae35880c4ad011c322852fc6848,,youtube-data-api-v3/commentThreads.list,,sK-_6uIGMck,GOLD 15M Trading Strategy Explained - Trading Gold on the 15 minute timeframe with CHoCH entry model,The Trading Academy,,
youtube,The Trading Academy,sK-_6uIGMck,https://www.youtube.com/watch?v=sK-_6uIGMck,UgxtHDcfwCZs4NJC3O54AaABAg,amazing,2026-07-18T10:30:13Z,2026-10-01T13:26:40.157205+00:00,0,0,,a7133eb42782425c823c3a602d47e6648bb397e3d01cb15336e64dd7fb778a08,,youtube-data-api-v3/commentThreads.list,,sK-_6uIGMck,GOLD 15M Trading Strategy Explained - Trading Gold on the 15 minute timeframe with CHoCH entry model,The Trading Academy,,
youtube,The Trading Academy,sK-_6uIGMck,https://www.youtube.com/watch?v=sK-_6uIGMck,UgySKsPbYFRnLI3wgtB4AaABAg,So you basically wanna see supply being created in a HTF supply zone,2024-09-21T07:45:06Z,2026-10-01T13:26:40.157205+00:00,1,1,,a868aa0ce44415c93738fd5d6776c4df38e8fbbfa2a7b1e27a10a98adbdd55e5,,youtube-data-api-v3/commentThreads.list,,sK-_6uIGMck,GOLD 15M Trading Strategy Explained - Trading Gold on the 15 minute timeframe with CHoCH entry model,The Trading Academy,,
youtube,The Trading Academy,sK-_6uIGMck,https://www.youtube.com/watch?v=sK-_6uIGMck,UgySKsPbYFRnLI3wgtB4AaABAg.A8dTRODVBAnADN1-nuCJk_,Yup then come to a smaller time frame and wait for mss then create fresh supply or demand zone which break the mss and you r good to go also use 1 week or 1 day to check the actual trend,2025-01-16T19:46:33Z,2026-10-01T13:26:40.157205+00:00,0,0,,bd6334276d3f385fb7672588b618e9c036454aedd529f89da24523205a8f68cf,UgySKsPbYFRnLI3wgtB4AaABAg,youtube-data-api-v3/commentThreads.list,,sK-_6uIGMck,GOLD 15M Trading Strategy Explained - Trading Gold on the 15 minute timeframe with CHoCH entry model,The Trading Academy,,
youtube,The Trading Academy,sK-_6uIGMck,https://www.youtube.com/watch?v=sK-_6uIGMck,Ugz-qEiMu9usv-IqLb54AaABAg,I need you to mentor me pls,2026-05-16T18:33:23Z,2026-10-01T13:26:40.157205+00:00,1,0,,2de83dd5f54acb3b6f0470b23dfe079725bd38322750d09b60d54a988118ec23,,youtube-data-api-v3/commentThreads.list,,sK-_6uIGMck,GOLD 15M Trading Strategy Explained - Trading Gold on the 15 minute timeframe with CHoCH entry model,The Trading Academy,,
youtube,The Trading Academy,sK-_6uIGMck,https://www.youtube.com/watch?v=sK-_6uIGMck,Ugxpq3pqN7IqBPDzPb14AaABAg,Wizard,2024-09-19T09:42:05Z,2026-10-01T13:26:40.157205+00:00,2,1,,b7ab5cb229fb76fb7a5874b3bb115fdfb3863b0b680c9f641ded58e57a2714b7,,youtube-data-api-v3/commentThreads.list,,sK-_6uIGMck,GOLD 15M Trading Strategy Explained - Trading Gold on the 15 minute timeframe with CHoCH entry model,The Trading Academy,,
youtube,The Trading Academy,sK-_6uIGMck,https://www.youtube.com/watch?v=sK-_6uIGMck,UgztIGksPxz5BEhJGOh4AaABAg,How is that a higher high when the previous high wasn’t broken it’s still on the range from the last high and the lower,2025-11-18T20:48:44Z,2026-10-01T13:26:40.157205+00:00,0,0,,67815ad6e89bcf81e3cf0ec51479393b58ff60238c58c7e9b38382bc6ecdb50a,,youtube-data-api-v3/commentThreads.list,,sK-_6uIGMck,GOLD 15M Trading Strategy Explained - Trading Gold on the 15 minute timeframe with CHoCH entry model,The Trading Academy,,
youtube,The Trading Academy,sK-_6uIGMck,https://www.youtube.com/watch?v=sK-_6uIGMck,Ugw_KAHQY2sjLQgFeHp4AaABAg,"mostly they grap liquidity at EQ high so that SL mostly are  hitted, right?",2026-01-09T19:19:48Z,2026-10-01T13:26:40.157205+00:00,0,0,,1cc8331be80fda6863708681501381127f192847a8783e9c1a57b93f185b8574,,youtube-data-api-v3/commentThreads.list,,sK-_6uIGMck,GOLD 15M Trading Strategy Explained - Trading Gold on the 15 minute timeframe with CHoCH entry model,The Trading Academy,,
youtube,The Trading Academy,sK-_6uIGMck,https://www.youtube.com/watch?v=sK-_6uIGMck,UgwZVy9uKTO11ul63qx4AaABAg,How much did u really put down  to get $2000?!,2025-07-24T12:22:59Z,2026-10-01T13:26:40.157205+00:00,0,0,,134e57bdccae5166ef1a93a5099d60366664767b28dacf9a9aeaf1cb98124bb5,,youtube-data-api-v3/commentThreads.list,,sK-_6uIGMck,GOLD 15M Trading Strategy Explained - Trading Gold on the 15 minute timeframe with CHoCH entry model,The Trading Academy,,
youtube,The Trading Academy,sK-_6uIGMck,https://www.youtube.com/watch?v=sK-_6uIGMck,Ugzf9ne5vFhpcR8GSKB4AaABAg,Do you mentor 121 and how much please?,2025-03-24T22:48:48Z,2026-10-01T13:26:40.157205+00:00,0,0,,04f0575a13c11d955205b32943b3d4dd8974fae9f86bc1b65a98331ce0b09c8e,,youtube-data-api-v3/commentThreads.list,,sK-_6uIGMck,GOLD 15M Trading Strategy Explained - Trading Gold on the 15 minute timeframe with CHoCH entry model,The Trading Academy,,
youtube,The Trading Academy,sK-_6uIGMck,https://www.youtube.com/watch?v=sK-_6uIGMck,UgxBAlrZQJc1r5voCXd4AaABAg,"How many lots did you use for that range that you earn 2k, any technique how to manage risk ?",2025-07-01T11:57:18Z,2026-10-01T13:26:40.157205+00:00,0,0,,be65d34ef1a8f018801d670fe26e3e3df02c39fc306e7f577b8bb7b15b857265,,youtube-data-api-v3/commentThreads.list,,sK-_6uIGMck,GOLD 15M Trading Strategy Explained - Trading Gold on the 15 minute timeframe with CHoCH entry model,The Trading Academy,,
youtube,The Trading Academy,sK-_6uIGMck,https://www.youtube.com/watch?v=sK-_6uIGMck,Ugw5ZREWm9rBjmqkTyh4AaABAg,What is the name of the liquidity indicator you use,2025-06-06T15:15:37Z,2026-10-01T13:26:40.157205+00:00,0,0,,b9db159a4b9856e78c8d8f4c11dc8232ed1d1a406340400b7986b15dac093ab5,,youtube-data-api-v3/commentThreads.list,,sK-_6uIGMck,GOLD 15M Trading Strategy Explained - Trading Gold on the 15 minute timeframe with CHoCH entry model,The Trading Academy,,
youtube,The Trading Academy,sK-_6uIGMck,https://www.youtube.com/watch?v=sK-_6uIGMck,UgyS7AtPcY5I6GxhZSh4AaABAg,Perfect,2025-05-19T11:01:36Z,2026-10-01T13:26:40.157205+00:00,0,0,,2e221d02fcadb0b8c8cc6cedf47989f439b923751a123da4c5dfcee690077ec0,,youtube-data-api-v3/commentThreads.list,,sK-_6uIGMck,GOLD 15M Trading Strategy Explained - Trading Gold on the 15 minute timeframe with CHoCH entry model,The Trading Academy,,
youtube,The Trading Academy,sK-_6uIGMck,https://www.youtube.com/watch?v=sK-_6uIGMck,Ugyucbocrya9oNOQqqt4AaABAg,brooo is printing money 😅,2026-07-02T07:27:25Z,2026-10-01T13:26:40.157205+00:00,1,0,,8392e9f39463d9df97aaac838629d78fe60cb471855382f5dff040c652b38b95,,youtube-data-api-v3/commentThreads.list,,sK-_6uIGMck,GOLD 15M Trading Strategy Explained - Trading Gold on the 15 minute timeframe with CHoCH entry model,The Trading Academy,,
youtube,The Trading Academy,sK-_6uIGMck,https://www.youtube.com/watch?v=sK-_6uIGMck,UgzFTJ13TcXAw-K5B7N4AaABAg,How do I get signal?,2025-07-07T09:22:44Z,2026-10-01T13:26:40.157205+00:00,0,0,,16b55ff24b8a218fc4792fd10fbaf6272ce90c1f730fc091b094165ca374f540,,youtube-data-api-v3/commentThreads.list,,sK-_6uIGMck,GOLD 15M Trading Strategy Explained - Trading Gold on the 15 minute timeframe with CHoCH entry model,The Trading Academy,,
youtube,The Trading Academy,sK-_6uIGMck,https://www.youtube.com/watch?v=sK-_6uIGMck,UgxW93bt7q6Igq3xUPl4AaABAg,Good ❤,2026-03-14T18:14:39Z,2026-10-01T13:26:40.157205+00:00,0,0,,a84d27df78ceeed111a5741535e321ce57bd1f72401146887efe5188f0be2e1b,,youtube-data-api-v3/commentThreads.list,,sK-_6uIGMck,GOLD 15M Trading Strategy Explained - Trading Gold on the 15 minute timeframe with CHoCH entry model,The Trading Academy,,
youtube,The Trading Academy,sK-_6uIGMck,https://www.youtube.com/watch?v=sK-_6uIGMck,Ugw8gVDzOzjKdssamWt4AaABAg,show trading History,2026-03-21T03:24:34Z,2026-10-01T13:26:40.157205+00:00,0,0,,f5b330792acff77971f63f53245a9b6ee1efd2cd147ba1d5d8d606e40000d262,,youtube-data-api-v3/commentThreads.list,,sK-_6uIGMck,GOLD 15M Trading Strategy Explained - Trading Gold on the 15 minute timeframe with CHoCH entry model,The Trading Academy,,
youtube,The Trading Academy,sK-_6uIGMck,https://www.youtube.com/watch?v=sK-_6uIGMck,Ugw1jrgia4FMk5dx5qp4AaABAg,Change of Character but it's only wick?,2025-05-01T14:02:28Z,2026-10-01T13:26:40.157205+00:00,6,1,,b73a9653219d79d8c0059cae69474cf9a48be35167a7991b78165e779210e177,,youtube-data-api-v3/commentThreads.list,,sK-_6uIGMck,GOLD 15M Trading Strategy Explained - Trading Gold on the 15 minute timeframe with CHoCH entry model,The Trading Academy,,
youtube,The Trading Academy,sK-_6uIGMck,https://www.youtube.com/watch?v=sK-_6uIGMck,Ugw1jrgia4FMk5dx5qp4AaABAg.AH_m5Y9Vu_wARGwGYP0Ixs,Gold behaviour different than EU,2025-12-28T10:20:29Z,2026-10-01T13:26:40.157205+00:00,0,0,,deb0d3c6fe96d43a517be4882361d178c99887f5bcf5bfa13368ba6575706c7e,Ugw1jrgia4FMk5dx5qp4AaABAg,youtube-data-api-v3/commentThreads.list,,sK-_6uIGMck,GOLD 15M Trading Strategy Explained - Trading Gold on the 15 minute timeframe with CHoCH entry model,The Trading Academy,,
youtube,The Trading Academy,sK-_6uIGMck,https://www.youtube.com/watch?v=sK-_6uIGMck,UgwQ5Gv1d68DofMPdpF4AaABAg,U in the us ? Which platform ?,2026-04-05T03:02:40Z,2026-10-01T13:26:40.157205+00:00,1,0,,8dbc4d16005c2e5651846afd2fd5ccfbd536d57e21b6129e768092abccde1e43,,youtube-data-api-v3/commentThreads.list,,sK-_6uIGMck,GOLD 15M Trading Strategy Explained - Trading Gold on the 15 minute timeframe with CHoCH entry model,The Trading Academy,,
youtube,The Trading Academy,sK-_6uIGMck,https://www.youtube.com/watch?v=sK-_6uIGMck,UgzmXWWbuNJgdoLnNm14AaABAg,Please how I can get this platform ?? Ist mt4 or tradingview ?,2025-08-17T14:45:02Z,2026-10-01T13:26:40.157205+00:00,0,0,,08c4e6d1e8826a3866b8023a41bf83e065179b9206a1bd4a943c98357a7d8eec,,youtube-data-api-v3/commentThreads.list,,sK-_6uIGMck,GOLD 15M Trading Strategy Explained - Trading Gold on the 15 minute timeframe with CHoCH entry model,The Trading Academy,,
youtube,The Trading Academy,sK-_6uIGMck,https://www.youtube.com/watch?v=sK-_6uIGMck,Ugx5ec_2YvF8zbhV8Lh4AaABAg,That break wasn’t valid but you won it anyway,2025-06-06T19:47:01Z,2026-10-01T13:26:40.157205+00:00,0,0,,773fe0775a0b7bb6e29294c982e10088b64fc8413df88bc6a22504bd6a63cf83,,youtube-data-api-v3/commentThreads.list,,sK-_6uIGMck,GOLD 15M Trading Strategy Explained - Trading Gold on the 15 minute timeframe with CHoCH entry model,The Trading Academy,,
youtube,The Trading Academy,sK-_6uIGMck,https://www.youtube.com/watch?v=sK-_6uIGMck,UgyEA8Xecv9d2oY0_3d4AaABAg,No one trades without liquidity,2025-10-11T13:51:49Z,2026-10-01T13:26:40.157205+00:00,0,0,,51f3928da3e404571bb478bf5bbda6941c4f311476f943277937071ba2611b9d,,youtube-data-api-v3/commentThreads.list,,sK-_6uIGMck,GOLD 15M Trading Strategy Explained - Trading Gold on the 15 minute timeframe with CHoCH entry model,The Trading Academy,,
youtube,The Trading Academy,sK-_6uIGMck,https://www.youtube.com/watch?v=sK-_6uIGMck,UgxTCisGVrYZmtVEwNx4AaABAg,Only works in backtesting charts 😂,2025-09-20T15:46:35Z,2026-10-01T13:26:40.157205+00:00,0,0,,7e6c6984fdcbc8907175ece1cff755b5432462828caeabbc0670ac1c3a940c88,,youtube-data-api-v3/commentThreads.list,,sK-_6uIGMck,GOLD 15M Trading Strategy Explained - Trading Gold on the 15 minute timeframe with CHoCH entry model,The Trading Academy,,
youtube,The Trading Academy,sK-_6uIGMck,https://www.youtube.com/watch?v=sK-_6uIGMck,Ugw-C82INwTwda0il3Z4AaABAg,"It didn't break the last low, it swept only, your entry cannot be based on that sorry",2025-05-24T10:53:55Z,2026-10-01T13:26:40.157205+00:00,16,3,,a1a92aae2c283a43573bf6e3e8bd69bae30b18af83f711980f4c0de6de41d8b5,,youtube-data-api-v3/commentThreads.list,,sK-_6uIGMck,GOLD 15M Trading Strategy Explained - Trading Gold on the 15 minute timeframe with CHoCH entry model,The Trading Academy,,
youtube,The Trading Academy,sK-_6uIGMck,https://www.youtube.com/watch?v=sK-_6uIGMck,Ugw-C82INwTwda0il3Z4AaABAg.AIVenkqw5M1AJmVHA8elNd,😅,2025-06-25T05:39:41Z,2026-10-01T13:26:40.157205+00:00,0,0,,bf4faf662abdb90f915a24b5f21ba6306fe4af1a32cb06726fc60e669ab706de,Ugw-C82INwTwda0il3Z4AaABAg,youtube-data-api-v3/commentThreads.list,,sK-_6uIGMck,GOLD 15M Trading Strategy Explained - Trading Gold on the 15 minute timeframe with CHoCH entry model,The Trading Academy,,
youtube,The Trading Academy,sK-_6uIGMck,https://www.youtube.com/watch?v=sK-_6uIGMck,Ugw-C82INwTwda0il3Z4AaABAg.AIVenkqw5M1AJt3bK8bwBr,u r delusional,2025-06-27T18:52:35Z,2026-10-01T13:26:40.157205+00:00,2,0,,231954d3ffe6ecaaaa9bdc19ae8bb72f26128ee5df0ce0ccc4c7179410c6bf17,Ugw-C82INwTwda0il3Z4AaABAg,youtube-data-api-v3/commentThreads.list,,sK-_6uIGMck,GOLD 15M Trading Strategy Explained - Trading Gold on the 15 minute timeframe with CHoCH entry model,The Trading Academy,,
youtube,The Trading Academy,sK-_6uIGMck,https://www.youtube.com/watch?v=sK-_6uIGMck,Ugw-C82INwTwda0il3Z4AaABAg.AIVenkqw5M1AKMMLbXbMiX,"that is a one hour chart, go down to fifteen minutes and you'll see it closed beneath it.",2025-07-09T13:13:33Z,2026-10-01T13:26:40.157205+00:00,0,0,,1a77bf942f1c2937a70332401dcd6fecc45ae82729acdbb6a936d58b9e6e62d7,Ugw-C82INwTwda0il3Z4AaABAg,youtube-data-api-v3/commentThreads.list,,sK-_6uIGMck,GOLD 15M Trading Strategy Explained - Trading Gold on the 15 minute timeframe with CHoCH entry model,The Trading Academy,,
youtube,The Trading Academy,sK-_6uIGMck,https://www.youtube.com/watch?v=sK-_6uIGMck,UgzclJd5BAeqR4VadKF4AaABAg,"Hi, Sir If I am doing analysis H1 then which time frame is best for entry?",2025-12-28T17:25:47Z,2026-10-01T13:26:40.157205+00:00,0,0,,b906a83ba59eec948ea96a717355d053f579229faf87d967f7597eaccf0fbeaf,,youtube-data-api-v3/commentThreads.list,,sK-_6uIGMck,GOLD 15M Trading Strategy Explained - Trading Gold on the 15 minute timeframe with CHoCH entry model,The Trading Academy,,
youtube,The Trading Academy,sK-_6uIGMck,https://www.youtube.com/watch?v=sK-_6uIGMck,Ugy_lQbsXWwBEqra8AF4AaABAg,"Price needs to close to confirm a choch, a pin bar is not a choch,that was a lucky trade mate.",2025-08-18T07:23:18Z,2026-10-01T13:26:40.157205+00:00,0,0,,5f11d39a68dd7266b34b4014bc12920b63a2b425da1635017c4516c3408f6b70,,youtube-data-api-v3/commentThreads.list,,sK-_6uIGMck,GOLD 15M Trading Strategy Explained - Trading Gold on the 15 minute timeframe with CHoCH entry model,The Trading Academy,,
youtube,The Trading Academy,sK-_6uIGMck,https://www.youtube.com/watch?v=sK-_6uIGMck,UgxKPA7h0YExbFUaa0t4AaABAg,"Wait...15 minute time frame, but at least 10 candles before your take profit in only one hour?",2025-05-13T02:27:36Z,2026-10-01T13:26:40.157205+00:00,0,0,,7afe51aa76fee8d07699636b9e858d4c91f35a110616826cab2c1ba4ffd6437d,,youtube-data-api-v3/commentThreads.list,,sK-_6uIGMck,GOLD 15M Trading Strategy Explained - Trading Gold on the 15 minute timeframe with CHoCH entry model,The Trading Academy,,
youtube,The Trading Academy,sK-_6uIGMck,https://www.youtube.com/watch?v=sK-_6uIGMck,Ugw9z7-RhkEGJGmPvld4AaABAg,Wrong structure mapping brother.,2025-11-15T12:59:15Z,2026-10-01T13:26:40.157205+00:00,0,0,,adae6a709e908a388a8a6dba8f149027ca1e293743e9654e480b1f107d07a026,,youtube-data-api-v3/commentThreads.list,,sK-_6uIGMck,GOLD 15M Trading Strategy Explained - Trading Gold on the 15 minute timeframe with CHoCH entry model,The Trading Academy,,
youtube,The Trading Academy,sK-_6uIGMck,https://www.youtube.com/watch?v=sK-_6uIGMck,UgxNzX18tarOLsc2VW54AaABAg,I don't understand,2026-02-23T05:52:58Z,2026-10-01T13:26:40.157205+00:00,1,0,,4f93cf5746b03648d5352772fb363d4cca83f0910bad03e16eac1e8fb0baf1a5,,youtube-data-api-v3/commentThreads.list,,sK-_6uIGMck,GOLD 15M Trading Strategy Explained - Trading Gold on the 15 minute timeframe with CHoCH entry model,The Trading Academy,,
youtube,The Trading Academy,sK-_6uIGMck,https://www.youtube.com/watch?v=sK-_6uIGMck,Ugwi2oBTqVVcr1GgIpl4AaABAg,Do you have grupp,2026-04-19T15:51:40Z,2026-10-01T13:26:40.157205+00:00,1,0,,78dcc255a8fbc798c48b25b8d1cfdaf6e74a29c11becdc563f9a43648d60830b,,youtube-data-api-v3/commentThreads.list,,sK-_6uIGMck,GOLD 15M Trading Strategy Explained - Trading Gold on the 15 minute timeframe with CHoCH entry model,The Trading Academy,,
youtube,The Trading Academy,sK-_6uIGMck,https://www.youtube.com/watch?v=sK-_6uIGMck,UgwRj94opnjp0j7Dp2R4AaABAg,What time frame is that setup on,2025-08-30T21:53:53Z,2026-10-01T13:26:40.157205+00:00,0,0,,ac619fe21dee2b88adef927623d711ad26e31dcacf6dd319b3d74bafb63c8ea7,,youtube-data-api-v3/commentThreads.list,,sK-_6uIGMck,GOLD 15M Trading Strategy Explained - Trading Gold on the 15 minute timeframe with CHoCH entry model,The Trading Academy,,
youtube,The Trading Academy,sK-_6uIGMck,https://www.youtube.com/watch?v=sK-_6uIGMck,UgyM9QvAAliB2oT9Psp4AaABAg,imposible in real do like that.. before the content tried to find the right chart to exposed,2026-08-20T09:48:32Z,2026-10-01T13:26:40.157205+00:00,1,0,,3b3843d8b93284595bb750e0d508b9aa2455c3281fff83ecb36bd0dfe3f85db5,,youtube-data-api-v3/commentThreads.list,,sK-_6uIGMck,GOLD 15M Trading Strategy Explained - Trading Gold on the 15 minute timeframe with CHoCH entry model,The Trading Academy,,
youtube,The Trading Academy,sK-_6uIGMck,https://www.youtube.com/watch?v=sK-_6uIGMck,UgwLOdc-Jaws4UrTaI54AaABAg,What session?,2025-11-20T11:08:13Z,2026-10-01T13:26:40.157205+00:00,0,0,,e660fd7fd6d3de2fa4fe2f5e0bce08ba1339a07e68471b5b4091d225709e5acd,,youtube-data-api-v3/commentThreads.list,,sK-_6uIGMck,GOLD 15M Trading Strategy Explained - Trading Gold on the 15 minute timeframe with CHoCH entry model,The Trading Academy,,
youtube,The Trading Academy,sK-_6uIGMck,https://www.youtube.com/watch?v=sK-_6uIGMck,UgxewgyYReCbWjDZ0_l4AaABAg,What timeframe do you use,2025-09-13T07:42:47Z,2026-10-01T13:26:40.157205+00:00,0,0,,cbf51437d6bebeb35834bad7bba0d5b5e96727dab004d82c1bd686983e62a2ae,,youtube-data-api-v3/commentThreads.list,,sK-_6uIGMck,GOLD 15M Trading Strategy Explained - Trading Gold on the 15 minute timeframe with CHoCH entry model,The Trading Academy,,
youtube,The Trading Academy,sK-_6uIGMck,https://www.youtube.com/watch?v=sK-_6uIGMck,UgyJgJ-3Z3vqEGaih0t4AaABAg,that good,2025-08-07T05:02:36Z,2026-10-01T13:26:40.157205+00:00,0,0,,9e17fbda7bded7621fc4c48eec04c3fca40b827f690eae6eec532ac504701fda,,youtube-data-api-v3/commentThreads.list,,sK-_6uIGMck,GOLD 15M Trading Strategy Explained - Trading Gold on the 15 minute timeframe with CHoCH entry model,The Trading Academy,,
youtube,The Trading Academy,sK-_6uIGMck,https://www.youtube.com/watch?v=sK-_6uIGMck,Ugway-NKPSMzlrJ_P0B4AaABAg,❤,2024-09-19T14:23:00Z,2026-10-01T13:26:40.157205+00:00,0,0,,94e8ee839490d3841fa28a05f3e8323955387bb0a6be21c9318c3874a5bef5e3,,youtube-data-api-v3/commentThreads.list,,sK-_6uIGMck,GOLD 15M Trading Strategy Explained - Trading Gold on the 15 minute timeframe with CHoCH entry model,The Trading Academy,,
youtube,The Trading Academy,sK-_6uIGMck,https://www.youtube.com/watch?v=sK-_6uIGMck,UgxlF2WFhtCnXnqnjp14AaABAg,Tell me indicator any good suggest,2026-05-01T18:13:29Z,2026-10-01T13:26:40.157205+00:00,0,0,,ef763ef725b70f5d2e95a8e3b6533b81c4870f7e4a699fc1cbcf6633fe662d1c,,youtube-data-api-v3/commentThreads.list,,sK-_6uIGMck,GOLD 15M Trading Strategy Explained - Trading Gold on the 15 minute timeframe with CHoCH entry model,The Trading Academy,,
youtube,The Trading Academy,sK-_6uIGMck,https://www.youtube.com/watch?v=sK-_6uIGMck,UgwCYd7dgmuWULO66Th4AaABAg,"CHOC is not guaranteed, my dear it could reverse anytime, no one know the market next move 😮",2025-04-06T15:57:54Z,2026-10-01T13:26:40.157205+00:00,9,8,,e0114fefa6b73d06ff4168d8ab0688c894c6d23e1762cf0cc8cf4d64f82fc810,,youtube-data-api-v3/commentThreads.list,,sK-_6uIGMck,GOLD 15M Trading Strategy Explained - Trading Gold on the 15 minute timeframe with CHoCH entry model,The Trading Academy,,
youtube,The Trading Academy,sK-_6uIGMck,https://www.youtube.com/watch?v=sK-_6uIGMck,UgwCYd7dgmuWULO66Th4AaABAg.AG_bR2QmnmMAGf5HlZ4MEy,ofc u cant always win thats where risk management comes in,2025-04-08T19:03:42Z,2026-10-01T13:26:40.157205+00:00,0,0,,73616feaf9feffa1e69d15252a12ada63db43e0ddae8c41874fb99b701806203,UgwCYd7dgmuWULO66Th4AaABAg,youtube-data-api-v3/commentThreads.list,,sK-_6uIGMck,GOLD 15M Trading Strategy Explained - Trading Gold on the 15 minute timeframe with CHoCH entry model,The Trading Academy,,
youtube,The Trading Academy,sK-_6uIGMck,https://www.youtube.com/watch?v=sK-_6uIGMck,UgwCYd7dgmuWULO66Th4AaABAg.AG_bR2QmnmMAJ771d01cc0,Yes I saw that too,2025-06-08T18:39:45Z,2026-10-01T13:26:40.157205+00:00,0,0,,e637a7a7062078d66242aae0ac83640ad0577f311dd11f20d5c5795156907b2a,UgwCYd7dgmuWULO66Th4AaABAg,youtube-data-api-v3/commentThreads.list,,sK-_6uIGMck,GOLD 15M Trading Strategy Explained - Trading Gold on the 15 minute timeframe with CHoCH entry model,The Trading Academy,,
youtube,The Trading Academy,sK-_6uIGMck,https://www.youtube.com/watch?v=sK-_6uIGMck,UgwCYd7dgmuWULO66Th4AaABAg.AG_bR2QmnmMAJCGJXQ8Cpw,"Nothing is guaranteed, but that doesnt mean we should stop.",2025-06-10T18:37:02Z,2026-10-01T13:26:40.157205+00:00,2,0,,4382f339914994bbc8a27b5d32469fbe899020d6f2723038af1e33b802dce54a,UgwCYd7dgmuWULO66Th4AaABAg,youtube-data-api-v3/commentThreads.list,,sK-_6uIGMck,GOLD 15M Trading Strategy Explained - Trading Gold on the 15 minute timeframe with CHoCH entry model,The Trading Academy,,
youtube,The Trading Academy,sK-_6uIGMck,https://www.youtube.com/watch?v=sK-_6uIGMck,UgwCYd7dgmuWULO66Th4AaABAg.AG_bR2QmnmMAKFB5zpcABK,@RamusVaikas u said it all thank u bro,2025-07-06T18:20:37Z,2026-10-01T13:26:40.157205+00:00,0,0,,daf1a4387a54d7bc7e1277069c13d53cffbf88609381b8a90d9507031cd1a797,UgwCYd7dgmuWULO66Th4AaABAg,youtube-data-api-v3/commentThreads.list,,sK-_6uIGMck,GOLD 15M Trading Strategy Explained - Trading Gold on the 15 minute timeframe with CHoCH entry model,The Trading Academy,,
youtube,The Trading Academy,sK-_6uIGMck,https://www.youtube.com/watch?v=sK-_6uIGMck,UgwCYd7dgmuWULO66Th4AaABAg.AG_bR2QmnmMAKyUNzkfSpz,"You can, with the liquidity heat map and the whale orders… You can predict exact movement of everything…",2025-07-24T17:54:09Z,2026-10-01T13:26:40.157205+00:00,1,0,,b27e45ad1814b0293d313d0ab46d813e7d91cd378374d5477e74bc8e60665932,UgwCYd7dgmuWULO66Th4AaABAg,youtube-data-api-v3/commentThreads.list,,sK-_6uIGMck,GOLD 15M Trading Strategy Explained - Trading Gold on the 15 minute timeframe with CHoCH entry model,The Trading Academy,,
youtube,The Trading Academy,sK-_6uIGMck,https://www.youtube.com/watch?v=sK-_6uIGMck,Ugzj5h3X-4HOSxQ6qgV4AaABAg,"for gold, the setup matters more than the headline. i'd wait to see how price reacts around the key levels before choosing a side",2026-05-24T19:18:33Z,2026-10-01T13:26:40.157205+00:00,2,1,,420ff614b6835d682ace1ee0c779b89534e041cbc34137ef9b2a4db876a80a85,,youtube-data-api-v3/commentThreads.list,,sK-_6uIGMck,GOLD 15M Trading Strategy Explained - Trading Gold on the 15 minute timeframe with CHoCH entry model,The Trading Academy,,
youtube,The Trading Academy,sK-_6uIGMck,https://www.youtube.com/watch?v=sK-_6uIGMck,Ugzj5h3X-4HOSxQ6qgV4AaABAg.AXCPh7iXQEAAZRF3sY9_si,Yes the fractual balance point of the abc is critical to the junction of commitment of directional bias plus the xyz needs to be analyzed with a projectional basis of at most 7.,2026-07-19T06:37:04Z,2026-10-01T13:26:40.157205+00:00,0,0,,b5df53a927640f38d0b6f53453646b5d00f70745b97f0c3b073db3fbf997d616,Ugzj5h3X-4HOSxQ6qgV4AaABAg,youtube-data-api-v3/commentThreads.list,,sK-_6uIGMck,GOLD 15M Trading Strategy Explained - Trading Gold on the 15 minute timeframe with CHoCH entry model,The Trading Academy,,
youtube,The Trading Academy,sK-_6uIGMck,https://www.youtube.com/watch?v=sK-_6uIGMck,Ugy8aP8tKdDXGn4JEKZ4AaABAg,Will the market rise next?,2026-08-10T09:45:40Z,2026-10-01T13:26:40.157205+00:00,0,0,,33a9643fcfcf6e51dde51721be3f4cebb9a822dbb18eee55754f7ae030dcc1c7,,youtube-data-api-v3/commentThreads.list,,sK-_6uIGMck,GOLD 15M Trading Strategy Explained - Trading Gold on the 15 minute timeframe with CHoCH entry model,The Trading Academy,,
youtube,The Trading Academy,sK-_6uIGMck,https://www.youtube.com/watch?v=sK-_6uIGMck,UgyXWPWDciu27UYgjtF4AaABAg,This technique is amazing! Which time frame do you use it on?,2025-03-07T12:22:33Z,2026-10-01T13:26:40.157205+00:00,6,2,,672a3450bbff93d32fe6caa4a61d5bb0403502a98c1ee7fc3828c4b1dbee4438,,youtube-data-api-v3/commentThreads.list,,sK-_6uIGMck,GOLD 15M Trading Strategy Explained - Trading Gold on the 15 minute timeframe with CHoCH entry model,The Trading Academy,,
youtube,The Trading Academy,sK-_6uIGMck,https://www.youtube.com/watch?v=sK-_6uIGMck,UgyXWPWDciu27UYgjtF4AaABAg.AFMywfuKNLdAFYIRGQi_YY,15 minutes,2025-03-11T21:53:17Z,2026-10-01T13:26:40.157205+00:00,2,0,,a9fecc317cacb2f14d2865669032b0953df1b4bf1bc0c1a4a4ba31f126ff2a11,UgyXWPWDciu27UYgjtF4AaABAg,youtube-data-api-v3/commentThreads.list,,sK-_6uIGMck,GOLD 15M Trading Strategy Explained - Trading Gold on the 15 minute timeframe with CHoCH entry model,The Trading Academy,,
youtube,The Trading Academy,sK-_6uIGMck,https://www.youtube.com/watch?v=sK-_6uIGMck,UgyXWPWDciu27UYgjtF4AaABAg.AFMywfuKNLdAGOiZqb1ngz,⁠I would say 5 mins as if you listen he said ‘in an hour’ count the candles 🤷🏻 - the title is 15 mins chart. This would make it a 2.5 hr trade.,2025-04-02T01:09:22Z,2026-10-01T13:26:40.157205+00:00,3,0,,978afc67933cd097bb4985a385795e81ebc9c3d0f085ab005815f35a1a7ba612,UgyXWPWDciu27UYgjtF4AaABAg,youtube-data-api-v3/commentThreads.list,,sK-_6uIGMck,GOLD 15M Trading Strategy Explained - Trading Gold on the 15 minute timeframe with CHoCH entry model,The Trading Academy,,
youtube,The Trading Academy,sK-_6uIGMck,https://www.youtube.com/watch?v=sK-_6uIGMck,UgwrrFvLc8sraDWN8Dd4AaABAg,"that looks liquidity to me then reverse continue upside. for me its invalid setup to sell, for me i want the strong breakout body close under the wick and then retest on the nearest supply , bearish OB, FVG. i will never ever sell on that wick go back to the zones",2026-08-10T03:23:20Z,2026-10-01T13:26:40.157205+00:00,0,0,,e0755b0e9250a036f1dccc33a5b70835f2339ce9934331adaf2584c404b2cee8,,youtube-data-api-v3/commentThreads.list,,sK-_6uIGMck,GOLD 15M Trading Strategy Explained - Trading Gold on the 15 minute timeframe with CHoCH entry model,The Trading Academy,,
youtube,The Trading Academy,sK-_6uIGMck,https://www.youtube.com/watch?v=sK-_6uIGMck,Ugx8m79lYEF8aa-VA2t4AaABAg,❤❤❤❤❤,2025-03-24T16:02:36Z,2026-10-01T13:26:40.157205+00:00,0,0,,7cd71ef71848e1b8e00f374795e9a79e8a7d9c5edff606e642b8cc01156a9504,,youtube-data-api-v3/commentThreads.list,,sK-_6uIGMck,GOLD 15M Trading Strategy Explained - Trading Gold on the 15 minute timeframe with CHoCH entry model,The Trading Academy,,
youtube,The Trading Academy,sK-_6uIGMck,https://www.youtube.com/watch?v=sK-_6uIGMck,UgwRB-LxbgEXkKKDAEB4AaABAg,Guru,2025-04-12T09:48:52Z,2026-10-01T13:26:40.157205+00:00,0,0,,c49e6c1e049d0cb87dc0ae1a9a85eeeee6a16a2acd3b729058cc1db4ea29b197,,youtube-data-api-v3/commentThreads.list,,sK-_6uIGMck,GOLD 15M Trading Strategy Explained - Trading Gold on the 15 minute timeframe with CHoCH entry model,The Trading Academy,,
youtube,The Trading Academy,sK-_6uIGMck,https://www.youtube.com/watch?v=sK-_6uIGMck,UgwIzgxAFY9aHWrsyXp4AaABAg,it's mostly duoble top,2026-08-21T17:49:52Z,2026-10-01T13:26:40.157205+00:00,0,0,,023da078474e004585cd27c0d7add367738e58546230ee3dae81da60f19fd280,,youtube-data-api-v3/commentThreads.list,,sK-_6uIGMck,GOLD 15M Trading Strategy Explained - Trading Gold on the 15 minute timeframe with CHoCH entry model,The Trading Academy,,
youtube,The Trading Academy,sK-_6uIGMck,https://www.youtube.com/watch?v=sK-_6uIGMck,UgxU_vPrZeh3kf0c_5J4AaABAg,Hello,2026-04-19T15:51:10Z,2026-10-01T13:26:40.157205+00:00,0,0,,78dcc255a8fbc798c48b25b8d1cfdaf6e74a29c11becdc563f9a43648d60830b,,youtube-data-api-v3/commentThreads.list,,sK-_6uIGMck,GOLD 15M Trading Strategy Explained - Trading Gold on the 15 minute timeframe with CHoCH entry model,The Trading Academy,,
youtube,The Trading Academy,sK-_6uIGMck,https://www.youtube.com/watch?v=sK-_6uIGMck,Ugxb6LSOrYdKo8ra17N4AaABAg,Trade demo never die 😊,2025-06-16T12:58:36Z,2026-10-01T13:26:40.157205+00:00,3,0,,8ad097b4524ee9c8af9c0989a7477e59c16691cce6e7c26e7e863419497ccde8,,youtube-data-api-v3/commentThreads.list,,sK-_6uIGMck,GOLD 15M Trading Strategy Explained - Trading Gold on the 15 minute timeframe with CHoCH entry model,The Trading Academy,,
youtube,The Trading Academy,sK-_6uIGMck,https://www.youtube.com/watch?v=sK-_6uIGMck,Ugx3kYoI1mhoTLUKdiR4AaABAg,Why do you mark a supply and demand with many candles highlighted ?,2025-08-19T15:07:44Z,2026-10-01T13:26:40.157205+00:00,0,2,,3f167ac59f29bc8f05ba82399d15663869d7dfec577c27f29ec0ae37d6cac335,,youtube-data-api-v3/commentThreads.list,,sK-_6uIGMck,GOLD 15M Trading Strategy Explained - Trading Gold on the 15 minute timeframe with CHoCH entry model,The Trading Academy,,
youtube,The Trading Academy,sK-_6uIGMck,https://www.youtube.com/watch?v=sK-_6uIGMck,Ugx3kYoI1mhoTLUKdiR4AaABAg.AM08-lQ8i9fAMZ0HgZT0wP,Because it's his charts 😂,2025-09-02T04:13:41Z,2026-10-01T13:26:40.157205+00:00,0,0,,9528ecff9a2f1bfbbeb669aff0bf5566af83163b59acd82deb4e5321fb8611ac,Ugx3kYoI1mhoTLUKdiR4AaABAg,youtube-data-api-v3/commentThreads.list,,sK-_6uIGMck,GOLD 15M Trading Strategy Explained - Trading Gold on the 15 minute timeframe with CHoCH entry model,The Trading Academy,,
youtube,The Trading Academy,sK-_6uIGMck,https://www.youtube.com/watch?v=sK-_6uIGMck,Ugx3kYoI1mhoTLUKdiR4AaABAg.AM08-lQ8i9fAMbnNcliOr2,@banginzazabut still now its on the public view🤷🏻‍♂️,2025-09-03T15:29:08Z,2026-10-01T13:26:40.157205+00:00,0,0,,3f167ac59f29bc8f05ba82399d15663869d7dfec577c27f29ec0ae37d6cac335,Ugx3kYoI1mhoTLUKdiR4AaABAg,youtube-data-api-v3/commentThreads.list,,sK-_6uIGMck,GOLD 15M Trading Strategy Explained - Trading Gold on the 15 minute timeframe with CHoCH entry model,The Trading Academy,,
youtube,The Trading Academy,sK-_6uIGMck,https://www.youtube.com/watch?v=sK-_6uIGMck,UgxZJVodGznY4YOMcg14AaABAg,"So this confirmation is always occuring on 15 minutes time frame for short term trades and do you always target previous bottom or do you always target .50 ,if so when would you know to target previous bottom",2024-09-20T12:33:11Z,2026-10-01T13:26:40.157205+00:00,0,1,,c3c167e4c028109635e32ec7ba12dc0d1e1e952137bbd273a52b5b177a5b7afe,,youtube-data-api-v3/commentThreads.list,,sK-_6uIGMck,GOLD 15M Trading Strategy Explained - Trading Gold on the 15 minute timeframe with CHoCH entry model,The Trading Academy,,
youtube,The Trading Academy,sK-_6uIGMck,https://www.youtube.com/watch?v=sK-_6uIGMck,Ugz_FfK1ZHIJ44IAobF4AaABAg,Do I need to enter a trade in a lower timeframe?,2025-03-07T09:18:26Z,2026-10-01T13:26:40.157205+00:00,1,1,,8ce9fb0a13b9bef5277e2f9131cb95807c12484a5622c62931e5dd4faf724472,,youtube-data-api-v3/commentThreads.list,,sK-_6uIGMck,GOLD 15M Trading Strategy Explained - Trading Gold on the 15 minute timeframe with CHoCH entry model,The Trading Academy,,
youtube,The Trading Academy,sK-_6uIGMck,https://www.youtube.com/watch?v=sK-_6uIGMck,Ugz_FfK1ZHIJ44IAobF4AaABAg.AFMds9Mp3ptAGdGaG5E32F,"Yes, 5 or 1 min",2025-04-08T02:04:01Z,2026-10-01T13:26:40.157205+00:00,0,0,,919200a32a68a98735ba6d76f99936566ddf18adc1db374f26cffd6e626f94df,Ugz_FfK1ZHIJ44IAobF4AaABAg,youtube-data-api-v3/commentThreads.list,,sK-_6uIGMck,GOLD 15M Trading Strategy Explained - Trading Gold on the 15 minute timeframe with CHoCH entry model,The Trading Academy,,
youtube,The Trading Academy,sK-_6uIGMck,https://www.youtube.com/watch?v=sK-_6uIGMck,UgxHoDnlJJZD13m22_d4AaABAg,Timeframe?,2026-08-30T01:31:35Z,2026-10-01T13:26:40.157205+00:00,0,0,,9d89aba0f8f17c01d3df00e1d96927c227947c3a0078aeea80762fab33650c4f,,youtube-data-api-v3/commentThreads.list,,sK-_6uIGMck,GOLD 15M Trading Strategy Explained - Trading Gold on the 15 minute timeframe with CHoCH entry model,The Trading Academy,,
youtube,The Trading Academy,sK-_6uIGMck,https://www.youtube.com/watch?v=sK-_6uIGMck,Ugz308cU4NoHhXu36D14AaABAg,That is not a BOS pal,2026-01-24T22:49:37Z,2026-10-01T13:26:40.157205+00:00,0,0,,5d7bf0cd6a211cf0206a9e877bf5c3bdc2273ec57f3e5a097fc75c3126f012e6,,youtube-data-api-v3/commentThreads.list,,sK-_6uIGMck,GOLD 15M Trading Strategy Explained - Trading Gold on the 15 minute timeframe with CHoCH entry model,The Trading Academy,,
youtube,The Trading Academy,sK-_6uIGMck,https://www.youtube.com/watch?v=sK-_6uIGMck,Ugw5dxNtqMuOpW2x46h4AaABAg,"Bro you said you made 2000 in 1 hr, but it says 15 min time frame with CHOCH model & you are showing 5 min charts, bro are you ok.......!!!",2025-10-20T00:09:18Z,2026-10-01T13:26:40.157205+00:00,0,0,,c16c1dc73570dae9a592644d51d524b45ef76d66fed831e91e6d1fd2f43f3e03,,youtube-data-api-v3/commentThreads.list,,sK-_6uIGMck,GOLD 15M Trading Strategy Explained - Trading Gold on the 15 minute timeframe with CHoCH entry model,The Trading Academy,,
youtube,The Trading Academy,sK-_6uIGMck,https://www.youtube.com/watch?v=sK-_6uIGMck,Ugyjwk3rYJRaT2iIxuB4AaABAg,Is it ok to consider that wick as CHOCH?,2024-09-19T16:53:36Z,2026-10-01T13:26:40.157205+00:00,12,8,,f7d906fca016a749ee95d44024cdf3a51ccb701f17b99d53dc36043dc51dc0ea,,youtube-data-api-v3/commentThreads.list,,sK-_6uIGMck,GOLD 15M Trading Strategy Explained - Trading Gold on the 15 minute timeframe with CHoCH entry model,The Trading Academy,,
youtube,The Trading Academy,sK-_6uIGMck,https://www.youtube.com/watch?v=sK-_6uIGMck,Ugyjwk3rYJRaT2iIxuB4AaABAg.A8_IbunTpSUA8bBbwnvXob,@TheTradingAcademy thanks,2024-09-20T10:30:55Z,2026-10-01T13:26:40.157205+00:00,0,0,,f7d906fca016a749ee95d44024cdf3a51ccb701f17b99d53dc36043dc51dc0ea,Ugyjwk3rYJRaT2iIxuB4AaABAg,youtube-data-api-v3/commentThreads.list,,sK-_6uIGMck,GOLD 15M Trading Strategy Explained - Trading Gold on the 15 minute timeframe with CHoCH entry model,The Trading Academy,,
youtube,The Trading Academy,sK-_6uIGMck,https://www.youtube.com/watch?v=sK-_6uIGMck,Ugyjwk3rYJRaT2iIxuB4AaABAg.A8_IbunTpSUA8fDeLhcM5F,No tbag wick isn’t good enough confirmstion of it think about it a wick shows that there was a break and buyers pushed price but took a hard rejection,2024-09-22T00:05:41Z,2026-10-01T13:26:40.157205+00:00,2,0,,48b9f0570e8d51f87a18a61ae010509df669c644fbe5d771bdfddd98ec5cefd3,Ugyjwk3rYJRaT2iIxuB4AaABAg,youtube-data-api-v3/commentThreads.list,,sK-_6uIGMck,GOLD 15M Trading Strategy Explained - Trading Gold on the 15 minute timeframe with CHoCH entry model,The Trading Academy,,
youtube,The Trading Academy,sK-_6uIGMck,https://www.youtube.com/watch?v=sK-_6uIGMck,Ugyjwk3rYJRaT2iIxuB4AaABAg.A8_IbunTpSUA8fDh0nU9KS,@TheTradingAcademyoh was I wrong with what I said then ?,2024-09-22T00:06:03Z,2026-10-01T13:26:40.157205+00:00,0,0,,48b9f0570e8d51f87a18a61ae010509df669c644fbe5d771bdfddd98ec5cefd3,Ugyjwk3rYJRaT2iIxuB4AaABAg,youtube-data-api-v3/commentThreads.list,,sK-_6uIGMck,GOLD 15M Trading Strategy Explained - Trading Gold on the 15 minute timeframe with CHoCH entry model,The Trading Academy,,
youtube,The Trading Academy,sK-_6uIGMck,https://www.youtube.com/watch?v=sK-_6uIGMck,Ugyjwk3rYJRaT2iIxuB4AaABAg.A8_IbunTpSUA8fDnGSqeNo,My bad guys didn’t look at the wick and skinny body of the candle I’m completely wrong,2024-09-22T00:06:54Z,2026-10-01T13:26:40.157205+00:00,0,0,,48b9f0570e8d51f87a18a61ae010509df669c644fbe5d771bdfddd98ec5cefd3,Ugyjwk3rYJRaT2iIxuB4AaABAg,youtube-data-api-v3/commentThreads.list,,sK-_6uIGMck,GOLD 15M Trading Strategy Explained - Trading Gold on the 15 minute timeframe with CHoCH entry model,The Trading Academy,,
youtube,The Trading Academy,sK-_6uIGMck,https://www.youtube.com/watch?v=sK-_6uIGMck,Ugy53zDuW8pvDqpNJaR4AaABAg,Is it necessary to use RSI to confirm the entry point for a trade?,2025-03-07T10:26:06Z,2026-10-01T13:26:40.157205+00:00,0,2,,d1617308c2496f4688462dcd16aa162775d00c4e48619cd4ff0e3e37ee9c3423,,youtube-data-api-v3/commentThreads.list,,sK-_6uIGMck,GOLD 15M Trading Strategy Explained - Trading Gold on the 15 minute timeframe with CHoCH entry model,The Trading Academy,,
youtube,The Trading Academy,sK-_6uIGMck,https://www.youtube.com/watch?v=sK-_6uIGMck,Ugy53zDuW8pvDqpNJaR4AaABAg.AFMlbeonlyZAFuktctByQt,Rsi is misleading,2025-03-21T00:33:14Z,2026-10-01T13:26:40.157205+00:00,0,0,,a54977b0ae54bdb545da21c3efcddb2f685ec7183300287384390cf506453798,Ugy53zDuW8pvDqpNJaR4AaABAg,youtube-data-api-v3/commentThreads.list,,sK-_6uIGMck,GOLD 15M Trading Strategy Explained - Trading Gold on the 15 minute timeframe with CHoCH entry model,The Trading Academy,,
youtube,The Trading Academy,sK-_6uIGMck,https://www.youtube.com/watch?v=sK-_6uIGMck,Ugy53zDuW8pvDqpNJaR4AaABAg.AFMlbeonlyZAFukvUSTy-Q,It could be overbought/sold for a long time,2025-03-21T00:33:29Z,2026-10-01T13:26:40.157205+00:00,0,0,,a54977b0ae54bdb545da21c3efcddb2f685ec7183300287384390cf506453798,Ugy53zDuW8pvDqpNJaR4AaABAg,youtube-data-api-v3/commentThreads.list,,sK-_6uIGMck,GOLD 15M Trading Strategy Explained - Trading Gold on the 15 minute timeframe with CHoCH entry model,The Trading Academy,,
youtube,The Trading Academy,sK-_6uIGMck,https://www.youtube.com/watch?v=sK-_6uIGMck,UgxLRT0fY4aomQNq5xp4AaABAg,Is it okay to enter a trade without a liquidity forming like this or should I wait for liquidity first after choch,2024-09-19T10:24:05Z,2026-10-01T13:26:40.157205+00:00,0,2,,4a3a958506472f5de269f2d914dfcc5d49d9d9e05251ebfa0a10fccd2c329f8d,,youtube-data-api-v3/commentThreads.list,,sK-_6uIGMck,GOLD 15M Trading Strategy Explained - Trading Gold on the 15 minute timeframe with CHoCH entry model,The Trading Academy,,
youtube,The Trading Academy,sK-_6uIGMck,https://www.youtube.com/watch?v=sK-_6uIGMck,UgxLRT0fY4aomQNq5xp4AaABAg.A8Zb1zkWSX_A8Zbg4bFENA,Gold always forms liquid,2024-09-19T10:29:41Z,2026-10-01T13:26:40.157205+00:00,0,0,,5a0a703c60641c3c280d1a79b5dab845e8719edfc6b8e999331992557a60f01e,UgxLRT0fY4aomQNq5xp4AaABAg,youtube-data-api-v3/commentThreads.list,,sK-_6uIGMck,GOLD 15M Trading Strategy Explained - Trading Gold on the 15 minute timeframe with CHoCH entry model,The Trading Academy,,
youtube,The Trading Academy,sK-_6uIGMck,https://www.youtube.com/watch?v=sK-_6uIGMck,UgxLRT0fY4aomQNq5xp4AaABAg.A8Zb1zkWSX_A8ytSnJLvk9,Liquidity has been taken before the change of character…,2024-09-29T15:25:17Z,2026-10-01T13:26:40.157205+00:00,0,0,,3350725ce77fe0be781af72af0adae8c56454128d7bbb2bb3be11ab359439528,UgxLRT0fY4aomQNq5xp4AaABAg,youtube-data-api-v3/commentThreads.list,,sK-_6uIGMck,GOLD 15M Trading Strategy Explained - Trading Gold on the 15 minute timeframe with CHoCH entry model,The Trading Academy,,
youtube,The Trading Academy,sK-_6uIGMck,https://www.youtube.com/watch?v=sK-_6uIGMck,UgwcBFm2na6kz5VZBrZ4AaABAg,Please what time frame,2025-03-24T22:46:59Z,2026-10-01T13:26:40.157205+00:00,0,1,,04f0575a13c11d955205b32943b3d4dd8974fae9f86bc1b65a98331ce0b09c8e,,youtube-data-api-v3/commentThreads.list,,sK-_6uIGMck,GOLD 15M Trading Strategy Explained - Trading Gold on the 15 minute timeframe with CHoCH entry model,The Trading Academy,,
youtube,The Trading Academy,sK-_6uIGMck,https://www.youtube.com/watch?v=sK-_6uIGMck,UgwcBFm2na6kz5VZBrZ4AaABAg.AG3ruxt0yURAJiosIjs5Gy,30m or 1h i guess,2025-06-23T19:22:42Z,2026-10-01T13:26:40.157205+00:00,0,0,,df338ba5175d528e8fc65e0bb0f791b1030ef6fe4a8b68744dc9fe67cf6600b1,UgwcBFm2na6kz5VZBrZ4AaABAg,youtube-data-api-v3/commentThreads.list,,sK-_6uIGMck,GOLD 15M Trading Strategy Explained - Trading Gold on the 15 minute timeframe with CHoCH entry model,The Trading Academy,,
youtube,The Trading Academy,sK-_6uIGMck,https://www.youtube.com/watch?v=sK-_6uIGMck,UgyoEVesJGcrmoeIkg14AaABAg,Wrong it s risque,2025-08-30T06:29:58Z,2026-10-01T13:26:40.157205+00:00,0,0,,377e313fdf60e57bbf63c3f5f891aabda3199e5e18895dedc98ccf729b6308e3,,youtube-data-api-v3/commentThreads.list,,sK-_6uIGMck,GOLD 15M Trading Strategy Explained - Trading Gold on the 15 minute timeframe with CHoCH entry model,The Trading Academy,,
youtube,The Trading Academy,sK-_6uIGMck,https://www.youtube.com/watch?v=sK-_6uIGMck,UgygApDu-aQljsALmAF4AaABAg,Bro can I get a one on one please I’m paying.,2024-09-20T00:59:12Z,2026-10-01T13:26:40.157205+00:00,0,1,,c64747e8d67c3814709a0132cb254d91850dc3b6c53b96e1512f70d80356515e,,youtube-data-api-v3/commentThreads.list,,sK-_6uIGMck,GOLD 15M Trading Strategy Explained - Trading Gold on the 15 minute timeframe with CHoCH entry model,The Trading Academy,,
youtube,The Trading Academy,sK-_6uIGMck,https://www.youtube.com/watch?v=sK-_6uIGMck,UgwcOvmzhQ7nEGZQkcJ4AaABAg,https://youtu.be/seFza39di1w?si=q-szVLeSt66WYk-Y Gold Updates 8 April,2025-04-08T09:59:15Z,2026-10-01T13:26:40.157205+00:00,0,0,,3bfc9d40be1fa6e120030cc4eb4de53eeb4bc09f176f0cf192e40dfc544dd5b1,,youtube-data-api-v3/commentThreads.list,,sK-_6uIGMck,GOLD 15M Trading Strategy Explained - Trading Gold on the 15 minute timeframe with CHoCH entry model,The Trading Academy,,
youtube,The Trading Academy,sK-_6uIGMck,https://www.youtube.com/watch?v=sK-_6uIGMck,Ugye-ScIaw17uq3z-FZ4AaABAg,ICT😁...,2026-05-28T11:21:10Z,2026-10-01T13:26:40.157205+00:00,0,0,,15a3202288881d0da58d3b96842e0b9da0345027f5127062a6a4ed339adb76b5,,youtube-data-api-v3/commentThreads.list,,sK-_6uIGMck,GOLD 15M Trading Strategy Explained - Trading Gold on the 15 minute timeframe with CHoCH entry model,The Trading Academy,,
youtube,The Trading Academy,sK-_6uIGMck,https://www.youtube.com/watch?v=sK-_6uIGMck,Ugw5ycTk3b2TzUG4H7p4AaABAg,BRO WHAT TYPE OF BoS IS THAT ?? WHY WOULD  YOU CONSIDER A BREAK OF STRUCTURE WITH A WICK OF THE CANDLE ??,2025-02-02T20:33:49Z,2026-10-01T13:26:40.158206+00:00,1,3,,56bf7988d463b564c2f7e334f931a3cce50aff3b125d45979994ffc90c1e838e,,youtube-data-api-v3/commentThreads.list,,sK-_6uIGMck,GOLD 15M Trading Strategy Explained - Trading Gold on the 15 minute timeframe with CHoCH entry model,The Trading Academy,,
youtube,The Trading Academy,sK-_6uIGMck,https://www.youtube.com/watch?v=sK-_6uIGMck,Ugw5ycTk3b2TzUG4H7p4AaABAg.AE2svsuAYgoAE4dqVnBwd-,This is the reason I came to the comments.... That's clearly a liquidity grab,2025-02-03T13:00:30Z,2026-10-01T13:26:40.158206+00:00,0,0,,1d4b5fe6558a82e6abad415b4938288a2bf16dc0f3bd6af0ba04ce38e37e525e,Ugw5ycTk3b2TzUG4H7p4AaABAg,youtube-data-api-v3/commentThreads.list,,sK-_6uIGMck,GOLD 15M Trading Strategy Explained - Trading Gold on the 15 minute timeframe with CHoCH entry model,The Trading Academy,,
youtube,The Trading Academy,sK-_6uIGMck,https://www.youtube.com/watch?v=sK-_6uIGMck,Ugw5ycTk3b2TzUG4H7p4AaABAg.AE2svsuAYgoAGf5Vh1SOWP,not BoS its CHoCH,2025-04-08T19:05:37Z,2026-10-01T13:26:40.158206+00:00,1,0,,73616feaf9feffa1e69d15252a12ada63db43e0ddae8c41874fb99b701806203,Ugw5ycTk3b2TzUG4H7p4AaABAg,youtube-data-api-v3/commentThreads.list,,sK-_6uIGMck,GOLD 15M Trading Strategy Explained - Trading Gold on the 15 minute timeframe with CHoCH entry model,The Trading Academy,,
youtube,The Trading Academy,sK-_6uIGMck,https://www.youtube.com/watch?v=sK-_6uIGMck,Ugw5ycTk3b2TzUG4H7p4AaABAg.AE2svsuAYgoAKFC1At62BT,@bookish_vickie it did not making hh and the last atamt wasnot sucsucfull so its apviose,2025-07-06T18:28:42Z,2026-10-01T13:26:40.158206+00:00,0,0,,daf1a4387a54d7bc7e1277069c13d53cffbf88609381b8a90d9507031cd1a797,Ugw5ycTk3b2TzUG4H7p4AaABAg,youtube-data-api-v3/commentThreads.list,,sK-_6uIGMck,GOLD 15M Trading Strategy Explained - Trading Gold on the 15 minute timeframe with CHoCH entry model,The Trading Academy,,
youtube,The Trading Academy,sK-_6uIGMck,https://www.youtube.com/watch?v=sK-_6uIGMck,UgywVNwybSS2Zo9URQZ4AaABAg,"Getting into the market and trading sounded simple at first, but once I got in, the price swings and mixed information made everything more confusing. I’ve tested several strategies,_ yet the results are just not there. Seeing others move ahead while I struggle has been frustrating. Has anyone actually worked with someone who guides you step by step instead of recycled content? I need real guidance...",2026-05-02T22:48:54Z,2026-10-01T13:26:40.158206+00:00,5,11,,cfc00d8cf01c4e70ed274ff8ff5b95958f8210c05cef2802ba0a28e7c6412838,,youtube-data-api-v3/commentThreads.list,,sK-_6uIGMck,GOLD 15M Trading Strategy Explained - Trading Gold on the 15 minute timeframe with CHoCH entry model,The Trading Academy,,
youtube,The Trading Academy,sK-_6uIGMck,https://www.youtube.com/watch?v=sK-_6uIGMck,UgywVNwybSS2Zo9URQZ4AaABAg.AWK8HWA5YYVAWK8fyJ9Ma-,That's the guidance I've been searching for. Who do you learn from?,2026-05-02T22:52:23Z,2026-10-01T13:26:40.158206+00:00,0,0,,cfc00d8cf01c4e70ed274ff8ff5b95958f8210c05cef2802ba0a28e7c6412838,UgywVNwybSS2Zo9URQZ4AaABAg,youtube-data-api-v3/commentThreads.list,,sK-_6uIGMck,GOLD 15M Trading Strategy Explained - Trading Gold on the 15 minute timeframe with CHoCH entry model,The Trading Academy,,
youtube,The Trading Academy,sK-_6uIGMck,https://www.youtube.com/watch?v=sK-_6uIGMck,UgywVNwybSS2Zo9URQZ4AaABAg.AWK8HWA5YYVAWK8gz3Sp0B,"For me it was Piers Wyn. I trade alongside him, and with his mentorship, I know exactly what to do. Losing trades aren't part of my story anymore",2026-05-02T22:52:31Z,2026-10-01T13:26:40.158206+00:00,0,0,,9d644d14c2be88bcf7f1866bbc5124e34260c19e108cfefe83ad00a8dee415c6,UgywVNwybSS2Zo9URQZ4AaABAg,youtube-data-api-v3/commentThreads.list,,sK-_6uIGMck,GOLD 15M Trading Strategy Explained - Trading Gold on the 15 minute timeframe with CHoCH entry model,The Trading Academy,,
youtube,The Trading Academy,sK-_6uIGMck,https://www.youtube.com/watch?v=sK-_6uIGMck,UgywVNwybSS2Zo9URQZ4AaABAg.AWK8HWA5YYVAWK8o2gsE58,wow u know him too? Small world. Piers honestly played a big role in helping me and my family on track.,2026-05-02T22:53:29Z,2026-10-01T13:26:40.158206+00:00,0,0,,be0a99b84b0789bbd7ff20753c9bf95eab1076c5785913e0e65164da3c513377,UgywVNwybSS2Zo9URQZ4AaABAg,youtube-data-api-v3/commentThreads.list,,sK-_6uIGMck,GOLD 15M Trading Strategy Explained - Trading Gold on the 15 minute timeframe with CHoCH entry model,The Trading Academy,,
youtube,The Trading Academy,sK-_6uIGMck,https://www.youtube.com/watch?v=sK-_6uIGMck,UgywVNwybSS2Zo9URQZ4AaABAg.AWK8HWA5YYVAWK8prOFy14,Exactly!! His breakdowns snapped everything into alignment…no more five-minute spirals. My account finally feels like it has a compass.,2026-05-02T22:53:44Z,2026-10-01T13:26:40.158206+00:00,0,0,,3225cc3c028b2f3c74dccd0e20c51ab69b537de3c1d4c320f2c6579dffb4eeed,UgywVNwybSS2Zo9URQZ4AaABAg,youtube-data-api-v3/commentThreads.list,,sK-_6uIGMck,GOLD 15M Trading Strategy Explained - Trading Gold on the 15 minute timeframe with CHoCH entry model,The Trading Academy,,
youtube,The Trading Academy,sK-_6uIGMck,https://www.youtube.com/watch?v=sK-_6uIGMck,UgywVNwybSS2Zo9URQZ4AaABAg.AWK8HWA5YYVAWK8r-RyUD5,Please do you have any links or information about him?,2026-05-02T22:53:53Z,2026-10-01T13:26:40.158206+00:00,0,0,,cfc00d8cf01c4e70ed274ff8ff5b95958f8210c05cef2802ba0a28e7c6412838,UgywVNwybSS2Zo9URQZ4AaABAg,youtube-data-api-v3/commentThreads.list,,sK-_6uIGMck,GOLD 15M Trading Strategy Explained - Trading Gold on the 15 minute timeframe with CHoCH entry model,The Trading Academy,,
youtube,TradingLab,Qgx3t-pmzN8,https://www.youtube.com/watch?v=Qgx3t-pmzN8,UgxSiJWtc11rIJcYp4h4AaABAg,sometimes price never retests... it just keeps going up,2023-04-15T10:52:00Z,2026-10-01T13:26:41.944203+00:00,400,24,,5d187b7cb2bee14bb29ef72425de9a021f9ee684e025393134b0355d710aaafc,,youtube-data-api-v3/commentThreads.list,,Qgx3t-pmzN8,The Secret to Price Action,TradingLab,,
youtube,TradingLab,Qgx3t-pmzN8,https://www.youtube.com/watch?v=Qgx3t-pmzN8,UgxSiJWtc11rIJcYp4h4AaABAg.9oWyUrrmb8x9ohRO9Wd1qr,Stonks?,2023-04-19T21:44:52Z,2026-10-01T13:26:41.944203+00:00,22,0,,a45db212678649f10b0f58a4c7452fe76163473d1d5265a465232637a769ae90,UgxSiJWtc11rIJcYp4h4AaABAg,youtube-data-api-v3/commentThreads.list,,Qgx3t-pmzN8,The Secret to Price Action,TradingLab,,
youtube,TradingLab,Qgx3t-pmzN8,https://www.youtube.com/watch?v=Qgx3t-pmzN8,UgxSiJWtc11rIJcYp4h4AaABAg.9oWyUrrmb8x9ou7Ee8tiSL,"Try learning about fair value gaps. They can be useful... if price doesn't 'retest' most likely there's an imbalance in the market, and the market is trying to rebalance  that key area first, before another big move. But please do research first I may be wrong?",2023-04-24T19:58:56Z,2026-10-01T13:26:41.944203+00:00,46,0,,d57d9cbb5fcd793d2f948d28206485851e656f42278ab28afa0630d1f2232b3f,UgxSiJWtc11rIJcYp4h4AaABAg,youtube-data-api-v3/commentThreads.list,,Qgx3t-pmzN8,The Secret to Price Action,TradingLab,,
youtube,TradingLab,Qgx3t-pmzN8,https://www.youtube.com/watch?v=Qgx3t-pmzN8,UgxSiJWtc11rIJcYp4h4AaABAg.9oWyUrrmb8x9ouF8WTKGQY,Both of you are correct.  However if you trade both ways you definitely short scalp price action that makes those moves and use key price points for the future.  Can't win them all,2023-04-24T21:08:00Z,2026-10-01T13:26:41.944203+00:00,7,0,,a6521cfb11473b1f8bf5d917546a43b30bff6e3ffb9a965d1118eafdf72b9fc3,UgxSiJWtc11rIJcYp4h4AaABAg,youtube-data-api-v3/commentThreads.list,,Qgx3t-pmzN8,The Secret to Price Action,TradingLab,,
youtube,TradingLab,Qgx3t-pmzN8,https://www.youtube.com/watch?v=Qgx3t-pmzN8,UgxSiJWtc11rIJcYp4h4AaABAg.9oWyUrrmb8x9ov7q7LlfpK,"Trueee, been caught out tooooo many times. FUCK",2023-04-25T05:23:25Z,2026-10-01T13:26:41.944203+00:00,4,0,,4e5f4bfab434c0eed581d59d61af6dc2a449dd2a8288a07ccbcc7cd8e39441a5,UgxSiJWtc11rIJcYp4h4AaABAg,youtube-data-api-v3/commentThreads.list,,Qgx3t-pmzN8,The Secret to Price Action,TradingLab,,
youtube,TradingLab,Qgx3t-pmzN8,https://www.youtube.com/watch?v=Qgx3t-pmzN8,UgxSiJWtc11rIJcYp4h4AaABAg.9oWyUrrmb8x9ovAv2k2NeL,@FadedThanAyHoe69 sorry bro... I almost laughed...I know that feeling ... some things we just have to learn personally actually,2023-04-25T05:50:18Z,2026-10-01T13:26:41.944203+00:00,5,0,,5d187b7cb2bee14bb29ef72425de9a021f9ee684e025393134b0355d710aaafc,UgxSiJWtc11rIJcYp4h4AaABAg,youtube-data-api-v3/commentThreads.list,,Qgx3t-pmzN8,The Secret to Price Action,TradingLab,,
youtube,TradingLab,Qgx3t-pmzN8,https://www.youtube.com/watch?v=Qgx3t-pmzN8,UgzgBvhTJCc5EzjUJG14AaABAg,Love this need more videos like this,2023-04-12T15:57:43Z,2026-10-01T13:26:41.944203+00:00,18,0,,6dbe0057d406099035bd6e5b080376084b8fd5c1d9b20b117210e82889aadbb6,,youtube-data-api-v3/commentThreads.list,,Qgx3t-pmzN8,The Secret to Price Action,TradingLab,,
youtube,TradingLab,Qgx3t-pmzN8,https://www.youtube.com/watch?v=Qgx3t-pmzN8,UgytIkGjQdTLxBgsqj94AaABAg,Really good video and great editing! 👏👏,2023-09-13T01:51:35Z,2026-10-01T13:26:41.944203+00:00,6,0,,f8ddf1d76e328991f87d3841c76ccb97ed2b948d9d8a8f5d3129977af213875b,,youtube-data-api-v3/commentThreads.list,,Qgx3t-pmzN8,The Secret to Price Action,TradingLab,,
youtube,TradingLab,Qgx3t-pmzN8,https://www.youtube.com/watch?v=Qgx3t-pmzN8,UgwwyU3sQfKgSbzFlAh4AaABAg,"I came into trading with high expectations, only to realize how misleading simplicity can be.. Volatile markets and inconsistent advice led to confusion, and despite testing different approaches, results haven’t followed. Instead of staying frustrated by others progress, I’m seeking solid, practical guidance to rebuild my approach the right way.",2026-03-28T13:25:22Z,2026-10-01T13:26:41.944203+00:00,43,13,,bc892307e824b498d49171b3416ba5f2172069240283b1a90068698dde074750,,youtube-data-api-v3/commentThreads.list,,Qgx3t-pmzN8,The Secret to Price Action,TradingLab,,
youtube,TradingLab,Qgx3t-pmzN8,https://www.youtube.com/watch?v=Qgx3t-pmzN8,UgwwyU3sQfKgSbzFlAh4AaABAg.AUu-yQtr-5oAUu037iuaGv,"Depending on scattered advice online only stretched losses further. The shift happened once consistent, logical guidance replaced guesswork. Understanding the purpose behind each setup made trading feel grounded instead of uncertain.",2026-03-28T13:26:09Z,2026-10-01T13:26:41.944203+00:00,0,0,,5ef03f0c104460faaaeb4fe8fd55b6c8cafb04cb9b1dd0a5548bd8ba1873387d,UgwwyU3sQfKgSbzFlAh4AaABAg,youtube-data-api-v3/commentThreads.list,,Qgx3t-pmzN8,The Secret to Price Action,TradingLab,,
youtube,TradingLab,Qgx3t-pmzN8,https://www.youtube.com/watch?v=Qgx3t-pmzN8,UgwwyU3sQfKgSbzFlAh4AaABAg.AUu-yQtr-5oAUu03uQSUgT,How did you make that shift?,2026-03-28T13:26:15Z,2026-10-01T13:26:41.944203+00:00,0,0,,bc892307e824b498d49171b3416ba5f2172069240283b1a90068698dde074750,UgwwyU3sQfKgSbzFlAh4AaABAg,youtube-data-api-v3/commentThreads.list,,Qgx3t-pmzN8,The Secret to Price Action,TradingLab,,
youtube,TradingLab,Qgx3t-pmzN8,https://www.youtube.com/watch?v=Qgx3t-pmzN8,UgwwyU3sQfKgSbzFlAh4AaABAg.AUu-yQtr-5oAUu04YxDbrZ,"Learning from Demitry Jenkins has transformed how I approach trading. By trading the same sessions and following his structured framework, I’m able to maintain clarity and make deliberate decisions even in fast-moving market conditions.",2026-03-28T13:26:20Z,2026-10-01T13:26:41.944203+00:00,0,0,,5ef03f0c104460faaaeb4fe8fd55b6c8cafb04cb9b1dd0a5548bd8ba1873387d,UgwwyU3sQfKgSbzFlAh4AaABAg,youtube-data-api-v3/commentThreads.list,,Qgx3t-pmzN8,The Secret to Price Action,TradingLab,,
youtube,TradingLab,Qgx3t-pmzN8,https://www.youtube.com/watch?v=Qgx3t-pmzN8,UgwwyU3sQfKgSbzFlAh4AaABAg.AUu-yQtr-5oAUu0BOVTAQb,You’re kidding..he’s been my mentor too. His way of breaking things down made a huge difference. It’s like having someone interpret the market in plain language,2026-03-28T13:27:16Z,2026-10-01T13:26:41.944203+00:00,0,0,,7eb447d045967068ba0bfb8b3da27c88c961574d8195d71242bf4204c08b391d,UgwwyU3sQfKgSbzFlAh4AaABAg,youtube-data-api-v3/commentThreads.list,,Qgx3t-pmzN8,The Secret to Price Action,TradingLab,,
youtube,TradingLab,Qgx3t-pmzN8,https://www.youtube.com/watch?v=Qgx3t-pmzN8,UgwwyU3sQfKgSbzFlAh4AaABAg.AUu-yQtr-5oAUu0LHyUwUM,Exactly!! His breakdowns snapped everything into alignment…no more five-minute spirals. My account finally feels like it has a compass.,2026-03-28T13:28:38Z,2026-10-01T13:26:41.944203+00:00,0,0,,5ef03f0c104460faaaeb4fe8fd55b6c8cafb04cb9b1dd0a5548bd8ba1873387d,UgwwyU3sQfKgSbzFlAh4AaABAg,youtube-data-api-v3/commentThreads.list,,Qgx3t-pmzN8,The Secret to Price Action,TradingLab,,
youtube,TradingLab,Qgx3t-pmzN8,https://www.youtube.com/watch?v=Qgx3t-pmzN8,UgzHhYT_ySc9Wf1CuWl4AaABAg,Good for high volume penny stocks. It's called the M pattern. The W pattern is wider. An more risky.,2023-09-27T00:38:16Z,2026-10-01T13:26:41.944203+00:00,6,0,,a04d7b16734dae447d8387cbb244c02f51735495d9d7f2c667d7ee6c9a494c6a,,youtube-data-api-v3/commentThreads.list,,Qgx3t-pmzN8,The Secret to Price Action,TradingLab,,
youtube,TradingLab,Qgx3t-pmzN8,https://www.youtube.com/watch?v=Qgx3t-pmzN8,Ugw45n9FQv5D8KlejXt4AaABAg,"That “in order for it to be , validateddd” was fuccn priceless 😂👍🏽",2023-11-06T03:39:37Z,2026-10-01T13:26:41.944203+00:00,41,3,,ecca1863a8a0ba2920bdf1424a515b344cafac8038b86fa974390b426e7e9e7e,,youtube-data-api-v3/commentThreads.list,,Qgx3t-pmzN8,The Secret to Price Action,TradingLab,,
youtube,TradingLab,Qgx3t-pmzN8,https://www.youtube.com/watch?v=Qgx3t-pmzN8,Ugw45n9FQv5D8KlejXt4AaABAg.9wl2yRCIwB7ACqdyjfZC2H,"Thank you for posting! I need advice: My crypto wallet on O K X contains some trx usdt, and I tknow the seedphrase. {clean party soccer advance audit clean evil finish tonight involve whip action}..How should I posting transferring them to sending them?",2025-01-03T20:41:37Z,2026-10-01T13:26:41.944203+00:00,0,0,,a70fd3bc90374ecb72f7699d3283fd832e18b46cdc7b909b99c71867cd375c3e,Ugw45n9FQv5D8KlejXt4AaABAg,youtube-data-api-v3/commentThreads.list,,Qgx3t-pmzN8,The Secret to Price Action,TradingLab,,
youtube,TradingLab,Qgx3t-pmzN8,https://www.youtube.com/watch?v=Qgx3t-pmzN8,Ugw45n9FQv5D8KlejXt4AaABAg.9wl2yRCIwB7ASiAwTRBfJM,super funny right😂,2026-02-02T06:07:33Z,2026-10-01T13:26:41.944203+00:00,1,0,,0a0423b4dc746a254e705cbc0c50968a4ef74e299f951a021147c7e4dd0ed162,Ugw45n9FQv5D8KlejXt4AaABAg,youtube-data-api-v3/commentThreads.list,,Qgx3t-pmzN8,The Secret to Price Action,TradingLab,,
youtube,TradingLab,Qgx3t-pmzN8,https://www.youtube.com/watch?v=Qgx3t-pmzN8,Ugw45n9FQv5D8KlejXt4AaABAg.9wl2yRCIwB7A_EZFQR7FD5,😂😂😂😂😂💯💯🔥,2026-08-08T04:54:41Z,2026-10-01T13:26:41.944203+00:00,0,0,,79fe857bda4d2f82de972ed51af3e6f0d4ec0a5cc7a1b139b61e8aa7f4615cff,Ugw45n9FQv5D8KlejXt4AaABAg,youtube-data-api-v3/commentThreads.list,,Qgx3t-pmzN8,The Secret to Price Action,TradingLab,,
youtube,TradingLab,Qgx3t-pmzN8,https://www.youtube.com/watch?v=Qgx3t-pmzN8,UgwFcD8qwWys7VdVqLJ4AaABAg,oh shii this man is giving away some gems,2023-05-02T00:31:44Z,2026-10-01T13:26:41.944203+00:00,3,0,,66f06babe5c90c28e45a446d233b13f6abf8fa8e8d4e93116c5e99d8b9e28ac7,,youtube-data-api-v3/commentThreads.list,,Qgx3t-pmzN8,The Secret to Price Action,TradingLab,,
youtube,TradingLab,Qgx3t-pmzN8,https://www.youtube.com/watch?v=Qgx3t-pmzN8,UgynAMuv0hyk6vwJdSV4AaABAg,Same structure for liquidity grab... And Boom!! 😊👍,2024-07-05T15:23:44Z,2026-10-01T13:26:41.944203+00:00,1,0,,e125a6ea19205f89b282eab8a5b85ee9d502530e39f35408468615598fcfd41f,,youtube-data-api-v3/commentThreads.list,,Qgx3t-pmzN8,The Secret to Price Action,TradingLab,,
youtube,TradingLab,Qgx3t-pmzN8,https://www.youtube.com/watch?v=Qgx3t-pmzN8,UgzyUyYqOXU6KITrsnR4AaABAg,Damn if i only knew sooner 😢 bro I don't wanna lie when I say I REALLY APPRECIATE YOUR INFO 😌💯,2023-07-27T03:06:07Z,2026-10-01T13:26:41.944203+00:00,7,0,,800c92bb5b6b09cd01c290161472ed0753e540c7241c18c4e4f81084a1ec0d46,,youtube-data-api-v3/commentThreads.list,,Qgx3t-pmzN8,The Secret to Price Action,TradingLab,,
youtube,TradingLab,Qgx3t-pmzN8,https://www.youtube.com/watch?v=Qgx3t-pmzN8,UgxDgG9N5AzQ5pjAD7V4AaABAg,Oh i see that like break of structure (BOS) from Smart money concept (SMC),2023-04-12T15:37:31Z,2026-10-01T13:26:41.944203+00:00,27,2,,16b2ada961ced29cd86876d2a9ac37ada3f4dd7e89cfc0663734d290bb250759,,youtube-data-api-v3/commentThreads.list,,Qgx3t-pmzN8,The Secret to Price Action,TradingLab,,
youtube,TradingLab,Qgx3t-pmzN8,https://www.youtube.com/watch?v=Qgx3t-pmzN8,UgxDgG9N5AzQ5pjAD7V4AaABAg.9oPkmNQCyuJ9oXi-vHr2uW,It's the same,2023-04-15T17:47:12Z,2026-10-01T13:26:41.944203+00:00,2,0,,0c04bd612ded35ef4a6f14377e3c445edf9327ee6b8ed331aad099e8d19fda40,UgxDgG9N5AzQ5pjAD7V4AaABAg,youtube-data-api-v3/commentThreads.list,,Qgx3t-pmzN8,The Secret to Price Action,TradingLab,,
youtube,TradingLab,Qgx3t-pmzN8,https://www.youtube.com/watch?v=Qgx3t-pmzN8,UgxDgG9N5AzQ5pjAD7V4AaABAg.9oPkmNQCyuJA75EODJNR8P,It’s a higher high,2024-08-13T18:48:47Z,2026-10-01T13:26:41.944203+00:00,0,0,,7ec38f2039350b7fbb3e586b20bb3ee946aa427c9925c1853b0b22a494487215,UgxDgG9N5AzQ5pjAD7V4AaABAg,youtube-data-api-v3/commentThreads.list,,Qgx3t-pmzN8,The Secret to Price Action,TradingLab,,
youtube,TradingLab,Qgx3t-pmzN8,https://www.youtube.com/watch?v=Qgx3t-pmzN8,UgxnTRHKY3smbvv0i_94AaABAg,Love your video editing,2023-07-31T17:28:46Z,2026-10-01T13:26:41.944203+00:00,1,0,,6911c2aa9362bab191f0336920a800fac3e1d2f7c94a5f89fd9885159b998da2,,youtube-data-api-v3/commentThreads.list,,Qgx3t-pmzN8,The Secret to Price Action,TradingLab,,
youtube,TradingLab,Qgx3t-pmzN8,https://www.youtube.com/watch?v=Qgx3t-pmzN8,Ugylh8kWluCHr6IZled4AaABAg,Validateeedd...😂😂,2024-07-16T09:51:53Z,2026-10-01T13:26:41.944203+00:00,5,0,,cdfb7c87b3b9c8a4d4a1596c3b2344fec320ee62638087cf464b7ee791967b14,,youtube-data-api-v3/commentThreads.list,,Qgx3t-pmzN8,The Secret to Price Action,TradingLab,,
youtube,TradingLab,Qgx3t-pmzN8,https://www.youtube.com/watch?v=Qgx3t-pmzN8,UgwwX63JKTuWqqH4PB94AaABAg,Wow 🔥🔥🔥 I’m gonna put that to the test,2025-11-25T17:40:12Z,2026-10-01T13:26:41.944203+00:00,0,0,,293d56423ef6571adfe695d965fc38161ab54ac895e6407cc3ab5e26482eae22,,youtube-data-api-v3/commentThreads.list,,Qgx3t-pmzN8,The Secret to Price Action,TradingLab,,
youtube,TradingLab,Qgx3t-pmzN8,https://www.youtube.com/watch?v=Qgx3t-pmzN8,Ugwbziik7xKbTlDI4FZ4AaABAg,Beo loved the style of your video making ❤,2024-01-01T21:05:21Z,2026-10-01T13:26:41.944203+00:00,0,0,,3538f9dbb0c9c5e199d4d3b3817a609a968283feb69d36d7cc53bbf9c3ce482a,,youtube-data-api-v3/commentThreads.list,,Qgx3t-pmzN8,The Secret to Price Action,TradingLab,,
youtube,TradingLab,Qgx3t-pmzN8,https://www.youtube.com/watch?v=Qgx3t-pmzN8,Ugz8LmN9yJ1-OmNhreN4AaABAg,Lovely learning ❤❤,2023-07-16T19:09:39Z,2026-10-01T13:26:41.944203+00:00,1,0,,c2d6f8084309cb49766ae77fdf6e95be32d4c16226d0fea6edbee3b8f3f6f033,,youtube-data-api-v3/commentThreads.list,,Qgx3t-pmzN8,The Secret to Price Action,TradingLab,,
youtube,TradingLab,Qgx3t-pmzN8,https://www.youtube.com/watch?v=Qgx3t-pmzN8,UgzzZGFRNq0WNTg_28t4AaABAg,This short was sick Yano hahahaha,2024-08-22T00:52:58Z,2026-10-01T13:26:41.944203+00:00,0,0,,1aab99b0da2537d11745e8eba81c83ff16c36fbd391875a58e664582d14e54b7,,youtube-data-api-v3/commentThreads.list,,Qgx3t-pmzN8,The Secret to Price Action,TradingLab,,
youtube,TradingLab,Qgx3t-pmzN8,https://www.youtube.com/watch?v=Qgx3t-pmzN8,UgxNFhDu7DJFiROEsPl4AaABAg,Thank you! 💪🏽,2024-11-20T14:52:34Z,2026-10-01T13:26:41.944203+00:00,0,0,,8dc59cca7a5a5842ed5d5ef64c5f627fbf4ee5aa2b03b9b5f8bf4e001b6c5236,,youtube-data-api-v3/commentThreads.list,,Qgx3t-pmzN8,The Secret to Price Action,TradingLab,,
youtube,TradingLab,Qgx3t-pmzN8,https://www.youtube.com/watch?v=Qgx3t-pmzN8,Ugx7VfV40lOQcnBzgit4AaABAg,Thank you. Very helpful,2024-06-08T09:57:12Z,2026-10-01T13:26:41.944203+00:00,0,0,,a5dfbd856926b80540ee1d2335b1e1c60ff339814adb7050d893360bdbee15fd,,youtube-data-api-v3/commentThreads.list,,Qgx3t-pmzN8,The Secret to Price Action,TradingLab,,
youtube,TradingLab,Qgx3t-pmzN8,https://www.youtube.com/watch?v=Qgx3t-pmzN8,UgyhNqIy96ZVO3hhWK14AaABAg,"Yeah right, this is how The normal retail trader thinks, and it’s not a demand zone, but buyside and sellside liquidity laying under these lows and highs🙂",2023-04-30T21:14:00Z,2026-10-01T13:26:41.944203+00:00,8,2,,1b43a1ed5358a1e0f155739130180995842ba3d31b9abd28290b03c106665128,,youtube-data-api-v3/commentThreads.list,,Qgx3t-pmzN8,The Secret to Price Action,TradingLab,,
youtube,TradingLab,Qgx3t-pmzN8,https://www.youtube.com/watch?v=Qgx3t-pmzN8,UgyhNqIy96ZVO3hhWK14AaABAg.9p8hadrVg039pCPhrgfzi7,"incorect.. kinda atleast. Its also called orderblock, and theres more to validating it than the break of high or low, but what he said is correct. And yes you still arent 100 percent sure, because you dont know if banks etc have indeed placed orders at the OB, or if theres a good amount of liquidity below it that it will slightly wick before continuing up or w/e",2023-05-02T07:45:55Z,2026-10-01T13:26:41.944203+00:00,1,0,,074a7b524f0d73e85391866b0e91e285fa6df17f241747352e1dc90d54979e9c,UgyhNqIy96ZVO3hhWK14AaABAg,youtube-data-api-v3/commentThreads.list,,Qgx3t-pmzN8,The Secret to Price Action,TradingLab,,
youtube,TradingLab,Qgx3t-pmzN8,https://www.youtube.com/watch?v=Qgx3t-pmzN8,UgyhNqIy96ZVO3hhWK14AaABAg.9p8hadrVg03A9XKMbSKkfj,That only happens some of the time and it depends on the timeframe you're trading. Supply and demand works like this more often than not when it's set up like this. If you see price approaching a supply or demand with a huge amount of momentum then it's most likely safe to say it's going to break through that zone and target another area before reversing. Move with price action don't try to predict the market,2024-10-13T09:42:31Z,2026-10-01T13:26:41.944203+00:00,0,0,,704210eebc44c950a4a56cad2cdaa7033feb2853ad5be918f747fbfed71e98ca,UgyhNqIy96ZVO3hhWK14AaABAg,youtube-data-api-v3/commentThreads.list,,Qgx3t-pmzN8,The Secret to Price Action,TradingLab,,
youtube,TradingLab,Qgx3t-pmzN8,https://www.youtube.com/watch?v=Qgx3t-pmzN8,Ugy9up6S6Tn-K5rjN4x4AaABAg,Awesome brilliant presentation,2023-05-06T11:51:48Z,2026-10-01T13:26:41.944203+00:00,0,0,,3d0f928770f40417a9a73764ecfe2070a3548cc88b8081b8b39d1669b1574eae,,youtube-data-api-v3/commentThreads.list,,Qgx3t-pmzN8,The Secret to Price Action,TradingLab,,
youtube,TradingLab,Qgx3t-pmzN8,https://www.youtube.com/watch?v=Qgx3t-pmzN8,UgySxTjgxq8mefKv5ql4AaABAg,Thanks for sharing.,2026-08-29T13:15:34Z,2026-10-01T13:26:41.944203+00:00,0,0,,5adec89bbb1dcbed4e817eedb460634836e6d002f096d12f86a6e98305ac95b7,,youtube-data-api-v3/commentThreads.list,,Qgx3t-pmzN8,The Secret to Price Action,TradingLab,,
youtube,TradingLab,Qgx3t-pmzN8,https://www.youtube.com/watch?v=Qgx3t-pmzN8,UgytAsJ4771cMn-zeNx4AaABAg,Loveeeee the information,2024-08-24T20:05:27Z,2026-10-01T13:26:41.944203+00:00,0,0,,b4e6cd26f007ea674d3063cc07e30abd1001b1de58bb67064789a2f9178ab472,,youtube-data-api-v3/commentThreads.list,,Qgx3t-pmzN8,The Secret to Price Action,TradingLab,,
youtube,TradingLab,Qgx3t-pmzN8,https://www.youtube.com/watch?v=Qgx3t-pmzN8,UgxWQE-Yo0hhav1xS9Z4AaABAg,😂😂😂 FUNNY VIDEO !! NOT BACKED FACTS APART FROM IMAGINATION,2023-04-30T23:04:44Z,2026-10-01T13:26:41.944203+00:00,0,0,,ce95103b412f77ce14a8cfd1e95df588f9fd731354407d16c92282ac1a32dfa4,,youtube-data-api-v3/commentThreads.list,,Qgx3t-pmzN8,The Secret to Price Action,TradingLab,,
youtube,TradingLab,Qgx3t-pmzN8,https://www.youtube.com/watch?v=Qgx3t-pmzN8,UgyxMLeqbrsqJpeLrJF4AaABAg,It's just Break of Structure (SMC),2023-04-17T09:15:41Z,2026-10-01T13:26:41.944203+00:00,0,0,,b6bb82fb795d220cb8baacac31cf510af5214e44a2db06848692c1583d77207a,,youtube-data-api-v3/commentThreads.list,,Qgx3t-pmzN8,The Secret to Price Action,TradingLab,,
youtube,TradingLab,Qgx3t-pmzN8,https://www.youtube.com/watch?v=Qgx3t-pmzN8,UgxMOMr93LN2O4GrN4h4AaABAg,Well entertained... validatedddd,2023-05-21T13:28:14Z,2026-10-01T13:26:41.944203+00:00,0,0,,509523caf1a954f2bd4a6f5b09aa3859bcd9e05fa6b79a3213cdb91c94468a79,,youtube-data-api-v3/commentThreads.list,,Qgx3t-pmzN8,The Secret to Price Action,TradingLab,,
youtube,TradingLab,Qgx3t-pmzN8,https://www.youtube.com/watch?v=Qgx3t-pmzN8,UgwxGOFqf6sEasthyOJ4AaABAg,I really hope market to work that way 🤣,2025-02-19T17:18:59Z,2026-10-01T13:26:41.944203+00:00,0,0,,e387e9a0904aea5099448ea54be74b7ba64ff15bcde20250f773c8e955e73f92,,youtube-data-api-v3/commentThreads.list,,Qgx3t-pmzN8,The Secret to Price Action,TradingLab,,
youtube,TradingLab,Qgx3t-pmzN8,https://www.youtube.com/watch?v=Qgx3t-pmzN8,Ugx3D96zmovdegdFGz54AaABAg,Timing the Top Fishing the Bottom 📊,2024-07-26T23:26:13Z,2026-10-01T13:26:41.944203+00:00,0,0,,391f27a5ed0c940b763fcd954d406c83f1dbe520e06b5fbcfc28ce2575f65ee7,,youtube-data-api-v3/commentThreads.list,,Qgx3t-pmzN8,The Secret to Price Action,TradingLab,,
youtube,TradingLab,Qgx3t-pmzN8,https://www.youtube.com/watch?v=Qgx3t-pmzN8,Ugzi5L-i_zMijdB3-DN4AaABAg,Very helpful,2023-04-12T19:31:26Z,2026-10-01T13:26:41.944203+00:00,0,0,,44db9071d7a17ed9adebd5abdb16a085a4786d8dfc06748ab7ff88311761688f,,youtube-data-api-v3/commentThreads.list,,Qgx3t-pmzN8,The Secret to Price Action,TradingLab,,
youtube,TradingLab,Qgx3t-pmzN8,https://www.youtube.com/watch?v=Qgx3t-pmzN8,UgzLP-GjMu4mreafM5V4AaABAg,Whatvtime line is best to use this when day trading?,2023-05-26T02:09:10Z,2026-10-01T13:26:41.944203+00:00,3,0,,a5832fe7ccefe0f8e5f7dca065806e8536d9f2da11726d4ebfef33f7ce7b7361,,youtube-data-api-v3/commentThreads.list,,Qgx3t-pmzN8,The Secret to Price Action,TradingLab,,
youtube,TradingLab,Qgx3t-pmzN8,https://www.youtube.com/watch?v=Qgx3t-pmzN8,UgyOBaIg3xcgU7thtO94AaABAg,"""This High""
sounded like Ballon Boy",2023-05-21T13:18:58Z,2026-10-01T13:26:41.944203+00:00,0,0,,38d402c3d40bd36a51230daacf599fec7a468763a715f4d054d8507853147b21,,youtube-data-api-v3/commentThreads.list,,Qgx3t-pmzN8,The Secret to Price Action,TradingLab,,
youtube,TradingLab,Qgx3t-pmzN8,https://www.youtube.com/watch?v=Qgx3t-pmzN8,UgzTRYgvHVn2m48aIHJ4AaABAg,Sure,2025-09-28T21:02:39Z,2026-10-01T13:26:41.944203+00:00,1,0,,0914c323fddae67cdac10833372e67d1cd5a874d0e32747d844e9b4eef7e3bef,,youtube-data-api-v3/commentThreads.list,,Qgx3t-pmzN8,The Secret to Price Action,TradingLab,,
youtube,TradingLab,Qgx3t-pmzN8,https://www.youtube.com/watch?v=Qgx3t-pmzN8,UgwKvAkizKE9d4PI8Od4AaABAg,Good job awesome 😮,2023-04-15T04:44:48Z,2026-10-01T13:26:41.944203+00:00,0,0,,4ec312bee74d266c60423391e0a8e4c1747b00ea62c0f1acb66c6aca3157d6e7,,youtube-data-api-v3/commentThreads.list,,Qgx3t-pmzN8,The Secret to Price Action,TradingLab,,
youtube,TradingLab,Qgx3t-pmzN8,https://www.youtube.com/watch?v=Qgx3t-pmzN8,UgxGNiHi_EOJCMDYh-14AaABAg,“Validated” 😂😂😂,2024-02-21T14:13:58Z,2026-10-01T13:26:41.944203+00:00,0,0,,1a1557ccf7d456d15b85c95a53376dff96a94e508cdfd428833b2a21d7fcefe5,,youtube-data-api-v3/commentThreads.list,,Qgx3t-pmzN8,The Secret to Price Action,TradingLab,,
youtube,TradingLab,Qgx3t-pmzN8,https://www.youtube.com/watch?v=Qgx3t-pmzN8,UgyvGkz8baO-ojDV1dd4AaABAg,Thank you,2026-03-10T00:22:15Z,2026-10-01T13:26:41.944203+00:00,0,0,,f4daba1b733a2d5aa17db64f750eb0e749562c973923ae0dd31457c1e8a2baab,,youtube-data-api-v3/commentThreads.list,,Qgx3t-pmzN8,The Secret to Price Action,TradingLab,,
youtube,TradingLab,Qgx3t-pmzN8,https://www.youtube.com/watch?v=Qgx3t-pmzN8,Ugz-_cEJFdx3wXVNTH94AaABAg,Best strategy is to learning the fundamentals and get in the market paper trading and learn,2024-12-02T13:36:07Z,2026-10-01T13:26:41.944203+00:00,0,0,,094a5e38b187c21f4a4a9e18e274b6d3d136f6c619bc0a574493c6d156db9ffc,,youtube-data-api-v3/commentThreads.list,,Qgx3t-pmzN8,The Secret to Price Action,TradingLab,,
youtube,TradingLab,Qgx3t-pmzN8,https://www.youtube.com/watch?v=Qgx3t-pmzN8,Ugwibyz0PAlaLQpGggV4AaABAg,You could just say the same thing about the curve previous to the first one breaking the top. Remember that line is continuous. There’s no way to tell. And if it’s hit the top it’s too late to buy the curbed price.,2023-08-04T10:37:46Z,2026-10-01T13:26:41.945205+00:00,0,0,,3ac7e14d5ffde75cb2a749eecdc067a941837a91a0137188b9444c611456397e,,youtube-data-api-v3/commentThreads.list,,Qgx3t-pmzN8,The Secret to Price Action,TradingLab,,
youtube,TradingLab,Qgx3t-pmzN8,https://www.youtube.com/watch?v=Qgx3t-pmzN8,Ugz8O86h2yjz-0FGW-R4AaABAg,Thanks 🙏🫡,2023-04-12T16:37:29Z,2026-10-01T13:26:41.945205+00:00,0,0,,598e1032928458a77e75e862d9067fc1f320e2abb0fe6eb4759874eac5a2804f,,youtube-data-api-v3/commentThreads.list,,Qgx3t-pmzN8,The Secret to Price Action,TradingLab,,
youtube,TradingLab,Qgx3t-pmzN8,https://www.youtube.com/watch?v=Qgx3t-pmzN8,UgxdJzToKUBdhvX0ejR4AaABAg,Basic market structure,2024-07-05T03:30:53Z,2026-10-01T13:26:41.945205+00:00,0,0,,681178b7d38a3327da1d51d847ca11a54d6b39bc3c91fdb32baac3572c7b9aeb,,youtube-data-api-v3/commentThreads.list,,Qgx3t-pmzN8,The Secret to Price Action,TradingLab,,
youtube,TradingLab,Qgx3t-pmzN8,https://www.youtube.com/watch?v=Qgx3t-pmzN8,UgyWzGjzAVgWrDdCMmt4AaABAg,Loved it,2024-01-13T16:04:07Z,2026-10-01T13:26:41.945205+00:00,0,0,,29826411f94ca2f138b1013e074df9074312bc4c5c4f590116f627d6f04f79fc,,youtube-data-api-v3/commentThreads.list,,Qgx3t-pmzN8,The Secret to Price Action,TradingLab,,
youtube,TradingLab,Qgx3t-pmzN8,https://www.youtube.com/watch?v=Qgx3t-pmzN8,UgzzfAqQFVObDj6KJst4AaABAg,Secret strategy is the one that you create,2023-10-30T14:42:42Z,2026-10-01T13:26:41.945205+00:00,12,1,,8682a268325febc7a1d4885d14cfff9ead025149a076ca714621922ab8080a2d,,youtube-data-api-v3/commentThreads.list,,Qgx3t-pmzN8,The Secret to Price Action,TradingLab,,
youtube,TradingLab,Qgx3t-pmzN8,https://www.youtube.com/watch?v=Qgx3t-pmzN8,UgzzfAqQFVObDj6KJst4AaABAg.9wVDHoqH2GIAVEYtPfTNFC,Facts,2026-04-05T22:14:34Z,2026-10-01T13:26:41.945205+00:00,0,0,,e95d37be2bd80e338e1d423c1c89204ff113af834cf195b2bab5e70ec2299cba,UgzzfAqQFVObDj6KJst4AaABAg,youtube-data-api-v3/commentThreads.list,,Qgx3t-pmzN8,The Secret to Price Action,TradingLab,,
youtube,TradingLab,Qgx3t-pmzN8,https://www.youtube.com/watch?v=Qgx3t-pmzN8,UgyH_pduX6W7qt_-Rvx4AaABAg,Thanks,2023-09-07T21:16:31Z,2026-10-01T13:26:41.945205+00:00,0,0,,c1029f8d0c1c8f19811b816285715127c0a423f0f1e37f43343a877ff66a01b0,,youtube-data-api-v3/commentThreads.list,,Qgx3t-pmzN8,The Secret to Price Action,TradingLab,,
youtube,TradingLab,Qgx3t-pmzN8,https://www.youtube.com/watch?v=Qgx3t-pmzN8,UgyZ9xSE9HQwSd6JjVh4AaABAg,"But the “zone” are we looking at the day zone, 5 minute zone or what? Because the zone from how I’m looking can be determined as many things.",2024-08-13T10:50:55Z,2026-10-01T13:26:41.945205+00:00,0,0,,d435787350c883aae839bb24f87538cf3b21c0c568950d22836c3fee1ae03554,,youtube-data-api-v3/commentThreads.list,,Qgx3t-pmzN8,The Secret to Price Action,TradingLab,,
youtube,TradingLab,Qgx3t-pmzN8,https://www.youtube.com/watch?v=Qgx3t-pmzN8,UgwKR8txBiR952YViYV4AaABAg,"Yep, I was waiting for the bounce off demand zone .  Thanks for explanation.  If price touches demand zone w/out bos it still isn't validated ? Tnx.",2023-09-17T20:46:04Z,2026-10-01T13:26:41.945205+00:00,0,0,,13981972efe0d12c04580fac9805170b14bf85be53f63240d1510a822709ebd9,,youtube-data-api-v3/commentThreads.list,,Qgx3t-pmzN8,The Secret to Price Action,TradingLab,,
youtube,TradingLab,Qgx3t-pmzN8,https://www.youtube.com/watch?v=Qgx3t-pmzN8,Ugz5b6wUTwA2myYTrYp4AaABAg,What’s your biggest trading mistake?,2026-07-26T08:07:08Z,2026-10-01T13:26:41.945205+00:00,1,0,,21e5f8c4eb24aaf7b0323cde044ef23624dd24ff8189feac8561398638aea935,,youtube-data-api-v3/commentThreads.list,,Qgx3t-pmzN8,The Secret to Price Action,TradingLab,,
youtube,TradingLab,Qgx3t-pmzN8,https://www.youtube.com/watch?v=Qgx3t-pmzN8,UgxWDCbiu7cK3XZJIDN4AaABAg,Trading Time Frame pls.,2023-08-01T20:14:16Z,2026-10-01T13:26:41.945205+00:00,0,0,,197af41ae382ade45b67c7602756e74cfab372a0faeae916d39435f9e7a978a8,,youtube-data-api-v3/commentThreads.list,,Qgx3t-pmzN8,The Secret to Price Action,TradingLab,,
youtube,TradingLab,Qgx3t-pmzN8,https://www.youtube.com/watch?v=Qgx3t-pmzN8,UgxZa9QyZdhIU7IdUZl4AaABAg,Thx,2023-04-14T08:46:31Z,2026-10-01T13:26:41.945205+00:00,0,0,,a058440fd27e2e2d7fd3c6e095b67fc5db6f3e0d851e05289f8726e3914430f2,,youtube-data-api-v3/commentThreads.list,,Qgx3t-pmzN8,The Secret to Price Action,TradingLab,,
youtube,TradingLab,Qgx3t-pmzN8,https://www.youtube.com/watch?v=Qgx3t-pmzN8,UgybKLaZxiwKRL_TRFt4AaABAg,as order blocks actually,2023-12-23T11:51:43Z,2026-10-01T13:26:41.945205+00:00,0,0,,42457fc6173ec879a9604bb41fc67253ee9566fed23263ebbc9c3e3b3e184d3f,,youtube-data-api-v3/commentThreads.list,,Qgx3t-pmzN8,The Secret to Price Action,TradingLab,,
youtube,TradingLab,Qgx3t-pmzN8,https://www.youtube.com/watch?v=Qgx3t-pmzN8,UgxUdC2UH4Z0pHnsVwp4AaABAg,What does Price being respected mean In trading?,2023-11-09T14:40:59Z,2026-10-01T13:26:41.945205+00:00,0,0,,9bc4899a210641aa9d803a74d448ddc507f17590c74445d5ec39ea8c45c2a50a,,youtube-data-api-v3/commentThreads.list,,Qgx3t-pmzN8,The Secret to Price Action,TradingLab,,
youtube,TradingLab,Qgx3t-pmzN8,https://www.youtube.com/watch?v=Qgx3t-pmzN8,Ugw8CDnCJZDdEvdkAI94AaABAg,Thx 😂,2023-05-12T06:09:15Z,2026-10-01T13:26:41.945205+00:00,0,0,,9a6105f2463889b3ace630acd497d9abaddd329ca629ef4a83ac95dd4e497138,,youtube-data-api-v3/commentThreads.list,,Qgx3t-pmzN8,The Secret to Price Action,TradingLab,,
youtube,TradingLab,Qgx3t-pmzN8,https://www.youtube.com/watch?v=Qgx3t-pmzN8,UgwPQFFKLaNjw4Rq3t54AaABAg,Lol valiiiiidateeeeeed!😅,2023-05-12T05:45:33Z,2026-10-01T13:26:41.945205+00:00,0,0,,570131e6edeb3da55d8e5bcf49acd092d2d4c095bc47350f508b2bb7b1781462,,youtube-data-api-v3/commentThreads.list,,Qgx3t-pmzN8,The Secret to Price Action,TradingLab,,
youtube,TradingLab,Qgx3t-pmzN8,https://www.youtube.com/watch?v=Qgx3t-pmzN8,Ugz9YX7N5r6agxddyxl4AaABAg,Which editing software did you use? Please reply🙏🙏,2023-04-30T14:15:38Z,2026-10-01T13:26:41.945205+00:00,0,0,,02d3bd4a5e9a9874213c1701e11b34e4011633864559a155e0664245a703e0f8,,youtube-data-api-v3/commentThreads.list,,Qgx3t-pmzN8,The Secret to Price Action,TradingLab,,
youtube,TradingLab,Qgx3t-pmzN8,https://www.youtube.com/watch?v=Qgx3t-pmzN8,UgyRZy7gBzM0aVXTRl14AaABAg,What's the best time frame for these demand zone?,2025-12-20T04:19:40Z,2026-10-01T13:26:41.945205+00:00,0,0,,67defce3d7f48ada73c594f80e306a11b2efbeca46aca1331ab6a6fd35015db3,,youtube-data-api-v3/commentThreads.list,,Qgx3t-pmzN8,The Secret to Price Action,TradingLab,,
youtube,TradingLab,Qgx3t-pmzN8,https://www.youtube.com/watch?v=Qgx3t-pmzN8,Ugzv2CIs3W58u5nAo9p4AaABAg,I love you❤❤❤❤,2024-01-18T17:34:09Z,2026-10-01T13:26:41.945205+00:00,0,0,,8c0982f964c9ab9f82ccd5de985734f72b7500490d20b2fb269e45430a996fa6,,youtube-data-api-v3/commentThreads.list,,Qgx3t-pmzN8,The Secret to Price Action,TradingLab,,
youtube,TradingLab,Qgx3t-pmzN8,https://www.youtube.com/watch?v=Qgx3t-pmzN8,Ugx51Jf77pGVrbAhlmJ4AaABAg,🔥,2023-05-10T10:13:37Z,2026-10-01T13:26:41.945205+00:00,0,0,,8067ed0fb5666ecafebe7b6929b0400e7d06913e5018bcbada185b320de4fd06,,youtube-data-api-v3/commentThreads.list,,Qgx3t-pmzN8,The Secret to Price Action,TradingLab,,
youtube,TradingLab,Qgx3t-pmzN8,https://www.youtube.com/watch?v=Qgx3t-pmzN8,UgywVdelgXSdBolesdN4AaABAg,"If only it was that simple and easy, we all would have already been billionaires.",2023-05-13T23:55:40Z,2026-10-01T13:26:41.945205+00:00,50,3,,34a0166a77180f61ed72387ba68d3e76ab295cbd5e5d94c2e6a1b48242b65988,,youtube-data-api-v3/commentThreads.list,,Qgx3t-pmzN8,The Secret to Price Action,TradingLab,,
youtube,TradingLab,Qgx3t-pmzN8,https://www.youtube.com/watch?v=Qgx3t-pmzN8,UgywVdelgXSdBolesdN4AaABAg.9pfTRDaayqk9sLHrZU2FwG,It need constant practicing,2023-07-19T08:04:41Z,2026-10-01T13:26:41.945205+00:00,7,0,,2e61642df6301adc0cb1eb72ce885762e388c3624d15fdbd20339381821c53db,UgywVdelgXSdBolesdN4AaABAg,youtube-data-api-v3/commentThreads.list,,Qgx3t-pmzN8,The Secret to Price Action,TradingLab,,
youtube,TradingLab,Qgx3t-pmzN8,https://www.youtube.com/watch?v=Qgx3t-pmzN8,UgywVdelgXSdBolesdN4AaABAg.9pfTRDaayqkA0TSmhkRac5,But it is that simple lol y’all make it harder than what it is,2024-03-02T04:56:37Z,2026-10-01T13:26:41.945205+00:00,3,0,,6765a213a64ccf4c9665e586f271047636c41f54e9357f521b5efb7b8d7a5c96,UgywVdelgXSdBolesdN4AaABAg,youtube-data-api-v3/commentThreads.list,,Qgx3t-pmzN8,The Secret to Price Action,TradingLab,,
youtube,TradingLab,Qgx3t-pmzN8,https://www.youtube.com/watch?v=Qgx3t-pmzN8,UgywVdelgXSdBolesdN4AaABAg.9pfTRDaayqkAap9tg2WuCF,Of course other factors need to be considered also.,2026-09-16T15:55:39Z,2026-10-01T13:26:41.945205+00:00,0,0,,c6b2ec40d4631937342341a9d7272d09dce809534f9cfdacf023266b90a439b9,UgywVdelgXSdBolesdN4AaABAg,youtube-data-api-v3/commentThreads.list,,Qgx3t-pmzN8,The Secret to Price Action,TradingLab,,
youtube,TradingLab,Qgx3t-pmzN8,https://www.youtube.com/watch?v=Qgx3t-pmzN8,Ugwi7DuGw5_IgwnXayZ4AaABAg,Does this also apply to a downtrend,2024-01-24T09:06:51Z,2026-10-01T13:26:41.945205+00:00,0,0,,dc924b279a11a145ac75db3253bef876681af4633941e8caa48eee54067ed1fe,,youtube-data-api-v3/commentThreads.list,,Qgx3t-pmzN8,The Secret to Price Action,TradingLab,,
youtube,TradingLab,Qgx3t-pmzN8,https://www.youtube.com/watch?v=Qgx3t-pmzN8,Ugzhz3H-HLjnEpjVj6Z4AaABAg,💯🔥,2023-05-21T19:24:20Z,2026-10-01T13:26:41.945205+00:00,0,0,,e1fd309306612156287022ddc17c0b26cf03bee988eb94c7ea1d26ffcf2484ee,,youtube-data-api-v3/commentThreads.list,,Qgx3t-pmzN8,The Secret to Price Action,TradingLab,,
youtube,TradingLab,Qgx3t-pmzN8,https://www.youtube.com/watch?v=Qgx3t-pmzN8,UgzPvXi35Oukog5-So54AaABAg,Yes but a proper closed candle not just a false closed wick,2026-02-08T18:15:51Z,2026-10-01T13:26:41.945205+00:00,0,0,,6e9c89752e5b78e5efe7543d14cabaf4d66a4d46adc42038c22b728979f7334e,,youtube-data-api-v3/commentThreads.list,,Qgx3t-pmzN8,The Secret to Price Action,TradingLab,,
youtube,TradingLab,Qgx3t-pmzN8,https://www.youtube.com/watch?v=Qgx3t-pmzN8,UgyFAwKbua9bDP6LiId4AaABAg,What time frame you using?,2023-08-20T09:57:08Z,2026-10-01T13:26:41.945205+00:00,0,0,,940257c65550998006cb8b5036467952dcce710129a4280e54c3ca784d4b3b16,,youtube-data-api-v3/commentThreads.list,,Qgx3t-pmzN8,The Secret to Price Action,TradingLab,,
youtube,TradingLab,Qgx3t-pmzN8,https://www.youtube.com/watch?v=Qgx3t-pmzN8,Ugw1MSrT-s8WaZelusB4AaABAg,"This is also bull, because it doesn’t happen all the time, market is unpredictable, period.",2023-12-03T18:41:07Z,2026-10-01T13:26:41.945205+00:00,1,0,,c9bfc21881151767f0d17453d598dc671c6d5becd6a6387d1af5d345d1cd2fdc,,youtube-data-api-v3/commentThreads.list,,Qgx3t-pmzN8,The Secret to Price Action,TradingLab,,
youtube,TradingLab,Qgx3t-pmzN8,https://www.youtube.com/watch?v=Qgx3t-pmzN8,Ugw08lQ61BFHra2ZfBx4AaABAg,"Lol that’s what you think, but it doesn’t happen like that most of the time",2024-07-07T22:23:33Z,2026-10-01T13:26:41.945205+00:00,0,0,,0f2f3af8d6c54b61a6d91e67686ba14d1333e5b70889625cfae6926d8117c1df,,youtube-data-api-v3/commentThreads.list,,Qgx3t-pmzN8,The Secret to Price Action,TradingLab,,
youtube,TradingLab,Qgx3t-pmzN8,https://www.youtube.com/watch?v=Qgx3t-pmzN8,Ugy1iYK1RFIXKe0Yv9l4AaABAg,Supply and demand alone as a strategy is as good as a strategy as entering when your pet dog barks,2025-01-13T16:01:03Z,2026-10-01T13:26:41.945205+00:00,0,0,,ccfcbfe0f3e5f62275f0f4970b587a36825464696f58ed1f119a7dc5889d7445,,youtube-data-api-v3/commentThreads.list,,Qgx3t-pmzN8,The Secret to Price Action,TradingLab,,
youtube,TradingLab,Qgx3t-pmzN8,https://www.youtube.com/watch?v=Qgx3t-pmzN8,Ugy4ZYZ2IJgWEOPQEKl4AaABAg,❤️❤️❤️,2023-04-12T17:08:16Z,2026-10-01T13:26:41.945205+00:00,0,0,,4a55e09591e7410f4801570a3c893410121acacf92f74845aa8e1555a5ed4f05,,youtube-data-api-v3/commentThreads.list,,Qgx3t-pmzN8,The Secret to Price Action,TradingLab,,
youtube,TradingLab,Qgx3t-pmzN8,https://www.youtube.com/watch?v=Qgx3t-pmzN8,Ugx1GIuUMu6OCWRmaGp4AaABAg,If this was true then every oerson seeing this video would be a billionaire,2024-02-20T00:22:35Z,2026-10-01T13:26:41.945205+00:00,1,0,,2f66a4c4c016fa8d44cd2b7e9c267ba0666967340562331b7a1182bdf9880396,,youtube-data-api-v3/commentThreads.list,,Qgx3t-pmzN8,The Secret to Price Action,TradingLab,,
youtube,TradingLab,Qgx3t-pmzN8,https://www.youtube.com/watch?v=Qgx3t-pmzN8,UgzaHSfgvTr9-1yraNx4AaABAg,Great one,2023-04-13T21:20:03Z,2026-10-01T13:26:41.945205+00:00,0,0,,5b62da2f3f9128508521668a6c87a750541104f4a72b79d961440e61bf582aa9,,youtube-data-api-v3/commentThreads.list,,Qgx3t-pmzN8,The Secret to Price Action,TradingLab,,
youtube,TradingLab,Qgx3t-pmzN8,https://www.youtube.com/watch?v=Qgx3t-pmzN8,UgyRkQFJAmxHXmeV8ld4AaABAg,"Sir, Is the opposite also true for supply zone?",2023-04-30T10:12:04Z,2026-10-01T13:26:41.945205+00:00,0,1,,c5a74abd985ff39ddfb3a5692bb409d1c1ede6528020a5ae0cec28e35463224a,,youtube-data-api-v3/commentThreads.list,,Qgx3t-pmzN8,The Secret to Price Action,TradingLab,,
youtube,TradingLab,Qgx3t-pmzN8,https://www.youtube.com/watch?v=Qgx3t-pmzN8,UgyRkQFJAmxHXmeV8ld4AaABAg.9p7WqXj7QKS9pCP0-PZ9BL,obviously xd,2023-05-02T07:39:47Z,2026-10-01T13:26:41.945205+00:00,0,0,,074a7b524f0d73e85391866b0e91e285fa6df17f241747352e1dc90d54979e9c,UgyRkQFJAmxHXmeV8ld4AaABAg,youtube-data-api-v3/commentThreads.list,,Qgx3t-pmzN8,The Secret to Price Action,TradingLab,,
youtube,TradingLab,Qgx3t-pmzN8,https://www.youtube.com/watch?v=Qgx3t-pmzN8,Ugwlj8k2SuyWup_d68d4AaABAg,😂validated!🎉,2023-07-02T03:16:06Z,2026-10-01T13:26:41.945205+00:00,1,0,,ffa2b0b9bccc3409c505adb63b69c49c8b29a8682ac61b65e59b2be1ef2bed80,,youtube-data-api-v3/commentThreads.list,,Qgx3t-pmzN8,The Secret to Price Action,TradingLab,,
youtube,TradingLab,Qgx3t-pmzN8,https://www.youtube.com/watch?v=Qgx3t-pmzN8,UgzkqcxVDzNVqxtPc0d4AaABAg,Those who don't know teach. Those who know focus on their trades,2023-07-27T14:05:03Z,2026-10-01T13:26:41.945205+00:00,1,1,,0e6bf4816994dec70791b98139237fb22f63106ef9683b1a5906d5a0b3165f74,,youtube-data-api-v3/commentThreads.list,,Qgx3t-pmzN8,The Secret to Price Action,TradingLab,,
youtube,TradingLab,Qgx3t-pmzN8,https://www.youtube.com/watch?v=Qgx3t-pmzN8,UgzkqcxVDzNVqxtPc0d4AaABAg.9sfXT1OabQd9yr0UNSoozK,😂 … then what you doing here dude?,2023-12-28T04:16:08Z,2026-10-01T13:26:41.945205+00:00,0,0,,fdebac720739ddd14f55dd94c3228e5881bedeb76afa483761dc49ac740d1613,UgzkqcxVDzNVqxtPc0d4AaABAg,youtube-data-api-v3/commentThreads.list,,Qgx3t-pmzN8,The Secret to Price Action,TradingLab,,
youtube,TradingLab,Qgx3t-pmzN8,https://www.youtube.com/watch?v=Qgx3t-pmzN8,UgweHuHfje52eOkfzkF4AaABAg,hmm does price action breakouts always win.  or chance of some error 🤔,2023-04-23T00:47:53Z,2026-10-01T13:26:41.945205+00:00,3,2,,0183e13588b3d6b66a0285e74b945203c0efa40c707fac98a8d733854e4523a5,,youtube-data-api-v3/commentThreads.list,,Qgx3t-pmzN8,The Secret to Price Action,TradingLab,,
youtube,TradingLab,Qgx3t-pmzN8,https://www.youtube.com/watch?v=Qgx3t-pmzN8,UgweHuHfje52eOkfzkF4AaABAg.9opUiC8fRwA9p3mzpNBnkk,There’s always a chance of error. One of the first truths you have to accept as a trader.,2023-04-28T23:24:55Z,2026-10-01T13:26:41.945205+00:00,1,0,,f617055542f9ce158d628c167a45d2f3bcc7f969bbfb28c17dcb6649ba759fe9,UgweHuHfje52eOkfzkF4AaABAg,youtube-data-api-v3/commentThreads.list,,Qgx3t-pmzN8,The Secret to Price Action,TradingLab,,
youtube,TradingLab,Qgx3t-pmzN8,https://www.youtube.com/watch?v=Qgx3t-pmzN8,UgweHuHfje52eOkfzkF4AaABAg.9opUiC8fRwA9tFWbJeASxD,"​@Gooner4lif3Are you a succesful trader? if yes, how can i get it too",2023-08-10T22:49:29Z,2026-10-01T13:26:41.945205+00:00,0,0,,59280d4a3885e0f945c20c79fd793147ab8ee33cd85808d4aa63a1b550084a71,UgweHuHfje52eOkfzkF4AaABAg,youtube-data-api-v3/commentThreads.list,,Qgx3t-pmzN8,The Secret to Price Action,TradingLab,,
youtube,TradingLab,Qgx3t-pmzN8,https://www.youtube.com/watch?v=Qgx3t-pmzN8,UgxKzRF6aTS36nih-gt4AaABAg,What if it breaks it with a wick or what if it breaks it with a red candle do it matter..is a break a break,2026-08-24T22:55:17Z,2026-10-01T13:26:41.945205+00:00,0,0,,6650ab1751700a1117b7fd754a113836843a1242d6a00fd0ab2bb5dfa7d74394,,youtube-data-api-v3/commentThreads.list,,Qgx3t-pmzN8,The Secret to Price Action,TradingLab,,
youtube,TradingLab,Qgx3t-pmzN8,https://www.youtube.com/watch?v=Qgx3t-pmzN8,UgzwEsAmo7laoWW2tlN4AaABAg,🙏🙏💯,2023-11-19T02:41:31Z,2026-10-01T13:26:41.945205+00:00,0,0,,7000443c277ec2beb19a1760ebb6cabd15abead3d3cdd532d58496ebd6925aaf,,youtube-data-api-v3/commentThreads.list,,Qgx3t-pmzN8,The Secret to Price Action,TradingLab,,
youtube,TradingLab,Qgx3t-pmzN8,https://www.youtube.com/watch?v=Qgx3t-pmzN8,Ugz-80_LybkvK7mOl1l4AaABAg,"I’ve traded almost everyday for the past five years..the best working strategies are out there kept secret..if my strategy is really working, the last thing I would do is put it on YouTube for the market manipulators to watch it then start manipulating my setups..my point is…stop looking for strategies on YouTube cos non of them works and go watch the market for yourself..I promise it won’t be long until something hits you..and when you find that something keep it a secret",2023-07-16T17:55:18Z,2026-10-01T13:26:41.945205+00:00,194,24,,5fde3ec251ad287f4e254128e5392725071d90383a723cdb2ac25e7f5c3359c0,,youtube-data-api-v3/commentThreads.list,,Qgx3t-pmzN8,The Secret to Price Action,TradingLab,,
youtube,TradingLab,Qgx3t-pmzN8,https://www.youtube.com/watch?v=Qgx3t-pmzN8,Ugz-80_LybkvK7mOl1l4AaABAg.9sEc3j-8kEX9uFSF09hk12,thanks for the advice,2023-09-04T18:42:45Z,2026-10-01T13:26:41.945205+00:00,8,0,,9c92ce049ba7d9a54dcb62627c03e132b53d42cab54068bc4ff125b0ba0fceb3,Ugz-80_LybkvK7mOl1l4AaABAg,youtube-data-api-v3/commentThreads.list,,Qgx3t-pmzN8,The Secret to Price Action,TradingLab,,
youtube,TradingLab,Qgx3t-pmzN8,https://www.youtube.com/watch?v=Qgx3t-pmzN8,Ugz-80_LybkvK7mOl1l4AaABAg.9sEc3j-8kEX9w4qit8MGCV,Well said 😂,2023-10-20T08:56:34Z,2026-10-01T13:26:41.945205+00:00,5,0,,87cdb60384df1adcf0ab60bd67f597e7b24ea970ae30d759386e12fe50da7c59,Ugz-80_LybkvK7mOl1l4AaABAg,youtube-data-api-v3/commentThreads.list,,Qgx3t-pmzN8,The Secret to Price Action,TradingLab,,
youtube,TradingLab,Qgx3t-pmzN8,https://www.youtube.com/watch?v=Qgx3t-pmzN8,Ugz-80_LybkvK7mOl1l4AaABAg.9sEc3j-8kEX9wFGlA4FTFq,"never say something doesn't work just because it's not working for you, yes it's a piece of a puzzle, but it's something someone can backtest and mybe add it to what they already had, and it's a very good video because what I know is if price fails to break a high, then the low that failed to break structure will be taken out or liquidated. It's just simple price action.",2023-10-24T10:05:12Z,2026-10-01T13:26:41.945205+00:00,15,0,,9db641ce13aaf1dae9156926d0edfa4b2a7dcad7b47e304c88c087e8436b7df4,Ugz-80_LybkvK7mOl1l4AaABAg,youtube-data-api-v3/commentThreads.list,,Qgx3t-pmzN8,The Secret to Price Action,TradingLab,,
youtube,TradingLab,Qgx3t-pmzN8,https://www.youtube.com/watch?v=Qgx3t-pmzN8,Ugz-80_LybkvK7mOl1l4AaABAg.9sEc3j-8kEX9wpF4w4WeE3,@levispaulnthesi6990well can you help me cause I am still struggling,2023-11-07T18:42:28Z,2026-10-01T13:26:41.945205+00:00,0,0,,ad734b3c830795f09d8f2954bb38866189551b306db8a53c62d40f7a9acdb5d2,Ugz-80_LybkvK7mOl1l4AaABAg,youtube-data-api-v3/commentThreads.list,,Qgx3t-pmzN8,The Secret to Price Action,TradingLab,,
youtube,TradingLab,Qgx3t-pmzN8,https://www.youtube.com/watch?v=Qgx3t-pmzN8,Ugz-80_LybkvK7mOl1l4AaABAg.9sEc3j-8kEX9xdjw_L6JgS,do you have a discord?,2023-11-28T04:01:19Z,2026-10-01T13:26:41.945205+00:00,1,0,,1c9bbd92abe65a25cb85967cd29f64d2ee81167d2436fe7c78644a8e0f59d7ef,Ugz-80_LybkvK7mOl1l4AaABAg,youtube-data-api-v3/commentThreads.list,,Qgx3t-pmzN8,The Secret to Price Action,TradingLab,,
youtube,TradingLab,Qgx3t-pmzN8,https://www.youtube.com/watch?v=Qgx3t-pmzN8,Ugzu997Iw5kFsQOhuxB4AaABAg,SMC…,2023-04-26T10:03:32Z,2026-10-01T13:26:41.945205+00:00,0,0,,64b46cbcefc7912f3e601632e7905d43fd9ac96201ea060a69697df27432927c,,youtube-data-api-v3/commentThreads.list,,Qgx3t-pmzN8,The Secret to Price Action,TradingLab,,
youtube,TradingLab,Qgx3t-pmzN8,https://www.youtube.com/watch?v=Qgx3t-pmzN8,UgwuMnfUI-ZVELeikux4AaABAg,Now it is not a secret 😂,2024-07-05T07:48:46Z,2026-10-01T13:26:41.945205+00:00,0,0,,76b10c276595ea15545029e4a4ea6bd3989879950a2756a50d5b70576e69c767,,youtube-data-api-v3/commentThreads.list,,Qgx3t-pmzN8,The Secret to Price Action,TradingLab,,
youtube,TradingLab,Qgx3t-pmzN8,https://www.youtube.com/watch?v=Qgx3t-pmzN8,UgyljUq2SPEGPmZ9OVh4AaABAg,Cute vedio,2024-10-04T05:20:29Z,2026-10-01T13:26:41.945205+00:00,0,0,,e52cb8560eaa1db0a2efb73d3343b185ee21f1cb75663aa97caf976956cc03de,,youtube-data-api-v3/commentThreads.list,,Qgx3t-pmzN8,The Secret to Price Action,TradingLab,,
youtube,TradingLab,Qgx3t-pmzN8,https://www.youtube.com/watch?v=Qgx3t-pmzN8,UgxqRkk0PA5Ow7Nw1HJ4AaABAg,Why do this looks like a M pattern 🤔,2023-06-03T03:43:27Z,2026-10-01T13:26:41.945205+00:00,0,0,,2a4d78803cb786b825c7357cef3eb5098440f1518aff8f0afee107b9fc221b80,,youtube-data-api-v3/commentThreads.list,,Qgx3t-pmzN8,The Secret to Price Action,TradingLab,,
youtube,TradingLab,Qgx3t-pmzN8,https://www.youtube.com/watch?v=Qgx3t-pmzN8,UgwFplQborjBVawKwOF4AaABAg,So basically it's a trendline.,2026-01-04T04:16:59Z,2026-10-01T13:26:41.945205+00:00,0,0,,aae91c0707feb6fbb40ff18b6e4820b517caadc3870545be61f3024895447bb9,,youtube-data-api-v3/commentThreads.list,,Qgx3t-pmzN8,The Secret to Price Action,TradingLab,,
youtube,TradingLab,Qgx3t-pmzN8,https://www.youtube.com/watch?v=Qgx3t-pmzN8,Ugz1VmfC9VzypvkSh_p4AaABAg,Ok but what if it doesn't come back down..,2023-10-29T01:05:36Z,2026-10-01T13:26:41.945205+00:00,0,0,,9b812240439d28a63ed5bbe07f02e7d707c2ae0c7f9f24df3439274bc6109eca,,youtube-data-api-v3/commentThreads.list,,Qgx3t-pmzN8,The Secret to Price Action,TradingLab,,
youtube,TradingLab,Qgx3t-pmzN8,https://www.youtube.com/watch?v=Qgx3t-pmzN8,UgzNMXm2CT4wch5ltWp4AaABAg,Supar,2024-01-30T15:11:38Z,2026-10-01T13:26:41.945205+00:00,0,0,,d72452642123929630fc37f0e9a3283a5d247d3e5bed9ccc74e5e40987701822,,youtube-data-api-v3/commentThreads.list,,Qgx3t-pmzN8,The Secret to Price Action,TradingLab,,
youtube,TradingLab,Qgx3t-pmzN8,https://www.youtube.com/watch?v=Qgx3t-pmzN8,UgyQ9IdsWGwSITOhy9x4AaABAg,"Good illustration but why are you talking in definitive terms? Structure and charts are NOT certainties otherwise every trader would be a billionaire. There are probabilities, in this instance it's perhaps the case that a validated zone yields the ""correct"" result 65-70% of the time, but you can still make a perfect play and lose. NEVER forget that. Likewise you can make a huge mistake and win. Don't forget that either. The worst thing that can happen to a trader or a poker player is to make bad moves, get lucky due to variance, and engrain that mistake in their game.",2023-04-18T20:57:21Z,2026-10-01T13:26:41.945205+00:00,2,0,,2d03e857fd23ce9dd91a6947a11716214ec8a72abd518648d330c9d6ced17e14,,youtube-data-api-v3/commentThreads.list,,Qgx3t-pmzN8,The Secret to Price Action,TradingLab,,
youtube,TradingLab,Qgx3t-pmzN8,https://www.youtube.com/watch?v=Qgx3t-pmzN8,UgzPXSnFo42reaekd-d4AaABAg,1min or 15min chart,2024-08-21T02:06:31Z,2026-10-01T13:26:41.945205+00:00,0,1,,bb975308185891471560d3ee67989df4b11c95c8ca5ef40f16e1891e60249946,,youtube-data-api-v3/commentThreads.list,,Qgx3t-pmzN8,The Secret to Price Action,TradingLab,,
youtube,TradingLab,Qgx3t-pmzN8,https://www.youtube.com/watch?v=Qgx3t-pmzN8,UgzPXSnFo42reaekd-d4AaABAg.A7O22P7yIWEAB7x95tXnoZ,3m or 5 for trading. 15m can be used to get a bigger idea of the movement imo,2024-11-22T06:12:44Z,2026-10-01T13:26:41.945205+00:00,0,0,,f20e6cba6d781918a18cc664f73c8e6d7e552e763b23a24fe8b89e708014192d,UgzPXSnFo42reaekd-d4AaABAg,youtube-data-api-v3/commentThreads.list,,Qgx3t-pmzN8,The Secret to Price Action,TradingLab,,
youtube,TradingLab,Qgx3t-pmzN8,https://www.youtube.com/watch?v=Qgx3t-pmzN8,Ugycapj3vXIo1z69Noh4AaABAg,I have heard people on cocaine say more sensible things,2023-05-10T13:24:55Z,2026-10-01T13:26:41.945205+00:00,0,0,,05fb6f158434bfe319c6ed8738b7d755a12af3b3964282dd88b5c1cc78c0112f,,youtube-data-api-v3/commentThreads.list,,Qgx3t-pmzN8,The Secret to Price Action,TradingLab,,
youtube,TradingLab,Qgx3t-pmzN8,https://www.youtube.com/watch?v=Qgx3t-pmzN8,UgyXb4HYNAmjoRNat-N4AaABAg,That is just double bottom patern,2023-12-25T19:45:27Z,2026-10-01T13:26:41.945205+00:00,0,0,,c8795f375dc637f649b47dd179a13483ca29749a61ba538f32c2df2bebfc6609,,youtube-data-api-v3/commentThreads.list,,Qgx3t-pmzN8,The Secret to Price Action,TradingLab,,
youtube,TradingLab,Qgx3t-pmzN8,https://www.youtube.com/watch?v=Qgx3t-pmzN8,UgxlMpRk5lkVATbZ2fB4AaABAg,First,2023-04-12T16:14:35Z,2026-10-01T13:26:41.945205+00:00,0,0,,51e594b4557ea4686f4d4ad6925cc47603725d6e6be767c7dd9f6e340af27257,,youtube-data-api-v3/commentThreads.list,,Qgx3t-pmzN8,The Secret to Price Action,TradingLab,,
youtube,TradingLab,Qgx3t-pmzN8,https://www.youtube.com/watch?v=Qgx3t-pmzN8,UgxCaKTAZvKYuEk6FhJ4AaABAg,"😂 great, price action was validated but you just missed the entire second leg of the move waiting for validation 😅",2026-06-20T22:18:43Z,2026-10-01T13:26:41.945205+00:00,0,0,,d27deb0818d1c567339ad4b96dc61aaa6554f9e87b9e4c28e997440f375e388c,,youtube-data-api-v3/commentThreads.list,,Qgx3t-pmzN8,The Secret to Price Action,TradingLab,,
youtube,TradingLab,Qgx3t-pmzN8,https://www.youtube.com/watch?v=Qgx3t-pmzN8,UgwjY0PZ24v0z5_2Mh94AaABAg,"basic break and retrace and dow theory is suddenly a secret in 2023, gotcha...",2023-10-16T13:37:28Z,2026-10-01T13:26:41.945205+00:00,0,0,,462997104816a38508504a7428112df7b48512226d9b1131499570689a249355,,youtube-data-api-v3/commentThreads.list,,Qgx3t-pmzN8,The Secret to Price Action,TradingLab,,
youtube,TradingLab,Qgx3t-pmzN8,https://www.youtube.com/watch?v=Qgx3t-pmzN8,Ugzhv-czVD6OwLOud1Z4AaABAg,hahaha well i guess we're all gonna be millionaires now hashtag beat the banks its that simple no need for context or any of that nonsense lets just do this yay go team,2023-12-25T01:33:16Z,2026-10-01T13:26:41.945205+00:00,0,0,,62387827754fe81cc545e4f7a3e2057284ffb7afd90bf4d5fc70324ab3bba1c5,,youtube-data-api-v3/commentThreads.list,,Qgx3t-pmzN8,The Secret to Price Action,TradingLab,,
youtube,TradingLab,Qgx3t-pmzN8,https://www.youtube.com/watch?v=Qgx3t-pmzN8,UgzA7W5C8REWKWt3t494AaABAg,Useful info but you need to stop the ridiculous editing and emoji/gifs,2026-03-09T16:59:47Z,2026-10-01T13:26:41.945205+00:00,0,0,,452fd43a55a0a0db96da82b74ee1b1d81f8831ce55174992d79449615cfeb151,,youtube-data-api-v3/commentThreads.list,,Qgx3t-pmzN8,The Secret to Price Action,TradingLab,,
youtube,TradingLab,Qgx3t-pmzN8,https://www.youtube.com/watch?v=Qgx3t-pmzN8,Ugyr-iJKTHKuqvKwuaF4AaABAg,"I traded for 3 years before taking a much needed break but plan on getting back into forex soon 

That being said, your video is pretty good representation but you cannot verify a zone after you do any sell/buy 

in the video you show that the zone can be verified through a breakout, if it breaks-out it’s too late, if it rebounds it’s also too late and now in either location you would need to re-evaluate the trade from either a bigger view or from a different point of the graph",2023-04-14T12:02:49Z,2026-10-01T13:26:41.945205+00:00,0,1,,a957ce9e19c53017eb61a1c8f4479f351d48148ac02c2faf5265779162be5652,,youtube-data-api-v3/commentThreads.list,,Qgx3t-pmzN8,The Secret to Price Action,TradingLab,,
youtube,TradingLab,Qgx3t-pmzN8,https://www.youtube.com/watch?v=Qgx3t-pmzN8,Ugyr-iJKTHKuqvKwuaF4AaABAg.9oUWnhgTUFC9oUXK6WEBw3,"Correction: that was my Karen talking, you explained it in the last 3 seconds of the video

But this would be a case of you re-evaluating the trade at the secondary buy point because I can very well drop dead

This is called a “tea pot” strategy but the tea pot strategy requires some more poi so be careful, I have lost a lot of “tea cups” (this strategy) because The market decided to break low or have a low plummet before shooting to the expected TP",2023-04-14T12:07:22Z,2026-10-01T13:26:41.945205+00:00,0,0,,a957ce9e19c53017eb61a1c8f4479f351d48148ac02c2faf5265779162be5652,Ugyr-iJKTHKuqvKwuaF4AaABAg,youtube-data-api-v3/commentThreads.list,,Qgx3t-pmzN8,The Secret to Price Action,TradingLab,,
youtube,TradingLab,Qgx3t-pmzN8,https://www.youtube.com/watch?v=Qgx3t-pmzN8,Ugxzj3PkFWDrkL8Nytx4AaABAg,"The truth is, anything can happen at that high or low.  you need a ot more than what you're showing there. But hey, anything for some YouTube revenue",2023-09-13T21:15:48Z,2026-10-01T13:26:41.945205+00:00,0,0,,97f5d8be50c84b7a210d4de89295c84168c34dce8eede61a9969cd549215d1af,,youtube-data-api-v3/commentThreads.list,,Qgx3t-pmzN8,The Secret to Price Action,TradingLab,,
youtube,TradingLab,Qgx3t-pmzN8,https://www.youtube.com/watch?v=Qgx3t-pmzN8,Ugy_8xnxmweQLO2PVvh4AaABAg,Lol the soundtrack bro,2023-05-12T08:38:59Z,2026-10-01T13:26:41.945205+00:00,0,0,,71aea1e63705a3e9297ffdd9584f2021a2221debdf652269b5eae6c6ac7b8e72,,youtube-data-api-v3/commentThreads.list,,Qgx3t-pmzN8,The Secret to Price Action,TradingLab,,
youtube,TradingLab,Qgx3t-pmzN8,https://www.youtube.com/watch?v=Qgx3t-pmzN8,UgwExoIItkRdtLC2JG14AaABAg,incredibly over-simplified,2023-06-12T13:22:12Z,2026-10-01T13:26:41.945205+00:00,0,1,,cae3d1b3374b6259334084e750b469fc9e751872010001d8491997541c8f2880,,youtube-data-api-v3/commentThreads.list,,Qgx3t-pmzN8,The Secret to Price Action,TradingLab,,
youtube,TradingLab,Qgx3t-pmzN8,https://www.youtube.com/watch?v=Qgx3t-pmzN8,UgwExoIItkRdtLC2JG14AaABAg.9qr_mmWQHxE9qu0KBs6fdl,Hi pls what broker can I use to do all this,2023-06-13T12:01:18Z,2026-10-01T13:26:41.945205+00:00,0,0,,ac6e78cef8d61ee1303d5850264e252569d8cb46e8e36cb873b5d8471f6ab269,UgwExoIItkRdtLC2JG14AaABAg,youtube-data-api-v3/commentThreads.list,,Qgx3t-pmzN8,The Secret to Price Action,TradingLab,,
youtube,TradingLab,Qgx3t-pmzN8,https://www.youtube.com/watch?v=Qgx3t-pmzN8,Ugxiojeq_QZUZcnkcFx4AaABAg,"Lol this is akin to gambling. Seriously this dangerous,  turning trading into a video game is beyond wrong. Pls people do not follow this advice. There is alot more to trading then following breakout patterns. He hasnt explained how he sets up his graphs. What time periods this might work in, which type of stocks, currency or equities . This is beyond irresponsible  advice. If anyone uses this advice and loses money, you can most likely sue the author.",2023-04-17T23:04:26Z,2026-10-01T13:26:41.945205+00:00,2,2,,0eb0fadc4dae9d287ef09f6fda2072cfbd2165a23c04c5d099086a9854bd50b2,,youtube-data-api-v3/commentThreads.list,,Qgx3t-pmzN8,The Secret to Price Action,TradingLab,,
youtube,TradingLab,Qgx3t-pmzN8,https://www.youtube.com/watch?v=Qgx3t-pmzN8,Ugxiojeq_QZUZcnkcFx4AaABAg.9ocQuAsn5B29oeZ_REIJX2,ion think anyone is just gonna start trading with real money after watching one 30 sec youtube short,2023-04-18T18:58:43Z,2026-10-01T13:26:41.945205+00:00,1,0,,d00d8c9bda10fb2c1219787b41bf537c7496d46a7c17fafeb04bd04dd74aac63,Ugxiojeq_QZUZcnkcFx4AaABAg,youtube-data-api-v3/commentThreads.list,,Qgx3t-pmzN8,The Secret to Price Action,TradingLab,,
youtube,TradingLab,Qgx3t-pmzN8,https://www.youtube.com/watch?v=Qgx3t-pmzN8,Ugxiojeq_QZUZcnkcFx4AaABAg.9ocQuAsn5B29tNFFzvMyYK,"It's hilarious, people trade with chart setups, they are just price history represented on a chart, and they have zero influence on feature price.",2023-08-13T22:51:48Z,2026-10-01T13:26:41.945205+00:00,0,0,,6519fcb41eb9bd79a313e1928039ce9f5b426c1e680852ab5c38e528774e5f3c,Ugxiojeq_QZUZcnkcFx4AaABAg,youtube-data-api-v3/commentThreads.list,,Qgx3t-pmzN8,The Secret to Price Action,TradingLab,,
youtube,TradingLab,Qgx3t-pmzN8,https://www.youtube.com/watch?v=Qgx3t-pmzN8,UgzyeCnszgmBwmiVSsh4AaABAg,nonsense,2026-03-27T09:27:57Z,2026-10-01T13:26:41.945205+00:00,0,0,,ad0ec7ea631b594a5eb62b2cb2cce0da2082f8175b576d0c088fe642f791a2ca,,youtube-data-api-v3/commentThreads.list,,Qgx3t-pmzN8,The Secret to Price Action,TradingLab,,
youtube,TradingLab,Qgx3t-pmzN8,https://www.youtube.com/watch?v=Qgx3t-pmzN8,UgwtlVfwq48KR-5Ev5l4AaABAg,Why is it a secret and if so why are you telling people,2023-04-12T20:31:45Z,2026-10-01T13:26:41.946201+00:00,2,0,,c615028e65fdf47d789758cbb5550081bc998f7c5a6364fd398a5ae2f7b68710,,youtube-data-api-v3/commentThreads.list,,Qgx3t-pmzN8,The Secret to Price Action,TradingLab,,
youtube,TradingLab,Qgx3t-pmzN8,https://www.youtube.com/watch?v=Qgx3t-pmzN8,UgyCVz-eUVU8fSX6rkd4AaABAg,"হ্যালো, আমি ক্রিপ্টোকারেন্সিতে নতুন এবং আমি বুঝতে পারছি না এটা কিভাবে কাজ করে। কেউ কি আমাকে ক্রিপ্টোকারেন্সি ইনভেস্টমেন্ট থেকে বিনিয়োগ এবং ভাল লাভ করার সঠিক পদ্ধতির বিষয়ে গাইড করতে পারেন?",2023-04-18T11:28:09Z,2026-10-01T13:26:41.946201+00:00,0,3,,fe79d1fec3e13b8feab57579c54de07346e3b7953c41c07a1cd696962826f94f,,youtube-data-api-v3/commentThreads.list,,Qgx3t-pmzN8,The Secret to Price Action,TradingLab,,
youtube,TradingLab,Qgx3t-pmzN8,https://www.youtube.com/watch?v=Qgx3t-pmzN8,UgyCVz-eUVU8fSX6rkd4AaABAg.9odl0IVj50P9odlOFvlo1G,অনুগ্রহ করে আমি কিভাবে এই জনাবের সাথে যোগাযোগ করব? স্টেফান হেনস? আমিও তার সাথে বিনিয়োগ করতে চাই।,2023-04-18T11:31:25Z,2026-10-01T13:26:41.946201+00:00,0,0,,fe79d1fec3e13b8feab57579c54de07346e3b7953c41c07a1cd696962826f94f,UgyCVz-eUVU8fSX6rkd4AaABAg,youtube-data-api-v3/commentThreads.list,,Qgx3t-pmzN8,The Secret to Price Action,TradingLab,,
youtube,TradingLab,Qgx3t-pmzN8,https://www.youtube.com/watch?v=Qgx3t-pmzN8,UgyCVz-eUVU8fSX6rkd4AaABAg.9odl0IVj50P9pJbb78MkiW,Honi bro mai help krugha and tumai sika duhgha... Reply kro,2023-05-05T02:53:16Z,2026-10-01T13:26:41.946201+00:00,0,0,,a15181deb7430a318cb1e51a2cc9a8cf0b808bbc0e5119debdcbd7ec2d8a5070,UgyCVz-eUVU8fSX6rkd4AaABAg,youtube-data-api-v3/commentThreads.list,,Qgx3t-pmzN8,The Secret to Price Action,TradingLab,,
youtube,TradingLab,Qgx3t-pmzN8,https://www.youtube.com/watch?v=Qgx3t-pmzN8,UgyCVz-eUVU8fSX6rkd4AaABAg.9odl0IVj50P9pJbkPyBHZO,Kisiko help chaiye to mujhe contact kro. Kiu kiya mai sab janta hu konsa app best hai and kese trade kre,2023-05-05T02:54:32Z,2026-10-01T13:26:41.946201+00:00,0,0,,a15181deb7430a318cb1e51a2cc9a8cf0b808bbc0e5119debdcbd7ec2d8a5070,UgyCVz-eUVU8fSX6rkd4AaABAg,youtube-data-api-v3/commentThreads.list,,Qgx3t-pmzN8,The Secret to Price Action,TradingLab,,
youtube,TradingLab,Qgx3t-pmzN8,https://www.youtube.com/watch?v=Qgx3t-pmzN8,Ugwx0XeXOFrVfOD6Dj14AaABAg,This is not helpfull...There is no secret here and its just pure nonsense...WTF did a begginer even learn from this,2026-03-19T01:54:47Z,2026-10-01T13:26:41.946201+00:00,0,0,,e144756e2e8e2bf3de7b093d9563fa772b52a4116d3ff54c01ef0a3841c4b209,,youtube-data-api-v3/commentThreads.list,,Qgx3t-pmzN8,The Secret to Price Action,TradingLab,,
youtube,TradingLab,Qgx3t-pmzN8,https://www.youtube.com/watch?v=Qgx3t-pmzN8,UgyUdhT6uVdhRG_yhAN4AaABAg,Come on dude be serious in learning  please. No need noise in videos,2026-08-04T19:52:21Z,2026-10-01T13:26:41.946201+00:00,0,0,,df31570feec68781c32f556381f38ebc4544159bef2ea35d825d8cdc9fd0cba2,,youtube-data-api-v3/commentThreads.list,,Qgx3t-pmzN8,The Secret to Price Action,TradingLab,,
youtube,TradingLab,Qgx3t-pmzN8,https://www.youtube.com/watch?v=Qgx3t-pmzN8,UgyQtQNp1jajyj3GHAt4AaABAg,"Okay, now ignore this advice and do the exact opposite, and boom, you are profitable. Thank me later 😂",2023-04-17T12:17:55Z,2026-10-01T13:26:41.946201+00:00,1,2,,93f9b348202eea4f60f0a255f8493d2e857ca0ee0106d6ea59c0aa57a7080d9b,,youtube-data-api-v3/commentThreads.list,,Qgx3t-pmzN8,The Secret to Price Action,TradingLab,,
youtube,TradingLab,Qgx3t-pmzN8,https://www.youtube.com/watch?v=Qgx3t-pmzN8,UgyQtQNp1jajyj3GHAt4AaABAg.9obGusORWaV9tpTHCiNysL,"I think you have the wrong idea. This does sometimes work, but it's not really predictable. What is predictable though is that price likes to test levels and take out stop losses. So maybe buy into a resistance and sell into support. Only use higher timeframe support and resistance as profit targets on the low timeframes.",2023-08-25T07:12:18Z,2026-10-01T13:26:41.946201+00:00,0,0,,93f9b348202eea4f60f0a255f8493d2e857ca0ee0106d6ea59c0aa57a7080d9b,UgyQtQNp1jajyj3GHAt4AaABAg,youtube-data-api-v3/commentThreads.list,,Qgx3t-pmzN8,The Secret to Price Action,TradingLab,,
youtube,TradingLab,Qgx3t-pmzN8,https://www.youtube.com/watch?v=Qgx3t-pmzN8,UgyQtQNp1jajyj3GHAt4AaABAg.9obGusORWaVA-eojPtTYk3,Bro ubare talking to yourself 😂​@dee23gaming,2024-02-11T03:36:38Z,2026-10-01T13:26:41.946201+00:00,0,0,,6cc13754d6bc3b91822e4fbcfd895fc94258c3237f769d661229212181f5bdea,UgyQtQNp1jajyj3GHAt4AaABAg,youtube-data-api-v3/commentThreads.list,,Qgx3t-pmzN8,The Secret to Price Action,TradingLab,,
youtube,TradingLab,Qgx3t-pmzN8,https://www.youtube.com/watch?v=Qgx3t-pmzN8,Ugy7uphokfEwZXlxpjZ4AaABAg,kinda useful thx:),2023-04-13T14:23:46Z,2026-10-01T13:26:41.946201+00:00,0,0,,f67d40c38c5e39c714f891d5a43ee4fd0a60b9cd539e6e6a9dc8562d46a6b176,,youtube-data-api-v3/commentThreads.list,,Qgx3t-pmzN8,The Secret to Price Action,TradingLab,,
youtube,The Moving Average,MKJz4yURCEs,https://www.youtube.com/watch?v=MKJz4yURCEs,Ugxr2afnfVCgxPV6gKF4AaABAg,"Doctor, plumber,etc
Same person 
You are my inspiration 🥰",2026-06-02T01:55:38Z,2026-10-01T13:26:46.043389+00:00,19,0,,a1e2da143366f2e8690285b24578a47ca3feec615030281bee8547dc5008ee0b,,youtube-data-api-v3/commentThreads.list,,MKJz4yURCEs,How to Trade Gold - Ride Massive Trends Using this Method,The Moving Average,,
youtube,The Moving Average,MKJz4yURCEs,https://www.youtube.com/watch?v=MKJz4yURCEs,Ugzo1YvtkZq1lUhJDJN4AaABAg,Ride the entire trend UNTIL IT WHIPS IN REVERSE AND YOU'RE DONE. NEVER try to ride the entire thing....that's crazy. Make small wins and you will succeed.,2025-10-28T20:44:33Z,2026-10-01T13:26:46.043389+00:00,167,1,,c6d7d2ed4ba497c6e9f42e9294413a4cc97f6976f4765852ae5d75a236545732,,youtube-data-api-v3/commentThreads.list,,MKJz4yURCEs,How to Trade Gold - Ride Massive Trends Using this Method,The Moving Average,,
youtube,The Moving Average,MKJz4yURCEs,https://www.youtube.com/watch?v=MKJz4yURCEs,Ugzo1YvtkZq1lUhJDJN4AaABAg.AOpzC0tj-g-ARn2qD6R4bO,"Thank you, someone who actually trades Gold. Gold always reverses. I take small wins and wait for the next entry.",2026-01-10T07:01:36Z,2026-10-01T13:26:46.043389+00:00,24,0,,0310d97096ac701cfaa77bf621d4066d4895755c742ed4acc3262dc27389822d,Ugzo1YvtkZq1lUhJDJN4AaABAg,youtube-data-api-v3/commentThreads.list,,MKJz4yURCEs,How to Trade Gold - Ride Massive Trends Using this Method,The Moving Average,,
youtube,The Moving Average,MKJz4yURCEs,https://www.youtube.com/watch?v=MKJz4yURCEs,UgxqbXa-mQ5sHfCIn1d4AaABAg,"Oh my God, Uncle Johnny was a doctor, a pilot, a plumber, and a good trader.",2026-02-16T08:28:27Z,2026-10-01T13:26:46.043389+00:00,51,1,,9354f00dded6545df50a1ddd7f32536d971d36153af91773a6e8f87399fd4114,,youtube-data-api-v3/commentThreads.list,,MKJz4yURCEs,How to Trade Gold - Ride Massive Trends Using this Method,The Moving Average,,
youtube,The Moving Average,MKJz4yURCEs,https://www.youtube.com/watch?v=MKJz4yURCEs,UgxqbXa-mQ5sHfCIn1d4AaABAg.ATHUBk2feAGAW0oM4XEotD,😂😂,2026-04-25T10:40:27Z,2026-10-01T13:26:46.043389+00:00,1,0,,cefc13eab25f75a0ec552131910af316c4ada366ef08d2ffe592b164dd05c1c5,UgxqbXa-mQ5sHfCIn1d4AaABAg,youtube-data-api-v3/commentThreads.list,,MKJz4yURCEs,How to Trade Gold - Ride Massive Trends Using this Method,The Moving Average,,
youtube,The Moving Average,MKJz4yURCEs,https://www.youtube.com/watch?v=MKJz4yURCEs,Ugw66KCJ82JHx5YPi_p4AaABAg,"Yo RD(dk if I'm spelling it proper)... But last week I made 600 Rands(South African) Swinging on Gold for 2days Thursday and Friday... 

Used a supply and demand Strat, moving averages(also saw on this channel) and the RSI showed me when to exit...

Love your work bro... Keepem coming... Building funds for a prop firm challenge... Getting there very soon... I can feel it.



Thank You so Much... Joshua from South Africa",2026-05-17T22:03:41Z,2026-10-01T13:26:46.043389+00:00,3,0,,9a0904f9680d4cc5f293f54f4f49a4fbcb1e7ba88f43f730b9efd7eb35895284,,youtube-data-api-v3/commentThreads.list,,MKJz4yURCEs,How to Trade Gold - Ride Massive Trends Using this Method,The Moving Average,,
youtube,The Moving Average,MKJz4yURCEs,https://www.youtube.com/watch?v=MKJz4yURCEs,Ugyeb5KEGRB_hWbkwvN4AaABAg,Bro wth that worked a bit too well 👏🏽,2026-04-09T01:51:56Z,2026-10-01T13:26:46.043389+00:00,5,0,,07c3f908c51d25a9a01d88f9952b2239d13f4a74f208788188e259bad5772d90,,youtube-data-api-v3/commentThreads.list,,MKJz4yURCEs,How to Trade Gold - Ride Massive Trends Using this Method,The Moving Average,,
youtube,The Moving Average,MKJz4yURCEs,https://www.youtube.com/watch?v=MKJz4yURCEs,UgzAEdIDUKy0mfMRFKJ4AaABAg,"I only just noticed the chart and realized that this is a long-range earning strategy (you did mention that), and I treated it as short term and closing quickly because of fear.",2025-11-30T17:32:47Z,2026-10-01T13:26:46.043389+00:00,17,0,,fe03bf351ce7e1cb72e5d937d253efd25ff781d520457e38fd4e9a73cc88a12e,,youtube-data-api-v3/commentThreads.list,,MKJz4yURCEs,How to Trade Gold - Ride Massive Trends Using this Method,The Moving Average,,
youtube,The Moving Average,MKJz4yURCEs,https://www.youtube.com/watch?v=MKJz4yURCEs,UgzY1cRKMBJLfOXELIR4AaABAg,Johnny sins of the gold 🥇🔥,2025-10-17T09:29:15Z,2026-10-01T13:26:46.043389+00:00,100,3,,ec62bcd1a8d76e92d45f9177af39a8424f2b3f9bdac28325bc0bb871fd886655,,youtube-data-api-v3/commentThreads.list,,MKJz4yURCEs,How to Trade Gold - Ride Massive Trends Using this Method,The Moving Average,,
youtube,The Moving Average,MKJz4yURCEs,https://www.youtube.com/watch?v=MKJz4yURCEs,UgzY1cRKMBJLfOXELIR4AaABAg.AONSAH7OBR9ATCJs4gUv3n,😂😂😂😂😂😂😂,2026-02-14T08:22:02Z,2026-10-01T13:26:46.043389+00:00,4,0,,9354f00dded6545df50a1ddd7f32536d971d36153af91773a6e8f87399fd4114,UgzY1cRKMBJLfOXELIR4AaABAg,youtube-data-api-v3/commentThreads.list,,MKJz4yURCEs,How to Trade Gold - Ride Massive Trends Using this Method,The Moving Average,,
youtube,The Moving Average,MKJz4yURCEs,https://www.youtube.com/watch?v=MKJz4yURCEs,UgzY1cRKMBJLfOXELIR4AaABAg.AONSAH7OBR9ATJ1OHAKI8b,LOOOOOLLLLL,2026-02-16T22:55:14Z,2026-10-01T13:26:46.043389+00:00,3,0,,d375631b844a5f034f5cb31a7257850e40709c42655647ff82d6a4f86b523b68,UgzY1cRKMBJLfOXELIR4AaABAg,youtube-data-api-v3/commentThreads.list,,MKJz4yURCEs,How to Trade Gold - Ride Massive Trends Using this Method,The Moving Average,,
youtube,The Moving Average,MKJz4yURCEs,https://www.youtube.com/watch?v=MKJz4yURCEs,Ugz6noyI0Cg1fCG2isR4AaABAg,This helped me recover my blowed account I now make profit thanks 🎉,2025-07-03T07:38:31Z,2026-10-01T13:26:46.043389+00:00,28,2,,0aa8cf37a9395d646324cdb1431efcf2f8567abd8a262dbb4cb37210347553da,,youtube-data-api-v3/commentThreads.list,,MKJz4yURCEs,How to Trade Gold - Ride Massive Trends Using this Method,The Moving Average,,
youtube,The Moving Average,MKJz4yURCEs,https://www.youtube.com/watch?v=MKJz4yURCEs,Ugz6noyI0Cg1fCG2isR4AaABAg.AK6JEa6WqhMASvFpWHDqSf,Hi,2026-02-07T08:00:25Z,2026-10-01T13:26:46.043389+00:00,0,0,,29e9c5fc534b8db0dc7ce7a819e179dac6496f989a3f5d72330dda085fa272d2,Ugz6noyI0Cg1fCG2isR4AaABAg,youtube-data-api-v3/commentThreads.list,,MKJz4yURCEs,How to Trade Gold - Ride Massive Trends Using this Method,The Moving Average,,
youtube,The Moving Average,MKJz4yURCEs,https://www.youtube.com/watch?v=MKJz4yURCEs,UgwO9ntEiKzLwarruB94AaABAg,"Currently in a paper trade right now, testing this out - seems to be working. If this pans out, you've just helped me out loads. Nice one, man!",2025-08-29T08:40:52Z,2026-10-01T13:26:46.043389+00:00,6,1,,66f37cb7ff48ce32877321082dcd2700f85b274361e270753914d2dce66c2def,,youtube-data-api-v3/commentThreads.list,,MKJz4yURCEs,How to Trade Gold - Ride Massive Trends Using this Method,The Moving Average,,
youtube,The Moving Average,MKJz4yURCEs,https://www.youtube.com/watch?v=MKJz4yURCEs,Ugzn8MIY5UFvEaWaK3d4AaABAg,You’re an Angel from Heaven Art! I always learn life changing stuff from your videos. EVERY TIME 💪🧠,2026-02-19T18:52:54Z,2026-10-01T13:26:46.043389+00:00,3,0,,226afb4063cd544eb7f4204a61b96877aa8e4a6d46ece4426aea5e4319996f7a,,youtube-data-api-v3/commentThreads.list,,MKJz4yURCEs,How to Trade Gold - Ride Massive Trends Using this Method,The Moving Average,,
youtube,The Moving Average,MKJz4yURCEs,https://www.youtube.com/watch?v=MKJz4yURCEs,UgzAFmEYaARpN9EETGl4AaABAg,"ARTY i been following since years, you are true humble and beautiful soul creating real content of trading methods and sharing with perfect entry and exit setups...thank you for sharing your knowledge...may almighty bless you with more power...",2025-05-24T15:05:07Z,2026-10-01T13:26:46.043389+00:00,11,1,,7a93e56d0b6daee9d6bf04dfa4d820d34422808ab44172525a3c9c06096058e1,,youtube-data-api-v3/commentThreads.list,,MKJz4yURCEs,How to Trade Gold - Ride Massive Trends Using this Method,The Moving Average,,
youtube,The Moving Average,MKJz4yURCEs,https://www.youtube.com/watch?v=MKJz4yURCEs,UgyyJPMml2lxgyzyVcl4AaABAg,"Awesome explanation on riding gold trends! 📈 Really clear how to use Heikin-Ashi to stay in the move, thanks for the practical tips!",2026-01-06T13:02:29Z,2026-10-01T13:26:46.043389+00:00,2,1,,5e7f6edf449894fee4fe413f9ace63d468df35fa040efc5495334d8bbb661515,,youtube-data-api-v3/commentThreads.list,,MKJz4yURCEs,How to Trade Gold - Ride Massive Trends Using this Method,The Moving Average,,
youtube,The Moving Average,MKJz4yURCEs,https://www.youtube.com/watch?v=MKJz4yURCEs,UgylGU9X0YUao-kTip94AaABAg,"Tested this, and it does work along with strategies such as ORB, sessions open/close and previous day high and lows! Exactly as you said! This is a GOLD video about trading gold! Thank you so much!",2025-07-12T09:51:14Z,2026-10-01T13:26:46.043389+00:00,57,4,,5bb480d2206b9e1de0068a320691631a4b237849bc9a288f079a620e358e2056,,youtube-data-api-v3/commentThreads.list,,MKJz4yURCEs,How to Trade Gold - Ride Massive Trends Using this Method,The Moving Average,,
youtube,The Moving Average,MKJz4yURCEs,https://www.youtube.com/watch?v=MKJz4yURCEs,UgylGU9X0YUao-kTip94AaABAg.AKTi_S29sRNAM3EeOUzzeC,your success rate?,2025-08-20T20:03:34Z,2026-10-01T13:26:46.043389+00:00,1,0,,88d8c898db5486eb95dae49b8e64ce856dbb9ba8de9dd241dc0bf0eedf298be8,UgylGU9X0YUao-kTip94AaABAg,youtube-data-api-v3/commentThreads.list,,MKJz4yURCEs,How to Trade Gold - Ride Massive Trends Using this Method,The Moving Average,,
youtube,The Moving Average,MKJz4yURCEs,https://www.youtube.com/watch?v=MKJz4yURCEs,UgylGU9X0YUao-kTip94AaABAg.AKTi_S29sRNARrMFEnKtHb,timeframe please,2026-01-11T23:08:08Z,2026-10-01T13:26:46.043389+00:00,1,0,,cb85ef7a460fa92bc71681bcbb244a3a43e89b06ec07e584eb3dbf9e9d028673,UgylGU9X0YUao-kTip94AaABAg,youtube-data-api-v3/commentThreads.list,,MKJz4yURCEs,How to Trade Gold - Ride Massive Trends Using this Method,The Moving Average,,
youtube,The Moving Average,MKJz4yURCEs,https://www.youtube.com/watch?v=MKJz4yURCEs,UgylGU9X0YUao-kTip94AaABAg.AKTi_S29sRNASMnaoJlxzu,"​@bootangyBro, why you dont test it yourself....",2026-01-24T13:31:35Z,2026-10-01T13:26:46.043389+00:00,1,0,,56d7afa691bd9847d7367dff9e01a5dadb207a7b6141550b38c192a277586973,UgylGU9X0YUao-kTip94AaABAg,youtube-data-api-v3/commentThreads.list,,MKJz4yURCEs,How to Trade Gold - Ride Massive Trends Using this Method,The Moving Average,,
youtube,The Moving Average,MKJz4yURCEs,https://www.youtube.com/watch?v=MKJz4yURCEs,Ugya9aPkzMW-m5lhxzB4AaABAg,Best educational video till now on internet for gold 🔥👏🏻,2025-09-18T21:12:23Z,2026-10-01T13:26:46.043389+00:00,2,1,,c88a03a27bfcfd116519da3aeaeeb6f9b00887c1bbc27a1353ed272a34ce87a8,,youtube-data-api-v3/commentThreads.list,,MKJz4yURCEs,How to Trade Gold - Ride Massive Trends Using this Method,The Moving Average,,
youtube,The Moving Average,MKJz4yURCEs,https://www.youtube.com/watch?v=MKJz4yURCEs,Ugy7nIwX75tKd18xmJp4AaABAg,"Thank you! I love your videos. Crystal clear, concise and smart.",2025-05-16T20:06:22Z,2026-10-01T13:26:46.043389+00:00,9,1,,d04bf12e1429334332f2ed861451a88f8002082ac11926d426cc7a084f6d91d7,,youtube-data-api-v3/commentThreads.list,,MKJz4yURCEs,How to Trade Gold - Ride Massive Trends Using this Method,The Moving Average,,
youtube,The Moving Average,MKJz4yURCEs,https://www.youtube.com/watch?v=MKJz4yURCEs,Ugw2mGUTlA4ySKapsRN4AaABAg,"This video and strategy just helped me pass my first prop firm challenge!! Once again, Arty, you have changed my trading life!! Keep up the brilliant work, bro!!!!!",2026-04-02T09:15:45Z,2026-10-01T13:26:46.043389+00:00,2,1,,b1683bf82940b9924026a93c0ea9b5bcd8a9736dbe231294361fa57c7a6f10dc,,youtube-data-api-v3/commentThreads.list,,MKJz4yURCEs,How to Trade Gold - Ride Massive Trends Using this Method,The Moving Average,,
youtube,The Moving Average,MKJz4yURCEs,https://www.youtube.com/watch?v=MKJz4yURCEs,Ugw2mGUTlA4ySKapsRN4AaABAg.AV5RNX8KLbVAX5HA30cFht,Which prop firm,2026-05-22T00:49:19Z,2026-10-01T13:26:46.043389+00:00,0,0,,74cc4ad53237f4733f34b26be684a4221e6e7f0e2bb5fcd13046fef9d063825a,Ugw2mGUTlA4ySKapsRN4AaABAg,youtube-data-api-v3/commentThreads.list,,MKJz4yURCEs,How to Trade Gold - Ride Massive Trends Using this Method,The Moving Average,,
youtube,The Moving Average,MKJz4yURCEs,https://www.youtube.com/watch?v=MKJz4yURCEs,UgztBJcws8CVJB5lZah4AaABAg,You have been anointed for this. Remain blessed sir,2025-05-16T20:32:27Z,2026-10-01T13:26:46.043389+00:00,5,1,,20d2e0cbe91ebafd5f6ad69d2347070feab2009301f49d01eb3865cb78814921,,youtube-data-api-v3/commentThreads.list,,MKJz4yURCEs,How to Trade Gold - Ride Massive Trends Using this Method,The Moving Average,,
youtube,The Moving Average,MKJz4yURCEs,https://www.youtube.com/watch?v=MKJz4yURCEs,UgyTQfSx8M5-vlToAqB4AaABAg,This video here has saved and made trading xauusd such a smooth movement. 💰💰💰. THANK YOU!,2025-08-29T14:09:24Z,2026-10-01T13:26:46.043389+00:00,6,1,,055c51d00b8d5e42b479989ceaa6af3c814d157f938cad3b0c94f46066103cd1,,youtube-data-api-v3/commentThreads.list,,MKJz4yURCEs,How to Trade Gold - Ride Massive Trends Using this Method,The Moving Average,,
youtube,The Moving Average,MKJz4yURCEs,https://www.youtube.com/watch?v=MKJz4yURCEs,Ugxh71bLyiulZ1Rx2Ih4AaABAg,This strategy cooks,2026-04-24T10:29:11Z,2026-10-01T13:26:46.043389+00:00,2,0,,ae854e34a3375df8f19d723f42920e294926532337dec53ab145ab47132e6ba1,,youtube-data-api-v3/commentThreads.list,,MKJz4yURCEs,How to Trade Gold - Ride Massive Trends Using this Method,The Moving Average,,
youtube,The Moving Average,MKJz4yURCEs,https://www.youtube.com/watch?v=MKJz4yURCEs,Ugyixrq4IVc8AbWwRvR4AaABAg,"I hardly comment, God bless you for this SIR",2025-08-11T15:07:52Z,2026-10-01T13:26:46.043389+00:00,5,1,,60fd6bed4c70adf6edc7a11642593450f31c291dbaf543be43d714d3dfe062b7,,youtube-data-api-v3/commentThreads.list,,MKJz4yURCEs,How to Trade Gold - Ride Massive Trends Using this Method,The Moving Average,,
youtube,The Moving Average,MKJz4yURCEs,https://www.youtube.com/watch?v=MKJz4yURCEs,UgwUJhUeHGQEdc-68UB4AaABAg,Trading gold in December is a rollercoaster 🎢 I briefly backtested this method and it turned out GREAT! Will definitely try it tomorrow !,2025-12-03T17:33:35Z,2026-10-01T13:26:46.043389+00:00,7,0,,2e234af66e829f8c8d2bf572505ddfccd34dcc16e19e8ff2af9700ff0d280a0d,,youtube-data-api-v3/commentThreads.list,,MKJz4yURCEs,How to Trade Gold - Ride Massive Trends Using this Method,The Moving Average,,
youtube,The Moving Average,MKJz4yURCEs,https://www.youtube.com/watch?v=MKJz4yURCEs,UgyWvQ0FRFULWdmzj614AaABAg,"Great video. I’ve been long NAS for a few days now. Love it - no stress, just follow the rules. Thank you 😊",2025-05-18T18:47:27Z,2026-10-01T13:26:46.043389+00:00,3,1,,bd2ced38bd659b2777b6bf54f163e81150bd960f17a9c4e8bf1d8c73791a31c3,,youtube-data-api-v3/commentThreads.list,,MKJz4yURCEs,How to Trade Gold - Ride Massive Trends Using this Method,The Moving Average,,
youtube,The Moving Average,MKJz4yURCEs,https://www.youtube.com/watch?v=MKJz4yURCEs,UgzAaeOVhkg15g6UI7R4AaABAg,Imma watch this 3 times per day,2026-02-04T18:10:12Z,2026-10-01T13:26:46.043389+00:00,3,1,,8a6a5c94a8ae8fb541948988424798494e425da47bfff9921655179b46a7193d,,youtube-data-api-v3/commentThreads.list,,MKJz4yURCEs,How to Trade Gold - Ride Massive Trends Using this Method,The Moving Average,,
youtube,The Moving Average,MKJz4yURCEs,https://www.youtube.com/watch?v=MKJz4yURCEs,UgwSERapYZgH3-ibKwB4AaABAg,johny johny got the skills love from kenya,2026-03-07T14:42:29Z,2026-10-01T13:26:46.043389+00:00,2,0,,27385dfb25a7a60be5e45b213c2fc32468b56064e22191a4b4dce47198928a49,,youtube-data-api-v3/commentThreads.list,,MKJz4yURCEs,How to Trade Gold - Ride Massive Trends Using this Method,The Moving Average,,
youtube,The Moving Average,MKJz4yURCEs,https://www.youtube.com/watch?v=MKJz4yURCEs,Ugx74ozvL9bTMM2kI4l4AaABAg,Sounds like a printer. I'll test it.. Thanks bro,2026-02-04T18:08:02Z,2026-10-01T13:26:46.043389+00:00,2,0,,8a6a5c94a8ae8fb541948988424798494e425da47bfff9921655179b46a7193d,,youtube-data-api-v3/commentThreads.list,,MKJz4yURCEs,How to Trade Gold - Ride Massive Trends Using this Method,The Moving Average,,
youtube,The Moving Average,MKJz4yURCEs,https://www.youtube.com/watch?v=MKJz4yURCEs,Ugy_4vManUUaUp-cM914AaABAg,Wow this is amazing . Thank you so much for this. This is a game changer,2025-05-10T09:57:20Z,2026-10-01T13:26:46.043389+00:00,4,1,,90f2bf9a8747ca93953a2aac486b191ef503f636a507c17554a69f04089a8d0d,,youtube-data-api-v3/commentThreads.list,,MKJz4yURCEs,How to Trade Gold - Ride Massive Trends Using this Method,The Moving Average,,
youtube,The Moving Average,MKJz4yURCEs,https://www.youtube.com/watch?v=MKJz4yURCEs,Ugx-LrHEIBc4Kwr5UR94AaABAg,Wow just wow! How I wish I've watched this sooner now it makes sense.,2025-11-11T02:06:26Z,2026-10-01T13:26:46.043389+00:00,2,1,,ee89bbc9c68c18199a896a8270c285956ea074e69fe61f22015534b6fbfc9f2a,,youtube-data-api-v3/commentThreads.list,,MKJz4yURCEs,How to Trade Gold - Ride Massive Trends Using this Method,The Moving Average,,
youtube,The Moving Average,MKJz4yURCEs,https://www.youtube.com/watch?v=MKJz4yURCEs,UgyqwmI0KTTV6SYzYfV4AaABAg,"Thank you so much arty, you have chosen the topic.",2025-05-12T05:18:45Z,2026-10-01T13:26:46.043389+00:00,2,1,,46494ef977fd8ed00ae36a7365d046e236d1a2f7e521fc4b1bfd7b20fe6f35be,,youtube-data-api-v3/commentThreads.list,,MKJz4yURCEs,How to Trade Gold - Ride Massive Trends Using this Method,The Moving Average,,
youtube,The Moving Average,MKJz4yURCEs,https://www.youtube.com/watch?v=MKJz4yURCEs,UgxNOlqmXJeAOEXTw194AaABAg,That's is very useful for a Swing Trader like me! This Help Solve my Problem of where to Exit the Market where I previously know nowhere to Exit and Held Until Profit become Loss or BreakEvent!,2025-05-10T11:26:57Z,2026-10-01T13:26:46.043389+00:00,5,3,,b48344da6d559e232e313122af374162db9b60fc2729d4962b49dec2717077a9,,youtube-data-api-v3/commentThreads.list,,MKJz4yURCEs,How to Trade Gold - Ride Massive Trends Using this Method,The Moving Average,,
youtube,The Moving Average,MKJz4yURCEs,https://www.youtube.com/watch?v=MKJz4yURCEs,UgxNOlqmXJeAOEXTw194AaABAg.AHwfSO0blRXAI00Wl0bKGp,@TheMovingAverage Thanks so much 🙏,2025-05-12T03:56:45Z,2026-10-01T13:26:46.043389+00:00,2,0,,b48344da6d559e232e313122af374162db9b60fc2729d4962b49dec2717077a9,UgxNOlqmXJeAOEXTw194AaABAg,youtube-data-api-v3/commentThreads.list,,MKJz4yURCEs,How to Trade Gold - Ride Massive Trends Using this Method,The Moving Average,,
youtube,The Moving Average,MKJz4yURCEs,https://www.youtube.com/watch?v=MKJz4yURCEs,UgzeVSPwbVcpsnW34oN4AaABAg,"I bring you greetings from Ghana. Merry Christmas 

You have done everything. May God bless you abundantly.",2025-12-25T18:22:14Z,2026-10-01T13:26:46.043389+00:00,2,1,,5a202ebff5af29becaa1d754643b53272ca963c4eae0caea8cee3f39d6b6168c,,youtube-data-api-v3/commentThreads.list,,MKJz4yURCEs,How to Trade Gold - Ride Massive Trends Using this Method,The Moving Average,,
youtube,The Moving Average,MKJz4yURCEs,https://www.youtube.com/watch?v=MKJz4yURCEs,UgwShT-HrC8Peme2eaZ4AaABAg,Everything explained clearly in less than 8 mins❤,2025-12-17T01:43:54Z,2026-10-01T13:26:46.043389+00:00,2,1,,ed1e31d60d6dd25b2baa450944eb9a0cf17ba54577395cf247de299c4aaeb1e4,,youtube-data-api-v3/commentThreads.list,,MKJz4yURCEs,How to Trade Gold - Ride Massive Trends Using this Method,The Moving Average,,
youtube,The Moving Average,MKJz4yURCEs,https://www.youtube.com/watch?v=MKJz4yURCEs,UgwB2Aao1hv2NLMNLTV4AaABAg,"Thank you Arty, I've tried and it helped me to move better in the market. Thank you! 🙏",2025-05-23T12:11:35Z,2026-10-01T13:26:46.043389+00:00,2,1,,454367724433ecf40097bf0d05f248d7da46b1322ff15757cc3e657e14985757,,youtube-data-api-v3/commentThreads.list,,MKJz4yURCEs,How to Trade Gold - Ride Massive Trends Using this Method,The Moving Average,,
youtube,The Moving Average,MKJz4yURCEs,https://www.youtube.com/watch?v=MKJz4yURCEs,UgxTyAE1tyPfT5OTeb54AaABAg,"Thanks bro, U gain another follower.!!.",2025-05-21T21:51:21Z,2026-10-01T13:26:46.043389+00:00,4,1,,9ed6cbdce39b0da59643cacd662e59e39aed4302e9f2da767647650041d259b1,,youtube-data-api-v3/commentThreads.list,,MKJz4yURCEs,How to Trade Gold - Ride Massive Trends Using this Method,The Moving Average,,
youtube,The Moving Average,MKJz4yURCEs,https://www.youtube.com/watch?v=MKJz4yURCEs,UgwyxkyKqSl0X9L1zhR4AaABAg,Yooo arty welcome back bro,2025-05-09T19:04:59Z,2026-10-01T13:26:46.043389+00:00,4,1,,666b15c59c3016eb53a26b18d79959a0b9169cab4e0481adb6f4fa8e790015c4,,youtube-data-api-v3/commentThreads.list,,MKJz4yURCEs,How to Trade Gold - Ride Massive Trends Using this Method,The Moving Average,,
youtube,The Moving Average,MKJz4yURCEs,https://www.youtube.com/watch?v=MKJz4yURCEs,UgzdPQnWAx73q7RcZLl4AaABAg,I love you Man i hope when im successful enough in this arena ill have the chance to see you one day ❤❤,2025-08-18T14:56:09Z,2026-10-01T13:26:46.043389+00:00,3,1,,f4c32550df9fbe14200ea2404ccfd386a1d4f729631a3b42d68af524c6357b64,,youtube-data-api-v3/commentThreads.list,,MKJz4yURCEs,How to Trade Gold - Ride Massive Trends Using this Method,The Moving Average,,
youtube,The Moving Average,MKJz4yURCEs,https://www.youtube.com/watch?v=MKJz4yURCEs,UgzTPDzWw7LOhYhYSV14AaABAg,Am new in this field so trying to learn from your videos,2025-08-05T08:08:41Z,2026-10-01T13:26:46.043389+00:00,2,1,,a42e5efec8a6dd6e9f9a81f5473263eca6775527478e17f79e7dbdddee430b9a,,youtube-data-api-v3/commentThreads.list,,MKJz4yURCEs,How to Trade Gold - Ride Massive Trends Using this Method,The Moving Average,,
youtube,The Moving Average,MKJz4yURCEs,https://www.youtube.com/watch?v=MKJz4yURCEs,Ugx-mUhMjQisy-4kxtN4AaABAg,You're awesome brother! Thank you!,2025-07-10T15:11:07Z,2026-10-01T13:26:46.043389+00:00,2,1,,833492e9db0aae5a595e6ba0fc47c37b072cef88a9f070406fcf042efeba9f78,,youtube-data-api-v3/commentThreads.list,,MKJz4yURCEs,How to Trade Gold - Ride Massive Trends Using this Method,The Moving Average,,
youtube,The Moving Average,MKJz4yURCEs,https://www.youtube.com/watch?v=MKJz4yURCEs,UgxCjt5m5gCOuh0FhdV4AaABAg,nice content in just so simple language......thanks brother.....🔥❤️,2025-06-30T07:51:32Z,2026-10-01T13:26:46.043389+00:00,2,1,,ff07c7f0a5d0563aced5af2bf9714af32614c964c379ef26141da62e69d903b8,,youtube-data-api-v3/commentThreads.list,,MKJz4yURCEs,How to Trade Gold - Ride Massive Trends Using this Method,The Moving Average,,
youtube,The Moving Average,MKJz4yURCEs,https://www.youtube.com/watch?v=MKJz4yURCEs,UgzmHBo-CxMKBWV2uxV4AaABAg,thank you brother for this valuable video.,2025-11-19T11:38:30Z,2026-10-01T13:26:46.043389+00:00,3,1,,6540f988050135bc9d6f9136006be56cff09f6c1d2746ff6091e6bd04ee261df,,youtube-data-api-v3/commentThreads.list,,MKJz4yURCEs,How to Trade Gold - Ride Massive Trends Using this Method,The Moving Average,,
youtube,The Moving Average,MKJz4yURCEs,https://www.youtube.com/watch?v=MKJz4yURCEs,UgwljY90ZzrwrhBIlfR4AaABAg,Thanks arty 🎉 and thanks to the questioner. Heiken ashi are great,2025-05-09T21:21:51Z,2026-10-01T13:26:46.043389+00:00,2,1,,16c5378bad8a20480688430ef02ff3faa092f9741383098219212dda2f32f1db,,youtube-data-api-v3/commentThreads.list,,MKJz4yURCEs,How to Trade Gold - Ride Massive Trends Using this Method,The Moving Average,,
youtube,The Moving Average,MKJz4yURCEs,https://www.youtube.com/watch?v=MKJz4yURCEs,UgwdEbajMv1FdCnOhWl4AaABAg,Ok playa you got another subscriber this was very helpful thanks you,2025-11-24T18:48:41Z,2026-10-01T13:26:46.043389+00:00,2,1,,87629b3ee2fcc15016b7ea9bba569444847603293f359ae04e3fbc600e0b713b,,youtube-data-api-v3/commentThreads.list,,MKJz4yURCEs,How to Trade Gold - Ride Massive Trends Using this Method,The Moving Average,,
youtube,The Moving Average,MKJz4yURCEs,https://www.youtube.com/watch?v=MKJz4yURCEs,UgysCYIX_dEq-UOOzxp4AaABAg,Thank you for your knowledge sharing sir. Greetings from Malaysia.,2025-08-31T06:24:25Z,2026-10-01T13:26:46.043389+00:00,2,1,,0c99d818ce1cb63dab0f822f7cc0f53d2b20c257f3427439e76fd3b2eca1cb8c,,youtube-data-api-v3/commentThreads.list,,MKJz4yURCEs,How to Trade Gold - Ride Massive Trends Using this Method,The Moving Average,,
youtube,The Moving Average,MKJz4yURCEs,https://www.youtube.com/watch?v=MKJz4yURCEs,UgwZWddrdbHwqKoqtip4AaABAg,Fantastic Video With Strategy❗️👌🏼,2025-05-10T07:44:38Z,2026-10-01T13:26:46.043389+00:00,2,1,,5fdc1b2ddac080577fcae5e2fe148e17ca8aee889f4b27f93a696ca8131a36a6,,youtube-data-api-v3/commentThreads.list,,MKJz4yURCEs,How to Trade Gold - Ride Massive Trends Using this Method,The Moving Average,,
youtube,The Moving Average,MKJz4yURCEs,https://www.youtube.com/watch?v=MKJz4yURCEs,Ugz6Pg_5a1Ve6Y_M4HN4AaABAg,Love from India,2026-02-03T06:09:57Z,2026-10-01T13:26:46.043389+00:00,2,0,,f617e80a89746a1d76b5b7e046f243c0a5f3201afe23ed5495456ff5e0382676,,youtube-data-api-v3/commentThreads.list,,MKJz4yURCEs,How to Trade Gold - Ride Massive Trends Using this Method,The Moving Average,,
youtube,The Moving Average,MKJz4yURCEs,https://www.youtube.com/watch?v=MKJz4yURCEs,Ugw1ZCdZ8_-kt4MK_S54AaABAg,"I followed your instructions, and it's showing perfect results. Thank you so much for your analysis excellent always ❤",2025-07-14T00:47:53Z,2026-10-01T13:26:46.043389+00:00,11,1,,3e2c799a5b43f81712f0a2d2093a61ac499b93751bd4eede69588b72b7a33eb1,,youtube-data-api-v3/commentThreads.list,,MKJz4yURCEs,How to Trade Gold - Ride Massive Trends Using this Method,The Moving Average,,
youtube,The Moving Average,MKJz4yURCEs,https://www.youtube.com/watch?v=MKJz4yURCEs,UgwL0Rr8TA-7bHt72jZ4AaABAg,I don’t think Marty could have been more precise 😂. He just gave you guys the flavor and the sauce!!,2025-05-31T17:57:56Z,2026-10-01T13:26:46.043389+00:00,9,1,,121928100261564fc1ea34f46f91791a712c3f541b6167d9646fc0aca5e0a7dd,,youtube-data-api-v3/commentThreads.list,,MKJz4yURCEs,How to Trade Gold - Ride Massive Trends Using this Method,The Moving Average,,
youtube,The Moving Average,MKJz4yURCEs,https://www.youtube.com/watch?v=MKJz4yURCEs,Ugw_IJqRIEt-WT2Gvel4AaABAg,Thanks for sharing this video.,2025-05-11T08:55:35Z,2026-10-01T13:26:46.043389+00:00,2,1,,ddcfca99c2a08070459ae4cae832d6e575c29b73a0612595552e35638c9b1b9e,,youtube-data-api-v3/commentThreads.list,,MKJz4yURCEs,How to Trade Gold - Ride Massive Trends Using this Method,The Moving Average,,
youtube,The Moving Average,MKJz4yURCEs,https://www.youtube.com/watch?v=MKJz4yURCEs,UgwceHyrKOwmeX4-aHN4AaABAg,Just seen it awesome explanation. I will try it when i will have money.,2025-07-04T00:29:07Z,2026-10-01T13:26:46.043389+00:00,2,1,,09f7121f4c4468be19d7c6517e73e468df4bc77c6e380a04c56d3753ac1c067d,,youtube-data-api-v3/commentThreads.list,,MKJz4yURCEs,How to Trade Gold - Ride Massive Trends Using this Method,The Moving Average,,
youtube,The Moving Average,MKJz4yURCEs,https://www.youtube.com/watch?v=MKJz4yURCEs,UgxfrnfwmlPI4zcRajd4AaABAg,Thank you for this❤,2025-05-09T19:35:44Z,2026-10-01T13:26:46.043389+00:00,2,1,,99697c1932c841a06280cb238252ceb60975747dcecc255e5ee8249b47961a9b,,youtube-data-api-v3/commentThreads.list,,MKJz4yURCEs,How to Trade Gold - Ride Massive Trends Using this Method,The Moving Average,,
youtube,The Moving Average,MKJz4yURCEs,https://www.youtube.com/watch?v=MKJz4yURCEs,UgxztHngjUr3AJ3I9h14AaABAg,Sound as a pound there Arty. Many thanks and rock on !,2025-05-09T19:18:33Z,2026-10-01T13:26:46.043389+00:00,2,1,,6decdd981787cbc700c955b446c0143a6a541adee274f5c9180b39aa70e2fb81,,youtube-data-api-v3/commentThreads.list,,MKJz4yURCEs,How to Trade Gold - Ride Massive Trends Using this Method,The Moving Average,,
youtube,The Moving Average,MKJz4yURCEs,https://www.youtube.com/watch?v=MKJz4yURCEs,UgxWvY-n-x3G4ZpJ5Yp4AaABAg,Thanks teacher your help 🎉,2025-05-09T19:09:25Z,2026-10-01T13:26:46.043389+00:00,2,1,,42aaaaf040e210b5a5debb8c3394ffdcdebff23808cf2c39bada3dd9b7157e57,,youtube-data-api-v3/commentThreads.list,,MKJz4yURCEs,How to Trade Gold - Ride Massive Trends Using this Method,The Moving Average,,
youtube,The Moving Average,MKJz4yURCEs,https://www.youtube.com/watch?v=MKJz4yURCEs,UgxMBFKu-IWOINNo2sp4AaABAg,High quality content.,2025-09-17T23:54:32Z,2026-10-01T13:26:46.043389+00:00,1,1,,29ebaa9a92ccad510ebfad435e86acf5daddc49da8e7822ce209618d4ed0c423,,youtube-data-api-v3/commentThreads.list,,MKJz4yURCEs,How to Trade Gold - Ride Massive Trends Using this Method,The Moving Average,,
youtube,The Moving Average,MKJz4yURCEs,https://www.youtube.com/watch?v=MKJz4yURCEs,Ugxx4l7FAh1TlYTXsYR4AaABAg,Thanks rd😊,2025-05-17T01:50:50Z,2026-10-01T13:26:46.043389+00:00,3,1,,bcc146cf5fbef1dbf742a8ae7d69f6afcb1c7cfc66540e6e20dac349f8198f2f,,youtube-data-api-v3/commentThreads.list,,MKJz4yURCEs,How to Trade Gold - Ride Massive Trends Using this Method,The Moving Average,,
youtube,The Moving Average,MKJz4yURCEs,https://www.youtube.com/watch?v=MKJz4yURCEs,UgzVc60xg3Z_xKvLnBJ4AaABAg,Great video thank you !,2025-11-22T06:03:28Z,2026-10-01T13:26:46.043389+00:00,2,1,,645c8eca6e3dd2f501c7ac3a343006dcb1882e2dce7b1a735fb4ee57c5d8e713,,youtube-data-api-v3/commentThreads.list,,MKJz4yURCEs,How to Trade Gold - Ride Massive Trends Using this Method,The Moving Average,,
youtube,The Moving Average,MKJz4yURCEs,https://www.youtube.com/watch?v=MKJz4yURCEs,UgyK7HS0s0n8-tZtz654AaABAg,Now just time to come up with hobbies …,2025-07-18T04:26:14Z,2026-10-01T13:26:46.043389+00:00,5,0,,4b90878f6ddc8e8a3c5e6d61386b6223f7b571cc1b912780d65a38dea4087738,,youtube-data-api-v3/commentThreads.list,,MKJz4yURCEs,How to Trade Gold - Ride Massive Trends Using this Method,The Moving Average,,
youtube,The Moving Average,MKJz4yURCEs,https://www.youtube.com/watch?v=MKJz4yURCEs,UgzxomsIiSuev-Bjft94AaABAg,Make a full video on gold trading strategy pls..,2025-05-23T18:30:34Z,2026-10-01T13:26:46.043389+00:00,76,1,,af2eec23a2af9d006ad6a1f093fee0593e3752a68b46fe3cc24b7489f1d9736e,,youtube-data-api-v3/commentThreads.list,,MKJz4yURCEs,How to Trade Gold - Ride Massive Trends Using this Method,The Moving Average,,
youtube,The Moving Average,MKJz4yURCEs,https://www.youtube.com/watch?v=MKJz4yURCEs,UgzxomsIiSuev-Bjft94AaABAg.AITuGNpsV7UANOEcaSHtEH,hi,2025-09-22T20:18:45Z,2026-10-01T13:26:46.043389+00:00,1,0,,cd0ba34cd0d199ef7a0b5389e6ba5f6ee050a2996385a60b1195016256486f86,UgzxomsIiSuev-Bjft94AaABAg,youtube-data-api-v3/commentThreads.list,,MKJz4yURCEs,How to Trade Gold - Ride Massive Trends Using this Method,The Moving Average,,
youtube,The Moving Average,MKJz4yURCEs,https://www.youtube.com/watch?v=MKJz4yURCEs,Ugxk2t-ZCF-MYfL3whJ4AaABAg,Just in time!,2025-05-11T17:44:41Z,2026-10-01T13:26:46.043389+00:00,2,1,,43c03320307d3b57c87c31b9f0c824566dd5905b6a07693eb2faee55c3117677,,youtube-data-api-v3/commentThreads.list,,MKJz4yURCEs,How to Trade Gold - Ride Massive Trends Using this Method,The Moving Average,,
youtube,The Moving Average,MKJz4yURCEs,https://www.youtube.com/watch?v=MKJz4yURCEs,UgxvmAFvNjfHUqIaV3B4AaABAg,Great video,2025-12-10T21:17:03Z,2026-10-01T13:26:46.043389+00:00,2,1,,d7ec5e7cad2a2f77b66e0dde523ad64646576c0428c58bc3495af62f593467f4,,youtube-data-api-v3/commentThreads.list,,MKJz4yURCEs,How to Trade Gold - Ride Massive Trends Using this Method,The Moving Average,,
youtube,The Moving Average,MKJz4yURCEs,https://www.youtube.com/watch?v=MKJz4yURCEs,UgylUbnwsAt4QCoTDLZ4AaABAg,Great knowledge ❤,2025-08-22T22:56:16Z,2026-10-01T13:26:46.043389+00:00,2,1,,535f17c4941b66fe42c4d720f566a3c8a4b9bf9f4ad62acfab2dff374f61c9b1,,youtube-data-api-v3/commentThreads.list,,MKJz4yURCEs,How to Trade Gold - Ride Massive Trends Using this Method,The Moving Average,,
youtube,The Moving Average,MKJz4yURCEs,https://www.youtube.com/watch?v=MKJz4yURCEs,UgxIKYoenhGTZJc-0ux4AaABAg,great video broo,2025-07-01T17:15:52Z,2026-10-01T13:26:46.043389+00:00,2,1,,3734b2a7f3e146f0159015791f737534488964c95429663c93a6edcbb9605b9f,,youtube-data-api-v3/commentThreads.list,,MKJz4yURCEs,How to Trade Gold - Ride Massive Trends Using this Method,The Moving Average,,
youtube,The Moving Average,MKJz4yURCEs,https://www.youtube.com/watch?v=MKJz4yURCEs,UgyMvOngVgRs7yEomOB4AaABAg,Thank you ima try this on demo,2026-01-06T18:17:25Z,2026-10-01T13:26:46.043389+00:00,2,1,,30ed1e575f8b4cc52ce1592990e6d770cff973155c545b7896dbfab12a29a780,,youtube-data-api-v3/commentThreads.list,,MKJz4yURCEs,How to Trade Gold - Ride Massive Trends Using this Method,The Moving Average,,
youtube,The Moving Average,MKJz4yURCEs,https://www.youtube.com/watch?v=MKJz4yURCEs,UgwGY2c4tUhigr0U-0R4AaABAg,I've been trying to work this out on my own for a while and this solve the problem for me! Its worked really well.  Appreciate you sharing your knowledge!,2025-07-01T05:37:37Z,2026-10-01T13:26:46.043389+00:00,8,1,,8887a12f54fbf4cfdf54598c2e7f7d163b17f7a7c3dca4755b1e8cab37ddf9b2,,youtube-data-api-v3/commentThreads.list,,MKJz4yURCEs,How to Trade Gold - Ride Massive Trends Using this Method,The Moving Average,,
youtube,The Moving Average,MKJz4yURCEs,https://www.youtube.com/watch?v=MKJz4yURCEs,Ugx6b3roPeHrsIW72ux4AaABAg,love from India❤,2025-05-15T09:46:59Z,2026-10-01T13:26:46.043389+00:00,3,1,,4a2c3b7d247244da9f93dd101ece573313763f09e7be13fe5924f6e0e1fe25ed,,youtube-data-api-v3/commentThreads.list,,MKJz4yURCEs,How to Trade Gold - Ride Massive Trends Using this Method,The Moving Average,,
youtube,The Moving Average,MKJz4yURCEs,https://www.youtube.com/watch?v=MKJz4yURCEs,UgyxgbtxJt1n2U6kadt4AaABAg,Very interesting video ❤,2025-05-10T06:52:06Z,2026-10-01T13:26:46.043389+00:00,2,1,,006acbff287f8d7013ef17e6407090daebb6927ea08e217a4a13c46a540833c0,,youtube-data-api-v3/commentThreads.list,,MKJz4yURCEs,How to Trade Gold - Ride Massive Trends Using this Method,The Moving Average,,
youtube,The Moving Average,MKJz4yURCEs,https://www.youtube.com/watch?v=MKJz4yURCEs,UgxiDn9YCJ085i0NqLh4AaABAg,"The timing of this video, in retrospect was amazing. Had anyone followed it, they would have had a very good year. Now, with gold consolidated and ranging, this technique may be a bit risky. May 2026.",2026-05-02T04:38:55Z,2026-10-01T13:26:46.043389+00:00,1,0,,a7f11766dd1c05c188fed4e07f4f2be48b6a8a994e53a70cb08048c652a5b0df,,youtube-data-api-v3/commentThreads.list,,MKJz4yURCEs,How to Trade Gold - Ride Massive Trends Using this Method,The Moving Average,,
youtube,The Moving Average,MKJz4yURCEs,https://www.youtube.com/watch?v=MKJz4yURCEs,UgwcPEeZc-whqeptI_14AaABAg,Thx Arty,2025-05-10T12:48:12Z,2026-10-01T13:26:46.043389+00:00,2,1,,a384665253970da75687ab53012cb75218a22446e0a747db789eed3b63770ffc,,youtube-data-api-v3/commentThreads.list,,MKJz4yURCEs,How to Trade Gold - Ride Massive Trends Using this Method,The Moving Average,,
youtube,The Moving Average,MKJz4yURCEs,https://www.youtube.com/watch?v=MKJz4yURCEs,UgzA6ECoxmUkzBn_iy14AaABAg,"Great video, gonna try this with what I've already learnt once I've started my £20 account progression challenge",2025-05-09T19:32:30Z,2026-10-01T13:26:46.043389+00:00,7,3,,bd71ae1bcf43f5e8c8b9aee4c15fd6f33d3191fb96a5ecc487044cee16f7d90a,,youtube-data-api-v3/commentThreads.list,,MKJz4yURCEs,How to Trade Gold - Ride Massive Trends Using this Method,The Moving Average,,
youtube,The Moving Average,MKJz4yURCEs,https://www.youtube.com/watch?v=MKJz4yURCEs,UgzA6ECoxmUkzBn_iy14AaABAg.AHuyDotXvxyAHwDvI6Gd6h,"Bro ,, go with funded challange",2025-05-10T07:17:38Z,2026-10-01T13:26:46.043389+00:00,2,0,,0aca99b51096b744ab7ffb75678cadb4f0ea8a24110a1e295cd93ccfca7d3d2c,UgzA6ECoxmUkzBn_iy14AaABAg,youtube-data-api-v3/commentThreads.list,,MKJz4yURCEs,How to Trade Gold - Ride Massive Trends Using this Method,The Moving Average,,
youtube,The Moving Average,MKJz4yURCEs,https://www.youtube.com/watch?v=MKJz4yURCEs,UgzA6ECoxmUkzBn_iy14AaABAg.AHuyDotXvxyAKBROoH1f2b,That’s tough for a beginner,2025-07-05T07:26:02Z,2026-10-01T13:26:46.043389+00:00,1,0,,bfbd80ab0a7aa022c6009f09b3515dcf2a650f4c2cd382900f1bd7666b1450bf,UgzA6ECoxmUkzBn_iy14AaABAg,youtube-data-api-v3/commentThreads.list,,MKJz4yURCEs,How to Trade Gold - Ride Massive Trends Using this Method,The Moving Average,,
youtube,The Moving Average,MKJz4yURCEs,https://www.youtube.com/watch?v=MKJz4yURCEs,UgwRxWGIvfTcKm3UdA14AaABAg,"Alot of theory only, you should show live on charts how to apply what you say to trade xauusd for beginners...especially swing buys as gold always goes up. Images are worth more than 1000 words!",2026-04-03T20:33:03Z,2026-10-01T13:26:46.043389+00:00,2,0,,1007a1bed962da8f76933c383094b5d35f3f5f539cddd1e4c66f00d6e888c7a2,,youtube-data-api-v3/commentThreads.list,,MKJz4yURCEs,How to Trade Gold - Ride Massive Trends Using this Method,The Moving Average,,
youtube,The Moving Average,MKJz4yURCEs,https://www.youtube.com/watch?v=MKJz4yURCEs,UgzT0-fKBHcjFvkZw7t4AaABAg,Thanks,2025-05-20T18:05:35Z,2026-10-01T13:26:46.043389+00:00,2,1,,aea0174f33a943337392739a43902329fb482b78ea5b595a54247584f9d4d646,,youtube-data-api-v3/commentThreads.list,,MKJz4yURCEs,How to Trade Gold - Ride Massive Trends Using this Method,The Moving Average,,
youtube,The Moving Average,MKJz4yURCEs,https://www.youtube.com/watch?v=MKJz4yURCEs,Ugz-qNL8Yngh13hw61B4AaABAg,Well cooked boss😊,2026-05-13T23:09:21Z,2026-10-01T13:26:46.043389+00:00,1,0,,c84c0a00fef53da3422b605cf593b6c5fd98fee25546dc84ab58737b0e7ff810,,youtube-data-api-v3/commentThreads.list,,MKJz4yURCEs,How to Trade Gold - Ride Massive Trends Using this Method,The Moving Average,,
youtube,The Moving Average,MKJz4yURCEs,https://www.youtube.com/watch?v=MKJz4yURCEs,UgwYcljF2nxVk0ikKv54AaABAg,Nice great explanation,2026-03-08T07:47:08Z,2026-10-01T13:26:46.043389+00:00,1,0,,8f334a5695264c9d58de4f7d46a0751c7b52102bba1eb1a3a97f7d86b300a397,,youtube-data-api-v3/commentThreads.list,,MKJz4yURCEs,How to Trade Gold - Ride Massive Trends Using this Method,The Moving Average,,
youtube,The Moving Average,MKJz4yURCEs,https://www.youtube.com/watch?v=MKJz4yURCEs,UgyEqYFORW7YLGSVbHZ4AaABAg,Thanks alot,2025-05-09T19:28:41Z,2026-10-01T13:26:46.043389+00:00,1,1,,b44a497c254dace675c83593b52995ec35a8d5d185450d907d9e612aaf77e2b7,,youtube-data-api-v3/commentThreads.list,,MKJz4yURCEs,How to Trade Gold - Ride Massive Trends Using this Method,The Moving Average,,
youtube,The Moving Average,MKJz4yURCEs,https://www.youtube.com/watch?v=MKJz4yURCEs,UgwIbtWfDGg6R8MTBbB4AaABAg,Though I don't trade gold I'm going to apply these methods to what I do trade.,2026-01-19T21:52:27Z,2026-10-01T13:26:46.043389+00:00,1,1,,9c3aec1479b23b49d0ff6d04b8064490bee9f3477bed8d64c5ecfca0203ebed9,,youtube-data-api-v3/commentThreads.list,,MKJz4yURCEs,How to Trade Gold - Ride Massive Trends Using this Method,The Moving Average,,
youtube,The Moving Average,MKJz4yURCEs,https://www.youtube.com/watch?v=MKJz4yURCEs,Ugw12HJ0_HNkezm96T14AaABAg,"Good. Good. Nice. I will try it right, right now.",2025-11-29T02:08:40Z,2026-10-01T13:26:46.043389+00:00,1,2,,fe03bf351ce7e1cb72e5d937d253efd25ff781d520457e38fd4e9a73cc88a12e,,youtube-data-api-v3/commentThreads.list,,MKJz4yURCEs,How to Trade Gold - Ride Massive Trends Using this Method,The Moving Average,,
youtube,The Moving Average,MKJz4yURCEs,https://www.youtube.com/watch?v=MKJz4yURCEs,Ugw12HJ0_HNkezm96T14AaABAg.AQ5Nw2M4LaoAQ7VtxzkO2Q,"​@TheMovingAverage I am not able to send a screenshot. I am trading with Deriv MT5, I tried it with the minimum lot, 1, and  won $19.23 hahaha I was so nervous! I think it works with Volatility 100 (1s) too I used it in the Demo with that one and it went up well, but I stopped monitoring and it came down back to $4.09 as i am writing this comment. But I think I will make some money with this strategy.",2025-11-29T21:56:46Z,2026-10-01T13:26:46.043389+00:00,1,0,,fe03bf351ce7e1cb72e5d937d253efd25ff781d520457e38fd4e9a73cc88a12e,Ugw12HJ0_HNkezm96T14AaABAg,youtube-data-api-v3/commentThreads.list,,MKJz4yURCEs,How to Trade Gold - Ride Massive Trends Using this Method,The Moving Average,,
youtube,The Moving Average,MKJz4yURCEs,https://www.youtube.com/watch?v=MKJz4yURCEs,UgzS7FkVtIekkN5Bi9R4AaABAg,U are GRATE. :),2025-05-13T16:44:17Z,2026-10-01T13:26:46.043389+00:00,2,1,,d8888c7bbdc6fac7eeaa1e661ce39aa07cefba66249b1029ff7d913123806f49,,youtube-data-api-v3/commentThreads.list,,MKJz4yURCEs,How to Trade Gold - Ride Massive Trends Using this Method,The Moving Average,,
youtube,The Moving Average,MKJz4yURCEs,https://www.youtube.com/watch?v=MKJz4yURCEs,UgyO2_m_ySrBhAR5FnZ4AaABAg,Thank you Arty  for video. but i have one question? But before you told Heiken Ashi not good for scalping. For swing it is good. Sorry but it is important. Your lessons perfect and  your opinion is very important.,2025-07-08T21:33:13Z,2026-10-01T13:26:46.043389+00:00,2,0,,e498805d8e61e9437ce7889840f69bf5f081c463688687bd8099d86b4f5e7413,,youtube-data-api-v3/commentThreads.list,,MKJz4yURCEs,How to Trade Gold - Ride Massive Trends Using this Method,The Moving Average,,
youtube,The Moving Average,MKJz4yURCEs,https://www.youtube.com/watch?v=MKJz4yURCEs,Ugxhphl2uGuxSINBEfd4AaABAg,Hey amazing content! My question is how do you set specific alerts and notification on trading view for these heiken ashi candles? i have looked everywhere? are you able to give us a video walkthrough on how to set this up exactly as you mentioned,2025-08-20T06:34:43Z,2026-10-01T13:26:46.043389+00:00,4,0,,369e0268be962d83cd5b2688208bd7d6c5fce7aaff1824012b79222cd73071c8,,youtube-data-api-v3/commentThreads.list,,MKJz4yURCEs,How to Trade Gold - Ride Massive Trends Using this Method,The Moving Average,,
youtube,The Moving Average,MKJz4yURCEs,https://www.youtube.com/watch?v=MKJz4yURCEs,Ugz3ptOedBZS6KSKy6F4AaABAg,Hi can you please make a video on how to set the alerts and notifications please,2025-09-17T18:54:00Z,2026-10-01T13:26:46.043389+00:00,2,0,,fe88607c35a3a9cc5ffbd9aa1063ffecf96a2983c7de0accc4282d7d985569f1,,youtube-data-api-v3/commentThreads.list,,MKJz4yURCEs,How to Trade Gold - Ride Massive Trends Using this Method,The Moving Average,,
youtube,The Moving Average,MKJz4yURCEs,https://www.youtube.com/watch?v=MKJz4yURCEs,UgwRViq9XQbGxReRxY94AaABAg,about to try this strategy!,2025-07-18T00:56:27Z,2026-10-01T13:26:46.043389+00:00,1,3,,400e4b3d820c7141d6ad8dba887bbd8edda04c93f33decfae0f6cb11d6343fa8,,youtube-data-api-v3/commentThreads.list,,MKJz4yURCEs,How to Trade Gold - Ride Massive Trends Using this Method,The Moving Average,,
youtube,The Moving Average,MKJz4yURCEs,https://www.youtube.com/watch?v=MKJz4yURCEs,UgwRViq9XQbGxReRxY94AaABAg.AKhD8pVLBUXAKi52iGkvLW,Same,2025-07-18T09:04:57Z,2026-10-01T13:26:46.043389+00:00,1,0,,070a22b6ad04a0bea101874e42145e983699972f4f718fb086fe98340d0960cc,UgwRViq9XQbGxReRxY94AaABAg,youtube-data-api-v3/commentThreads.list,,MKJz4yURCEs,How to Trade Gold - Ride Massive Trends Using this Method,The Moving Average,,
youtube,The Moving Average,MKJz4yURCEs,https://www.youtube.com/watch?v=MKJz4yURCEs,Ugw7KIRsoh7yRXB9QfN4AaABAg,"Wow, this Heikin Ashi thing looks way less chaotic than the normal candles I've been trying to use! I always panic and close my trades too soon. Maybe this will help me see the trend better. Going to try this on my next trade!",2025-05-27T10:38:20Z,2026-10-01T13:26:46.043389+00:00,2,1,,80ddd7bfcaedfde9153b7bf35512cc5ba5254b351a4ec616db6683ae7c18c014,,youtube-data-api-v3/commentThreads.list,,MKJz4yURCEs,How to Trade Gold - Ride Massive Trends Using this Method,The Moving Average,,
youtube,The Moving Average,MKJz4yURCEs,https://www.youtube.com/watch?v=MKJz4yURCEs,UgxrOr0Qk_YXaX0UI_94AaABAg,Nice one 👍,2026-03-15T19:56:11Z,2026-10-01T13:26:46.043389+00:00,1,0,,d9602e0bea92deb1e91fdc3bec597fe5006af29a9ec62d07f64f55bbc1293ea7,,youtube-data-api-v3/commentThreads.list,,MKJz4yURCEs,How to Trade Gold - Ride Massive Trends Using this Method,The Moving Average,,
youtube,The Moving Average,MKJz4yURCEs,https://www.youtube.com/watch?v=MKJz4yURCEs,UgwoW7cUsGuvluAY7vx4AaABAg,Love from india ❤️,2025-10-15T08:43:00Z,2026-10-01T13:26:46.043389+00:00,1,1,,bc165098bf562218f1489817e1c278c7e82109919fca025ee8784636ef6071de,,youtube-data-api-v3/commentThreads.list,,MKJz4yURCEs,How to Trade Gold - Ride Massive Trends Using this Method,The Moving Average,,
youtube,The Moving Average,MKJz4yURCEs,https://www.youtube.com/watch?v=MKJz4yURCEs,UgyCRmXj8goTP1OT-qh4AaABAg,"Hi, thank you so much for sharing your knowledge through this video. This strategy actually works. May God bless you for helping others. Atleast now I have confidence in trading and earning small bit. I am really thankful to you",2025-09-03T09:58:08Z,2026-10-01T13:26:46.043389+00:00,1,1,,953b6b641b27dab3b38e6a245703a37e2a5b2e53be327d0729a3fe30530ba924,,youtube-data-api-v3/commentThreads.list,,MKJz4yURCEs,How to Trade Gold - Ride Massive Trends Using this Method,The Moving Average,,
youtube,The Moving Average,MKJz4yURCEs,https://www.youtube.com/watch?v=MKJz4yURCEs,UgyUQB7MlwgP60VnVnx4AaABAg,Bravo !,2025-05-09T19:53:42Z,2026-10-01T13:26:46.043389+00:00,2,1,,87ac02c45a67af3a024435c2f77cb9f23d8be7d4f91fb2e2c19d5d54e65f523a,,youtube-data-api-v3/commentThreads.list,,MKJz4yURCEs,How to Trade Gold - Ride Massive Trends Using this Method,The Moving Average,,
youtube,The Moving Average,MKJz4yURCEs,https://www.youtube.com/watch?v=MKJz4yURCEs,Ugz7ol4eaZh6xUFfecB4AaABAg,simple strategy 😃,2025-05-14T11:54:48Z,2026-10-01T13:26:46.043389+00:00,1,1,,c05c3e3a8738c73020697aa030603ce1b51c4ea627eb139a87364c1c4b8d8f98,,youtube-data-api-v3/commentThreads.list,,MKJz4yURCEs,How to Trade Gold - Ride Massive Trends Using this Method,The Moving Average,,
youtube,The Moving Average,MKJz4yURCEs,https://www.youtube.com/watch?v=MKJz4yURCEs,UgzL4W3oJmeykCm-l3p4AaABAg,This clip really helped unlock my trading mindset! I’m no longer confused by the trend and can hold my trades with more confidence. I even combined it with my Fibonacci strategy — it works great! Thank you so much for sharing this for free. Wishing you all the best! 🌟,2025-11-01T05:46:34Z,2026-10-01T13:26:46.043389+00:00,4,1,,f55b06cc2ae2ecc409aa5e51190f40cefe7813c1a4f9c4c8c56c8fe22f365f67,,youtube-data-api-v3/commentThreads.list,,MKJz4yURCEs,How to Trade Gold - Ride Massive Trends Using this Method,The Moving Average,,
youtube,The Moving Average,MKJz4yURCEs,https://www.youtube.com/watch?v=MKJz4yURCEs,UgzmgkLW18U0n5Jc9vx4AaABAg,I'm gonna use heikin ashi for everything now.,2025-05-24T05:01:58Z,2026-10-01T13:26:46.043389+00:00,2,1,,8aacfde42d0e14b3476eb8baf15a4223c0f1821ece3ebc9652a6e6e4a03303dc,,youtube-data-api-v3/commentThreads.list,,MKJz4yURCEs,How to Trade Gold - Ride Massive Trends Using this Method,The Moving Average,,
youtube,The Moving Average,MKJz4yURCEs,https://www.youtube.com/watch?v=MKJz4yURCEs,UgwIFAuqOsK7QZ9dIvp4AaABAg,"I've been struggling with gold and its changes, but now thanks to video i feel more confident to be rentable",2025-07-21T01:40:51Z,2026-10-01T13:26:46.043389+00:00,28,3,,eab8e5f37b76130942e906da420945d37f0d69768f328e5525b2e57b8afdc494,,youtube-data-api-v3/commentThreads.list,,MKJz4yURCEs,How to Trade Gold - Ride Massive Trends Using this Method,The Moving Average,,
youtube,The Moving Average,MKJz4yURCEs,https://www.youtube.com/watch?v=MKJz4yURCEs,UgwIFAuqOsK7QZ9dIvp4AaABAg.AKp0bfCxlYeAP-WypoKZR0,How are things going on your Gold journey? Still in? Still using that strategy from the vid?,2025-11-01T23:00:51Z,2026-10-01T13:26:46.043389+00:00,1,0,,c55a4867b260f7be89de00d4eda6607d2f561b86f33e583eaddb182de4271751,UgwIFAuqOsK7QZ9dIvp4AaABAg,youtube-data-api-v3/commentThreads.list,,MKJz4yURCEs,How to Trade Gold - Ride Massive Trends Using this Method,The Moving Average,,
youtube,The Moving Average,MKJz4yURCEs,https://www.youtube.com/watch?v=MKJz4yURCEs,UgwIFAuqOsK7QZ9dIvp4AaABAg.AKp0bfCxlYeASlwj7Rax6d,​@dermosquitor9984 he got liquidated,2026-02-03T17:11:37Z,2026-10-01T13:26:46.043389+00:00,0,0,,0c6d1b504b7d30e1ff28ff2691e177484f9a3878089ef627cfa0b670ecc24e75,UgwIFAuqOsK7QZ9dIvp4AaABAg,youtube-data-api-v3/commentThreads.list,,MKJz4yURCEs,How to Trade Gold - Ride Massive Trends Using this Method,The Moving Average,,
youtube,The Moving Average,MKJz4yURCEs,https://www.youtube.com/watch?v=MKJz4yURCEs,Ugx8qWyUH3oOy9lT_QB4AaABAg,How to set alerts on a closing candle properly?,2025-05-25T16:12:59Z,2026-10-01T13:26:46.043389+00:00,2,0,,51ccab681a6ade9954899516ec550a13f04630a7a579270d47c25cee5fa4add3,,youtube-data-api-v3/commentThreads.list,,MKJz4yURCEs,How to Trade Gold - Ride Massive Trends Using this Method,The Moving Average,,
youtube,The Moving Average,MKJz4yURCEs,https://www.youtube.com/watch?v=MKJz4yURCEs,UgzFUBl9lR5CuIc_ouN4AaABAg,Love your videos.......!do you have n video to trade the Asian session,2025-08-25T19:01:47Z,2026-10-01T13:26:46.043389+00:00,1,1,,cf085533e11d2e615cd25dec82b5d2e96c73858f00145bd39a2d2f683b93df6a,,youtube-data-api-v3/commentThreads.list,,MKJz4yURCEs,How to Trade Gold - Ride Massive Trends Using this Method,The Moving Average,,
youtube,The Moving Average,MKJz4yURCEs,https://www.youtube.com/watch?v=MKJz4yURCEs,UgyyDvZf2HG8oSh6Ilt4AaABAg,You are the best when it comes to explain something! I really believe it’s an issue of patience hen I am catching the trend!,2025-06-11T01:11:34Z,2026-10-01T13:26:46.043389+00:00,2,1,,95051f353d35880bd7a8b06d6a1594f2f63c97f4060c9b041c1024f089375753,,youtube-data-api-v3/commentThreads.list,,MKJz4yURCEs,How to Trade Gold - Ride Massive Trends Using this Method,The Moving Average,,
youtube,The Moving Average,MKJz4yURCEs,https://www.youtube.com/watch?v=MKJz4yURCEs,UgwTmBNixXh64KetTXh4AaABAg,please make a vedio on fx day trading tips or something suggest ! love from Bangladesh ❤😊❤,2025-05-13T11:54:53Z,2026-10-01T13:26:46.043389+00:00,1,1,,c139225af1808d71fc9527abfb188200ee9d47c70a796a17cd0e05014c568229,,youtube-data-api-v3/commentThreads.list,,MKJz4yURCEs,How to Trade Gold - Ride Massive Trends Using this Method,The Moving Average,,
youtube,The Moving Average,MKJz4yURCEs,https://www.youtube.com/watch?v=MKJz4yURCEs,UgylNLDsxuRrGubKo0F4AaABAg,Please sir can you do a video on how to set the alarm and notifications please,2026-06-02T23:31:01Z,2026-10-01T13:26:46.043389+00:00,1,0,,2b794c5a582b62a419363a187cbf204400524a274ec17008e043b8034543a1ac,,youtube-data-api-v3/commentThreads.list,,MKJz4yURCEs,How to Trade Gold - Ride Massive Trends Using this Method,The Moving Average,,
youtube,The Moving Average,MKJz4yURCEs,https://www.youtube.com/watch?v=MKJz4yURCEs,UgzxVA7GYe4Uu1y5uOJ4AaABAg,How to set specific  alert in tradingview?,2025-05-09T21:02:48Z,2026-10-01T13:26:46.043389+00:00,4,0,,f12e9801cb21ef7502cb42363fa8f78bc399fa4fe7cb447786ab9240a3ca4d87,,youtube-data-api-v3/commentThreads.list,,MKJz4yURCEs,How to Trade Gold - Ride Massive Trends Using this Method,The Moving Average,,
youtube,The Moving Average,MKJz4yURCEs,https://www.youtube.com/watch?v=MKJz4yURCEs,Ugx52sybAE51Lc9YJHl4AaABAg,They're going to pump it to $10K by the winter time 😂,2025-11-13T03:18:54Z,2026-10-01T13:26:46.043389+00:00,2,0,,9528ecff9a2f1bfbbeb669aff0bf5566af83163b59acd82deb4e5321fb8611ac,,youtube-data-api-v3/commentThreads.list,,MKJz4yURCEs,How to Trade Gold - Ride Massive Trends Using this Method,The Moving Average,,
youtube,The Moving Average,MKJz4yURCEs,https://www.youtube.com/watch?v=MKJz4yURCEs,UgzkAy87zKKUiCHGxHJ4AaABAg,"🌟 ""Could you please make a video on the essential things we need to start trading? It would be really helpful for beginners like me. Thank you so much in advance — your content is always amazing and appreciated!"" 🙏😊",2025-05-09T19:35:18Z,2026-10-01T13:26:46.043389+00:00,1,1,,5d7b6b18666597d459c9d012b33ff9fcd28f0d512230a85ac71f9b2bbf484b05,,youtube-data-api-v3/commentThreads.list,,MKJz4yURCEs,How to Trade Gold - Ride Massive Trends Using this Method,The Moving Average,,
youtube,The Moving Average,MKJz4yURCEs,https://www.youtube.com/watch?v=MKJz4yURCEs,UgxCUGJFlM5Mp8utPAZ4AaABAg,Please make a video for top down analysis,2025-10-21T03:48:08Z,2026-10-01T13:26:46.043389+00:00,1,1,,18a797cf46c2e8ed08fd3020d9077721caf70d90e4d6e659b8b944bf625e78f8,,youtube-data-api-v3/commentThreads.list,,MKJz4yURCEs,How to Trade Gold - Ride Massive Trends Using this Method,The Moving Average,,
youtube,The Moving Average,MKJz4yURCEs,https://www.youtube.com/watch?v=MKJz4yURCEs,UgxFIGfjyU9I-8ju-Jt4AaABAg,I think this might be amazing if paired with rate of change or ADX to more precisely or early on see any trend shifts. Or some logic to only trade in the longer term direction using an ema as filter first.,2025-06-01T11:14:41Z,2026-10-01T13:26:46.043389+00:00,1,1,,492ae25fecf9f7a7d210fbfb91ac5b7adfa2b9793323ae8a8f50915228da9115,,youtube-data-api-v3/commentThreads.list,,MKJz4yURCEs,How to Trade Gold - Ride Massive Trends Using this Method,The Moving Average,,
youtube,The Moving Average,MKJz4yURCEs,https://www.youtube.com/watch?v=MKJz4yURCEs,UgxWbnzx5MP7lhtbiA14AaABAg,Kindly do a video on pullbacks using EMA's,2025-05-11T02:06:29Z,2026-10-01T13:26:46.043389+00:00,2,1,,3df9b0519abbdfe65de3fb8e05665c45c194ae95776a8dab8563cde036ace995,,youtube-data-api-v3/commentThreads.list,,MKJz4yURCEs,How to Trade Gold - Ride Massive Trends Using this Method,The Moving Average,,
youtube,The Moving Average,MKJz4yURCEs,https://www.youtube.com/watch?v=MKJz4yURCEs,UgzMEsyhOq4UlFJG-TN4AaABAg,"Mate this works with WTI very well , i backtested this strategy on a 1 year data and it played beauitifully. Thank you .",2025-10-01T09:06:28Z,2026-10-01T13:26:46.043389+00:00,7,2,,3d7e05bf89e3c90dd688e1cf7f9db1f33e64b8ecf006a25abcea2bfe2dbdf8d9,,youtube-data-api-v3/commentThreads.list,,MKJz4yURCEs,How to Trade Gold - Ride Massive Trends Using this Method,The Moving Average,,
youtube,The Moving Average,MKJz4yURCEs,https://www.youtube.com/watch?v=MKJz4yURCEs,UgzMEsyhOq4UlFJG-TN4AaABAg.ANjCqP0xZ4uANzT_vcNnvu,What’s WTI?,2025-10-07T16:40:36Z,2026-10-01T13:26:46.043389+00:00,1,0,,99d6628ab5c0749cf30cc802dd8c47e532c9c2d83adbc5d5ec3d69fcca9c2f98,UgzMEsyhOq4UlFJG-TN4AaABAg,youtube-data-api-v3/commentThreads.list,,MKJz4yURCEs,How to Trade Gold - Ride Massive Trends Using this Method,The Moving Average,,
youtube,Trading Walk,3E7k47dZeWk,https://www.youtube.com/watch?v=3E7k47dZeWk,UgzPD07gUDqjb-tc_4R4AaABAg,Move happen today in London session,2025-12-12T22:31:20Z,2026-10-01T13:26:47.008763+00:00,19,1,,211ac3b77b2b845560814e2b0568cd78883582ee000078b0871044af167c6d49,,youtube-data-api-v3/commentThreads.list,,3E7k47dZeWk,Powerful XAUUSD Gold Trading Strategy,Trading Walk,,
youtube,Trading Walk,3E7k47dZeWk,https://www.youtube.com/watch?v=3E7k47dZeWk,UgwNEGVBJWfROdeMIkl4AaABAg,Good strategy bro,2025-08-05T09:59:36Z,2026-10-01T13:26:47.008763+00:00,58,1,,2817d37467497f985384616fc87cd3984697fb359cfcbad2c092ca5f9e0bb944,,youtube-data-api-v3/commentThreads.list,,3E7k47dZeWk,Powerful XAUUSD Gold Trading Strategy,Trading Walk,,
youtube,Trading Walk,3E7k47dZeWk,https://www.youtube.com/watch?v=3E7k47dZeWk,Ugx-rBw5OfI-x9TFXlN4AaABAg,I came here again for comment about this strategy. Highly recommend. Working like like cheat code.,2025-05-16T03:32:46Z,2026-10-01T13:26:47.008763+00:00,531,14,,93d55465a23883823ec3ebd2dc800207de1dca9eea65cf3b963919cef8592cfd,,youtube-data-api-v3/commentThreads.list,,3E7k47dZeWk,Powerful XAUUSD Gold Trading Strategy,Trading Walk,,
youtube,Trading Walk,3E7k47dZeWk,https://www.youtube.com/watch?v=3E7k47dZeWk,Ugx-rBw5OfI-x9TFXlN4AaABAg.AIAGxaHLOEAAK9QoPElxqu,"@SPS_survivorhe ended with 10,000 USD debt",2025-07-04T12:42:26Z,2026-10-01T13:26:47.008763+00:00,0,0,,75d6a518b7c5f79653b00f7e2be528d346b766af0a834b0cf50918381bf6e55c,Ugx-rBw5OfI-x9TFXlN4AaABAg,youtube-data-api-v3/commentThreads.list,,3E7k47dZeWk,Powerful XAUUSD Gold Trading Strategy,Trading Walk,,
youtube,Trading Walk,3E7k47dZeWk,https://www.youtube.com/watch?v=3E7k47dZeWk,Ugx-rBw5OfI-x9TFXlN4AaABAg.AIAGxaHLOEAAKj0j5XuuPm,How to get the indicator?,2025-07-18T17:46:25Z,2026-10-01T13:26:47.008763+00:00,12,0,,23ebb788bc8d24a49740f86f199a74e47b04eb62f5e111bdbaa0603d433ec279,Ugx-rBw5OfI-x9TFXlN4AaABAg,youtube-data-api-v3/commentThreads.list,,3E7k47dZeWk,Powerful XAUUSD Gold Trading Strategy,Trading Walk,,
youtube,Trading Walk,3E7k47dZeWk,https://www.youtube.com/watch?v=3E7k47dZeWk,Ugx-rBw5OfI-x9TFXlN4AaABAg.AIAGxaHLOEAANRqQmOA5UJ,"​@tradingwalkit's all about money. Why don't you shove it up your Æss and leave us the hell alone.

You got a strategy and you don't want to give it out for free, please use it. Mugu.",2025-09-24T05:55:31Z,2026-10-01T13:26:47.008763+00:00,0,0,,ca53d2fc623f87e9a22cb8aa29b04b04d65742a9ccd6e9e870d4e434118969b8,Ugx-rBw5OfI-x9TFXlN4AaABAg,youtube-data-api-v3/commentThreads.list,,3E7k47dZeWk,Powerful XAUUSD Gold Trading Strategy,Trading Walk,,
youtube,Trading Walk,3E7k47dZeWk,https://www.youtube.com/watch?v=3E7k47dZeWk,UgzcZ2OexqY33aJ8K-R4AaABAg,Good,2026-03-08T18:58:27Z,2026-10-01T13:26:47.008763+00:00,1,1,,c9482633109a2f9b60f7ea713690f9e22cc9341c8df92521e22b33784197e461,,youtube-data-api-v3/commentThreads.list,,3E7k47dZeWk,Powerful XAUUSD Gold Trading Strategy,Trading Walk,,
youtube,Trading Walk,3E7k47dZeWk,https://www.youtube.com/watch?v=3E7k47dZeWk,UgyKD0qbmVQSk7linQt4AaABAg,nice,2025-10-12T19:39:59Z,2026-10-01T13:26:47.008763+00:00,6,1,,86e4d432c0eb24d759f1b43c2fffde7ca56c74a74bc2767b515af92499da310f,,youtube-data-api-v3/commentThreads.list,,3E7k47dZeWk,Powerful XAUUSD Gold Trading Strategy,Trading Walk,,
youtube,Trading Walk,3E7k47dZeWk,https://www.youtube.com/watch?v=3E7k47dZeWk,UgyNuqbo_ZwqR9KVvHN4AaABAg,dope,2026-01-20T00:02:33Z,2026-10-01T13:26:47.008763+00:00,1,1,,45c5abbb5412a10b0f1dd9e33963b107c10b36698809bb75a4b21a51b8c1e02f,,youtube-data-api-v3/commentThreads.list,,3E7k47dZeWk,Powerful XAUUSD Gold Trading Strategy,Trading Walk,,
youtube,Trading Walk,3E7k47dZeWk,https://www.youtube.com/watch?v=3E7k47dZeWk,Ugx_zKYQU9M0y4HKwg14AaABAg,A VIDEO ON GOLD 🙏🙏🙏🙏🙏🙏,2025-10-21T13:20:44Z,2026-10-01T13:26:47.008763+00:00,2,1,,e30a3cbc65a8c63aa5147892092a1c629a2d59f733797a5b138bfcc43b21a5d0,,youtube-data-api-v3/commentThreads.list,,3E7k47dZeWk,Powerful XAUUSD Gold Trading Strategy,Trading Walk,,
youtube,Trading Walk,3E7k47dZeWk,https://www.youtube.com/watch?v=3E7k47dZeWk,UgwMgjjzMO8o8dOvPD14AaABAg,How to learn from the begining about this system sir? Any full video?,2025-05-18T11:26:32Z,2026-10-01T13:26:47.008763+00:00,8,1,,d4014a2b34836f289eb9e24c4f441c651d88c3ba76e76d4d3e997cdf3bdf07d9,,youtube-data-api-v3/commentThreads.list,,3E7k47dZeWk,Powerful XAUUSD Gold Trading Strategy,Trading Walk,,
youtube,Trading Walk,3E7k47dZeWk,https://www.youtube.com/watch?v=3E7k47dZeWk,UgyR0xXnLFUP4crldIV4AaABAg,Good❤,2025-09-28T19:28:30Z,2026-10-01T13:26:47.008763+00:00,2,1,,a0bfb337af79da7a4d6e93425575bd3af1925fca3fb963c771dc9dc3f372f2e9,,youtube-data-api-v3/commentThreads.list,,3E7k47dZeWk,Powerful XAUUSD Gold Trading Strategy,Trading Walk,,
youtube,Trading Walk,3E7k47dZeWk,https://www.youtube.com/watch?v=3E7k47dZeWk,UgwX4ROMYFqmKr93jRp4AaABAg,Drop me a tutorial for what to download for app used or website,2025-12-28T12:01:37Z,2026-10-01T13:26:47.008763+00:00,1,1,,ebda4d36d44133a7004f067d240640cb8954b654c4bf61a1d5486ff6278f5805,,youtube-data-api-v3/commentThreads.list,,3E7k47dZeWk,Powerful XAUUSD Gold Trading Strategy,Trading Walk,,
youtube,Trading Walk,3E7k47dZeWk,https://www.youtube.com/watch?v=3E7k47dZeWk,UgyOYdaAZCMCLziXcT54AaABAg,i will try,2025-11-16T07:52:24Z,2026-10-01T13:26:47.008763+00:00,14,5,,c90a7915596fe1015821747433dfbdb97f029cea9e16458b98cedec99d99acb1,,youtube-data-api-v3/commentThreads.list,,3E7k47dZeWk,Powerful XAUUSD Gold Trading Strategy,Trading Walk,,
youtube,Trading Walk,3E7k47dZeWk,https://www.youtube.com/watch?v=3E7k47dZeWk,UgyOYdaAZCMCLziXcT54AaABAg.AP_WwG_rduQAWtvckredjd,Did it work?,2026-05-17T05:41:30Z,2026-10-01T13:26:47.008763+00:00,2,0,,ce8138b3049bc0a16dfeaa46e3a9e16dc96a194dc8a1a60c00daa6d4be78f1cd,UgyOYdaAZCMCLziXcT54AaABAg,youtube-data-api-v3/commentThreads.list,,3E7k47dZeWk,Powerful XAUUSD Gold Trading Strategy,Trading Walk,,
youtube,Trading Walk,3E7k47dZeWk,https://www.youtube.com/watch?v=3E7k47dZeWk,UgyOYdaAZCMCLziXcT54AaABAg.AP_WwG_rduQAZV7Sd_t-JQ,How did the trade go?,2026-07-20T18:47:31Z,2026-10-01T13:26:47.008763+00:00,0,0,,c322c616b7e9fb39446951dea29d951a739e578da1461eea34dd7391573d1e69,UgyOYdaAZCMCLziXcT54AaABAg,youtube-data-api-v3/commentThreads.list,,3E7k47dZeWk,Powerful XAUUSD Gold Trading Strategy,Trading Walk,,
youtube,Trading Walk,3E7k47dZeWk,https://www.youtube.com/watch?v=3E7k47dZeWk,UgyOYdaAZCMCLziXcT54AaABAg.AP_WwG_rduQAZo0qFBuI-i,Update us!!,2026-07-28T12:14:31Z,2026-10-01T13:26:47.008763+00:00,0,0,,25e4c3ac2d27808e4ea2c8cd7093d3aa44c429c23ccabdb83652607b8a52b5ea,UgyOYdaAZCMCLziXcT54AaABAg,youtube-data-api-v3/commentThreads.list,,3E7k47dZeWk,Powerful XAUUSD Gold Trading Strategy,Trading Walk,,
youtube,Trading Walk,3E7k47dZeWk,https://www.youtube.com/watch?v=3E7k47dZeWk,UgyOYdaAZCMCLziXcT54AaABAg.AP_WwG_rduQAZr9URBWwDQ,"@ranig1382 I think bro did not even try it, and for sure didn't update us. He probably blew his account",2026-07-29T17:27:46Z,2026-10-01T13:26:47.008763+00:00,0,0,,c322c616b7e9fb39446951dea29d951a739e578da1461eea34dd7391573d1e69,UgyOYdaAZCMCLziXcT54AaABAg,youtube-data-api-v3/commentThreads.list,,3E7k47dZeWk,Powerful XAUUSD Gold Trading Strategy,Trading Walk,,
youtube,Trading Walk,3E7k47dZeWk,https://www.youtube.com/watch?v=3E7k47dZeWk,UgxlUXbMDS8PnQ2i6EJ4AaABAg,Please share strategy setup,2026-03-22T16:33:46Z,2026-10-01T13:26:47.008763+00:00,1,1,,501466a5a007196fde035372d64c7edcc20b0abc065fd689a1c4b843307af519,,youtube-data-api-v3/commentThreads.list,,3E7k47dZeWk,Powerful XAUUSD Gold Trading Strategy,Trading Walk,,
youtube,Trading Walk,3E7k47dZeWk,https://www.youtube.com/watch?v=3E7k47dZeWk,Ugz4oKgVFI9L9oG3gbF4AaABAg,Complete video with more example,2026-07-29T04:44:59Z,2026-10-01T13:26:47.008763+00:00,0,1,,e863c86507c4a53bd8ded70a511252ecebf03d72650bdf274b3112fe852e7a7b,,youtube-data-api-v3/commentThreads.list,,3E7k47dZeWk,Powerful XAUUSD Gold Trading Strategy,Trading Walk,,
youtube,Trading Walk,3E7k47dZeWk,https://www.youtube.com/watch?v=3E7k47dZeWk,UgxHw3mS2TZtPIv6ELd4AaABAg,Good😳,2026-09-09T03:16:41Z,2026-10-01T13:26:47.008763+00:00,2,1,,a411cf80a03c7b494b9c2a9cdd85d91a7add4aabb06e412caa12bb11c9e84b82,,youtube-data-api-v3/commentThreads.list,,3E7k47dZeWk,Powerful XAUUSD Gold Trading Strategy,Trading Walk,,
youtube,Trading Walk,3E7k47dZeWk,https://www.youtube.com/watch?v=3E7k47dZeWk,UgyW8FUeRh7UnV_Q2Mx4AaABAg,Oh yes it really does works,2025-05-20T14:36:23Z,2026-10-01T13:26:47.008763+00:00,107,4,,b7a17a19e0f9ba42bfdacab3519c9c01a418065cf37e465cb41b7b72bb974690,,youtube-data-api-v3/commentThreads.list,,3E7k47dZeWk,Powerful XAUUSD Gold Trading Strategy,Trading Walk,,
youtube,Trading Walk,3E7k47dZeWk,https://www.youtube.com/watch?v=3E7k47dZeWk,UgyW8FUeRh7UnV_Q2Mx4AaABAg.AILl4Xl0aN2AILoQASE4zF,@tradingwalk thanks brother❤,2025-05-20T15:05:33Z,2026-10-01T13:26:47.008763+00:00,4,0,,b7a17a19e0f9ba42bfdacab3519c9c01a418065cf37e465cb41b7b72bb974690,UgyW8FUeRh7UnV_Q2Mx4AaABAg,youtube-data-api-v3/commentThreads.list,,3E7k47dZeWk,Powerful XAUUSD Gold Trading Strategy,Trading Walk,,
youtube,Trading Walk,3E7k47dZeWk,https://www.youtube.com/watch?v=3E7k47dZeWk,UgyW8FUeRh7UnV_Q2Mx4AaABAg.AILl4Xl0aN2AX11hIWeRWo,Which tradings platform,2026-05-20T09:17:13Z,2026-10-01T13:26:47.008763+00:00,0,0,,1897cb4d53e3671b663dd695a13ceda313c37d9416f17ab299294c7ee1a15dfb,UgyW8FUeRh7UnV_Q2Mx4AaABAg,youtube-data-api-v3/commentThreads.list,,3E7k47dZeWk,Powerful XAUUSD Gold Trading Strategy,Trading Walk,,
youtube,Trading Walk,3E7k47dZeWk,https://www.youtube.com/watch?v=3E7k47dZeWk,UgyW8FUeRh7UnV_Q2Mx4AaABAg.AILl4Xl0aN2AXfCofKHRux,The indicator is not free 😢,2026-06-05T09:03:12Z,2026-10-01T13:26:47.008763+00:00,2,0,,c7cf6acf385664f05aa9b9439943a3ff0e86c567baae8d0f1a131c664f56df19,UgyW8FUeRh7UnV_Q2Mx4AaABAg,youtube-data-api-v3/commentThreads.list,,3E7k47dZeWk,Powerful XAUUSD Gold Trading Strategy,Trading Walk,,
youtube,Trading Walk,3E7k47dZeWk,https://www.youtube.com/watch?v=3E7k47dZeWk,Ugz3xE-MGoNetp9qIHx4AaABAg,Same here,2025-04-03T13:29:46Z,2026-10-01T13:26:47.008763+00:00,1,1,,80eac352c330325ad80d2e815fe46cb3762191a5e5d2a41c713ae770acce656b,,youtube-data-api-v3/commentThreads.list,,3E7k47dZeWk,Powerful XAUUSD Gold Trading Strategy,Trading Walk,,
youtube,Trading Walk,3E7k47dZeWk,https://www.youtube.com/watch?v=3E7k47dZeWk,UgzzKdlqr0XzcuBWXVF4AaABAg,How to use 10X trading sysytem?,2025-09-13T15:37:52Z,2026-10-01T13:26:47.008763+00:00,14,4,,9c97420c96e42f22e836ee7f11f10d50bf486e27893f3c10baa1467537696332,,youtube-data-api-v3/commentThreads.list,,3E7k47dZeWk,Powerful XAUUSD Gold Trading Strategy,Trading Walk,,
youtube,Trading Walk,3E7k47dZeWk,https://www.youtube.com/watch?v=3E7k47dZeWk,UgzzKdlqr0XzcuBWXVF4AaABAg.AN0ZKQ2tQyIARbWjg3W9G5,@tradingwalk how is this different from Williams fractals?,2026-01-05T19:31:57Z,2026-10-01T13:26:47.008763+00:00,2,0,,52cdb8919f5ce7c8f4abcc0da896954edd173efec717cea158d0c893cd8a5bcb,UgzzKdlqr0XzcuBWXVF4AaABAg,youtube-data-api-v3/commentThreads.list,,3E7k47dZeWk,Powerful XAUUSD Gold Trading Strategy,Trading Walk,,
youtube,Trading Walk,3E7k47dZeWk,https://www.youtube.com/watch?v=3E7k47dZeWk,UgzzKdlqr0XzcuBWXVF4AaABAg.AN0ZKQ2tQyIAUAZQSm_cSs,How much does it cost to get access?,2026-03-10T12:30:51Z,2026-10-01T13:26:47.008763+00:00,0,0,,2736691af5344bf1a1491bce67110275b982583a51320f8ca7e7562c59b55fc2,UgzzKdlqr0XzcuBWXVF4AaABAg,youtube-data-api-v3/commentThreads.list,,3E7k47dZeWk,Powerful XAUUSD Gold Trading Strategy,Trading Walk,,
youtube,Trading Walk,3E7k47dZeWk,https://www.youtube.com/watch?v=3E7k47dZeWk,UgyfUYqPJTRh4Pj9ZkR4AaABAg,"Enter at the hidden demand level, explain that please",2026-01-07T11:46:50Z,2026-10-01T13:26:47.008763+00:00,28,4,,281375ffbe13c7674dddee7a50bc69e190c92ed9442fc387a2f81491c14ae602,,youtube-data-api-v3/commentThreads.list,,3E7k47dZeWk,Powerful XAUUSD Gold Trading Strategy,Trading Walk,,
youtube,Trading Walk,3E7k47dZeWk,https://www.youtube.com/watch?v=3E7k47dZeWk,UgyfUYqPJTRh4Pj9ZkR4AaABAg.ARfq5hHDSQDAVX2czVv23s,The pullback,2026-04-13T02:38:16Z,2026-10-01T13:26:47.008763+00:00,3,0,,7c438a186d24a5ff81a1f04b25c7a59398dacd81ab1a5c0d974cb95e521505a3,UgyfUYqPJTRh4Pj9ZkR4AaABAg,youtube-data-api-v3/commentThreads.list,,3E7k47dZeWk,Powerful XAUUSD Gold Trading Strategy,Trading Walk,,
youtube,Trading Walk,3E7k47dZeWk,https://www.youtube.com/watch?v=3E7k47dZeWk,UgyfUYqPJTRh4Pj9ZkR4AaABAg.ARfq5hHDSQDAa_eGtQB38u,lower timeframe,2026-09-10T15:22:00Z,2026-10-01T13:26:47.008763+00:00,0,0,,35de67d4e2f22b6cc936e744a743a1b31bf61a0ae3e33e88a0b7d27bdfca165b,UgyfUYqPJTRh4Pj9ZkR4AaABAg,youtube-data-api-v3/commentThreads.list,,3E7k47dZeWk,Powerful XAUUSD Gold Trading Strategy,Trading Walk,,
youtube,Trading Walk,3E7k47dZeWk,https://www.youtube.com/watch?v=3E7k47dZeWk,UgyfUYqPJTRh4Pj9ZkR4AaABAg.ARfq5hHDSQDAbFzJfGjE7g,Your support,2026-09-27T11:13:13Z,2026-10-01T13:26:47.008763+00:00,0,0,,ae04292633a24cc1c391fdfa06e613041296a2894caf00f191caa57a9faa5d56,UgyfUYqPJTRh4Pj9ZkR4AaABAg,youtube-data-api-v3/commentThreads.list,,3E7k47dZeWk,Powerful XAUUSD Gold Trading Strategy,Trading Walk,,
youtube,Trading Walk,3E7k47dZeWk,https://www.youtube.com/watch?v=3E7k47dZeWk,Ugxpd4btSlU15F9W4TN4AaABAg,How can I get access to this indicator please,2026-01-24T11:43:09Z,2026-10-01T13:26:47.008763+00:00,15,2,,64dd53a29b16b35136c7ca12777d77f3591a32b73d8ed68d6558b60c809935c5,,youtube-data-api-v3/commentThreads.list,,3E7k47dZeWk,Powerful XAUUSD Gold Trading Strategy,Trading Walk,,
youtube,Trading Walk,3E7k47dZeWk,https://www.youtube.com/watch?v=3E7k47dZeWk,Ugxpd4btSlU15F9W4TN4AaABAg.ASMbBegJYBkAVf8EPpydL4,​@tradingwalk I also want to use this on my phone how can I get it?,2026-04-16T15:20:22Z,2026-10-01T13:26:47.008763+00:00,0,0,,153f5fd070cb4ed0f555e02278dc2ff444d5b5e75eaccc78db1f797a856042ed,Ugxpd4btSlU15F9W4TN4AaABAg,youtube-data-api-v3/commentThreads.list,,3E7k47dZeWk,Powerful XAUUSD Gold Trading Strategy,Trading Walk,,
youtube,Trading Walk,3E7k47dZeWk,https://www.youtube.com/watch?v=3E7k47dZeWk,UgxNRK83NrRmycSkfV94AaABAg,"It is an invite only indicator, How can I get invite❓❓",2025-06-03T18:39:15Z,2026-10-01T13:26:47.008763+00:00,1,1,,22f6be4e91b87b22046a0be82042e6fdb5db81c51f987bab3411c6a602a86b23,,youtube-data-api-v3/commentThreads.list,,3E7k47dZeWk,Powerful XAUUSD Gold Trading Strategy,Trading Walk,,
youtube,Trading Walk,3E7k47dZeWk,https://www.youtube.com/watch?v=3E7k47dZeWk,UgzNG3OlOOd5uAEa6EZ4AaABAg,Does this only apply for trading view can we use it for MT4 or MT5?,2025-05-22T18:42:31Z,2026-10-01T13:26:47.008763+00:00,4,3,,0835c885ab109968417beea9fe57b8cb08b48e9bcbdc520f1e815434a732e37b,,youtube-data-api-v3/commentThreads.list,,3E7k47dZeWk,Powerful XAUUSD Gold Trading Strategy,Trading Walk,,
youtube,Trading Walk,3E7k47dZeWk,https://www.youtube.com/watch?v=3E7k47dZeWk,UgzNG3OlOOd5uAEa6EZ4AaABAg.AIRLq2rqeQRAOm4CHa55OI,"​@tradingwalk what indicators or strategy is that , I'm interested pls",2025-10-27T08:20:03Z,2026-10-01T13:26:47.008763+00:00,0,0,,d475def60f37ea1f6a042c0a62362cd5499d9fc4af3f43bd6ba955cf07c73772,UgzNG3OlOOd5uAEa6EZ4AaABAg,youtube-data-api-v3/commentThreads.list,,3E7k47dZeWk,Powerful XAUUSD Gold Trading Strategy,Trading Walk,,
youtube,Trading Walk,3E7k47dZeWk,https://www.youtube.com/watch?v=3E7k47dZeWk,UgyGiqDScpm6kgwKr4h4AaABAg,where to get that 10x trading system?,2025-04-24T11:46:33Z,2026-10-01T13:26:47.008763+00:00,10,1,,f5412c628bf4cd239ad1f33fc00a63227e124672e03cf992ac5dc21e06a8b944,,youtube-data-api-v3/commentThreads.list,,3E7k47dZeWk,Powerful XAUUSD Gold Trading Strategy,Trading Walk,,
youtube,Trading Walk,3E7k47dZeWk,https://www.youtube.com/watch?v=3E7k47dZeWk,Ugzt90CaIH5-Hu020lZ4AaABAg,How do i get this on the view??,2025-08-05T15:54:14Z,2026-10-01T13:26:47.008763+00:00,1,1,,ff6e60dd2014e98ffbbeaad21c42d74608300d24b2e3b0cc1f5a233974a596e2,,youtube-data-api-v3/commentThreads.list,,3E7k47dZeWk,Powerful XAUUSD Gold Trading Strategy,Trading Walk,,
youtube,Trading Walk,3E7k47dZeWk,https://www.youtube.com/watch?v=3E7k47dZeWk,UgwOHxT7ne_YYF3Of8l4AaABAg,Can we have trial?,2025-03-25T18:06:44Z,2026-10-01T13:26:47.008763+00:00,23,2,,41d12e831939f12ec5763454d630abb52ea411b92506e8647f6458ab3ba64ed4,,youtube-data-api-v3/commentThreads.list,,3E7k47dZeWk,Powerful XAUUSD Gold Trading Strategy,Trading Walk,,
youtube,Trading Walk,3E7k47dZeWk,https://www.youtube.com/watch?v=3E7k47dZeWk,UgwOHxT7ne_YYF3Of8l4AaABAg.AG5wdF3W3EKAOX7_45nGMB,"@markg6461yes agreed, i have tried it",2025-10-21T03:41:40Z,2026-10-01T13:26:47.008763+00:00,0,0,,f74147804ced6ebd70907c768a1ba5b2cb2ebcb132b51590aac4af36d02804f9,UgwOHxT7ne_YYF3Of8l4AaABAg,youtube-data-api-v3/commentThreads.list,,3E7k47dZeWk,Powerful XAUUSD Gold Trading Strategy,Trading Walk,,
youtube,Trading Walk,3E7k47dZeWk,https://www.youtube.com/watch?v=3E7k47dZeWk,UgwFBWdnnH_-W0wXCil4AaABAg,How to get the 10x trding system,2025-08-18T17:48:39Z,2026-10-01T13:26:47.008763+00:00,9,3,,66dc4a95b7d3b1cbc9a4f593e7f38966ecf9596360cb401457ab855d347ddca5,,youtube-data-api-v3/commentThreads.list,,3E7k47dZeWk,Powerful XAUUSD Gold Trading Strategy,Trading Walk,,
youtube,Trading Walk,3E7k47dZeWk,https://www.youtube.com/watch?v=3E7k47dZeWk,UgwFBWdnnH_-W0wXCil4AaABAg.ALyqcXN7GVXAYR02d3148_,Hay bro did you find it?,2026-06-24T07:54:26Z,2026-10-01T13:26:47.008763+00:00,0,0,,f7f324d0e9b08abda50f44f9a37fd73f08644ae98137efcf224aa082dbb841b0,UgwFBWdnnH_-W0wXCil4AaABAg,youtube-data-api-v3/commentThreads.list,,3E7k47dZeWk,Powerful XAUUSD Gold Trading Strategy,Trading Walk,,
youtube,Trading Walk,3E7k47dZeWk,https://www.youtube.com/watch?v=3E7k47dZeWk,UgwFBWdnnH_-W0wXCil4AaABAg.ALyqcXN7GVXAac1t4AemPi,Price??,2026-09-11T13:35:32Z,2026-10-01T13:26:47.008763+00:00,0,0,,715ed8eedf7f4416496c0ae535a56d09f00a82fe0fc4ee65c621fea4e34f6f12,UgwFBWdnnH_-W0wXCil4AaABAg,youtube-data-api-v3/commentThreads.list,,3E7k47dZeWk,Powerful XAUUSD Gold Trading Strategy,Trading Walk,,
youtube,Trading Walk,3E7k47dZeWk,https://www.youtube.com/watch?v=3E7k47dZeWk,Ugx9RZBkg49EFkqQDhR4AaABAg,Great video! Do you use fixed stop loss or trail it according to market structure?,2026-09-28T17:04:21Z,2026-10-01T13:26:47.008763+00:00,1,1,,5434c6ef62a7892846b0ae2a94dafddd42c165d0ff57f45323126111b90f0d3a,,youtube-data-api-v3/commentThreads.list,,3E7k47dZeWk,Powerful XAUUSD Gold Trading Strategy,Trading Walk,,
youtube,Trading Walk,3E7k47dZeWk,https://www.youtube.com/watch?v=3E7k47dZeWk,UgwyflxcVmoUWw7m4kh4AaABAg,please one for 15 min,2026-04-28T19:32:48Z,2026-10-01T13:26:47.008763+00:00,1,1,,8393aa70462efa148c0878fddf3c49be6f819b7f70df4e75b469b01db28d8748,,youtube-data-api-v3/commentThreads.list,,3E7k47dZeWk,Powerful XAUUSD Gold Trading Strategy,Trading Walk,,
youtube,Trading Walk,3E7k47dZeWk,https://www.youtube.com/watch?v=3E7k47dZeWk,UgxDqb6_eiIfKRy1R2R4AaABAg,Been following you for years…is this strategy still available and valid?,2025-11-15T04:51:39Z,2026-10-01T13:26:47.008763+00:00,1,1,,fb0eca753debb7e50b7f79b6fece9d8c75fd7cafbbdb78a285fb456a086f723f,,youtube-data-api-v3/commentThreads.list,,3E7k47dZeWk,Powerful XAUUSD Gold Trading Strategy,Trading Walk,,
youtube,Trading Walk,3E7k47dZeWk,https://www.youtube.com/watch?v=3E7k47dZeWk,Ugx8CjTM8NVMgFozkTl4AaABAg,WHERE CAN I GET 10X TRADING SYSTEM,2025-05-20T23:00:13Z,2026-10-01T13:26:47.008763+00:00,1,1,,f935ea8f3344c297e845cb1705c1894fca9d2cad10e0c6cca0b7f9e7e26d0bc5,,youtube-data-api-v3/commentThreads.list,,3E7k47dZeWk,Powerful XAUUSD Gold Trading Strategy,Trading Walk,,
youtube,Trading Walk,3E7k47dZeWk,https://www.youtube.com/watch?v=3E7k47dZeWk,Ugy-micG6FHEWuk_1I14AaABAg,Time Frame,2025-06-04T09:44:22Z,2026-10-01T13:26:47.008763+00:00,1,1,,03ad2fe34a80d5e4ff4a65e84d970dff5cdf598fed1e2316e5492e374075b6d8,,youtube-data-api-v3/commentThreads.list,,3E7k47dZeWk,Powerful XAUUSD Gold Trading Strategy,Trading Walk,,
youtube,Trading Walk,3E7k47dZeWk,https://www.youtube.com/watch?v=3E7k47dZeWk,UgyhR-yuvrPck5pcJmt4AaABAg,How to apply and try it.....please inform ...thank you,2026-04-20T03:35:38Z,2026-10-01T13:26:47.008763+00:00,1,1,,7ab0138a8d003df36b044b15cb21c33b8b29cc3d44a94aa6176bc55e2d383a49,,youtube-data-api-v3/commentThreads.list,,3E7k47dZeWk,Powerful XAUUSD Gold Trading Strategy,Trading Walk,,
youtube,Trading Walk,3E7k47dZeWk,https://www.youtube.com/watch?v=3E7k47dZeWk,Ugz9vE9lv1wNQ6eimAJ4AaABAg,What is the indicator based on?,2026-01-30T14:00:10Z,2026-10-01T13:26:47.008763+00:00,1,1,,9f0fba8528bffc2da9a9af610da81aed04c9215085bc86f046a02ac672f9e905,,youtube-data-api-v3/commentThreads.list,,3E7k47dZeWk,Powerful XAUUSD Gold Trading Strategy,Trading Walk,,
youtube,Trading Walk,3E7k47dZeWk,https://www.youtube.com/watch?v=3E7k47dZeWk,Ugza5k1I8vSJxUpPggh4AaABAg,Please can I get the strategy,2025-07-18T07:37:04Z,2026-10-01T13:26:47.008763+00:00,0,1,,ac22598a5cbed585df5ced112635ac0e6216bb4e6e3b0cf3a6de437115d586b3,,youtube-data-api-v3/commentThreads.list,,3E7k47dZeWk,Powerful XAUUSD Gold Trading Strategy,Trading Walk,,
youtube,Trading Walk,3E7k47dZeWk,https://www.youtube.com/watch?v=3E7k47dZeWk,Ugz3gTZJhZ154qiPu4t4AaABAg,What is a 10x trading system ?,2025-04-05T10:30:13Z,2026-10-01T13:26:47.008763+00:00,2,2,,e6fda309a95ca1b56f2233baa51f5a41191acf994fd8a057206e05b874a8d503,,youtube-data-api-v3/commentThreads.list,,3E7k47dZeWk,Powerful XAUUSD Gold Trading Strategy,Trading Walk,,
youtube,Trading Walk,3E7k47dZeWk,https://www.youtube.com/watch?v=3E7k47dZeWk,Ugz3gTZJhZ154qiPu4t4AaABAg.AGXS8Af_dw4ANwwd2O-dVb,@janetmbogori7674 yes u have to subscribe,2025-10-06T17:05:27Z,2026-10-01T13:26:47.008763+00:00,0,0,,c86c00ca0c32ff385b104c4c443f8113513f898a23c56bc6c2b7675f272c59aa,Ugz3gTZJhZ154qiPu4t4AaABAg,youtube-data-api-v3/commentThreads.list,,3E7k47dZeWk,Powerful XAUUSD Gold Trading Strategy,Trading Walk,,
youtube,Trading Walk,3E7k47dZeWk,https://www.youtube.com/watch?v=3E7k47dZeWk,UgyrSkpSArwvLsscGl54AaABAg,Hi. How to add the 10X Trading System in Tradingview? It asked me to request permission,2026-05-24T05:08:11Z,2026-10-01T13:26:47.008763+00:00,1,1,,c65cc63683d8e51628c42563c6d15f04ea1145773462e1de64f3fdb7855255ef,,youtube-data-api-v3/commentThreads.list,,3E7k47dZeWk,Powerful XAUUSD Gold Trading Strategy,Trading Walk,,
youtube,Trading Walk,3E7k47dZeWk,https://www.youtube.com/watch?v=3E7k47dZeWk,Ugz9wmUfq8fTIXdkWAV4AaABAg,what about scalping 15m?,2025-06-08T02:37:02Z,2026-10-01T13:26:47.008763+00:00,4,1,,cd316d6a137ecbd848c25477997866aecbdb9391f68d232915c4e79a9fdaac16,,youtube-data-api-v3/commentThreads.list,,3E7k47dZeWk,Powerful XAUUSD Gold Trading Strategy,Trading Walk,,
youtube,Trading Walk,3E7k47dZeWk,https://www.youtube.com/watch?v=3E7k47dZeWk,UgxVzhWq1tae0WiBF5F4AaABAg,I use the same strategy but with 4h candle. it's more accurate than 1 hour.,2026-05-02T05:55:52Z,2026-10-01T13:26:47.008763+00:00,6,4,,dbe070988d08fdc52c90d50abb7423b7918935ff189b458d5616439210da35b0,,youtube-data-api-v3/commentThreads.list,,3E7k47dZeWk,Powerful XAUUSD Gold Trading Strategy,Trading Walk,,
youtube,Trading Walk,3E7k47dZeWk,https://www.youtube.com/watch?v=3E7k47dZeWk,UgxVzhWq1tae0WiBF5F4AaABAg.AWIKLp1MlvdAX4sXfQP0uV,I can’t find the tool. Is there another name for it?,2026-05-21T21:05:21Z,2026-10-01T13:26:47.008763+00:00,0,0,,fb4878c87ab5f2d5bcf16c2e6718c9cdf89fcd0db6f620dcac4b0b87ec351f2b,UgxVzhWq1tae0WiBF5F4AaABAg,youtube-data-api-v3/commentThreads.list,,3E7k47dZeWk,Powerful XAUUSD Gold Trading Strategy,Trading Walk,,
youtube,Trading Walk,3E7k47dZeWk,https://www.youtube.com/watch?v=3E7k47dZeWk,UgxVzhWq1tae0WiBF5F4AaABAg.AWIKLp1MlvdAYw4zmA_nJn,Do you use his recomended indicator?,2026-07-06T18:53:18Z,2026-10-01T13:26:47.008763+00:00,0,0,,482e4d399b92d0ab2d200602e769f52c865a0ceb09fe3130f59e6ba7b3b51b7a,UgxVzhWq1tae0WiBF5F4AaABAg,youtube-data-api-v3/commentThreads.list,,3E7k47dZeWk,Powerful XAUUSD Gold Trading Strategy,Trading Walk,,
youtube,Trading Walk,3E7k47dZeWk,https://www.youtube.com/watch?v=3E7k47dZeWk,UgxVzhWq1tae0WiBF5F4AaABAg.AWIKLp1MlvdAYxv80lwGqP,@tradingwalkhey i purchased your 10x trading indicator but havent received any mail from you,2026-07-07T11:56:55Z,2026-10-01T13:26:47.008763+00:00,0,0,,72cf28f231ff7057a2bcdc1c289fd9e958f4289140782088287a1e3a5371b634,UgxVzhWq1tae0WiBF5F4AaABAg,youtube-data-api-v3/commentThreads.list,,3E7k47dZeWk,Powerful XAUUSD Gold Trading Strategy,Trading Walk,,
youtube,Trading Walk,3E7k47dZeWk,https://www.youtube.com/watch?v=3E7k47dZeWk,UgyI8AzOUWKFHfd7Dyx4AaABAg,great,2026-04-28T19:32:36Z,2026-10-01T13:26:47.008763+00:00,2,1,,8393aa70462efa148c0878fddf3c49be6f819b7f70df4e75b469b01db28d8748,,youtube-data-api-v3/commentThreads.list,,3E7k47dZeWk,Powerful XAUUSD Gold Trading Strategy,Trading Walk,,
youtube,Trading Walk,3E7k47dZeWk,https://www.youtube.com/watch?v=3E7k47dZeWk,UgzwI1SODqa2JGEEIWp4AaABAg,Can I use for BTC???,2025-07-07T21:26:29Z,2026-10-01T13:26:47.008763+00:00,0,1,,e4624cfb4027351d6cf3efc796a300b14784fe8530032a7635b7e07486987cc7,,youtube-data-api-v3/commentThreads.list,,3E7k47dZeWk,Powerful XAUUSD Gold Trading Strategy,Trading Walk,,
youtube,Trading Walk,3E7k47dZeWk,https://www.youtube.com/watch?v=3E7k47dZeWk,UgzzY8LHHyj3KcD6ICl4AaABAg,Best Time frame????,2025-10-05T01:11:31Z,2026-10-01T13:26:47.008763+00:00,0,1,,cd32b70cb0fdb521a119de4fdfc3f1303f06425c57542f4af274627c77ceca0f,,youtube-data-api-v3/commentThreads.list,,3E7k47dZeWk,Powerful XAUUSD Gold Trading Strategy,Trading Walk,,
youtube,Trading Walk,3E7k47dZeWk,https://www.youtube.com/watch?v=3E7k47dZeWk,UgxrDLQ13NJ18Jn1g9Z4AaABAg,can we do in 15 mins for scalps,2026-02-18T20:54:56Z,2026-10-01T13:26:47.008763+00:00,1,1,,d0aca1e91c5b5043003292c5b6304f4e0e9d3b51e97ade677ff7f05067195667,,youtube-data-api-v3/commentThreads.list,,3E7k47dZeWk,Powerful XAUUSD Gold Trading Strategy,Trading Walk,,
youtube,Trading Walk,3E7k47dZeWk,https://www.youtube.com/watch?v=3E7k47dZeWk,UgwQ1KNMjo0r5J4kaBx4AaABAg,Bro its showing locked i cant get this indicator?,2025-11-06T10:42:07Z,2026-10-01T13:26:47.008763+00:00,0,1,,99edcd66faa5c9d0090344b797165e47de55b2511bccd6c5669016b411e69d28,,youtube-data-api-v3/commentThreads.list,,3E7k47dZeWk,Powerful XAUUSD Gold Trading Strategy,Trading Walk,,
youtube,Trading Walk,3E7k47dZeWk,https://www.youtube.com/watch?v=3E7k47dZeWk,UgwI1-Q6e9XJAoGtenV4AaABAg,how i get access,2025-09-13T23:36:32Z,2026-10-01T13:26:47.008763+00:00,1,1,,f840e22e527b58aa5c7835f88cb78140c1aca0dc164298f6fab798a2d119036d,,youtube-data-api-v3/commentThreads.list,,3E7k47dZeWk,Powerful XAUUSD Gold Trading Strategy,Trading Walk,,
youtube,Trading Walk,3E7k47dZeWk,https://www.youtube.com/watch?v=3E7k47dZeWk,Ugx1-WpYctyV-JQ-41Z4AaABAg,"""Can I apply this strategy for a sell position from the top?""",2026-07-29T05:39:51Z,2026-10-01T13:26:47.008763+00:00,1,1,,55199c6cbf814d72b403f2d50cb6bdd8e273e9e04d18599a0463571fb72df63c,,youtube-data-api-v3/commentThreads.list,,3E7k47dZeWk,Powerful XAUUSD Gold Trading Strategy,Trading Walk,,
youtube,Trading Walk,3E7k47dZeWk,https://www.youtube.com/watch?v=3E7k47dZeWk,UgzTpzTuX4W8STL2iul4AaABAg,How can i take this strategy cause its locked on trading view,2026-07-26T15:25:00Z,2026-10-01T13:26:47.008763+00:00,1,1,,17607c160d4264e3ece64b5d7826100b018acd0522d095ef12040f88f3e4e887,,youtube-data-api-v3/commentThreads.list,,3E7k47dZeWk,Powerful XAUUSD Gold Trading Strategy,Trading Walk,,
youtube,Trading Walk,3E7k47dZeWk,https://www.youtube.com/watch?v=3E7k47dZeWk,UgyQVcp_79CbNGTh_bR4AaABAg,How to add it in mt5??,2025-12-12T11:14:09Z,2026-10-01T13:26:47.008763+00:00,0,1,,ed2b430d4004adede002837233f9da888cfff9b12e21b996b5c624c6c00d2537,,youtube-data-api-v3/commentThreads.list,,3E7k47dZeWk,Powerful XAUUSD Gold Trading Strategy,Trading Walk,,
youtube,Trading Walk,3E7k47dZeWk,https://www.youtube.com/watch?v=3E7k47dZeWk,Ugw8TLzGJyEcTtJD7GJ4AaABAg,I need this indicator please help me,2026-03-06T19:22:56Z,2026-10-01T13:26:47.008763+00:00,0,1,,7a1dd0fd8d1ea24ac61634ef9e1e955080568131f95ec3060e7741905190de44,,youtube-data-api-v3/commentThreads.list,,3E7k47dZeWk,Powerful XAUUSD Gold Trading Strategy,Trading Walk,,
youtube,Trading Walk,3E7k47dZeWk,https://www.youtube.com/watch?v=3E7k47dZeWk,UgzvTdvhRkOB6k8gU3B4AaABAg,How to get the indicator?,2025-12-31T20:48:31Z,2026-10-01T13:26:47.008763+00:00,0,1,,b2c079cee54161e3dff336ba0969617e02ca9cbe63edbf0b48a81d33a12692be,,youtube-data-api-v3/commentThreads.list,,3E7k47dZeWk,Powerful XAUUSD Gold Trading Strategy,Trading Walk,,
youtube,Trading Walk,3E7k47dZeWk,https://www.youtube.com/watch?v=3E7k47dZeWk,UgzxuKS1PqNiFPOUaq54AaABAg,What time frame do you use,2026-04-25T23:13:18Z,2026-10-01T13:26:47.008763+00:00,1,1,,b87f719b47905f17a98525e78517c628b7ca0a6f865e0f6785b4cb03f0551647,,youtube-data-api-v3/commentThreads.list,,3E7k47dZeWk,Powerful XAUUSD Gold Trading Strategy,Trading Walk,,
youtube,Trading Walk,3E7k47dZeWk,https://www.youtube.com/watch?v=3E7k47dZeWk,Ugw0s3SstwuUqIMLESt4AaABAg,What is the price of the indicator ?,2026-05-17T12:13:31Z,2026-10-01T13:26:47.008763+00:00,1,1,,9cd0e00c995a448dcba9441e841ef484f4111fb4df06cc6775e8102608f16f15,,youtube-data-api-v3/commentThreads.list,,3E7k47dZeWk,Powerful XAUUSD Gold Trading Strategy,Trading Walk,,
youtube,Trading Walk,3E7k47dZeWk,https://www.youtube.com/watch?v=3E7k47dZeWk,UgzuXmeGz8ZOwtx1gHZ4AaABAg,Is that working for meta trader 5 as well,2026-07-16T18:19:31Z,2026-10-01T13:26:47.008763+00:00,0,1,,1e065d0157d997c42ac8778f14b081f1dd5f3f2abe14228992c452e957d1ac25,,youtube-data-api-v3/commentThreads.list,,3E7k47dZeWk,Powerful XAUUSD Gold Trading Strategy,Trading Walk,,
youtube,Trading Walk,3E7k47dZeWk,https://www.youtube.com/watch?v=3E7k47dZeWk,Ugx9TycMW-_TH9uyavB4AaABAg,How do I add it,2025-12-28T12:01:16Z,2026-10-01T13:26:47.008763+00:00,0,1,,ebda4d36d44133a7004f067d240640cb8954b654c4bf61a1d5486ff6278f5805,,youtube-data-api-v3/commentThreads.list,,3E7k47dZeWk,Powerful XAUUSD Gold Trading Strategy,Trading Walk,,
youtube,Trading Walk,3E7k47dZeWk,https://www.youtube.com/watch?v=3E7k47dZeWk,Ugyb6dToXb52I6Gz6lJ4AaABAg,i want this indicator,2026-03-16T07:29:12Z,2026-10-01T13:26:47.008763+00:00,0,1,,7115efb2d80f8b90364d8fc7d68a2261fe0cfe3d0e39ff4d9a07b59b79b28af0,,youtube-data-api-v3/commentThreads.list,,3E7k47dZeWk,Powerful XAUUSD Gold Trading Strategy,Trading Walk,,
youtube,Trading Walk,3E7k47dZeWk,https://www.youtube.com/watch?v=3E7k47dZeWk,UgwQ545_WCKZuwYIarp4AaABAg,How do you unlock 10x trading system? I saw your video on YouTube and wanted to try it out.,2025-12-21T05:56:16Z,2026-10-01T13:26:47.008763+00:00,1,2,,928afa7cdd6f5611d9fb747a9a8539a897624bf5993f42b311c279cf74dced0e,,youtube-data-api-v3/commentThreads.list,,3E7k47dZeWk,Powerful XAUUSD Gold Trading Strategy,Trading Walk,,
youtube,Trading Walk,3E7k47dZeWk,https://www.youtube.com/watch?v=3E7k47dZeWk,UgwQ545_WCKZuwYIarp4AaABAg.AQzRTHliF6AAQzUE0IiaXN,@tradingwalkappreciate it for letting me know,2025-12-21T06:20:24Z,2026-10-01T13:26:47.008763+00:00,0,0,,928afa7cdd6f5611d9fb747a9a8539a897624bf5993f42b311c279cf74dced0e,UgwQ545_WCKZuwYIarp4AaABAg,youtube-data-api-v3/commentThreads.list,,3E7k47dZeWk,Powerful XAUUSD Gold Trading Strategy,Trading Walk,,
youtube,Trading Walk,3E7k47dZeWk,https://www.youtube.com/watch?v=3E7k47dZeWk,Ugw7DLRVhBOpJH9GzV54AaABAg,How to buy this indicator,2026-03-18T00:13:36Z,2026-10-01T13:26:47.008763+00:00,1,1,,01f3a4cb139421e787a726edebd3c61382503691446e3a603a5a1ca964e9a77f,,youtube-data-api-v3/commentThreads.list,,3E7k47dZeWk,Powerful XAUUSD Gold Trading Strategy,Trading Walk,,
youtube,Trading Walk,3E7k47dZeWk,https://www.youtube.com/watch?v=3E7k47dZeWk,UgxaKTQBLEsPY3c8QH54AaABAg,which time frame ?,2025-03-31T21:26:12Z,2026-10-01T13:26:47.008763+00:00,2,1,,f4ca16bc2bc2581065203ef8a427db2cb3bdedf3d5a108132ff661836708038c,,youtube-data-api-v3/commentThreads.list,,3E7k47dZeWk,Powerful XAUUSD Gold Trading Strategy,Trading Walk,,
youtube,Trading Walk,3E7k47dZeWk,https://www.youtube.com/watch?v=3E7k47dZeWk,UgydO-RKMtWSQQ7-EhB4AaABAg,What is the cost of this indicator?,2025-12-12T00:27:43Z,2026-10-01T13:26:47.008763+00:00,0,1,,49e90ebe5b0ec15836081517faff87f0b01a882f63bfc750b5531742ba60e307,,youtube-data-api-v3/commentThreads.list,,3E7k47dZeWk,Powerful XAUUSD Gold Trading Strategy,Trading Walk,,
youtube,Trading Walk,3E7k47dZeWk,https://www.youtube.com/watch?v=3E7k47dZeWk,Ugy3JDuwGqeYS204i2d4AaABAg,Any honest review about this indicator from users who have actually used this indicator.,2026-01-05T23:11:16Z,2026-10-01T13:26:47.008763+00:00,1,1,,c6de51cab0c527a3b50e761f6baccbaca6d17c51140935e2ea3883db79053c8e,,youtube-data-api-v3/commentThreads.list,,3E7k47dZeWk,Powerful XAUUSD Gold Trading Strategy,Trading Walk,,
youtube,Trading Walk,3E7k47dZeWk,https://www.youtube.com/watch?v=3E7k47dZeWk,UgyRI2WB__n7ipW7aRZ4AaABAg,How to get it in trading view?,2026-07-30T17:37:02Z,2026-10-01T13:26:47.008763+00:00,0,1,,00b3bce93235ea3c2f94087d88ed9536a3d9b78672a7d34c22496b5e06aed7f7,,youtube-data-api-v3/commentThreads.list,,3E7k47dZeWk,Powerful XAUUSD Gold Trading Strategy,Trading Walk,,
youtube,Trading Walk,3E7k47dZeWk,https://www.youtube.com/watch?v=3E7k47dZeWk,UgxIg0U3aWfm96lV3PR4AaABAg,how to avail and how much?,2025-11-16T01:17:46Z,2026-10-01T13:26:47.008763+00:00,0,1,,1378d9d5f246bc575cf40a98fe43e8263078c9d76deff8d80f723eb660146e04,,youtube-data-api-v3/commentThreads.list,,3E7k47dZeWk,Powerful XAUUSD Gold Trading Strategy,Trading Walk,,
youtube,Trading Walk,3E7k47dZeWk,https://www.youtube.com/watch?v=3E7k47dZeWk,Ugy5IkWv7p4VLXmOuRx4AaABAg,This script is locked in trading view how i got access please reply i wants it,2026-05-17T12:10:58Z,2026-10-01T13:26:47.008763+00:00,0,1,,66d31a6941e5fd928a72a8b132f06c2eb6e887c803275ffc26d03289b0b529c4,,youtube-data-api-v3/commentThreads.list,,3E7k47dZeWk,Powerful XAUUSD Gold Trading Strategy,Trading Walk,,
youtube,Trading Walk,3E7k47dZeWk,https://www.youtube.com/watch?v=3E7k47dZeWk,UgzSXI1ZT7vXc5ceJ6h4AaABAg,"On which platform, it can on MT5 forex platform?? In MT5 there is no any lind of this 10X strategy indicator, where it is??",2026-09-12T07:17:21Z,2026-10-01T13:26:47.008763+00:00,0,1,,84653675ea35d4ce0bc586b5f5e40dd8b2f061604400d5a0d32dd3c09c66758d,,youtube-data-api-v3/commentThreads.list,,3E7k47dZeWk,Powerful XAUUSD Gold Trading Strategy,Trading Walk,,
youtube,Trading Walk,3E7k47dZeWk,https://www.youtube.com/watch?v=3E7k47dZeWk,UgxayIG3BkU6Td-7xKB4AaABAg,is it still in profit after 5 month ?? who is it  testing so long,2026-02-02T17:38:44Z,2026-10-01T13:26:47.008763+00:00,0,1,,cd2e0442639aebde732465d8c300a3e71fb6b8d700ea70a01111b9013bd2a425,,youtube-data-api-v3/commentThreads.list,,3E7k47dZeWk,Powerful XAUUSD Gold Trading Strategy,Trading Walk,,
youtube,Trading Walk,3E7k47dZeWk,https://www.youtube.com/watch?v=3E7k47dZeWk,Ugyf64oYZLrtw5zD8NJ4AaABAg,Can this work on 5 min candel chart too,2025-09-09T17:07:04Z,2026-10-01T13:26:47.008763+00:00,0,1,,ab6c21470d9d4f271268846b4feb8ed9b7bebeabc4cd0b15a9d7c5d4f813991c,,youtube-data-api-v3/commentThreads.list,,3E7k47dZeWk,Powerful XAUUSD Gold Trading Strategy,Trading Walk,,
youtube,Trading Walk,3E7k47dZeWk,https://www.youtube.com/watch?v=3E7k47dZeWk,Ugx1aAMu0KvS3RUHRR54AaABAg,Really that good??🤔,2025-12-18T11:48:09Z,2026-10-01T13:26:47.008763+00:00,0,1,,4ef5dcd279e21dcbd8b5a1b08713e533210f189dbd3b42c78ead3c111f7788e7,,youtube-data-api-v3/commentThreads.list,,3E7k47dZeWk,Powerful XAUUSD Gold Trading Strategy,Trading Walk,,
youtube,Trading Walk,3E7k47dZeWk,https://www.youtube.com/watch?v=3E7k47dZeWk,UgwzSacOxZX_xARl40B4AaABAg,How do we get access to the indicator?,2026-08-15T07:18:58Z,2026-10-01T13:26:47.008763+00:00,0,1,,a7b09d3c92fbebcd0ceaf6c6d86da7d00d1f771e565628f0299ad31a8df3da18,,youtube-data-api-v3/commentThreads.list,,3E7k47dZeWk,Powerful XAUUSD Gold Trading Strategy,Trading Walk,,
youtube,Trading Walk,3E7k47dZeWk,https://www.youtube.com/watch?v=3E7k47dZeWk,UgyBG46fy6x65iHo4NJ4AaABAg,"indicator locked rn, what happened?",2026-08-30T18:47:27Z,2026-10-01T13:26:47.008763+00:00,1,1,,5a863d6535c2550cdf22ff76a288dbe8ed60b635d8c10770c335a4151872efe9,,youtube-data-api-v3/commentThreads.list,,3E7k47dZeWk,Powerful XAUUSD Gold Trading Strategy,Trading Walk,,
youtube,Trading Walk,3E7k47dZeWk,https://www.youtube.com/watch?v=3E7k47dZeWk,Ugwm01RR_-H1-RH5BvZ4AaABAg,what app is this,2026-03-25T10:45:24Z,2026-10-01T13:26:47.008763+00:00,0,1,,3909979d355f5ee3db7c4ba7a12c3da21109941687b536e86bdc7f463b53d2a0,,youtube-data-api-v3/commentThreads.list,,3E7k47dZeWk,Powerful XAUUSD Gold Trading Strategy,Trading Walk,,
youtube,Trading Walk,3E7k47dZeWk,https://www.youtube.com/watch?v=3E7k47dZeWk,UgwwXl63oB0P7fvdaEN4AaABAg,it is locked . how to open it .,2026-03-12T07:33:07Z,2026-10-01T13:26:47.008763+00:00,0,1,,e6e60e1da541959775a4cf5928774ec7b9c6ebc8183cd5364cd6eccc97582d51,,youtube-data-api-v3/commentThreads.list,,3E7k47dZeWk,Powerful XAUUSD Gold Trading Strategy,Trading Walk,,
youtube,Trading Walk,3E7k47dZeWk,https://www.youtube.com/watch?v=3E7k47dZeWk,UgxdBepTuiCTz5388A94AaABAg,I need indicator plzzz,2026-09-26T16:26:22Z,2026-10-01T13:26:47.008763+00:00,1,1,,70498530ee5ef7c59d00623bacb0a10cc0c9efb3e835b08a687ae030d4e3ce78,,youtube-data-api-v3/commentThreads.list,,3E7k47dZeWk,Powerful XAUUSD Gold Trading Strategy,Trading Walk,,
youtube,Trading Walk,3E7k47dZeWk,https://www.youtube.com/watch?v=3E7k47dZeWk,UgxuPHMDTjs6Fp-rSUV4AaABAg,Is this work in all timeframe?,2026-09-08T20:22:25Z,2026-10-01T13:26:47.008763+00:00,1,1,,adfa14edf87a00cc72795b13da1610bb18ed41256dee47b64e5196e1801b6c26,,youtube-data-api-v3/commentThreads.list,,3E7k47dZeWk,Powerful XAUUSD Gold Trading Strategy,Trading Walk,,
youtube,Trading Walk,3E7k47dZeWk,https://www.youtube.com/watch?v=3E7k47dZeWk,UgzXQqIe81HcivTwXdB4AaABAg,Hi. Where can I buy this?,2026-08-19T11:59:02Z,2026-10-01T13:26:47.008763+00:00,0,1,,d2f15dedfd604b79b250f09af6d94d14ad83bcc2056f9e004ffd8b766da82bac,,youtube-data-api-v3/commentThreads.list,,3E7k47dZeWk,Powerful XAUUSD Gold Trading Strategy,Trading Walk,,
youtube,Trading Walk,3E7k47dZeWk,https://www.youtube.com/watch?v=3E7k47dZeWk,UgydeHj1_zwFCEO2R1p4AaABAg,can i try ur signals? buy or free?,2025-11-16T12:17:13Z,2026-10-01T13:26:47.008763+00:00,2,1,,f86c8a6159c857f08a690ae3c2d785bcc3a37a194a2f71d842c4a03637755b0a,,youtube-data-api-v3/commentThreads.list,,3E7k47dZeWk,Powerful XAUUSD Gold Trading Strategy,Trading Walk,,
youtube,Trading Walk,3E7k47dZeWk,https://www.youtube.com/watch?v=3E7k47dZeWk,UgxNJ5yT8LbyNYc3Bkd4AaABAg,Time frame ?,2026-04-08T15:28:59Z,2026-10-01T13:26:47.008763+00:00,0,1,,7068b01374f583b7cfa9985aed5fe3ba11de98f8a25d6becd0d5aecace790dd2,,youtube-data-api-v3/commentThreads.list,,3E7k47dZeWk,Powerful XAUUSD Gold Trading Strategy,Trading Walk,,
youtube,Trading Walk,3E7k47dZeWk,https://www.youtube.com/watch?v=3E7k47dZeWk,UgxfILCV61okW1lJqMR4AaABAg,How to get signal,2026-08-13T07:25:05Z,2026-10-01T13:26:47.008763+00:00,0,1,,78e8a90c2ffa1cea72a5540418341f496f484a6a264850ae645df3fa6cdb7d8e,,youtube-data-api-v3/commentThreads.list,,3E7k47dZeWk,Powerful XAUUSD Gold Trading Strategy,Trading Walk,,
youtube,Trading Walk,3E7k47dZeWk,https://www.youtube.com/watch?v=3E7k47dZeWk,Ugzo_smznHrwn6a4iu94AaABAg,I can’t use the 10x trading system,2026-09-02T14:12:48Z,2026-10-01T13:26:47.008763+00:00,0,1,,650644a384b1127c60f917edd443a454a5fd8eaf15ea3691cf7db0890a6fe9e7,,youtube-data-api-v3/commentThreads.list,,3E7k47dZeWk,Powerful XAUUSD Gold Trading Strategy,Trading Walk,,
youtube,Trading Walk,3E7k47dZeWk,https://www.youtube.com/watch?v=3E7k47dZeWk,UgwCGJQwz7Ig-bVI3K94AaABAg,it is locked. how to get access?,2026-07-12T05:15:01Z,2026-10-01T13:26:47.008763+00:00,0,1,,4c2313ab556801ede982b3d1ac8143c736151132f6bf7afb94a97ea338e81e0d,,youtube-data-api-v3/commentThreads.list,,3E7k47dZeWk,Powerful XAUUSD Gold Trading Strategy,Trading Walk,,
youtube,Trading Walk,3E7k47dZeWk,https://www.youtube.com/watch?v=3E7k47dZeWk,Ugz9jsn7QNpQelTGlo94AaABAg,"It's locked, how do we get the indicator?",2025-11-05T14:55:52Z,2026-10-01T13:26:47.008763+00:00,3,1,,ed8e4cf709052b9bb1c0f9170fba72ec684c9f9c382e20bda1665a6ea8e62d3a,,youtube-data-api-v3/commentThreads.list,,3E7k47dZeWk,Powerful XAUUSD Gold Trading Strategy,Trading Walk,,
youtube,Trading Walk,3E7k47dZeWk,https://www.youtube.com/watch?v=3E7k47dZeWk,UgzfRit-_LPYQWktsB94AaABAg,Locked this strategy how to unlock ?,2025-03-21T08:53:12Z,2026-10-01T13:26:47.008763+00:00,1,1,,5e715a9b766966f993e2dc2b17e4799ffba1a9a19bb6f48f76caa22ac0eeeb24,,youtube-data-api-v3/commentThreads.list,,3E7k47dZeWk,Powerful XAUUSD Gold Trading Strategy,Trading Walk,,
youtube,Trading Walk,3E7k47dZeWk,https://www.youtube.com/watch?v=3E7k47dZeWk,UgyGQWgYsVMhD1BTNTR4AaABAg,How to get access??????????,2026-08-17T12:57:22Z,2026-10-01T13:26:47.008763+00:00,0,1,,7aba6e263aa6a9db6add37e1d29a62ac2a9c562b5bd96e39c25e419b8a06dc0d,,youtube-data-api-v3/commentThreads.list,,3E7k47dZeWk,Powerful XAUUSD Gold Trading Strategy,Trading Walk,,
youtube,Trading Walk,3E7k47dZeWk,https://www.youtube.com/watch?v=3E7k47dZeWk,Ugx_IadsynpP3-19UTl4AaABAg,How to get this,2026-08-20T15:35:27Z,2026-10-01T13:26:47.008763+00:00,0,1,,da5adaf652a8279226b7318f2f45b1381498536d0a7a6275f27a2fc1d73b5c3a,,youtube-data-api-v3/commentThreads.list,,3E7k47dZeWk,Powerful XAUUSD Gold Trading Strategy,Trading Walk,,
youtube,Trading Walk,3E7k47dZeWk,https://www.youtube.com/watch?v=3E7k47dZeWk,UgwSG7pyqddcId04V3l4AaABAg,How do I add that to on an android phone??,2025-10-06T10:02:23Z,2026-10-01T13:26:47.008763+00:00,1,1,,ae62e2559ebf9024d97a8af8b6526f776295692bebfac92b512fce12fd7035eb,,youtube-data-api-v3/commentThreads.list,,3E7k47dZeWk,Powerful XAUUSD Gold Trading Strategy,Trading Walk,,
youtube,Trading Walk,3E7k47dZeWk,https://www.youtube.com/watch?v=3E7k47dZeWk,UgwfEpj_vaDaQ0dwaLJ4AaABAg,Indicator name,2026-08-05T15:55:55Z,2026-10-01T13:26:47.008763+00:00,0,1,,d22ce3e2830a719f1c81afb7b94e7b32d754bcafc6f7067b7812a5676cbc200d,,youtube-data-api-v3/commentThreads.list,,3E7k47dZeWk,Powerful XAUUSD Gold Trading Strategy,Trading Walk,,
youtube,Trading Walk,3E7k47dZeWk,https://www.youtube.com/watch?v=3E7k47dZeWk,UgzuKbVpWPFFk4HNdGd4AaABAg,Name of tool ?,2024-12-31T17:02:58Z,2026-10-01T13:26:47.008763+00:00,5,7,,d2da76c26c5f017fbf2b6878805612e4df593d3eac3f74e1388ae3ccfdae2331,,youtube-data-api-v3/commentThreads.list,,3E7k47dZeWk,Powerful XAUUSD Gold Trading Strategy,Trading Walk,,
youtube,Trading Walk,3E7k47dZeWk,https://www.youtube.com/watch?v=3E7k47dZeWk,UgzuKbVpWPFFk4HNdGd4AaABAg.ACiXZfops98ADWISkpvriE,@tradingwalkso you made your own indicator strategy?,2025-01-20T10:12:13Z,2026-10-01T13:26:47.008763+00:00,0,0,,abbed334ca156fe7132a1cba9af97345825636c9df911d3369ae2251589a303b,UgzuKbVpWPFFk4HNdGd4AaABAg,youtube-data-api-v3/commentThreads.list,,3E7k47dZeWk,Powerful XAUUSD Gold Trading Strategy,Trading Walk,,
youtube,Trading Walk,3E7k47dZeWk,https://www.youtube.com/watch?v=3E7k47dZeWk,UgzuKbVpWPFFk4HNdGd4AaABAg.ACiXZfops98AF2Lz2IlCxV,@tradingwalk how much is it?,2025-02-27T12:08:33Z,2026-10-01T13:26:47.008763+00:00,0,0,,8efc361895f65e06fcf9e917e039b90d2dbcb4cf493e404a3d85a0c49d30203a,UgzuKbVpWPFFk4HNdGd4AaABAg,youtube-data-api-v3/commentThreads.list,,3E7k47dZeWk,Powerful XAUUSD Gold Trading Strategy,Trading Walk,,
youtube,Trading Walk,3E7k47dZeWk,https://www.youtube.com/watch?v=3E7k47dZeWk,UgwGmkevz0a3hyxfxoN4AaABAg,Still working ?,2026-03-06T22:53:47Z,2026-10-01T13:26:47.008763+00:00,0,1,,cdde90d69469b0d68d67eda3f4227dd9c04683283245c80dc842de7e9455947e,,youtube-data-api-v3/commentThreads.list,,3E7k47dZeWk,Powerful XAUUSD Gold Trading Strategy,Trading Walk,,
youtube,Trading Walk,3E7k47dZeWk,https://www.youtube.com/watch?v=3E7k47dZeWk,Ugxeh475BEHtV8EbMWF4AaABAg,hey bro how can I get the indicator ? :) trading view tells me I have to contact u,2026-06-19T18:57:34Z,2026-10-01T13:26:47.008763+00:00,0,1,,c50e635e90a24c9494c50ee11ab9831f71625a4abb83e0741096cc653c9644b2,,youtube-data-api-v3/commentThreads.list,,3E7k47dZeWk,Powerful XAUUSD Gold Trading Strategy,Trading Walk,,
youtube,Trading Walk,3E7k47dZeWk,https://www.youtube.com/watch?v=3E7k47dZeWk,Ugyne1wtRkXNyfj8xcx4AaABAg,share please,2026-09-20T07:10:02Z,2026-10-01T13:26:47.008763+00:00,1,1,,f49045e8354c7af0b0a803608f7229c1ff8d212db35b82d111a82f5b9002f7d6,,youtube-data-api-v3/commentThreads.list,,3E7k47dZeWk,Powerful XAUUSD Gold Trading Strategy,Trading Walk,,
youtube,Trading Walk,3E7k47dZeWk,https://www.youtube.com/watch?v=3E7k47dZeWk,UgyPb_93LRz9wfcmtQ94AaABAg,What it costs,2026-09-12T05:37:57Z,2026-10-01T13:26:47.008763+00:00,0,1,,39b2f6f2416ee944ddce7bc737d82c3a6fbbc19e508f3d5d021bcea1d8c79bef,,youtube-data-api-v3/commentThreads.list,,3E7k47dZeWk,Powerful XAUUSD Gold Trading Strategy,Trading Walk,,
youtube,Trading Walk,3E7k47dZeWk,https://www.youtube.com/watch?v=3E7k47dZeWk,UgxrQGGSthpy3fGo7KR4AaABAg,When I try to add this indicator on tradingview it says its locked and I need to contact you.  What should I do?,2026-01-23T23:48:34Z,2026-10-01T13:26:47.008763+00:00,0,1,,45c5abbb5412a10b0f1dd9e33963b107c10b36698809bb75a4b21a51b8c1e02f,,youtube-data-api-v3/commentThreads.list,,3E7k47dZeWk,Powerful XAUUSD Gold Trading Strategy,Trading Walk,,
youtube,Trading Walk,3E7k47dZeWk,https://www.youtube.com/watch?v=3E7k47dZeWk,Ugzg4yc17r2y2kuWW854AaABAg,Add me please,2025-12-20T21:31:02Z,2026-10-01T13:26:47.008763+00:00,0,1,,df652b9b72dd3e6ebda2e60f200075f34b12186f0ceb321affd6e1b22948a9e3,,youtube-data-api-v3/commentThreads.list,,3E7k47dZeWk,Powerful XAUUSD Gold Trading Strategy,Trading Walk,,
youtube,Trading Walk,3E7k47dZeWk,https://www.youtube.com/watch?v=3E7k47dZeWk,UgwUanpit9aXPhZTBJR4AaABAg,How get access,2025-11-21T14:39:22Z,2026-10-01T13:26:47.009763+00:00,0,1,,b0ca88ab96dbbd8af4d21f2793c5acc27e0679a82a003a316d6393b723834ea2,,youtube-data-api-v3/commentThreads.list,,3E7k47dZeWk,Powerful XAUUSD Gold Trading Strategy,Trading Walk,,
youtube,The Trading Academy,7HD5ZG2MmeQ,https://www.youtube.com/watch?v=7HD5ZG2MmeQ,Ugxwqp7nonHxmiK_0Rt4AaABAg,everyone is king of market in replay market,2025-01-26T11:14:01Z,2026-10-01T13:26:48.227131+00:00,492,22,,5dc4413fb2e3d26700ca9b86a834d1f3d20dcb861a9de86cc00315f8f3f1a900,,youtube-data-api-v3/commentThreads.list,,7HD5ZG2MmeQ,"Gold Trading Strategy Explained - SMC, Supply and demand, liquidity xauusd trade breakdown",The Trading Academy,,
youtube,The Trading Academy,7HD5ZG2MmeQ,https://www.youtube.com/watch?v=7HD5ZG2MmeQ,Ugxwqp7nonHxmiK_0Rt4AaABAg.ADkrIabZKdEAEMpOnIFhp5,As long as the win rate is over 40% then it should be fine.,2025-02-10T14:27:45Z,2026-10-01T13:26:48.227131+00:00,17,0,,1344dc82ba548ff735b8f9b5a9a56da38b92e49465f19aeeeef5fd6f7c478ed4,Ugxwqp7nonHxmiK_0Rt4AaABAg,youtube-data-api-v3/commentThreads.list,,7HD5ZG2MmeQ,"Gold Trading Strategy Explained - SMC, Supply and demand, liquidity xauusd trade breakdown",The Trading Academy,,
youtube,The Trading Academy,7HD5ZG2MmeQ,https://www.youtube.com/watch?v=7HD5ZG2MmeQ,Ugxwqp7nonHxmiK_0Rt4AaABAg.ADkrIabZKdEAFCiPVjn6M2,Fabio has made me profitable. The best way to teach is to fully explain and that's what TTA does.,2025-03-03T12:45:41Z,2026-10-01T13:26:48.227131+00:00,8,0,,a3b59d2f64962f2f5e05f3b48882b1bbb15d95d237853c5c50c43002b817c24e,Ugxwqp7nonHxmiK_0Rt4AaABAg,youtube-data-api-v3/commentThreads.list,,7HD5ZG2MmeQ,"Gold Trading Strategy Explained - SMC, Supply and demand, liquidity xauusd trade breakdown",The Trading Academy,,
youtube,The Trading Academy,7HD5ZG2MmeQ,https://www.youtube.com/watch?v=7HD5ZG2MmeQ,Ugxwqp7nonHxmiK_0Rt4AaABAg.ADkrIabZKdEAFNcPWO9fDL,@josephajah2287 Congratulations 👍,2025-03-07T18:24:54Z,2026-10-01T13:26:48.227131+00:00,0,0,,cad868a274db838337f8f48215edcc8551e1c6bd188108f7786ee56d7bc438be,Ugxwqp7nonHxmiK_0Rt4AaABAg,youtube-data-api-v3/commentThreads.list,,7HD5ZG2MmeQ,"Gold Trading Strategy Explained - SMC, Supply and demand, liquidity xauusd trade breakdown",The Trading Academy,,
youtube,The Trading Academy,7HD5ZG2MmeQ,https://www.youtube.com/watch?v=7HD5ZG2MmeQ,Ugxwqp7nonHxmiK_0Rt4AaABAg.ADkrIabZKdEAGOfMp6WXb5,@williamxavier8474as long as you’re constantly taking 1:3rr,2025-04-02T00:41:23Z,2026-10-01T13:26:48.227131+00:00,0,0,,978afc67933cd097bb4985a385795e81ebc9c3d0f085ab005815f35a1a7ba612,Ugxwqp7nonHxmiK_0Rt4AaABAg,youtube-data-api-v3/commentThreads.list,,7HD5ZG2MmeQ,"Gold Trading Strategy Explained - SMC, Supply and demand, liquidity xauusd trade breakdown",The Trading Academy,,
youtube,The Trading Academy,7HD5ZG2MmeQ,https://www.youtube.com/watch?v=7HD5ZG2MmeQ,Ugxwqp7nonHxmiK_0Rt4AaABAg.ADkrIabZKdEAIKvs2jGGnd,💀💀💀,2025-05-20T06:51:25Z,2026-10-01T13:26:48.227131+00:00,0,0,,362e1da47114634ace54d1dc808cc2e7d998d5ea33cc14ee3b2a94c845c8b8aa,Ugxwqp7nonHxmiK_0Rt4AaABAg,youtube-data-api-v3/commentThreads.list,,7HD5ZG2MmeQ,"Gold Trading Strategy Explained - SMC, Supply and demand, liquidity xauusd trade breakdown",The Trading Academy,,
youtube,The Trading Academy,7HD5ZG2MmeQ,https://www.youtube.com/watch?v=7HD5ZG2MmeQ,Ugx9pjzFPT8Kne8SYxl4AaABAg,"""The wick that is about to break the high"" is ridiculous.",2025-10-02T18:29:01Z,2026-10-01T13:26:48.227131+00:00,31,0,,23b8079a56b8c7522b9109c2a5666c9f024c559582d2bad06c64ba68a3d7dd41,,youtube-data-api-v3/commentThreads.list,,7HD5ZG2MmeQ,"Gold Trading Strategy Explained - SMC, Supply and demand, liquidity xauusd trade breakdown",The Trading Academy,,
youtube,The Trading Academy,7HD5ZG2MmeQ,https://www.youtube.com/watch?v=7HD5ZG2MmeQ,UgwQKdheYcFZF2B5ePN4AaABAg,"You are an incredible Trader!

Thanks for your free contents always.🎉",2024-09-11T14:59:58Z,2026-10-01T13:26:48.227131+00:00,16,1,,6318a3b544ab6adcf6f50b94840a3fae9956a05a53e5173e2b6f2ae32f4373ce,,youtube-data-api-v3/commentThreads.list,,7HD5ZG2MmeQ,"Gold Trading Strategy Explained - SMC, Supply and demand, liquidity xauusd trade breakdown",The Trading Academy,,
youtube,The Trading Academy,7HD5ZG2MmeQ,https://www.youtube.com/watch?v=7HD5ZG2MmeQ,UgyWwoT0ryN93ftiPNJ4AaABAg,"that's an illigal entry. entry was actually your st, when the market tested that OB since it broke structure, and ha a FVG.",2025-05-23T09:46:21Z,2026-10-01T13:26:48.227131+00:00,16,1,,9e436d44851413f9b2bf712f104fc19fc17bdf89ed4f70fe4ec2ed9bf75332af,,youtube-data-api-v3/commentThreads.list,,7HD5ZG2MmeQ,"Gold Trading Strategy Explained - SMC, Supply and demand, liquidity xauusd trade breakdown",The Trading Academy,,
youtube,The Trading Academy,7HD5ZG2MmeQ,https://www.youtube.com/watch?v=7HD5ZG2MmeQ,UgyWwoT0ryN93ftiPNJ4AaABAg.AISyGymssCvAP0EXWMgfTB,Fvg don’t work on gold,2025-11-02T05:38:57Z,2026-10-01T13:26:48.227131+00:00,1,0,,bda90ab76a81c7ac9e9f2cba05a0f0d7cbadfa083d46e2d4851e5b2d67d001b9,UgyWwoT0ryN93ftiPNJ4AaABAg,youtube-data-api-v3/commentThreads.list,,7HD5ZG2MmeQ,"Gold Trading Strategy Explained - SMC, Supply and demand, liquidity xauusd trade breakdown",The Trading Academy,,
youtube,The Trading Academy,7HD5ZG2MmeQ,https://www.youtube.com/watch?v=7HD5ZG2MmeQ,Ugzs0mlCrYCghRWhxqx4AaABAg,He has the cleanest chart colors in the industry,2026-06-13T19:48:04Z,2026-10-01T13:26:48.227131+00:00,1,0,,60ddef8971193263888559adea01498191025be2bdd9ad41fbcd427be11c0081,,youtube-data-api-v3/commentThreads.list,,7HD5ZG2MmeQ,"Gold Trading Strategy Explained - SMC, Supply and demand, liquidity xauusd trade breakdown",The Trading Academy,,
youtube,The Trading Academy,7HD5ZG2MmeQ,https://www.youtube.com/watch?v=7HD5ZG2MmeQ,Ugx335M9D41-JkHeTDt4AaABAg,This is an entry trade before the trend even starts!,2025-02-08T13:21:53Z,2026-10-01T13:26:48.227131+00:00,1,0,,4d096a0e49bca4a34ab3bba5473724761fdae1e1ae1338ebfe56349d97926580,,youtube-data-api-v3/commentThreads.list,,7HD5ZG2MmeQ,"Gold Trading Strategy Explained - SMC, Supply and demand, liquidity xauusd trade breakdown",The Trading Academy,,
youtube,The Trading Academy,7HD5ZG2MmeQ,https://www.youtube.com/watch?v=7HD5ZG2MmeQ,UgyMBFRAgWYcBt_aZKJ4AaABAg,I wouldve taken that OB retest and targeted session highs. That's my strategy,2026-02-24T23:35:17Z,2026-10-01T13:26:48.227131+00:00,2,0,,49abe31e10e4ceead5b6bbc2fc2813a70b1642ec11c69528f97b291f9eac23b9,,youtube-data-api-v3/commentThreads.list,,7HD5ZG2MmeQ,"Gold Trading Strategy Explained - SMC, Supply and demand, liquidity xauusd trade breakdown",The Trading Academy,,
youtube,The Trading Academy,7HD5ZG2MmeQ,https://www.youtube.com/watch?v=7HD5ZG2MmeQ,Ugx1HH1BH2JgwMwMN1Z4AaABAg,CHOCH High and double Break ✌️,2024-09-11T15:28:40Z,2026-10-01T13:26:48.227131+00:00,3,0,,62999532f61c61934fab720af74360bad5b80211cccf98b9cfe4c6e0f1e718e2,,youtube-data-api-v3/commentThreads.list,,7HD5ZG2MmeQ,"Gold Trading Strategy Explained - SMC, Supply and demand, liquidity xauusd trade breakdown",The Trading Academy,,
youtube,The Trading Academy,7HD5ZG2MmeQ,https://www.youtube.com/watch?v=7HD5ZG2MmeQ,UgzIac6L5pHjTXirvuV4AaABAg,"Spot gold will rise to $3000. I specialize in technical analysis of gold—following the market is the best trading strategy, and fundamentals are all deceptive.",2025-04-13T03:49:16Z,2026-10-01T13:26:48.227131+00:00,29,11,,eef92f6c8ed322ce5f2a44c0bfcbc574c9847ba71a0d9c33b2ecf009c9d2d45a,,youtube-data-api-v3/commentThreads.list,,7HD5ZG2MmeQ,"Gold Trading Strategy Explained - SMC, Supply and demand, liquidity xauusd trade breakdown",The Trading Academy,,
youtube,The Trading Academy,7HD5ZG2MmeQ,https://www.youtube.com/watch?v=7HD5ZG2MmeQ,UgzIac6L5pHjTXirvuV4AaABAg.AGqKbdwo6NSAGvjHgrGutf,"How do you  follow the market, please explain",2025-04-15T06:09:49Z,2026-10-01T13:26:48.227131+00:00,0,0,,29c49b7d8305628b8b4fa5e1fc071bd74732055f1544b7e8013e91f8d24ad83b,UgzIac6L5pHjTXirvuV4AaABAg,youtube-data-api-v3/commentThreads.list,,7HD5ZG2MmeQ,"Gold Trading Strategy Explained - SMC, Supply and demand, liquidity xauusd trade breakdown",The Trading Academy,,
youtube,The Trading Academy,7HD5ZG2MmeQ,https://www.youtube.com/watch?v=7HD5ZG2MmeQ,UgzIac6L5pHjTXirvuV4AaABAg.AGqKbdwo6NSALWGCeZ1z1E,Hey pls send me your link for your analysis,2025-08-07T06:03:42Z,2026-10-01T13:26:48.227131+00:00,0,0,,9f4ea2629325f488d0471df8c95c11fddad6777c0b16dccf96ef709b34cf95ff,UgzIac6L5pHjTXirvuV4AaABAg,youtube-data-api-v3/commentThreads.list,,7HD5ZG2MmeQ,"Gold Trading Strategy Explained - SMC, Supply and demand, liquidity xauusd trade breakdown",The Trading Academy,,
youtube,The Trading Academy,7HD5ZG2MmeQ,https://www.youtube.com/watch?v=7HD5ZG2MmeQ,UgzIac6L5pHjTXirvuV4AaABAg.AGqKbdwo6NSAOM9JB56hb3,Whoever speculated this is rich now 😂,2025-10-16T21:25:12Z,2026-10-01T13:26:48.227131+00:00,9,0,,1ec74e157eb9d71db5e008b1a494c36831104cd4ad8e76980ef59b20a6f4baf9,UgzIac6L5pHjTXirvuV4AaABAg,youtube-data-api-v3/commentThreads.list,,7HD5ZG2MmeQ,"Gold Trading Strategy Explained - SMC, Supply and demand, liquidity xauusd trade breakdown",The Trading Academy,,
youtube,The Trading Academy,7HD5ZG2MmeQ,https://www.youtube.com/watch?v=7HD5ZG2MmeQ,UgzIac6L5pHjTXirvuV4AaABAg.AGqKbdwo6NSAOPIo_OYhdp,@soargamer1437trueeee,2025-10-18T02:45:59Z,2026-10-01T13:26:48.227131+00:00,0,0,,009b942f77ee8752af40cde94e82f3857feee69a6eb550c5a6c78f08061febf0,UgzIac6L5pHjTXirvuV4AaABAg,youtube-data-api-v3/commentThreads.list,,7HD5ZG2MmeQ,"Gold Trading Strategy Explained - SMC, Supply and demand, liquidity xauusd trade breakdown",The Trading Academy,,
youtube,The Trading Academy,7HD5ZG2MmeQ,https://www.youtube.com/watch?v=7HD5ZG2MmeQ,UgzIac6L5pHjTXirvuV4AaABAg.AGqKbdwo6NSAOaXZ6StAVr,Bro you’re rich !,2025-10-22T20:45:42Z,2026-10-01T13:26:48.227131+00:00,1,0,,ed3eb7d13c86868db2629819accb2646e58cea2cd4e4c63ea38154b3585ef63a,UgzIac6L5pHjTXirvuV4AaABAg,youtube-data-api-v3/commentThreads.list,,7HD5ZG2MmeQ,"Gold Trading Strategy Explained - SMC, Supply and demand, liquidity xauusd trade breakdown",The Trading Academy,,
youtube,The Trading Academy,7HD5ZG2MmeQ,https://www.youtube.com/watch?v=7HD5ZG2MmeQ,UgyoZ6RQf_Z3Rsd5cw54AaABAg,"more for Gold, i Love it, Perfect Strategys my Friend, i send you Love",2026-07-31T12:03:35Z,2026-10-01T13:26:48.227131+00:00,0,0,,b6029811a47c01bb46d4a913d1d950798dd8e3b43b8e7c752737fb1ae299c4a8,,youtube-data-api-v3/commentThreads.list,,7HD5ZG2MmeQ,"Gold Trading Strategy Explained - SMC, Supply and demand, liquidity xauusd trade breakdown",The Trading Academy,,
youtube,The Trading Academy,7HD5ZG2MmeQ,https://www.youtube.com/watch?v=7HD5ZG2MmeQ,UgyPU0ihrKSFTTA_OUl4AaABAg,Sl should be below the candle which break the high and strategy works only during opening of sessions,2026-09-12T07:36:44Z,2026-10-01T13:26:48.227131+00:00,1,0,,5536d69f929e188c18d9e1a0acf9d6a597bb967786962f3dddfcc0fde51f729f,,youtube-data-api-v3/commentThreads.list,,7HD5ZG2MmeQ,"Gold Trading Strategy Explained - SMC, Supply and demand, liquidity xauusd trade breakdown",The Trading Academy,,
youtube,The Trading Academy,7HD5ZG2MmeQ,https://www.youtube.com/watch?v=7HD5ZG2MmeQ,UgxiJRZc2i0y-yp7KFx4AaABAg,Your trading techniques and style is just awesome!,2024-11-04T14:56:05Z,2026-10-01T13:26:48.227131+00:00,20,4,,313bbf8b51c83b6387ade11c66f4a4997cc0b1d0042b905ad82cca216cf84ab5,,youtube-data-api-v3/commentThreads.list,,7HD5ZG2MmeQ,"Gold Trading Strategy Explained - SMC, Supply and demand, liquidity xauusd trade breakdown",The Trading Academy,,
youtube,The Trading Academy,7HD5ZG2MmeQ,https://www.youtube.com/watch?v=7HD5ZG2MmeQ,UgxiJRZc2i0y-yp7KFx4AaABAg.AAQXjWgcSdpACcD6QyDOxJ,Futures?,2024-12-29T06:08:46Z,2026-10-01T13:26:48.227131+00:00,0,0,,cd85cf942e7fb6bb33efe7e5f6ab625e0bdddcc5c9dc4d9ff5b6ca12796760da,UgxiJRZc2i0y-yp7KFx4AaABAg,youtube-data-api-v3/commentThreads.list,,7HD5ZG2MmeQ,"Gold Trading Strategy Explained - SMC, Supply and demand, liquidity xauusd trade breakdown",The Trading Academy,,
youtube,The Trading Academy,7HD5ZG2MmeQ,https://www.youtube.com/watch?v=7HD5ZG2MmeQ,UgxiJRZc2i0y-yp7KFx4AaABAg.AAQXjWgcSdpAG_cL_KTBd6,Can I learn from you,2025-04-06T16:05:53Z,2026-10-01T13:26:48.227131+00:00,0,0,,b3bc19a70d0f1bac49f4f98db7efc006e3215bd03a647b7dcfad03c48e420e55,UgxiJRZc2i0y-yp7KFx4AaABAg,youtube-data-api-v3/commentThreads.list,,7HD5ZG2MmeQ,"Gold Trading Strategy Explained - SMC, Supply and demand, liquidity xauusd trade breakdown",The Trading Academy,,
youtube,The Trading Academy,7HD5ZG2MmeQ,https://www.youtube.com/watch?v=7HD5ZG2MmeQ,UgxiJRZc2i0y-yp7KFx4AaABAg.AAQXjWgcSdpAGqKkBC9ukc,"Spot gold will rise to $3000. I specialize in technical analysis of gold—following the market is the best trading strategy, and fundamentals are all deceptive.",2025-04-13T03:50:26Z,2026-10-01T13:26:48.227131+00:00,0,0,,eef92f6c8ed322ce5f2a44c0bfcbc574c9847ba71a0d9c33b2ecf009c9d2d45a,UgxiJRZc2i0y-yp7KFx4AaABAg,youtube-data-api-v3/commentThreads.list,,7HD5ZG2MmeQ,"Gold Trading Strategy Explained - SMC, Supply and demand, liquidity xauusd trade breakdown",The Trading Academy,,
youtube,The Trading Academy,7HD5ZG2MmeQ,https://www.youtube.com/watch?v=7HD5ZG2MmeQ,UgzMkzCu5vecV793_Yh4AaABAg,"when u say clean, be sprcific bro",2026-07-01T15:12:26Z,2026-10-01T13:26:48.227131+00:00,1,0,,cbccfaedafa4ef2f2ebfec50493e68cdb4a1cdee388f032eef770895e99d7d13,,youtube-data-api-v3/commentThreads.list,,7HD5ZG2MmeQ,"Gold Trading Strategy Explained - SMC, Supply and demand, liquidity xauusd trade breakdown",The Trading Academy,,
youtube,The Trading Academy,7HD5ZG2MmeQ,https://www.youtube.com/watch?v=7HD5ZG2MmeQ,Ugxb43EGS25SmVXdIM54AaABAg,📍 Good example of letting the market come to you.,2026-07-01T21:57:04Z,2026-10-01T13:26:48.227131+00:00,1,0,,73c1494ea0577661e27d3fafa1e2e2f9324a282aa6372a64880a49312a6b64fe,,youtube-data-api-v3/commentThreads.list,,7HD5ZG2MmeQ,"Gold Trading Strategy Explained - SMC, Supply and demand, liquidity xauusd trade breakdown",The Trading Academy,,
youtube,The Trading Academy,7HD5ZG2MmeQ,https://www.youtube.com/watch?v=7HD5ZG2MmeQ,Ugy8DPp8DWFItCUwXuB4AaABAg,Or just go long or short after a small bounce off Supply and Demand :D,2025-03-20T19:16:15Z,2026-10-01T13:26:48.227131+00:00,1,0,,11eaec60367c1f6e877f5b8a309bf85d9edcaa7a43e3626f0eb2c22203bbfeb2,,youtube-data-api-v3/commentThreads.list,,7HD5ZG2MmeQ,"Gold Trading Strategy Explained - SMC, Supply and demand, liquidity xauusd trade breakdown",The Trading Academy,,
youtube,The Trading Academy,7HD5ZG2MmeQ,https://www.youtube.com/watch?v=7HD5ZG2MmeQ,UgxKwJW3zDYTMaN_fwt4AaABAg,well I was practicing and I got a win rate of 66 percent with an average of like 1:2,2025-11-30T05:51:22Z,2026-10-01T13:26:48.227131+00:00,1,0,,f956a67b7d6076d4766df6a841c4b1e4fb4da4a6b8b3add7d65dd0e35399b415,,youtube-data-api-v3/commentThreads.list,,7HD5ZG2MmeQ,"Gold Trading Strategy Explained - SMC, Supply and demand, liquidity xauusd trade breakdown",The Trading Academy,,
youtube,The Trading Academy,7HD5ZG2MmeQ,https://www.youtube.com/watch?v=7HD5ZG2MmeQ,UgypkZTnE0FPUHdbWHR4AaABAg,Thanks sir ❤,2024-09-11T11:05:00Z,2026-10-01T13:26:48.227131+00:00,2,1,,b5f4725d6a56e86cfb51983d18de534c409d06771060cb261a391b17be78a231,,youtube-data-api-v3/commentThreads.list,,7HD5ZG2MmeQ,"Gold Trading Strategy Explained - SMC, Supply and demand, liquidity xauusd trade breakdown",The Trading Academy,,
youtube,The Trading Academy,7HD5ZG2MmeQ,https://www.youtube.com/watch?v=7HD5ZG2MmeQ,UgyejZLTaMywHk491HZ4AaABAg,Gold pair also did create retracement,2025-12-11T11:56:17Z,2026-10-01T13:26:48.227131+00:00,1,0,,f4a68b82f0d2a59af95415d159a1f507d165d0b815dfa7eae37aa71d2d478bb1,,youtube-data-api-v3/commentThreads.list,,7HD5ZG2MmeQ,"Gold Trading Strategy Explained - SMC, Supply and demand, liquidity xauusd trade breakdown",The Trading Academy,,
youtube,The Trading Academy,7HD5ZG2MmeQ,https://www.youtube.com/watch?v=7HD5ZG2MmeQ,UgxjkVHk8A6lj5nYyi54AaABAg,Can u explain what's a double break?,2025-12-31T05:01:53Z,2026-10-01T13:26:48.227131+00:00,2,0,,28395aeb4a06cc0f0f33587c3dcd2f563d4bed4226a420425dc2e0b53614eb23,,youtube-data-api-v3/commentThreads.list,,7HD5ZG2MmeQ,"Gold Trading Strategy Explained - SMC, Supply and demand, liquidity xauusd trade breakdown",The Trading Academy,,
youtube,The Trading Academy,7HD5ZG2MmeQ,https://www.youtube.com/watch?v=7HD5ZG2MmeQ,UgwWzgOwq6qqUAR7_nx4AaABAg,Best strategy ✅💲,2026-06-28T15:21:35Z,2026-10-01T13:26:48.227131+00:00,1,0,,cadd33ba7492a8eef70748a965c8fafe6f12f4e4229432461d3651427284f746,,youtube-data-api-v3/commentThreads.list,,7HD5ZG2MmeQ,"Gold Trading Strategy Explained - SMC, Supply and demand, liquidity xauusd trade breakdown",The Trading Academy,,
youtube,The Trading Academy,7HD5ZG2MmeQ,https://www.youtube.com/watch?v=7HD5ZG2MmeQ,UgyiZ-4yEDwSS5WkUoF4AaABAg,Cool story bro,2026-07-06T18:20:21Z,2026-10-01T13:26:48.227131+00:00,1,0,,6c8f8221ad17d2105c05aa34f5cec4d1bd7a6a0f2f8262ec15540b5a41bbe63e,,youtube-data-api-v3/commentThreads.list,,7HD5ZG2MmeQ,"Gold Trading Strategy Explained - SMC, Supply and demand, liquidity xauusd trade breakdown",The Trading Academy,,
youtube,The Trading Academy,7HD5ZG2MmeQ,https://www.youtube.com/watch?v=7HD5ZG2MmeQ,UgwQoRX6HgEDN1c3-CF4AaABAg,If I want to start everything he doing in this video what do I need to start,2026-06-24T15:26:48Z,2026-10-01T13:26:48.227131+00:00,1,0,,952ac7629cadd3dab977ebc5af892d9193e22bf580a60a4b80bb562f2f4904da,,youtube-data-api-v3/commentThreads.list,,7HD5ZG2MmeQ,"Gold Trading Strategy Explained - SMC, Supply and demand, liquidity xauusd trade breakdown",The Trading Academy,,
youtube,The Trading Academy,7HD5ZG2MmeQ,https://www.youtube.com/watch?v=7HD5ZG2MmeQ,UgxxfPFD_LlQ_owpOzR4AaABAg,A wick is not a break,2026-06-21T15:45:43Z,2026-10-01T13:26:48.227131+00:00,1,0,,ee15de22747dd6ef84044468d769a584fb42486d62a8f659a80582d4dc2033c5,,youtube-data-api-v3/commentThreads.list,,7HD5ZG2MmeQ,"Gold Trading Strategy Explained - SMC, Supply and demand, liquidity xauusd trade breakdown",The Trading Academy,,
youtube,The Trading Academy,7HD5ZG2MmeQ,https://www.youtube.com/watch?v=7HD5ZG2MmeQ,Ugx1QtHxUjOp2vqFsNB4AaABAg,What time frame ?,2026-07-28T16:10:34Z,2026-10-01T13:26:48.227131+00:00,1,0,,b332c50e31fbdae39df8deffd43400cc447f6cdccbe9ffb1dc1ba5246b625a32,,youtube-data-api-v3/commentThreads.list,,7HD5ZG2MmeQ,"Gold Trading Strategy Explained - SMC, Supply and demand, liquidity xauusd trade breakdown",The Trading Academy,,
youtube,The Trading Academy,7HD5ZG2MmeQ,https://www.youtube.com/watch?v=7HD5ZG2MmeQ,UgyEhEvg0b5INxMRH894AaABAg,so easy to talk when market already moved innit,2026-05-13T00:54:46Z,2026-10-01T13:26:48.227131+00:00,1,0,,b94c20b2154bf0e3a625e98a0fc9f26c2368c50688b6e61c812fb5203ede54cf,,youtube-data-api-v3/commentThreads.list,,7HD5ZG2MmeQ,"Gold Trading Strategy Explained - SMC, Supply and demand, liquidity xauusd trade breakdown",The Trading Academy,,
youtube,The Trading Academy,7HD5ZG2MmeQ,https://www.youtube.com/watch?v=7HD5ZG2MmeQ,UgxYE-zg1AjykrH9XCt4AaABAg,Timeframe? And whats the pip range on ur screen,2025-03-11T14:07:12Z,2026-10-01T13:26:48.227131+00:00,1,0,,825518168211371659a0338f99e217aa613f79edb492c29ef686ffc04c4a2475,,youtube-data-api-v3/commentThreads.list,,7HD5ZG2MmeQ,"Gold Trading Strategy Explained - SMC, Supply and demand, liquidity xauusd trade breakdown",The Trading Academy,,
youtube,The Trading Academy,7HD5ZG2MmeQ,https://www.youtube.com/watch?v=7HD5ZG2MmeQ,Ugzrw6hr3fvNUfWfWop4AaABAg,So detailed,2025-12-20T15:48:10Z,2026-10-01T13:26:48.227131+00:00,1,0,,5cd167f13f1379339819aaf1a90a6ae2feca7d39b748a5500d8be2402412e01f,,youtube-data-api-v3/commentThreads.list,,7HD5ZG2MmeQ,"Gold Trading Strategy Explained - SMC, Supply and demand, liquidity xauusd trade breakdown",The Trading Academy,,
youtube,The Trading Academy,7HD5ZG2MmeQ,https://www.youtube.com/watch?v=7HD5ZG2MmeQ,UgzuqZ9hxFF3-z394ch4AaABAg,timeframe>?,2026-06-12T03:14:35Z,2026-10-01T13:26:48.228132+00:00,1,0,,c35945e670362d433113447b6b1cf6a35ed2d736ae793f995f9cf844260c7d50,,youtube-data-api-v3/commentThreads.list,,7HD5ZG2MmeQ,"Gold Trading Strategy Explained - SMC, Supply and demand, liquidity xauusd trade breakdown",The Trading Academy,,
youtube,The Trading Academy,7HD5ZG2MmeQ,https://www.youtube.com/watch?v=7HD5ZG2MmeQ,Ugw0Cc5_k7oIS6NcMK54AaABAg,"Hello, Are you also involved in forex trading or using Expert Advisors (EAs)?",2026-07-02T12:03:42Z,2026-10-01T13:26:48.228132+00:00,1,0,,3ef6aba32175cb303f2d3bb70c3f2c7d0c52e37d10b1fb78d50c57ffc3f2593e,,youtube-data-api-v3/commentThreads.list,,7HD5ZG2MmeQ,"Gold Trading Strategy Explained - SMC, Supply and demand, liquidity xauusd trade breakdown",The Trading Academy,,
youtube,The Trading Academy,7HD5ZG2MmeQ,https://www.youtube.com/watch?v=7HD5ZG2MmeQ,Ugx5ZDkfyWm0LulEJiR4AaABAg,Great technique! Do you have any other techniques?,2025-02-08T05:39:08Z,2026-10-01T13:26:48.228132+00:00,3,1,,5ca37563a096aa889e73ff697f837f09d2f38ab69e0a2ce68802832f8a633e2b,,youtube-data-api-v3/commentThreads.list,,7HD5ZG2MmeQ,"Gold Trading Strategy Explained - SMC, Supply and demand, liquidity xauusd trade breakdown",The Trading Academy,,
youtube,The Trading Academy,7HD5ZG2MmeQ,https://www.youtube.com/watch?v=7HD5ZG2MmeQ,Ugx5ZDkfyWm0LulEJiR4AaABAg.AEGjJJPYqemAGd2zTYCIQM,I'm so happy now I own a book shop through trading,2025-04-08T00:05:07Z,2026-10-01T13:26:48.228132+00:00,0,0,,e35d79d6f1907a7bd4f5a3da619600f7a3a00f4980e4d451beb55f1335749574,Ugx5ZDkfyWm0LulEJiR4AaABAg,youtube-data-api-v3/commentThreads.list,,7HD5ZG2MmeQ,"Gold Trading Strategy Explained - SMC, Supply and demand, liquidity xauusd trade breakdown",The Trading Academy,,
youtube,The Trading Academy,7HD5ZG2MmeQ,https://www.youtube.com/watch?v=7HD5ZG2MmeQ,Ugz9bwzqkfG448Co5ol4AaABAg,"Please, create a full video on this. Please.",2024-09-11T15:27:10Z,2026-10-01T13:26:48.228132+00:00,1,2,,bc39463bdbcde70a7eb2a640a9f2a80505cf812fcff6d4e19176228ad351da38,,youtube-data-api-v3/commentThreads.list,,7HD5ZG2MmeQ,"Gold Trading Strategy Explained - SMC, Supply and demand, liquidity xauusd trade breakdown",The Trading Academy,,
youtube,The Trading Academy,7HD5ZG2MmeQ,https://www.youtube.com/watch?v=7HD5ZG2MmeQ,Ugz9bwzqkfG448Co5ol4AaABAg.A8FYMpoEn3jAGqKnpNvUf8,"Spot gold will rise to $3000. I specialize in technical analysis of gold—following the market is the best trading strategy, and fundamentals are all deceptive.",2025-04-13T03:50:56Z,2026-10-01T13:26:48.228132+00:00,1,0,,eef92f6c8ed322ce5f2a44c0bfcbc574c9847ba71a0d9c33b2ecf009c9d2d45a,Ugz9bwzqkfG448Co5ol4AaABAg,youtube-data-api-v3/commentThreads.list,,7HD5ZG2MmeQ,"Gold Trading Strategy Explained - SMC, Supply and demand, liquidity xauusd trade breakdown",The Trading Academy,,
youtube,The Trading Academy,7HD5ZG2MmeQ,https://www.youtube.com/watch?v=7HD5ZG2MmeQ,UgzGfFk08EcvouIL7KZ4AaABAg,What does double break mean?,2026-05-23T10:55:26Z,2026-10-01T13:26:48.228132+00:00,1,0,,0cfaad069765a5d53cd7d8f707291567ef5c70754f93f4a08176dd79d3bf01a1,,youtube-data-api-v3/commentThreads.list,,7HD5ZG2MmeQ,"Gold Trading Strategy Explained - SMC, Supply and demand, liquidity xauusd trade breakdown",The Trading Academy,,
youtube,The Trading Academy,7HD5ZG2MmeQ,https://www.youtube.com/watch?v=7HD5ZG2MmeQ,Ugx5EkZwv5Rei4KX7WJ4AaABAg,"You think you have found the key, the market changes the lock the very next day",2026-08-02T07:54:08Z,2026-10-01T13:26:48.228132+00:00,1,0,,c1dc81c8b6c1023b43a6016c65950a45b4051c44de0d1c235ea218765767fb4e,,youtube-data-api-v3/commentThreads.list,,7HD5ZG2MmeQ,"Gold Trading Strategy Explained - SMC, Supply and demand, liquidity xauusd trade breakdown",The Trading Academy,,
youtube,The Trading Academy,7HD5ZG2MmeQ,https://www.youtube.com/watch?v=7HD5ZG2MmeQ,UgwrTrTM1Ru052iBcWh4AaABAg,CAN YOU HIGHLIGHT TIMEFRAMES,2024-09-12T14:43:57Z,2026-10-01T13:26:48.228132+00:00,0,0,,8b92f6beb535d2b0cd24074be4cfebd378eb93b7afead0800b1f1c8693a3573e,,youtube-data-api-v3/commentThreads.list,,7HD5ZG2MmeQ,"Gold Trading Strategy Explained - SMC, Supply and demand, liquidity xauusd trade breakdown",The Trading Academy,,
youtube,The Trading Academy,7HD5ZG2MmeQ,https://www.youtube.com/watch?v=7HD5ZG2MmeQ,UgzoJKhDf0Oz-roInwd4AaABAg,On which minute of graph ?,2025-11-21T23:19:41Z,2026-10-01T13:26:48.228132+00:00,1,0,,ec71f44fed3757eeb77e17e208a1f80818a06905e72bfedf2c6d02e1ed578356,,youtube-data-api-v3/commentThreads.list,,7HD5ZG2MmeQ,"Gold Trading Strategy Explained - SMC, Supply and demand, liquidity xauusd trade breakdown",The Trading Academy,,
youtube,The Trading Academy,7HD5ZG2MmeQ,https://www.youtube.com/watch?v=7HD5ZG2MmeQ,UgxyfRIPW7mKo-m1q-x4AaABAg,At what time frame? This will work,2025-10-06T03:54:38Z,2026-10-01T13:26:48.228132+00:00,1,0,,ac9902c182fc4428fbb9da21c11e33810967f50ff03ff70cf3a74c09202ff138,,youtube-data-api-v3/commentThreads.list,,7HD5ZG2MmeQ,"Gold Trading Strategy Explained - SMC, Supply and demand, liquidity xauusd trade breakdown",The Trading Academy,,
youtube,The Trading Academy,7HD5ZG2MmeQ,https://www.youtube.com/watch?v=7HD5ZG2MmeQ,Ugx9h2X4lSusZrJpgsZ4AaABAg,"You try this kind of stop loss, you’re dead in less than 10 seconds, you’ll know how fast gold is,",2026-09-12T16:27:58Z,2026-10-01T13:26:48.228132+00:00,1,0,,5b88a2024d9988622c064d48b59d692d53b87a49247bdf4bfc53e0e68c17b8de,,youtube-data-api-v3/commentThreads.list,,7HD5ZG2MmeQ,"Gold Trading Strategy Explained - SMC, Supply and demand, liquidity xauusd trade breakdown",The Trading Academy,,
youtube,The Trading Academy,7HD5ZG2MmeQ,https://www.youtube.com/watch?v=7HD5ZG2MmeQ,UgyemIZIalSeMH5Aa4B4AaABAg,"Getting oriented before diving into trading is crucial, especially for newcomers. I lost money in the beginning because I didn’t have the right knowledge or strategy. Everything changed after I found a course that taught me how to trade with discipline and proper risk management. $220k profit, and there’s still more profit to come next month.",2026-09-03T07:52:51Z,2026-10-01T13:26:48.228132+00:00,1,0,,a819192ae9790b817f27852b6b9db600e9059e733f01fecc01250697ca816ec6,,youtube-data-api-v3/commentThreads.list,,7HD5ZG2MmeQ,"Gold Trading Strategy Explained - SMC, Supply and demand, liquidity xauusd trade breakdown",The Trading Academy,,
youtube,The Trading Academy,7HD5ZG2MmeQ,https://www.youtube.com/watch?v=7HD5ZG2MmeQ,UgzlWtojcuG8xz5XR_d4AaABAg,Gold hunts SL,2026-03-08T14:37:24Z,2026-10-01T13:26:48.228132+00:00,1,0,,b8d75d48c7ea16cb0d71ffb34f7b9dc93ad93fe596f28fed9068f75ac5fd4c99,,youtube-data-api-v3/commentThreads.list,,7HD5ZG2MmeQ,"Gold Trading Strategy Explained - SMC, Supply and demand, liquidity xauusd trade breakdown",The Trading Academy,,
youtube,The Trading Academy,7HD5ZG2MmeQ,https://www.youtube.com/watch?v=7HD5ZG2MmeQ,Ugz4ekd74wLSwqodqkJ4AaABAg,💯,2026-07-14T06:24:35Z,2026-10-01T13:26:48.228132+00:00,1,0,,1f8ff8bf29f793ef0cedf57428e9e64a8d85ed686b363f633992467d3a1f975f,,youtube-data-api-v3/commentThreads.list,,7HD5ZG2MmeQ,"Gold Trading Strategy Explained - SMC, Supply and demand, liquidity xauusd trade breakdown",The Trading Academy,,
youtube,The Trading Academy,7HD5ZG2MmeQ,https://www.youtube.com/watch?v=7HD5ZG2MmeQ,UgykzYO9m9ntmWimKIl4AaABAg,"I love watching these vids to humour myself, please don’t listen to this",2026-03-15T15:36:08Z,2026-10-01T13:26:48.228132+00:00,1,0,,6c07823bb87b9ba6850c26cbf703f72bef8c6f972d58f719de3dd0dac17a55bc,,youtube-data-api-v3/commentThreads.list,,7HD5ZG2MmeQ,"Gold Trading Strategy Explained - SMC, Supply and demand, liquidity xauusd trade breakdown",The Trading Academy,,
youtube,The Trading Academy,7HD5ZG2MmeQ,https://www.youtube.com/watch?v=7HD5ZG2MmeQ,UgxvLPx4rj9Upi_drcp4AaABAg,What timeframe is this in?,2025-05-11T19:10:55Z,2026-10-01T13:26:48.228132+00:00,1,0,,3dfa9a8b086b2bbb6a8756c309ffcbde86d6b6d14087d28468e8979672304f9c,,youtube-data-api-v3/commentThreads.list,,7HD5ZG2MmeQ,"Gold Trading Strategy Explained - SMC, Supply and demand, liquidity xauusd trade breakdown",The Trading Academy,,
youtube,The Trading Academy,7HD5ZG2MmeQ,https://www.youtube.com/watch?v=7HD5ZG2MmeQ,Ugz1Im1U_M-q_2dqOTN4AaABAg,Thanks,2026-07-13T07:43:05Z,2026-10-01T13:26:48.228132+00:00,1,0,,cf263e3e36c73741ab0b997b407b077a0a6730a2c2cb88033e53c7bdbf72123c,,youtube-data-api-v3/commentThreads.list,,7HD5ZG2MmeQ,"Gold Trading Strategy Explained - SMC, Supply and demand, liquidity xauusd trade breakdown",The Trading Academy,,
youtube,The Trading Academy,7HD5ZG2MmeQ,https://www.youtube.com/watch?v=7HD5ZG2MmeQ,UgyITxqTxtRc9TULF1F4AaABAg,Really,2026-01-05T03:18:42Z,2026-10-01T13:26:48.228132+00:00,1,0,,b4d70db515bc478fe9f068fadc9265fe3da9046170ce51341ad82fa5ad08136f,,youtube-data-api-v3/commentThreads.list,,7HD5ZG2MmeQ,"Gold Trading Strategy Explained - SMC, Supply and demand, liquidity xauusd trade breakdown",The Trading Academy,,
youtube,The Trading Academy,7HD5ZG2MmeQ,https://www.youtube.com/watch?v=7HD5ZG2MmeQ,UgzUdTmThiFMJDM76mB4AaABAg,which session is works fine..? London session  or NY session..?,2025-04-10T12:48:52Z,2026-10-01T13:26:48.228132+00:00,0,0,,402b9a5c76e732bba4f9f500c452ec5c0742fd33b6e55721beb0e602f2560c12,,youtube-data-api-v3/commentThreads.list,,7HD5ZG2MmeQ,"Gold Trading Strategy Explained - SMC, Supply and demand, liquidity xauusd trade breakdown",The Trading Academy,,
youtube,The Trading Academy,7HD5ZG2MmeQ,https://www.youtube.com/watch?v=7HD5ZG2MmeQ,UgzSwZgu_PHf_FADuQp4AaABAg,On which Timeframe?,2025-04-15T06:11:27Z,2026-10-01T13:26:48.228132+00:00,0,0,,29c49b7d8305628b8b4fa5e1fc071bd74732055f1544b7e8013e91f8d24ad83b,,youtube-data-api-v3/commentThreads.list,,7HD5ZG2MmeQ,"Gold Trading Strategy Explained - SMC, Supply and demand, liquidity xauusd trade breakdown",The Trading Academy,,
youtube,The Trading Academy,7HD5ZG2MmeQ,https://www.youtube.com/watch?v=7HD5ZG2MmeQ,Ugxug1XOyZWX935PWHh4AaABAg,Timeframe?,2025-04-09T03:02:37Z,2026-10-01T13:26:48.228132+00:00,1,0,,9bc48c35677f3d0407e8f1212c4bf368f5002b0ae5f676da03fa09fef82a3a09,,youtube-data-api-v3/commentThreads.list,,7HD5ZG2MmeQ,"Gold Trading Strategy Explained - SMC, Supply and demand, liquidity xauusd trade breakdown",The Trading Academy,,
youtube,The Trading Academy,7HD5ZG2MmeQ,https://www.youtube.com/watch?v=7HD5ZG2MmeQ,UgxPJbhJ-SRKafX5V9l4AaABAg,❤,2026-08-30T11:14:42Z,2026-10-01T13:26:48.228132+00:00,1,0,,6c113e017904d4a13187840d22b931ef6db7c266aabd694884df3547a8036763,,youtube-data-api-v3/commentThreads.list,,7HD5ZG2MmeQ,"Gold Trading Strategy Explained - SMC, Supply and demand, liquidity xauusd trade breakdown",The Trading Academy,,
youtube,The Trading Academy,7HD5ZG2MmeQ,https://www.youtube.com/watch?v=7HD5ZG2MmeQ,Ugy29oTKP4FTKbSeont4AaABAg,❤ Live and in person,2026-09-26T15:00:32Z,2026-10-01T13:26:48.228132+00:00,0,0,,c5672fd7d02d9e94f21794dd37ffa76dd9adb9baffa97dd68fa5bb8046516b18,,youtube-data-api-v3/commentThreads.list,,7HD5ZG2MmeQ,"Gold Trading Strategy Explained - SMC, Supply and demand, liquidity xauusd trade breakdown",The Trading Academy,,
youtube,The Trading Academy,7HD5ZG2MmeQ,https://www.youtube.com/watch?v=7HD5ZG2MmeQ,UgzygqExN4VJ8AyGmpB4AaABAg,perfect,2026-05-10T06:42:40Z,2026-10-01T13:26:48.228132+00:00,1,0,,7dfea5775947ba7065f3b7967e27903f35905c40f49bfaf490efe0ddb52c43d1,,youtube-data-api-v3/commentThreads.list,,7HD5ZG2MmeQ,"Gold Trading Strategy Explained - SMC, Supply and demand, liquidity xauusd trade breakdown",The Trading Academy,,
youtube,The Trading Academy,7HD5ZG2MmeQ,https://www.youtube.com/watch?v=7HD5ZG2MmeQ,Ugziz9882aQtDb14cGZ4AaABAg,"I have a doubt, what do you mean by clean area of demand? Is it that has not been touched ?",2025-03-18T16:15:30Z,2026-10-01T13:26:48.228132+00:00,6,4,,0783540505da91f96fe25d2a4df3a303f0cae78b6b315b3c4a2f7f849f90ed18,,youtube-data-api-v3/commentThreads.list,,7HD5ZG2MmeQ,"Gold Trading Strategy Explained - SMC, Supply and demand, liquidity xauusd trade breakdown",The Trading Academy,,
youtube,The Trading Academy,7HD5ZG2MmeQ,https://www.youtube.com/watch?v=7HD5ZG2MmeQ,Ugziz9882aQtDb14cGZ4AaABAg.AFoiLOm261eAGd2maY8t3d,"Hello, dear",2025-04-08T00:03:21Z,2026-10-01T13:26:48.228132+00:00,0,0,,e35d79d6f1907a7bd4f5a3da619600f7a3a00f4980e4d451beb55f1335749574,Ugziz9882aQtDb14cGZ4AaABAg,youtube-data-api-v3/commentThreads.list,,7HD5ZG2MmeQ,"Gold Trading Strategy Explained - SMC, Supply and demand, liquidity xauusd trade breakdown",The Trading Academy,,
youtube,The Trading Academy,7HD5ZG2MmeQ,https://www.youtube.com/watch?v=7HD5ZG2MmeQ,Ugziz9882aQtDb14cGZ4AaABAg.AFoiLOm261eAGd2qwPLO4U,Can you believe that I made $37k today,2025-04-08T00:03:57Z,2026-10-01T13:26:48.228132+00:00,0,0,,e35d79d6f1907a7bd4f5a3da619600f7a3a00f4980e4d451beb55f1335749574,Ugziz9882aQtDb14cGZ4AaABAg,youtube-data-api-v3/commentThreads.list,,7HD5ZG2MmeQ,"Gold Trading Strategy Explained - SMC, Supply and demand, liquidity xauusd trade breakdown",The Trading Academy,,
youtube,The Trading Academy,7HD5ZG2MmeQ,https://www.youtube.com/watch?v=7HD5ZG2MmeQ,Ugziz9882aQtDb14cGZ4AaABAg.AFoiLOm261eAHZIoWTYmxt,@MondayOtah xd,2025-05-01T00:18:37Z,2026-10-01T13:26:48.228132+00:00,0,0,,54ee53c3445fe4760ced7cbd7d31c037d751bcc5320664b84c2bc5d9719e5a39,Ugziz9882aQtDb14cGZ4AaABAg,youtube-data-api-v3/commentThreads.list,,7HD5ZG2MmeQ,"Gold Trading Strategy Explained - SMC, Supply and demand, liquidity xauusd trade breakdown",The Trading Academy,,
youtube,The Trading Academy,7HD5ZG2MmeQ,https://www.youtube.com/watch?v=7HD5ZG2MmeQ,Ugziz9882aQtDb14cGZ4AaABAg.AFoiLOm261eAKBtHkwK-Fy,⁠@MondayOtahcan you teach me?,2025-07-05T11:38:28Z,2026-10-01T13:26:48.228132+00:00,0,0,,3782182d1da7692f8b9f72d12d6e2c3eff2a102d0776c99c0222f562c23c713e,Ugziz9882aQtDb14cGZ4AaABAg,youtube-data-api-v3/commentThreads.list,,7HD5ZG2MmeQ,"Gold Trading Strategy Explained - SMC, Supply and demand, liquidity xauusd trade breakdown",The Trading Academy,,
youtube,The Trading Academy,7HD5ZG2MmeQ,https://www.youtube.com/watch?v=7HD5ZG2MmeQ,UgwRHI67v0CqlTKogop4AaABAg,Instantly hits sl,2025-04-18T09:02:29Z,2026-10-01T13:26:48.228132+00:00,0,0,,150ed6069e22ec5cc3cb2b6b901b094c001c5702dd24692a041a742d4accb843,,youtube-data-api-v3/commentThreads.list,,7HD5ZG2MmeQ,"Gold Trading Strategy Explained - SMC, Supply and demand, liquidity xauusd trade breakdown",The Trading Academy,,
youtube,The Trading Academy,7HD5ZG2MmeQ,https://www.youtube.com/watch?v=7HD5ZG2MmeQ,UgwYcYQwLlr9on8fjQF4AaABAg,I myanmar thanks yig,2025-08-24T01:26:17Z,2026-10-01T13:26:48.228132+00:00,0,0,,d81b8449a836406a80f5daf39c1216eb2875d7abe36d9c75aff7f9638871cab7,,youtube-data-api-v3/commentThreads.list,,7HD5ZG2MmeQ,"Gold Trading Strategy Explained - SMC, Supply and demand, liquidity xauusd trade breakdown",The Trading Academy,,
youtube,The Trading Academy,7HD5ZG2MmeQ,https://www.youtube.com/watch?v=7HD5ZG2MmeQ,UgzW6A-nkWyg27355sp4AaABAg,Probability is very low,2024-12-24T13:35:09Z,2026-10-01T13:26:48.228132+00:00,1,0,,93d9d83e91a52ae43e08445eaabb1f32b92cc575bf258d58ecdd6ce4650f8383,,youtube-data-api-v3/commentThreads.list,,7HD5ZG2MmeQ,"Gold Trading Strategy Explained - SMC, Supply and demand, liquidity xauusd trade breakdown",The Trading Academy,,
youtube,The Trading Academy,7HD5ZG2MmeQ,https://www.youtube.com/watch?v=7HD5ZG2MmeQ,Ugxq6j2-kpDbfrwcjXV4AaABAg,Always mention time frame,2025-12-25T00:20:44Z,2026-10-01T13:26:48.228132+00:00,7,1,,94e7ee3e03eb5df4f6f3841881e781d96978e61757278e992c30525c64511b94,,youtube-data-api-v3/commentThreads.list,,7HD5ZG2MmeQ,"Gold Trading Strategy Explained - SMC, Supply and demand, liquidity xauusd trade breakdown",The Trading Academy,,
youtube,The Trading Academy,7HD5ZG2MmeQ,https://www.youtube.com/watch?v=7HD5ZG2MmeQ,Ugxq6j2-kpDbfrwcjXV4AaABAg.AR88FB06ekjAa_LDjudkJp,"Like ehh, I don't understand why they won't include the time frame",2026-09-10T12:26:48Z,2026-10-01T13:26:48.228132+00:00,0,0,,2939096f808da51ef2903edce36a2a20e441397d5cb7c37aff70d42510e867a4,Ugxq6j2-kpDbfrwcjXV4AaABAg,youtube-data-api-v3/commentThreads.list,,7HD5ZG2MmeQ,"Gold Trading Strategy Explained - SMC, Supply and demand, liquidity xauusd trade breakdown",The Trading Academy,,
youtube,The Trading Academy,7HD5ZG2MmeQ,https://www.youtube.com/watch?v=7HD5ZG2MmeQ,UgxAsvGE1OQ9QwstPCN4AaABAg,1M or 5M or 15M,2025-04-08T09:52:46Z,2026-10-01T13:26:48.228132+00:00,0,0,,94fc3c78e1d76db2e9ba75ef491a2a4d584dcd8846e56c03228916ff76f6fb4c,,youtube-data-api-v3/commentThreads.list,,7HD5ZG2MmeQ,"Gold Trading Strategy Explained - SMC, Supply and demand, liquidity xauusd trade breakdown",The Trading Academy,,
youtube,The Trading Academy,7HD5ZG2MmeQ,https://www.youtube.com/watch?v=7HD5ZG2MmeQ,UgwQf3-U3J0UtOVFTYx4AaABAg,https://youtube.com/shorts/dK3nI9dnfSM?si=1HvhIgTfOksSIMa4,2026-08-01T09:09:13Z,2026-10-01T13:26:48.228132+00:00,1,0,,9dba848f65018698ec8317b0ba0ee72b0b7f61a5667f32a5d5212947f75ef516,,youtube-data-api-v3/commentThreads.list,,7HD5ZG2MmeQ,"Gold Trading Strategy Explained - SMC, Supply and demand, liquidity xauusd trade breakdown",The Trading Academy,,
youtube,The Trading Academy,7HD5ZG2MmeQ,https://www.youtube.com/watch?v=7HD5ZG2MmeQ,UgywqQ-U0GcFkoKp29d4AaABAg,which Time frame?,2025-01-26T08:48:39Z,2026-10-01T13:26:48.228132+00:00,7,2,,de0b53a64ea755abab2ccba59dbfd3ccb7242e940f37b30d4e5868572499240a,,youtube-data-api-v3/commentThreads.list,,7HD5ZG2MmeQ,"Gold Trading Strategy Explained - SMC, Supply and demand, liquidity xauusd trade breakdown",The Trading Academy,,
youtube,The Trading Academy,7HD5ZG2MmeQ,https://www.youtube.com/watch?v=7HD5ZG2MmeQ,UgywqQ-U0GcFkoKp29d4AaABAg.ADkaev9cHvcAE9_mosnQx4,1 min 5 min,2025-02-05T11:01:14Z,2026-10-01T13:26:48.228132+00:00,1,0,,89febe6663d5313d2c830fe75cc3d981d4a430f3e9aa70a27ff2a34305d57e78,UgywqQ-U0GcFkoKp29d4AaABAg,youtube-data-api-v3/commentThreads.list,,7HD5ZG2MmeQ,"Gold Trading Strategy Explained - SMC, Supply and demand, liquidity xauusd trade breakdown",The Trading Academy,,
youtube,The Trading Academy,7HD5ZG2MmeQ,https://www.youtube.com/watch?v=7HD5ZG2MmeQ,UgywqQ-U0GcFkoKp29d4AaABAg.ADkaev9cHvcAGqKlznMAut,"Spot gold will rise to $3000. I specialize in technical analysis of gold—following the market is the best trading strategy, and fundamentals are all deceptive.",2025-04-13T03:50:41Z,2026-10-01T13:26:48.228132+00:00,0,0,,eef92f6c8ed322ce5f2a44c0bfcbc574c9847ba71a0d9c33b2ecf009c9d2d45a,UgywqQ-U0GcFkoKp29d4AaABAg,youtube-data-api-v3/commentThreads.list,,7HD5ZG2MmeQ,"Gold Trading Strategy Explained - SMC, Supply and demand, liquidity xauusd trade breakdown",The Trading Academy,,
youtube,The Trading Academy,7HD5ZG2MmeQ,https://www.youtube.com/watch?v=7HD5ZG2MmeQ,Ugy9i9GIeB2Dpq5No8J4AaABAg,How to identify demand,2024-09-12T05:08:18Z,2026-10-01T13:26:48.228132+00:00,0,1,,a1408cc4abfe79e1d39e454a7a24e5e7c9b5ee9152d92ded8c46d540c7d2d265,,youtube-data-api-v3/commentThreads.list,,7HD5ZG2MmeQ,"Gold Trading Strategy Explained - SMC, Supply and demand, liquidity xauusd trade breakdown",The Trading Academy,,
youtube,The Trading Academy,7HD5ZG2MmeQ,https://www.youtube.com/watch?v=7HD5ZG2MmeQ,Ugwla7Qp-fH2FA_WvGt4AaABAg,"Hello,  which broker can I trade gold though MT5 in the US?",2025-04-17T20:14:47Z,2026-10-01T13:26:48.228132+00:00,0,1,,5d3123ff9dbc32d4a0e1ba9d31fd5529195e51b15d63ad424bb5da6665b3e2c4,,youtube-data-api-v3/commentThreads.list,,7HD5ZG2MmeQ,"Gold Trading Strategy Explained - SMC, Supply and demand, liquidity xauusd trade breakdown",The Trading Academy,,
youtube,The Trading Academy,7HD5ZG2MmeQ,https://www.youtube.com/watch?v=7HD5ZG2MmeQ,Ugwla7Qp-fH2FA_WvGt4AaABAg.AH1O_D3215qAPS1qNXq7XB,i am using tmgm. actually good,2025-11-13T00:46:48Z,2026-10-01T13:26:48.228132+00:00,0,0,,31f72e3fa96f5909e00ed389c52f0e46b955a7bd4575542d99c7322af6608d07,Ugwla7Qp-fH2FA_WvGt4AaABAg,youtube-data-api-v3/commentThreads.list,,7HD5ZG2MmeQ,"Gold Trading Strategy Explained - SMC, Supply and demand, liquidity xauusd trade breakdown",The Trading Academy,,
youtube,The Trading Academy,7HD5ZG2MmeQ,https://www.youtube.com/watch?v=7HD5ZG2MmeQ,UgwBb_MUkxqbR5TiodN4AaABAg,You're super striking 😊,2024-09-12T15:52:32Z,2026-10-01T13:26:48.228132+00:00,0,1,,dce14c775a7672d65323c5849f9936ce6edb3d4354104c26063a0b0252954d19,,youtube-data-api-v3/commentThreads.list,,7HD5ZG2MmeQ,"Gold Trading Strategy Explained - SMC, Supply and demand, liquidity xauusd trade breakdown",The Trading Academy,,
youtube,The Trading Academy,7HD5ZG2MmeQ,https://www.youtube.com/watch?v=7HD5ZG2MmeQ,Ugxe174lAIooAjuJFJd4AaABAg,"How to define area of demand , which candle to choose",2026-06-12T04:08:28Z,2026-10-01T13:26:48.228132+00:00,0,1,,09819689ae67420ed4fde831a8c3b9e4be200ec4bdcbf2107f8cb72963cbab2c,,youtube-data-api-v3/commentThreads.list,,7HD5ZG2MmeQ,"Gold Trading Strategy Explained - SMC, Supply and demand, liquidity xauusd trade breakdown",The Trading Academy,,
youtube,The Trading Academy,7HD5ZG2MmeQ,https://www.youtube.com/watch?v=7HD5ZG2MmeQ,Ugxe174lAIooAjuJFJd4AaABAg.AXwhe7PdrNxAYK7f3FU-Ro,First candle before a big move which is usually a doji candle,2026-06-21T15:46:18Z,2026-10-01T13:26:48.228132+00:00,0,0,,ee15de22747dd6ef84044468d769a584fb42486d62a8f659a80582d4dc2033c5,Ugxe174lAIooAjuJFJd4AaABAg,youtube-data-api-v3/commentThreads.list,,7HD5ZG2MmeQ,"Gold Trading Strategy Explained - SMC, Supply and demand, liquidity xauusd trade breakdown",The Trading Academy,,
youtube,The Trading Academy,7HD5ZG2MmeQ,https://www.youtube.com/watch?v=7HD5ZG2MmeQ,UgwiXZN-9Mkg0uujLLp4AaABAg,Which time frame do you use bro,2024-09-11T11:27:16Z,2026-10-01T13:26:48.228132+00:00,1,2,,61ce2e586ff110ae95a9ee08496a2573309ae5ebb1e5009f38e8a2c7e607077f,,youtube-data-api-v3/commentThreads.list,,7HD5ZG2MmeQ,"Gold Trading Strategy Explained - SMC, Supply and demand, liquidity xauusd trade breakdown",The Trading Academy,,
youtube,The Trading Academy,7HD5ZG2MmeQ,https://www.youtube.com/watch?v=7HD5ZG2MmeQ,UgwiXZN-9Mkg0uujLLp4AaABAg.A8F6ul-WERHA8GyVfW3Bet,🙏 thanks,2024-09-12T04:43:32Z,2026-10-01T13:26:48.228132+00:00,0,0,,ed32444657191786f6d5dbfe3758dd49c9cc0bf2e2ca9ae391634fb1b86a8682,UgwiXZN-9Mkg0uujLLp4AaABAg,youtube-data-api-v3/commentThreads.list,,7HD5ZG2MmeQ,"Gold Trading Strategy Explained - SMC, Supply and demand, liquidity xauusd trade breakdown",The Trading Academy,,
youtube,The Trading Academy,7HD5ZG2MmeQ,https://www.youtube.com/watch?v=7HD5ZG2MmeQ,UgxGoo0Mc40VTi596iR4AaABAg,What time frame are you using?,2025-06-04T11:44:59Z,2026-10-01T13:26:48.228132+00:00,0,1,,d92be86faf3902785d24003fcf04383b2aa9537fc1b7a3bf9f135e43713fb934,,youtube-data-api-v3/commentThreads.list,,7HD5ZG2MmeQ,"Gold Trading Strategy Explained - SMC, Supply and demand, liquidity xauusd trade breakdown",The Trading Academy,,
youtube,The Trading Academy,7HD5ZG2MmeQ,https://www.youtube.com/watch?v=7HD5ZG2MmeQ,UgxGoo0Mc40VTi596iR4AaABAg.AIx4OHyOaBEAJH3qvqFrx6,1 or 5 minutes,2025-06-12T15:24:20Z,2026-10-01T13:26:48.228132+00:00,0,0,,08ac502cf111df54246553da6a1b44cfa949c2c3ca1585d372c6fab58083ac35,UgxGoo0Mc40VTi596iR4AaABAg,youtube-data-api-v3/commentThreads.list,,7HD5ZG2MmeQ,"Gold Trading Strategy Explained - SMC, Supply and demand, liquidity xauusd trade breakdown",The Trading Academy,,
youtube,The Trading Academy,7HD5ZG2MmeQ,https://www.youtube.com/watch?v=7HD5ZG2MmeQ,UgyF6v1nXWeNfiXi6QZ4AaABAg,https://youtu.be/seFza39di1w?si=q-szVLeSt66WYk-Y Gold Updates 8 April,2025-04-08T09:57:49Z,2026-10-01T13:26:48.228132+00:00,0,0,,3bfc9d40be1fa6e120030cc4eb4de53eeb4bc09f176f0cf192e40dfc544dd5b1,,youtube-data-api-v3/commentThreads.list,,7HD5ZG2MmeQ,"Gold Trading Strategy Explained - SMC, Supply and demand, liquidity xauusd trade breakdown",The Trading Academy,,
youtube,The Trading Academy,7HD5ZG2MmeQ,https://www.youtube.com/watch?v=7HD5ZG2MmeQ,UgzPenPuhJB27b0YP614AaABAg,"No one is telling the truth about market that’s for sure , I know many things that no one is telling anywhere.",2025-07-17T04:10:16Z,2026-10-01T13:26:48.228132+00:00,1,2,,79f325f4a9f12d29c9bbf21f43fe2520175cc73de4e8c5a6124ac77c9c569c67,,youtube-data-api-v3/commentThreads.list,,7HD5ZG2MmeQ,"Gold Trading Strategy Explained - SMC, Supply and demand, liquidity xauusd trade breakdown",The Trading Academy,,
youtube,The Trading Academy,7HD5ZG2MmeQ,https://www.youtube.com/watch?v=7HD5ZG2MmeQ,UgzPenPuhJB27b0YP614AaABAg.AKezXW2MDFPAMAUb51E7hp,What you know bro?,2025-08-23T15:37:36Z,2026-10-01T13:26:48.228132+00:00,0,0,,83c5a03281bada29638764c790b615f558824e3e7f32c81dc6931c40e4b94fe9,UgzPenPuhJB27b0YP614AaABAg,youtube-data-api-v3/commentThreads.list,,7HD5ZG2MmeQ,"Gold Trading Strategy Explained - SMC, Supply and demand, liquidity xauusd trade breakdown",The Trading Academy,,
youtube,The Trading Academy,7HD5ZG2MmeQ,https://www.youtube.com/watch?v=7HD5ZG2MmeQ,UgzPenPuhJB27b0YP614AaABAg.AKezXW2MDFPANT4PCKu_wC,wat you know we are asking you,2025-09-24T17:25:37Z,2026-10-01T13:26:48.228132+00:00,0,0,,515376489110eaf29a93e0cfa6fb8feb326d59a78ce86f459137b52a7595d30d,UgzPenPuhJB27b0YP614AaABAg,youtube-data-api-v3/commentThreads.list,,7HD5ZG2MmeQ,"Gold Trading Strategy Explained - SMC, Supply and demand, liquidity xauusd trade breakdown",The Trading Academy,,
youtube,The Trading Academy,7HD5ZG2MmeQ,https://www.youtube.com/watch?v=7HD5ZG2MmeQ,UgwgCzVRzbhRp1ik9994AaABAg,"Timeframe, please?",2024-09-11T15:35:26Z,2026-10-01T13:26:48.228132+00:00,0,2,,bc39463bdbcde70a7eb2a640a9f2a80505cf812fcff6d4e19176228ad351da38,,youtube-data-api-v3/commentThreads.list,,7HD5ZG2MmeQ,"Gold Trading Strategy Explained - SMC, Supply and demand, liquidity xauusd trade breakdown",The Trading Academy,,
youtube,The Trading Academy,7HD5ZG2MmeQ,https://www.youtube.com/watch?v=7HD5ZG2MmeQ,UgwgCzVRzbhRp1ik9994AaABAg.A8FZJPZWqCWA8G04a9k7TA,"@TheTradingAcademy Thank you! BTW, will gold go down or up if we face a great recession, please?",2024-09-11T19:46:49Z,2026-10-01T13:26:48.228132+00:00,0,0,,bc39463bdbcde70a7eb2a640a9f2a80505cf812fcff6d4e19176228ad351da38,UgwgCzVRzbhRp1ik9994AaABAg,youtube-data-api-v3/commentThreads.list,,7HD5ZG2MmeQ,"Gold Trading Strategy Explained - SMC, Supply and demand, liquidity xauusd trade breakdown",The Trading Academy,,
youtube,The Trading Academy,7HD5ZG2MmeQ,https://www.youtube.com/watch?v=7HD5ZG2MmeQ,UgwC1moC3V4Da5cpLvN4AaABAg,Guru..just placed a stop loss of 160 pips… 😂😂😂,2025-03-25T07:52:37Z,2026-10-01T13:26:48.228132+00:00,1,3,,48c5439ea083e1dcadce9cfdd7dfc09d26e369437fe46ed2499885cb885c1515,,youtube-data-api-v3/commentThreads.list,,7HD5ZG2MmeQ,"Gold Trading Strategy Explained - SMC, Supply and demand, liquidity xauusd trade breakdown",The Trading Academy,,
youtube,The Trading Academy,7HD5ZG2MmeQ,https://www.youtube.com/watch?v=7HD5ZG2MmeQ,UgwC1moC3V4Da5cpLvN4AaABAg.AG4qMJjgcwjAGd31dXc8PC,Hello dear,2025-04-08T00:05:33Z,2026-10-01T13:26:48.228132+00:00,0,0,,e35d79d6f1907a7bd4f5a3da619600f7a3a00f4980e4d451beb55f1335749574,UgwC1moC3V4Da5cpLvN4AaABAg,youtube-data-api-v3/commentThreads.list,,7HD5ZG2MmeQ,"Gold Trading Strategy Explained - SMC, Supply and demand, liquidity xauusd trade breakdown",The Trading Academy,,
youtube,The Trading Academy,7HD5ZG2MmeQ,https://www.youtube.com/watch?v=7HD5ZG2MmeQ,UgwC1moC3V4Da5cpLvN4AaABAg.AG4qMJjgcwjAGqKprE2u24,"Spot gold will rise to $3000. I specialize in technical analysis of gold—following the market is the best trading strategy, and fundamentals are all deceptive.",2025-04-13T03:51:13Z,2026-10-01T13:26:48.228132+00:00,0,0,,eef92f6c8ed322ce5f2a44c0bfcbc574c9847ba71a0d9c33b2ecf009c9d2d45a,UgwC1moC3V4Da5cpLvN4AaABAg,youtube-data-api-v3/commentThreads.list,,7HD5ZG2MmeQ,"Gold Trading Strategy Explained - SMC, Supply and demand, liquidity xauusd trade breakdown",The Trading Academy,,
youtube,The Trading Academy,7HD5ZG2MmeQ,https://www.youtube.com/watch?v=7HD5ZG2MmeQ,UgwC1moC3V4Da5cpLvN4AaABAg.AG4qMJjgcwjAHXewnERJMG,Pips stop loss doesn't matter. It’s your rr & % risk newbie,2025-04-30T09:02:15Z,2026-10-01T13:26:48.228132+00:00,0,0,,bc899694df8f96b05ed8dae4960e55f0944cd685e7e538c19dfa31ea2be77b75,UgwC1moC3V4Da5cpLvN4AaABAg,youtube-data-api-v3/commentThreads.list,,7HD5ZG2MmeQ,"Gold Trading Strategy Explained - SMC, Supply and demand, liquidity xauusd trade breakdown",The Trading Academy,,
youtube,The Trading Academy,7HD5ZG2MmeQ,https://www.youtube.com/watch?v=7HD5ZG2MmeQ,UgwQdfh9mct6ydqSCo94AaABAg,Lol loads of bs,2024-09-12T18:08:33Z,2026-10-01T13:26:48.228132+00:00,3,0,,7e5941138b0ba4f6755309864a10fbe87897d840c7e0b1cc766670e48e8e07d5,,youtube-data-api-v3/commentThreads.list,,7HD5ZG2MmeQ,"Gold Trading Strategy Explained - SMC, Supply and demand, liquidity xauusd trade breakdown",The Trading Academy,,
youtube,The Trading Academy,7HD5ZG2MmeQ,https://www.youtube.com/watch?v=7HD5ZG2MmeQ,UgxoWoDIrI2o9s3piwh4AaABAg,"Profit bhi kitna ayega,jyada se jyada 10 dollar😂",2026-05-29T03:35:11Z,2026-10-01T13:26:48.228132+00:00,0,0,,63535896ebfef3a1bf8152d4ac010b0af40c04acc6f11c9d9821e8f5ddb17c1b,,youtube-data-api-v3/commentThreads.list,,7HD5ZG2MmeQ,"Gold Trading Strategy Explained - SMC, Supply and demand, liquidity xauusd trade breakdown",The Trading Academy,,
youtube,The Trading Academy,7HD5ZG2MmeQ,https://www.youtube.com/watch?v=7HD5ZG2MmeQ,UgyJdifKHm-rKO9BNOh4AaABAg,"Please Fabio, what is a double break?",2025-03-03T12:46:14Z,2026-10-01T13:26:48.228132+00:00,1,0,,a3b59d2f64962f2f5e05f3b48882b1bbb15d95d237853c5c50c43002b817c24e,,youtube-data-api-v3/commentThreads.list,,7HD5ZG2MmeQ,"Gold Trading Strategy Explained - SMC, Supply and demand, liquidity xauusd trade breakdown",The Trading Academy,,
youtube,The Trading Academy,7HD5ZG2MmeQ,https://www.youtube.com/watch?v=7HD5ZG2MmeQ,Ugx2NyAOx_BfJc_aXGV4AaABAg,That’s a bad entry and stop placement,2024-09-11T17:33:12Z,2026-10-01T13:26:48.228132+00:00,1,2,,b50e9f9fc3e2c2d0cdf7c991eb4ea96440233be230c51bac90591bec54de80b5,,youtube-data-api-v3/commentThreads.list,,7HD5ZG2MmeQ,"Gold Trading Strategy Explained - SMC, Supply and demand, liquidity xauusd trade breakdown",The Trading Academy,,
youtube,The Trading Academy,7HD5ZG2MmeQ,https://www.youtube.com/watch?v=7HD5ZG2MmeQ,Ugx2NyAOx_BfJc_aXGV4AaABAg.A8Fln-MbqkQA8Kq8HziWkh,Fr real ?,2024-09-13T16:47:24Z,2026-10-01T13:26:48.228132+00:00,0,0,,4a3a958506472f5de269f2d914dfcc5d49d9d9e05251ebfa0a10fccd2c329f8d,Ugx2NyAOx_BfJc_aXGV4AaABAg,youtube-data-api-v3/commentThreads.list,,7HD5ZG2MmeQ,"Gold Trading Strategy Explained - SMC, Supply and demand, liquidity xauusd trade breakdown",The Trading Academy,,
youtube,The Trading Academy,7HD5ZG2MmeQ,https://www.youtube.com/watch?v=7HD5ZG2MmeQ,Ugx2NyAOx_BfJc_aXGV4AaABAg.A8Fln-MbqkQABjplJP2gU0,@coldwater6949Yhh,2024-12-07T08:38:34Z,2026-10-01T13:26:48.228132+00:00,0,0,,8096da9f0425bb327880d744257abc8008cfbcb2161e45cae58b736f7984ca3c,Ugx2NyAOx_BfJc_aXGV4AaABAg,youtube-data-api-v3/commentThreads.list,,7HD5ZG2MmeQ,"Gold Trading Strategy Explained - SMC, Supply and demand, liquidity xauusd trade breakdown",The Trading Academy,,
youtube,The Trading Academy,7HD5ZG2MmeQ,https://www.youtube.com/watch?v=7HD5ZG2MmeQ,Ugznu7ogJnIxKMo6nsl4AaABAg,I tried this and now I am broke,2026-09-25T18:21:39Z,2026-10-01T13:26:48.228132+00:00,0,0,,e00db3b64158f433929fd14f255401a8027bc14abcc92ab06c7085cd941e9b19,,youtube-data-api-v3/commentThreads.list,,7HD5ZG2MmeQ,"Gold Trading Strategy Explained - SMC, Supply and demand, liquidity xauusd trade breakdown",The Trading Academy,,
youtube,The Trading Academy,7HD5ZG2MmeQ,https://www.youtube.com/watch?v=7HD5ZG2MmeQ,UgzDrsFUe1bhuS7e06F4AaABAg,I don't understand,2025-08-17T08:34:14Z,2026-10-01T13:26:48.228132+00:00,0,1,,2be1e68bbb4043b251b352605d676624d30fe4dc0f09acb019425d87d730bf09,,youtube-data-api-v3/commentThreads.list,,7HD5ZG2MmeQ,"Gold Trading Strategy Explained - SMC, Supply and demand, liquidity xauusd trade breakdown",The Trading Academy,,
youtube,The Trading Academy,7HD5ZG2MmeQ,https://www.youtube.com/watch?v=7HD5ZG2MmeQ,UgzDrsFUe1bhuS7e06F4AaABAg.ALvHNx6-xbFAPS1jAkMbE0,for the trading？,2025-11-13T00:45:49Z,2026-10-01T13:26:48.228132+00:00,0,0,,31f72e3fa96f5909e00ed389c52f0e46b955a7bd4575542d99c7322af6608d07,UgzDrsFUe1bhuS7e06F4AaABAg,youtube-data-api-v3/commentThreads.list,,7HD5ZG2MmeQ,"Gold Trading Strategy Explained - SMC, Supply and demand, liquidity xauusd trade breakdown",The Trading Academy,,
youtube,The Trading Academy,7HD5ZG2MmeQ,https://www.youtube.com/watch?v=7HD5ZG2MmeQ,UgwMOLLdp8ot5823BfJ4AaABAg,😂😂😂,2025-03-25T16:58:16Z,2026-10-01T13:26:48.228132+00:00,0,0,,b0dde2b24240e05929c007e10ebc06bc2f44ba545b8a28187129b5267a5126f0,,youtube-data-api-v3/commentThreads.list,,7HD5ZG2MmeQ,"Gold Trading Strategy Explained - SMC, Supply and demand, liquidity xauusd trade breakdown",The Trading Academy,,
youtube,The Trading Academy,7HD5ZG2MmeQ,https://www.youtube.com/watch?v=7HD5ZG2MmeQ,Ugyh1Opxb9C0WfZbdSZ4AaABAg,This is replays,2026-07-19T00:39:29Z,2026-10-01T13:26:48.228132+00:00,0,0,,f4bb1726f7ed549f834fc38d2a060e20205e78480bdb6ce016766302913eb096,,youtube-data-api-v3/commentThreads.list,,7HD5ZG2MmeQ,"Gold Trading Strategy Explained - SMC, Supply and demand, liquidity xauusd trade breakdown",The Trading Academy,,
youtube,The Trading Academy,7HD5ZG2MmeQ,https://www.youtube.com/watch?v=7HD5ZG2MmeQ,UgwZOsIs1B2N3fB9J2N4AaABAg,Just use a trading bot,2026-01-21T17:54:31Z,2026-10-01T13:26:48.228132+00:00,0,0,,de7d92ba00037ba55c09089cc9e317f92e2d94fc00f704662f2f00eb1368df64,,youtube-data-api-v3/commentThreads.list,,7HD5ZG2MmeQ,"Gold Trading Strategy Explained - SMC, Supply and demand, liquidity xauusd trade breakdown",The Trading Academy,,
youtube,The Trading Academy,7HD5ZG2MmeQ,https://www.youtube.com/watch?v=7HD5ZG2MmeQ,Ugw9MciUPASaEYAFYOx4AaABAg,Your are confused,2025-01-26T13:45:20Z,2026-10-01T13:26:48.228132+00:00,1,0,,95a889b10828a72ef5b965dedeb92b2fc01bd464472a71bab6402f51b5ef4f85,,youtube-data-api-v3/commentThreads.list,,7HD5ZG2MmeQ,"Gold Trading Strategy Explained - SMC, Supply and demand, liquidity xauusd trade breakdown",The Trading Academy,,
youtube,The Trading Academy,7HD5ZG2MmeQ,https://www.youtube.com/watch?v=7HD5ZG2MmeQ,UgyF-uvim9rz6a7q5O54AaABAg,"I don't understand with this example, look at that green candle next on choch signal, the green candle is inside bar from the big red candle near it (bcause the green day not taking low or high from that big red candle), so i would say that's impulsive move, not corrective move sir",2025-01-25T09:44:59Z,2026-10-01T13:26:48.228132+00:00,0,0,,d09a43de69780d3fad5f9ddd0bccd3d47f7dac9c19a26313e24b976623121812,,youtube-data-api-v3/commentThreads.list,,7HD5ZG2MmeQ,"Gold Trading Strategy Explained - SMC, Supply and demand, liquidity xauusd trade breakdown",The Trading Academy,,
youtube,The Trading Academy,7HD5ZG2MmeQ,https://www.youtube.com/watch?v=7HD5ZG2MmeQ,UgxcOsvuL1lDx27lzR54AaABAg,can you tell me what is change of character high?,2024-12-07T17:30:16Z,2026-10-01T13:26:48.228132+00:00,0,1,,8fc85910b2e977f76681612c2c67d4762692f364a7e97af938cbbe81e5d135ca,,youtube-data-api-v3/commentThreads.list,,7HD5ZG2MmeQ,"Gold Trading Strategy Explained - SMC, Supply and demand, liquidity xauusd trade breakdown",The Trading Academy,,
youtube,The Trading Academy,7HD5ZG2MmeQ,https://www.youtube.com/watch?v=7HD5ZG2MmeQ,UgxcOsvuL1lDx27lzR54AaABAg.ABkmbb-xZCsABkml59nYBt,and how would decide in which dierction to open trade. i meean up or down,2024-12-07T17:31:34Z,2026-10-01T13:26:48.228132+00:00,0,0,,8fc85910b2e977f76681612c2c67d4762692f364a7e97af938cbbe81e5d135ca,UgxcOsvuL1lDx27lzR54AaABAg,youtube-data-api-v3/commentThreads.list,,7HD5ZG2MmeQ,"Gold Trading Strategy Explained - SMC, Supply and demand, liquidity xauusd trade breakdown",The Trading Academy,,
youtube,The Trading Academy,7HD5ZG2MmeQ,https://www.youtube.com/watch?v=7HD5ZG2MmeQ,UgyBmhflxLKFJW_uaFd4AaABAg,Risky,2026-03-02T10:29:14Z,2026-10-01T13:26:48.228132+00:00,0,0,,caa9c5c59522540fb149643982c47d4bb58e82ef7cfbaa059f7b5603a94e92e9,,youtube-data-api-v3/commentThreads.list,,7HD5ZG2MmeQ,"Gold Trading Strategy Explained - SMC, Supply and demand, liquidity xauusd trade breakdown",The Trading Academy,,
youtube,The Trading Academy,7HD5ZG2MmeQ,https://www.youtube.com/watch?v=7HD5ZG2MmeQ,UgwhkpME0M3HhzoCZIh4AaABAg,This is silly,2026-02-23T19:24:03Z,2026-10-01T13:26:48.228132+00:00,0,0,,6e0a1a7b89d7cc0428ae769e8b32d0332573d5d9827d32c6b463a33137afe5f6,,youtube-data-api-v3/commentThreads.list,,7HD5ZG2MmeQ,"Gold Trading Strategy Explained - SMC, Supply and demand, liquidity xauusd trade breakdown",The Trading Academy,,
youtube,The Trading Academy,7HD5ZG2MmeQ,https://www.youtube.com/watch?v=7HD5ZG2MmeQ,Ugykfr_5eF0-kiM9mdJ4AaABAg,This guy chats shit,2025-02-14T23:45:00Z,2026-10-01T13:26:48.228132+00:00,0,0,,e33f339e0c79375804a386d93815e4386cff901095943ae4c9dcd211f3d9f7b4,,youtube-data-api-v3/commentThreads.list,,7HD5ZG2MmeQ,"Gold Trading Strategy Explained - SMC, Supply and demand, liquidity xauusd trade breakdown",The Trading Academy,,
youtube,The Trading Academy,7HD5ZG2MmeQ,https://www.youtube.com/watch?v=7HD5ZG2MmeQ,Ugza3NDPkMnizCyUx3F4AaABAg,Patched,2026-03-18T05:22:27Z,2026-10-01T13:26:48.228132+00:00,0,0,,c188b0eb6a7cdbb70e155bbeacaed58899930c805bf9527c27da0c4a4fca29cc,,youtube-data-api-v3/commentThreads.list,,7HD5ZG2MmeQ,"Gold Trading Strategy Explained - SMC, Supply and demand, liquidity xauusd trade breakdown",The Trading Academy,,
youtube,The Trading Academy,7HD5ZG2MmeQ,https://www.youtube.com/watch?v=7HD5ZG2MmeQ,UgyuizC_cwlAtybvnm14AaABAg,Follow this and you'll keep wiping your account,2025-07-30T04:26:13Z,2026-10-01T13:26:48.228132+00:00,0,0,,25a8439f5e6a808ac19fbbea48a0d3e1db8d6993bbbbe69cd6b6133056ad9d96,,youtube-data-api-v3/commentThreads.list,,7HD5ZG2MmeQ,"Gold Trading Strategy Explained - SMC, Supply and demand, liquidity xauusd trade breakdown",The Trading Academy,,
youtube,The Trading Academy,7HD5ZG2MmeQ,https://www.youtube.com/watch?v=7HD5ZG2MmeQ,Ugy-xO9otCjDnKhDCgt4AaABAg,Bullshit,2026-07-22T08:52:58Z,2026-10-01T13:26:48.228132+00:00,0,0,,c3920579d25b8194363183d6ed68cd49255e41cd2378e8558eeaaeb40c94863f,,youtube-data-api-v3/commentThreads.list,,7HD5ZG2MmeQ,"Gold Trading Strategy Explained - SMC, Supply and demand, liquidity xauusd trade breakdown",The Trading Academy,,
youtube,The Trading Academy,7HD5ZG2MmeQ,https://www.youtube.com/watch?v=7HD5ZG2MmeQ,Ugy7sVorYWbIBMn5ut54AaABAg,For the noobs. This is PURE BS!!,2025-11-15T04:38:06Z,2026-10-01T13:26:48.228132+00:00,0,0,,695fa05f69021cbfb8e1a63587ccb49e9bd37ad1aef5c5813372344be8167fd1,,youtube-data-api-v3/commentThreads.list,,7HD5ZG2MmeQ,"Gold Trading Strategy Explained - SMC, Supply and demand, liquidity xauusd trade breakdown",The Trading Academy,,
youtube,The Trading Academy,7HD5ZG2MmeQ,https://www.youtube.com/watch?v=7HD5ZG2MmeQ,Ugz5azOEufFmGxxr1BV4AaABAg,Thats a very taught ful tutorial,2026-06-10T23:26:14Z,2026-10-01T13:26:48.228132+00:00,0,0,,2ed72248bdbd21c70897a2506bbda42b977a9ab1484fbfc10e728c63c9366748,,youtube-data-api-v3/commentThreads.list,,7HD5ZG2MmeQ,"Gold Trading Strategy Explained - SMC, Supply and demand, liquidity xauusd trade breakdown",The Trading Academy,,
youtube,The Trading Academy,7HD5ZG2MmeQ,https://www.youtube.com/watch?v=7HD5ZG2MmeQ,UgzKCEZMyhNslhjm-gx4AaABAg,📊📈📉,2026-06-19T02:44:39Z,2026-10-01T13:26:48.228132+00:00,1,0,,ac845aef3e6cdcf960472484820caf8c46efd2b0973acbbe6d4cead71e8deecc,,youtube-data-api-v3/commentThreads.list,,7HD5ZG2MmeQ,"Gold Trading Strategy Explained - SMC, Supply and demand, liquidity xauusd trade breakdown",The Trading Academy,,
youtube,The Trading Academy,7HD5ZG2MmeQ,https://www.youtube.com/watch?v=7HD5ZG2MmeQ,Ugwdwusq6eTEKpv6qx14AaABAg,"https://youtube.com/shorts/7HD5ZG2MmeQ?is=coz9KOS4tgE9j1Wg 

Same shit different outcome 💀💀💀🤡🤡🤡",2026-08-23T18:34:16Z,2026-10-01T13:26:48.228132+00:00,0,0,,dedf80a0d1dacf843679e5808aaa17f06fed4381c3f8c4f7e8fc2ed9149b8d40,,youtube-data-api-v3/commentThreads.list,,7HD5ZG2MmeQ,"Gold Trading Strategy Explained - SMC, Supply and demand, liquidity xauusd trade breakdown",The Trading Academy,,
youtube,The Trading Academy,7HD5ZG2MmeQ,https://www.youtube.com/watch?v=7HD5ZG2MmeQ,Ugzbp8E6xlj-PA50kAt4AaABAg,Timeframe?,2026-05-19T02:38:44Z,2026-10-01T13:26:48.228132+00:00,0,0,,ef1a3d5f1f5c09a3a88711acb40d168a4896935ac43eb25038452e45a9331cba,,youtube-data-api-v3/commentThreads.list,,7HD5ZG2MmeQ,"Gold Trading Strategy Explained - SMC, Supply and demand, liquidity xauusd trade breakdown",The Trading Academy,,
