platform,channel_or_account,content_id,content_url,comment_id,comment_text,comment_timestamp,collected_at,engagement_likes,reply_count,language,author_hash,parent_comment_id,source_actor,source_run_id,video_id,video_title,video_channel,video_views,video_comments
youtube,TradingLab,npfiV52dXoc,https://www.youtube.com/watch?v=npfiV52dXoc,UgyBao0bIpRsCdby8P94AaABAg,This is actually good advice. Won't always work because sometimes price will just rally from premium and never retrace but this is always safer,2024-05-15T22:43:23Z,2026-10-01T13:26:54.322836+00:00,1007,18,,ed45927bf6a205660f295ee17eb6bc287f2601fd1ab118b521dc6c89a4292476,,youtube-data-api-v3/commentThreads.list,,npfiV52dXoc,How To Get The Perfect Stop loss,TradingLab,,
youtube,TradingLab,npfiV52dXoc,https://www.youtube.com/watch?v=npfiV52dXoc,UgyBao0bIpRsCdby8P94AaABAg.A3TugkoeESwA75eX6xY_wo,"Okay but is not luck, is all about having good investment plans most of all trading with a trust worthy expert.
Watching professional trading videos and most especially connecting with the right person the digital world is full of in unreal people I met some of them during my success journey. I felt same way when I started especially when you use demo account you might be winning but when you put in real money you start losing I understand and I pass through it all. I’m very happy I’m profitable now.",2024-08-13T22:45:56Z,2026-10-01T13:26:54.322836+00:00,14,0,,4bb5425ce56e6fc11a8ac05d4ed1ae53130a915e50a0df0f9b8b1eccd74a4d29,UgyBao0bIpRsCdby8P94AaABAg,youtube-data-api-v3/commentThreads.list,,npfiV52dXoc,How To Get The Perfect Stop loss,TradingLab,,
youtube,TradingLab,npfiV52dXoc,https://www.youtube.com/watch?v=npfiV52dXoc,UgyBao0bIpRsCdby8P94AaABAg.A3TugkoeESwA75f4gcA25G,What impresses me most about Rachael Campbell is how well she explains basic concept of winning before actually letting you use her trade signals. This goes a long way to ensure winning trades.,2024-08-13T22:50:47Z,2026-10-01T13:26:54.322836+00:00,0,0,,05c5587565996a04f4b7632f9f1e987909ab12887fb8776451ca6cf676ed7d73,UgyBao0bIpRsCdby8P94AaABAg,youtube-data-api-v3/commentThreads.list,,npfiV52dXoc,How To Get The Perfect Stop loss,TradingLab,,
youtube,TradingLab,npfiV52dXoc,https://www.youtube.com/watch?v=npfiV52dXoc,UgyBao0bIpRsCdby8P94AaABAg.A3TugkoeESwA75fSG6QnA4,"she's mostly on Telegrams, using the user name",2024-08-13T22:54:00Z,2026-10-01T13:26:54.322836+00:00,0,0,,05c5587565996a04f4b7632f9f1e987909ab12887fb8776451ca6cf676ed7d73,UgyBao0bIpRsCdby8P94AaABAg,youtube-data-api-v3/commentThreads.list,,npfiV52dXoc,How To Get The Perfect Stop loss,TradingLab,,
youtube,TradingLab,npfiV52dXoc,https://www.youtube.com/watch?v=npfiV52dXoc,UgyBao0bIpRsCdby8P94AaABAg.A3TugkoeESwA75f_3pRS_O,"@camptrade12
That's????  her username.",2024-08-13T22:55:04Z,2026-10-01T13:26:54.322836+00:00,0,0,,05c5587565996a04f4b7632f9f1e987909ab12887fb8776451ca6cf676ed7d73,UgyBao0bIpRsCdby8P94AaABAg,youtube-data-api-v3/commentThreads.list,,npfiV52dXoc,How To Get The Perfect Stop loss,TradingLab,,
youtube,TradingLab,npfiV52dXoc,https://www.youtube.com/watch?v=npfiV52dXoc,UgyBao0bIpRsCdby8P94AaABAg.A3TugkoeESwA75fgRpq-8Q,Wow. I'm a bit perplexed seeing Rachael Campbell name been mentioned here also. Didn't know she has been good to so many people.,2024-08-13T22:56:05Z,2026-10-01T13:26:54.322836+00:00,1,0,,840a833322a89538ca783f4f6c0acf1cf7c6d307609d0474fc7187a4363bf07f,UgyBao0bIpRsCdby8P94AaABAg,youtube-data-api-v3/commentThreads.list,,npfiV52dXoc,How To Get The Perfect Stop loss,TradingLab,,
youtube,TradingLab,npfiV52dXoc,https://www.youtube.com/watch?v=npfiV52dXoc,UgwgQWamA_eEH8bMKdZ4AaABAg,Over my head..damn. I have to watch this 10 times..please explain to a child.,2024-12-12T07:29:09Z,2026-10-01T13:26:54.322836+00:00,156,5,,3f1da975e7e0d1be68ae07812a6a4c72f844bca2d817e7afa549069e58315968,,youtube-data-api-v3/commentThreads.list,,npfiV52dXoc,How To Get The Perfect Stop loss,TradingLab,,
youtube,TradingLab,npfiV52dXoc,https://www.youtube.com/watch?v=npfiV52dXoc,UgwgQWamA_eEH8bMKdZ4AaABAg.ABw_nIj4J6LAGTDOBFV4e1,"If I get it right, he is saying that open long on retest of daily open and open short on retest of daily open.",2025-04-03T19:04:22Z,2026-10-01T13:26:54.322836+00:00,24,0,,f9e3f1b7738051a3101df70b73e69d47bbc048b8fd3f288f4d0a94cae90376b0,UgwgQWamA_eEH8bMKdZ4AaABAg,youtube-data-api-v3/commentThreads.list,,npfiV52dXoc,How To Get The Perfect Stop loss,TradingLab,,
youtube,TradingLab,npfiV52dXoc,https://www.youtube.com/watch?v=npfiV52dXoc,UgwgQWamA_eEH8bMKdZ4AaABAg.ABw_nIj4J6LAKAeq-RY6Bf,​@anoopn8180no it's not right,2025-07-05T00:12:58Z,2026-10-01T13:26:54.322836+00:00,0,0,,9c791121abebec52ccf118749fd13f929c73b1cca675b3f533d24cbfd27f3404,UgwgQWamA_eEH8bMKdZ4AaABAg,youtube-data-api-v3/commentThreads.list,,npfiV52dXoc,How To Get The Perfect Stop loss,TradingLab,,
youtube,TradingLab,npfiV52dXoc,https://www.youtube.com/watch?v=npfiV52dXoc,UgwgQWamA_eEH8bMKdZ4AaABAg.ABw_nIj4J6LAOxC0Ui1b9Q,@anoopn8180 short on the daily close but yeah,2025-10-31T16:00:00Z,2026-10-01T13:26:54.322836+00:00,0,0,,d7c758a1c47e13fcff57aaf3d6e90b38ad227031d5d4b32b7e37e9115af13438,UgwgQWamA_eEH8bMKdZ4AaABAg,youtube-data-api-v3/commentThreads.list,,npfiV52dXoc,How To Get The Perfect Stop loss,TradingLab,,
youtube,TradingLab,npfiV52dXoc,https://www.youtube.com/watch?v=npfiV52dXoc,UgwgQWamA_eEH8bMKdZ4AaABAg.ABw_nIj4J6LARPOxjolzqg,@anoopn8180what determined the daily opening?,2025-12-31T17:13:51Z,2026-10-01T13:26:54.322836+00:00,0,0,,30e9a2d78de5c672c7d1d4404498c0204f5656fcaa4406167ec60dd5706be4a3,UgwgQWamA_eEH8bMKdZ4AaABAg,youtube-data-api-v3/commentThreads.list,,npfiV52dXoc,How To Get The Perfect Stop loss,TradingLab,,
youtube,TradingLab,npfiV52dXoc,https://www.youtube.com/watch?v=npfiV52dXoc,UgwgQWamA_eEH8bMKdZ4AaABAg.ABw_nIj4J6LATic9uNaO4P,"Yes, I'm about to ask a question right now myself.",2026-02-27T06:45:35Z,2026-10-01T13:26:54.322836+00:00,2,0,,552cb7747e28c853ca7d507420b1fab71b2521c73453ba7d91911b5be51eb507,UgwgQWamA_eEH8bMKdZ4AaABAg,youtube-data-api-v3/commentThreads.list,,npfiV52dXoc,How To Get The Perfect Stop loss,TradingLab,,
youtube,TradingLab,npfiV52dXoc,https://www.youtube.com/watch?v=npfiV52dXoc,UgxfHEHjpOtGZ8vOu9t4AaABAg,I understood nothing 😅😢,2025-06-20T01:12:36Z,2026-10-01T13:26:54.322836+00:00,920,40,,90abac48e4635db255bae7ed13cf4dcfc03a0c40af35fdcf5c3c359b81dd5d7d,,youtube-data-api-v3/commentThreads.list,,npfiV52dXoc,How To Get The Perfect Stop loss,TradingLab,,
youtube,TradingLab,npfiV52dXoc,https://www.youtube.com/watch?v=npfiV52dXoc,UgxfHEHjpOtGZ8vOu9t4AaABAg.AJ_8jbNmcLqAKDH9cAl5HS,Nah fr bro wtf,2025-07-06T00:35:03Z,2026-10-01T13:26:54.322836+00:00,25,0,,f6cb40e2a6389ad187ce53f22f190f326929c1f597ff928177a80fddb5e8861c,UgxfHEHjpOtGZ8vOu9t4AaABAg,youtube-data-api-v3/commentThreads.list,,npfiV52dXoc,How To Get The Perfect Stop loss,TradingLab,,
youtube,TradingLab,npfiV52dXoc,https://www.youtube.com/watch?v=npfiV52dXoc,UgxfHEHjpOtGZ8vOu9t4AaABAg.AJ_8jbNmcLqAKbaH4yGNrO,"Fair value gap (fvg) is an area where price rises or drops significantly within a short period of time, this doesn’t allow people to buy or sell in that fvg. So naturally price is drawn back into the fvg, and you get what’s called retracement. This is when you’re in an uptrend (uptrend is when price is generally moving upward) and then price moves down a little but then continues back up. Using a fair value gap is a way to predict retracement, that way you can buy in at a lower price and you’re already expecting price to continue increasing so you can make your profits",2025-07-15T20:31:51Z,2026-10-01T13:26:54.322836+00:00,72,0,,915cc96db528e354566051873eb34dd16d0a43799669c0d6b07946d35a4d44a0,UgxfHEHjpOtGZ8vOu9t4AaABAg,youtube-data-api-v3/commentThreads.list,,npfiV52dXoc,How To Get The Perfect Stop loss,TradingLab,,
youtube,TradingLab,npfiV52dXoc,https://www.youtube.com/watch?v=npfiV52dXoc,UgxfHEHjpOtGZ8vOu9t4AaABAg.AJ_8jbNmcLqAKyM28bvmp_,Seems like trading is not for you 🤣,2025-07-24T16:41:16Z,2026-10-01T13:26:54.322836+00:00,26,0,,86240300415552bc1ab581e8f03ca0fbceb76faf321bf213b3ceabed21b97dec,UgxfHEHjpOtGZ8vOu9t4AaABAg,youtube-data-api-v3/commentThreads.list,,npfiV52dXoc,How To Get The Perfect Stop loss,TradingLab,,
youtube,TradingLab,npfiV52dXoc,https://www.youtube.com/watch?v=npfiV52dXoc,UgxfHEHjpOtGZ8vOu9t4AaABAg.AJ_8jbNmcLqALJJKXADYnO,Bro just use your own strategy and master it and ur good bruh stick to one don’t go crazy and hope strategy’s learn one see profit and also understand the market and become better with ur strategy💯,2025-08-02T05:20:52Z,2026-10-01T13:26:54.322836+00:00,47,0,,6da418fbed376c560c6b2b1c572e201f680e8134046f51ebb754728ebd722375,UgxfHEHjpOtGZ8vOu9t4AaABAg,youtube-data-api-v3/commentThreads.list,,npfiV52dXoc,How To Get The Perfect Stop loss,TradingLab,,
youtube,TradingLab,npfiV52dXoc,https://www.youtube.com/watch?v=npfiV52dXoc,UgxfHEHjpOtGZ8vOu9t4AaABAg.AJ_8jbNmcLqALKzLgFK9Y6,😂😂😂,2025-08-02T20:56:00Z,2026-10-01T13:26:54.322836+00:00,2,0,,d9229aa20d0e2538fa9d65bfa4fd696bd793e43af761784f74bbf76596ee9e91,UgxfHEHjpOtGZ8vOu9t4AaABAg,youtube-data-api-v3/commentThreads.list,,npfiV52dXoc,How To Get The Perfect Stop loss,TradingLab,,
youtube,TradingLab,npfiV52dXoc,https://www.youtube.com/watch?v=npfiV52dXoc,UgxMiR43JusVG_G26Ah4AaABAg,Keep feeding us knowledge my brother,2024-07-26T19:22:49Z,2026-10-01T13:26:54.322836+00:00,58,0,,921904ca9a08ad2e169301609e1b5c54be829d4f741f489d599b910ab92a478c,,youtube-data-api-v3/commentThreads.list,,npfiV52dXoc,How To Get The Perfect Stop loss,TradingLab,,
youtube,TradingLab,npfiV52dXoc,https://www.youtube.com/watch?v=npfiV52dXoc,Ugzg1cpEMfGP6mOfTTJ4AaABAg,"Its simple
No matter the strategy you are using, just enter a long position below the daily opening price and also if you want to enter a short, enter above thedaoly opening price",2024-05-15T20:25:36Z,2026-10-01T13:26:54.322836+00:00,1573,55,,baf7cafd1484e31cb8eb8a5807a03b6f650ce7b0599166bf61a0c28b94ca3677,,youtube-data-api-v3/commentThreads.list,,npfiV52dXoc,How To Get The Perfect Stop loss,TradingLab,,
youtube,TradingLab,npfiV52dXoc,https://www.youtube.com/watch?v=npfiV52dXoc,Ugzg1cpEMfGP6mOfTTJ4AaABAg.A3TevXJy-OQA3VwRZW6KRM,Thank you such a weird way to explain,2024-05-16T17:37:08Z,2026-10-01T13:26:54.322836+00:00,46,0,,ec0b9eeea442f8f727dc911284d972cf2748b36fb49be7b94f33e8244e4cfff6,Ugzg1cpEMfGP6mOfTTJ4AaABAg,youtube-data-api-v3/commentThreads.list,,npfiV52dXoc,How To Get The Perfect Stop loss,TradingLab,,
youtube,TradingLab,npfiV52dXoc,https://www.youtube.com/watch?v=npfiV52dXoc,Ugzg1cpEMfGP6mOfTTJ4AaABAg.A3TevXJy-OQA3kVsOzu7U2,Be more specific please. Makes no sense. Care to explain more?,2024-05-22T18:44:07Z,2026-10-01T13:26:54.322836+00:00,29,0,,dd8a191b3dfafa5bc9b93894810d8a213830da0b960603a051e31dd75dfc9ec2,Ugzg1cpEMfGP6mOfTTJ4AaABAg,youtube-data-api-v3/commentThreads.list,,npfiV52dXoc,How To Get The Perfect Stop loss,TradingLab,,
youtube,TradingLab,npfiV52dXoc,https://www.youtube.com/watch?v=npfiV52dXoc,Ugzg1cpEMfGP6mOfTTJ4AaABAg.A3TevXJy-OQA4axnOtcYpn,Below current day or previous day?,2024-06-12T22:15:50Z,2026-10-01T13:26:54.322836+00:00,14,0,,f3d9e79352c9566a1b040f7ab11aa3b06251ee7babf291cacfafb90613d6bbed,Ugzg1cpEMfGP6mOfTTJ4AaABAg,youtube-data-api-v3/commentThreads.list,,npfiV52dXoc,How To Get The Perfect Stop loss,TradingLab,,
youtube,TradingLab,npfiV52dXoc,https://www.youtube.com/watch?v=npfiV52dXoc,Ugzg1cpEMfGP6mOfTTJ4AaABAg.A3TevXJy-OQA4f0HAlvHuD,​@trakvalin recent low or high mainly gets hunted,2024-06-14T12:03:13Z,2026-10-01T13:26:54.322836+00:00,8,0,,4184762163fd4ff6ef252bb0052559312aa2fe7ed69592f0d8ed7a804b3a91da,Ugzg1cpEMfGP6mOfTTJ4AaABAg,youtube-data-api-v3/commentThreads.list,,npfiV52dXoc,How To Get The Perfect Stop loss,TradingLab,,
youtube,TradingLab,npfiV52dXoc,https://www.youtube.com/watch?v=npfiV52dXoc,Ugzg1cpEMfGP6mOfTTJ4AaABAg.A3TevXJy-OQA4mKFbNwfwq,"Just buy low, sell high....",2024-06-17T08:12:26Z,2026-10-01T13:26:54.322836+00:00,29,0,,cd4105ca4a9ce63d17dd5475bc79b21193e2136e034193fd0e8edced70e05557,Ugzg1cpEMfGP6mOfTTJ4AaABAg,youtube-data-api-v3/commentThreads.list,,npfiV52dXoc,How To Get The Perfect Stop loss,TradingLab,,
youtube,TradingLab,npfiV52dXoc,https://www.youtube.com/watch?v=npfiV52dXoc,Ugx92QCAwFZ-54yeVCR4AaABAg,Leaving comment for finding this short later,2025-02-26T14:30:10Z,2026-10-01T13:26:54.322836+00:00,35,1,,760a695af1dc8235abce0f2c60a53994bd32a48f7c2acfd9ce68674c14ac08e5,,youtube-data-api-v3/commentThreads.list,,npfiV52dXoc,How To Get The Perfect Stop loss,TradingLab,,
youtube,TradingLab,npfiV52dXoc,https://www.youtube.com/watch?v=npfiV52dXoc,Ugx92QCAwFZ-54yeVCR4AaABAg.AF01OSFj3_-AVhzsWuZzoH,Wake up.,2026-04-17T17:56:20Z,2026-10-01T13:26:54.322836+00:00,1,0,,f5022d797159bec29b42055564a39c15c768f19c5745322f4d814dca94e5ba6f,Ugx92QCAwFZ-54yeVCR4AaABAg,youtube-data-api-v3/commentThreads.list,,npfiV52dXoc,How To Get The Perfect Stop loss,TradingLab,,
youtube,TradingLab,npfiV52dXoc,https://www.youtube.com/watch?v=npfiV52dXoc,Ugx1xdi62SDGrJS3pnt4AaABAg,This going to take some time to make sense,2024-07-29T20:55:41Z,2026-10-01T13:26:54.322836+00:00,5,1,,b3a0d9d97c526f530d3728b442e86bcf3529e567b24c2df2aa2d1940164708d7,,youtube-data-api-v3/commentThreads.list,,npfiV52dXoc,How To Get The Perfect Stop loss,TradingLab,,
youtube,TradingLab,npfiV52dXoc,https://www.youtube.com/watch?v=npfiV52dXoc,Ugx1xdi62SDGrJS3pnt4AaABAg.A6UpzSvG8zIA8aSR6AT78T,It'll come eventually. Stay at it fam.,2024-09-20T03:38:36Z,2026-10-01T13:26:54.322836+00:00,1,0,,6cefdb8172c80218027f160d0c0fd5880cf582e468472f43a3679aafe2f94a2a,Ugx1xdi62SDGrJS3pnt4AaABAg,youtube-data-api-v3/commentThreads.list,,npfiV52dXoc,How To Get The Perfect Stop loss,TradingLab,,
youtube,TradingLab,npfiV52dXoc,https://www.youtube.com/watch?v=npfiV52dXoc,UgztgoHkfDXiNvJwyK14AaABAg,done this yesterday and got a winning trade😁,2024-10-04T09:55:06Z,2026-10-01T13:26:54.322836+00:00,14,0,,89e3c35a52b0ea9e972e9c2c0dd169368273bbe6d61c6cddc471c61a032eb3b8,,youtube-data-api-v3/commentThreads.list,,npfiV52dXoc,How To Get The Perfect Stop loss,TradingLab,,
youtube,TradingLab,npfiV52dXoc,https://www.youtube.com/watch?v=npfiV52dXoc,UgwuF7r5i9eVUNxU1RZ4AaABAg,I need this kind of specific explanation thanks mate,2026-09-04T10:28:57Z,2026-10-01T13:26:54.322836+00:00,0,0,,e5f2c1e9a0cd10b4c2b2f32b4f5739483c143eb9da1d279682b1265759f673e8,,youtube-data-api-v3/commentThreads.list,,npfiV52dXoc,How To Get The Perfect Stop loss,TradingLab,,
youtube,TradingLab,npfiV52dXoc,https://www.youtube.com/watch?v=npfiV52dXoc,Ugzrww4_hbdqvjfz9OF4AaABAg,"Wow, this video was a game-changer for me! I've always struggled with setting my stop losses effectively, but using the ATR indicator makes so much sense. It's amazing how a simple adjustment can significantly improve the performance of my trading strategies. Thanks for sharing this invaluable tip",2024-05-25T03:14:54Z,2026-10-01T13:26:54.322836+00:00,49,1,,d583a008220625a10b788f8d12896eeaf068f212a0f9f9a32220d0506cb95f6d,,youtube-data-api-v3/commentThreads.list,,npfiV52dXoc,How To Get The Perfect Stop loss,TradingLab,,
youtube,TradingLab,npfiV52dXoc,https://www.youtube.com/watch?v=npfiV52dXoc,Ugzrww4_hbdqvjfz9OF4AaABAg.A3qZvGG7XQ_ANuInwj30zc,Shure,2025-10-05T16:30:12Z,2026-10-01T13:26:54.322836+00:00,0,0,,6d47bcdfb303845669f40556232451aff690585d3986cd668fc0253eacda2ddd,Ugzrww4_hbdqvjfz9OF4AaABAg,youtube-data-api-v3/commentThreads.list,,npfiV52dXoc,How To Get The Perfect Stop loss,TradingLab,,
youtube,TradingLab,npfiV52dXoc,https://www.youtube.com/watch?v=npfiV52dXoc,Ugx97aBy3Detvz13GtB4AaABAg,I’m brand new to trading and need this video in slow motion 😂,2025-02-10T19:45:13Z,2026-10-01T13:26:54.322836+00:00,2,1,,f4ebf42892b4c82f079988b6eb34e03890a623951fc9faeb588df2ac12e908eb,,youtube-data-api-v3/commentThreads.list,,npfiV52dXoc,How To Get The Perfect Stop loss,TradingLab,,
youtube,TradingLab,npfiV52dXoc,https://www.youtube.com/watch?v=npfiV52dXoc,Ugx97aBy3Detvz13GtB4AaABAg.AENOitWDgalAODL3LaHuCL,"Hi, please send me a private message, I want to share some of my experience with you.",2025-10-13T11:14:43Z,2026-10-01T13:26:54.322836+00:00,0,0,,2d72009cfbcd7af79a158e49fab8490baa9b8d17462a3ce3603879848c6d89a8,Ugx97aBy3Detvz13GtB4AaABAg,youtube-data-api-v3/commentThreads.list,,npfiV52dXoc,How To Get The Perfect Stop loss,TradingLab,,
youtube,TradingLab,npfiV52dXoc,https://www.youtube.com/watch?v=npfiV52dXoc,UgzRKn51u-WpsCQ9Uml4AaABAg,This a great tip! It won’t always work especially with a doji style candle but should help you majority of the time! Plus price usually retraces so it’s still 50/50,2024-05-26T22:05:38Z,2026-10-01T13:26:54.322836+00:00,14,0,,aac40f482ba9462e0ce845e7b5c5bbe2d0b79c8053b18721baf33764d3795aa5,,youtube-data-api-v3/commentThreads.list,,npfiV52dXoc,How To Get The Perfect Stop loss,TradingLab,,
youtube,TradingLab,npfiV52dXoc,https://www.youtube.com/watch?v=npfiV52dXoc,Ugx1Wdqwn50rZwyqU9h4AaABAg,Except your example is trading against the trend on the daily. Price can very easily continue trending and hit your SL.,2025-02-06T08:13:10Z,2026-10-01T13:26:54.322836+00:00,1,0,,aab9412f2156cf08e8f1749554b633125033430c74bf60d275348fbde35bb475,,youtube-data-api-v3/commentThreads.list,,npfiV52dXoc,How To Get The Perfect Stop loss,TradingLab,,
youtube,TradingLab,npfiV52dXoc,https://www.youtube.com/watch?v=npfiV52dXoc,UgxEhX1eLm41H4hqf6p4AaABAg,If you don’t understand it’s best to take notes like I didn’t really understand this video to its fullest until I did it really helped and it doesn’t take much to understand 😊,2025-10-06T01:37:50Z,2026-10-01T13:26:54.322836+00:00,1,0,,671fc46c84fd55d7037b4452e00ffd4ab237a2a03260e69707ad3b23adf57871,,youtube-data-api-v3/commentThreads.list,,npfiV52dXoc,How To Get The Perfect Stop loss,TradingLab,,
youtube,TradingLab,npfiV52dXoc,https://www.youtube.com/watch?v=npfiV52dXoc,UgxfouKI4s7ha2c2CJ94AaABAg,"You forgot rule 1.

Determine whether the daily candlestick closes above or below the opening price.

If everyone can determine the direction of the close of the daily candlestick, no one would be losing. They just have to wait for the low of day if bullish or high of day if bearish, then enter.",2024-09-26T05:28:42Z,2026-10-01T13:26:54.322836+00:00,187,10,,5064afaf2dcdb4f537c2c75b480f85b547ee6f2d8749e642a603bd3e23b51fa9,,youtube-data-api-v3/commentThreads.list,,npfiV52dXoc,How To Get The Perfect Stop loss,TradingLab,,
youtube,TradingLab,npfiV52dXoc,https://www.youtube.com/watch?v=npfiV52dXoc,UgxfouKI4s7ha2c2CJ94AaABAg.A8q5nl8P0FsAAbw2L4tiFR,How can this be determined?,2024-11-09T10:28:08Z,2026-10-01T13:26:54.322836+00:00,5,0,,8e599223a7ea64ac33ce270380ab19382c851dddb0c09552c4d202dfb2678f48,UgxfouKI4s7ha2c2CJ94AaABAg,youtube-data-api-v3/commentThreads.list,,npfiV52dXoc,How To Get The Perfect Stop loss,TradingLab,,
youtube,TradingLab,npfiV52dXoc,https://www.youtube.com/watch?v=npfiV52dXoc,UgxfouKI4s7ha2c2CJ94AaABAg.A8q5nl8P0FsAAme_u1ujMq,@Ta_faz Only through backtesting and experience. Look for key swing highs and lows throughout the day.... especially how each session reacts to certain levels,2024-11-13T14:27:13Z,2026-10-01T13:26:54.322836+00:00,6,0,,6d5b5874e596c6665ee240f85b4458bd4986ea172b3c599510e3b4e208d13717,UgxfouKI4s7ha2c2CJ94AaABAg,youtube-data-api-v3/commentThreads.list,,npfiV52dXoc,How To Get The Perfect Stop loss,TradingLab,,
youtube,TradingLab,npfiV52dXoc,https://www.youtube.com/watch?v=npfiV52dXoc,UgxfouKI4s7ha2c2CJ94AaABAg.A8q5nl8P0FsABXKlPdOUMk,If you wait for that same candlestick to close above or below... That means the day has finished and you've waited for nothing?,2024-12-02T02:48:50Z,2026-10-01T13:26:54.322836+00:00,26,0,,2ae11ad2fcda43acb3834b2c7918fdfa0d377780c7b62a44b4aa14897ce73a1c,UgxfouKI4s7ha2c2CJ94AaABAg,youtube-data-api-v3/commentThreads.list,,npfiV52dXoc,How To Get The Perfect Stop loss,TradingLab,,
youtube,TradingLab,npfiV52dXoc,https://www.youtube.com/watch?v=npfiV52dXoc,UgxfouKI4s7ha2c2CJ94AaABAg.A8q5nl8P0FsAChcOq0nnqA,😂😂😂😂,2024-12-31T08:34:40Z,2026-10-01T13:26:54.322836+00:00,0,0,,e54c01bf97a343d933e1a444dee7d61187031125111f95a4a0018736fa688297,UgxfouKI4s7ha2c2CJ94AaABAg,youtube-data-api-v3/commentThreads.list,,npfiV52dXoc,How To Get The Perfect Stop loss,TradingLab,,
youtube,TradingLab,npfiV52dXoc,https://www.youtube.com/watch?v=npfiV52dXoc,UgxfouKI4s7ha2c2CJ94AaABAg.A8q5nl8P0FsACrboOr_94Y,"This doesn't seem very easy to understand.
Basing from the video itself, you enter the trade just below the green candle if it's bullish, and just above the red candle if it's bearish.",2025-01-04T05:41:58Z,2026-10-01T13:26:54.322836+00:00,3,0,,a43ed1a0e6c9f7565802b2b471dfbe826c27c619e563e4b638b42576573b89c9,UgxfouKI4s7ha2c2CJ94AaABAg,youtube-data-api-v3/commentThreads.list,,npfiV52dXoc,How To Get The Perfect Stop loss,TradingLab,,
youtube,TradingLab,npfiV52dXoc,https://www.youtube.com/watch?v=npfiV52dXoc,UgxQLYkPi_ESofmITMt4AaABAg,"there’s  indicator that show candle color of bigger time frames in multiple time frames, use that don’t need to draw line and much easier. they called “higher time frame box” something",2025-05-31T23:59:07Z,2026-10-01T13:26:54.323837+00:00,1,0,,3faf79b041c7dd6f73df0fc64142e370bda834fa68b112902d395fa7f84182f0,,youtube-data-api-v3/commentThreads.list,,npfiV52dXoc,How To Get The Perfect Stop loss,TradingLab,,
youtube,TradingLab,npfiV52dXoc,https://www.youtube.com/watch?v=npfiV52dXoc,UgzHUtri9qqgUiyB8zd4AaABAg,This works for me because it's align with my strategy,2024-07-14T21:30:03Z,2026-10-01T13:26:54.323837+00:00,1,0,,320c84fa88decda23d3b0c75c0329616124d97f8436b6667b5e33335ea76d86a,,youtube-data-api-v3/commentThreads.list,,npfiV52dXoc,How To Get The Perfect Stop loss,TradingLab,,
youtube,TradingLab,npfiV52dXoc,https://www.youtube.com/watch?v=npfiV52dXoc,UgxYyio6CNda7nIcKA94AaABAg,"Love this account and these shorts, even a year later",2026-01-30T19:57:54Z,2026-10-01T13:26:54.323837+00:00,0,0,,2afddcaefeed66bd3e48bee64b613a0a47ae8e55922b64dd5abcdc3448cf8875,,youtube-data-api-v3/commentThreads.list,,npfiV52dXoc,How To Get The Perfect Stop loss,TradingLab,,
youtube,TradingLab,npfiV52dXoc,https://www.youtube.com/watch?v=npfiV52dXoc,UgyZGqjjwTt-PdUKc0V4AaABAg,Thanks for the lesson dude 🔥🔥,2026-06-27T11:17:25Z,2026-10-01T13:26:54.323837+00:00,0,0,,f2cbfb69b82125ebace5dace4bdcf92715753574625dab3d2df2435b33217c5c,,youtube-data-api-v3/commentThreads.list,,npfiV52dXoc,How To Get The Perfect Stop loss,TradingLab,,
youtube,TradingLab,npfiV52dXoc,https://www.youtube.com/watch?v=npfiV52dXoc,Ugz56xa1r66f9A5u9c94AaABAg,No matter what you do just enter long positive below,2026-04-25T07:29:11Z,2026-10-01T13:26:54.323837+00:00,0,0,,d782cd2495102ef47afb5c9aa0a75b80937d9e647ccf1993cb627f1da586b0c8,,youtube-data-api-v3/commentThreads.list,,npfiV52dXoc,How To Get The Perfect Stop loss,TradingLab,,
youtube,TradingLab,npfiV52dXoc,https://www.youtube.com/watch?v=npfiV52dXoc,Ugzno672h84UCz1fHM54AaABAg,Good advice only entering if your bias is in a discount leads to better RR unless it’s a break in the trend,2025-10-18T11:43:21Z,2026-10-01T13:26:54.323837+00:00,0,1,,b781147fd38f94548df471bb258a6e890f3f7d760f7728ef74765bcdf178610e,,youtube-data-api-v3/commentThreads.list,,npfiV52dXoc,How To Get The Perfect Stop loss,TradingLab,,
youtube,TradingLab,npfiV52dXoc,https://www.youtube.com/watch?v=npfiV52dXoc,Ugzno672h84UCz1fHM54AaABAg.AOQGJMow-kiASaywomaGYz,"You trade? If so let's work together, like idea for ideas",2026-01-30T10:59:19Z,2026-10-01T13:26:54.323837+00:00,0,0,,ba4eb333fe2ce3ada3d9592c412047ea2132bfb8abbea6a5bc291c7867eb00e0,Ugzno672h84UCz1fHM54AaABAg,youtube-data-api-v3/commentThreads.list,,npfiV52dXoc,How To Get The Perfect Stop loss,TradingLab,,
youtube,TradingLab,npfiV52dXoc,https://www.youtube.com/watch?v=npfiV52dXoc,UgwhQxAzUs0mY0SkJcJ4AaABAg,This is the song of the summer 🥀,2025-07-16T03:26:06Z,2026-10-01T13:26:54.323837+00:00,0,0,,cf854c0f30eceaf60e0c83ce6716067c1718826ed718367f6dce85745e81ca75,,youtube-data-api-v3/commentThreads.list,,npfiV52dXoc,How To Get The Perfect Stop loss,TradingLab,,
youtube,TradingLab,npfiV52dXoc,https://www.youtube.com/watch?v=npfiV52dXoc,UgzHIsS8Q7skE4suIy54AaABAg,A good basic principle to remember.,2026-03-07T08:23:02Z,2026-10-01T13:26:54.323837+00:00,0,0,,4f248034297e3e38541a52c6d5fddecfbc83f419549882a4d75522664cfcf670,,youtube-data-api-v3/commentThreads.list,,npfiV52dXoc,How To Get The Perfect Stop loss,TradingLab,,
youtube,TradingLab,npfiV52dXoc,https://www.youtube.com/watch?v=npfiV52dXoc,UgxVa2LO4Ixs_wHtcCJ4AaABAg,Some time's price goes to the weekly low Incase of a bull market B4 it goes up,2025-03-16T00:05:38Z,2026-10-01T13:26:54.323837+00:00,0,0,,3ae9f1225955e64c7759e162883cbeae7b7e67ab89b801d02aa47bddb6dbe0c4,,youtube-data-api-v3/commentThreads.list,,npfiV52dXoc,How To Get The Perfect Stop loss,TradingLab,,
youtube,TradingLab,npfiV52dXoc,https://www.youtube.com/watch?v=npfiV52dXoc,Ugxfbdj2hxOMyJUIb854AaABAg,I think combining Candlestick patterns with chart pattern increases the chance of a successful trade 🤔,2025-03-03T15:06:31Z,2026-10-01T13:26:54.323837+00:00,1,0,,e3546d56d70fc8eb168f32a57866f94d00d9b8fc98fef5ee6a76a9f949be6967,,youtube-data-api-v3/commentThreads.list,,npfiV52dXoc,How To Get The Perfect Stop loss,TradingLab,,
youtube,TradingLab,npfiV52dXoc,https://www.youtube.com/watch?v=npfiV52dXoc,UgxUPH_8QIYufKeKUmJ4AaABAg,I can confirm to you that you are right,2024-07-30T04:34:48Z,2026-10-01T13:26:54.323837+00:00,0,1,,3058df0ee124d0972cad7d061a38a5f00a12f5591a33029b438e2e88550e4305,,youtube-data-api-v3/commentThreads.list,,npfiV52dXoc,How To Get The Perfect Stop loss,TradingLab,,
youtube,TradingLab,npfiV52dXoc,https://www.youtube.com/watch?v=npfiV52dXoc,UgxUPH_8QIYufKeKUmJ4AaABAg.A6VeXAOaJXZASaz6n3SmLt,"You trade? If so let's work together, like idea for ideas",2026-01-30T11:00:49Z,2026-10-01T13:26:54.323837+00:00,0,0,,ba4eb333fe2ce3ada3d9592c412047ea2132bfb8abbea6a5bc291c7867eb00e0,UgxUPH_8QIYufKeKUmJ4AaABAg,youtube-data-api-v3/commentThreads.list,,npfiV52dXoc,How To Get The Perfect Stop loss,TradingLab,,
youtube,TradingLab,npfiV52dXoc,https://www.youtube.com/watch?v=npfiV52dXoc,UgzQnOnJZXFCLunN5uF4AaABAg,For indian market u can use 10.45am candle it is closes in green market will be bullish end of the day u can back test,2025-12-07T03:13:07Z,2026-10-01T13:26:54.323837+00:00,0,0,,a9ceb97f3e6a9641479b2c613f680780fe68882425bd703e9295aab2f26448dd,,youtube-data-api-v3/commentThreads.list,,npfiV52dXoc,How To Get The Perfect Stop loss,TradingLab,,
youtube,TradingLab,npfiV52dXoc,https://www.youtube.com/watch?v=npfiV52dXoc,UgyNaP7rMgxHshOJpqB4AaABAg,Actual good advice,2026-06-25T19:01:39Z,2026-10-01T13:26:54.323837+00:00,0,0,,7a4f6c987ddb1e33b850d46a1804a59875d47055699ae99c8ba90e83fb7fbcbe,,youtube-data-api-v3/commentThreads.list,,npfiV52dXoc,How To Get The Perfect Stop loss,TradingLab,,
youtube,TradingLab,npfiV52dXoc,https://www.youtube.com/watch?v=npfiV52dXoc,UgyM7t6jdwyzsiiQ6SV4AaABAg,"God, it’s so funny that to be a successful trader you start off seeing things like this 😂😂",2026-09-26T22:34:50Z,2026-10-01T13:26:54.323837+00:00,0,0,,bc853f4f4a9cd7dca415f213dfc1be70e40e0ec9b309c298d25016a7de1593a2,,youtube-data-api-v3/commentThreads.list,,npfiV52dXoc,How To Get The Perfect Stop loss,TradingLab,,
youtube,TradingLab,npfiV52dXoc,https://www.youtube.com/watch?v=npfiV52dXoc,Ugw710RgZF1Z-2TA4mV4AaABAg,Great video bro,2025-09-29T04:49:48Z,2026-10-01T13:26:54.323837+00:00,0,0,,174c07df0d587377dc84c97ba196b778d71e518ecc167279be4744b96ae14431,,youtube-data-api-v3/commentThreads.list,,npfiV52dXoc,How To Get The Perfect Stop loss,TradingLab,,
youtube,TradingLab,npfiV52dXoc,https://www.youtube.com/watch?v=npfiV52dXoc,UgwNf2I4AqVUxovhSHV4AaABAg,nowadays market just don't liquidate fvg but it liquidate even below the fvg where most of the retailers place sl,2025-08-02T16:33:51Z,2026-10-01T13:26:54.323837+00:00,0,0,,dd6555fc47d6e2ba4faabd90d005888fd8afca54e1f526db264fc6f23eba0389,,youtube-data-api-v3/commentThreads.list,,npfiV52dXoc,How To Get The Perfect Stop loss,TradingLab,,
youtube,TradingLab,npfiV52dXoc,https://www.youtube.com/watch?v=npfiV52dXoc,UgyuJgRaQbs-HXrv9ld4AaABAg,Using this with fib and trendiness would make a killer combo,2025-12-30T21:16:40Z,2026-10-01T13:26:54.323837+00:00,0,1,,fabf8b023e061223f894351f54028b80c481089145066c217ee6ab87d751c544,,youtube-data-api-v3/commentThreads.list,,npfiV52dXoc,How To Get The Perfect Stop loss,TradingLab,,
youtube,TradingLab,npfiV52dXoc,https://www.youtube.com/watch?v=npfiV52dXoc,UgyuJgRaQbs-HXrv9ld4AaABAg.ARNFxO4QEtaASayzQyeyab,"You trade? If so let's work together, like idea for ideas",2026-01-30T10:59:40Z,2026-10-01T13:26:54.323837+00:00,0,0,,ba4eb333fe2ce3ada3d9592c412047ea2132bfb8abbea6a5bc291c7867eb00e0,UgyuJgRaQbs-HXrv9ld4AaABAg,youtube-data-api-v3/commentThreads.list,,npfiV52dXoc,How To Get The Perfect Stop loss,TradingLab,,
youtube,TradingLab,npfiV52dXoc,https://www.youtube.com/watch?v=npfiV52dXoc,UgzvDGmZnKZf95SQs9N4AaABAg,2 touches below trend works. but you need liquidity 😊,2024-05-15T22:55:31Z,2026-10-01T13:26:54.323837+00:00,4,0,,a04d7b16734dae447d8387cbb244c02f51735495d9d7f2c667d7ee6c9a494c6a,,youtube-data-api-v3/commentThreads.list,,npfiV52dXoc,How To Get The Perfect Stop loss,TradingLab,,
youtube,TradingLab,npfiV52dXoc,https://www.youtube.com/watch?v=npfiV52dXoc,UgwIQvPnEEgwLq3tfbZ4AaABAg,Thank you for your work !,2025-11-10T09:09:34Z,2026-10-01T13:26:54.323837+00:00,0,0,,9924aa463323531dda8fb6785d3d93712a8e852bd59b2ddc7214f501e23a9670,,youtube-data-api-v3/commentThreads.list,,npfiV52dXoc,How To Get The Perfect Stop loss,TradingLab,,
youtube,TradingLab,npfiV52dXoc,https://www.youtube.com/watch?v=npfiV52dXoc,UgzaA3QboSHRhQmUqRt4AaABAg,The best strategy ever,2026-01-09T13:28:30Z,2026-10-01T13:26:54.323837+00:00,0,0,,30abb8c58002bd6d800554bfae3f579e6ecd6d3f30aaa6f584654adea09797f3,,youtube-data-api-v3/commentThreads.list,,npfiV52dXoc,How To Get The Perfect Stop loss,TradingLab,,
youtube,TradingLab,npfiV52dXoc,https://www.youtube.com/watch?v=npfiV52dXoc,Ugx8KM-78Ey1X3qK0W94AaABAg,"Now this rule is on the internet, it won't be respected or become a rule for succesfull trades anymore 😂",2024-10-06T10:05:50Z,2026-10-01T13:26:54.323837+00:00,1,0,,a91cdad65c85fd3cede804b69bcd89317148a997a54fe3a76c2b46b5ad181635,,youtube-data-api-v3/commentThreads.list,,npfiV52dXoc,How To Get The Perfect Stop loss,TradingLab,,
youtube,TradingLab,npfiV52dXoc,https://www.youtube.com/watch?v=npfiV52dXoc,UgxM1kKkF5vX1MbFR9d4AaABAg,I really appreciate how these guys in the comment section take their time to explain something we newbies dont understand. May you all succeed in the future ❤,2025-11-08T04:54:28Z,2026-10-01T13:26:54.323837+00:00,0,1,,1ad3b75e9dfb428e0962db66dbe1f96aef263414ae558636523c77aa5aacc83a,,youtube-data-api-v3/commentThreads.list,,npfiV52dXoc,How To Get The Perfect Stop loss,TradingLab,,
youtube,TradingLab,npfiV52dXoc,https://www.youtube.com/watch?v=npfiV52dXoc,UgxM1kKkF5vX1MbFR9d4AaABAg.APFbD0w2A02ASaz2LAWTZm,"You trade? If so let's work together, like idea for ideas",2026-01-30T11:00:12Z,2026-10-01T13:26:54.323837+00:00,0,0,,ba4eb333fe2ce3ada3d9592c412047ea2132bfb8abbea6a5bc291c7867eb00e0,UgxM1kKkF5vX1MbFR9d4AaABAg,youtube-data-api-v3/commentThreads.list,,npfiV52dXoc,How To Get The Perfect Stop loss,TradingLab,,
youtube,TradingLab,npfiV52dXoc,https://www.youtube.com/watch?v=npfiV52dXoc,Ugxv8gfN1YN0kOwrPaJ4AaABAg,thanks for info bro!,2026-09-15T20:21:21Z,2026-10-01T13:26:54.323837+00:00,0,0,,e9e3fe3ff31da3035a774b7aec43904183ea0231c5eb88f89182adf706a8bb67,,youtube-data-api-v3/commentThreads.list,,npfiV52dXoc,How To Get The Perfect Stop loss,TradingLab,,
youtube,TradingLab,npfiV52dXoc,https://www.youtube.com/watch?v=npfiV52dXoc,UgyQoPeBcV_v5rbCwql4AaABAg,Beautiful analysis🎉🎉,2025-05-31T14:11:04Z,2026-10-01T13:26:54.323837+00:00,0,0,,3afadeb677304289e6245355a9086e4932eaf99cd1bb1f658568b9d836f49d91,,youtube-data-api-v3/commentThreads.list,,npfiV52dXoc,How To Get The Perfect Stop loss,TradingLab,,
youtube,TradingLab,npfiV52dXoc,https://www.youtube.com/watch?v=npfiV52dXoc,UgxmUu1B40zZCC4lCAJ4AaABAg,If you use true opens. The game changes,2024-05-17T09:42:29Z,2026-10-01T13:26:54.323837+00:00,0,0,,0d2fc7dd5cff57467a205f8c76bbf5be669e51dec933fae323ee4b2c68110233,,youtube-data-api-v3/commentThreads.list,,npfiV52dXoc,How To Get The Perfect Stop loss,TradingLab,,
youtube,TradingLab,npfiV52dXoc,https://www.youtube.com/watch?v=npfiV52dXoc,UgwzyMOsNQEWH8v7i_t4AaABAg,"Unlike other firms, Alpha Trader Firm isn’t trying to trick you. It’s solid.",2025-08-03T17:57:52Z,2026-10-01T13:26:54.323837+00:00,0,0,,954b2a341c0326853b0f9c0a06f31d06197dbbe13ab0eaec84f84177a129e3c4,,youtube-data-api-v3/commentThreads.list,,npfiV52dXoc,How To Get The Perfect Stop loss,TradingLab,,
youtube,TradingLab,npfiV52dXoc,https://www.youtube.com/watch?v=npfiV52dXoc,UgwzkKmQcQ-0OzllTgN4AaABAg,Thank you so much sir 🙏❤,2024-11-02T09:52:58Z,2026-10-01T13:26:54.323837+00:00,0,0,,d724d8f6f8471537c7d294e903b2d741831cbe34c41c30997bc1d53b0d72beab,,youtube-data-api-v3/commentThreads.list,,npfiV52dXoc,How To Get The Perfect Stop loss,TradingLab,,
youtube,TradingLab,npfiV52dXoc,https://www.youtube.com/watch?v=npfiV52dXoc,UgxE_4JKCYsP-Dis5mJ4AaABAg,I rock with your content bro but this Lowkey only works if the daily candle has a small body. I guess it is a good tip in that case though,2024-05-15T22:22:50Z,2026-10-01T13:26:54.323837+00:00,0,0,,ac6af4eebd4efd76d2e7ee9bb31920597167542a5fc66599d323293a1ee9b7d5,,youtube-data-api-v3/commentThreads.list,,npfiV52dXoc,How To Get The Perfect Stop loss,TradingLab,,
youtube,TradingLab,npfiV52dXoc,https://www.youtube.com/watch?v=npfiV52dXoc,Ugxa3SLQILYMRE5a7AR4AaABAg,This would literally help anyone,2026-06-18T13:23:34Z,2026-10-01T13:26:54.323837+00:00,0,0,,6d50c9e2ae76ed080d00fa4dbfb33dfc6f0341cdb68ad03271beb0b1c66b9408,,youtube-data-api-v3/commentThreads.list,,npfiV52dXoc,How To Get The Perfect Stop loss,TradingLab,,
youtube,TradingLab,npfiV52dXoc,https://www.youtube.com/watch?v=npfiV52dXoc,Ugz23vfxyItscDgJKkJ4AaABAg,ok this is pretty insane,2024-07-09T17:58:01Z,2026-10-01T13:26:54.323837+00:00,0,0,,42a2882fc121f0a4babf40f1b4ea4b46d91c4e7ddc033c8abfc9c7a8e6a2b67a,,youtube-data-api-v3/commentThreads.list,,npfiV52dXoc,How To Get The Perfect Stop loss,TradingLab,,
youtube,TradingLab,npfiV52dXoc,https://www.youtube.com/watch?v=npfiV52dXoc,UgxEARGDabiHnoky-Ep4AaABAg,This helped me so much,2026-05-12T11:54:11Z,2026-10-01T13:26:54.323837+00:00,0,0,,76894bedf261ba385967b4828226829f55a0bf3ed3c8a0abf9900601511881c6,,youtube-data-api-v3/commentThreads.list,,npfiV52dXoc,How To Get The Perfect Stop loss,TradingLab,,
youtube,TradingLab,npfiV52dXoc,https://www.youtube.com/watch?v=npfiV52dXoc,Ugxx4DjE35WG1esZxeF4AaABAg,"""Your stop loss is my entry price."" I use stop loss judiciously so that momentary volatility doesn't allow for my bags to be snatched away from me at a discount.",2025-05-25T21:34:07Z,2026-10-01T13:26:54.323837+00:00,0,0,,fa3ab7d86d66e64cdb8e85e4d0e2fdf6511353531bd32e6bb27f1efdef482f37,,youtube-data-api-v3/commentThreads.list,,npfiV52dXoc,How To Get The Perfect Stop loss,TradingLab,,
youtube,TradingLab,npfiV52dXoc,https://www.youtube.com/watch?v=npfiV52dXoc,Ugwc4fjsWTWSVCgRK2B4AaABAg,if it was only that simple!,2024-05-19T06:51:05Z,2026-10-01T13:26:54.323837+00:00,10,0,,5568ca1202753e9b148c5ef5d2fb1ea3f2f33fc355a7abb961b085d1c2c05e6a,,youtube-data-api-v3/commentThreads.list,,npfiV52dXoc,How To Get The Perfect Stop loss,TradingLab,,
youtube,TradingLab,npfiV52dXoc,https://www.youtube.com/watch?v=npfiV52dXoc,UgyyK2-rs5mHD6y7zX14AaABAg,Highly regarded,2026-03-14T10:45:00Z,2026-10-01T13:26:54.323837+00:00,1,0,,d40b9bfba0fdbb7df75471b85c383971f3df6beca697556eb9a8057eb733bbd9,,youtube-data-api-v3/commentThreads.list,,npfiV52dXoc,How To Get The Perfect Stop loss,TradingLab,,
youtube,TradingLab,npfiV52dXoc,https://www.youtube.com/watch?v=npfiV52dXoc,UgwxQwUqXDRb9_Fydnt4AaABAg,"No comments, let’s change thay",2024-05-15T17:13:03Z,2026-10-01T13:26:54.323837+00:00,4,1,,da45d7edea24d260d6736abca8cdf55fb627fe056d5409476f516f48c5ea50fc,,youtube-data-api-v3/commentThreads.list,,npfiV52dXoc,How To Get The Perfect Stop loss,TradingLab,,
youtube,TradingLab,npfiV52dXoc,https://www.youtube.com/watch?v=npfiV52dXoc,UgwxQwUqXDRb9_Fydnt4AaABAg.A3TJtJ4XThSA4Emn5ueDll,"That's right, in trading there is always a win rate, and our job is to practice to have a high win rate",2024-06-03T22:17:08Z,2026-10-01T13:26:54.323837+00:00,0,0,,cc8cbe6e330fc991d7e41b270fe67d321a5a6590da1d268d7336a32b767086c5,UgwxQwUqXDRb9_Fydnt4AaABAg,youtube-data-api-v3/commentThreads.list,,npfiV52dXoc,How To Get The Perfect Stop loss,TradingLab,,
youtube,TradingLab,npfiV52dXoc,https://www.youtube.com/watch?v=npfiV52dXoc,UgyqcaDluSDZ6DrzlHV4AaABAg,Good video! 💯,2024-09-09T22:41:56Z,2026-10-01T13:26:54.323837+00:00,0,0,,de9830195e307db559e509ed5d013cb1ee29d08039086bcbfd4c463ef0c8bb8e,,youtube-data-api-v3/commentThreads.list,,npfiV52dXoc,How To Get The Perfect Stop loss,TradingLab,,
youtube,TradingLab,npfiV52dXoc,https://www.youtube.com/watch?v=npfiV52dXoc,Ugx043M4kc6nnlK4Je54AaABAg,"This just happened on AU , exact Price Action lol",2024-12-20T23:29:52Z,2026-10-01T13:26:54.323837+00:00,0,0,,6562e961c288af2bc6a9f361c6ee7a25ce11eb88db8d106bfda5caa740a73508,,youtube-data-api-v3/commentThreads.list,,npfiV52dXoc,How To Get The Perfect Stop loss,TradingLab,,
youtube,TradingLab,npfiV52dXoc,https://www.youtube.com/watch?v=npfiV52dXoc,UgzUn0pM7O8IUQk1sHh4AaABAg,"Getting oriented before diving into trading is crucial, especially for newcomers. I lost money in the beginning because I didn't have the right knowledge or strategy. Everything changed after I found a course that taught me how to trade with discipline and proper risk management. $120k profit, and there’s still more profit to come next month.",2026-08-18T00:05:30Z,2026-10-01T13:26:54.323837+00:00,29,9,,89614955ad17232109b361d304887eff84e1dd87e2fd9b6959829738779fe136,,youtube-data-api-v3/commentThreads.list,,npfiV52dXoc,How To Get The Perfect Stop loss,TradingLab,,
youtube,TradingLab,npfiV52dXoc,https://www.youtube.com/watch?v=npfiV52dXoc,UgzUn0pM7O8IUQk1sHh4AaABAg.A_cn69S0B-mA_cn7-oJZLD,"My Gratitude to Alex Gavin for being an incredible mentor. His wisdom, clarity, and unique mindset have transformed the way I learn and grow. I'm thankful for his constant support and the knowledge he continues to share,...",2026-08-18T00:05:37Z,2026-10-01T13:26:54.323837+00:00,7,0,,89614955ad17232109b361d304887eff84e1dd87e2fd9b6959829738779fe136,UgzUn0pM7O8IUQk1sHh4AaABAg,youtube-data-api-v3/commentThreads.list,,npfiV52dXoc,How To Get The Perfect Stop loss,TradingLab,,
youtube,TradingLab,npfiV52dXoc,https://www.youtube.com/watch?v=npfiV52dXoc,UgzUn0pM7O8IUQk1sHh4AaABAg.A_cn69S0B-mA_cn7PjMPyF,"For any beginner investor, mentorship plays a critical role in building consistency and confidence. Alex Gavin has been instrumental as my trade analyst, helping me analyze market trends, identify high-probability entry points, and manage risk effectively to support well-informed trading decisions.",2026-08-18T00:05:40Z,2026-10-01T13:26:54.323837+00:00,6,0,,89614955ad17232109b361d304887eff84e1dd87e2fd9b6959829738779fe136,UgzUn0pM7O8IUQk1sHh4AaABAg,youtube-data-api-v3/commentThreads.list,,npfiV52dXoc,How To Get The Perfect Stop loss,TradingLab,,
youtube,TradingLab,npfiV52dXoc,https://www.youtube.com/watch?v=npfiV52dXoc,UgzUn0pM7O8IUQk1sHh4AaABAg.A_cn69S0B-mA_cq46wxLZz,"Hello, how did you achieve such returns? I'm a newbie and I've lost a lot of money investing on my own. Please can you advise on how to go about this?",2026-08-18T00:31:26Z,2026-10-01T13:26:54.323837+00:00,10,0,,edf8a7b3b81fbbc067417db9f9e37a6f9cb057e8be2906057f33e44650e4e04c,UgzUn0pM7O8IUQk1sHh4AaABAg,youtube-data-api-v3/commentThreads.list,,npfiV52dXoc,How To Get The Perfect Stop loss,TradingLab,,
youtube,TradingLab,npfiV52dXoc,https://www.youtube.com/watch?v=npfiV52dXoc,UgzUn0pM7O8IUQk1sHh4AaABAg.A_cn69S0B-mA_cq4UUNEAq,"To be honest, I need a lot of assistance learning to trade. I get really depressed when I see how low my portfolio is.",2026-08-18T00:31:29Z,2026-10-01T13:26:54.323837+00:00,8,0,,edf8a7b3b81fbbc067417db9f9e37a6f9cb057e8be2906057f33e44650e4e04c,UgzUn0pM7O8IUQk1sHh4AaABAg,youtube-data-api-v3/commentThreads.list,,npfiV52dXoc,How To Get The Perfect Stop loss,TradingLab,,
youtube,TradingLab,npfiV52dXoc,https://www.youtube.com/watch?v=npfiV52dXoc,UgzUn0pM7O8IUQk1sHh4AaABAg.A_cn69S0B-mA_cxzZcC-GX,"I suffered huge losses trading as a beginner. I thought I could trade on my own, but my small investments keep declining. Do you have any tips or recommendations?",2026-08-18T01:40:35Z,2026-10-01T13:26:54.323837+00:00,7,0,,9f089e3bef0963911b0ce3f50cb677ff390053a30ac3bd1907289ee10094bcfe,UgzUn0pM7O8IUQk1sHh4AaABAg,youtube-data-api-v3/commentThreads.list,,npfiV52dXoc,How To Get The Perfect Stop loss,TradingLab,,
youtube,TradingLab,npfiV52dXoc,https://www.youtube.com/watch?v=npfiV52dXoc,UgyDUEjCjbziwbzW4Tp4AaABAg,so crazy how this works,2025-07-21T02:21:30Z,2026-10-01T13:26:54.323837+00:00,0,0,,43e6d3b5c5ab501310e86fe8931d796c3352f67a2d05981bbaa2a4f90e786fff,,youtube-data-api-v3/commentThreads.list,,npfiV52dXoc,How To Get The Perfect Stop loss,TradingLab,,
youtube,TradingLab,npfiV52dXoc,https://www.youtube.com/watch?v=npfiV52dXoc,Ugz7ojJQoop9eYRFoiR4AaABAg,I turn my $20000 into 300000. Setting realistic goals is an essential part of trading,2026-03-11T15:36:25Z,2026-10-01T13:26:54.323837+00:00,0,0,,a17ab023d2daeed3d09745cb4f2aff59361af739297b4f80a44440acff747106,,youtube-data-api-v3/commentThreads.list,,npfiV52dXoc,How To Get The Perfect Stop loss,TradingLab,,
youtube,TradingLab,npfiV52dXoc,https://www.youtube.com/watch?v=npfiV52dXoc,Ugwi5e0oYz60bnphB214AaABAg,Only focus on first candle high and low  9:15,2026-03-21T02:18:44Z,2026-10-01T13:26:54.323837+00:00,0,0,,9cda44ce6c8cfcf70035bfa1ac51d1c6c09f120cf0c6f13da1ece2e64d9a0d5c,,youtube-data-api-v3/commentThreads.list,,npfiV52dXoc,How To Get The Perfect Stop loss,TradingLab,,
youtube,TradingLab,npfiV52dXoc,https://www.youtube.com/watch?v=npfiV52dXoc,UgynvA-hx-SX_Fg-x814AaABAg,Need a longer vid 🙏,2025-07-15T08:36:32Z,2026-10-01T13:26:54.323837+00:00,0,0,,3bfbc0e952c3d61f8acf812b15b2e8598d3973b872e6fbbb33fc184e933aa7ad,,youtube-data-api-v3/commentThreads.list,,npfiV52dXoc,How To Get The Perfect Stop loss,TradingLab,,
youtube,TradingLab,npfiV52dXoc,https://www.youtube.com/watch?v=npfiV52dXoc,UgyE9UVNY-RjXkAwwFJ4AaABAg,Fair value gap 👏,2026-01-15T11:51:33Z,2026-10-01T13:26:54.323837+00:00,1,0,,5d3eea2ab9a4bf8c869fcf383e75ab58b5b3359fba9cb8310f94a5bba66508cb,,youtube-data-api-v3/commentThreads.list,,npfiV52dXoc,How To Get The Perfect Stop loss,TradingLab,,
youtube,TradingLab,npfiV52dXoc,https://www.youtube.com/watch?v=npfiV52dXoc,Ugz6haLCOABo3UnJa_54AaABAg,Why taking long position below open price anyone explain?,2024-10-29T14:36:20Z,2026-10-01T13:26:54.323837+00:00,2,0,,a4b451fa8d557f27c61da1b8408588036f5d14ce0a9ed9845fe493781e241a63,,youtube-data-api-v3/commentThreads.list,,npfiV52dXoc,How To Get The Perfect Stop loss,TradingLab,,
youtube,TradingLab,npfiV52dXoc,https://www.youtube.com/watch?v=npfiV52dXoc,Ugwd1Y7BqC945ynETdN4AaABAg,ICT POWER of 3,2024-05-20T21:09:03Z,2026-10-01T13:26:54.323837+00:00,0,0,,1e48a7c5b8b6ac8de049d2440923243b66b00b96798a9c3f64240d7037345a16,,youtube-data-api-v3/commentThreads.list,,npfiV52dXoc,How To Get The Perfect Stop loss,TradingLab,,
youtube,TradingLab,npfiV52dXoc,https://www.youtube.com/watch?v=npfiV52dXoc,UgwvKLh5AhamjMUur3Z4AaABAg,Shorting is so much easier.,2024-08-24T01:52:51Z,2026-10-01T13:26:54.323837+00:00,0,0,,2c9703b25d76a3f8673d2483103f5896fa5e1ee3edce7a11393283adf053ed7e,,youtube-data-api-v3/commentThreads.list,,npfiV52dXoc,How To Get The Perfect Stop loss,TradingLab,,
youtube,TradingLab,npfiV52dXoc,https://www.youtube.com/watch?v=npfiV52dXoc,UgyxuaatCFrblyc34PB4AaABAg,when the day candle is a doji,2024-10-16T21:22:12Z,2026-10-01T13:26:54.323837+00:00,0,0,,6926813ed89b686fd5276c7967f44bad3131d2486985b21a82b0509a62d6b5f3,,youtube-data-api-v3/commentThreads.list,,npfiV52dXoc,How To Get The Perfect Stop loss,TradingLab,,
youtube,TradingLab,npfiV52dXoc,https://www.youtube.com/watch?v=npfiV52dXoc,UgwIi0h31I5arlRs1Jl4AaABAg,Only in a perfect world,2025-08-24T21:56:41Z,2026-10-01T13:26:54.323837+00:00,0,0,,8bd18d4af65bd49b5ac78bee3a2934dfa938e5c67d23f45cd9c09f31a5b11dae,,youtube-data-api-v3/commentThreads.list,,npfiV52dXoc,How To Get The Perfect Stop loss,TradingLab,,
youtube,TradingLab,npfiV52dXoc,https://www.youtube.com/watch?v=npfiV52dXoc,UgzJjbOYZh4Iu_iqzFB4AaABAg,"The price, my friend, does not go this way. Rather, it is very different from your explanation.❤❤",2025-01-03T16:02:07Z,2026-10-01T13:26:54.323837+00:00,6,0,,4ad6fc4d339b4098a0dbd5d6ad60fee7e5b3e540be4dfbc03ddc7663d876e4cc,,youtube-data-api-v3/commentThreads.list,,npfiV52dXoc,How To Get The Perfect Stop loss,TradingLab,,
youtube,TradingLab,npfiV52dXoc,https://www.youtube.com/watch?v=npfiV52dXoc,UgzNy098Yuc_Uj4sfHt4AaABAg,Break out and retest with extra steps.,2025-12-06T20:51:14Z,2026-10-01T13:26:54.323837+00:00,0,1,,ccf8829baad2f33175e35c011829ed5988263ccd426fe9e23c0c47a42923787b,,youtube-data-api-v3/commentThreads.list,,npfiV52dXoc,How To Get The Perfect Stop loss,TradingLab,,
youtube,TradingLab,npfiV52dXoc,https://www.youtube.com/watch?v=npfiV52dXoc,UgzNy098Yuc_Uj4sfHt4AaABAg.AQPPy0xIGuSASayy6dSU1z,"You trade? If so let's work together, like idea for ideas",2026-01-30T10:59:29Z,2026-10-01T13:26:54.323837+00:00,0,0,,ba4eb333fe2ce3ada3d9592c412047ea2132bfb8abbea6a5bc291c7867eb00e0,UgzNy098Yuc_Uj4sfHt4AaABAg,youtube-data-api-v3/commentThreads.list,,npfiV52dXoc,How To Get The Perfect Stop loss,TradingLab,,
youtube,TradingLab,npfiV52dXoc,https://www.youtube.com/watch?v=npfiV52dXoc,UgxzpP7oom7vdsBYJkR4AaABAg,holy shit i understand this wtf,2025-02-26T09:32:09Z,2026-10-01T13:26:54.323837+00:00,3,2,,cb8fc92b541b5f59bf59170d4b950782b0e20a08e34853e99a928067fcb7bff0,,youtube-data-api-v3/commentThreads.list,,npfiV52dXoc,How To Get The Perfect Stop loss,TradingLab,,
youtube,TradingLab,npfiV52dXoc,https://www.youtube.com/watch?v=npfiV52dXoc,UgxzpP7oom7vdsBYJkR4AaABAg.AF-VHimGs9nAP9TptZJOku,You're cooked,2025-11-05T19:45:50Z,2026-10-01T13:26:54.323837+00:00,0,0,,16380c1908520cc9864208ee40301f014d0f299487ca3eddaa2a68ac9f3357db,UgxzpP7oom7vdsBYJkR4AaABAg,youtube-data-api-v3/commentThreads.list,,npfiV52dXoc,How To Get The Perfect Stop loss,TradingLab,,
youtube,TradingLab,npfiV52dXoc,https://www.youtube.com/watch?v=npfiV52dXoc,UgxzpP7oom7vdsBYJkR4AaABAg.AF-VHimGs9nAa5LPr9ROnC,Yeah 😂 good luck,2026-08-29T11:32:00Z,2026-10-01T13:26:54.323837+00:00,0,0,,790c18e4d91d4713fbf5b44c0cca46534cb3968450b8e1d4203396b4c9ee0982,UgxzpP7oom7vdsBYJkR4AaABAg,youtube-data-api-v3/commentThreads.list,,npfiV52dXoc,How To Get The Perfect Stop loss,TradingLab,,
youtube,TradingLab,npfiV52dXoc,https://www.youtube.com/watch?v=npfiV52dXoc,Ugws6ujKQLQWbBGSNdl4AaABAg,Thank you so much 👍 👍,2024-11-09T01:18:10Z,2026-10-01T13:26:54.323837+00:00,0,0,,d88c376cc97a076b6dfd89fd6fde059fa14b20900b3a633bdb838f46eb249b2a,,youtube-data-api-v3/commentThreads.list,,npfiV52dXoc,How To Get The Perfect Stop loss,TradingLab,,
youtube,TradingLab,npfiV52dXoc,https://www.youtube.com/watch?v=npfiV52dXoc,UgyT45JNg4Eswt2HUT14AaABAg,"buy low, sell high",2024-07-14T19:22:00Z,2026-10-01T13:26:54.323837+00:00,0,0,,c9e56de61c01a2f33d997b82052fd9eeee51645bf205696120a22daf939a773e,,youtube-data-api-v3/commentThreads.list,,npfiV52dXoc,How To Get The Perfect Stop loss,TradingLab,,
youtube,TradingLab,npfiV52dXoc,https://www.youtube.com/watch?v=npfiV52dXoc,UgymJDXoLnVHwjMs8vB4AaABAg,I just mark the daily candle open then go to the 5 minute chart and draw a trend line when the market breaks the trend line in either direction I get in but usually get in on the second candle just to confirm the direction unless it’s a strong full body candle then I’ll get In on the first candle,2025-01-01T15:56:22Z,2026-10-01T13:26:54.324835+00:00,5,4,,3eac47c38c83a4473a1f63319cd1a10ab744576ee7edea9e5f7c58af4c57bb21,,youtube-data-api-v3/commentThreads.list,,npfiV52dXoc,How To Get The Perfect Stop loss,TradingLab,,
youtube,TradingLab,npfiV52dXoc,https://www.youtube.com/watch?v=npfiV52dXoc,UgymJDXoLnVHwjMs8vB4AaABAg.ACkzjqPb7PHADlL55gAodY,how successful are  you with this approach,2025-01-26T15:43:03Z,2026-10-01T13:26:54.324835+00:00,0,0,,52325e4245f3cc7d97017e53bbb04ffe139fea69e593e365300bfb2b25879598,UgymJDXoLnVHwjMs8vB4AaABAg,youtube-data-api-v3/commentThreads.list,,npfiV52dXoc,How To Get The Perfect Stop loss,TradingLab,,
youtube,TradingLab,npfiV52dXoc,https://www.youtube.com/watch?v=npfiV52dXoc,UgymJDXoLnVHwjMs8vB4AaABAg.ACkzjqPb7PHADlUbp6aeHH,@ it works good for me but I’m a scalper so I’m in and out quick I mark the daily then confirm it with the 1ht then the 5 minute and just use support and resistance and draw a trend line,2025-01-26T17:06:18Z,2026-10-01T13:26:54.324835+00:00,0,0,,3eac47c38c83a4473a1f63319cd1a10ab744576ee7edea9e5f7c58af4c57bb21,UgymJDXoLnVHwjMs8vB4AaABAg,youtube-data-api-v3/commentThreads.list,,npfiV52dXoc,How To Get The Perfect Stop loss,TradingLab,,
youtube,TradingLab,npfiV52dXoc,https://www.youtube.com/watch?v=npfiV52dXoc,UgymJDXoLnVHwjMs8vB4AaABAg.ACkzjqPb7PHAN7sIX-EbUu,@Thebeactrader hope you answer brother how this strategy going ?,2025-09-16T11:47:03Z,2026-10-01T13:26:54.324835+00:00,0,0,,ecb713e87e325a648a25f78d85b5aadd6c09e4a92ae591c942329429be5996ac,UgymJDXoLnVHwjMs8vB4AaABAg,youtube-data-api-v3/commentThreads.list,,npfiV52dXoc,How To Get The Perfect Stop loss,TradingLab,,
youtube,TradingLab,npfiV52dXoc,https://www.youtube.com/watch?v=npfiV52dXoc,UgymJDXoLnVHwjMs8vB4AaABAg.ACkzjqPb7PHAN9FPCY-OPJ,@abdusillah4232Been working great for me I’ve ben busy so haven’t traded in a few days but I’m gonna get in tomorrow I haven’t lost a trade with this strategy yet though,2025-09-17T00:36:55Z,2026-10-01T13:26:54.324835+00:00,0,0,,3eac47c38c83a4473a1f63319cd1a10ab744576ee7edea9e5f7c58af4c57bb21,UgymJDXoLnVHwjMs8vB4AaABAg,youtube-data-api-v3/commentThreads.list,,npfiV52dXoc,How To Get The Perfect Stop loss,TradingLab,,
youtube,TradingLab,npfiV52dXoc,https://www.youtube.com/watch?v=npfiV52dXoc,UgwrE2AUy-TK7bVkgqd4AaABAg,Good luck with this,2025-09-09T12:33:21Z,2026-10-01T13:26:54.324835+00:00,0,0,,294509347554cb8085c40fa3fdf05f93c9d1e88622fff3f1ae1a9094606d93c1,,youtube-data-api-v3/commentThreads.list,,npfiV52dXoc,How To Get The Perfect Stop loss,TradingLab,,
youtube,TradingLab,npfiV52dXoc,https://www.youtube.com/watch?v=npfiV52dXoc,Ugx7hrNbe8Mq5xbt0U14AaABAg,Interesting stuff 👍,2026-08-16T02:00:52Z,2026-10-01T13:26:54.324835+00:00,0,0,,71c4b9542583dac10bb7fcc6c9bcd05adc1211554ff254cdd3c330ff26833961,,youtube-data-api-v3/commentThreads.list,,npfiV52dXoc,How To Get The Perfect Stop loss,TradingLab,,
youtube,TradingLab,npfiV52dXoc,https://www.youtube.com/watch?v=npfiV52dXoc,UgwX24jJX4gVzbxWyct4AaABAg,first determine the daily bias by considering previous day daily candle and then take long or short based on bias  because if daily bias is short but the daily candle at the beginning of the day is short then the strategy might get messed up,2025-06-22T18:52:24Z,2026-10-01T13:26:54.324835+00:00,0,0,,996d9d095ccbff9f6ab6eee8d86f4bf4608845f8e1bc10c127208d2a9c577a3f,,youtube-data-api-v3/commentThreads.list,,npfiV52dXoc,How To Get The Perfect Stop loss,TradingLab,,
youtube,TradingLab,npfiV52dXoc,https://www.youtube.com/watch?v=npfiV52dXoc,UgznmussZ2QePLF5xH94AaABAg,“Power of 3”,2026-04-23T04:49:39Z,2026-10-01T13:26:54.324835+00:00,0,0,,b89df9e96e0625496c9dbe0c36c1a9955b79ddb2b3c54a2a89bca3728f39eb14,,youtube-data-api-v3/commentThreads.list,,npfiV52dXoc,How To Get The Perfect Stop loss,TradingLab,,
youtube,TradingLab,npfiV52dXoc,https://www.youtube.com/watch?v=npfiV52dXoc,UgxwZsCBSo47FErH36R4AaABAg,Bro is Mr Beast,2024-05-26T22:30:11Z,2026-10-01T13:26:54.324835+00:00,0,0,,8e180cb1b5b0fd6510f2026483b02e3a82922f32920bd2a59355fce7f41a5163,,youtube-data-api-v3/commentThreads.list,,npfiV52dXoc,How To Get The Perfect Stop loss,TradingLab,,
youtube,TradingLab,npfiV52dXoc,https://www.youtube.com/watch?v=npfiV52dXoc,Ugz9RYH82F95MY9sqGN4AaABAg,nice setup,2026-05-06T13:00:03Z,2026-10-01T13:26:54.324835+00:00,0,0,,72d1fab7f7aec379bbd3992fddfdb2365a534a88534d0100bc10a9f9ecefbc6e,,youtube-data-api-v3/commentThreads.list,,npfiV52dXoc,How To Get The Perfect Stop loss,TradingLab,,
youtube,TradingLab,npfiV52dXoc,https://www.youtube.com/watch?v=npfiV52dXoc,UgzydYMFNzw5r-cBBk14AaABAg,"I’ve tried everything, and this market keeps crushing me. 😩 It’s like I take two steps forward and five back. I’ve blown through strategies, watched hours of YouTube, paid for 3 courses… still can’t stay consistent. If anyone’s worked with a mentor who actually helps you trade while you’re learning, I’m listening. I’m done with theory I need results.",2026-09-13T18:03:01Z,2026-10-01T13:26:54.324835+00:00,17,13,,1cd62a748592f4cbdf7ed69d5deabd256449a15e2f10d5aba888205a20370d53,,youtube-data-api-v3/commentThreads.list,,npfiV52dXoc,How To Get The Perfect Stop loss,TradingLab,,
youtube,TradingLab,npfiV52dXoc,https://www.youtube.com/watch?v=npfiV52dXoc,UgzydYMFNzw5r-cBBk14AaABAg.Aahf4q3qLgCAahfDwMgZc4,"I was in that same pit a few months ago. Kept trying to piece it all together and just ended up frustrated. I started working with this guy, Rolando Mario, different vibe. You actually sit in live trades with him, like real-time stuff, no theory talks. You’re learning while doing. Way better than just watching another guy circle candles on a whiteboard.",2026-09-13T18:04:15Z,2026-10-01T13:26:54.324835+00:00,2,0,,88526f37ade3e41b4a16f30c8b7b3c33e53ae58c83310e385bb11139bf6ffa41,UgzydYMFNzw5r-cBBk14AaABAg,youtube-data-api-v3/commentThreads.list,,npfiV52dXoc,How To Get The Perfect Stop loss,TradingLab,,
youtube,TradingLab,npfiV52dXoc,https://www.youtube.com/watch?v=npfiV52dXoc,UgzydYMFNzw5r-cBBk14AaABAg.Aahf4q3qLgCAahfHawr8Gc,"Trading feels like 80% mental gymnastics, 20% revenge clicking 😓 If I actually stuck to my plan instead of chasing every setup I felt, I'd be sipping drinks on a yacht by now.",2026-09-13T18:04:45Z,2026-10-01T13:26:54.324835+00:00,0,0,,6293dc439ddf3e547de37ba168042baad0faca6deb6a7c2bee2d43412726a629,UgzydYMFNzw5r-cBBk14AaABAg,youtube-data-api-v3/commentThreads.list,,npfiV52dXoc,How To Get The Perfect Stop loss,TradingLab,,
youtube,TradingLab,npfiV52dXoc,https://www.youtube.com/watch?v=npfiV52dXoc,UgzydYMFNzw5r-cBBk14AaABAg.Aahf4q3qLgCAahfKkniQKW,"story of my life 😊 Every time I feel like I’ve cracked the code, boom the market flips like it’s trolling me. It’s like trading with a blindfold. I’ve heard about Rolando’s thing too, sounds like he actually gets in the mud with you, not just pointing at charts from a distance. That might be worth a try.",2026-09-13T18:05:11Z,2026-10-01T13:26:54.324835+00:00,0,0,,226d7db052687b6605ce51a594d34a99af5b2428a5cb649dadb0966d00fdd600,UgzydYMFNzw5r-cBBk14AaABAg,youtube-data-api-v3/commentThreads.list,,npfiV52dXoc,How To Get The Perfect Stop loss,TradingLab,,
youtube,TradingLab,npfiV52dXoc,https://www.youtube.com/watch?v=npfiV52dXoc,UgzydYMFNzw5r-cBBk14AaABAg.Aahf4q3qLgCAahfNMGYw0y,HE'S MOSTLY ON TELEGRAMS,2026-09-13T18:05:32Z,2026-10-01T13:26:54.324835+00:00,0,0,,88526f37ade3e41b4a16f30c8b7b3c33e53ae58c83310e385bb11139bf6ffa41,UgzydYMFNzw5r-cBBk14AaABAg,youtube-data-api-v3/commentThreads.list,,npfiV52dXoc,How To Get The Perfect Stop loss,TradingLab,,
youtube,TradingLab,npfiV52dXoc,https://www.youtube.com/watch?v=npfiV52dXoc,UgzydYMFNzw5r-cBBk14AaABAg.Aahf4q3qLgCAahfPFmCQvf,@Diazvx THAT’S HIS ACTUAL USER NAME,2026-09-13T18:05:48Z,2026-10-01T13:26:54.324835+00:00,0,0,,88526f37ade3e41b4a16f30c8b7b3c33e53ae58c83310e385bb11139bf6ffa41,UgzydYMFNzw5r-cBBk14AaABAg,youtube-data-api-v3/commentThreads.list,,npfiV52dXoc,How To Get The Perfect Stop loss,TradingLab,,
youtube,TradingLab,npfiV52dXoc,https://www.youtube.com/watch?v=npfiV52dXoc,UgxET-z-orezk8ti0-B4AaABAg,Guys Penny loafers is best 👌,2026-02-01T15:38:53Z,2026-10-01T13:26:54.324835+00:00,1,0,,379fe1c6b2ee697ddbc53e632d9dcfcc3a59c8ca57453cecd43c9dddd1acb372,,youtube-data-api-v3/commentThreads.list,,npfiV52dXoc,How To Get The Perfect Stop loss,TradingLab,,
youtube,TradingLab,npfiV52dXoc,https://www.youtube.com/watch?v=npfiV52dXoc,UgyV-J9kd41jsM0H3fd4AaABAg,informative makes sense,2026-08-21T18:01:44Z,2026-10-01T13:26:54.324835+00:00,0,0,,f7ac3b883db20b27fdead1f1b270f9400d3cc1773d0d121019aed25191db20de,,youtube-data-api-v3/commentThreads.list,,npfiV52dXoc,How To Get The Perfect Stop loss,TradingLab,,
youtube,TradingLab,npfiV52dXoc,https://www.youtube.com/watch?v=npfiV52dXoc,UgxRdBNAtDu4CerklKZ4AaABAg,"If you take a long trade below the open price, the price can even go down both blow the open price and your purchase price. This is basically bet the stock would go up this day. I am not sure if I interpreter it correctly.😮",2024-07-27T05:30:48Z,2026-10-01T13:26:54.324835+00:00,30,2,,c5f220a7b97c776a330c3957e7fb49acf0bed0e41f1e195c44543b62f107474c,,youtube-data-api-v3/commentThreads.list,,npfiV52dXoc,How To Get The Perfect Stop loss,TradingLab,,
youtube,TradingLab,npfiV52dXoc,https://www.youtube.com/watch?v=npfiV52dXoc,UgxRdBNAtDu4CerklKZ4AaABAg.A6O1YiaP1WlAC0Q67DyanA,I think he is earning from youtube and not from trading. Only making videos for making videos.,2024-12-14T04:31:56Z,2026-10-01T13:26:54.324835+00:00,0,0,,0c3685f9561195674255741b2b55032bdcb6567a8622feb236ae35c43deeca90,UgxRdBNAtDu4CerklKZ4AaABAg,youtube-data-api-v3/commentThreads.list,,npfiV52dXoc,How To Get The Perfect Stop loss,TradingLab,,
youtube,TradingLab,npfiV52dXoc,https://www.youtube.com/watch?v=npfiV52dXoc,UgxRdBNAtDu4CerklKZ4AaABAg.A6O1YiaP1WlAHKSD2RhorG,you are exactly right. this was TERRIBLE advice. he talks like momentum doesnt exist and theres always a backside swing. bizarre someone spreading something so wrong with such confidence.,2025-04-25T05:52:08Z,2026-10-01T13:26:54.324835+00:00,3,0,,0b3f9f83b76220486163d42f9dac1b858afab66d5f91b70fcee4f26cc16e2f3a,UgxRdBNAtDu4CerklKZ4AaABAg,youtube-data-api-v3/commentThreads.list,,npfiV52dXoc,How To Get The Perfect Stop loss,TradingLab,,
youtube,TradingLab,npfiV52dXoc,https://www.youtube.com/watch?v=npfiV52dXoc,Ugx4QEB58nfkM86UE9N4AaABAg,"Thank a lot, but have one issue not understand, is it use the pervious daily bar to set the non trading zone?🤔🤔",2024-05-16T16:31:03Z,2026-10-01T13:26:54.324835+00:00,5,1,,d6487d2647611425205728346fcf486e48b54ef73cdd95f0875d8179b426c2ec,,youtube-data-api-v3/commentThreads.list,,npfiV52dXoc,How To Get The Perfect Stop loss,TradingLab,,
youtube,TradingLab,npfiV52dXoc,https://www.youtube.com/watch?v=npfiV52dXoc,Ugx4QEB58nfkM86UE9N4AaABAg.A3VosUiOrgWA8ZAj3rRnXl,Make an educated quess,2024-09-19T06:25:26Z,2026-10-01T13:26:54.324835+00:00,0,0,,d00215316f41ce1b2f90d84cccab07a6ed71fe0d3776c940193d9ff67aa83d8e,Ugx4QEB58nfkM86UE9N4AaABAg,youtube-data-api-v3/commentThreads.list,,npfiV52dXoc,How To Get The Perfect Stop loss,TradingLab,,
youtube,TradingLab,npfiV52dXoc,https://www.youtube.com/watch?v=npfiV52dXoc,UgzIsYpq1_LhGOrXTjd4AaABAg,❤❤❤ keep processing,2026-04-03T03:46:18Z,2026-10-01T13:26:54.324835+00:00,0,0,,f2f141b4fe9ddb36a23b2504f6e00b30481b0d9ad7ab1f08808e4feddaef6f93,,youtube-data-api-v3/commentThreads.list,,npfiV52dXoc,How To Get The Perfect Stop loss,TradingLab,,
youtube,TradingLab,npfiV52dXoc,https://www.youtube.com/watch?v=npfiV52dXoc,UgwG4DvafMh0HB8NK5R4AaABAg,Great Advice.,2026-06-05T22:46:52Z,2026-10-01T13:26:54.324835+00:00,0,0,,e602eb5e44ebf68f31b032d32211a645f29c10d602f00865a683e8c2c35c37d0,,youtube-data-api-v3/commentThreads.list,,npfiV52dXoc,How To Get The Perfect Stop loss,TradingLab,,
youtube,TradingLab,npfiV52dXoc,https://www.youtube.com/watch?v=npfiV52dXoc,Ugx3Jwx-M1m7p_2Txm54AaABAg,Tnx for this man,2026-06-02T03:20:41Z,2026-10-01T13:26:54.324835+00:00,0,0,,c84eefc4ed8c1b5e72383c3292e025ccc8ae9aa30c234eec98d955d2b477bac0,,youtube-data-api-v3/commentThreads.list,,npfiV52dXoc,How To Get The Perfect Stop loss,TradingLab,,
youtube,TradingLab,npfiV52dXoc,https://www.youtube.com/watch?v=npfiV52dXoc,UgyIHzfBwFTK7yn-ePl4AaABAg,Very useful,2025-12-07T21:44:07Z,2026-10-01T13:26:54.324835+00:00,1,1,,8ecd0a86fd2f57a775bac118c05173e1ca1532a1cec518328ae2fd3f075103dc,,youtube-data-api-v3/commentThreads.list,,npfiV52dXoc,How To Get The Perfect Stop loss,TradingLab,,
youtube,TradingLab,npfiV52dXoc,https://www.youtube.com/watch?v=npfiV52dXoc,UgyIHzfBwFTK7yn-ePl4AaABAg.AQS4oGO5oGTASaz4F7sipm,"You trade? If so let's work together, like idea for ideas",2026-01-30T11:00:28Z,2026-10-01T13:26:54.324835+00:00,0,0,,ba4eb333fe2ce3ada3d9592c412047ea2132bfb8abbea6a5bc291c7867eb00e0,UgyIHzfBwFTK7yn-ePl4AaABAg,youtube-data-api-v3/commentThreads.list,,npfiV52dXoc,How To Get The Perfect Stop loss,TradingLab,,
youtube,TradingLab,npfiV52dXoc,https://www.youtube.com/watch?v=npfiV52dXoc,Ugy8CcZ6cTeDEALSrgx4AaABAg,"It’s entirely possible to be below the opening point and go lower. As he stated, This rule must be used with some other strategy ..even just looking at the RSI and MACD, and if they look good, go for it!",2024-06-13T22:16:24Z,2026-10-01T13:26:54.324835+00:00,16,1,,bdd5956a1799779da9f4fb095d591a53c03e16c9123a278561bf092ffc3db4cb,,youtube-data-api-v3/commentThreads.list,,npfiV52dXoc,How To Get The Perfect Stop loss,TradingLab,,
youtube,TradingLab,npfiV52dXoc,https://www.youtube.com/watch?v=npfiV52dXoc,Ugy8CcZ6cTeDEALSrgx4AaABAg.A4dXeTISRCaAAF1GXairR8,look for midnight  opening price it will give a discount to the high or the low first then it will go to the direccion intended,2024-10-31T03:40:44Z,2026-10-01T13:26:54.324835+00:00,0,0,,e973bc873459482ee626747987068c81d1b2784deb270c6ce8d8f1f954125b29,Ugy8CcZ6cTeDEALSrgx4AaABAg,youtube-data-api-v3/commentThreads.list,,npfiV52dXoc,How To Get The Perfect Stop loss,TradingLab,,
youtube,TradingLab,npfiV52dXoc,https://www.youtube.com/watch?v=npfiV52dXoc,Ugxl513-JTUvY9VZJLR4AaABAg,I followed untill the big bar came,2024-12-12T01:13:07Z,2026-10-01T13:26:54.324835+00:00,1,0,,9be4168f1941cf5f7943b9d15476dacbf6739d1f972db9c6c8bbd8dc00ddc0d9,,youtube-data-api-v3/commentThreads.list,,npfiV52dXoc,How To Get The Perfect Stop loss,TradingLab,,
youtube,TradingLab,npfiV52dXoc,https://www.youtube.com/watch?v=npfiV52dXoc,Ugy_ILtY4SdaidVKfUl4AaABAg,Nice teaching,2025-10-13T23:06:04Z,2026-10-01T13:26:54.324835+00:00,0,0,,5d6ce69f101dbf5520d813372e60c5dd199034a797d2b202a942fadb32b269cf,,youtube-data-api-v3/commentThreads.list,,npfiV52dXoc,How To Get The Perfect Stop loss,TradingLab,,
youtube,TradingLab,npfiV52dXoc,https://www.youtube.com/watch?v=npfiV52dXoc,UgyoUA2xuszZrnZkrA54AaABAg,It truly works,2024-08-23T15:50:07Z,2026-10-01T13:26:54.324835+00:00,0,0,,2e61642df6301adc0cb1eb72ce885762e388c3624d15fdbd20339381821c53db,,youtube-data-api-v3/commentThreads.list,,npfiV52dXoc,How To Get The Perfect Stop loss,TradingLab,,
youtube,TradingLab,npfiV52dXoc,https://www.youtube.com/watch?v=npfiV52dXoc,UgyhwUXOa_klxYATHoB4AaABAg,Thank you,2024-05-16T17:07:45Z,2026-10-01T13:26:54.324835+00:00,2,0,,fef1626b9454f6dca66498fba8bafb452b396743597ff638b64634b3f0b2f1ba,,youtube-data-api-v3/commentThreads.list,,npfiV52dXoc,How To Get The Perfect Stop loss,TradingLab,,
youtube,TradingLab,npfiV52dXoc,https://www.youtube.com/watch?v=npfiV52dXoc,UgxrnAxxni22qiZQTB94AaABAg,I'll test this out tnx thou,2024-11-18T15:59:12Z,2026-10-01T13:26:54.324835+00:00,0,0,,e8505390446baf814a7d1ea91e62d6033e11a463466ff3a56ba29663d8c2d1f4,,youtube-data-api-v3/commentThreads.list,,npfiV52dXoc,How To Get The Perfect Stop loss,TradingLab,,
youtube,TradingLab,npfiV52dXoc,https://www.youtube.com/watch?v=npfiV52dXoc,UgyT1FPWAIHkBkB6KIp4AaABAg,Brilliant sir 🙋❤️🇳🇪👌🙏🤝👍,2025-07-08T12:17:42Z,2026-10-01T13:26:54.324835+00:00,3,0,,8fd35bf0b7072bc2fea5a3be8f5d48ead3aa9caf22ee6f7f79b7a22f16fd8824,,youtube-data-api-v3/commentThreads.list,,npfiV52dXoc,How To Get The Perfect Stop loss,TradingLab,,
youtube,TradingLab,npfiV52dXoc,https://www.youtube.com/watch?v=npfiV52dXoc,UgwgBfgmRe_BMhKaID94AaABAg,Good advice,2026-04-23T17:18:10Z,2026-10-01T13:26:54.324835+00:00,0,0,,94d80c58747840f436a68d6a7a80ab8904b433d3a2c34211318e7601d6f42c75,,youtube-data-api-v3/commentThreads.list,,npfiV52dXoc,How To Get The Perfect Stop loss,TradingLab,,
youtube,TradingLab,npfiV52dXoc,https://www.youtube.com/watch?v=npfiV52dXoc,UgyZ60SP6-9l5kwp3j94AaABAg,"Sorry when you said a green candle on the daily time frame.. doesn't the overall trend matter ? For example if the overall trend is bearish and you met a green candle on the daily time frame , what should be our expectations, long or short?",2024-08-24T04:45:36Z,2026-10-01T13:26:54.324835+00:00,3,0,,6996505fc587893ad3275057ddd444954d16f182d4947524463ba245cd1b700f,,youtube-data-api-v3/commentThreads.list,,npfiV52dXoc,How To Get The Perfect Stop loss,TradingLab,,
youtube,TradingLab,npfiV52dXoc,https://www.youtube.com/watch?v=npfiV52dXoc,UgzKM4Y8aDEpPVIAMll4AaABAg,I’m such a beginner BUT this made some things click in my head! Thanks!,2024-11-10T03:29:39Z,2026-10-01T13:26:54.324835+00:00,1,0,,bb2fb6fab7024c9ceddc192f9064bb46ab5f25b3d3ccec8bf15146f09b0bc709,,youtube-data-api-v3/commentThreads.list,,npfiV52dXoc,How To Get The Perfect Stop loss,TradingLab,,
youtube,TradingLab,npfiV52dXoc,https://www.youtube.com/watch?v=npfiV52dXoc,UgxS1DXIPTvklukGxiV4AaABAg,"This is similar to my forex strategy, however mine has defined bounds that may or may not align perfectly with this depending on situation. This is a decent guideline, but by no means is this a restriction, and its effectiveness is minimal. (Btw my trading strat is 94 pages long)",2025-04-30T11:42:19Z,2026-10-01T13:26:54.324835+00:00,0,0,,85dac79608d53d7b5a36b6a281fdfc47d5d10d0a2c36a35becbc5619bf78d979,,youtube-data-api-v3/commentThreads.list,,npfiV52dXoc,How To Get The Perfect Stop loss,TradingLab,,
youtube,TradingLab,npfiV52dXoc,https://www.youtube.com/watch?v=npfiV52dXoc,UgzUr3YK5gPk-tjHBEF4AaABAg,Wow it's making sense❤,2026-08-22T03:08:56Z,2026-10-01T13:26:54.324835+00:00,0,0,,d65427cbf7ec18bc58893b80a1d84114adad8bb5bec3db3430ff2d8c8a805546,,youtube-data-api-v3/commentThreads.list,,npfiV52dXoc,How To Get The Perfect Stop loss,TradingLab,,
youtube,TradingLab,npfiV52dXoc,https://www.youtube.com/watch?v=npfiV52dXoc,UgzeyCMDnMcYmyLjQMV4AaABAg,Trading ke liye best platform chahiye bhai.,2025-11-04T12:33:42Z,2026-10-01T13:26:54.324835+00:00,2,4,,22760eca27e0dc225574e3d1c53c41aed5fa12aad5719ee9179a4b79ea30179a,,youtube-data-api-v3/commentThreads.list,,npfiV52dXoc,How To Get The Perfect Stop loss,TradingLab,,
youtube,TradingLab,npfiV52dXoc,https://www.youtube.com/watch?v=npfiV52dXoc,UgzeyCMDnMcYmyLjQMV4AaABAg.AP67_ziNTxtAP67eMiWruJ,"WinProFX try kar, sabse stable hai.",2025-11-04T12:34:17Z,2026-10-01T13:26:54.324835+00:00,2,0,,1b786e6de92b4d7f0c40c337dc5936656ab90266122ed19794b8310206774355,UgzeyCMDnMcYmyLjQMV4AaABAg,youtube-data-api-v3/commentThreads.list,,npfiV52dXoc,How To Get The Perfect Stop loss,TradingLab,,
youtube,TradingLab,npfiV52dXoc,https://www.youtube.com/watch?v=npfiV52dXoc,UgzeyCMDnMcYmyLjQMV4AaABAg.AP67_ziNTxtAP67i1A-HAH,​@Suresh-j7h1hDeposit aur withdrawal easy hai kya?,2025-11-04T12:34:47Z,2026-10-01T13:26:54.324835+00:00,2,0,,22760eca27e0dc225574e3d1c53c41aed5fa12aad5719ee9179a4b79ea30179a,UgzeyCMDnMcYmyLjQMV4AaABAg,youtube-data-api-v3/commentThreads.list,,npfiV52dXoc,How To Get The Perfect Stop loss,TradingLab,,
youtube,TradingLab,npfiV52dXoc,https://www.youtube.com/watch?v=npfiV52dXoc,UgzeyCMDnMcYmyLjQMV4AaABAg.AP67_ziNTxtAP67nLII_A_,"​@rakesh28222Bilkul, dono instant milta hai.",2025-11-04T12:35:31Z,2026-10-01T13:26:54.324835+00:00,2,0,,1b786e6de92b4d7f0c40c337dc5936656ab90266122ed19794b8310206774355,UgzeyCMDnMcYmyLjQMV4AaABAg,youtube-data-api-v3/commentThreads.list,,npfiV52dXoc,How To Get The Perfect Stop loss,TradingLab,,
youtube,TradingLab,npfiV52dXoc,https://www.youtube.com/watch?v=npfiV52dXoc,UgzeyCMDnMcYmyLjQMV4AaABAg.AP67_ziNTxtAP67qTm94Pm,"​@Suresh-j7h1hPerfect, main kal se start karta hu",2025-11-04T12:35:57Z,2026-10-01T13:26:54.324835+00:00,1,0,,22760eca27e0dc225574e3d1c53c41aed5fa12aad5719ee9179a4b79ea30179a,UgzeyCMDnMcYmyLjQMV4AaABAg,youtube-data-api-v3/commentThreads.list,,npfiV52dXoc,How To Get The Perfect Stop loss,TradingLab,,
youtube,TradingLab,npfiV52dXoc,https://www.youtube.com/watch?v=npfiV52dXoc,UgxDLQ01jLRnK_fxeqd4AaABAg,Wow this one's simple,2026-04-03T03:22:30Z,2026-10-01T13:26:54.324835+00:00,0,0,,ca264dc53a591b03d35472ced612d54464d6fa7345dfdebe6fde878e0bd60b92,,youtube-data-api-v3/commentThreads.list,,npfiV52dXoc,How To Get The Perfect Stop loss,TradingLab,,
youtube,TradingLab,npfiV52dXoc,https://www.youtube.com/watch?v=npfiV52dXoc,Ugw8zbE79bPvuOQj5_d4AaABAg,"How to use SL❎
A new strategy ✅",2026-05-27T17:34:36Z,2026-10-01T13:26:54.324835+00:00,0,0,,6d8e64840b3ab1937e7daad6dda7272b7890afe41fbda39ab95acaff79df6c56,,youtube-data-api-v3/commentThreads.list,,npfiV52dXoc,How To Get The Perfect Stop loss,TradingLab,,
youtube,TradingLab,npfiV52dXoc,https://www.youtube.com/watch?v=npfiV52dXoc,UgzSio0D9v1OfRGriHp4AaABAg,"I stop using Stoploss a year ago ,  I win way more than I lose now",2025-03-02T20:28:51Z,2026-10-01T13:26:54.324835+00:00,0,1,,70a7d037cc4960c3d2a2496ac5430fabb3027224ebf8f245a97e0df115507d9a,,youtube-data-api-v3/commentThreads.list,,npfiV52dXoc,How To Get The Perfect Stop loss,TradingLab,,
youtube,TradingLab,npfiV52dXoc,https://www.youtube.com/watch?v=npfiV52dXoc,UgzSio0D9v1OfRGriHp4AaABAg.AFAyc2aziDXAHkp1unZFWq,How do you did it,2025-05-05T20:59:50Z,2026-10-01T13:26:54.324835+00:00,0,0,,fbee2c48fd54bcf04138566447674bd368daf90948a68f9d658ba97f76544bf9,UgzSio0D9v1OfRGriHp4AaABAg,youtube-data-api-v3/commentThreads.list,,npfiV52dXoc,How To Get The Perfect Stop loss,TradingLab,,
youtube,TradingLab,JrDNeM9p2J4,https://www.youtube.com/watch?v=JrDNeM9p2J4,UgwYPs3eLw2LRLB7dN54AaABAg.9e24jFBuIkq9fgMYkexV2q,Hey bruh i wanna purchase the signal but you all out of slots,2022-09-07T19:00:50Z,2026-10-01T13:26:55.654381+00:00,0,0,,df102ede0c61ac6c45c2b5d2efe28be4266ef74abc6c702b125ef250c1996566,UgwYPs3eLw2LRLB7dN54AaABAg,youtube-data-api-v3/commentThreads.list,,JrDNeM9p2J4,How To Place The PERFECT Stop loss #stoploss,TradingLab,,
youtube,TradingLab,JrDNeM9p2J4,https://www.youtube.com/watch?v=JrDNeM9p2J4,UgwYPs3eLw2LRLB7dN54AaABAg.9e24jFBuIkq9i4l6ISmRPh,How to contact with you please share your WhatsApp number,2022-11-06T08:47:56Z,2026-10-01T13:26:55.654381+00:00,0,0,,571f8de079a1977e9e397bb1e322cb1f754210428be59ec1e92ab506abe45a1a,UgwYPs3eLw2LRLB7dN54AaABAg,youtube-data-api-v3/commentThreads.list,,JrDNeM9p2J4,How To Place The PERFECT Stop loss #stoploss,TradingLab,,
youtube,TradingLab,JrDNeM9p2J4,https://www.youtube.com/watch?v=JrDNeM9p2J4,UgwYPs3eLw2LRLB7dN54AaABAg.9e24jFBuIkq9jlbhWX--mu,Is it available for use in TradingView?,2022-12-18T06:03:45Z,2026-10-01T13:26:55.654381+00:00,2,0,,8cc911ea257af73770370e5c3bb4c2bde0cef8b992903e278cfefbcbfc037bb7,UgwYPs3eLw2LRLB7dN54AaABAg,youtube-data-api-v3/commentThreads.list,,JrDNeM9p2J4,How To Place The PERFECT Stop loss #stoploss,TradingLab,,
youtube,TradingLab,JrDNeM9p2J4,https://www.youtube.com/watch?v=JrDNeM9p2J4,UgwYPs3eLw2LRLB7dN54AaABAg.9e24jFBuIkq9koWhm-YOFs,How do you know which ATR value to use?  The most recent candle?  On what time scale?,2023-01-13T05:40:29Z,2026-10-01T13:26:55.654381+00:00,3,0,,1830c54af705beb1f6a7e5d3d0bb4730a7b2bce993ad0eaf93e717f47ca4dc10,UgwYPs3eLw2LRLB7dN54AaABAg,youtube-data-api-v3/commentThreads.list,,JrDNeM9p2J4,How To Place The PERFECT Stop loss #stoploss,TradingLab,,
youtube,TradingLab,JrDNeM9p2J4,https://www.youtube.com/watch?v=JrDNeM9p2J4,UgwYPs3eLw2LRLB7dN54AaABAg.9e24jFBuIkq9nXBFc9Nvx0,ATR there is many atr,2023-03-21T16:20:51Z,2026-10-01T13:26:55.654381+00:00,0,0,,6ea1c86750350acb8ac0d0f1a897cb86422e472e25673ee5df3950e529ac8da0,UgwYPs3eLw2LRLB7dN54AaABAg,youtube-data-api-v3/commentThreads.list,,JrDNeM9p2J4,How To Place The PERFECT Stop loss #stoploss,TradingLab,,
youtube,TradingLab,JrDNeM9p2J4,https://www.youtube.com/watch?v=JrDNeM9p2J4,Ugxhr30R5MmgF3w2Bm54AaABAg,4 free tips that I paid for in the past = subscribed.  Keep it going bro,2022-09-07T07:29:13Z,2026-10-01T13:26:55.654381+00:00,3546,17,,9f78876db4083f4ebfa1f7b20b8429a92e06a20658faf38488f21aac3497e6df,,youtube-data-api-v3/commentThreads.list,,JrDNeM9p2J4,How To Place The PERFECT Stop loss #stoploss,TradingLab,,
youtube,TradingLab,JrDNeM9p2J4,https://www.youtube.com/watch?v=JrDNeM9p2J4,Ugxhr30R5MmgF3w2Bm54AaABAg.9ff7PGqCs929gCuu1TRvKn,"Hey @late coming, im trying to start investing and im lost where can i find a free course or what do I do",2022-09-20T19:44:39Z,2026-10-01T13:26:55.654381+00:00,15,0,,cbf4c4eb4db3601af112021b67ccccf7cb065aa89bf542ca3265d8b2cb72578a,Ugxhr30R5MmgF3w2Bm54AaABAg,youtube-data-api-v3/commentThreads.list,,JrDNeM9p2J4,How To Place The PERFECT Stop loss #stoploss,TradingLab,,
youtube,TradingLab,JrDNeM9p2J4,https://www.youtube.com/watch?v=JrDNeM9p2J4,Ugxhr30R5MmgF3w2Bm54AaABAg.9ff7PGqCs929gbtyWYRTf4,"@ii3k846 for forex, babypips",2022-09-30T21:56:46Z,2026-10-01T13:26:55.654381+00:00,13,0,,9a417b75150698ab413dc85649c486cae2e754ef874ea95ac3fa0a9760dff99b,Ugxhr30R5MmgF3w2Bm54AaABAg,youtube-data-api-v3/commentThreads.list,,JrDNeM9p2J4,How To Place The PERFECT Stop loss #stoploss,TradingLab,,
youtube,TradingLab,JrDNeM9p2J4,https://www.youtube.com/watch?v=JrDNeM9p2J4,Ugxhr30R5MmgF3w2Bm54AaABAg.9ff7PGqCs929lZk-RnmvOz,@Foxyte is there a video of it? I am reading now the book,2023-01-31T23:08:54Z,2026-10-01T13:26:55.654381+00:00,0,0,,bda42ed95a8d45f17bbaa715ba6b9dc0c2f41cc7f80a4aac7ec4105cc79f185a,Ugxhr30R5MmgF3w2Bm54AaABAg,youtube-data-api-v3/commentThreads.list,,JrDNeM9p2J4,How To Place The PERFECT Stop loss #stoploss,TradingLab,,
youtube,TradingLab,JrDNeM9p2J4,https://www.youtube.com/watch?v=JrDNeM9p2J4,Ugxhr30R5MmgF3w2Bm54AaABAg.9ff7PGqCs929laKSsDk04O,@hanszimmer121 it’s a website,2023-02-01T13:55:28Z,2026-10-01T13:26:55.654381+00:00,0,0,,9a417b75150698ab413dc85649c486cae2e754ef874ea95ac3fa0a9760dff99b,Ugxhr30R5MmgF3w2Bm54AaABAg,youtube-data-api-v3/commentThreads.list,,JrDNeM9p2J4,How To Place The PERFECT Stop loss #stoploss,TradingLab,,
youtube,TradingLab,JrDNeM9p2J4,https://www.youtube.com/watch?v=JrDNeM9p2J4,Ugxhr30R5MmgF3w2Bm54AaABAg.9ff7PGqCs929nJhG_HkPsR,Ya,2023-03-16T10:39:58Z,2026-10-01T13:26:55.654381+00:00,0,0,,2f2c10b90a3ba5c61998298f805e70e4e4d60fcf9f77bf338e74f1ae4b4c9ded,Ugxhr30R5MmgF3w2Bm54AaABAg,youtube-data-api-v3/commentThreads.list,,JrDNeM9p2J4,How To Place The PERFECT Stop loss #stoploss,TradingLab,,
youtube,TradingLab,JrDNeM9p2J4,https://www.youtube.com/watch?v=JrDNeM9p2J4,UgwIlvbZn-cC_aY5GgR4AaABAg,"Started getting these shorts recently, they're actually way more helpful than most of the full length vids I've watched",2023-03-03T21:09:11Z,2026-10-01T13:26:55.654381+00:00,1392,5,,c440c056cdb0dd13b4e10cd7549c724f78e5c27613d0aa61a4c7389e88107f9a,,youtube-data-api-v3/commentThreads.list,,JrDNeM9p2J4,How To Place The PERFECT Stop loss #stoploss,TradingLab,,
youtube,TradingLab,JrDNeM9p2J4,https://www.youtube.com/watch?v=JrDNeM9p2J4,UgwIlvbZn-cC_aY5GgR4AaABAg.9moLwc9Pm829oHNaMa7Dfr,Same bro same,2023-04-09T09:32:13Z,2026-10-01T13:26:55.654381+00:00,5,0,,692956e3f06223bd3b594749b962a63802840b2c1a1a86eed71c162708620b7b,UgwIlvbZn-cC_aY5GgR4AaABAg,youtube-data-api-v3/commentThreads.list,,JrDNeM9p2J4,How To Place The PERFECT Stop loss #stoploss,TradingLab,,
youtube,TradingLab,JrDNeM9p2J4,https://www.youtube.com/watch?v=JrDNeM9p2J4,UgwIlvbZn-cC_aY5GgR4AaABAg.9moLwc9Pm829pplen_83w_,Very true. Its straight to the point with shorts,2023-05-17T23:56:05Z,2026-10-01T13:26:55.654381+00:00,21,0,,5336717f47c8d0db11ecab991be149d849cfe5a41837c801c33effe842de4a56,UgwIlvbZn-cC_aY5GgR4AaABAg,youtube-data-api-v3/commentThreads.list,,JrDNeM9p2J4,How To Place The PERFECT Stop loss #stoploss,TradingLab,,
youtube,TradingLab,JrDNeM9p2J4,https://www.youtube.com/watch?v=JrDNeM9p2J4,UgwIlvbZn-cC_aY5GgR4AaABAg.9moLwc9Pm829q7a0sD6t4g,💯 agreed,2023-05-25T07:19:57Z,2026-10-01T13:26:55.654381+00:00,1,0,,6d2c435267dc843220847222bb67a3a2aff3c93daccf376a5ee7defba3546d82,UgwIlvbZn-cC_aY5GgR4AaABAg,youtube-data-api-v3/commentThreads.list,,JrDNeM9p2J4,How To Place The PERFECT Stop loss #stoploss,TradingLab,,
youtube,TradingLab,JrDNeM9p2J4,https://www.youtube.com/watch?v=JrDNeM9p2J4,UgwIlvbZn-cC_aY5GgR4AaABAg.9moLwc9Pm82A4q_EvGT8T6,"look into tjr trades, his rawness just gimmers in his videos lol",2024-06-18T23:49:07Z,2026-10-01T13:26:55.654381+00:00,4,0,,15e4ac66a179a0b0e16c022f669c1d5ee596c20c7ffe1586702965b5a923d44b,UgwIlvbZn-cC_aY5GgR4AaABAg,youtube-data-api-v3/commentThreads.list,,JrDNeM9p2J4,How To Place The PERFECT Stop loss #stoploss,TradingLab,,
youtube,TradingLab,JrDNeM9p2J4,https://www.youtube.com/watch?v=JrDNeM9p2J4,UgwIlvbZn-cC_aY5GgR4AaABAg.9moLwc9Pm82AA1QauRoCim,Too Real,2024-10-25T20:52:44Z,2026-10-01T13:26:55.654381+00:00,0,0,,086e21930b9b75ea1c61cf6dbc10bc7bbe72a3d8fb257919a45536841aefcfa3,UgwIlvbZn-cC_aY5GgR4AaABAg,youtube-data-api-v3/commentThreads.list,,JrDNeM9p2J4,How To Place The PERFECT Stop loss #stoploss,TradingLab,,
youtube,TradingLab,JrDNeM9p2J4,https://www.youtube.com/watch?v=JrDNeM9p2J4,UgySzBF6OKZxcJH3ALF4AaABAg,It was one of the first indicators I learnt when I started learning trading. Finally found a practical use to it,2023-05-23T06:12:29Z,2026-10-01T13:26:55.654381+00:00,173,1,,8999df3188cf708a7556867bbf73a76e2ffe9cb4c7594e9058b47994a26f6268,,youtube-data-api-v3/commentThreads.list,,JrDNeM9p2J4,How To Place The PERFECT Stop loss #stoploss,TradingLab,,
youtube,TradingLab,JrDNeM9p2J4,https://www.youtube.com/watch?v=JrDNeM9p2J4,UgySzBF6OKZxcJH3ALF4AaABAg.9q2JhuQaZHCAD7cj2LvdzR,its just using mathematics. u have to learn maths first. relying on indicators to do the work for you whilst you have no idea what is the meaning behind the number by knowing how to calculate it yourself then you will lose in the end!,2025-01-10T20:17:04Z,2026-10-01T13:26:55.654381+00:00,2,0,,7775771d32062b7571891e227721546eb67217e187bab7afd5b8867c91b260be,UgySzBF6OKZxcJH3ALF4AaABAg,youtube-data-api-v3/commentThreads.list,,JrDNeM9p2J4,How To Place The PERFECT Stop loss #stoploss,TradingLab,,
youtube,TradingLab,JrDNeM9p2J4,https://www.youtube.com/watch?v=JrDNeM9p2J4,Ugw2uafwZ0pQNv1ftrF4AaABAg,Wherever I keep stop loss the market just hits it and reverse back with way big heights,2024-02-21T16:54:00Z,2026-10-01T13:26:55.654381+00:00,289,19,,b00250be30b9c8c0344c4e27774feb2bed0f84a044e93d61657cc515353baf64,,youtube-data-api-v3/commentThreads.list,,JrDNeM9p2J4,How To Place The PERFECT Stop loss #stoploss,TradingLab,,
youtube,TradingLab,JrDNeM9p2J4,https://www.youtube.com/watch?v=JrDNeM9p2J4,Ugw2uafwZ0pQNv1ftrF4AaABAg.A04zwHxOOFVA079H1335PX,"That's my struggle before. My stop loss always got hit before going to the direction TP. Then i found a way to solve that problem. I learned how to use the divergence indicators like RSI and Stochastic. Also i plot the support and resistance zone at higher timeframe for strong confluence. When the price hit the zone, i go down to lower timeframe and observe the movement of price vs. the indicator. When there's opposite direction, it's a divergence. Wether it's bullish or bearish divergence. Then i put the stop loss like everyone does, below the last swing. You might ask why am i using two oscillator.  It's because the stochastic can spot divergence that RSI can't.",2024-02-22T13:02:50Z,2026-10-01T13:26:55.654381+00:00,36,0,,fe341f2991a68d015a7273a10b3b03d9adc624e4adccb1b449bbae0aac5cdda3,Ugw2uafwZ0pQNv1ftrF4AaABAg,youtube-data-api-v3/commentThreads.list,,JrDNeM9p2J4,How To Place The PERFECT Stop loss #stoploss,TradingLab,,
youtube,TradingLab,JrDNeM9p2J4,https://www.youtube.com/watch?v=JrDNeM9p2J4,Ugw2uafwZ0pQNv1ftrF4AaABAg.A04zwHxOOFVA07LbaYjZvS,"@dalisay5558 I use stochastic, RSI, accumulation swing along with bollingers, MACD and mark the support resistance with the Trend 📉 line crossing... I always do the wrong thing, whenever I enter the trend 📈 reverses & if by any means i don't add stop loss then I am gone... Whereas when I take a stock with less volume below 200D Avg. And I buy a small lot, that one goes breakout but since I have added a small lot the profit ain't gonna be much.
I am a bit frustrated currently and have stopped taking trades for few days till then observation only",2024-02-22T14:50:38Z,2026-10-01T13:26:55.654381+00:00,0,0,,b00250be30b9c8c0344c4e27774feb2bed0f84a044e93d61657cc515353baf64,Ugw2uafwZ0pQNv1ftrF4AaABAg,youtube-data-api-v3/commentThreads.list,,JrDNeM9p2J4,How To Place The PERFECT Stop loss #stoploss,TradingLab,,
youtube,TradingLab,JrDNeM9p2J4,https://www.youtube.com/watch?v=JrDNeM9p2J4,Ugw2uafwZ0pQNv1ftrF4AaABAg.A04zwHxOOFVA6hxgQNvsxo,"that's because of the institutions know where you'll place your SL, so they'll buy there and move the market. They want to buy at cheap price. So next time imagine where you'll buy at cheap price, and have entry there. this might help you",2024-08-04T08:32:21Z,2026-10-01T13:26:55.654381+00:00,23,0,,97421315fc3f41c08ba5c93219afb9cabd3194ecbb5879995821b5b301c3dded,Ugw2uafwZ0pQNv1ftrF4AaABAg,youtube-data-api-v3/commentThreads.list,,JrDNeM9p2J4,How To Place The PERFECT Stop loss #stoploss,TradingLab,,
youtube,TradingLab,JrDNeM9p2J4,https://www.youtube.com/watch?v=JrDNeM9p2J4,Ugw2uafwZ0pQNv1ftrF4AaABAg.A04zwHxOOFVA966V_zsdqc,"experience, nothing more. And you don't need all these indicators to make money",2024-10-02T20:01:55Z,2026-10-01T13:26:55.654381+00:00,12,0,,370eb86e5369f3a9e76f9c9dab66f94c750ed720f45395bbf32055886f21cff5,Ugw2uafwZ0pQNv1ftrF4AaABAg,youtube-data-api-v3/commentThreads.list,,JrDNeM9p2J4,How To Place The PERFECT Stop loss #stoploss,TradingLab,,
youtube,TradingLab,JrDNeM9p2J4,https://www.youtube.com/watch?v=JrDNeM9p2J4,Ugw2uafwZ0pQNv1ftrF4AaABAg.A04zwHxOOFVAAwDTksdSdf,That's why you put an order limit or order stop where you would put your stop loss. When the institutions target those those stop loss levels before the market reverses... it'll trigger your order. Now entering you into a trade where you would have lost but instead has a higher profitability.,2024-11-17T07:33:59Z,2026-10-01T13:26:55.654381+00:00,23,0,,74bd734d0264ec9140f488c4cbbfa0a7d07800c3286b625200a022dc50f7e88a,Ugw2uafwZ0pQNv1ftrF4AaABAg,youtube-data-api-v3/commentThreads.list,,JrDNeM9p2J4,How To Place The PERFECT Stop loss #stoploss,TradingLab,,
youtube,TradingLab,JrDNeM9p2J4,https://www.youtube.com/watch?v=JrDNeM9p2J4,UgzOG26SL9fsu8u_-114AaABAg,"Tip: don't ever go for continuation if it hasn't taken liquidity. U might miss some big moves but in the long run, you'll win",2023-09-02T04:20:57Z,2026-10-01T13:26:55.654381+00:00,319,17,,9f905c8298f4f9cd2f8ba913a614a77d717c0bb1530f825e8546ba29e6f68b9e,,youtube-data-api-v3/commentThreads.list,,JrDNeM9p2J4,How To Place The PERFECT Stop loss #stoploss,TradingLab,,
youtube,TradingLab,JrDNeM9p2J4,https://www.youtube.com/watch?v=JrDNeM9p2J4,UgzOG26SL9fsu8u_-114AaABAg.9u8l1C8Y766A-BVL31Gbut,Explain.,2024-01-30T09:01:11Z,2026-10-01T13:26:55.654381+00:00,3,0,,6e2f680b8836b7e427a6bd19c3132eef00f361423b18091394566abace7f69f6,UgzOG26SL9fsu8u_-114AaABAg,youtube-data-api-v3/commentThreads.list,,JrDNeM9p2J4,How To Place The PERFECT Stop loss #stoploss,TradingLab,,
youtube,TradingLab,JrDNeM9p2J4,https://www.youtube.com/watch?v=JrDNeM9p2J4,UgzOG26SL9fsu8u_-114AaABAg.9u8l1C8Y766A076CasSfJo,That's right. Reversal is the best to capture big moves,2024-02-22T12:36:01Z,2026-10-01T13:26:55.654381+00:00,17,0,,fe341f2991a68d015a7273a10b3b03d9adc624e4adccb1b449bbae0aac5cdda3,UgzOG26SL9fsu8u_-114AaABAg,youtube-data-api-v3/commentThreads.list,,JrDNeM9p2J4,How To Place The PERFECT Stop loss #stoploss,TradingLab,,
youtube,TradingLab,JrDNeM9p2J4,https://www.youtube.com/watch?v=JrDNeM9p2J4,UgzOG26SL9fsu8u_-114AaABAg.9u8l1C8Y766A0h2aohvl3U,​@productivity3358he did already 😅,2024-03-07T20:56:25Z,2026-10-01T13:26:55.654381+00:00,0,0,,383ffb0b80bfe687d052a74d411fa9b74d4bc8f2c57a34971335c5749426b107,UgzOG26SL9fsu8u_-114AaABAg,youtube-data-api-v3/commentThreads.list,,JrDNeM9p2J4,How To Place The PERFECT Stop loss #stoploss,TradingLab,,
youtube,TradingLab,JrDNeM9p2J4,https://www.youtube.com/watch?v=JrDNeM9p2J4,UgzOG26SL9fsu8u_-114AaABAg.9u8l1C8Y766A26s9tojz5K,"@productivity3358, there was a FVG there that was basically a magnet so Its better to wait for that Retracement back into the FVG (taking that liquidity) and have a much better entry and tighter SL",2024-04-12T03:27:22Z,2026-10-01T13:26:55.654381+00:00,31,0,,67fffa8abd8cc5b71da44961a57f88337f10852c999c4475a45afffaf193d8f7,UgzOG26SL9fsu8u_-114AaABAg,youtube-data-api-v3/commentThreads.list,,JrDNeM9p2J4,How To Place The PERFECT Stop loss #stoploss,TradingLab,,
youtube,TradingLab,JrDNeM9p2J4,https://www.youtube.com/watch?v=JrDNeM9p2J4,UgzOG26SL9fsu8u_-114AaABAg.9u8l1C8Y766A2hul7RN9i7,Almost every nail biter trade I’m in where I gotta stomach significant drawdown is when I try to buy the breakout… I rarely do it but I regret it every time. FOMO is a motherfucker,2024-04-26T22:01:12Z,2026-10-01T13:26:55.654381+00:00,0,0,,8f274955478ae51068e5adce5ecedd9cc6588ca96a9cbae91dc3128caaf87631,UgzOG26SL9fsu8u_-114AaABAg,youtube-data-api-v3/commentThreads.list,,JrDNeM9p2J4,How To Place The PERFECT Stop loss #stoploss,TradingLab,,
youtube,TradingLab,JrDNeM9p2J4,https://www.youtube.com/watch?v=JrDNeM9p2J4,Ugz_QzlfXyRsYwso9zZ4AaABAg,"It's called stop running.  Used to be done by the guys on the trading floor; now it's done by computers trading for banks, insurance companies, other institutions.  I agree with your solution which is essentially don't place your stop where everyone else does.  ATR is as good as any, but it is known to others too, including banks, ins cos, etc.  So use ATR as a way to indicate volatility,, but add several ticks.  Good luck!",2022-06-08T06:49:31Z,2026-10-01T13:26:55.654381+00:00,901,35,,86009a6a7f54560473a9ad840641f8528bcfbf961aace3066356a7a1d7e30ea6,,youtube-data-api-v3/commentThreads.list,,JrDNeM9p2J4,How To Place The PERFECT Stop loss #stoploss,TradingLab,,
youtube,TradingLab,JrDNeM9p2J4,https://www.youtube.com/watch?v=JrDNeM9p2J4,Ugz_QzlfXyRsYwso9zZ4AaABAg.9c-jWpTLAmc9cSclckmVbL,so what do you calculate it? do you multiply the original stop loss price with the atr?,2022-06-19T12:08:29Z,2026-10-01T13:26:55.654381+00:00,3,0,,a9ea4b776ddb33a5f6f318c792797b1600bd2ec99dfe46855932d0f0334ae7e8,Ugz_QzlfXyRsYwso9zZ4AaABAg,youtube-data-api-v3/commentThreads.list,,JrDNeM9p2J4,How To Place The PERFECT Stop loss #stoploss,TradingLab,,
youtube,TradingLab,JrDNeM9p2J4,https://www.youtube.com/watch?v=JrDNeM9p2J4,Ugz_QzlfXyRsYwso9zZ4AaABAg.9c-jWpTLAmc9cvydIV5yuQ,"@SIMONREMISH I'm not one to copy.  I'm barely starting out.  I place a stop above a previous high after the stops above the high have been cleared out.  You can see them being run, then in a few moments the market sells off, leaving a wick or tail sticking up as evidence of their ""treachery!""  The market seems to be teaching me that a stop should be distant and serves to protect your account should your internet connection die suddenly.  I am learning to watch the market and if a trade is not working, kill it immediately.  Don't sit there and just wait for the market to take out your stop.  That can be an expensive way to go.  But as I say, I'm just a newbie.",2022-07-01T06:56:48Z,2026-10-01T13:26:55.654381+00:00,51,0,,86009a6a7f54560473a9ad840641f8528bcfbf961aace3066356a7a1d7e30ea6,Ugz_QzlfXyRsYwso9zZ4AaABAg,youtube-data-api-v3/commentThreads.list,,JrDNeM9p2J4,How To Place The PERFECT Stop loss #stoploss,TradingLab,,
youtube,TradingLab,JrDNeM9p2J4,https://www.youtube.com/watch?v=JrDNeM9p2J4,Ugz_QzlfXyRsYwso9zZ4AaABAg.9c-jWpTLAmc9d0GuBzfD6J,Please some one help me,2022-07-03T08:21:20Z,2026-10-01T13:26:55.654381+00:00,2,0,,6db98f3aa852a5a8d732d267dc3d6bfce8b26485c37de1776a7228ccf044d491,Ugz_QzlfXyRsYwso9zZ4AaABAg,youtube-data-api-v3/commentThreads.list,,JrDNeM9p2J4,How To Place The PERFECT Stop loss #stoploss,TradingLab,,
youtube,TradingLab,JrDNeM9p2J4,https://www.youtube.com/watch?v=JrDNeM9p2J4,Ugz_QzlfXyRsYwso9zZ4AaABAg.9c-jWpTLAmc9d5HJOvOk-x,@krazzyvibestv8657 study order flow (order prints) so you’re able to see buyers and sellers within  the candle stick. Must have prior knowledge with candle sticks and trend formations.,2022-07-05T07:01:07Z,2026-10-01T13:26:55.654381+00:00,23,0,,43da0155ebb999251f308911f029c66936a04d577e5d7f7be4ff8a94798acc64,Ugz_QzlfXyRsYwso9zZ4AaABAg,youtube-data-api-v3/commentThreads.list,,JrDNeM9p2J4,How To Place The PERFECT Stop loss #stoploss,TradingLab,,
youtube,TradingLab,JrDNeM9p2J4,https://www.youtube.com/watch?v=JrDNeM9p2J4,Ugz_QzlfXyRsYwso9zZ4AaABAg.9c-jWpTLAmc9dJZpZSZe_h,"Safest is put your SL at previous market structure low.

By definition that's the beginning of the current trend.

You reduce your risk by reducing Ur position size to ensure you only lose R ie 1% at SL

To overcome the loss of reward, you add scale in trades during the trend.

Assume all impulse correction are part of TREND CONTINUATION till price breach's previous low (then you can be confident trend is now in TREND REVERSAL)",2022-07-10T20:12:18Z,2026-10-01T13:26:55.654381+00:00,19,0,,32570ea20245638370b22b712799971815f375aa4e62d0a3f888458b7bc1493f,Ugz_QzlfXyRsYwso9zZ4AaABAg,youtube-data-api-v3/commentThreads.list,,JrDNeM9p2J4,How To Place The PERFECT Stop loss #stoploss,TradingLab,,
youtube,TradingLab,JrDNeM9p2J4,https://www.youtube.com/watch?v=JrDNeM9p2J4,UgyAJmG7T4pqzCH0u4Z4AaABAg,Don't chase the market. Wait at the strong support and resistance zone. Use divergence indicator to pinpoint the next price movement and and also reveal the market makers real intention.,2024-02-22T13:36:46Z,2026-10-01T13:26:55.654381+00:00,90,3,,fe341f2991a68d015a7273a10b3b03d9adc624e4adccb1b449bbae0aac5cdda3,,youtube-data-api-v3/commentThreads.list,,JrDNeM9p2J4,How To Place The PERFECT Stop loss #stoploss,TradingLab,,
youtube,TradingLab,JrDNeM9p2J4,https://www.youtube.com/watch?v=JrDNeM9p2J4,UgyAJmG7T4pqzCH0u4Z4AaABAg.A07D9_Ue7NNADluj8ZgBfS,"Use this mostly for high leverage very short positions. Many crypto projects have extremely high volatility and will retest support a countless amount of times. But it also will pump 5-10% countless times. It’s free profit if you take it, 100$ position leveraged 30x, 3000$. If you make 10% every few minutes on an easy swing trade you’re making 30$ every long/short you quickly close in profit. You can make thousands of dollars an hour on top of having some bags from the beginning of price movement",2025-01-26T21:03:13Z,2026-10-01T13:26:55.654381+00:00,4,0,,19af05fe81f949cb11fa281e946cdf764aea4de4b101f014264c2b9a2e0c4553,UgyAJmG7T4pqzCH0u4Z4AaABAg,youtube-data-api-v3/commentThreads.list,,JrDNeM9p2J4,How To Place The PERFECT Stop loss #stoploss,TradingLab,,
youtube,TradingLab,JrDNeM9p2J4,https://www.youtube.com/watch?v=JrDNeM9p2J4,UgyAJmG7T4pqzCH0u4Z4AaABAg.A07D9_Ue7NNAE-HsCz6UGW,Strategy that has proven the test of time,2025-02-01T11:03:33Z,2026-10-01T13:26:55.654381+00:00,4,0,,652bd0e324acbf0fab31211992b9885c4d6f60080879f9d34b91fe0d956f7272,UgyAJmG7T4pqzCH0u4Z4AaABAg,youtube-data-api-v3/commentThreads.list,,JrDNeM9p2J4,How To Place The PERFECT Stop loss #stoploss,TradingLab,,
youtube,TradingLab,JrDNeM9p2J4,https://www.youtube.com/watch?v=JrDNeM9p2J4,UgyAJmG7T4pqzCH0u4Z4AaABAg.A07D9_Ue7NNAFl2I0UNdfy,Fina try it this week,2025-03-17T06:01:35Z,2026-10-01T13:26:55.654381+00:00,1,0,,6dea5fc8b52349b0c1e47c7874c89a87a50a325f9982e63b0dba2bce50452946,UgyAJmG7T4pqzCH0u4Z4AaABAg,youtube-data-api-v3/commentThreads.list,,JrDNeM9p2J4,How To Place The PERFECT Stop loss #stoploss,TradingLab,,
youtube,TradingLab,JrDNeM9p2J4,https://www.youtube.com/watch?v=JrDNeM9p2J4,UgzEbY7fN5NmgYO2VXN4AaABAg,You should make a full video On Atr and stop loss...,2022-06-04T11:02:27Z,2026-10-01T13:26:55.654381+00:00,66,0,,5a58ad7c15d660364add40e114dbe9a1faf4ef40388db03b6d8aca4175a0f4aa,,youtube-data-api-v3/commentThreads.list,,JrDNeM9p2J4,How To Place The PERFECT Stop loss #stoploss,TradingLab,,
youtube,TradingLab,JrDNeM9p2J4,https://www.youtube.com/watch?v=JrDNeM9p2J4,UgzGUmuOAuih9a6qI1J4AaABAg,Its called a liquidity sweep,2026-09-08T01:07:11Z,2026-10-01T13:26:55.654381+00:00,4,0,,bcd57b530ad70e2a589cfdbb14cabea57be6dca381ab84c726170fae12a76c46,,youtube-data-api-v3/commentThreads.list,,JrDNeM9p2J4,How To Place The PERFECT Stop loss #stoploss,TradingLab,,
youtube,TradingLab,JrDNeM9p2J4,https://www.youtube.com/watch?v=JrDNeM9p2J4,UgwCWeC1SRE80nA74Fh4AaABAg,"OMG!...this is BRILLIANT!!!

Big boys always stealin' my money with stop runs!!!",2025-01-31T18:46:08Z,2026-10-01T13:26:55.654381+00:00,2,0,,575267198cfa1cd56247f35fb43f0da391915b5ef4372ebd53f2187b53131422,,youtube-data-api-v3/commentThreads.list,,JrDNeM9p2J4,How To Place The PERFECT Stop loss #stoploss,TradingLab,,
youtube,TradingLab,JrDNeM9p2J4,https://www.youtube.com/watch?v=JrDNeM9p2J4,UgxH0Tox5bjkj-9-RmB4AaABAg,If you can make a good profit be happy. Don’t get greedy,2024-12-24T13:13:25Z,2026-10-01T13:26:55.654381+00:00,3,0,,b69d01de898df438802cce45d77bdab3e87af55ecc6b058ceb7d27e2cb492aec,,youtube-data-api-v3/commentThreads.list,,JrDNeM9p2J4,How To Place The PERFECT Stop loss #stoploss,TradingLab,,
youtube,TradingLab,JrDNeM9p2J4,https://www.youtube.com/watch?v=JrDNeM9p2J4,Ugx5Jy6WP4JjliDDeXB4AaABAg,That is actually a very good thing to help keep you from getting stopped out but waiting for the pullback is even better.,2025-01-21T03:38:15Z,2026-10-01T13:26:55.654381+00:00,11,0,,c24e71d7d3044dea65b22a0cef5920f41a9125897b24a8ff230d9002b3841f98,,youtube-data-api-v3/commentThreads.list,,JrDNeM9p2J4,How To Place The PERFECT Stop loss #stoploss,TradingLab,,
youtube,TradingLab,JrDNeM9p2J4,https://www.youtube.com/watch?v=JrDNeM9p2J4,UgwQl2aEtYgExVsuyrB4AaABAg,"Not to brag I made -300% because of reversals, this was the most profit I ever made.",2022-07-29T09:34:47Z,2026-10-01T13:26:55.654381+00:00,873,29,,d12a85060205673c8200f2fbbc4598d138c858b94aa0d66fdebf8ed930bc9554,,youtube-data-api-v3/commentThreads.list,,JrDNeM9p2J4,How To Place The PERFECT Stop loss #stoploss,TradingLab,,
youtube,TradingLab,JrDNeM9p2J4,https://www.youtube.com/watch?v=JrDNeM9p2J4,UgwQl2aEtYgExVsuyrB4AaABAg.9e3LyxFRtt49e9r9EHNBYO,Congrats,2022-07-31T22:11:24Z,2026-10-01T13:26:55.654381+00:00,21,0,,b9b58e51858e4298b7dc3be40a3f21886494c9f46c82f82375bff727dc783347,UgwQl2aEtYgExVsuyrB4AaABAg,youtube-data-api-v3/commentThreads.list,,JrDNeM9p2J4,How To Place The PERFECT Stop loss #stoploss,TradingLab,,
youtube,TradingLab,JrDNeM9p2J4,https://www.youtube.com/watch?v=JrDNeM9p2J4,UgwQl2aEtYgExVsuyrB4AaABAg.9e3LyxFRtt49eCmdgCIuEQ,Teach me. 🙏,2022-08-02T01:29:43Z,2026-10-01T13:26:55.654381+00:00,17,0,,3b5e3aa8cdd711063936618b8b67bba932ccd9a957827956213afda532714d67,UgwQl2aEtYgExVsuyrB4AaABAg,youtube-data-api-v3/commentThreads.list,,JrDNeM9p2J4,How To Place The PERFECT Stop loss #stoploss,TradingLab,,
youtube,TradingLab,JrDNeM9p2J4,https://www.youtube.com/watch?v=JrDNeM9p2J4,UgwQl2aEtYgExVsuyrB4AaABAg.9e3LyxFRtt49eK6s2FV-iJ,"Minus 300 percent, Congratulations, if I was that broke I'd reconsider trading",2022-08-04T21:49:52Z,2026-10-01T13:26:55.654381+00:00,230,0,,dce2884d55400249454e26297b668bc442f43d3aa2882ea6b3159bb9a167c07a,UgwQl2aEtYgExVsuyrB4AaABAg,youtube-data-api-v3/commentThreads.list,,JrDNeM9p2J4,How To Place The PERFECT Stop loss #stoploss,TradingLab,,
youtube,TradingLab,JrDNeM9p2J4,https://www.youtube.com/watch?v=JrDNeM9p2J4,UgwQl2aEtYgExVsuyrB4AaABAg.9e3LyxFRtt49ekmnSguDyY,Thanks,2022-08-15T15:44:28Z,2026-10-01T13:26:55.654381+00:00,3,0,,85d34c7b7c32adafef242486815a5b12ab1bd1c2909f13dd92d8f61bd506c3a0,UgwQl2aEtYgExVsuyrB4AaABAg,youtube-data-api-v3/commentThreads.list,,JrDNeM9p2J4,How To Place The PERFECT Stop loss #stoploss,TradingLab,,
youtube,TradingLab,JrDNeM9p2J4,https://www.youtube.com/watch?v=JrDNeM9p2J4,UgwQl2aEtYgExVsuyrB4AaABAg.9e3LyxFRtt49fMi_WmbltG,"I only made -99%... On my whole account 

Thanks, Tesla!",2022-08-30T18:38:00Z,2026-10-01T13:26:55.654381+00:00,43,0,,2d62807eeccb3f200eafcbb9e5e6c438760afd028d0b9e2c34c26bc2df42281e,UgwQl2aEtYgExVsuyrB4AaABAg,youtube-data-api-v3/commentThreads.list,,JrDNeM9p2J4,How To Place The PERFECT Stop loss #stoploss,TradingLab,,
youtube,TradingLab,JrDNeM9p2J4,https://www.youtube.com/watch?v=JrDNeM9p2J4,Ugyy6_BCQokW75IXt594AaABAg,Actually good advice i haven't heard before,2022-10-07T23:19:34Z,2026-10-01T13:26:55.654381+00:00,8,1,,a3878c555b386b8d495a74bc66c265194d7ea494bb90cdb66cdb09b4986d0964,,youtube-data-api-v3/commentThreads.list,,JrDNeM9p2J4,How To Place The PERFECT Stop loss #stoploss,TradingLab,,
youtube,TradingLab,JrDNeM9p2J4,https://www.youtube.com/watch?v=JrDNeM9p2J4,Ugyy6_BCQokW75IXt594AaABAg.9gu4-z_jvjb9ht9ykjIxFi,I can give you good advice to help you make money.,2022-11-01T11:23:50Z,2026-10-01T13:26:55.654381+00:00,0,0,,0c9c4778bd29c359ba6540f7f0b8793eb569a50801d4596448fa317ec9680a86,Ugyy6_BCQokW75IXt594AaABAg,youtube-data-api-v3/commentThreads.list,,JrDNeM9p2J4,How To Place The PERFECT Stop loss #stoploss,TradingLab,,
youtube,TradingLab,JrDNeM9p2J4,https://www.youtube.com/watch?v=JrDNeM9p2J4,Ugzvxl2BpxcjkzCYdPh4AaABAg,Dude this still works today thank you,2026-06-21T19:33:27Z,2026-10-01T13:26:55.654381+00:00,1,0,,cec1cc622b0c94a5550b2720c99791ef8b972e90242039bd9d19052f4cb4fc5f,,youtube-data-api-v3/commentThreads.list,,JrDNeM9p2J4,How To Place The PERFECT Stop loss #stoploss,TradingLab,,
youtube,TradingLab,JrDNeM9p2J4,https://www.youtube.com/watch?v=JrDNeM9p2J4,UgziRxvweLaXynoQ0e54AaABAg,It took liquidity on the FVG,2022-06-19T00:04:49Z,2026-10-01T13:26:55.654381+00:00,13,0,,6c1e32d650ee59567a5abf447d3cf79281d53ce2de8fc628d670b30921127cfa,,youtube-data-api-v3/commentThreads.list,,JrDNeM9p2J4,How To Place The PERFECT Stop loss #stoploss,TradingLab,,
youtube,TradingLab,JrDNeM9p2J4,https://www.youtube.com/watch?v=JrDNeM9p2J4,UgwjW2xOVLodBO_BPoh4AaABAg,Brah iev done this many times iev been looking for this indicator for awhile thank you,2022-06-04T03:11:10Z,2026-10-01T13:26:55.654381+00:00,14,1,,9b8f5b78f53a5da19245be99794a50b2cc746cb4d20ce6b89e713521eedd59ed,,youtube-data-api-v3/commentThreads.list,,JrDNeM9p2J4,How To Place The PERFECT Stop loss #stoploss,TradingLab,,
youtube,TradingLab,JrDNeM9p2J4,https://www.youtube.com/watch?v=JrDNeM9p2J4,UgwjW2xOVLodBO_BPoh4AaABAg.9bq2M5i2lqK9d0H-FrzCOX,Please help me,2022-07-03T08:22:10Z,2026-10-01T13:26:55.654381+00:00,0,0,,6db98f3aa852a5a8d732d267dc3d6bfce8b26485c37de1776a7228ccf044d491,UgwjW2xOVLodBO_BPoh4AaABAg,youtube-data-api-v3/commentThreads.list,,JrDNeM9p2J4,How To Place The PERFECT Stop loss #stoploss,TradingLab,,
youtube,TradingLab,JrDNeM9p2J4,https://www.youtube.com/watch?v=JrDNeM9p2J4,UgxO4i6CWUtrj3bzldZ4AaABAg,Or just wait for the retest then enter,2025-03-11T14:44:19Z,2026-10-01T13:26:55.654381+00:00,9,1,,30a7eb1846baeda4599d958ac12dc59dd5ab269ecf94157596c820620b94b975,,youtube-data-api-v3/commentThreads.list,,JrDNeM9p2J4,How To Place The PERFECT Stop loss #stoploss,TradingLab,,
youtube,TradingLab,JrDNeM9p2J4,https://www.youtube.com/watch?v=JrDNeM9p2J4,UgxO4i6CWUtrj3bzldZ4AaABAg.AFXXLTmkCCCAYFbRLWl9PP,"The ‘retest’ logic is absolute tosh. Sometimes there’s never a retest, price just rockets and never returns. Waiting for a retest causes you to miss out. Then there’s the classic ‘retest and break down anyway after a bounce because retest means F all’… yes, that’s right. The amount of times price ‘retests’, bounces up only to crash down anyway is just as often as every other outcome. Retests predict nothing, just like the support/resistance or trend lines drawn on which you entered. 

Next, define ‘retest’. A candle of what size and on what time frame constitutes a retest? Watch five one minute candles all perfectly aligned on the arbitrary support, followed by a large green candle upwards.. so you enter!! and after 5 hrs, the 4hr candle has collapsed below the imaginary arbitrary line you drew and turned out to be another meaningless place on a random chart. 

Sorry, but ‘wait for the retest’ is meaningless and will continue to fail traders in the same way any other chart pattern or occurrence does.",2026-06-19T21:38:58Z,2026-10-01T13:26:55.654381+00:00,1,0,,bcb5bb7f671389869d55307c63165225a02058dc9a68bfcf0f558a73da0101fd,UgxO4i6CWUtrj3bzldZ4AaABAg,youtube-data-api-v3/commentThreads.list,,JrDNeM9p2J4,How To Place The PERFECT Stop loss #stoploss,TradingLab,,
youtube,TradingLab,JrDNeM9p2J4,https://www.youtube.com/watch?v=JrDNeM9p2J4,UgydRXFOy5OCLm-Zfn54AaABAg,"Always happening. 
 my stop loss is behaving like my real trade and trade is happens like my stop loss direction .",2026-04-24T02:05:36Z,2026-10-01T13:26:55.654381+00:00,1,0,,9e56dcac3e75dcd99d9cb68c7b2dc1a8975ad0ad7a998d7b2491184fbc12ad7d,,youtube-data-api-v3/commentThreads.list,,JrDNeM9p2J4,How To Place The PERFECT Stop loss #stoploss,TradingLab,,
youtube,TradingLab,JrDNeM9p2J4,https://www.youtube.com/watch?v=JrDNeM9p2J4,UgwtFMkw7a9BW1IF-dB4AaABAg,I will just set my buys from your original sl down ;),2022-07-25T23:55:26Z,2026-10-01T13:26:55.654381+00:00,41,1,,427d8dbeff9c6c8c6cf35e9e5b283b8f62f702636422038fa305c8829caf2c96,,youtube-data-api-v3/commentThreads.list,,JrDNeM9p2J4,How To Place The PERFECT Stop loss #stoploss,TradingLab,,
youtube,TradingLab,JrDNeM9p2J4,https://www.youtube.com/watch?v=JrDNeM9p2J4,UgwtFMkw7a9BW1IF-dB4AaABAg.9dvaHwD0LLo9gCvAAi4qCl,"Hey @Kvi, im trying to start investing and im lost where can i find a free course or what do I do",2022-09-20T19:46:59Z,2026-10-01T13:26:55.654381+00:00,0,0,,cbf4c4eb4db3601af112021b67ccccf7cb065aa89bf542ca3265d8b2cb72578a,UgwtFMkw7a9BW1IF-dB4AaABAg,youtube-data-api-v3/commentThreads.list,,JrDNeM9p2J4,How To Place The PERFECT Stop loss #stoploss,TradingLab,,
youtube,TradingLab,JrDNeM9p2J4,https://www.youtube.com/watch?v=JrDNeM9p2J4,UgwMMsEp9tvEda9DNgN4AaABAg,"If you take that trade, you’re a newbie, you’re not making money and you’re chasing the market",2023-12-14T12:04:55Z,2026-10-01T13:26:55.654381+00:00,2,0,,d166065730dfdf4b0a6d98077ffdf731b19b2c26e4b6a5a40636ebc38dc45dda,,youtube-data-api-v3/commentThreads.list,,JrDNeM9p2J4,How To Place The PERFECT Stop loss #stoploss,TradingLab,,
youtube,TradingLab,JrDNeM9p2J4,https://www.youtube.com/watch?v=JrDNeM9p2J4,UgwMwHK_wSE1gEf4_554AaABAg,"In the last 2 weeks that I really started taking stock trading seriously, I’ve learned more here then anywhere else, thank you for helping me on this journey.",2024-10-27T12:56:35Z,2026-10-01T13:26:55.654381+00:00,6,0,,8eb9b2807398054c795b03e586e5167598188a5c0881be0ec3bee1cf6a459b09,,youtube-data-api-v3/commentThreads.list,,JrDNeM9p2J4,How To Place The PERFECT Stop loss #stoploss,TradingLab,,
youtube,TradingLab,JrDNeM9p2J4,https://www.youtube.com/watch?v=JrDNeM9p2J4,UgzCDPPM1lFzwzgiWld4AaABAg,I always find something new and useful in your videos. Thank you very much for your time and effort!,2024-07-23T14:38:28Z,2026-10-01T13:26:55.654381+00:00,0,0,,001a711b62686966c26ae61c168175ebb466a585fe51a1dd24c4d94f73cb3e94,,youtube-data-api-v3/commentThreads.list,,JrDNeM9p2J4,How To Place The PERFECT Stop loss #stoploss,TradingLab,,
youtube,TradingLab,JrDNeM9p2J4,https://www.youtube.com/watch?v=JrDNeM9p2J4,UgxtXjX6P81ISXolVGp4AaABAg,you should make a full video on atr and loss,2022-06-05T17:08:45Z,2026-10-01T13:26:55.654381+00:00,10,1,,7942f6cb7d384969b74b2f88af1e038e025338212394f47d8f505a7e3b944e33,,youtube-data-api-v3/commentThreads.list,,JrDNeM9p2J4,How To Place The PERFECT Stop loss #stoploss,TradingLab,,
youtube,TradingLab,JrDNeM9p2J4,https://www.youtube.com/watch?v=JrDNeM9p2J4,UgxtXjX6P81ISXolVGp4AaABAg.9bu7-d8cxwZ9fv0J0NPZjx,Fr 🤦🏻‍♂️,2022-09-13T11:35:03Z,2026-10-01T13:26:55.654381+00:00,0,0,,f99795e5ae8feffc30e129d459a2b37c77da3ef95b6a45c69ed34c3c8f5ce423,UgxtXjX6P81ISXolVGp4AaABAg,youtube-data-api-v3/commentThreads.list,,JrDNeM9p2J4,How To Place The PERFECT Stop loss #stoploss,TradingLab,,
youtube,TradingLab,JrDNeM9p2J4,https://www.youtube.com/watch?v=JrDNeM9p2J4,UgxiRstjs2kR6xalg914AaABAg,I’m 5 days into trading and this hear just explained so much after watching live day trading 🤣,2023-06-21T03:35:39Z,2026-10-01T13:26:55.654381+00:00,2,0,,1073b2caf5e0bd9e6239d723ea7cfb17cac13350c5539457e0c097cea05fa93d,,youtube-data-api-v3/commentThreads.list,,JrDNeM9p2J4,How To Place The PERFECT Stop loss #stoploss,TradingLab,,
youtube,TradingLab,JrDNeM9p2J4,https://www.youtube.com/watch?v=JrDNeM9p2J4,UgxWLOoEXcT0mpDlzH14AaABAg,I like to just set it a certain percent below the support/resistance,2022-11-25T00:06:17Z,2026-10-01T13:26:55.654381+00:00,9,0,,242757985f2e132e1032745971c2b4822c3b6d6fbdb50ef72daa75bf05acd318,,youtube-data-api-v3/commentThreads.list,,JrDNeM9p2J4,How To Place The PERFECT Stop loss #stoploss,TradingLab,,
youtube,TradingLab,JrDNeM9p2J4,https://www.youtube.com/watch?v=JrDNeM9p2J4,UgwXA7HnU2eAXC0E1Tl4AaABAg,I went aggressive today and exactly that happened,2024-05-09T20:58:20Z,2026-10-01T13:26:55.654381+00:00,2,0,,2981c5f9f5174c86527a1ac0939b2e363a0b12c3fa26fc63fd92e163aa11124d,,youtube-data-api-v3/commentThreads.list,,JrDNeM9p2J4,How To Place The PERFECT Stop loss #stoploss,TradingLab,,
youtube,TradingLab,JrDNeM9p2J4,https://www.youtube.com/watch?v=JrDNeM9p2J4,UgxEogTK6k_55ETI3t14AaABAg,Recently I've been taking scalps on the breakouts and get back in on a successful retest..it's been bulletproof for me,2023-01-28T15:23:45Z,2026-10-01T13:26:55.654381+00:00,32,6,,d801b944dc35256dfd7b8a3d7a12cb0d96f651d3cd39850a437c2a61fc8140d7,,youtube-data-api-v3/commentThreads.list,,JrDNeM9p2J4,How To Place The PERFECT Stop loss #stoploss,TradingLab,,
youtube,TradingLab,JrDNeM9p2J4,https://www.youtube.com/watch?v=JrDNeM9p2J4,UgxEogTK6k_55ETI3t14AaABAg.9lRBNyg72VX9mSvaURCwmY,Who did you learn from,2023-02-23T04:06:56Z,2026-10-01T13:26:55.654381+00:00,0,0,,aeb3203ee4f3cf4ed780643b12dc3fc5029497d54fc4d0a83464c62b07655fd3,UgxEogTK6k_55ETI3t14AaABAg,youtube-data-api-v3/commentThreads.list,,JrDNeM9p2J4,How To Place The PERFECT Stop loss #stoploss,TradingLab,,
youtube,TradingLab,JrDNeM9p2J4,https://www.youtube.com/watch?v=JrDNeM9p2J4,UgxEogTK6k_55ETI3t14AaABAg.9lRBNyg72VX9q-YqJOnKJl,"I think what you mean is:

You wait for price to come to a support zone, you buy, you sell after a small movement up, then you buy again when price returns to support and then you sell after a longer move up",2023-05-22T04:26:58Z,2026-10-01T13:26:55.654381+00:00,3,0,,ee80e80891650f13eef5f32430f6131ebdcf64f8ea0af6f690708d4f3e303a94,UgxEogTK6k_55ETI3t14AaABAg,youtube-data-api-v3/commentThreads.list,,JrDNeM9p2J4,How To Place The PERFECT Stop loss #stoploss,TradingLab,,
youtube,TradingLab,JrDNeM9p2J4,https://www.youtube.com/watch?v=JrDNeM9p2J4,UgxEogTK6k_55ETI3t14AaABAg.9lRBNyg72VXA8A5TfWOl6p,Make a video about it,2024-09-09T12:38:29Z,2026-10-01T13:26:55.654381+00:00,0,0,,92d6e89edb042554ed27b6218426155003d73a4db8a1a08f8e2a83f40cda76a4,UgxEogTK6k_55ETI3t14AaABAg,youtube-data-api-v3/commentThreads.list,,JrDNeM9p2J4,How To Place The PERFECT Stop loss #stoploss,TradingLab,,
youtube,TradingLab,JrDNeM9p2J4,https://www.youtube.com/watch?v=JrDNeM9p2J4,UgxEogTK6k_55ETI3t14AaABAg.9lRBNyg72VXAA2WT2ywZtg,Hey! Can you explain that a bit more? Is it what the other person replied in your comments? Sounds like it is but not sure,2024-10-26T07:03:12Z,2026-10-01T13:26:55.654381+00:00,0,0,,0b492766550d3d8c7d930320981f7a8aac050be160d8ba5f8af2bd5517ad8083,UgxEogTK6k_55ETI3t14AaABAg,youtube-data-api-v3/commentThreads.list,,JrDNeM9p2J4,How To Place The PERFECT Stop loss #stoploss,TradingLab,,
youtube,TradingLab,JrDNeM9p2J4,https://www.youtube.com/watch?v=JrDNeM9p2J4,UgxEogTK6k_55ETI3t14AaABAg.9lRBNyg72VXAC-vtEQDszy,"@salgueddie its not the same, its more advanced and solid",2024-12-13T23:59:10Z,2026-10-01T13:26:55.654381+00:00,0,0,,53090967602565a865ac065a7a71d088eb3eca0d95cad580bff65bd8cf4cf004,UgxEogTK6k_55ETI3t14AaABAg,youtube-data-api-v3/commentThreads.list,,JrDNeM9p2J4,How To Place The PERFECT Stop loss #stoploss,TradingLab,,
youtube,TradingLab,JrDNeM9p2J4,https://www.youtube.com/watch?v=JrDNeM9p2J4,Ugxv2v6Ve3TZ3_UNzAN4AaABAg,Reward-Risk Ratio goes down 😅,2025-02-15T14:41:03Z,2026-10-01T13:26:55.654381+00:00,2,0,,9a5f98dc751a80c47c915f1b3a14eeb673161fbdcda5c7ef34a6041f06fe832c,,youtube-data-api-v3/commentThreads.list,,JrDNeM9p2J4,How To Place The PERFECT Stop loss #stoploss,TradingLab,,
youtube,TradingLab,JrDNeM9p2J4,https://www.youtube.com/watch?v=JrDNeM9p2J4,UgzI5e_z0bQWqWS3dDl4AaABAg,Liked the video instantly 👍,2022-06-29T07:23:11Z,2026-10-01T13:26:55.654381+00:00,12,1,,95d7338f2ae92c15628d89fe9e4c1190ec472e98a7471d6df0501a10086970dc,,youtube-data-api-v3/commentThreads.list,,JrDNeM9p2J4,How To Place The PERFECT Stop loss #stoploss,TradingLab,,
youtube,TradingLab,JrDNeM9p2J4,https://www.youtube.com/watch?v=JrDNeM9p2J4,UgwpYFi_xrOKezFVkhJ4AaABAg,But there are a good orderblock here,2023-07-15T20:12:35Z,2026-10-01T13:26:55.654381+00:00,2,0,,ddf48e4918ddf99e3414b7fd7808cdc81ca22bc201638e0efdb0e6f37aa7fc83,,youtube-data-api-v3/commentThreads.list,,JrDNeM9p2J4,How To Place The PERFECT Stop loss #stoploss,TradingLab,,
youtube,TradingLab,JrDNeM9p2J4,https://www.youtube.com/watch?v=JrDNeM9p2J4,UgzL2d1_YadhYkL5_Xp4AaABAg,"Thanks man
I  truly appreciate your dedication making trading very simple and you finished videos so quickly, comprehensive and concise. 

I've been following many traders, but no one like you explained",2022-06-05T13:29:22Z,2026-10-01T13:26:55.654381+00:00,27,2,,f838e7e116d537014586f96cce91fe6e5d60f282b8daaecf49e489d970ff17bc,,youtube-data-api-v3/commentThreads.list,,JrDNeM9p2J4,How To Place The PERFECT Stop loss #stoploss,TradingLab,,
youtube,TradingLab,JrDNeM9p2J4,https://www.youtube.com/watch?v=JrDNeM9p2J4,UgzL2d1_YadhYkL5_Xp4AaABAg.9btitpW9Kan9cPsjrcULtb,May you please assist me to trade,2022-06-18T10:30:20Z,2026-10-01T13:26:55.654381+00:00,0,0,,f13211d1177721651f241b7e1e75a77c499728ca726a6633c923c5bb5b929118,UgzL2d1_YadhYkL5_Xp4AaABAg,youtube-data-api-v3/commentThreads.list,,JrDNeM9p2J4,How To Place The PERFECT Stop loss #stoploss,TradingLab,,
youtube,TradingLab,JrDNeM9p2J4,https://www.youtube.com/watch?v=JrDNeM9p2J4,Ugzu_TmBUD8L2RyMr9d4AaABAg,Wonderful tip!,2022-11-09T15:02:40Z,2026-10-01T13:26:55.654381+00:00,2,0,,7685a6f5e0bd0636c6ccb197f3473eeb09a4b2345c25f6919b419a665f2addc5,,youtube-data-api-v3/commentThreads.list,,JrDNeM9p2J4,How To Place The PERFECT Stop loss #stoploss,TradingLab,,
youtube,TradingLab,JrDNeM9p2J4,https://www.youtube.com/watch?v=JrDNeM9p2J4,Ugwdi9TQCcHhhP_B-kR4AaABAg,"i'm a beginner and your content helped me learn a lot, thank bro, please keep it going.",2023-11-16T10:29:09Z,2026-10-01T13:26:55.654381+00:00,6,1,,0da5029a51869c1b76e44698e8caf642de42caebe1cd0b10846659e972cd2da1,,youtube-data-api-v3/commentThreads.list,,JrDNeM9p2J4,How To Place The PERFECT Stop loss #stoploss,TradingLab,,
youtube,TradingLab,JrDNeM9p2J4,https://www.youtube.com/watch?v=JrDNeM9p2J4,Ugwdi9TQCcHhhP_B-kR4AaABAg.9xAXmgABe4e9yhDXp-URJL,Agree for beginners the good content,2023-12-24T08:57:48Z,2026-10-01T13:26:55.654381+00:00,1,0,,97e8d2dbfc2504b9dfcbf2fad5650c88ec3ac36df43f98e091bb2f6320e3b99f,Ugwdi9TQCcHhhP_B-kR4AaABAg,youtube-data-api-v3/commentThreads.list,,JrDNeM9p2J4,How To Place The PERFECT Stop loss #stoploss,TradingLab,,
youtube,TradingLab,JrDNeM9p2J4,https://www.youtube.com/watch?v=JrDNeM9p2J4,Ugw8uhsG7RHMPq3IjO54AaABAg,"""Average True Range"" is the average price movement for a default 14 time periods. On the hourly chart the average true range shows the last 14 hours of pip movements or ""volatility"".",2025-01-01T02:21:57Z,2026-10-01T13:26:55.654381+00:00,0,0,,9d6998e192c6b6357d140d0a7a9d1811b568e49043a9bf042a54e6fae85e0ba4,,youtube-data-api-v3/commentThreads.list,,JrDNeM9p2J4,How To Place The PERFECT Stop loss #stoploss,TradingLab,,
youtube,TradingLab,JrDNeM9p2J4,https://www.youtube.com/watch?v=JrDNeM9p2J4,Ugwc0u6UVv4utF44rfp4AaABAg,Hi sir Please make full video on Scalping,2022-06-03T15:41:21Z,2026-10-01T13:26:55.654381+00:00,2,0,,d6aedeafea5e9b935c0e2dacc961b17e4b14236f5bc49421ae435feac23c1b5e,,youtube-data-api-v3/commentThreads.list,,JrDNeM9p2J4,How To Place The PERFECT Stop loss #stoploss,TradingLab,,
youtube,TradingLab,JrDNeM9p2J4,https://www.youtube.com/watch?v=JrDNeM9p2J4,UgxN57MGrOcnZDlSpbF4AaABAg,I love this explanation ❤️ so easy to understand,2024-12-28T10:01:53Z,2026-10-01T13:26:55.654381+00:00,0,0,,8d0d4c316c0a5df3283836373aaf632da86ca6a17330998bdeb2821a3a70b6f2,,youtube-data-api-v3/commentThreads.list,,JrDNeM9p2J4,How To Place The PERFECT Stop loss #stoploss,TradingLab,,
youtube,TradingLab,JrDNeM9p2J4,https://www.youtube.com/watch?v=JrDNeM9p2J4,Ugzvx8jRxXfuAzcopDB4AaABAg,"1. Wouldn't have bought on that major run up.
2. If I did buy in somewhere near bottom, I'm happy with the stop loss profit.. Be happy with your win! Don't chase the top, chase the win!",2025-03-09T05:24:55Z,2026-10-01T13:26:55.654381+00:00,4,0,,c78996d07f57cc219be2e79e407b7f493205b64fc0623cae1960f011717c23c2,,youtube-data-api-v3/commentThreads.list,,JrDNeM9p2J4,How To Place The PERFECT Stop loss #stoploss,TradingLab,,
youtube,TradingLab,JrDNeM9p2J4,https://www.youtube.com/watch?v=JrDNeM9p2J4,UgzdVD-MbdJP15Ev6L94AaABAg,Subbed because no one’s ever helped me understand trading this much,2022-11-22T19:08:55Z,2026-10-01T13:26:55.654381+00:00,24,2,,48758e09ceeb9fe34742f9b3be9b3478d8dea97a6cdfd496de7bcfe62faf41ca,,youtube-data-api-v3/commentThreads.list,,JrDNeM9p2J4,How To Place The PERFECT Stop loss #stoploss,TradingLab,,
youtube,TradingLab,JrDNeM9p2J4,https://www.youtube.com/watch?v=JrDNeM9p2J4,UgzdVD-MbdJP15Ev6L94AaABAg.9ik3tX0W2u09m_DVC9RlGR,This guy won’t either. He didn’t explain why the price did what it did. I doubt he knows.,2023-02-26T00:06:47Z,2026-10-01T13:26:55.654381+00:00,2,0,,88882dac480cd37cca63161a38cb29ec609873d54628d39a7c878be605b2cc38,UgzdVD-MbdJP15Ev6L94AaABAg,youtube-data-api-v3/commentThreads.list,,JrDNeM9p2J4,How To Place The PERFECT Stop loss #stoploss,TradingLab,,
youtube,TradingLab,JrDNeM9p2J4,https://www.youtube.com/watch?v=JrDNeM9p2J4,UgzdVD-MbdJP15Ev6L94AaABAg.9ik3tX0W2u09o2gwRXFdlR,"​@arathaemaxus5250I doubt anyone knows, trading is its own beast! 🤷🏻‍♀️🙄",2023-04-03T16:41:23Z,2026-10-01T13:26:55.654381+00:00,0,0,,7206acd3717e34f4d4085aeb9290ccf6e66252ae5a7af7de071b19db9c6bf5fb,UgzdVD-MbdJP15Ev6L94AaABAg,youtube-data-api-v3/commentThreads.list,,JrDNeM9p2J4,How To Place The PERFECT Stop loss #stoploss,TradingLab,,
youtube,TradingLab,JrDNeM9p2J4,https://www.youtube.com/watch?v=JrDNeM9p2J4,UgxClC6zDdruwfQzD_F4AaABAg,"wait.. this was such good advise! i did that the other day, tysm!",2022-11-14T00:25:24Z,2026-10-01T13:26:55.654381+00:00,0,1,,7bd659c47e5dc3f5251870134408d7887f279075382d6781f9e0ad0813aa91c2,,youtube-data-api-v3/commentThreads.list,,JrDNeM9p2J4,How To Place The PERFECT Stop loss #stoploss,TradingLab,,
youtube,TradingLab,JrDNeM9p2J4,https://www.youtube.com/watch?v=JrDNeM9p2J4,UgxClC6zDdruwfQzD_F4AaABAg.9iOSxbeqMWC9iaKvDubHk3,Thanks for watching. Kindly subscribe to my channel 🛎 You can contact me on whatsapp using the number above ☝️  for interesting offers,2022-11-19T00:25:18Z,2026-10-01T13:26:55.654381+00:00,1,0,,5506b47d3ccecc34287f80926f40aec8e3464dc6bf534867f0c9492e47b3ccb7,UgxClC6zDdruwfQzD_F4AaABAg,youtube-data-api-v3/commentThreads.list,,JrDNeM9p2J4,How To Place The PERFECT Stop loss #stoploss,TradingLab,,
youtube,TradingLab,JrDNeM9p2J4,https://www.youtube.com/watch?v=JrDNeM9p2J4,Ugw5cZpjp4l2NkIsuNB4AaABAg,"in this trade you have showed , price retraced exactly in the fair value gap and it reversed",2022-11-09T22:55:24Z,2026-10-01T13:26:55.654381+00:00,5,1,,678211ed78b40def36c9ea167101867817d03d28439172ba18a328b4ca838109,,youtube-data-api-v3/commentThreads.list,,JrDNeM9p2J4,How To Place The PERFECT Stop loss #stoploss,TradingLab,,
youtube,TradingLab,JrDNeM9p2J4,https://www.youtube.com/watch?v=JrDNeM9p2J4,Ugw5cZpjp4l2NkIsuNB4AaABAg.9iE-TxwPSr89iaKynWf2Lw,Thanks for watching. Kindly subscribe to my channel 🛎 You can contact me on whatsapp using the number above ☝️  for interesting offers,2022-11-19T00:25:47Z,2026-10-01T13:26:55.654381+00:00,1,0,,5506b47d3ccecc34287f80926f40aec8e3464dc6bf534867f0c9492e47b3ccb7,Ugw5cZpjp4l2NkIsuNB4AaABAg,youtube-data-api-v3/commentThreads.list,,JrDNeM9p2J4,How To Place The PERFECT Stop loss #stoploss,TradingLab,,
youtube,TradingLab,JrDNeM9p2J4,https://www.youtube.com/watch?v=JrDNeM9p2J4,UgzYCvvOVbwSLWyJuPV4AaABAg,"Or....you don't set your stop loss directly where the trend will retest....set it a little lower.  However, I still like the advice in this video.",2024-04-27T22:48:49Z,2026-10-01T13:26:55.654381+00:00,1,0,,2bf7fddc8dcaded806c797e977cc2179305ecce7f6655da433f993b460cc0dea,,youtube-data-api-v3/commentThreads.list,,JrDNeM9p2J4,How To Place The PERFECT Stop loss #stoploss,TradingLab,,
youtube,TradingLab,JrDNeM9p2J4,https://www.youtube.com/watch?v=JrDNeM9p2J4,UgylgWr8UPieExjiEZ14AaABAg,"Since you don't know in advance where the market goes setting an ATR sounds reasonable from the start... but accordingly to what I mentioned before think of the following: what if the ATR is not respected at all and you have to handle an even bigger loss than before...

You have to consider where prices are cheap and expensive... where your areas of interest are... and many things more...

Trading looks easy... but it demands dedication, education and patience...",2022-07-11T15:17:57Z,2026-10-01T13:26:55.654381+00:00,45,3,,b3f5c3d6800cc2b9887f90905c5ef7b6eb141c0460ac60bc6bb37376ebe926da,,youtube-data-api-v3/commentThreads.list,,JrDNeM9p2J4,How To Place The PERFECT Stop loss #stoploss,TradingLab,,
youtube,TradingLab,JrDNeM9p2J4,https://www.youtube.com/watch?v=JrDNeM9p2J4,UgylgWr8UPieExjiEZ14AaABAg.9dLbw_CqmKcA9YQteV5wKS,"That’s not how risk management works buddy, it’s not the bigger the stop loss the bigger the risk",2024-10-13T19:58:50Z,2026-10-01T13:26:55.654381+00:00,2,0,,338c250d29ff1549922cf3b02bb7e8e8b2c07538bd09dcf876e31ba23edbabfe,UgylgWr8UPieExjiEZ14AaABAg,youtube-data-api-v3/commentThreads.list,,JrDNeM9p2J4,How To Place The PERFECT Stop loss #stoploss,TradingLab,,
youtube,TradingLab,JrDNeM9p2J4,https://www.youtube.com/watch?v=JrDNeM9p2J4,UgylgWr8UPieExjiEZ14AaABAg.9dLbw_CqmKcA9vjgSo_Ych,😅😊,2024-10-23T06:33:34Z,2026-10-01T13:26:55.654381+00:00,0,0,,80a9db3f3fd65ca858523288427a7053a07eadcb89bb17286f352b4bbd4e64b1,UgylgWr8UPieExjiEZ14AaABAg,youtube-data-api-v3/commentThreads.list,,JrDNeM9p2J4,How To Place The PERFECT Stop loss #stoploss,TradingLab,,
youtube,TradingLab,JrDNeM9p2J4,https://www.youtube.com/watch?v=JrDNeM9p2J4,UgylgWr8UPieExjiEZ14AaABAg.9dLbw_CqmKcAUBxwLFzorU,"You have to decrement the budget with the new stop loss , that’s called money management",2026-03-11T01:33:03Z,2026-10-01T13:26:55.654381+00:00,0,0,,72db678b24a91830e7e6e76d41d211a2e9539529e9a02a07307ae15e3bbeffd1,UgylgWr8UPieExjiEZ14AaABAg,youtube-data-api-v3/commentThreads.list,,JrDNeM9p2J4,How To Place The PERFECT Stop loss #stoploss,TradingLab,,
youtube,TradingLab,JrDNeM9p2J4,https://www.youtube.com/watch?v=JrDNeM9p2J4,UgxIPhuZC9y3lnoRlDB4AaABAg,I use this it’s super helpful !!!,2022-08-22T13:41:18Z,2026-10-01T13:26:55.654381+00:00,2,1,,0c0e169e86fb68bac1dbc1c010827350d3f5a67c5aeb6bbe62965c34cae8fb55,,youtube-data-api-v3/commentThreads.list,,JrDNeM9p2J4,How To Place The PERFECT Stop loss #stoploss,TradingLab,,
youtube,TradingLab,JrDNeM9p2J4,https://www.youtube.com/watch?v=JrDNeM9p2J4,UgxIPhuZC9y3lnoRlDB4AaABAg.9f1aGTkFq5_9gCv55DJdU4,"Hey @Hustler Instinct, im trying to start investing and im lost where can i find a free course or what do I do",2022-09-20T19:46:17Z,2026-10-01T13:26:55.654381+00:00,1,0,,cbf4c4eb4db3601af112021b67ccccf7cb065aa89bf542ca3265d8b2cb72578a,UgxIPhuZC9y3lnoRlDB4AaABAg,youtube-data-api-v3/commentThreads.list,,JrDNeM9p2J4,How To Place The PERFECT Stop loss #stoploss,TradingLab,,
youtube,TradingLab,JrDNeM9p2J4,https://www.youtube.com/watch?v=JrDNeM9p2J4,UgxSjz7DNrdXwH4c1pZ4AaABAg,Ok boys today we’re updating all the algos to stop hunt with this new atr trick I seen on YouTube,2022-08-18T02:13:10Z,2026-10-01T13:26:55.654381+00:00,49,2,,0383d9278e516d303790302655c099567302429d2009f28f82cd70d563722f71,,youtube-data-api-v3/commentThreads.list,,JrDNeM9p2J4,How To Place The PERFECT Stop loss #stoploss,TradingLab,,
youtube,TradingLab,JrDNeM9p2J4,https://www.youtube.com/watch?v=JrDNeM9p2J4,UgxSjz7DNrdXwH4c1pZ4AaABAg.9er3KwCwvlc9iaKx6HCR09,Thanks for watching. Kindly subscribe to my channel 🛎 You can contact me on whatsapp using the number above ☝️  for interesting offers,2022-11-19T00:25:33Z,2026-10-01T13:26:55.654381+00:00,1,0,,5506b47d3ccecc34287f80926f40aec8e3464dc6bf534867f0c9492e47b3ccb7,UgxSjz7DNrdXwH4c1pZ4AaABAg,youtube-data-api-v3/commentThreads.list,,JrDNeM9p2J4,How To Place The PERFECT Stop loss #stoploss,TradingLab,,
youtube,TradingLab,JrDNeM9p2J4,https://www.youtube.com/watch?v=JrDNeM9p2J4,UgxSjz7DNrdXwH4c1pZ4AaABAg.9er3KwCwvlc9iaPZoLg7FC,That's a big boys game,2022-11-19T01:05:56Z,2026-10-01T13:26:55.654381+00:00,0,0,,b0e03dd125b6b3f57e8d8201d7c759948c8886ee12ca3d54725a48a8e219b5ed,UgxSjz7DNrdXwH4c1pZ4AaABAg,youtube-data-api-v3/commentThreads.list,,JrDNeM9p2J4,How To Place The PERFECT Stop loss #stoploss,TradingLab,,
youtube,TradingLab,JrDNeM9p2J4,https://www.youtube.com/watch?v=JrDNeM9p2J4,UgzQPayK_ucAwdJxlxt4AaABAg,atr can be subjective. a really strong breakout will affect the atr,2023-03-28T23:37:05Z,2026-10-01T13:26:55.654381+00:00,1,0,,14e0f90d78268b278f35df9fca4af00e777ccf6c72e986b6a25f70febc315f0d,,youtube-data-api-v3/commentThreads.list,,JrDNeM9p2J4,How To Place The PERFECT Stop loss #stoploss,TradingLab,,
youtube,TradingLab,JrDNeM9p2J4,https://www.youtube.com/watch?v=JrDNeM9p2J4,UgwuoDlcPdDPMVjM1FB4AaABAg,"Yep, today did to me bro. When went highly. 😡",2022-06-07T08:25:06Z,2026-10-01T13:26:55.654381+00:00,24,2,,f3136d7d4891556e85c87763c2d714b14cedfac1a0f2bb9e13d25e3925f7264b,,youtube-data-api-v3/commentThreads.list,,JrDNeM9p2J4,How To Place The PERFECT Stop loss #stoploss,TradingLab,,
youtube,TradingLab,JrDNeM9p2J4,https://www.youtube.com/watch?v=JrDNeM9p2J4,UgwuoDlcPdDPMVjM1FB4AaABAg.9byKez4bTdF9cIlZ9S5bq6,Just happened to me too 🥲,2022-06-15T16:12:53Z,2026-10-01T13:26:55.654381+00:00,1,0,,2ff1c9107636e96971e96f7cebbebb377065c3ae5efececa3b0329ece7518b87,UgwuoDlcPdDPMVjM1FB4AaABAg,youtube-data-api-v3/commentThreads.list,,JrDNeM9p2J4,How To Place The PERFECT Stop loss #stoploss,TradingLab,,
youtube,TradingLab,JrDNeM9p2J4,https://www.youtube.com/watch?v=JrDNeM9p2J4,UgwuoDlcPdDPMVjM1FB4AaABAg.9byKez4bTdF9dv-I6jOHS_,Are you drunk?,2022-07-25T18:23:24Z,2026-10-01T13:26:55.654381+00:00,2,0,,74d2d611417f7b3f53caf6357e53959c56ee4fa40191e7f4f3d146488ba48b8a,UgwuoDlcPdDPMVjM1FB4AaABAg,youtube-data-api-v3/commentThreads.list,,JrDNeM9p2J4,How To Place The PERFECT Stop loss #stoploss,TradingLab,,
youtube,TradingLab,JrDNeM9p2J4,https://www.youtube.com/watch?v=JrDNeM9p2J4,UgwJDrYzUOv9vTPeO0R4AaABAg,Damn I just watched this exact same video with a different voice over,2025-09-12T09:36:39Z,2026-10-01T13:26:55.654381+00:00,2,0,,a395079ada03e77a5181ae45d2acf343a70fb290e840ec3140ced14e68260829,,youtube-data-api-v3/commentThreads.list,,JrDNeM9p2J4,How To Place The PERFECT Stop loss #stoploss,TradingLab,,
youtube,TradingLab,JrDNeM9p2J4,https://www.youtube.com/watch?v=JrDNeM9p2J4,UgxYRAhe1OZZQAZQ3mF4AaABAg,i don’t ever pull out i’m not a quitter,2023-01-07T03:40:13Z,2026-10-01T13:26:55.654381+00:00,10,0,,4bc6f8013b328a54fe5241504192a7bf4ad1387ed5fad4f08bb73e821690c2bb,,youtube-data-api-v3/commentThreads.list,,JrDNeM9p2J4,How To Place The PERFECT Stop loss #stoploss,TradingLab,,
youtube,TradingLab,JrDNeM9p2J4,https://www.youtube.com/watch?v=JrDNeM9p2J4,UgyJ635DIUg-Nsozret4AaABAg,"Low = sellside liquidity, plus FVG below which can act as a magnet for price. You can see it was filled perfectly before going up.",2023-05-24T17:18:58Z,2026-10-01T13:26:55.654381+00:00,2,1,,ce08da09d58fab58b18e752c5bde2fb40bb4a9e2c426aad41ada463184117940,,youtube-data-api-v3/commentThreads.list,,JrDNeM9p2J4,How To Place The PERFECT Stop loss #stoploss,TradingLab,,
youtube,TradingLab,JrDNeM9p2J4,https://www.youtube.com/watch?v=JrDNeM9p2J4,UgyJ635DIUg-Nsozret4AaABAg.9q64mFauNKfA9yD9-X4dbP,"Yeah, but why bother with price action if you have a ""magic"" indicator xD",2024-10-24T05:38:14Z,2026-10-01T13:26:55.654381+00:00,0,0,,d5506debcdde5b0a515bb8defa6271438b008cec1a890939b65d2fca2f45f18b,UgyJ635DIUg-Nsozret4AaABAg,youtube-data-api-v3/commentThreads.list,,JrDNeM9p2J4,How To Place The PERFECT Stop loss #stoploss,TradingLab,,
youtube,TradingLab,JrDNeM9p2J4,https://www.youtube.com/watch?v=JrDNeM9p2J4,UgzBC41ZbVZFpJ5UeTx4AaABAg,This guy must be a trillionare since every strategy works for him he’s an all in one strategy 😂😂😂,2024-01-30T01:34:26Z,2026-10-01T13:26:55.654381+00:00,19,1,,2c71386adf033da5fed75d3c3aad5a85b51241f2a5b33df1e74b1df2ef260c47,,youtube-data-api-v3/commentThreads.list,,JrDNeM9p2J4,How To Place The PERFECT Stop loss #stoploss,TradingLab,,
youtube,TradingLab,JrDNeM9p2J4,https://www.youtube.com/watch?v=JrDNeM9p2J4,UgzBC41ZbVZFpJ5UeTx4AaABAg.A-AhCu-UHJTANue3D7rG2X,ROFL,2025-10-05T19:44:40Z,2026-10-01T13:26:55.654381+00:00,0,0,,e8ebdd515ad05816e4cd2a5b06adb3e57549b564785af0c16ad7c79d39d90eaa,UgzBC41ZbVZFpJ5UeTx4AaABAg,youtube-data-api-v3/commentThreads.list,,JrDNeM9p2J4,How To Place The PERFECT Stop loss #stoploss,TradingLab,,
youtube,TradingLab,JrDNeM9p2J4,https://www.youtube.com/watch?v=JrDNeM9p2J4,UgzY_HJQVfvuY5y1tp54AaABAg,What a game changer! Cheers mate im guna give that a try!,2023-04-18T17:56:40Z,2026-10-01T13:26:55.654381+00:00,0,0,,e7955298140a876c4b14788b16d5df62d3637c959e8ba93b097be48bdc713d41,,youtube-data-api-v3/commentThreads.list,,JrDNeM9p2J4,How To Place The PERFECT Stop loss #stoploss,TradingLab,,
youtube,TradingLab,JrDNeM9p2J4,https://www.youtube.com/watch?v=JrDNeM9p2J4,UgznaQzz9Ek_LFk182h4AaABAg,"I needed this info. I'm a beginner and I'm trying to decide whether or not to do a stop loss or a trailing stop, but I first need to understand the difference.",2023-08-31T14:19:01Z,2026-10-01T13:26:55.654381+00:00,7,4,,5a896e5f6c7d406162c8734af00cc59ad5d6e1886bacd44d544542097bd108ad,,youtube-data-api-v3/commentThreads.list,,JrDNeM9p2J4,How To Place The PERFECT Stop loss #stoploss,TradingLab,,
youtube,TradingLab,JrDNeM9p2J4,https://www.youtube.com/watch?v=JrDNeM9p2J4,UgznaQzz9Ek_LFk182h4AaABAg.9u4fsv48pTd9uKSuGwI2Fw,"My suggestion always do stop loss, better loss a bit and find another momentum rather than losing all of balance because of one anomaly candle. Just remember you can always do recovery as long as you have the capital",2023-09-06T17:24:43Z,2026-10-01T13:26:55.654381+00:00,7,0,,e6fca35627ed8915e7978b33722eaa1a7dad7716f177a89a922022296355f780,UgznaQzz9Ek_LFk182h4AaABAg,youtube-data-api-v3/commentThreads.list,,JrDNeM9p2J4,How To Place The PERFECT Stop loss #stoploss,TradingLab,,
youtube,TradingLab,JrDNeM9p2J4,https://www.youtube.com/watch?v=JrDNeM9p2J4,UgznaQzz9Ek_LFk182h4AaABAg.9u4fsv48pTd9wsh-u12VAi,@owljan I finally got the courage to do a trailing stop the other day. Had I seen this comment earlier I would have done a stop loss instead. Oh well.  Next time.,2023-11-09T02:52:54Z,2026-10-01T13:26:55.654381+00:00,0,0,,5a896e5f6c7d406162c8734af00cc59ad5d6e1886bacd44d544542097bd108ad,UgznaQzz9Ek_LFk182h4AaABAg,youtube-data-api-v3/commentThreads.list,,JrDNeM9p2J4,How To Place The PERFECT Stop loss #stoploss,TradingLab,,
youtube,TradingLab,JrDNeM9p2J4,https://www.youtube.com/watch?v=JrDNeM9p2J4,UgznaQzz9Ek_LFk182h4AaABAg.9u4fsv48pTdA0kqE_lR9Ft,Did you ever find out what a trailing stop loss is 😂? I am a new trader myself and I am trying to learn everything I can,2024-03-09T08:16:36Z,2026-10-01T13:26:55.654381+00:00,2,0,,55d23da7da5b92c0939275db5524bf337e3cca977788970d573a7f69ffaaf3f3,UgznaQzz9Ek_LFk182h4AaABAg,youtube-data-api-v3/commentThreads.list,,JrDNeM9p2J4,How To Place The PERFECT Stop loss #stoploss,TradingLab,,
youtube,TradingLab,JrDNeM9p2J4,https://www.youtube.com/watch?v=JrDNeM9p2J4,UgznaQzz9Ek_LFk182h4AaABAg.9u4fsv48pTdA2-akjgqeV2,one strategy: set a stop loss to start with..once your profit is 2:1  move your stop loss to 1:1 to lock in that profit. Then set your trailing stop at the price you bought at and let it run. once trailing stop surges past your 1:1 profit level ..you are good to go,2024-04-09T07:40:34Z,2026-10-01T13:26:55.654381+00:00,2,0,,1edae495df38a9873144941854203f659d3c6253a91a94ed2fbe4dacb78a8769,UgznaQzz9Ek_LFk182h4AaABAg,youtube-data-api-v3/commentThreads.list,,JrDNeM9p2J4,How To Place The PERFECT Stop loss #stoploss,TradingLab,,
youtube,TradingLab,JrDNeM9p2J4,https://www.youtube.com/watch?v=JrDNeM9p2J4,UgykJMomP23Nl5gmDGt4AaABAg,In hindsight we can finally see that indicators work,2023-07-22T10:39:25Z,2026-10-01T13:26:55.654381+00:00,1,0,,daeb8726de05b80531fe87becfba9bf91936d9659e5c2e3b3a4fbf5cd636b5c1,,youtube-data-api-v3/commentThreads.list,,JrDNeM9p2J4,How To Place The PERFECT Stop loss #stoploss,TradingLab,,
youtube,TradingLab,JrDNeM9p2J4,https://www.youtube.com/watch?v=JrDNeM9p2J4,UgxXolkAGrfpwUEeI5l4AaABAg,stop loss is the most common reason retail investors lose money.,2023-01-31T05:44:44Z,2026-10-01T13:26:55.654381+00:00,4,1,,1593eb2a50dd558d941d2e0de2f2d279c3ab73574cf15901dbf95a38cb7c17fc,,youtube-data-api-v3/commentThreads.list,,JrDNeM9p2J4,How To Place The PERFECT Stop loss #stoploss,TradingLab,,
youtube,TradingLab,JrDNeM9p2J4,https://www.youtube.com/watch?v=JrDNeM9p2J4,UgxXolkAGrfpwUEeI5l4AaABAg.9lXsVjQn3j2AR9q3ToHwhl,"Stop loss is not the problem, it's the liquidity",2025-12-25T16:11:35Z,2026-10-01T13:26:55.654381+00:00,0,0,,a3329a4ca7f27eb61fe7b17ebff3cf4b9a577000803f7ba1b8d273a514af4207,UgxXolkAGrfpwUEeI5l4AaABAg,youtube-data-api-v3/commentThreads.list,,JrDNeM9p2J4,How To Place The PERFECT Stop loss #stoploss,TradingLab,,
youtube,TradingLab,JrDNeM9p2J4,https://www.youtube.com/watch?v=JrDNeM9p2J4,UgyooPhdaK2l5xHe22Z4AaABAg,"Oh this is a gem 💎 
Thank you kind stranger",2022-10-29T16:15:03Z,2026-10-01T13:26:55.654381+00:00,0,1,,50c3d6e1e164a336a3e9cd3d0338edf7aac4c8d49149cab785aee996ed3453f8,,youtube-data-api-v3/commentThreads.list,,JrDNeM9p2J4,How To Place The PERFECT Stop loss #stoploss,TradingLab,,
youtube,TradingLab,JrDNeM9p2J4,https://www.youtube.com/watch?v=JrDNeM9p2J4,UgyooPhdaK2l5xHe22Z4AaABAg.9hlxuyyFwcx9ht9-ZN-tzp,I can teach you to use foreign exchange trading to make money and share accurate data.,2022-11-01T11:15:21Z,2026-10-01T13:26:55.654381+00:00,0,0,,0c9c4778bd29c359ba6540f7f0b8793eb569a50801d4596448fa317ec9680a86,UgyooPhdaK2l5xHe22Z4AaABAg,youtube-data-api-v3/commentThreads.list,,JrDNeM9p2J4,How To Place The PERFECT Stop loss #stoploss,TradingLab,,
youtube,TradingLab,JrDNeM9p2J4,https://www.youtube.com/watch?v=JrDNeM9p2J4,Ugzc6UAGKi28bhzSNoR4AaABAg,"Thank you. But generally I don't understand , why people keep on criticising the people who spent their  time to educate and help others.",2022-06-06T18:12:38Z,2026-10-01T13:26:55.654381+00:00,14,3,,f876975cdac5297b92eb796d3d8933c75189bcb62f50c3ecfa117d709c43ccb4,,youtube-data-api-v3/commentThreads.list,,JrDNeM9p2J4,How To Place The PERFECT Stop loss #stoploss,TradingLab,,
youtube,TradingLab,JrDNeM9p2J4,https://www.youtube.com/watch?v=JrDNeM9p2J4,Ugzc6UAGKi28bhzSNoR4AaABAg.9bwo6MpF7g49cf_Yog0ECN,"Lolz, u sound like they’re doing it for free",2022-06-24T22:09:45Z,2026-10-01T13:26:55.654381+00:00,1,0,,0d6c8a8dbc37a5135673d0a8b7d115fa8a3e1da76a54ef0593d584a9ac694b3a,Ugzc6UAGKi28bhzSNoR4AaABAg,youtube-data-api-v3/commentThreads.list,,JrDNeM9p2J4,How To Place The PERFECT Stop loss #stoploss,TradingLab,,
youtube,TradingLab,JrDNeM9p2J4,https://www.youtube.com/watch?v=JrDNeM9p2J4,Ugzc6UAGKi28bhzSNoR4AaABAg.9bwo6MpF7g49op1I2ixD8h,@JohnJV the point is they probably made more money from this then most people opening an account still great advice but the do be earning money from yt doing this,2023-04-22T20:30:46Z,2026-10-01T13:26:55.654381+00:00,0,0,,843e0046a94b69a72586dc7a37671040572bb4fab4e9099f2e3f5d758a44dc97,Ugzc6UAGKi28bhzSNoR4AaABAg,youtube-data-api-v3/commentThreads.list,,JrDNeM9p2J4,How To Place The PERFECT Stop loss #stoploss,TradingLab,,
youtube,TradingLab,JrDNeM9p2J4,https://www.youtube.com/watch?v=JrDNeM9p2J4,Ugzc6UAGKi28bhzSNoR4AaABAg.9bwo6MpF7g49sEpBgi2KvO,"​@batteactiveit is our choice to follow or unfollow any video, we can practice it though. 
And a reply for ur point is., there are many silly videos go viral and make money. But why not for videos that helping people really",2023-07-16T19:49:58Z,2026-10-01T13:26:55.654381+00:00,1,0,,f876975cdac5297b92eb796d3d8933c75189bcb62f50c3ecfa117d709c43ccb4,Ugzc6UAGKi28bhzSNoR4AaABAg,youtube-data-api-v3/commentThreads.list,,JrDNeM9p2J4,How To Place The PERFECT Stop loss #stoploss,TradingLab,,
youtube,TradingLab,JrDNeM9p2J4,https://www.youtube.com/watch?v=JrDNeM9p2J4,UgyPDzp9Kb6nG8PDHtd4AaABAg,"The more free content you post. The more it makes me wanna buy whatever course you’re selling,Because it shows you Genuinely want to help people",2022-11-08T02:54:47Z,2026-10-01T13:26:55.654381+00:00,0,1,,1a13687cef92259c18033d51457c61bc146c3d6a9c7f148ee42b45dbd914b044,,youtube-data-api-v3/commentThreads.list,,JrDNeM9p2J4,How To Place The PERFECT Stop loss #stoploss,TradingLab,,
youtube,TradingLab,JrDNeM9p2J4,https://www.youtube.com/watch?v=JrDNeM9p2J4,UgyPDzp9Kb6nG8PDHtd4AaABAg.9i9HHPIGAWx9iTD6kH507W,It’s not real time trading it’s fake,2022-11-15T20:43:11Z,2026-10-01T13:26:55.654381+00:00,0,0,,9f80d7a01a29ef059000d1301777ef29b5816c7c1b741f626ee689940b238b2d,UgyPDzp9Kb6nG8PDHtd4AaABAg,youtube-data-api-v3/commentThreads.list,,JrDNeM9p2J4,How To Place The PERFECT Stop loss #stoploss,TradingLab,,
youtube,TradingLab,JrDNeM9p2J4,https://www.youtube.com/watch?v=JrDNeM9p2J4,UgySU1aHcmsYttg2BkF4AaABAg,Manual stop limit 👍,2022-06-28T18:16:33Z,2026-10-01T13:26:55.654381+00:00,20,3,,3ff11aac0ebd4bfaf72ce12024c3c7889c00e02b566b86cb92aa43e845985378,,youtube-data-api-v3/commentThreads.list,,JrDNeM9p2J4,How To Place The PERFECT Stop loss #stoploss,TradingLab,,
youtube,TradingLab,JrDNeM9p2J4,https://www.youtube.com/watch?v=JrDNeM9p2J4,UgySU1aHcmsYttg2BkF4AaABAg.9cpT2FSmdrQ9eh5SIcXRSK,Agreed,2022-08-14T05:19:15Z,2026-10-01T13:26:55.654381+00:00,0,0,,ccc7ad801a0856780f34926b3e97d2a7dc91a195587d5d10acd381942c7f03c4,UgySU1aHcmsYttg2BkF4AaABAg,youtube-data-api-v3/commentThreads.list,,JrDNeM9p2J4,How To Place The PERFECT Stop loss #stoploss,TradingLab,,
youtube,TradingLab,JrDNeM9p2J4,https://www.youtube.com/watch?v=JrDNeM9p2J4,UgySU1aHcmsYttg2BkF4AaABAg.9cpT2FSmdrQ9iaM_kmFZ3u,"Sure it works, till you’re in the middle of a storm and no buyers are buying your shit.

Then suffer.",2022-11-19T00:39:51Z,2026-10-01T13:26:55.654381+00:00,0,0,,02ae2f82c22f3d1fb0db681f17d61b02e066b2d70a860004b2eef7503297793c,UgySU1aHcmsYttg2BkF4AaABAg,youtube-data-api-v3/commentThreads.list,,JrDNeM9p2J4,How To Place The PERFECT Stop loss #stoploss,TradingLab,,
youtube,TradingLab,JrDNeM9p2J4,https://www.youtube.com/watch?v=JrDNeM9p2J4,UgySU1aHcmsYttg2BkF4AaABAg.9cpT2FSmdrQA5gc3iH7N-Q,Works great until you lose Internet or  your software stops working. I know this pain.,2024-07-09T23:32:48Z,2026-10-01T13:26:55.654381+00:00,0,0,,6984d8b836cb64e845aec81232aa19ceb92e6db647177e0bcbb0c93a092bf9e7,UgySU1aHcmsYttg2BkF4AaABAg,youtube-data-api-v3/commentThreads.list,,JrDNeM9p2J4,How To Place The PERFECT Stop loss #stoploss,TradingLab,,
youtube,TradingLab,JrDNeM9p2J4,https://www.youtube.com/watch?v=JrDNeM9p2J4,UgwFo5VeCKgnrGdCIaB4AaABAg,nononsense trading taught me this,2022-11-04T21:25:39Z,2026-10-01T13:26:55.654381+00:00,2,0,,8169296c9ca474532da9984debbe13e573acb8468b422ac79eae863fc27973a7,,youtube-data-api-v3/commentThreads.list,,JrDNeM9p2J4,How To Place The PERFECT Stop loss #stoploss,TradingLab,,
youtube,TradingLab,JrDNeM9p2J4,https://www.youtube.com/watch?v=JrDNeM9p2J4,UgwGcr5nDylTLZ9iDP94AaABAg,You are a fucking beast man we appreciate you ❤️🤙🏽,2022-11-11T11:07:40Z,2026-10-01T13:26:55.654381+00:00,13,1,,0f703def4f72e70245d492800e412e10e81ac4d30bf75e8024c5f3db96668582,,youtube-data-api-v3/commentThreads.list,,JrDNeM9p2J4,How To Place The PERFECT Stop loss #stoploss,TradingLab,,
youtube,TradingLab,JrDNeM9p2J4,https://www.youtube.com/watch?v=JrDNeM9p2J4,UgwGcr5nDylTLZ9iDP94AaABAg.9iHt44Gb6zb9tSCSsFV0yk,I don't see that indicator,2023-08-15T21:03:33Z,2026-10-01T13:26:55.654381+00:00,0,0,,667b6d4e281350984082b13e3ba5f3a0082035b66bf78f0dd342e70dc5f2deab,UgwGcr5nDylTLZ9iDP94AaABAg,youtube-data-api-v3/commentThreads.list,,JrDNeM9p2J4,How To Place The PERFECT Stop loss #stoploss,TradingLab,,
youtube,TradingLab,JrDNeM9p2J4,https://www.youtube.com/watch?v=JrDNeM9p2J4,Ugz1FUMOvX4MuMtCIN14AaABAg,Love this page!!,2024-10-25T21:01:27Z,2026-10-01T13:26:55.654381+00:00,0,0,,e1a422f244160c31adb8d544cea47b9ed7283ef7a4ac1a8a96426e336caeafb6,,youtube-data-api-v3/commentThreads.list,,JrDNeM9p2J4,How To Place The PERFECT Stop loss #stoploss,TradingLab,,
youtube,TradingLab,JrDNeM9p2J4,https://www.youtube.com/watch?v=JrDNeM9p2J4,UgxtV4tEbWMzxO1JGpx4AaABAg,Yes it is called operator game. They bring price down to squeeze retail traders and make profit out of it and give loss to us.,2022-12-03T23:21:18Z,2026-10-01T13:26:55.654381+00:00,6,0,,2112ca672c7897096286844bc7eb3efbe9b86a87b7ca770ac27d0c1072c1622d,,youtube-data-api-v3/commentThreads.list,,JrDNeM9p2J4,How To Place The PERFECT Stop loss #stoploss,TradingLab,,
youtube,TradingLab,JrDNeM9p2J4,https://www.youtube.com/watch?v=JrDNeM9p2J4,Ugy8juKOifJXxUgw_rZ4AaABAg,"Too late to find this channel 🤧
But great for new start ❤
Thanks for the precious advice bud",2025-07-01T03:19:05Z,2026-10-01T13:26:55.654381+00:00,0,0,,e0f5a1b521dd606575f128e44a615521ec37e88fbb8866a70e5a2eb633427ad5,,youtube-data-api-v3/commentThreads.list,,JrDNeM9p2J4,How To Place The PERFECT Stop loss #stoploss,TradingLab,,
youtube,TradingLab,JrDNeM9p2J4,https://www.youtube.com/watch?v=JrDNeM9p2J4,UgzWWHIW2GWr2yKxXU14AaABAg,You lost me when you said “go to the indicators tab”. That’s never going to be the answer.,2023-04-15T01:16:54Z,2026-10-01T13:26:55.654381+00:00,6,0,,3d0ed79e77cb4b368995a379c87e5d80b4de46fa316b8cbc4d5191e66223351c,,youtube-data-api-v3/commentThreads.list,,JrDNeM9p2J4,How To Place The PERFECT Stop loss #stoploss,TradingLab,,
youtube,TradingLab,JrDNeM9p2J4,https://www.youtube.com/watch?v=JrDNeM9p2J4,UgwYNkQQ2JSVdJ2Xfc94AaABAg,Thanks man!,2022-06-03T17:50:14Z,2026-10-01T13:26:55.654381+00:00,2,1,,3f9c900172bb1cb8c420bdc7e0accd051ce3b418cdeb8d2deca881c08c572119,,youtube-data-api-v3/commentThreads.list,,JrDNeM9p2J4,How To Place The PERFECT Stop loss #stoploss,TradingLab,,
youtube,TradingLab,JrDNeM9p2J4,https://www.youtube.com/watch?v=JrDNeM9p2J4,UgzLZMcSIVOpR1DJ5Ph4AaABAg,I DID this and the stop loss still knocks me out just barely. There is no solution to this. The probability is still 50/50 unless you have extreme tight SL.,2023-11-01T15:59:31Z,2026-10-01T13:26:55.654381+00:00,10,3,,215df3e0947fc4fb2e547e027a4b955d04d4e2f3e3733ddeefd1bdb593b34892,,youtube-data-api-v3/commentThreads.list,,JrDNeM9p2J4,How To Place The PERFECT Stop loss #stoploss,TradingLab,,
youtube,TradingLab,JrDNeM9p2J4,https://www.youtube.com/watch?v=JrDNeM9p2J4,UgzLZMcSIVOpR1DJ5Ph4AaABAg.9w_VfC-TPfGA966juhLxkI,"dude 1 to 1 risk reward ratio. Dont let it be hit. If it works add a little bit to a trade, then you are at least break even, which is better than 90% of Traders",2024-10-02T20:04:00Z,2026-10-01T13:26:55.654381+00:00,0,0,,370eb86e5369f3a9e76f9c9dab66f94c750ed720f45395bbf32055886f21cff5,UgzLZMcSIVOpR1DJ5Ph4AaABAg,youtube-data-api-v3/commentThreads.list,,JrDNeM9p2J4,How To Place The PERFECT Stop loss #stoploss,TradingLab,,
youtube,TradingLab,JrDNeM9p2J4,https://www.youtube.com/watch?v=JrDNeM9p2J4,UgzLZMcSIVOpR1DJ5Ph4AaABAg.9w_VfC-TPfGA966p4wuNGu,"if it seems to go further than your TP, let it run, drag SL higher slowly. That way you will make more than what you lose",2024-10-02T20:04:43Z,2026-10-01T13:26:55.654381+00:00,0,0,,370eb86e5369f3a9e76f9c9dab66f94c750ed720f45395bbf32055886f21cff5,UgzLZMcSIVOpR1DJ5Ph4AaABAg,youtube-data-api-v3/commentThreads.list,,JrDNeM9p2J4,How To Place The PERFECT Stop loss #stoploss,TradingLab,,
youtube,TradingLab,JrDNeM9p2J4,https://www.youtube.com/watch?v=JrDNeM9p2J4,UgzLZMcSIVOpR1DJ5Ph4AaABAg.9w_VfC-TPfGA9GH0dN-3Ay,"Need to change your market approach, mate",2024-10-06T18:46:13Z,2026-10-01T13:26:55.654381+00:00,0,0,,b03585b10842c5a283a323a6935d6596c407c149b4bb2950479a3b7709b73188,UgzLZMcSIVOpR1DJ5Ph4AaABAg,youtube-data-api-v3/commentThreads.list,,JrDNeM9p2J4,How To Place The PERFECT Stop loss #stoploss,TradingLab,,
youtube,TradingLab,JrDNeM9p2J4,https://www.youtube.com/watch?v=JrDNeM9p2J4,UgwGNSOUbOF1CJixzi94AaABAg,This is why you should understand SMC in the first place,2024-08-14T06:25:59Z,2026-10-01T13:26:55.654381+00:00,0,0,,4d947b36a70eba45ca6b0c2d9dba48196da0ce35eac70736df6b4f9aec04b481,,youtube-data-api-v3/commentThreads.list,,JrDNeM9p2J4,How To Place The PERFECT Stop loss #stoploss,TradingLab,,
youtube,TradingLab,JrDNeM9p2J4,https://www.youtube.com/watch?v=JrDNeM9p2J4,UgwdhvkDuvR0PMxoXPd4AaABAg,Instant subscribe coz modern family😂,2023-06-12T07:35:23Z,2026-10-01T13:26:55.654381+00:00,3,1,,11651967436b5ce68148ebe4b7487132c1d429ea7de1ffe53fe549ba47651971,,youtube-data-api-v3/commentThreads.list,,JrDNeM9p2J4,How To Place The PERFECT Stop loss #stoploss,TradingLab,,
youtube,TradingLab,JrDNeM9p2J4,https://www.youtube.com/watch?v=JrDNeM9p2J4,UgwdhvkDuvR0PMxoXPd4AaABAg.9qqy5YDQi0W9rDb3r_S1Cj,Yeah because of jay 😂,2023-06-21T11:55:56Z,2026-10-01T13:26:55.654381+00:00,0,0,,496311d66ddc604589fcf26a481cf0bd3b622199092bbff640f7bfeff49dae7d,UgwdhvkDuvR0PMxoXPd4AaABAg,youtube-data-api-v3/commentThreads.list,,JrDNeM9p2J4,How To Place The PERFECT Stop loss #stoploss,TradingLab,,
youtube,TradingLab,JrDNeM9p2J4,https://www.youtube.com/watch?v=JrDNeM9p2J4,UgwKdUYxwC3iuWS1rdV4AaABAg,Nice trade❤,2026-01-16T08:52:14Z,2026-10-01T13:26:55.654381+00:00,1,0,,5d3eea2ab9a4bf8c869fcf383e75ab58b5b3359fba9cb8310f94a5bba66508cb,,youtube-data-api-v3/commentThreads.list,,JrDNeM9p2J4,How To Place The PERFECT Stop loss #stoploss,TradingLab,,
youtube,TradingLab,JrDNeM9p2J4,https://www.youtube.com/watch?v=JrDNeM9p2J4,UgwKoRKCNO-Lyq_zcr14AaABAg,Ahhh stop loss hunting,2022-06-25T14:47:49Z,2026-10-01T13:26:55.654381+00:00,5,0,,14aa6acd9d28b891cdd55643ae1a118ced4e8db7629bf8e3f6d973f058f86ea9,,youtube-data-api-v3/commentThreads.list,,JrDNeM9p2J4,How To Place The PERFECT Stop loss #stoploss,TradingLab,,
youtube,TradingLab,JrDNeM9p2J4,https://www.youtube.com/watch?v=JrDNeM9p2J4,UgytwQGN1BEdT7WQh494AaABAg,Love the sauce 🙏,2022-11-20T05:32:37Z,2026-10-01T13:26:55.654381+00:00,1,0,,5385e9c293102af788e909cccf41c9a1e65ed0393f088d34010b4acd35a452e8,,youtube-data-api-v3/commentThreads.list,,JrDNeM9p2J4,How To Place The PERFECT Stop loss #stoploss,TradingLab,,
youtube,TradingLab,JrDNeM9p2J4,https://www.youtube.com/watch?v=JrDNeM9p2J4,UgxlXpLkgMzMu8SDOm54AaABAg,"One thing you guys need to understand is liquidity, and only then you'll come to realise why you were stopped out...",2022-06-17T14:37:09Z,2026-10-01T13:26:55.654381+00:00,68,15,,d6875f8b4339eba37e277afcfb5adfb10a97105bbb4dea8c73638218f1973a16,,youtube-data-api-v3/commentThreads.list,,JrDNeM9p2J4,How To Place The PERFECT Stop loss #stoploss,TradingLab,,
youtube,TradingLab,JrDNeM9p2J4,https://www.youtube.com/watch?v=JrDNeM9p2J4,UgxlXpLkgMzMu8SDOm54AaABAg.9cNkBhJhAJN9cZmuKwqC79,When they find out it will change everything for them,2022-06-22T06:51:44Z,2026-10-01T13:26:55.654381+00:00,1,0,,3e65211eae8a58a5b1c9c9274c63cdb9bc2a600f4ad52a31da168f65000b3e55,UgxlXpLkgMzMu8SDOm54AaABAg,youtube-data-api-v3/commentThreads.list,,JrDNeM9p2J4,How To Place The PERFECT Stop loss #stoploss,TradingLab,,
youtube,TradingLab,JrDNeM9p2J4,https://www.youtube.com/watch?v=JrDNeM9p2J4,UgxlXpLkgMzMu8SDOm54AaABAg.9cNkBhJhAJN9cxD-x31LDz,tell more,2022-07-01T18:30:20Z,2026-10-01T13:26:55.654381+00:00,0,0,,7fec3a1428df12330e0c27f84ba414803cd02390a6027a65d80399a1afa552de,UgxlXpLkgMzMu8SDOm54AaABAg,youtube-data-api-v3/commentThreads.list,,JrDNeM9p2J4,How To Place The PERFECT Stop loss #stoploss,TradingLab,,
youtube,TradingLab,JrDNeM9p2J4,https://www.youtube.com/watch?v=JrDNeM9p2J4,UgxlXpLkgMzMu8SDOm54AaABAg.9cNkBhJhAJN9cxDM2rNHIB,@Adar195 look up ICT,2022-07-01T18:33:22Z,2026-10-01T13:26:55.654381+00:00,1,0,,3e65211eae8a58a5b1c9c9274c63cdb9bc2a600f4ad52a31da168f65000b3e55,UgxlXpLkgMzMu8SDOm54AaABAg,youtube-data-api-v3/commentThreads.list,,JrDNeM9p2J4,How To Place The PERFECT Stop loss #stoploss,TradingLab,,
youtube,TradingLab,JrDNeM9p2J4,https://www.youtube.com/watch?v=JrDNeM9p2J4,UgxlXpLkgMzMu8SDOm54AaABAg.9cNkBhJhAJN9cy65bFrkIo,"@Adar195 essentially, institutions trade with such large amounts of volume, now I'm sure you understand, for every buyer there needs to be a seller, vice versa. Now institutions cannot trade as regular, as there's no participant willing to buy or sell their moves, so essentially, institutions have to manipulate the market, stopping out all retail members, which in return creates liquidity, and this liquidity is basically like a key which gives them access to make their next move...

If you do not know what I mean by institutions and retail, a quick Google search will do the trick.

God bless 🙏🏽",2022-07-02T02:49:11Z,2026-10-01T13:26:55.654381+00:00,29,0,,d6875f8b4339eba37e277afcfb5adfb10a97105bbb4dea8c73638218f1973a16,UgxlXpLkgMzMu8SDOm54AaABAg,youtube-data-api-v3/commentThreads.list,,JrDNeM9p2J4,How To Place The PERFECT Stop loss #stoploss,TradingLab,,
youtube,TradingLab,JrDNeM9p2J4,https://www.youtube.com/watch?v=JrDNeM9p2J4,UgxlXpLkgMzMu8SDOm54AaABAg.9cNkBhJhAJN9czV48iSI-i,"Liquidity, supply and demand can’t miss",2022-07-02T15:46:41Z,2026-10-01T13:26:55.654381+00:00,9,0,,2accf1ae971a3338a19ab528def76ce56a258d0a5847278c33bf6efd29fe940e,UgxlXpLkgMzMu8SDOm54AaABAg,youtube-data-api-v3/commentThreads.list,,JrDNeM9p2J4,How To Place The PERFECT Stop loss #stoploss,TradingLab,,
youtube,TradingLab,JrDNeM9p2J4,https://www.youtube.com/watch?v=JrDNeM9p2J4,UgzJ7-qsyW9pFaxT7bx4AaABAg,Thank you man,2022-06-14T04:53:48Z,2026-10-01T13:26:55.654381+00:00,1,0,,c3414b86ea5fca6ab9225fa1edc8d60ac2c1728d1bebb291f87e745ecca52efc,,youtube-data-api-v3/commentThreads.list,,JrDNeM9p2J4,How To Place The PERFECT Stop loss #stoploss,TradingLab,,
youtube,TradingLab,JrDNeM9p2J4,https://www.youtube.com/watch?v=JrDNeM9p2J4,UgwJ_W9lmWhO3TAlVWt4AaABAg,U gotta be stopped out even if you use the str,2022-07-03T13:00:47Z,2026-10-01T13:26:55.654381+00:00,18,0,,21acde2790ba61396ae1d12b788fca509bf3e920bd5c29b49dfc4f7a7fde95fe,,youtube-data-api-v3/commentThreads.list,,JrDNeM9p2J4,How To Place The PERFECT Stop loss #stoploss,TradingLab,,
youtube,TradingLab,JrDNeM9p2J4,https://www.youtube.com/watch?v=JrDNeM9p2J4,UgwJ8N9Q2KkdECZtnDN4AaABAg,That liquidity sweep was ungodly,2024-12-26T04:06:15Z,2026-10-01T13:26:55.654381+00:00,0,0,,951ebe3e67e8d0e36b5e4aae62df0f09b9c5a0fb4986677a20c487258955bf3d,,youtube-data-api-v3/commentThreads.list,,JrDNeM9p2J4,How To Place The PERFECT Stop loss #stoploss,TradingLab,,
youtube,TradingLab,JrDNeM9p2J4,https://www.youtube.com/watch?v=JrDNeM9p2J4,UgwqqZaDwmGS09uEiOZ4AaABAg,just don’t place ur sl on top of a gap 😂,2023-03-22T02:10:27Z,2026-10-01T13:26:55.654381+00:00,24,5,,814ffd32b4fcfcc56a2c8b8d7e9c09ec50cf72bf981eff52fbc3ef7f6d2ad3da,,youtube-data-api-v3/commentThreads.list,,JrDNeM9p2J4,How To Place The PERFECT Stop loss #stoploss,TradingLab,,
youtube,TradingLab,JrDNeM9p2J4,https://www.youtube.com/watch?v=JrDNeM9p2J4,UgwqqZaDwmGS09uEiOZ4AaABAg.9nYEizM2YJC9sE-_3XPXWH,Exactly 😂,2023-07-16T12:10:11Z,2026-10-01T13:26:55.654381+00:00,1,0,,7fbf2442319f9d0009cf38eb21510685978626d4192a31a4e3da27e9556cc776,UgwqqZaDwmGS09uEiOZ4AaABAg,youtube-data-api-v3/commentThreads.list,,JrDNeM9p2J4,How To Place The PERFECT Stop loss #stoploss,TradingLab,,
youtube,TradingLab,JrDNeM9p2J4,https://www.youtube.com/watch?v=JrDNeM9p2J4,UgwqqZaDwmGS09uEiOZ4AaABAg.9nYEizM2YJC9tE3n8Iy99X,can u explain more pls. thanks in advance,2023-08-10T09:18:27Z,2026-10-01T13:26:55.654381+00:00,0,0,,845a852e1b12a69a6c7369734b2a32281f7068a48cacad42fad19bbb93b027b5,UgwqqZaDwmGS09uEiOZ4AaABAg,youtube-data-api-v3/commentThreads.list,,JrDNeM9p2J4,How To Place The PERFECT Stop loss #stoploss,TradingLab,,
youtube,TradingLab,JrDNeM9p2J4,https://www.youtube.com/watch?v=JrDNeM9p2J4,UgwqqZaDwmGS09uEiOZ4AaABAg.9nYEizM2YJC9tPQNKB38Wn,"@vaurera​​⁠the gap is full of liquidity (high speed order volume that hasn’t been balanced). Price will usually dip into these areas to satisfy imbalance before more orders can stack to continue motion. This is why a bull flag stair steps down (grabbing liquidity=satisfying imbalance) then shoots up once the satisfactory balance is met.

Welcome 💪🏾",2023-08-14T19:07:25Z,2026-10-01T13:26:55.654381+00:00,6,0,,00b367588e7d81e6b29eb764c6738842383eed7da4fb772d61f4d1c24180c504,UgwqqZaDwmGS09uEiOZ4AaABAg,youtube-data-api-v3/commentThreads.list,,JrDNeM9p2J4,How To Place The PERFECT Stop loss #stoploss,TradingLab,,
youtube,TradingLab,JrDNeM9p2J4,https://www.youtube.com/watch?v=JrDNeM9p2J4,UgwqqZaDwmGS09uEiOZ4AaABAg.9nYEizM2YJC9tPSdgbS4VP,"@vaurerap.s. WICKS are visual cue to know when liquidity imbalance is satisfied, pin your entry on a hood wick that is leaving the order flow zones (gaps/straight movement = no structure). The wick is the necessary structure we should use to know when the proper structure has been gained after a large continuous price motion

Welcome to the club 🎉",2023-08-14T19:27:15Z,2026-10-01T13:26:55.654381+00:00,3,0,,00b367588e7d81e6b29eb764c6738842383eed7da4fb772d61f4d1c24180c504,UgwqqZaDwmGS09uEiOZ4AaABAg,youtube-data-api-v3/commentThreads.list,,JrDNeM9p2J4,How To Place The PERFECT Stop loss #stoploss,TradingLab,,
youtube,TradingLab,JrDNeM9p2J4,https://www.youtube.com/watch?v=JrDNeM9p2J4,UgwqqZaDwmGS09uEiOZ4AaABAg.9nYEizM2YJCAVmUTMIh5ZG,"​@vaurera If you use fibonnici you'll see that there's a liquidity area between the 61 and 50 levels, people tend to buy as price touch those lbls and that's a huge mistake as the levels aren't individual, both act as a single zone for liquidity, price almost always sweep that area clean before reversing and going to the intended direction. I used to get stopped out alot because of this shit until I learnt this, I still get stopped out but not as much as I used to, so I catch way more moves. Just treat those two areas as a single gap and watch how price behaves around them before u enter, wait for the sweep and you're clear",2026-04-19T11:49:20Z,2026-10-01T13:26:55.654381+00:00,0,0,,375bb68a459b1b454286fdd597d9b5b66a5bc09b2f704030b7dc6e462f0b3abb,UgwqqZaDwmGS09uEiOZ4AaABAg,youtube-data-api-v3/commentThreads.list,,JrDNeM9p2J4,How To Place The PERFECT Stop loss #stoploss,TradingLab,,
youtube,TradingLab,JrDNeM9p2J4,https://www.youtube.com/watch?v=JrDNeM9p2J4,UgzzGi-HbBUm43HSIIB4AaABAg,"thanks for sharing knowledge, i'm beginner who joined the nfc community",2023-08-22T09:08:00Z,2026-10-01T13:26:55.654381+00:00,0,0,,220df10a456f072104b2647433aec4bcbedf83a89b6cfe8b57386c241c03310d,,youtube-data-api-v3/commentThreads.list,,JrDNeM9p2J4,How To Place The PERFECT Stop loss #stoploss,TradingLab,,
youtube,TradingLab,JrDNeM9p2J4,https://www.youtube.com/watch?v=JrDNeM9p2J4,UgyR8PzZlK2B7XYOEHB4AaABAg,How do u place a stop loss....I don't see that option on my trade form on Fidelity....,2024-10-20T15:07:06Z,2026-10-01T13:26:55.654381+00:00,3,0,,cd9c8295531eb6ac97b7d4d7fa68b8c228b9e939be4821619f615266dd1d7518,,youtube-data-api-v3/commentThreads.list,,JrDNeM9p2J4,How To Place The PERFECT Stop loss #stoploss,TradingLab,,
youtube,TradingLab,JrDNeM9p2J4,https://www.youtube.com/watch?v=JrDNeM9p2J4,Ugw40RskkJfj5Fi1xPp4AaABAg,You also had a fair value gap where price retested & price went back up,2025-04-29T01:01:44Z,2026-10-01T13:26:55.654381+00:00,0,0,,f44f94593aaf5423901a11ea38d0acdeb9ce30f6ec9f95d51e5edeb9f6fc9dae,,youtube-data-api-v3/commentThreads.list,,JrDNeM9p2J4,How To Place The PERFECT Stop loss #stoploss,TradingLab,,
youtube,TradingLab,JrDNeM9p2J4,https://www.youtube.com/watch?v=JrDNeM9p2J4,Ugy-xWs3Fyd4XtPK8J54AaABAg,So basically pick a stop loss based on your gut feeling. Then set it just a bit lower than that? Got it!,2022-11-20T20:35:26Z,2026-10-01T13:26:55.654381+00:00,29,6,,525f3240fc61442c013b1d51e3092a248733c27119de20d6dba3e63603d44905,,youtube-data-api-v3/commentThreads.list,,JrDNeM9p2J4,How To Place The PERFECT Stop loss #stoploss,TradingLab,,
youtube,TradingLab,JrDNeM9p2J4,https://www.youtube.com/watch?v=JrDNeM9p2J4,Ugy-xWs3Fyd4XtPK8J54AaABAg.9if4CQnJVDF9ip1SP-uUv2,awesome this made my losses grow by 50%,2022-11-24T17:23:49Z,2026-10-01T13:26:55.654381+00:00,18,0,,7dbbde4f9bb25884bd5d311d3a5206f77e961e7718b92e456e24b9b2f0266c8c,Ugy-xWs3Fyd4XtPK8J54AaABAg,youtube-data-api-v3/commentThreads.list,,JrDNeM9p2J4,How To Place The PERFECT Stop loss #stoploss,TradingLab,,
youtube,TradingLab,JrDNeM9p2J4,https://www.youtube.com/watch?v=JrDNeM9p2J4,Ugy-xWs3Fyd4XtPK8J54AaABAg.9if4CQnJVDF9iy0NiP9xj3,Exactly,2022-11-28T05:07:36Z,2026-10-01T13:26:55.654381+00:00,0,0,,e1b384a15ea386bff40a3f060809350eb519363f494e11ab8e37c24d67266bd3,Ugy-xWs3Fyd4XtPK8J54AaABAg,youtube-data-api-v3/commentThreads.list,,JrDNeM9p2J4,How To Place The PERFECT Stop loss #stoploss,TradingLab,,
youtube,TradingLab,JrDNeM9p2J4,https://www.youtube.com/watch?v=JrDNeM9p2J4,Ugy-xWs3Fyd4XtPK8J54AaABAg.9if4CQnJVDF9iz58wOcexv,"Now I'm not really sure about how much I believe in this technique, but the original stop loss is not chosen by ""gut feeling."" You put your stop loss one tick below (or above) the most recent candle swing. If price is going up and every swing creates a higher low, then putting your stop loss one tick below the last swing (last low) will prevent you from getting stopped (you hope anyways haha.) Thats the strategy most traders use for placing their stop loss's. Same rule applies when you are chasing a runner",2022-11-28T15:08:31Z,2026-10-01T13:26:55.654381+00:00,7,0,,8a16fb0ac8a04b6ba8dbb673de5543a4ade2b55d50eae146e1d7e8106fb0d691,Ugy-xWs3Fyd4XtPK8J54AaABAg,youtube-data-api-v3/commentThreads.list,,JrDNeM9p2J4,How To Place The PERFECT Stop loss #stoploss,TradingLab,,
youtube,TradingLab,JrDNeM9p2J4,https://www.youtube.com/watch?v=JrDNeM9p2J4,Ugy-xWs3Fyd4XtPK8J54AaABAg.9if4CQnJVDF9j6ADPvgDS8,This!!,2022-12-01T18:26:44Z,2026-10-01T13:26:55.654381+00:00,0,0,,ea0279b85ceebfe08bef4c1f97316dee62802891e6385537ca02e09ea0f112e6,Ugy-xWs3Fyd4XtPK8J54AaABAg,youtube-data-api-v3/commentThreads.list,,JrDNeM9p2J4,How To Place The PERFECT Stop loss #stoploss,TradingLab,,
youtube,TradingLab,JrDNeM9p2J4,https://www.youtube.com/watch?v=JrDNeM9p2J4,Ugy-xWs3Fyd4XtPK8J54AaABAg.9if4CQnJVDF9j6BDKNn5-3,Nah to be honest i have already tried this on the Forex market and it doesnt work you will get stopped out..the market manipulation is out of control! The big banks and smart money can see where all the retailer have their stop loss and take prof..so the will always swing low and wipe out the retailer traders before continuing on the uptrend..ive seen it a thousand times,2022-12-01T18:35:28Z,2026-10-01T13:26:55.654381+00:00,0,0,,e1b384a15ea386bff40a3f060809350eb519363f494e11ab8e37c24d67266bd3,Ugy-xWs3Fyd4XtPK8J54AaABAg,youtube-data-api-v3/commentThreads.list,,JrDNeM9p2J4,How To Place The PERFECT Stop loss #stoploss,TradingLab,,
youtube,TradingLab,JrDNeM9p2J4,https://www.youtube.com/watch?v=JrDNeM9p2J4,UgxvgfAfKy8I3YHZwaV4AaABAg,Every week. Every day. And it won't stop.,2023-06-27T09:38:05Z,2026-10-01T13:26:55.654381+00:00,0,0,,b7b139e7946a8d4a3a3adfb792255f9a0b77ebc95ca725e86264cf4214012e8c,,youtube-data-api-v3/commentThreads.list,,JrDNeM9p2J4,How To Place The PERFECT Stop loss #stoploss,TradingLab,,
youtube,TradingLab,JrDNeM9p2J4,https://www.youtube.com/watch?v=JrDNeM9p2J4,UgynTNpRZQUvjGj7Hbl4AaABAg,You can literally just wait for the retest and put your stop even lower than originally,2022-11-27T19:37:59Z,2026-10-01T13:26:55.654381+00:00,24,1,,d3d545a0af63e9040d20aaca65aae8a7e705d7d968593c205957490a79a4d1d2,,youtube-data-api-v3/commentThreads.list,,JrDNeM9p2J4,How To Place The PERFECT Stop loss #stoploss,TradingLab,,
youtube,TradingLab,JrDNeM9p2J4,https://www.youtube.com/watch?v=JrDNeM9p2J4,UgynTNpRZQUvjGj7Hbl4AaABAg.9ix-BhzLAZ-9kCBkFx5bjV,Or you can literally just do what he just said,2022-12-28T23:06:56Z,2026-10-01T13:26:55.654381+00:00,2,0,,8d37951ac91b2f547016f0896fd9928f4f7e4e5a59151a551e18042fda15b43b,UgynTNpRZQUvjGj7Hbl4AaABAg,youtube-data-api-v3/commentThreads.list,,JrDNeM9p2J4,How To Place The PERFECT Stop loss #stoploss,TradingLab,,
youtube,TradingLab,JrDNeM9p2J4,https://www.youtube.com/watch?v=JrDNeM9p2J4,Ugzlf1GyXvFAFSPXocl4AaABAg,good luck putting the line in the exact correct possition.,2023-04-26T21:23:14Z,2026-10-01T13:26:55.654381+00:00,0,0,,fe1ad7dae68c30fd829417944fbf1dad0f2efc6988a438081d980408d1d9d87d,,youtube-data-api-v3/commentThreads.list,,JrDNeM9p2J4,How To Place The PERFECT Stop loss #stoploss,TradingLab,,
youtube,TradingLab,JrDNeM9p2J4,https://www.youtube.com/watch?v=JrDNeM9p2J4,UgwfpJyp6bUDoHXrls14AaABAg,that stop loss is literally exactly where I was going to put my stop loss. I must have an internal atr in my brain lol,2023-01-07T05:58:49Z,2026-10-01T13:26:55.654381+00:00,13,0,,60b60a84154d5cf851e64e21e2ba3c37ca6bf00a944f656793821aa5f279cfb8,,youtube-data-api-v3/commentThreads.list,,JrDNeM9p2J4,How To Place The PERFECT Stop loss #stoploss,TradingLab,,
youtube,TradingLab,JrDNeM9p2J4,https://www.youtube.com/watch?v=JrDNeM9p2J4,UgzLgtFk1Qeknccl_GR4AaABAg,this is actually good.,2022-11-21T15:05:13Z,2026-10-01T13:26:55.654381+00:00,0,0,,628d88032c716e51566c2997e0289923c25cb22976a194765bb665714c221fb0,,youtube-data-api-v3/commentThreads.list,,JrDNeM9p2J4,How To Place The PERFECT Stop loss #stoploss,TradingLab,,
youtube,TradingLab,JrDNeM9p2J4,https://www.youtube.com/watch?v=JrDNeM9p2J4,UgyKCb2IOxZF37gTybt4AaABAg,Hi do you do trading on behalf of other people (The Trading Lab),2022-06-08T18:16:21Z,2026-10-01T13:26:55.654381+00:00,5,1,,8fb28331c5023ffeac38f4c5d961ef69c9c55c4e1549936cc989247b62a4e3c9,,youtube-data-api-v3/commentThreads.list,,JrDNeM9p2J4,How To Place The PERFECT Stop loss #stoploss,TradingLab,,
youtube,TradingLab,JrDNeM9p2J4,https://www.youtube.com/watch?v=JrDNeM9p2J4,UgyKCb2IOxZF37gTybt4AaABAg.9c0y7KhpB9b9c3oJ1pmCEQ,I'm  a Nigerian  thou,2022-06-09T20:48:17Z,2026-10-01T13:26:55.654381+00:00,0,0,,2d9efbd882846a9cd5e87a30ddcfaf09d17465ea9fc3e406e215e45aed94582e,UgyKCb2IOxZF37gTybt4AaABAg,youtube-data-api-v3/commentThreads.list,,JrDNeM9p2J4,How To Place The PERFECT Stop loss #stoploss,TradingLab,,
youtube,TradingLab,JrDNeM9p2J4,https://www.youtube.com/watch?v=JrDNeM9p2J4,UgzLmXWAGB5htnvRP714AaABAg,Thanks!,2022-12-01T08:06:59Z,2026-10-01T13:26:55.654381+00:00,2,0,,5798cff89eaaa691820b05ce82f11ccb94f6ba8ab268dbb1ae31a517050a31a2,,youtube-data-api-v3/commentThreads.list,,JrDNeM9p2J4,How To Place The PERFECT Stop loss #stoploss,TradingLab,,
youtube,TradingLab,JrDNeM9p2J4,https://www.youtube.com/watch?v=JrDNeM9p2J4,UgxFLO2gHKAbvawy3AB4AaABAg,Cause y’all don’t know where to set stop losses💀,2022-08-09T15:48:59Z,2026-10-01T13:26:55.654381+00:00,5,0,,38d3712f94f3efa8f3a94664190dcd11bfc927737c216c228f2873197da494c7,,youtube-data-api-v3/commentThreads.list,,JrDNeM9p2J4,How To Place The PERFECT Stop loss #stoploss,TradingLab,,
youtube,TradingLab,JrDNeM9p2J4,https://www.youtube.com/watch?v=JrDNeM9p2J4,Ugz0v8-HoRgi6o_nmlV4AaABAg,Good technical analysic,2024-11-10T10:24:57Z,2026-10-01T13:26:55.654381+00:00,0,0,,fe59972048c84ab82b3d663551cea761a892afd52c7c5448a6c93d225489917e,,youtube-data-api-v3/commentThreads.list,,JrDNeM9p2J4,How To Place The PERFECT Stop loss #stoploss,TradingLab,,
youtube,TradingLab,JrDNeM9p2J4,https://www.youtube.com/watch?v=JrDNeM9p2J4,UgzXVrt0q0IY4ZVfDT14AaABAg,If you are worrying about your stop loss its because you took a trade at poor value and have to have a longer stop loss as a result. You need to be willing to wait for the price to come to you on the edge or outside of its range then you can afford a better stop loss in relation to the current range of the market. Its all about patience and not giving in to fomo. Easier said then done though.,2022-08-17T21:07:16Z,2026-10-01T13:26:55.654381+00:00,38,6,,44c8d30634efddcbf7e2c5d889630f96e5e22bd34b76c5c4353f72fc5fbef078,,youtube-data-api-v3/commentThreads.list,,JrDNeM9p2J4,How To Place The PERFECT Stop loss #stoploss,TradingLab,,
youtube,TradingLab,JrDNeM9p2J4,https://www.youtube.com/watch?v=JrDNeM9p2J4,UgzXVrt0q0IY4ZVfDT14AaABAg.9eqWKPCGoN19fgMt1jG-04,Well said,2022-09-07T19:03:44Z,2026-10-01T13:26:55.654381+00:00,1,0,,df102ede0c61ac6c45c2b5d2efe28be4266ef74abc6c702b125ef250c1996566,UgzXVrt0q0IY4ZVfDT14AaABAg,youtube-data-api-v3/commentThreads.list,,JrDNeM9p2J4,How To Place The PERFECT Stop loss #stoploss,TradingLab,,
youtube,TradingLab,JrDNeM9p2J4,https://www.youtube.com/watch?v=JrDNeM9p2J4,UgzXVrt0q0IY4ZVfDT14AaABAg.9eqWKPCGoN19m6FhcMhCqh,👏👏👏 I have to keep reminding myself of this,2023-02-14T08:48:52Z,2026-10-01T13:26:55.654381+00:00,1,0,,3b41d3c13aedbfc01962c5223feeb4e633c837578f67c8b757aab6d172b42f2f,UgzXVrt0q0IY4ZVfDT14AaABAg,youtube-data-api-v3/commentThreads.list,,JrDNeM9p2J4,How To Place The PERFECT Stop loss #stoploss,TradingLab,,
youtube,TradingLab,JrDNeM9p2J4,https://www.youtube.com/watch?v=JrDNeM9p2J4,UgzXVrt0q0IY4ZVfDT14AaABAg.9eqWKPCGoN1A0u7Wc7lm2l,"I have this problem, i see the charts going to the opposite direction as soon as i enter 😂🙈",2024-03-12T22:49:31Z,2026-10-01T13:26:55.654381+00:00,1,0,,beecf443a0b0edd3e643f43c4a50be3667d28a9e06d4ef052252a1517523129a,UgzXVrt0q0IY4ZVfDT14AaABAg,youtube-data-api-v3/commentThreads.list,,JrDNeM9p2J4,How To Place The PERFECT Stop loss #stoploss,TradingLab,,
youtube,TradingLab,JrDNeM9p2J4,https://www.youtube.com/watch?v=JrDNeM9p2J4,UgzXVrt0q0IY4ZVfDT14AaABAg.9eqWKPCGoN1A0zsijs5neG,"Yes and no. They are 2 different systems. System in video is safe SL, with bigger targets. Your system of your description is narrow SL with unsafe targets. The problem is often you will miss the trade because you aren't in the market. SL levels fall within a given system. Mine actually makes the SL at a definite target, as though I want it to be hit, with a narrow entry. I miss trades but don't have to set a safe SL, the way you described.",2024-03-15T04:26:56Z,2026-10-01T13:26:55.654381+00:00,0,0,,58a52e94f37d8b28dbee844b56ec832c05bdf08fef0e49fdee732839d1912d98,UgzXVrt0q0IY4ZVfDT14AaABAg,youtube-data-api-v3/commentThreads.list,,JrDNeM9p2J4,How To Place The PERFECT Stop loss #stoploss,TradingLab,,
youtube,TradingLab,JrDNeM9p2J4,https://www.youtube.com/watch?v=JrDNeM9p2J4,UgzXVrt0q0IY4ZVfDT14AaABAg.9eqWKPCGoN1AA2W11k3yTN,"@benbraceletspurple9108
Hey can you further describe how you enter a trade and set your SL? I think I’m following but not sure, probably not lol, but sounds interesting sorry your comment is like 7 months old but I just saw this",2024-10-26T06:59:22Z,2026-10-01T13:26:55.654381+00:00,0,0,,0b492766550d3d8c7d930320981f7a8aac050be160d8ba5f8af2bd5517ad8083,UgzXVrt0q0IY4ZVfDT14AaABAg,youtube-data-api-v3/commentThreads.list,,JrDNeM9p2J4,How To Place The PERFECT Stop loss #stoploss,TradingLab,,
youtube,TradingLab,JrDNeM9p2J4,https://www.youtube.com/watch?v=JrDNeM9p2J4,UgwHkNg0bju2yUnlclN4AaABAg,"it came down there to fill the wick imbalance from the low wick to the high wick on the green candles inbetween the red lines.  We trade in a fair market system, so sellers and buyers have to be given the change to buy/sell at the same price   the downward tick there was just to fill the wick imbalance and then keep pushing in the intended direction",2022-09-10T13:58:36Z,2026-10-01T13:26:55.654381+00:00,1,0,,c7345c8019a75e69dceb1d123247d9bfe2998355a2f6eed053f871228a31da37,,youtube-data-api-v3/commentThreads.list,,JrDNeM9p2J4,How To Place The PERFECT Stop loss #stoploss,TradingLab,,
youtube,TradingLab,JrDNeM9p2J4,https://www.youtube.com/watch?v=JrDNeM9p2J4,UgyH3fn-WlL3RGIdFu14AaABAg,Thanks for the video,2023-02-21T23:12:59Z,2026-10-01T13:26:55.654381+00:00,35,30,,f686ae5700cff252d14542fb13216eb823f86a6f8ddcb146c3f2f2de2aebab07,,youtube-data-api-v3/commentThreads.list,,JrDNeM9p2J4,How To Place The PERFECT Stop loss #stoploss,TradingLab,,
youtube,TradingLab,JrDNeM9p2J4,https://www.youtube.com/watch?v=JrDNeM9p2J4,UgyH3fn-WlL3RGIdFu14AaABAg.9mPp9dt4mbx9mPpQAlGIta,"invest more. don't give up your dreams.
people wants to do what the 99% does
but wants to get results that are fit for
the 1% but it doesn't work that way.",2023-02-21T23:15:14Z,2026-10-01T13:26:55.654381+00:00,0,0,,d19a8ba29588aab38ac952ad3a1b2f4bf49265b9d6eb0d2165bde068b16220f1,UgyH3fn-WlL3RGIdFu14AaABAg,youtube-data-api-v3/commentThreads.list,,JrDNeM9p2J4,How To Place The PERFECT Stop loss #stoploss,TradingLab,,
youtube,TradingLab,JrDNeM9p2J4,https://www.youtube.com/watch?v=JrDNeM9p2J4,UgyH3fn-WlL3RGIdFu14AaABAg.9mPp9dt4mbx9mPpV-aTVnu,"Sometimes i wonder how people get
rich at these days.",2023-02-21T23:15:53Z,2026-10-01T13:26:55.654381+00:00,0,0,,f686ae5700cff252d14542fb13216eb823f86a6f8ddcb146c3f2f2de2aebab07,UgyH3fn-WlL3RGIdFu14AaABAg,youtube-data-api-v3/commentThreads.list,,JrDNeM9p2J4,How To Place The PERFECT Stop loss #stoploss,TradingLab,,
youtube,TradingLab,JrDNeM9p2J4,https://www.youtube.com/watch?v=JrDNeM9p2J4,UgyH3fn-WlL3RGIdFu14AaABAg.9mPp9dt4mbx9mPpkBBrOz7,"Knowledge is the greatest commodity
investment is the quickest path to
financial freedom, the rich stays rich by
spendinglike the poor yet ... Read more",2023-02-21T23:18:06Z,2026-10-01T13:26:55.654381+00:00,0,0,,168e8cad4cd9700a5e978d8923686d46549b1d2fc8da0ab03c8c3523414e2523,UgyH3fn-WlL3RGIdFu14AaABAg,youtube-data-api-v3/commentThreads.list,,JrDNeM9p2J4,How To Place The PERFECT Stop loss #stoploss,TradingLab,,
youtube,TradingLab,JrDNeM9p2J4,https://www.youtube.com/watch?v=JrDNeM9p2J4,UgyH3fn-WlL3RGIdFu14AaABAg.9mPp9dt4mbx9mPqMESWfLb,"Yeah that's true, everyone knows that
she's the best so you guys should try
ALISA and come with your testimony
okay",2023-02-21T23:23:26Z,2026-10-01T13:26:55.654381+00:00,0,0,,59bada30b0340ca0b3dbbddd8c5c55c9097b752afecf16f0de09d8e67678480f,UgyH3fn-WlL3RGIdFu14AaABAg,youtube-data-api-v3/commentThreads.list,,JrDNeM9p2J4,How To Place The PERFECT Stop loss #stoploss,TradingLab,,
youtube,TradingLab,JrDNeM9p2J4,https://www.youtube.com/watch?v=JrDNeM9p2J4,UgyH3fn-WlL3RGIdFu14AaABAg.9mPp9dt4mbx9mPqqN5v18C,I've never heard or seen any of her clients complain of lost.,2023-02-21T23:27:41Z,2026-10-01T13:26:55.654381+00:00,0,0,,21e6a04cd19c81642354487c0b6b90eb051b3aa6d4926761a582e5fb9e72cf14,UgyH3fn-WlL3RGIdFu14AaABAg,youtube-data-api-v3/commentThreads.list,,JrDNeM9p2J4,How To Place The PERFECT Stop loss #stoploss,TradingLab,,
youtube,TradingLab,JrDNeM9p2J4,https://www.youtube.com/watch?v=JrDNeM9p2J4,Ugy_n3d2m0guu1QAaNF4AaABAg,Put it under the fair value gap (FVG),2022-12-20T16:10:40Z,2026-10-01T13:26:55.654381+00:00,1,0,,73ecd071d4aa612f2a914563708452579f63ce3e4a0d83030a057b9620ccaa77,,youtube-data-api-v3/commentThreads.list,,JrDNeM9p2J4,How To Place The PERFECT Stop loss #stoploss,TradingLab,,
youtube,TradingLab,JrDNeM9p2J4,https://www.youtube.com/watch?v=JrDNeM9p2J4,UgxaIpl1sSbAzyJC7ZZ4AaABAg,Marijuana 😅,2022-06-24T17:54:47Z,2026-10-01T13:26:55.654381+00:00,3,1,,138aa0cefe0b70b327838eb72a5b75907556d296211e8e334be2a1f04b39a20f,,youtube-data-api-v3/commentThreads.list,,JrDNeM9p2J4,How To Place The PERFECT Stop loss #stoploss,TradingLab,,
youtube,TradingLab,JrDNeM9p2J4,https://www.youtube.com/watch?v=JrDNeM9p2J4,UgxaIpl1sSbAzyJC7ZZ4AaABAg.9cf7NKZ0SL_9e1XK2ognYI,...,2022-07-28T16:35:27Z,2026-10-01T13:26:55.654381+00:00,0,0,,e7138f2b8c889b36342bbaff983df4325b28ad487db41b5c8811381b705535a1,UgxaIpl1sSbAzyJC7ZZ4AaABAg,youtube-data-api-v3/commentThreads.list,,JrDNeM9p2J4,How To Place The PERFECT Stop loss #stoploss,TradingLab,,
youtube,TradingLab,JrDNeM9p2J4,https://www.youtube.com/watch?v=JrDNeM9p2J4,UgydtwLhjetxMQJ_XGZ4AaABAg,WTF! This is actually a great tip!,2023-04-14T22:09:24Z,2026-10-01T13:26:55.654381+00:00,0,0,,8f1bc91c826a119e513b19592f54c28be6bd17839c139bcddf375e5e4ebfce2a,,youtube-data-api-v3/commentThreads.list,,JrDNeM9p2J4,How To Place The PERFECT Stop loss #stoploss,TradingLab,,
youtube,TradingLab,JrDNeM9p2J4,https://www.youtube.com/watch?v=JrDNeM9p2J4,Ugx9U2i6YhSxREg_U_t4AaABAg,"Damn, that’s cool. Anyways how do I read a chart?",2022-08-25T08:41:10Z,2026-10-01T13:26:55.654381+00:00,56,9,,9cc934eb6790ad45a43712ae94bb8ff8710d73368963ec86e89ed1d15cadec9c,,youtube-data-api-v3/commentThreads.list,,JrDNeM9p2J4,How To Place The PERFECT Stop loss #stoploss,TradingLab,,
youtube,TradingLab,JrDNeM9p2J4,https://www.youtube.com/watch?v=JrDNeM9p2J4,Ugx9U2i6YhSxREg_U_t4AaABAg.9f8mIr6zPke9f9wyEd6lAM,This got me crying,2022-08-25T19:33:35Z,2026-10-01T13:26:55.654381+00:00,13,0,,d80af112e46357dbe2c059039bc45dc41ebc2a88a910c61b3d9aad32b21c3c7b,Ugx9U2i6YhSxREg_U_t4AaABAg,youtube-data-api-v3/commentThreads.list,,JrDNeM9p2J4,How To Place The PERFECT Stop loss #stoploss,TradingLab,,
youtube,TradingLab,JrDNeM9p2J4,https://www.youtube.com/watch?v=JrDNeM9p2J4,Ugx9U2i6YhSxREg_U_t4AaABAg.9f8mIr6zPke9fgMjUmr0Bd,😂😂😂😂😂😂😂,2022-09-07T19:02:26Z,2026-10-01T13:26:55.654381+00:00,0,0,,df102ede0c61ac6c45c2b5d2efe28be4266ef74abc6c702b125ef250c1996566,Ugx9U2i6YhSxREg_U_t4AaABAg,youtube-data-api-v3/commentThreads.list,,JrDNeM9p2J4,How To Place The PERFECT Stop loss #stoploss,TradingLab,,
youtube,TradingLab,JrDNeM9p2J4,https://www.youtube.com/watch?v=JrDNeM9p2J4,Ugx9U2i6YhSxREg_U_t4AaABAg.9f8mIr6zPke9g0uisUkpCe,"Buy high, sell low.",2022-09-16T03:52:14Z,2026-10-01T13:26:55.654381+00:00,15,0,,b434b7617d91010350c41d1e4856e7bc6b1f2e5c300cbb10a44b6b28781ae6ab,Ugx9U2i6YhSxREg_U_t4AaABAg,youtube-data-api-v3/commentThreads.list,,JrDNeM9p2J4,How To Place The PERFECT Stop loss #stoploss,TradingLab,,
youtube,TradingLab,JrDNeM9p2J4,https://www.youtube.com/watch?v=JrDNeM9p2J4,Ugx9U2i6YhSxREg_U_t4AaABAg.9f8mIr6zPke9gpAAj6oJXg,@MJ-it8ru not always but ok,2022-10-06T01:37:15Z,2026-10-01T13:26:55.654381+00:00,0,0,,bf4904331f80cb3b4f74aa95b9c8d694b5da8407b0ac04ba17cbad63a142387a,Ugx9U2i6YhSxREg_U_t4AaABAg,youtube-data-api-v3/commentThreads.list,,JrDNeM9p2J4,How To Place The PERFECT Stop loss #stoploss,TradingLab,,
youtube,TradingLab,JrDNeM9p2J4,https://www.youtube.com/watch?v=JrDNeM9p2J4,Ugx9U2i6YhSxREg_U_t4AaABAg.9f8mIr6zPke9hXoTXHlQx4,@Deriko31 smh fr,2022-10-23T19:03:54Z,2026-10-01T13:26:55.654381+00:00,4,0,,d6fe7681ff783ae6699658cf401aa1736b694d35c90514edb18aa32399e91281,Ugx9U2i6YhSxREg_U_t4AaABAg,youtube-data-api-v3/commentThreads.list,,JrDNeM9p2J4,How To Place The PERFECT Stop loss #stoploss,TradingLab,,
youtube,TradingLab,JrDNeM9p2J4,https://www.youtube.com/watch?v=JrDNeM9p2J4,UgxHTUEDmlGGl2Ojgsh4AaABAg,Thank you for this video,2023-06-22T02:19:34Z,2026-10-01T13:26:55.654381+00:00,0,0,,b0f8ed1ea3244d9557842d8b43b49a3e2f064be997b0b370d716e357505c5198,,youtube-data-api-v3/commentThreads.list,,JrDNeM9p2J4,How To Place The PERFECT Stop loss #stoploss,TradingLab,,
youtube,TradingLab,JrDNeM9p2J4,https://www.youtube.com/watch?v=JrDNeM9p2J4,UgxcoZG1bUMAjTvH5CF4AaABAg,Please give more examples,2022-06-21T05:18:20Z,2026-10-01T13:26:55.654381+00:00,0,0,,3392101898726e7e538bd4db004441a13a0925e2fb20f359882614bceea4fd89,,youtube-data-api-v3/commentThreads.list,,JrDNeM9p2J4,How To Place The PERFECT Stop loss #stoploss,TradingLab,,
youtube,Rizki Aditama | Sekolah Trading,smtAdlhwFHA,https://www.youtube.com/watch?v=smtAdlhwFHA,Ugy-pgXn5LW0MSo_wJJ4AaABAg,"Jujur mas diantara konten2 creator yg bahas trader di yt,anda yang paling bagus, jelas,jujur trus yg paling penting bahasanya gampang dimengerti",2025-06-15T14:37:22Z,2026-10-01T13:26:56.910278+00:00,30,2,,9d204d9b00f360928449d129e8f92ce6df01310b0209b340560c1f6afd848b8d,,youtube-data-api-v3/commentThreads.list,,smtAdlhwFHA,Strategi Risk Management yang Wajib Dimiliki Setiap Trader,Rizki Aditama | Sekolah Trading,,
youtube,Rizki Aditama | Sekolah Trading,smtAdlhwFHA,https://www.youtube.com/watch?v=smtAdlhwFHA,Ugy-pgXn5LW0MSo_wJJ4AaABAg.AJOhraa5aCDALneUe4BOhh,Iya banyak yang lain itu lebih ke untuk menguntungkan diri sendiri,2025-08-14T09:30:56Z,2026-10-01T13:26:56.910278+00:00,1,0,,ae9afd7593fd376d8a5b3ec6ceb3be435050a3d224488b0ccc44e18685caacd2,Ugy-pgXn5LW0MSo_wJJ4AaABAg,youtube-data-api-v3/commentThreads.list,,smtAdlhwFHA,Strategi Risk Management yang Wajib Dimiliki Setiap Trader,Rizki Aditama | Sekolah Trading,,
youtube,Rizki Aditama | Sekolah Trading,smtAdlhwFHA,https://www.youtube.com/watch?v=smtAdlhwFHA,UgxG9zGq2h-W7j-dn0l4AaABAg,habis2 an dimarket nemu video mas tama jadi sadar😊😊,2025-09-13T10:36:15Z,2026-10-01T13:26:56.910278+00:00,1,0,,f3aaa61f6cd52fdfdc618b22909a0b68da95c85d4b6c7079c449124f0cce60a4,,youtube-data-api-v3/commentThreads.list,,smtAdlhwFHA,Strategi Risk Management yang Wajib Dimiliki Setiap Trader,Rizki Aditama | Sekolah Trading,,
youtube,Rizki Aditama | Sekolah Trading,smtAdlhwFHA,https://www.youtube.com/watch?v=smtAdlhwFHA,Ugzf4z0uYzeIdWiD3Nd4AaABAg,"Saya suka penjelasan Rizki aditama itu diteil, sukses selalu bang,,",2025-07-06T07:19:17Z,2026-10-01T13:26:56.910278+00:00,1,0,,45cf03d99b4c226c05ac9d4d4a9ec25731b6693e59352d7bc56c1ad47f13270e,,youtube-data-api-v3/commentThreads.list,,smtAdlhwFHA,Strategi Risk Management yang Wajib Dimiliki Setiap Trader,Rizki Aditama | Sekolah Trading,,
youtube,Rizki Aditama | Sekolah Trading,smtAdlhwFHA,https://www.youtube.com/watch?v=smtAdlhwFHA,Ugxgd4VSwhLmnz2R5rJ4AaABAg,Makasih bang  Rizki Aditama atas Vidio edukasi nya,2025-06-14T12:43:07Z,2026-10-01T13:26:56.910278+00:00,0,0,,97a62a5a2fa650afd27d237b27815904d4bd31fd5e33e2a74b7f801cd33e557e,,youtube-data-api-v3/commentThreads.list,,smtAdlhwFHA,Strategi Risk Management yang Wajib Dimiliki Setiap Trader,Rizki Aditama | Sekolah Trading,,
youtube,Rizki Aditama | Sekolah Trading,smtAdlhwFHA,https://www.youtube.com/watch?v=smtAdlhwFHA,UgzQT2K2WOHmcEIprKR4AaABAg,Benar .semua kata mas Rizki. Ini semua saya alami.,2025-09-14T01:19:52Z,2026-10-01T13:26:56.910278+00:00,0,0,,d044b58917330aeddd3fd4dffd7fcf68f1df4415fdac14e3c6491e405c58e0f3,,youtube-data-api-v3/commentThreads.list,,smtAdlhwFHA,Strategi Risk Management yang Wajib Dimiliki Setiap Trader,Rizki Aditama | Sekolah Trading,,
youtube,Rizki Aditama | Sekolah Trading,smtAdlhwFHA,https://www.youtube.com/watch?v=smtAdlhwFHA,UgwpBCSMjox2INlhUO14AaABAg,"Gilakkk, editing kontennya makin bagus aja makin kesini",2025-06-14T12:35:38Z,2026-10-01T13:26:56.910278+00:00,61,3,,91c69df469c7b9f70322d2d82e773a4166156b80728d4c8e93640899a9cee564,,youtube-data-api-v3/commentThreads.list,,smtAdlhwFHA,Strategi Risk Management yang Wajib Dimiliki Setiap Trader,Rizki Aditama | Sekolah Trading,,
youtube,Rizki Aditama | Sekolah Trading,smtAdlhwFHA,https://www.youtube.com/watch?v=smtAdlhwFHA,UgwpBCSMjox2INlhUO14AaABAg.AJLv85xlVRvAJMATtACgQc,bener bgt editannya keren bet dah jadi menarik bgt kontennya dan jadi lebih gampang paham,2025-06-14T14:58:25Z,2026-10-01T13:26:56.910278+00:00,3,0,,9394290de0fab4bcd293d99da5b158f1eb334f7fc83251b61ea9be921f0c8984,UgwpBCSMjox2INlhUO14AaABAg,youtube-data-api-v3/commentThreads.list,,smtAdlhwFHA,Strategi Risk Management yang Wajib Dimiliki Setiap Trader,Rizki Aditama | Sekolah Trading,,
youtube,Rizki Aditama | Sekolah Trading,smtAdlhwFHA,https://www.youtube.com/watch?v=smtAdlhwFHA,UgwpBCSMjox2INlhUO14AaABAg.AJLv85xlVRvAL3oPd627HK,"ini satu hal yang bikin aku percaya ama mas Rizki, kalo ga cuan gede beneran ga mungkin punya editing sebagus ini. Yang mana banyak youtuber lain yang keliatannya lebih banyak cuan tapi editan gitu gitu aja",2025-07-27T04:53:19Z,2026-10-01T13:26:56.910278+00:00,0,0,,56c60a6d8b24eca0d77aa0cf2cbc8b43bf38c625ed3ab5048f89f0ba282231fd,UgwpBCSMjox2INlhUO14AaABAg,youtube-data-api-v3/commentThreads.list,,smtAdlhwFHA,Strategi Risk Management yang Wajib Dimiliki Setiap Trader,Rizki Aditama | Sekolah Trading,,
youtube,Rizki Aditama | Sekolah Trading,smtAdlhwFHA,https://www.youtube.com/watch?v=smtAdlhwFHA,UgwpBCSMjox2INlhUO14AaABAg.AJLv85xlVRvAb7O71ygCb7,mantap,2026-09-24T03:05:31Z,2026-10-01T13:26:56.910278+00:00,0,0,,172ad4c653aeb4d16ae6e953ca94f5fce6d17068cbcda31ebec1a3247185d678,UgwpBCSMjox2INlhUO14AaABAg,youtube-data-api-v3/commentThreads.list,,smtAdlhwFHA,Strategi Risk Management yang Wajib Dimiliki Setiap Trader,Rizki Aditama | Sekolah Trading,,
youtube,Rizki Aditama | Sekolah Trading,smtAdlhwFHA,https://www.youtube.com/watch?v=smtAdlhwFHA,UgyAt0m4nyvPQh8elG94AaABAg,mantap sehat sehat selalu mentor terbaik🎉🎉,2025-06-15T17:09:21Z,2026-10-01T13:26:56.910278+00:00,1,0,,84c44797e936bdb61d166b51b73493471fc64929aa2abd6e68dd79ab383ab441,,youtube-data-api-v3/commentThreads.list,,smtAdlhwFHA,Strategi Risk Management yang Wajib Dimiliki Setiap Trader,Rizki Aditama | Sekolah Trading,,
youtube,Rizki Aditama | Sekolah Trading,smtAdlhwFHA,https://www.youtube.com/watch?v=smtAdlhwFHA,Ugxzg0H-zu1iSw8mYuJ4AaABAg,Bank aq suka dengan video Abang ini sangat membatu,2025-06-14T12:46:48Z,2026-10-01T13:26:56.910278+00:00,1,0,,45aef5bc9863af243ea40665d5989db829cca10047db33ad10d1380c125bd8c6,,youtube-data-api-v3/commentThreads.list,,smtAdlhwFHA,Strategi Risk Management yang Wajib Dimiliki Setiap Trader,Rizki Aditama | Sekolah Trading,,
youtube,Rizki Aditama | Sekolah Trading,smtAdlhwFHA,https://www.youtube.com/watch?v=smtAdlhwFHA,Ugw0YxokFkgk4Au6KWx4AaABAg,AAMIIN semoga ilmu Nya bermanfaat untuk pemula. Terimakasih edukasi nya 😎,2025-10-02T18:05:23Z,2026-10-01T13:26:56.910278+00:00,0,0,,80fda2df6d7ba9de1fcf873bd44b111325386571464b79fa4c60369a7f45b122,,youtube-data-api-v3/commentThreads.list,,smtAdlhwFHA,Strategi Risk Management yang Wajib Dimiliki Setiap Trader,Rizki Aditama | Sekolah Trading,,
youtube,Rizki Aditama | Sekolah Trading,smtAdlhwFHA,https://www.youtube.com/watch?v=smtAdlhwFHA,UgzlssNHWbjyMl4oz6p4AaABAg,Pernah Mas . Saya profit. Terus Los. lebih banyak,2025-09-14T01:18:03Z,2026-10-01T13:26:56.910278+00:00,0,0,,d044b58917330aeddd3fd4dffd7fcf68f1df4415fdac14e3c6491e405c58e0f3,,youtube-data-api-v3/commentThreads.list,,smtAdlhwFHA,Strategi Risk Management yang Wajib Dimiliki Setiap Trader,Rizki Aditama | Sekolah Trading,,
youtube,Rizki Aditama | Sekolah Trading,smtAdlhwFHA,https://www.youtube.com/watch?v=smtAdlhwFHA,UgxzglCn3LU2QFji0at4AaABAg,Nah ini yang kucarii,2025-06-14T13:07:18Z,2026-10-01T13:26:56.910278+00:00,1,0,,5103dc2e1c7994b0a08c525605c54cb24dad2b5e78ece70d1d041e8b06801c21,,youtube-data-api-v3/commentThreads.list,,smtAdlhwFHA,Strategi Risk Management yang Wajib Dimiliki Setiap Trader,Rizki Aditama | Sekolah Trading,,
youtube,Rizki Aditama | Sekolah Trading,smtAdlhwFHA,https://www.youtube.com/watch?v=smtAdlhwFHA,UgxuyGFLOc65evvEQvR4AaABAg,Keren mas tama 🎉,2025-06-14T18:40:39Z,2026-10-01T13:26:56.911279+00:00,0,0,,eb580854a9b8176156b482ccb56a4c65d9a211a8061180f3aa28f11ab54987dc,,youtube-data-api-v3/commentThreads.list,,smtAdlhwFHA,Strategi Risk Management yang Wajib Dimiliki Setiap Trader,Rizki Aditama | Sekolah Trading,,
youtube,Rizki Aditama | Sekolah Trading,smtAdlhwFHA,https://www.youtube.com/watch?v=smtAdlhwFHA,UgyCL1NCVfwYPvd1kQB4AaABAg,thanks bangg arahannya,2025-06-14T13:10:34Z,2026-10-01T13:26:56.911279+00:00,1,0,,402263f0b0de52070175d1994abc473c2952b28e4426a81feafffb6418b21d94,,youtube-data-api-v3/commentThreads.list,,smtAdlhwFHA,Strategi Risk Management yang Wajib Dimiliki Setiap Trader,Rizki Aditama | Sekolah Trading,,
youtube,Rizki Aditama | Sekolah Trading,smtAdlhwFHA,https://www.youtube.com/watch?v=smtAdlhwFHA,UgwftWfggKN3Rmffvrt4AaABAg,"Sejauh ini, mas tama doang yang bisa masuk ke otakku dengan kalimat dan pembawaannyaaaaaaa, terima kasih banyak ya maas, berkah selalu ilmunyaaaaaa",2025-07-17T14:50:11Z,2026-10-01T13:26:56.911279+00:00,0,1,,d2a1e822abcc9fd5e7dccfca215852c198153a60e334d47501f1b8e1ec18e753,,youtube-data-api-v3/commentThreads.list,,smtAdlhwFHA,Strategi Risk Management yang Wajib Dimiliki Setiap Trader,Rizki Aditama | Sekolah Trading,,
youtube,Rizki Aditama | Sekolah Trading,smtAdlhwFHA,https://www.youtube.com/watch?v=smtAdlhwFHA,UgwAf6rqhHjHIPhlKsR4AaABAg,KEREN ! TERIMA KASIH ATAS PENJELASAN DAN PENALARANNYA.,2025-06-14T13:12:50Z,2026-10-01T13:26:56.911279+00:00,2,1,,752495a25b599d1bcf9d3f2a02fa1b87977b0780657f0685fa32fdc1bddc74d6,,youtube-data-api-v3/commentThreads.list,,smtAdlhwFHA,Strategi Risk Management yang Wajib Dimiliki Setiap Trader,Rizki Aditama | Sekolah Trading,,
youtube,Rizki Aditama | Sekolah Trading,smtAdlhwFHA,https://www.youtube.com/watch?v=smtAdlhwFHA,UgzY1xaMNsNk7iK3fK54AaABAg,"Terima kasih ilmunya bang. Semoga bang tama dan seluruh tim di beri kesehatan, kemudahan dan kesuksesan. Aamiin",2025-06-15T07:01:04Z,2026-10-01T13:26:56.911279+00:00,0,1,,a6a0c0b5d6b611d65482654423462f89e137ed526667755b17cd0fcb26113a29,,youtube-data-api-v3/commentThreads.list,,smtAdlhwFHA,Strategi Risk Management yang Wajib Dimiliki Setiap Trader,Rizki Aditama | Sekolah Trading,,
youtube,Rizki Aditama | Sekolah Trading,smtAdlhwFHA,https://www.youtube.com/watch?v=smtAdlhwFHA,Ugzq7j9IWfiKk02RJ3J4AaABAg,"Keren bang, ❤❤",2025-07-03T11:21:32Z,2026-10-01T13:26:56.911279+00:00,0,1,,bb4bbfc08addc37304983011853f6d09a4abdc130985462b0599ababedfbf450,,youtube-data-api-v3/commentThreads.list,,smtAdlhwFHA,Strategi Risk Management yang Wajib Dimiliki Setiap Trader,Rizki Aditama | Sekolah Trading,,
youtube,Rizki Aditama | Sekolah Trading,smtAdlhwFHA,https://www.youtube.com/watch?v=smtAdlhwFHA,UgxsE2ZVC-9MecH65IZ4AaABAg,Mantap❤,2025-06-16T14:43:58Z,2026-10-01T13:26:56.911279+00:00,0,0,,07f8d3ae8e9977a70e99ea5bac12edfd0e1570def931d1822b58d24e0dae0db4,,youtube-data-api-v3/commentThreads.list,,smtAdlhwFHA,Strategi Risk Management yang Wajib Dimiliki Setiap Trader,Rizki Aditama | Sekolah Trading,,
youtube,Rizki Aditama | Sekolah Trading,smtAdlhwFHA,https://www.youtube.com/watch?v=smtAdlhwFHA,UgztI_6hDwSPMMrSR4h4AaABAg,Makasih mas tama❤amitofo,2025-06-14T14:22:04Z,2026-10-01T13:26:56.911279+00:00,0,0,,11827f62fab8a81a071d0a2681edce81dc6c4a62aec790bca864ca6669c8efc2,,youtube-data-api-v3/commentThreads.list,,smtAdlhwFHA,Strategi Risk Management yang Wajib Dimiliki Setiap Trader,Rizki Aditama | Sekolah Trading,,
youtube,Rizki Aditama | Sekolah Trading,smtAdlhwFHA,https://www.youtube.com/watch?v=smtAdlhwFHA,UgzcLw0L_YHCd1xGVfN4AaABAg,"Lah ini mah balik lagi ke video yang pertama jir,cuma ini lebih detailnya nya🔥",2026-02-14T23:50:08Z,2026-10-01T13:26:56.911279+00:00,0,1,,9ae33ce4492874e0c446f1569223f60af292bc1d31eb007b47373d2b804bffce,,youtube-data-api-v3/commentThreads.list,,smtAdlhwFHA,Strategi Risk Management yang Wajib Dimiliki Setiap Trader,Rizki Aditama | Sekolah Trading,,
youtube,Rizki Aditama | Sekolah Trading,smtAdlhwFHA,https://www.youtube.com/watch?v=smtAdlhwFHA,Ugy26ISxcSBsYBFcD7x4AaABAg,Bahasanya sederhana dan mudah di pahami,2025-11-23T22:17:07Z,2026-10-01T13:26:56.911279+00:00,0,1,,9235613964b70cb88996cfc8c305330e96c2a0384d7314c0a6eaa327609a83c4,,youtube-data-api-v3/commentThreads.list,,smtAdlhwFHA,Strategi Risk Management yang Wajib Dimiliki Setiap Trader,Rizki Aditama | Sekolah Trading,,
youtube,Rizki Aditama | Sekolah Trading,smtAdlhwFHA,https://www.youtube.com/watch?v=smtAdlhwFHA,UgwQGz5y_6BBuYsZoBZ4AaABAg,Makasih bng ngeluangin waktunya hanya untuk edukasi trading forex untuk pemula kyk saya sehat²mas tama,2025-06-15T22:10:17Z,2026-10-01T13:26:56.911279+00:00,0,1,,be2e2e5ce834f2247856de9e352055d2bc31cdad40bf5e35e3cc0703aa29da15,,youtube-data-api-v3/commentThreads.list,,smtAdlhwFHA,Strategi Risk Management yang Wajib Dimiliki Setiap Trader,Rizki Aditama | Sekolah Trading,,
youtube,Rizki Aditama | Sekolah Trading,smtAdlhwFHA,https://www.youtube.com/watch?v=smtAdlhwFHA,UgxCIy3rhngV5Mm8uIl4AaABAg,mantap,2025-06-14T07:24:45Z,2026-10-01T13:26:56.911279+00:00,1,0,,2efb2dcc47650a79d464f002c445325c48ff6e107821d81383866bc5d2e3a4c0,,youtube-data-api-v3/commentThreads.list,,smtAdlhwFHA,Strategi Risk Management yang Wajib Dimiliki Setiap Trader,Rizki Aditama | Sekolah Trading,,
youtube,Rizki Aditama | Sekolah Trading,smtAdlhwFHA,https://www.youtube.com/watch?v=smtAdlhwFHA,Ugw2PBvsK9Q5fvJDKJJ4AaABAg,Makasih mas Tama,2025-06-15T01:22:35Z,2026-10-01T13:26:56.911279+00:00,0,1,,3e541b9dfcaea7e3885a705926c93de1ff2f25b2c3e3a399640ad5014689502b,,youtube-data-api-v3/commentThreads.list,,smtAdlhwFHA,Strategi Risk Management yang Wajib Dimiliki Setiap Trader,Rizki Aditama | Sekolah Trading,,
youtube,Rizki Aditama | Sekolah Trading,smtAdlhwFHA,https://www.youtube.com/watch?v=smtAdlhwFHA,UgxKec1Fkj2mYsWCC_V4AaABAg,Keren sih,2025-06-15T06:08:03Z,2026-10-01T13:26:56.911279+00:00,0,0,,286ff3159d8561a9c8e37dd544b01924b0267ba9b51d4d46d4bc7d39069530f0,,youtube-data-api-v3/commentThreads.list,,smtAdlhwFHA,Strategi Risk Management yang Wajib Dimiliki Setiap Trader,Rizki Aditama | Sekolah Trading,,
youtube,Rizki Aditama | Sekolah Trading,smtAdlhwFHA,https://www.youtube.com/watch?v=smtAdlhwFHA,UgyqeaeyDgTWQ98mb5p4AaABAg,Nyimak,2025-06-13T16:00:27Z,2026-10-01T13:26:56.911279+00:00,3,0,,785a8511c9982e3c576ab5c3d6d648216bf27e16327fe40b353ce53764d123b2,,youtube-data-api-v3/commentThreads.list,,smtAdlhwFHA,Strategi Risk Management yang Wajib Dimiliki Setiap Trader,Rizki Aditama | Sekolah Trading,,
youtube,Rizki Aditama | Sekolah Trading,smtAdlhwFHA,https://www.youtube.com/watch?v=smtAdlhwFHA,UgxvGbGGn0q3dNVq0TV4AaABAg,izin petani jg mau belajar mas,2025-11-30T09:41:17Z,2026-10-01T13:26:56.911279+00:00,1,0,,788668a29514a9682e78ef47508bad3cb1f2f88e065b1f1502f4ed4a2d33a179,,youtube-data-api-v3/commentThreads.list,,smtAdlhwFHA,Strategi Risk Management yang Wajib Dimiliki Setiap Trader,Rizki Aditama | Sekolah Trading,,
youtube,Rizki Aditama | Sekolah Trading,smtAdlhwFHA,https://www.youtube.com/watch?v=smtAdlhwFHA,UgwfvjyNYPTwXccp_KV4AaABAg,"dulu corat coret pake kertas, sekarang woww semuanya udah upgrade. apalagi editingnya kereen polll🔥🔥",2025-06-15T11:29:07Z,2026-10-01T13:26:56.911279+00:00,1,0,,c625613254b351187b034d2eae922e6ac8b81c54e5bf25af039de7911da972f2,,youtube-data-api-v3/commentThreads.list,,smtAdlhwFHA,Strategi Risk Management yang Wajib Dimiliki Setiap Trader,Rizki Aditama | Sekolah Trading,,
youtube,Rizki Aditama | Sekolah Trading,smtAdlhwFHA,https://www.youtube.com/watch?v=smtAdlhwFHA,UgzW0ZT153cZSroyB6d4AaABAg,Exness salah satunya leverage bisa di atar,2025-06-27T15:01:33Z,2026-10-01T13:26:56.911279+00:00,0,0,,1e71cfbbb1e9a5f54565d4497b4fdc6e3ecc62edcd8b102b0d2a5a9e17669543,,youtube-data-api-v3/commentThreads.list,,smtAdlhwFHA,Strategi Risk Management yang Wajib Dimiliki Setiap Trader,Rizki Aditama | Sekolah Trading,,
youtube,Rizki Aditama | Sekolah Trading,smtAdlhwFHA,https://www.youtube.com/watch?v=smtAdlhwFHA,UgyA7uwKMHMa47kEuRh4AaABAg,Skill modal pengalaman mental is KING tapi risk management is KINGKONG..risk management most important thing to be our concern..trims mas tama!,2025-06-14T14:33:43Z,2026-10-01T13:26:56.911279+00:00,0,1,,6948aef37adbaa1041c3b5d62ec965d6f0f57b4072a83eae9361dba476b609f1,,youtube-data-api-v3/commentThreads.list,,smtAdlhwFHA,Strategi Risk Management yang Wajib Dimiliki Setiap Trader,Rizki Aditama | Sekolah Trading,,
youtube,Rizki Aditama | Sekolah Trading,smtAdlhwFHA,https://www.youtube.com/watch?v=smtAdlhwFHA,UgwCj8ModHD6tytbH1l4AaABAg,🎉,2025-06-14T00:52:42Z,2026-10-01T13:26:56.911279+00:00,3,0,,a8cd12354cc4d896217bdae6dfc6fd6161a3aa6386a25b66f6d4df2652421193,,youtube-data-api-v3/commentThreads.list,,smtAdlhwFHA,Strategi Risk Management yang Wajib Dimiliki Setiap Trader,Rizki Aditama | Sekolah Trading,,
youtube,Rizki Aditama | Sekolah Trading,smtAdlhwFHA,https://www.youtube.com/watch?v=smtAdlhwFHA,UgwdComyP4iT3-f3jEt4AaABAg,Munggkin 10jt itu 1%nya modal ms tama tapi kalo ilang itu ilang sepuluh juta kan ttp mas. Dan itu secara dibuat beli2 termasuk besar. Nah gimana caranya ttp gk pake emosi apapun yang terjadi😂😂,2025-06-15T02:17:47Z,2026-10-01T13:26:56.911279+00:00,0,0,,a589c29c6b6bfaa584fc949a5d20820dae0abf35f7459792907d881a163b3a03,,youtube-data-api-v3/commentThreads.list,,smtAdlhwFHA,Strategi Risk Management yang Wajib Dimiliki Setiap Trader,Rizki Aditama | Sekolah Trading,,
youtube,Rizki Aditama | Sekolah Trading,smtAdlhwFHA,https://www.youtube.com/watch?v=smtAdlhwFHA,UgwVQ7wjvqXgQkg-LIJ4AaABAg,"Makasih banyak loh mas penjelasannya, saya awalnya males nerapin SL karena anti CL-CL Club meski udah kehilangan duit lumayan banyak di trading, tapi setelah mendengarkan ini dan masuk akal, saya berani untuk melakukan SL.",2025-07-16T10:23:28Z,2026-10-01T13:26:56.911279+00:00,1,1,,661107bdeace10c3cdbde6d8ac0ddbf06c9fcd45dbe6892e971a8d5eb25643d5,,youtube-data-api-v3/commentThreads.list,,smtAdlhwFHA,Strategi Risk Management yang Wajib Dimiliki Setiap Trader,Rizki Aditama | Sekolah Trading,,
youtube,Rizki Aditama | Sekolah Trading,smtAdlhwFHA,https://www.youtube.com/watch?v=smtAdlhwFHA,Ugw6ZzVe-NRso3FbKaF4AaABAg,Kalo saya sering lupa ubah lot di saat trade kadang kekecilan kadang kegedean,2025-08-19T06:40:33Z,2026-10-01T13:26:56.911279+00:00,0,0,,14066601632d4b1306a6c90daf5660558caa9fb94b065ae976fccbffdb408d4f,,youtube-data-api-v3/commentThreads.list,,smtAdlhwFHA,Strategi Risk Management yang Wajib Dimiliki Setiap Trader,Rizki Aditama | Sekolah Trading,,
youtube,Rizki Aditama | Sekolah Trading,smtAdlhwFHA,https://www.youtube.com/watch?v=smtAdlhwFHA,UgwrLQu-_rGion9SQzV4AaABAg,"pembahasan pas bgt yg ku alami mas,udah konsisten profit 3 bulan ,langsung habis dlm satu hari habis semua untung sama modal"" nya",2025-06-15T13:39:53Z,2026-10-01T13:26:56.911279+00:00,0,1,,efac30a6223bfa03a1cd5a92b196f3951c806eec2140efdab007295339688a2b,,youtube-data-api-v3/commentThreads.list,,smtAdlhwFHA,Strategi Risk Management yang Wajib Dimiliki Setiap Trader,Rizki Aditama | Sekolah Trading,,
youtube,Rizki Aditama | Sekolah Trading,smtAdlhwFHA,https://www.youtube.com/watch?v=smtAdlhwFHA,UgwrLQu-_rGion9SQzV4AaABAg.AJObHUtlIORAJPBMB6uR5r,"Wah sama, ini juga lagi Hancur 😊😊😊",2025-06-15T19:03:50Z,2026-10-01T13:26:56.911279+00:00,0,0,,285da73a88004d7c4c746186a94b1670a4946eef5dff76c39ae592ca907c1227,UgwrLQu-_rGion9SQzV4AaABAg,youtube-data-api-v3/commentThreads.list,,smtAdlhwFHA,Strategi Risk Management yang Wajib Dimiliki Setiap Trader,Rizki Aditama | Sekolah Trading,,
youtube,Rizki Aditama | Sekolah Trading,smtAdlhwFHA,https://www.youtube.com/watch?v=smtAdlhwFHA,UgyrhEVb38G2uxqhH-Z4AaABAg,Betul bos kemarin modal 250 jadi tiga jadi 600 eh malah gk saya tutup eh sekarang malah habis 😂,2025-07-10T05:20:53Z,2026-10-01T13:26:56.911279+00:00,0,1,,132a6f05a7298550b226dc2054e041de5b0b1e676518706b969fec72f6730da1,,youtube-data-api-v3/commentThreads.list,,smtAdlhwFHA,Strategi Risk Management yang Wajib Dimiliki Setiap Trader,Rizki Aditama | Sekolah Trading,,
youtube,Rizki Aditama | Sekolah Trading,smtAdlhwFHA,https://www.youtube.com/watch?v=smtAdlhwFHA,UgxcxcvxJ0SyJ9BikYJ4AaABAg,Terima kasih (14),2026-07-30T13:54:57Z,2026-10-01T13:26:56.911279+00:00,0,0,,caf20716a7f71d434cbdcafeac9668216a6b41e88f927dd35086605fccbd5631,,youtube-data-api-v3/commentThreads.list,,smtAdlhwFHA,Strategi Risk Management yang Wajib Dimiliki Setiap Trader,Rizki Aditama | Sekolah Trading,,
youtube,Rizki Aditama | Sekolah Trading,smtAdlhwFHA,https://www.youtube.com/watch?v=smtAdlhwFHA,UgwCMBRiW29aJO-CxiR4AaABAg,dark peter parker,2025-06-14T14:06:26Z,2026-10-01T13:26:56.911279+00:00,0,0,,9965a5019ece046ccff75c6c3fe28d77feec22225bead102f3a9770fcfd2db9e,,youtube-data-api-v3/commentThreads.list,,smtAdlhwFHA,Strategi Risk Management yang Wajib Dimiliki Setiap Trader,Rizki Aditama | Sekolah Trading,,
youtube,Rizki Aditama | Sekolah Trading,smtAdlhwFHA,https://www.youtube.com/watch?v=smtAdlhwFHA,UgxCsbXzLOtU1pzFsrJ4AaABAg,😯,2025-11-29T08:08:48Z,2026-10-01T13:26:56.911279+00:00,1,0,,41999ec1a7f48a1d67b0d072575ec9b07bda5515420e03f5f5e1ca1e73ffe494,,youtube-data-api-v3/commentThreads.list,,smtAdlhwFHA,Strategi Risk Management yang Wajib Dimiliki Setiap Trader,Rizki Aditama | Sekolah Trading,,
youtube,Rizki Aditama | Sekolah Trading,smtAdlhwFHA,https://www.youtube.com/watch?v=smtAdlhwFHA,UgwNAMBWOXOqzPlKjKJ4AaABAg,"Saya baru aja abis 1 jt bang di market, karena pengen dpt untuk banyak, ehh malah rungkat 🤦‍♂️

Bersyukur ketemu video ini, saya jadi sadar sebenarnya yg bikin kita rungkat ya kita sendiri, kurangnya kesadaran akan resiko.",2025-11-14T01:36:22Z,2026-10-01T13:26:56.911279+00:00,0,1,,ef91a0233f9303b7109cc94e65a88fd5353508df2ae1d8016c1b017f7a184a91,,youtube-data-api-v3/commentThreads.list,,smtAdlhwFHA,Strategi Risk Management yang Wajib Dimiliki Setiap Trader,Rizki Aditama | Sekolah Trading,,
youtube,Rizki Aditama | Sekolah Trading,smtAdlhwFHA,https://www.youtube.com/watch?v=smtAdlhwFHA,UgxwYdtVNsqHdsZQUh14AaABAg,Bang tama tolong dong vidionya di gratisin kita mau belajar bang tama kita dari kampung bang kalok di suruh bayar itu nominalnya besar banget bang tolong bang,2025-06-15T07:24:50Z,2026-10-01T13:26:56.911279+00:00,0,0,,f6af72dc577d35f2d29c719157a293e35de4709a8f2426a380908a4fa0966e9d,,youtube-data-api-v3/commentThreads.list,,smtAdlhwFHA,Strategi Risk Management yang Wajib Dimiliki Setiap Trader,Rizki Aditama | Sekolah Trading,,
youtube,Rizki Aditama | Sekolah Trading,smtAdlhwFHA,https://www.youtube.com/watch?v=smtAdlhwFHA,UgyCFgdsU2HpRx4wINx4AaABAg,"Alhamdulilah semenjak saya nonton banyak vidio mas tama
Saya sudah bisa provit konsisten😊
Menggunakan akun cent
Dulu sering mc berturut turut menggunakan akun standart
Pokok nya is the best akun cent👍 kalo bisa menjaga money management nya😊",2025-06-14T19:03:30Z,2026-10-01T13:26:56.911279+00:00,8,6,,55bc6ddc44313ff763cc844ab1e94395bd7434668d1db62f1551ad57696f79f2,,youtube-data-api-v3/commentThreads.list,,smtAdlhwFHA,Strategi Risk Management yang Wajib Dimiliki Setiap Trader,Rizki Aditama | Sekolah Trading,,
youtube,Rizki Aditama | Sekolah Trading,smtAdlhwFHA,https://www.youtube.com/watch?v=smtAdlhwFHA,UgyCFgdsU2HpRx4wINx4AaABAg.AJMbWpZZqEJAJNBi2RzXSh,"@wildantbkchannel9929 broker yang dipakai apa ya mas, yg ada akun centnya",2025-06-15T00:28:28Z,2026-10-01T13:26:56.911279+00:00,0,0,,e5862a15d422a0cfa6192497fb8ecf3cb6f861d31a15c2126a6ca13dde78393d,UgyCFgdsU2HpRx4wINx4AaABAg,youtube-data-api-v3/commentThreads.list,,smtAdlhwFHA,Strategi Risk Management yang Wajib Dimiliki Setiap Trader,Rizki Aditama | Sekolah Trading,,
youtube,Rizki Aditama | Sekolah Trading,smtAdlhwFHA,https://www.youtube.com/watch?v=smtAdlhwFHA,UgyCFgdsU2HpRx4wINx4AaABAg.AJMbWpZZqEJAJPlXDf-Fbe,Enakan akun cent apa standar mas?,2025-06-16T00:28:39Z,2026-10-01T13:26:56.911279+00:00,0,0,,3653775ec1466deeab29051ab5a7d41ff56420ea94ea1fdeea66dc1396ee8e2b,UgyCFgdsU2HpRx4wINx4AaABAg,youtube-data-api-v3/commentThreads.list,,smtAdlhwFHA,Strategi Risk Management yang Wajib Dimiliki Setiap Trader,Rizki Aditama | Sekolah Trading,,
youtube,Rizki Aditama | Sekolah Trading,smtAdlhwFHA,https://www.youtube.com/watch?v=smtAdlhwFHA,UgyCFgdsU2HpRx4wINx4AaABAg.AJMbWpZZqEJAJQlJitzeNW,"Kalo boleh tau abang pakai akum cent,pake broker apa bang?",2025-06-16T09:46:03Z,2026-10-01T13:26:56.911279+00:00,0,0,,824f77bd9db787926bc5ad169324ccf932a58f6ba487b52e0cd1f9bcc00e1930,UgyCFgdsU2HpRx4wINx4AaABAg,youtube-data-api-v3/commentThreads.list,,smtAdlhwFHA,Strategi Risk Management yang Wajib Dimiliki Setiap Trader,Rizki Aditama | Sekolah Trading,,
youtube,Rizki Aditama | Sekolah Trading,smtAdlhwFHA,https://www.youtube.com/watch?v=smtAdlhwFHA,UgyCFgdsU2HpRx4wINx4AaABAg.AJMbWpZZqEJAJQlKsP-9OD,Pakai broker apa bang?,2025-06-16T09:46:12Z,2026-10-01T13:26:56.911279+00:00,0,0,,824f77bd9db787926bc5ad169324ccf932a58f6ba487b52e0cd1f9bcc00e1930,UgyCFgdsU2HpRx4wINx4AaABAg,youtube-data-api-v3/commentThreads.list,,smtAdlhwFHA,Strategi Risk Management yang Wajib Dimiliki Setiap Trader,Rizki Aditama | Sekolah Trading,,
youtube,Rizki Aditama | Sekolah Trading,smtAdlhwFHA,https://www.youtube.com/watch?v=smtAdlhwFHA,UgyCFgdsU2HpRx4wINx4AaABAg.AJMbWpZZqEJAJWCNUILa3l,Maksudnya akun Cent itu apa,2025-06-18T12:27:26Z,2026-10-01T13:26:56.911279+00:00,0,0,,6a6ce0e0ec70861f89f476bc80c1ba89b7eadbf2b68d44f4342f9bd3cf5b6da0,UgyCFgdsU2HpRx4wINx4AaABAg,youtube-data-api-v3/commentThreads.list,,smtAdlhwFHA,Strategi Risk Management yang Wajib Dimiliki Setiap Trader,Rizki Aditama | Sekolah Trading,,
youtube,Rizki Aditama | Sekolah Trading,smtAdlhwFHA,https://www.youtube.com/watch?v=smtAdlhwFHA,UgyA2QOxIFz9vqLlBeh4AaABAg,izin dowload mas,2025-07-17T05:40:23Z,2026-10-01T13:26:56.911279+00:00,0,1,,8b27ef1a6c2a74a8ddc95389e5762762b27aa82d96c12bd4a635ca6dad0eea98,,youtube-data-api-v3/commentThreads.list,,smtAdlhwFHA,Strategi Risk Management yang Wajib Dimiliki Setiap Trader,Rizki Aditama | Sekolah Trading,,
youtube,Rizki Aditama | Sekolah Trading,smtAdlhwFHA,https://www.youtube.com/watch?v=smtAdlhwFHA,Ugy8PsyrCtIx2-jsYBZ4AaABAg,"Paling penting punya modal hahhaha, skil ada g ada modal 😢",2025-06-16T21:19:01Z,2026-10-01T13:26:56.911279+00:00,0,1,,d378249f48d688709df48c5c489b3cd9066c74f2e8161bfb2e23e05e8f99acb3,,youtube-data-api-v3/commentThreads.list,,smtAdlhwFHA,Strategi Risk Management yang Wajib Dimiliki Setiap Trader,Rizki Aditama | Sekolah Trading,,
youtube,Rizki Aditama | Sekolah Trading,smtAdlhwFHA,https://www.youtube.com/watch?v=smtAdlhwFHA,Ugx4QU_yb2t0XYkb36p4AaABAg,Tumben pakai exness pak,2025-06-14T12:06:45Z,2026-10-01T13:26:56.911279+00:00,3,0,,61786bf6bc470f5506d9a141f54fc3852c9892019521c79437dd2af728c1f626,,youtube-data-api-v3/commentThreads.list,,smtAdlhwFHA,Strategi Risk Management yang Wajib Dimiliki Setiap Trader,Rizki Aditama | Sekolah Trading,,
youtube,Rizki Aditama | Sekolah Trading,smtAdlhwFHA,https://www.youtube.com/watch?v=smtAdlhwFHA,Ugz69DRzgVGzHOuGqCB4AaABAg,Buat narasi crypto mas tama,2025-06-15T09:46:30Z,2026-10-01T13:26:56.911279+00:00,0,1,,5c4b79f41643a93be3b003bc40c05e49329b60b8bec3c4ee2721280d17154428,,youtube-data-api-v3/commentThreads.list,,smtAdlhwFHA,Strategi Risk Management yang Wajib Dimiliki Setiap Trader,Rizki Aditama | Sekolah Trading,,
youtube,Rizki Aditama | Sekolah Trading,smtAdlhwFHA,https://www.youtube.com/watch?v=smtAdlhwFHA,UgwJ_UBojgT5JT9QVbd4AaABAg,mas broker ap yg bisa pake dana atau wallet yg lain semoga di jawab,2025-06-15T02:21:45Z,2026-10-01T13:26:56.911279+00:00,1,0,,0cbf180625d8596a77af3da2b2967d775696d6a6f281abd4f716a6e37290a848,,youtube-data-api-v3/commentThreads.list,,smtAdlhwFHA,Strategi Risk Management yang Wajib Dimiliki Setiap Trader,Rizki Aditama | Sekolah Trading,,
youtube,Rizki Aditama | Sekolah Trading,smtAdlhwFHA,https://www.youtube.com/watch?v=smtAdlhwFHA,UgyLgvGtpmdhpLJCMzx4AaABAg,Kalo SL nya sering slippage gimana mas.. Gak bisa konsisten di risk 1% dong jadinya,2025-11-01T13:55:07Z,2026-10-01T13:26:56.911279+00:00,0,0,,ecbf9c0e2f37e0b257496362867f0201715e6251b1aff6e8832dc9b6dbe79fc9,,youtube-data-api-v3/commentThreads.list,,smtAdlhwFHA,Strategi Risk Management yang Wajib Dimiliki Setiap Trader,Rizki Aditama | Sekolah Trading,,
youtube,Rizki Aditama | Sekolah Trading,smtAdlhwFHA,https://www.youtube.com/watch?v=smtAdlhwFHA,UgydXDgSodMlr2pxt4F4AaABAg,"flip coin itu bagus bnget mas...tapi bisa kan di buat lagi video dgn cara flip coin, supaya lebih pasti bahwa flip coin dgn RR yg terjaga masih bisa untung...siapa tau flip coin video mas tama yg pertama hanya beruntung???",2025-07-13T14:06:38Z,2026-10-01T13:26:56.911279+00:00,0,1,,52a616d7c8adb1e4863ac2f53d5f3e016a3f6fb4087cc4b6ced33d03a124a1ba,,youtube-data-api-v3/commentThreads.list,,smtAdlhwFHA,Strategi Risk Management yang Wajib Dimiliki Setiap Trader,Rizki Aditama | Sekolah Trading,,
youtube,Rizki Aditama | Sekolah Trading,smtAdlhwFHA,https://www.youtube.com/watch?v=smtAdlhwFHA,UgxjKT7yPu1Z7syI8YB4AaABAg,"Maaf mas, saya bukan member, tapi dari awal saya trading yang saya tonton itu mas tama. Jadi saya sudah menjalani 1 metode selama -+2 tahun(backtest) dan metode saya mengunakan SnR(scalping) sama seperti mas tama. Tapi saya menggunakan resiko 3% dari modal saya. Di 3 bulan pertama itu saya sudah profit 468%, menurut mas tama metode yang saya gunakan apakah sudah aman? Karena resiko saya itu di 3% per trade, mohon dibantu denganjawabannya mas🙏terimakasih banyak🙏",2025-07-05T16:29:45Z,2026-10-01T13:26:56.911279+00:00,0,0,,7bccfda62b2e1a0a393197c4b33ec25c71f55409c83f0b22ae54600191f78423,,youtube-data-api-v3/commentThreads.list,,smtAdlhwFHA,Strategi Risk Management yang Wajib Dimiliki Setiap Trader,Rizki Aditama | Sekolah Trading,,
youtube,Rizki Aditama | Sekolah Trading,smtAdlhwFHA,https://www.youtube.com/watch?v=smtAdlhwFHA,UgyL6D-vfWVnHmRA4et4AaABAg,"Mas gimana pendapat nya, trading plan saya dengan RR 1:1 probabilitas sebesar 65℅ mas, mohon tanggapan nya🙏",2025-11-15T04:57:39Z,2026-10-01T13:26:56.911279+00:00,0,0,,3a2d5ab20f50d6e29d10b48d4ea2d4e1b304b2c5b6145de980189fa23d33d3f3,,youtube-data-api-v3/commentThreads.list,,smtAdlhwFHA,Strategi Risk Management yang Wajib Dimiliki Setiap Trader,Rizki Aditama | Sekolah Trading,,
youtube,Rizki Aditama | Sekolah Trading,smtAdlhwFHA,https://www.youtube.com/watch?v=smtAdlhwFHA,UgzEFHG_ctLY8A9pqVR4AaABAg,"Mas tolong buatkan video cara pending order buy or sell pakai risk kalkulator di terminal exnes dong, terimakasih sebelumnya🙏 7:32",2025-06-15T12:39:18Z,2026-10-01T13:26:56.911279+00:00,6,1,,62095bf5377cc30d2d0ab2b4fbbe31880cf2edeb92966ffb07251353a4c3d333,,youtube-data-api-v3/commentThreads.list,,smtAdlhwFHA,Strategi Risk Management yang Wajib Dimiliki Setiap Trader,Rizki Aditama | Sekolah Trading,,
youtube,Rizki Aditama | Sekolah Trading,smtAdlhwFHA,https://www.youtube.com/watch?v=smtAdlhwFHA,UgzEFHG_ctLY8A9pqVR4AaABAg.AJOVLmTMy6wALiuIHdBD-p,Gimana pak sudah tau?,2025-08-12T13:12:51Z,2026-10-01T13:26:56.911279+00:00,0,0,,cd1d336d8c05fb9b1759cef8a22cd243a8fbb48f088af0a34020d724de89d12c,UgzEFHG_ctLY8A9pqVR4AaABAg,youtube-data-api-v3/commentThreads.list,,smtAdlhwFHA,Strategi Risk Management yang Wajib Dimiliki Setiap Trader,Rizki Aditama | Sekolah Trading,,
youtube,Rizki Aditama | Sekolah Trading,smtAdlhwFHA,https://www.youtube.com/watch?v=smtAdlhwFHA,UgyfFPVic4CMxpV0gyd4AaABAg,bang tolong bagiin broker dan penjelasan untuk broker yg anda pakai😊,2025-07-09T08:49:58Z,2026-10-01T13:26:56.911279+00:00,1,1,,5a3f6e7b1107b146f098e943a51481d15c99bff529a83f19e2b3c67f3953e97c,,youtube-data-api-v3/commentThreads.list,,smtAdlhwFHA,Strategi Risk Management yang Wajib Dimiliki Setiap Trader,Rizki Aditama | Sekolah Trading,,
youtube,Rizki Aditama | Sekolah Trading,smtAdlhwFHA,https://www.youtube.com/watch?v=smtAdlhwFHA,Ugyjm8PObRy5Ly0eWoN4AaABAg,Aku lbih suka manual lbih menantang ada kata beredebar debar,2025-09-13T00:36:20Z,2026-10-01T13:26:56.911279+00:00,0,0,,b55acae0823b13443e2683199caacb267c5fd18fcd95ef881c6017a8bf92ec61,,youtube-data-api-v3/commentThreads.list,,smtAdlhwFHA,Strategi Risk Management yang Wajib Dimiliki Setiap Trader,Rizki Aditama | Sekolah Trading,,
youtube,Rizki Aditama | Sekolah Trading,smtAdlhwFHA,https://www.youtube.com/watch?v=smtAdlhwFHA,UgzCZqSbtIDlfBi2zMF4AaABAg,"mas Tama 1% itu kan per trade, kalo kita mau entry sehari misal 5x berarti sehari itu risk nya 5% yaa?? itu bagus gak atau ada solusi lainnya? mohon bantuannya🙏🏻🙏🏻🙏🏻",2025-12-22T12:58:00Z,2026-10-01T13:26:56.911279+00:00,0,0,,5ca095afc72622b4680b40ece7cc1975680bd6e9b5220ef68b85ba0f433ef7ac,,youtube-data-api-v3/commentThreads.list,,smtAdlhwFHA,Strategi Risk Management yang Wajib Dimiliki Setiap Trader,Rizki Aditama | Sekolah Trading,,
youtube,Rizki Aditama | Sekolah Trading,smtAdlhwFHA,https://www.youtube.com/watch?v=smtAdlhwFHA,Ugxr_tfmeyhFi76VHPR4AaABAg,"Mas tama saya mau tanya, itu yg kalkulasi otomatis si kuning yg versi baru kah?",2025-08-12T13:11:40Z,2026-10-01T13:26:56.911279+00:00,0,0,,cd1d336d8c05fb9b1759cef8a22cd243a8fbb48f088af0a34020d724de89d12c,,youtube-data-api-v3/commentThreads.list,,smtAdlhwFHA,Strategi Risk Management yang Wajib Dimiliki Setiap Trader,Rizki Aditama | Sekolah Trading,,
youtube,Rizki Aditama | Sekolah Trading,smtAdlhwFHA,https://www.youtube.com/watch?v=smtAdlhwFHA,UgzhUeSSkgpIVxyrAQ94AaABAg,Paltform apa mas yang bisa ngatur Risk tadi ?,2026-09-07T22:58:49Z,2026-10-01T13:26:56.911279+00:00,0,0,,757afdba740990c5c21a3e7dd67e3ae44a0669ce2a805712a455149c95cd48d2,,youtube-data-api-v3/commentThreads.list,,smtAdlhwFHA,Strategi Risk Management yang Wajib Dimiliki Setiap Trader,Rizki Aditama | Sekolah Trading,,
youtube,Rizki Aditama | Sekolah Trading,smtAdlhwFHA,https://www.youtube.com/watch?v=smtAdlhwFHA,UgyFPvQJaIuT9ETTbt54AaABAg,"Mau nanya misal kita los itu uang los kita masuk kemna ya ?
Apakah ke broker ?",2025-06-15T03:23:45Z,2026-10-01T13:26:56.911279+00:00,0,0,,b3174e47e16b6851c3e5b0f33657d21c2fc67aada8b0bf4991a145e8d5ec8257,,youtube-data-api-v3/commentThreads.list,,smtAdlhwFHA,Strategi Risk Management yang Wajib Dimiliki Setiap Trader,Rizki Aditama | Sekolah Trading,,
youtube,Rizki Aditama | Sekolah Trading,smtAdlhwFHA,https://www.youtube.com/watch?v=smtAdlhwFHA,Ugzk14EUvup1j1Vf92p4AaABAg,Analisa gold... Minimal tahan brapa pips sih mas.. Aku nahan 20pips kna   SL TRus... Dah aku tetapin -20pips + 40pips... .. Kebanyakn kna sl dlu baru up,2025-07-15T10:52:13Z,2026-10-01T13:26:56.911279+00:00,0,0,,8c36a239902a3e6d9ed45796e9bacfed982870a5f6c08f5418bcb5bdfc7aa999,,youtube-data-api-v3/commentThreads.list,,smtAdlhwFHA,Strategi Risk Management yang Wajib Dimiliki Setiap Trader,Rizki Aditama | Sekolah Trading,,
youtube,Rizki Aditama | Sekolah Trading,smtAdlhwFHA,https://www.youtube.com/watch?v=smtAdlhwFHA,UgwPThX0Ip5ltiS82ZR4AaABAg,Itu pakai chart apa? Seperti ninja trader,2026-07-12T17:21:24Z,2026-10-01T13:26:56.911279+00:00,0,0,,57f8089e4929aa18dc4da0da658542573d7fa784e30268513d43687cabffb35d,,youtube-data-api-v3/commentThreads.list,,smtAdlhwFHA,Strategi Risk Management yang Wajib Dimiliki Setiap Trader,Rizki Aditama | Sekolah Trading,,
youtube,Rizki Aditama | Sekolah Trading,smtAdlhwFHA,https://www.youtube.com/watch?v=smtAdlhwFHA,Ugw9lOAd4ho888Cw_LF4AaABAg,/ tred itu 1 layer atau berala,2025-06-15T14:27:10Z,2026-10-01T13:26:56.911279+00:00,0,0,,15780641a105f08f7ab379358992de1cd4231b76883f31d4c13e55d61f9453a4,,youtube-data-api-v3/commentThreads.list,,smtAdlhwFHA,Strategi Risk Management yang Wajib Dimiliki Setiap Trader,Rizki Aditama | Sekolah Trading,,
youtube,Rizki Aditama | Sekolah Trading,smtAdlhwFHA,https://www.youtube.com/watch?v=smtAdlhwFHA,UgxhGgISIChGr--DTPx4AaABAg,Mas tama ini versi AI ya?,2025-06-14T19:29:47Z,2026-10-01T13:26:56.911279+00:00,0,0,,4a97030b8440b872344682fd95a668ae0bdc44b66337388adffd81044805f41f,,youtube-data-api-v3/commentThreads.list,,smtAdlhwFHA,Strategi Risk Management yang Wajib Dimiliki Setiap Trader,Rizki Aditama | Sekolah Trading,,
youtube,Rizki Aditama | Sekolah Trading,smtAdlhwFHA,https://www.youtube.com/watch?v=smtAdlhwFHA,Ugw1lD0ybWolg0CHWMx4AaABAg,"mas tama, coba review broker luar ""fortuno market"" saya masih akun demo sih disana, cuma disana juga disediain berita/news terus ada kalender yg juga ada bar impactnya ngaruh atau tidaknya ke pair yg dimaksud
terima kasih semoga dibuatin videonya",2025-06-14T16:17:30Z,2026-10-01T13:26:56.911279+00:00,0,0,,1d99dad9b4f6e68c0ad26fe8022169b9027a4efa4e8b37e26eaf8d6aa99fb60d,,youtube-data-api-v3/commentThreads.list,,smtAdlhwFHA,Strategi Risk Management yang Wajib Dimiliki Setiap Trader,Rizki Aditama | Sekolah Trading,,
youtube,Rizki Aditama | Sekolah Trading,smtAdlhwFHA,https://www.youtube.com/watch?v=smtAdlhwFHA,UgzlmBzoN5eYuTKkG-t4AaABAg,kak exnes saya gk menerima kode verifikasi kak gk masuk ke nomer sy,2025-07-23T14:42:42Z,2026-10-01T13:26:56.911279+00:00,0,0,,704a405ffe52e989582f562391e7e8233aa1320e59cbb10b40d1dede47559038,,youtube-data-api-v3/commentThreads.list,,smtAdlhwFHA,Strategi Risk Management yang Wajib Dimiliki Setiap Trader,Rizki Aditama | Sekolah Trading,,
youtube,Rizki Aditama | Sekolah Trading,smtAdlhwFHA,https://www.youtube.com/watch?v=smtAdlhwFHA,Ugyde5fYaO_wyaHTEZR4AaABAg,"Gw sering banget loss gara gara emosi, dari semua analisa gw 70% benar semua, dari belajar sama abang, loss nya gara gara g sabaran liat saldo minus dan langsung stop order :(",2025-06-14T20:21:28Z,2026-10-01T13:26:56.911279+00:00,0,2,,212ec4ca1da55b3da1fcfd5e5f673752d901a25393edc8fcdcbea591b11f0fdf,,youtube-data-api-v3/commentThreads.list,,smtAdlhwFHA,Strategi Risk Management yang Wajib Dimiliki Setiap Trader,Rizki Aditama | Sekolah Trading,,
youtube,Rizki Aditama | Sekolah Trading,smtAdlhwFHA,https://www.youtube.com/watch?v=smtAdlhwFHA,Ugyde5fYaO_wyaHTEZR4AaABAg.AJMkRyxnH1DAJfwAYMFM5z,"senasib bang, liat mines langsung panik cl, profit dikit langsung tp 🥲",2025-06-22T16:28:46Z,2026-10-01T13:26:56.911279+00:00,0,0,,d55d4d00386fa63330aebc0917580906b1a01d90cd7acf13957c31a2f2286c23,Ugyde5fYaO_wyaHTEZR4AaABAg,youtube-data-api-v3/commentThreads.list,,smtAdlhwFHA,Strategi Risk Management yang Wajib Dimiliki Setiap Trader,Rizki Aditama | Sekolah Trading,,
youtube,Rizki Aditama | Sekolah Trading,smtAdlhwFHA,https://www.youtube.com/watch?v=smtAdlhwFHA,UgyaxYPjc258rfwJK8d4AaABAg,"Kalo RR 1:1,5 gimana kak,
Bagus ngga",2025-10-03T10:15:44Z,2026-10-01T13:26:56.911279+00:00,0,0,,61cc9059206b0cec9445e9d0e530077bce550d135247e6184e52282b23fc3f95,,youtube-data-api-v3/commentThreads.list,,smtAdlhwFHA,Strategi Risk Management yang Wajib Dimiliki Setiap Trader,Rizki Aditama | Sekolah Trading,,
youtube,Rizki Aditama | Sekolah Trading,smtAdlhwFHA,https://www.youtube.com/watch?v=smtAdlhwFHA,UgykPtMnTdb0LLOGXXF4AaABAg,Kaka make aplikasi apa kak,2025-11-30T04:25:19Z,2026-10-01T13:26:56.911279+00:00,0,0,,d1189ce3ecc437f3b8a7ef3b1021d82b51232799a4868cfa8affaca96b564067,,youtube-data-api-v3/commentThreads.list,,smtAdlhwFHA,Strategi Risk Management yang Wajib Dimiliki Setiap Trader,Rizki Aditama | Sekolah Trading,,
youtube,Rizki Aditama | Sekolah Trading,smtAdlhwFHA,https://www.youtube.com/watch?v=smtAdlhwFHA,UgzczE-OVq7_LUqpfRx4AaABAg,Bagi wa bang 😂,2025-11-20T19:31:08Z,2026-10-01T13:26:56.911279+00:00,0,0,,fdb6399a460ac734bd6895d51a27bbc90c47048dde2d7033618082ee9bb7b01d,,youtube-data-api-v3/commentThreads.list,,smtAdlhwFHA,Strategi Risk Management yang Wajib Dimiliki Setiap Trader,Rizki Aditama | Sekolah Trading,,
youtube,Rizki Aditama | Sekolah Trading,smtAdlhwFHA,https://www.youtube.com/watch?v=smtAdlhwFHA,UgxmP6LubMoEQ8ji1r94AaABAg,Sebagai saran.. Meja warna terang dn ltr blkng tablet nya putih... Yang matanya silinder itu sengsara liat nya.. Buat lah video buat semua kalngan bisa melihat dgn nyaman.,2025-06-14T14:52:23Z,2026-10-01T13:26:56.911279+00:00,0,2,,19d2ecc539ccf7bd1c129520aab5ed8582e1d9544225fa463d587c3d8f59e775,,youtube-data-api-v3/commentThreads.list,,smtAdlhwFHA,Strategi Risk Management yang Wajib Dimiliki Setiap Trader,Rizki Aditama | Sekolah Trading,,
youtube,Rizki Aditama | Sekolah Trading,smtAdlhwFHA,https://www.youtube.com/watch?v=smtAdlhwFHA,UgxmP6LubMoEQ8ji1r94AaABAg.AJM9mbBLiRWAJMK2iJTEu-,Ribet Lo ah,2025-06-14T16:22:06Z,2026-10-01T13:26:56.911279+00:00,0,0,,7c8c3bb9fdd507b3fab62265d2699df02b6ef0c782f96705ca7543bf520d78e6,UgxmP6LubMoEQ8ji1r94AaABAg,youtube-data-api-v3/commentThreads.list,,smtAdlhwFHA,Strategi Risk Management yang Wajib Dimiliki Setiap Trader,Rizki Aditama | Sekolah Trading,,
youtube,Rizki Aditama | Sekolah Trading,smtAdlhwFHA,https://www.youtube.com/watch?v=smtAdlhwFHA,Ugx5FPR9PXMMr1jWeJB4AaABAg,Appk apa ini kak exnes kah,2025-07-02T12:36:38Z,2026-10-01T13:26:56.911279+00:00,0,0,,d3fb4a9328b0f91682d940e78744e0518ef387f16423a98d68b6bf96e30cc445,,youtube-data-api-v3/commentThreads.list,,smtAdlhwFHA,Strategi Risk Management yang Wajib Dimiliki Setiap Trader,Rizki Aditama | Sekolah Trading,,
youtube,Rizki Aditama | Sekolah Trading,smtAdlhwFHA,https://www.youtube.com/watch?v=smtAdlhwFHA,UgzaPW_YftSsWWs8N4F4AaABAg,kok di saya bahasa inggris ya,2025-07-28T21:03:15Z,2026-10-01T13:26:56.911279+00:00,0,0,,b8c244fe30e18b2848dbdeec21b3aa8f81fcef6a9e08b888de37f17750017be4,,youtube-data-api-v3/commentThreads.list,,smtAdlhwFHA,Strategi Risk Management yang Wajib Dimiliki Setiap Trader,Rizki Aditama | Sekolah Trading,,
youtube,Rizki Aditama | Sekolah Trading,smtAdlhwFHA,https://www.youtube.com/watch?v=smtAdlhwFHA,UgyOT-_NPlxKjMp4lJZ4AaABAg,"Mas, untuk capai target 10% per bulan gimana ya? Apakah harus entry tiap hari gitu? Moga dibikinin video khususnya😅🙏",2025-06-14T12:17:19Z,2026-10-01T13:26:56.911279+00:00,4,5,,ef28cd819d473b849efb49bf3f1b36fb64764ef571c7a632e01370eda32a5f18,,youtube-data-api-v3/commentThreads.list,,smtAdlhwFHA,Strategi Risk Management yang Wajib Dimiliki Setiap Trader,Rizki Aditama | Sekolah Trading,,
youtube,Rizki Aditama | Sekolah Trading,smtAdlhwFHA,https://www.youtube.com/watch?v=smtAdlhwFHA,UgyOT-_NPlxKjMp4lJZ4AaABAg.AJLt1wMO_sPAJLugx9Vx6z,@Toha891 kalo aku target 1% perhari mas,2025-06-14T12:31:48Z,2026-10-01T13:26:56.911279+00:00,1,0,,dbb1edfb0e0edf485b7953774c9dba0f55610c4731d3cf61c287ec8b4b4debe3,UgyOT-_NPlxKjMp4lJZ4AaABAg,youtube-data-api-v3/commentThreads.list,,smtAdlhwFHA,Strategi Risk Management yang Wajib Dimiliki Setiap Trader,Rizki Aditama | Sekolah Trading,,
youtube,Rizki Aditama | Sekolah Trading,smtAdlhwFHA,https://www.youtube.com/watch?v=smtAdlhwFHA,UgyOT-_NPlxKjMp4lJZ4AaABAg.AJLt1wMO_sPAJLvCOG0zJi,​@clipperbangran25sebulan 30% gitu?,2025-06-14T12:36:13Z,2026-10-01T13:26:56.911279+00:00,1,0,,c9d3a9823c7ff57c45e3bdcebd9d3e082263ddeecdf051f1be64362d2b963b95,UgyOT-_NPlxKjMp4lJZ4AaABAg,youtube-data-api-v3/commentThreads.list,,smtAdlhwFHA,Strategi Risk Management yang Wajib Dimiliki Setiap Trader,Rizki Aditama | Sekolah Trading,,
youtube,Rizki Aditama | Sekolah Trading,smtAdlhwFHA,https://www.youtube.com/watch?v=smtAdlhwFHA,UgyOT-_NPlxKjMp4lJZ4AaABAg.AJLt1wMO_sPAJLzD10O14R,@hayou991 kan trading seminggu cuma 5 hari. Gak sampai 30 brarti. (Kecuali trading kripto si),2025-06-14T13:11:16Z,2026-10-01T13:26:56.911279+00:00,1,0,,959c5af9f1cfcd81e14dc02297c443635d39df67872c6a23312853285116045e,UgyOT-_NPlxKjMp4lJZ4AaABAg,youtube-data-api-v3/commentThreads.list,,smtAdlhwFHA,Strategi Risk Management yang Wajib Dimiliki Setiap Trader,Rizki Aditama | Sekolah Trading,,
youtube,Rizki Aditama | Sekolah Trading,smtAdlhwFHA,https://www.youtube.com/watch?v=smtAdlhwFHA,UgyOT-_NPlxKjMp4lJZ4AaABAg.AJLt1wMO_sPAJMCrEBCh5l,"Gede banget sih 10% perbulan,kalo modal kecil sih bisa aja tapi gk mikirin RRnya",2025-06-14T15:19:13Z,2026-10-01T13:26:56.911279+00:00,0,0,,298e8dc144a944c72939ab49a178adeebe3d758a481ac06aae1960b5554b636d,UgyOT-_NPlxKjMp4lJZ4AaABAg,youtube-data-api-v3/commentThreads.list,,smtAdlhwFHA,Strategi Risk Management yang Wajib Dimiliki Setiap Trader,Rizki Aditama | Sekolah Trading,,
youtube,Rizki Aditama | Sekolah Trading,smtAdlhwFHA,https://www.youtube.com/watch?v=smtAdlhwFHA,UgyOT-_NPlxKjMp4lJZ4AaABAg.AJLt1wMO_sPAJOJ0XcHpaH,"Saya bisa 5% perhari.., bisa 60 OP dengan SL",2025-06-15T10:51:32Z,2026-10-01T13:26:56.911279+00:00,0,0,,084a44a056b3456d2d168319485b85ba23480fe679e1529fc5f3e0dadfbdcc9d,UgyOT-_NPlxKjMp4lJZ4AaABAg,youtube-data-api-v3/commentThreads.list,,smtAdlhwFHA,Strategi Risk Management yang Wajib Dimiliki Setiap Trader,Rizki Aditama | Sekolah Trading,,
youtube,Rizki Aditama | Sekolah Trading,smtAdlhwFHA,https://www.youtube.com/watch?v=smtAdlhwFHA,Ugy9VUfGZp1kQwSd-ql4AaABAg,Bang kita psg resiko 1% tapi terkdg kita digocek. Market malah jadinya mantul. Nyikapinya gimana?,2025-06-14T12:10:22Z,2026-10-01T13:26:56.911279+00:00,1,4,,befe66008193d3913b11b5135d4c8257f1bc4550fcaffb33b58d044698869f3b,,youtube-data-api-v3/commentThreads.list,,smtAdlhwFHA,Strategi Risk Management yang Wajib Dimiliki Setiap Trader,Rizki Aditama | Sekolah Trading,,
youtube,Rizki Aditama | Sekolah Trading,smtAdlhwFHA,https://www.youtube.com/watch?v=smtAdlhwFHA,Ugy9VUfGZp1kQwSd-ql4AaABAg.AJLsF089CQHAJLun3Xg-81,"Tergantung modal bang, kalo modal dikit sl semakin mepet rawan kena sl",2025-06-14T12:32:38Z,2026-10-01T13:26:56.911279+00:00,1,0,,efdef6b05375ff58e3b6ec0b061399c56568bfd01443e4a60aae875c63773981,Ugy9VUfGZp1kQwSd-ql4AaABAg,youtube-data-api-v3/commentThreads.list,,smtAdlhwFHA,Strategi Risk Management yang Wajib Dimiliki Setiap Trader,Rizki Aditama | Sekolah Trading,,
youtube,Rizki Aditama | Sekolah Trading,smtAdlhwFHA,https://www.youtube.com/watch?v=smtAdlhwFHA,Ugy9VUfGZp1kQwSd-ql4AaABAg.AJLsF089CQHAJLuwc2oPCm,Betul,2025-06-14T12:33:56Z,2026-10-01T13:26:56.911279+00:00,1,0,,dbb1edfb0e0edf485b7953774c9dba0f55610c4731d3cf61c287ec8b4b4debe3,Ugy9VUfGZp1kQwSd-ql4AaABAg,youtube-data-api-v3/commentThreads.list,,smtAdlhwFHA,Strategi Risk Management yang Wajib Dimiliki Setiap Trader,Rizki Aditama | Sekolah Trading,,
youtube,Rizki Aditama | Sekolah Trading,smtAdlhwFHA,https://www.youtube.com/watch?v=smtAdlhwFHA,Ugy9VUfGZp1kQwSd-ql4AaABAg.AJLsF089CQHAJLv073nmRW,Udh paling bener profit 1 persen aja sehari 😂,2025-06-14T12:34:33Z,2026-10-01T13:26:56.911279+00:00,1,0,,dbb1edfb0e0edf485b7953774c9dba0f55610c4731d3cf61c287ec8b4b4debe3,Ugy9VUfGZp1kQwSd-ql4AaABAg,youtube-data-api-v3/commentThreads.list,,smtAdlhwFHA,Strategi Risk Management yang Wajib Dimiliki Setiap Trader,Rizki Aditama | Sekolah Trading,,
youtube,Rizki Aditama | Sekolah Trading,smtAdlhwFHA,https://www.youtube.com/watch?v=smtAdlhwFHA,Ugy9VUfGZp1kQwSd-ql4AaABAg.AJLsF089CQHAJME7tPznCn,"Pilih pairnya di mata uang,dan kecilin lot,dijamin SL bisa lebar walau 1%
Setelah entry biarin aja sampe TP/Loss",2025-06-14T15:30:22Z,2026-10-01T13:26:56.911279+00:00,0,0,,298e8dc144a944c72939ab49a178adeebe3d758a481ac06aae1960b5554b636d,Ugy9VUfGZp1kQwSd-ql4AaABAg,youtube-data-api-v3/commentThreads.list,,smtAdlhwFHA,Strategi Risk Management yang Wajib Dimiliki Setiap Trader,Rizki Aditama | Sekolah Trading,,
youtube,Rizki Aditama | Sekolah Trading,smtAdlhwFHA,https://www.youtube.com/watch?v=smtAdlhwFHA,UgwHAeYeFqCFlMh2JsJ4AaABAg,Itu yg di contohin pakai broker apa mas? bisa adjust otomatis lot nya,2025-08-25T04:18:32Z,2026-10-01T13:26:56.911279+00:00,0,1,,0c720e520074ff61ce07dbe44f8ae175b7ecca474cfaeb4e93cad5cfb64a7c09,,youtube-data-api-v3/commentThreads.list,,smtAdlhwFHA,Strategi Risk Management yang Wajib Dimiliki Setiap Trader,Rizki Aditama | Sekolah Trading,,
youtube,Rizki Aditama | Sekolah Trading,smtAdlhwFHA,https://www.youtube.com/watch?v=smtAdlhwFHA,Ugw5EB0cx2-m1i1F-qJ4AaABAg,"mas kalo kita menggunakan multiple timeframe, h1 untuk menentukan trend trus time frame berapa untuk entry nya?",2025-06-14T15:05:43Z,2026-10-01T13:26:56.911279+00:00,0,1,,41414415a55061f6c61c3d9b78211571cf49cc360644ba8af3f5726a2f4f3c30,,youtube-data-api-v3/commentThreads.list,,smtAdlhwFHA,Strategi Risk Management yang Wajib Dimiliki Setiap Trader,Rizki Aditama | Sekolah Trading,,
youtube,Rizki Aditama | Sekolah Trading,smtAdlhwFHA,https://www.youtube.com/watch?v=smtAdlhwFHA,Ugw5EB0cx2-m1i1F-qJ4AaABAg.AJMBJKnq4MpAJNEqA3kMh6,Bisa di m15,2025-06-15T00:55:48Z,2026-10-01T13:26:56.911279+00:00,0,0,,4396b222a351a759a60feaa4a03c8866e5858a10ef8fe9f8f0cbe139722ff93c,Ugw5EB0cx2-m1i1F-qJ4AaABAg,youtube-data-api-v3/commentThreads.list,,smtAdlhwFHA,Strategi Risk Management yang Wajib Dimiliki Setiap Trader,Rizki Aditama | Sekolah Trading,,
youtube,Rizki Aditama | Sekolah Trading,smtAdlhwFHA,https://www.youtube.com/watch?v=smtAdlhwFHA,UgzdC5A_9KNkEmUwNY14AaABAg,Kenapa harus pake risk 1:2 kenapa ngga 1:3 atau 1:4,2025-06-14T17:49:24Z,2026-10-01T13:26:56.911279+00:00,0,1,,f7de9abb749f05cf4b5b71c200ec498370087ff478b1ff11e79a096eef48772d,,youtube-data-api-v3/commentThreads.list,,smtAdlhwFHA,Strategi Risk Management yang Wajib Dimiliki Setiap Trader,Rizki Aditama | Sekolah Trading,,
youtube,Rizki Aditama | Sekolah Trading,smtAdlhwFHA,https://www.youtube.com/watch?v=smtAdlhwFHA,UgzdC5A_9KNkEmUwNY14AaABAg.AJMU2DXfZIXAJOk7fPB6yU,"@gaming_oleng 1% itu kerugian : 2% itu keuntungan, nembus profit 2% aja udh senam jantung,, apalagi profitnya di bikin 3% atau 4%, dan perlu diingat metode 1:3 atau metode 1:4  jarang kena Tp setiap hari,, yang jadi masalahnya lagi apakah mental psikologi mu aman,, jika 5 hari berturut-turut SL terus.

Selain money management, psikologi juga harus di management",2025-06-15T14:57:11Z,2026-10-01T13:26:56.911279+00:00,0,0,,2d516389509e9b116e84473162ed9d74017c057a7c49b96f5ff998e6a10d201e,UgzdC5A_9KNkEmUwNY14AaABAg,youtube-data-api-v3/commentThreads.list,,smtAdlhwFHA,Strategi Risk Management yang Wajib Dimiliki Setiap Trader,Rizki Aditama | Sekolah Trading,,
youtube,Rizki Aditama | Sekolah Trading,smtAdlhwFHA,https://www.youtube.com/watch?v=smtAdlhwFHA,Ugx8vhfBjgGuTy0PiCd4AaABAg,"Bang leverage itu mempengaruhi untung ruginya ga si bang. Semisal lot 0.01 kalo leverage 1:100 sama leverage 1:2000, untuk pergerakannya mempengaruhi untung ruginya ga bang apaa ttp sama 10 pipsnya 1 usd?",2025-08-21T00:08:46Z,2026-10-01T13:26:56.911279+00:00,0,1,,3de4286bdd09aa3b50cb1e14cb08a2505a590582acf4beecc4ffd637aeab8cd9,,youtube-data-api-v3/commentThreads.list,,smtAdlhwFHA,Strategi Risk Management yang Wajib Dimiliki Setiap Trader,Rizki Aditama | Sekolah Trading,,
youtube,Rizki Aditama | Sekolah Trading,smtAdlhwFHA,https://www.youtube.com/watch?v=smtAdlhwFHA,UgzD-ev12hXKYJXherV4AaABAg,kalo boleh nanya broker yang mas risky maksut exness ga si mass?,2025-08-27T03:59:56Z,2026-10-01T13:26:56.911279+00:00,0,1,,e24ea7c416db0e5b20b82de298d5e368774bf8d6ee46c5faea732f3fff6cc29b,,youtube-data-api-v3/commentThreads.list,,smtAdlhwFHA,Strategi Risk Management yang Wajib Dimiliki Setiap Trader,Rizki Aditama | Sekolah Trading,,
youtube,Rizki Aditama | Sekolah Trading,smtAdlhwFHA,https://www.youtube.com/watch?v=smtAdlhwFHA,UgwLc03wmdTYoo6O1sJ4AaABAg,"Mas untuk buku nya apakah sudah ada di semua platform online shop, atau hanya ada di shopee",2025-06-14T12:19:19Z,2026-10-01T13:26:56.911279+00:00,1,1,,9a00015f05b284f449be2679d47db79d0af951f634257fac291e081126d1b57f,,youtube-data-api-v3/commentThreads.list,,smtAdlhwFHA,Strategi Risk Management yang Wajib Dimiliki Setiap Trader,Rizki Aditama | Sekolah Trading,,
youtube,Rizki Aditama | Sekolah Trading,smtAdlhwFHA,https://www.youtube.com/watch?v=smtAdlhwFHA,UgyWGyButfSDXi5v87F4AaABAg,Bisa di terapkan di crypto gak bang ?,2025-08-26T01:51:05Z,2026-10-01T13:26:56.911279+00:00,0,1,,16885489b517c899367f22f003d6ec8bdd5d60d88dd9d049757bb28fcf674ee8,,youtube-data-api-v3/commentThreads.list,,smtAdlhwFHA,Strategi Risk Management yang Wajib Dimiliki Setiap Trader,Rizki Aditama | Sekolah Trading,,
youtube,Rizki Aditama | Sekolah Trading,smtAdlhwFHA,https://www.youtube.com/watch?v=smtAdlhwFHA,UgyMnOTuV4X00IkJZ9h4AaABAg,"pak saran gw mau trading tapi masih ga punya rek, apakah saya harus ngumpulin modal & pelajari ilmu dulu atau langsung terjun ke market",2025-06-15T02:13:47Z,2026-10-01T13:26:56.911279+00:00,0,2,,8007d1e7c7786ab104d74335290f0f16fa5c89836dfca4d741b3c33cac10baa7,,youtube-data-api-v3/commentThreads.list,,smtAdlhwFHA,Strategi Risk Management yang Wajib Dimiliki Setiap Trader,Rizki Aditama | Sekolah Trading,,
youtube,Rizki Aditama | Sekolah Trading,smtAdlhwFHA,https://www.youtube.com/watch?v=smtAdlhwFHA,UgyMnOTuV4X00IkJZ9h4AaABAg.AJNNlPHoWgEAJNTuK9lcOq,Wqwkw sama kita kalau saya terjun,2025-06-15T03:07:26Z,2026-10-01T13:26:56.911279+00:00,0,0,,4396b222a351a759a60feaa4a03c8866e5858a10ef8fe9f8f0cbe139722ff93c,UgyMnOTuV4X00IkJZ9h4AaABAg,youtube-data-api-v3/commentThreads.list,,smtAdlhwFHA,Strategi Risk Management yang Wajib Dimiliki Setiap Trader,Rizki Aditama | Sekolah Trading,,
youtube,Rizki Aditama | Sekolah Trading,smtAdlhwFHA,https://www.youtube.com/watch?v=smtAdlhwFHA,UgyMnOTuV4X00IkJZ9h4AaABAg.AJNNlPHoWgEAJOOmYgdtvr,Kerja dulu,2025-06-15T11:41:55Z,2026-10-01T13:26:56.911279+00:00,0,0,,651bb0b8b64dd8019a91f729981f6564d28681c766ce8f63e8f1945bdac48b17,UgyMnOTuV4X00IkJZ9h4AaABAg,youtube-data-api-v3/commentThreads.list,,smtAdlhwFHA,Strategi Risk Management yang Wajib Dimiliki Setiap Trader,Rizki Aditama | Sekolah Trading,,
youtube,Rizki Aditama | Sekolah Trading,smtAdlhwFHA,https://www.youtube.com/watch?v=smtAdlhwFHA,UgwUM63ucZZWYJICMtl4AaABAg,Bang abang tinggal di brebes yaaa ?,2025-06-23T01:46:38Z,2026-10-01T13:26:56.911279+00:00,0,1,,cf629e4f74c25a875c32f37a61e431c56886b76eb746e68262d689328d6f83cd,,youtube-data-api-v3/commentThreads.list,,smtAdlhwFHA,Strategi Risk Management yang Wajib Dimiliki Setiap Trader,Rizki Aditama | Sekolah Trading,,
youtube,Rizki Aditama | Sekolah Trading,smtAdlhwFHA,https://www.youtube.com/watch?v=smtAdlhwFHA,UgxWaC1ZBSqsa7A8dRJ4AaABAg,"Kenapa aku masih bingung perhitungannya😢 kan modalnya 10jt ruginya 6 juta, menang 8juta. Dmna untung 2juta? Bukannya masih kurang 2 juta buat genap 10 juta🙃",2025-09-16T11:38:32Z,2026-10-01T13:26:56.911279+00:00,0,2,,411770eb4bb5bee3722e71309d455251ce2a8cdf0643ac2df0196ad83ee93759,,youtube-data-api-v3/commentThreads.list,,smtAdlhwFHA,Strategi Risk Management yang Wajib Dimiliki Setiap Trader,Rizki Aditama | Sekolah Trading,,
youtube,Rizki Aditama | Sekolah Trading,smtAdlhwFHA,https://www.youtube.com/watch?v=smtAdlhwFHA,UgxWaC1ZBSqsa7A8dRJ4AaABAg.AN7rK4QSJy_AN9gbmZJSDk,"@hello_ghaiss2254 60xgagal 6.000.000
Sisa 4 juta, kamu open posisi dan bener menghasilkan 8.000.000 + modalmu 4.000.000 total modal dan hasil 12.000.000
Matematika masih SD pak masak gak paham",2025-09-17T04:43:27Z,2026-10-01T13:26:56.911279+00:00,0,0,,d727f272c696617a799899e288ce447217977604264d9de5e5215e326e3ec244,UgxWaC1ZBSqsa7A8dRJ4AaABAg,youtube-data-api-v3/commentThreads.list,,smtAdlhwFHA,Strategi Risk Management yang Wajib Dimiliki Setiap Trader,Rizki Aditama | Sekolah Trading,,
youtube,Rizki Aditama | Sekolah Trading,smtAdlhwFHA,https://www.youtube.com/watch?v=smtAdlhwFHA,UgxWaC1ZBSqsa7A8dRJ4AaABAg.AN7rK4QSJy_AO__8KCDoaI,"Gini loh mba
Jika mba punya modal 10 pas di tradingkan kemudian rugi 6 juta dan sisa modal tinggal 4 , 
Dari sisa modal masih bisa di tradingkan adalah 4, 

Kemudian mba untung 8 
Maka sisa modal 4 ditambah untung 8 = 12

Kan modal di awal 10 trus di akun sekarang  jadi 12

12-10 = 2 mba

Ya untung lah 2 

Begitu kisah nya",2025-10-22T11:49:00Z,2026-10-01T13:26:56.911279+00:00,0,0,,77dc0db662d9c1bb060e90656c9ca7639eef246bc8718f5a2b1fdfd7e04b3684,UgxWaC1ZBSqsa7A8dRJ4AaABAg,youtube-data-api-v3/commentThreads.list,,smtAdlhwFHA,Strategi Risk Management yang Wajib Dimiliki Setiap Trader,Rizki Aditama | Sekolah Trading,,
youtube,Rizki Aditama | Sekolah Trading,smtAdlhwFHA,https://www.youtube.com/watch?v=smtAdlhwFHA,Ugzt7wdNhyj8bdENO4x4AaABAg,boleh minta scriptnya mas? itu pakek script yang mana,2025-06-16T04:50:48Z,2026-10-01T13:26:56.911279+00:00,0,1,,74c976d37b9d726b43ed9b027a17ad1bf65a024162578378fb4bec237881cab9,,youtube-data-api-v3/commentThreads.list,,smtAdlhwFHA,Strategi Risk Management yang Wajib Dimiliki Setiap Trader,Rizki Aditama | Sekolah Trading,,
youtube,Rizki Aditama | Sekolah Trading,smtAdlhwFHA,https://www.youtube.com/watch?v=smtAdlhwFHA,Ugzt7wdNhyj8bdENO4x4AaABAg.AJQEXL8A6nhAJQEo3yRZVB,yang menit 7:32,2025-06-16T04:53:14Z,2026-10-01T13:26:56.911279+00:00,0,0,,74c976d37b9d726b43ed9b027a17ad1bf65a024162578378fb4bec237881cab9,Ugzt7wdNhyj8bdENO4x4AaABAg,youtube-data-api-v3/commentThreads.list,,smtAdlhwFHA,Strategi Risk Management yang Wajib Dimiliki Setiap Trader,Rizki Aditama | Sekolah Trading,,
youtube,Rizki Aditama | Sekolah Trading,smtAdlhwFHA,https://www.youtube.com/watch?v=smtAdlhwFHA,UgyIDeMYv6df5gW8l3t4AaABAg,"Ada grup wa gag bang?
Saya mau belajar bang",2026-05-27T16:12:58Z,2026-10-01T13:26:56.911279+00:00,0,2,,b3d7ef6321a9a696787e9e4910ecbe859e531beb96a4935f0b4e2efecda33bf5,,youtube-data-api-v3/commentThreads.list,,smtAdlhwFHA,Strategi Risk Management yang Wajib Dimiliki Setiap Trader,Rizki Aditama | Sekolah Trading,,
youtube,Rizki Aditama | Sekolah Trading,smtAdlhwFHA,https://www.youtube.com/watch?v=smtAdlhwFHA,UgyIDeMYv6df5gW8l3t4AaABAg.AXJnqYZ0DHoAXTuZvmsM8J,"​@RizkiAditama
Ini telegram atau via chat wa bg",2026-05-31T14:24:08Z,2026-10-01T13:26:56.911279+00:00,0,0,,b3d7ef6321a9a696787e9e4910ecbe859e531beb96a4935f0b4e2efecda33bf5,UgyIDeMYv6df5gW8l3t4AaABAg,youtube-data-api-v3/commentThreads.list,,smtAdlhwFHA,Strategi Risk Management yang Wajib Dimiliki Setiap Trader,Rizki Aditama | Sekolah Trading,,
youtube,Rizki Aditama | Sekolah Trading,smtAdlhwFHA,https://www.youtube.com/watch?v=smtAdlhwFHA,UgxI_TZimupGr-tgRiJ4AaABAg,"mas izin tanya, pake broker apa ya yang aman?",2025-06-15T09:31:39Z,2026-10-01T13:26:56.911279+00:00,0,1,,cbefe87cd4135faaafcd2bf30769066e43d4658395f638cfe868703b17801a18,,youtube-data-api-v3/commentThreads.list,,smtAdlhwFHA,Strategi Risk Management yang Wajib Dimiliki Setiap Trader,Rizki Aditama | Sekolah Trading,,
youtube,Rizki Aditama | Sekolah Trading,smtAdlhwFHA,https://www.youtube.com/watch?v=smtAdlhwFHA,UgyLIUiLyx6gIVaF7PN4AaABAg,Kalau laverage nya 1:1 gimana bang,2026-02-16T09:18:14Z,2026-10-01T13:26:56.911279+00:00,0,1,,16e85bc2e0139b22e439f2a19d515a5a3b60748141bbd979d5c4e6d7856877e6,,youtube-data-api-v3/commentThreads.list,,smtAdlhwFHA,Strategi Risk Management yang Wajib Dimiliki Setiap Trader,Rizki Aditama | Sekolah Trading,,
youtube,Rizki Aditama | Sekolah Trading,smtAdlhwFHA,https://www.youtube.com/watch?v=smtAdlhwFHA,UgzACOcoUYzX0FZZo-R4AaABAg,"bang leverage tuh berarti kita modal 10$ x 1:100 = 1.000$ nah berarti 990$ ini tuh brrti minjem, apa kita harus profit lebih dari leverage itu ? misal 1.000$ kita harus profit 2.000$ gtu bang? nah dari profit 2.000$ itu bakal jadi hasil kita semua atau 1.000$ nya dibalikin ke broker bang?",2025-10-21T01:16:19Z,2026-10-01T13:26:56.911279+00:00,0,3,,25a9cb0886df1bcb20f7110f9b349e86462a572ba7d4b2bb235fa2e1f914b79f,,youtube-data-api-v3/commentThreads.list,,smtAdlhwFHA,Strategi Risk Management yang Wajib Dimiliki Setiap Trader,Rizki Aditama | Sekolah Trading,,
youtube,Rizki Aditama | Sekolah Trading,smtAdlhwFHA,https://www.youtube.com/watch?v=smtAdlhwFHA,UgzACOcoUYzX0FZZo-R4AaABAg.AOWrwVpoHASAOZX8fkOKpD,berarti dari modal saya 10$ 1:100 jadi 1.000$ bisa di ambil dong bang? atau lebih dari 1.500$ bisa di wd?,2025-10-22T02:03:36Z,2026-10-01T13:26:56.911279+00:00,0,0,,25a9cb0886df1bcb20f7110f9b349e86462a572ba7d4b2bb235fa2e1f914b79f,UgzACOcoUYzX0FZZo-R4AaABAg,youtube-data-api-v3/commentThreads.list,,smtAdlhwFHA,Strategi Risk Management yang Wajib Dimiliki Setiap Trader,Rizki Aditama | Sekolah Trading,,
youtube,Rizki Aditama | Sekolah Trading,smtAdlhwFHA,https://www.youtube.com/watch?v=smtAdlhwFHA,UgzACOcoUYzX0FZZo-R4AaABAg.AOWrwVpoHASAOurBsrd8-M,Intinya dikali aja biar ga pusing. Trmsk profit n lossnya,2025-10-30T18:10:50Z,2026-10-01T13:26:56.911279+00:00,0,0,,4f65deffefb9444cdc20fa459a9e54f929acbf1a0212f61d4b5e54fe64bc4415,UgzACOcoUYzX0FZZo-R4AaABAg,youtube-data-api-v3/commentThreads.list,,smtAdlhwFHA,Strategi Risk Management yang Wajib Dimiliki Setiap Trader,Rizki Aditama | Sekolah Trading,,
youtube,Rizki Aditama | Sekolah Trading,smtAdlhwFHA,https://www.youtube.com/watch?v=smtAdlhwFHA,Ugy6WNf0TKRcwX2xbVV4AaABAg,"Mas tama mau tanya,, sebenernya teknikal analisis itu termasuk metode trading bukan sih,, soalnya saya belajar banyak teknikal analisis dan hampir semua saya memahaminya tinggal mendalami aja seperti SNR,trendline,breakout, Fibonacci dll,,nah biar nggak kacau tradingnya kan harus fokus 1 metode aja itu yang bikin saya bingung sebenernya,,mohon pencerahannya mas tama🙏",2025-06-15T13:07:40Z,2026-10-01T13:26:56.911279+00:00,0,2,,375cdd8d409bba7c1b8a8df7b8f48897213097519199e5ccd7ac07233dbc45df,,youtube-data-api-v3/commentThreads.list,,smtAdlhwFHA,Strategi Risk Management yang Wajib Dimiliki Setiap Trader,Rizki Aditama | Sekolah Trading,,
youtube,Rizki Aditama | Sekolah Trading,smtAdlhwFHA,https://www.youtube.com/watch?v=smtAdlhwFHA,Ugy6WNf0TKRcwX2xbVV4AaABAg.AJOYac3iev8AJjS6_MkUnk,Wah makasih kak jeny 😊​@RizkiAditama,2025-06-24T01:14:18Z,2026-10-01T13:26:56.911279+00:00,0,0,,7097dbd1d1d6edbe4cb24bed92f647669c87313d62ad24e63eddfca6017724d0,Ugy6WNf0TKRcwX2xbVV4AaABAg,youtube-data-api-v3/commentThreads.list,,smtAdlhwFHA,Strategi Risk Management yang Wajib Dimiliki Setiap Trader,Rizki Aditama | Sekolah Trading,,
youtube,Rizki Aditama | Sekolah Trading,smtAdlhwFHA,https://www.youtube.com/watch?v=smtAdlhwFHA,Ugy9BsOpMtCZX-Ho6Jl4AaABAg,Mas apk treding nya aoa,2025-06-15T06:53:26Z,2026-10-01T13:26:56.911279+00:00,0,4,,33f402bfa466327b1ec8bff9c7a09f596b5b29f3771845077edecc2042e83408,,youtube-data-api-v3/commentThreads.list,,smtAdlhwFHA,Strategi Risk Management yang Wajib Dimiliki Setiap Trader,Rizki Aditama | Sekolah Trading,,
youtube,Rizki Aditama | Sekolah Trading,smtAdlhwFHA,https://www.youtube.com/watch?v=smtAdlhwFHA,Ugy9BsOpMtCZX-Ho6Jl4AaABAg.AJNsldFuy6NAJNsnRZoB8g,Maaf salah ngetik *apa,2025-06-15T06:53:41Z,2026-10-01T13:26:56.911279+00:00,0,0,,33f402bfa466327b1ec8bff9c7a09f596b5b29f3771845077edecc2042e83408,Ugy9BsOpMtCZX-Ho6Jl4AaABAg,youtube-data-api-v3/commentThreads.list,,smtAdlhwFHA,Strategi Risk Management yang Wajib Dimiliki Setiap Trader,Rizki Aditama | Sekolah Trading,,
youtube,Rizki Aditama | Sekolah Trading,smtAdlhwFHA,https://www.youtube.com/watch?v=smtAdlhwFHA,Ugy9BsOpMtCZX-Ho6Jl4AaABAg.AJNsldFuy6NAJOcJuLQxxP,​@chikokoni  exnes yg divideo ini,2025-06-15T13:48:57Z,2026-10-01T13:26:56.911279+00:00,0,0,,69788664113fd549845b36e00bcaaf020d8517c8813a47f3923427b92d5acd45,Ugy9BsOpMtCZX-Ho6Jl4AaABAg,youtube-data-api-v3/commentThreads.list,,smtAdlhwFHA,Strategi Risk Management yang Wajib Dimiliki Setiap Trader,Rizki Aditama | Sekolah Trading,,
youtube,Rizki Aditama | Sekolah Trading,smtAdlhwFHA,https://www.youtube.com/watch?v=smtAdlhwFHA,Ugy9BsOpMtCZX-Ho6Jl4AaABAg.AJNsldFuy6NAJOdxwYq5jj,Ok makasih​@SuburSetyo,2025-06-15T14:03:17Z,2026-10-01T13:26:56.911279+00:00,0,0,,33f402bfa466327b1ec8bff9c7a09f596b5b29f3771845077edecc2042e83408,Ugy9BsOpMtCZX-Ho6Jl4AaABAg,youtube-data-api-v3/commentThreads.list,,smtAdlhwFHA,Strategi Risk Management yang Wajib Dimiliki Setiap Trader,Rizki Aditama | Sekolah Trading,,
youtube,Rizki Aditama | Sekolah Trading,smtAdlhwFHA,https://www.youtube.com/watch?v=smtAdlhwFHA,UgxtWsNvbhlsiWW8u894AaABAg,"Mas tama, leverage itu tiba nya riba bukan mas tama, bnyk yang bilng pinjaman dri broker seperti leverage itu riba mas tama...",2025-06-15T07:26:36Z,2026-10-01T13:26:56.911279+00:00,4,2,,fccb0475b5e23dc34fdbec330fb082629762615c48e72543b87c06938618b538,,youtube-data-api-v3/commentThreads.list,,smtAdlhwFHA,Strategi Risk Management yang Wajib Dimiliki Setiap Trader,Rizki Aditama | Sekolah Trading,,
youtube,Rizki Aditama | Sekolah Trading,smtAdlhwFHA,https://www.youtube.com/watch?v=smtAdlhwFHA,UgxtWsNvbhlsiWW8u894AaABAg.AJNwZa3uk04AJOpUs6T1AL,@iyantv20 jualan cilok aja bro jgn trading,2025-06-15T15:44:02Z,2026-10-01T13:26:56.911279+00:00,1,0,,c4e48d0e9c56fa7a699aecbf3f5132bd2b70a0d4223baf16b3ae8688984ccf1d,UgxtWsNvbhlsiWW8u894AaABAg,youtube-data-api-v3/commentThreads.list,,smtAdlhwFHA,Strategi Risk Management yang Wajib Dimiliki Setiap Trader,Rizki Aditama | Sekolah Trading,,
youtube,Rizki Aditama | Sekolah Trading,smtAdlhwFHA,https://www.youtube.com/watch?v=smtAdlhwFHA,UgxtWsNvbhlsiWW8u894AaABAg.AJNwZa3uk04AMrEZH3ud08,@iyantv20 riba riba riba kadal gurun hidup di arab aja semua di biayai pemerintah,2025-09-09T15:24:00Z,2026-10-01T13:26:56.911279+00:00,0,0,,2cd57693a184bfa162ade1d9226cff1f82c8c5bb6e0564afab40ce3f39f81d42,UgxtWsNvbhlsiWW8u894AaABAg,youtube-data-api-v3/commentThreads.list,,smtAdlhwFHA,Strategi Risk Management yang Wajib Dimiliki Setiap Trader,Rizki Aditama | Sekolah Trading,,
youtube,Rizki Aditama | Sekolah Trading,smtAdlhwFHA,https://www.youtube.com/watch?v=smtAdlhwFHA,UgzieVsyWVuSmRTM6uh4AaABAg,"Ini kayaknya fokus di future, klo spot bagaimana managementnya?",2025-10-21T02:41:29Z,2026-10-01T13:26:56.911279+00:00,0,2,,6c68ddd8db1300629c4c5c7971e5676fc1464cda0499d0c4f424390b672bfee2,,youtube-data-api-v3/commentThreads.list,,smtAdlhwFHA,Strategi Risk Management yang Wajib Dimiliki Setiap Trader,Rizki Aditama | Sekolah Trading,,
youtube,Rizki Aditama | Sekolah Trading,smtAdlhwFHA,https://www.youtube.com/watch?v=smtAdlhwFHA,UgzieVsyWVuSmRTM6uh4AaABAg.AOX0gGKvGcMAOp0zAjkWRP,spot mah tinggal beli aja kalo emas,2025-10-28T11:49:38Z,2026-10-01T13:26:56.911279+00:00,0,0,,ef203c036601219d3a80d25cf496371078b14bfe78ea638bb1e6d00b75f37c0e,UgzieVsyWVuSmRTM6uh4AaABAg,youtube-data-api-v3/commentThreads.list,,smtAdlhwFHA,Strategi Risk Management yang Wajib Dimiliki Setiap Trader,Rizki Aditama | Sekolah Trading,,
youtube,Rizki Aditama | Sekolah Trading,v_8HUVzO-rw,https://www.youtube.com/watch?v=v_8HUVzO-rw,UgwHb4xkYu5clnZcMAJ4AaABAg,"Paling nyaman pk akun cent😅leverage 1:200 lot kecil, tidur nyenyak, mental waras😅profit sdkit gpp yg pnting modal aman",2025-04-19T19:57:03Z,2026-10-01T13:26:57.845244+00:00,2,0,,bd88fb0c471a5727c2a4135e072ba945d1ecde7ab93ba2b6b1540f1a43f89a37,,youtube-data-api-v3/commentThreads.list,,v_8HUVzO-rw,Rahasia 1% Risk Management Untuk Trading,Rizki Aditama | Sekolah Trading,,
youtube,Rizki Aditama | Sekolah Trading,v_8HUVzO-rw,https://www.youtube.com/watch?v=v_8HUVzO-rw,UgxAGxkuyF1ARNcqBQ94AaABAg,"Cocok banget buat saya ini mas, dulu layering terus fokus profit
Sekarang bertahan dengan trading plan yang sama selama mungkin itu kerasa banget efeknya mantap🔥",2025-03-28T03:49:27Z,2026-10-01T13:26:57.845244+00:00,18,0,,3b8be98c3c524436d55b8c2b2f942fdf28e00bd9c12377dd060a254d5d9717cd,,youtube-data-api-v3/commentThreads.list,,v_8HUVzO-rw,Rahasia 1% Risk Management Untuk Trading,Rizki Aditama | Sekolah Trading,,
youtube,Rizki Aditama | Sekolah Trading,v_8HUVzO-rw,https://www.youtube.com/watch?v=v_8HUVzO-rw,UgyBNiGwTjkbyrYGUv54AaABAg,"Terima kasih bang tama. Semoga bang tama dan seluruh timnya diberi kesehatan, kemudahan dan kesuksesan. Aamiin ya rabbal alamin",2025-06-12T22:08:24Z,2026-10-01T13:26:57.845244+00:00,0,0,,a6a0c0b5d6b611d65482654423462f89e137ed526667755b17cd0fcb26113a29,,youtube-data-api-v3/commentThreads.list,,v_8HUVzO-rw,Rahasia 1% Risk Management Untuk Trading,Rizki Aditama | Sekolah Trading,,
youtube,Rizki Aditama | Sekolah Trading,v_8HUVzO-rw,https://www.youtube.com/watch?v=v_8HUVzO-rw,UgzJ56yUxiW7hfId_B14AaABAg,Setelah menerapkan risk 1% dgn SL range pips 100 pips trading jauh lbh tenang...profit tetap dapattt. modal 1.000 lot size 0.01,2025-10-25T13:42:44Z,2026-10-01T13:26:57.845244+00:00,0,0,,42f89e0ebec52f9c6b0772afe123eff488562331c55880c3be898971f9c85d56,,youtube-data-api-v3/commentThreads.list,,v_8HUVzO-rw,Rahasia 1% Risk Management Untuk Trading,Rizki Aditama | Sekolah Trading,,
youtube,Rizki Aditama | Sekolah Trading,v_8HUVzO-rw,https://www.youtube.com/watch?v=v_8HUVzO-rw,UgwMgIGWdos9Gg_a-jN4AaABAg,"Hatur nuhun thanks udah bikin channel video kaya gini mas , mantabbb semangattt semoga sehat selalu mas",2025-04-19T21:31:41Z,2026-10-01T13:26:57.845244+00:00,0,0,,fe298ddd59ea68c06f0df7397790923cb8206040ed258593f3c10763d7abe70b,,youtube-data-api-v3/commentThreads.list,,v_8HUVzO-rw,Rahasia 1% Risk Management Untuk Trading,Rizki Aditama | Sekolah Trading,,
youtube,Rizki Aditama | Sekolah Trading,v_8HUVzO-rw,https://www.youtube.com/watch?v=v_8HUVzO-rw,UgwTuAvWwvCuy1_94_N4AaABAg,Temanya def jam keren❤🎉,2025-04-23T11:44:04Z,2026-10-01T13:26:57.845244+00:00,0,0,,a3cdf06fb6485d5a77a1ae605061fa425506c97b80827ce18a66ab388e6f4c77,,youtube-data-api-v3/commentThreads.list,,v_8HUVzO-rw,Rahasia 1% Risk Management Untuk Trading,Rizki Aditama | Sekolah Trading,,
youtube,Rizki Aditama | Sekolah Trading,v_8HUVzO-rw,https://www.youtube.com/watch?v=v_8HUVzO-rw,Ugxs3bVDFY7HUkctN0p4AaABAg,"betul mas Tama, emosi nomor 1",2025-04-20T10:50:53Z,2026-10-01T13:26:57.845244+00:00,1,0,,b59f9f9df7b5d04eb66d8bfb890b65b920fa876bfc9808ce4b4053e8f95296e0,,youtube-data-api-v3/commentThreads.list,,v_8HUVzO-rw,Rahasia 1% Risk Management Untuk Trading,Rizki Aditama | Sekolah Trading,,
youtube,Rizki Aditama | Sekolah Trading,v_8HUVzO-rw,https://www.youtube.com/watch?v=v_8HUVzO-rw,UgysYIi22ChcEKM1KhF4AaABAg,"Makasih mas tama❤,amitofo",2025-06-12T22:51:59Z,2026-10-01T13:26:57.845244+00:00,0,0,,11827f62fab8a81a071d0a2681edce81dc6c4a62aec790bca864ca6669c8efc2,,youtube-data-api-v3/commentThreads.list,,v_8HUVzO-rw,Rahasia 1% Risk Management Untuk Trading,Rizki Aditama | Sekolah Trading,,
youtube,Rizki Aditama | Sekolah Trading,v_8HUVzO-rw,https://www.youtube.com/watch?v=v_8HUVzO-rw,UgxkM6kjgSI1jyySoFN4AaABAg,makasih sudah berbagi ilmu bang adi,2025-04-28T08:53:55Z,2026-10-01T13:26:57.845244+00:00,0,0,,85f2337a7d02a82fab1b82f9da91507e2ca6ec54bfbe517c2babb3dcbf20395c,,youtube-data-api-v3/commentThreads.list,,v_8HUVzO-rw,Rahasia 1% Risk Management Untuk Trading,Rizki Aditama | Sekolah Trading,,
youtube,Rizki Aditama | Sekolah Trading,v_8HUVzO-rw,https://www.youtube.com/watch?v=v_8HUVzO-rw,UgxFRo1V8bY6zHXuRa14AaABAg,STOP LOSS MATTERS,2025-04-24T10:05:42Z,2026-10-01T13:26:57.845244+00:00,0,0,,f450e3eefb9befb88cb9df74528db6450cf93aee25165e7dc470cc2e97e42a9a,,youtube-data-api-v3/commentThreads.list,,v_8HUVzO-rw,Rahasia 1% Risk Management Untuk Trading,Rizki Aditama | Sekolah Trading,,
youtube,Rizki Aditama | Sekolah Trading,v_8HUVzO-rw,https://www.youtube.com/watch?v=v_8HUVzO-rw,Ugx3oIoRUSOAeJgAum54AaABAg,"Pernah profit 30jt ++, akibat rusia perang, dan ngotot buy avg down , ludes semua .. pelajaran yg menyakitkan 😢",2025-04-21T12:49:35Z,2026-10-01T13:26:57.845244+00:00,7,0,,8b6076ef581c86212b4cce39d0741240b8dceb3cbe8bf1a9b6b16f0e10fc0afe,,youtube-data-api-v3/commentThreads.list,,v_8HUVzO-rw,Rahasia 1% Risk Management Untuk Trading,Rizki Aditama | Sekolah Trading,,
youtube,Rizki Aditama | Sekolah Trading,v_8HUVzO-rw,https://www.youtube.com/watch?v=v_8HUVzO-rw,Ugxq4b--JKzb1fvo50d4AaABAg,Terimakasih mas tama🎉 sukses selalu,2025-03-29T10:59:13Z,2026-10-01T13:26:57.845244+00:00,0,0,,0911f1d9341db01127a492acc722aa0b4934dd0b391dd0d51f22b6f6b537eb3e,,youtube-data-api-v3/commentThreads.list,,v_8HUVzO-rw,Rahasia 1% Risk Management Untuk Trading,Rizki Aditama | Sekolah Trading,,
youtube,Rizki Aditama | Sekolah Trading,v_8HUVzO-rw,https://www.youtube.com/watch?v=v_8HUVzO-rw,UgzeGOJIVMewv8f0ENd4AaABAg,Ya bro.. sangat penting ini,2025-04-20T00:24:28Z,2026-10-01T13:26:57.845244+00:00,0,0,,b41445e50eda2ccab2e2c22abeb898fd2ea722ae69040ffda99f2b6084e4f582,,youtube-data-api-v3/commentThreads.list,,v_8HUVzO-rw,Rahasia 1% Risk Management Untuk Trading,Rizki Aditama | Sekolah Trading,,
youtube,Rizki Aditama | Sekolah Trading,v_8HUVzO-rw,https://www.youtube.com/watch?v=v_8HUVzO-rw,UgwtOdQ_q-ZsPKaMAxN4AaABAg,Terima kasih ilmunya bro,2025-04-30T20:37:17Z,2026-10-01T13:26:57.845244+00:00,0,0,,41c9e94be75f9feb20f2f9e61fe439ac5c3f6e793935dcc91a9426e99ba8cc25,,youtube-data-api-v3/commentThreads.list,,v_8HUVzO-rw,Rahasia 1% Risk Management Untuk Trading,Rizki Aditama | Sekolah Trading,,
youtube,Rizki Aditama | Sekolah Trading,v_8HUVzO-rw,https://www.youtube.com/watch?v=v_8HUVzO-rw,Ugys5qCbezCQq3ZexMB4AaABAg,Terima kasih mas tama,2025-03-28T18:41:09Z,2026-10-01T13:26:57.845244+00:00,0,0,,e30b2253b2fb1bb32ecda9525de7d7e2d4890814867c896bb8b74cf0e50d779e,,youtube-data-api-v3/commentThreads.list,,v_8HUVzO-rw,Rahasia 1% Risk Management Untuk Trading,Rizki Aditama | Sekolah Trading,,
youtube,Rizki Aditama | Sekolah Trading,v_8HUVzO-rw,https://www.youtube.com/watch?v=v_8HUVzO-rw,Ugw2S6lHi9n1DBWCebx4AaABAg,Hedehhh sangat betul bg aku aja fokus ke profit nya dah akhir nya kena margincal terus bg uda 3akun kena margincal bg hedehhh 🥴,2025-04-22T05:59:42Z,2026-10-01T13:26:57.845244+00:00,1,0,,f8ea5061de11dd4767c1154612c89b206518851e92647b70a680b2e35dbeed61,,youtube-data-api-v3/commentThreads.list,,v_8HUVzO-rw,Rahasia 1% Risk Management Untuk Trading,Rizki Aditama | Sekolah Trading,,
youtube,Rizki Aditama | Sekolah Trading,v_8HUVzO-rw,https://www.youtube.com/watch?v=v_8HUVzO-rw,UgzdvlMpu3kHMDjw-0d4AaABAg,Bener bngt mass tama,2025-03-28T18:23:07Z,2026-10-01T13:26:57.845244+00:00,0,0,,ec6aec87ad337901db7afc68c5e15ce418961cbf3c8c5604e866249d799c6ed6,,youtube-data-api-v3/commentThreads.list,,v_8HUVzO-rw,Rahasia 1% Risk Management Untuk Trading,Rizki Aditama | Sekolah Trading,,
youtube,Rizki Aditama | Sekolah Trading,v_8HUVzO-rw,https://www.youtube.com/watch?v=v_8HUVzO-rw,UgwSbp1g9NFOaAu-4yJ4AaABAg,EDITOR NYA KEREN NGEDIT NYA,2025-04-22T15:13:42Z,2026-10-01T13:26:57.845244+00:00,0,0,,eb0c6a19dcae5b348aae73371bd6c4a15248d16adaf144f64f58b16788b1e150,,youtube-data-api-v3/commentThreads.list,,v_8HUVzO-rw,Rahasia 1% Risk Management Untuk Trading,Rizki Aditama | Sekolah Trading,,
youtube,Rizki Aditama | Sekolah Trading,v_8HUVzO-rw,https://www.youtube.com/watch?v=v_8HUVzO-rw,UgyvjfaZi3Eo8kkoiKZ4AaABAg,"bang,buatin video management portfolio account modal 20 juta,profit 5 % aja per bulan dong... sukses trus bang",2025-04-06T22:22:55Z,2026-10-01T13:26:57.845244+00:00,0,0,,6a6910b947cdf04143c7e4171f3c078ad2d6c3d4ac4f0565a4e3f8a58d269205,,youtube-data-api-v3/commentThreads.list,,v_8HUVzO-rw,Rahasia 1% Risk Management Untuk Trading,Rizki Aditama | Sekolah Trading,,
youtube,Rizki Aditama | Sekolah Trading,v_8HUVzO-rw,https://www.youtube.com/watch?v=v_8HUVzO-rw,Ugxkxxf2gmqV3PFCq9p4AaABAg,"Saya pakai akun cent, depo cuma $10, max lot 0.10 aman dan tenteram sanak, sambil belajar why not",2025-04-20T04:26:49Z,2026-10-01T13:26:57.845244+00:00,0,0,,6475ef145c02b53d5d7e07f181e1d24918b707ed2c8c35460ceda178a9c495ac,,youtube-data-api-v3/commentThreads.list,,v_8HUVzO-rw,Rahasia 1% Risk Management Untuk Trading,Rizki Aditama | Sekolah Trading,,
youtube,Rizki Aditama | Sekolah Trading,v_8HUVzO-rw,https://www.youtube.com/watch?v=v_8HUVzO-rw,UgzzGjd_4J_MchPH04R4AaABAg,"trmakasih mas tama. setelah menrrapkan rule 1% per trade slama 6 bulan akun saya bertumbuh, profitnya jadi makin besar dengan resiko yg kecil. trading jadi tenang",2025-04-19T19:10:29Z,2026-10-01T13:26:57.845244+00:00,40,8,,5d192e4db3fe020118c122475b297223a50eb42cd75be1cd25297e60b24749c2,,youtube-data-api-v3/commentThreads.list,,v_8HUVzO-rw,Rahasia 1% Risk Management Untuk Trading,Rizki Aditama | Sekolah Trading,,
youtube,Rizki Aditama | Sekolah Trading,v_8HUVzO-rw,https://www.youtube.com/watch?v=v_8HUVzO-rw,UgzzGjd_4J_MchPH04R4AaABAg.AH6Qo1B3YIYAH7UkfGG9hS,Pertama trade pakai akun apa mas?,2025-04-20T05:04:13Z,2026-10-01T13:26:57.845244+00:00,0,0,,4a454e41479d90d8a29a12aa485585251624393ab9cef6f4de2539c5db6701f9,UgzzGjd_4J_MchPH04R4AaABAg,youtube-data-api-v3/commentThreads.list,,v_8HUVzO-rw,Rahasia 1% Risk Management Untuk Trading,Rizki Aditama | Sekolah Trading,,
youtube,Rizki Aditama | Sekolah Trading,v_8HUVzO-rw,https://www.youtube.com/watch?v=v_8HUVzO-rw,UgzzGjd_4J_MchPH04R4AaABAg.AH6Qo1B3YIYAH7XJnm3d7H,@Izzuma  akun cent.. biar bisa bagi modal jadi 1% per trade,2025-04-20T05:26:38Z,2026-10-01T13:26:57.845244+00:00,0,0,,5d192e4db3fe020118c122475b297223a50eb42cd75be1cd25297e60b24749c2,UgzzGjd_4J_MchPH04R4AaABAg,youtube-data-api-v3/commentThreads.list,,v_8HUVzO-rw,Rahasia 1% Risk Management Untuk Trading,Rizki Aditama | Sekolah Trading,,
youtube,Rizki Aditama | Sekolah Trading,v_8HUVzO-rw,https://www.youtube.com/watch?v=v_8HUVzO-rw,UgzzGjd_4J_MchPH04R4AaABAg.AH6Qo1B3YIYAHNbRc64xj3,Mass anda kalo kena 1 % itu open posisi pasangnya brp uang ya ?? Apa lgsg semuanya ?? Saya msh g paham,2025-04-26T11:19:14Z,2026-10-01T13:26:57.845244+00:00,0,0,,8d3aa3da4485cc6cdf560894edcc1c929d5d98318ea5d1755dd8f979101d881d,UgzzGjd_4J_MchPH04R4AaABAg,youtube-data-api-v3/commentThreads.list,,v_8HUVzO-rw,Rahasia 1% Risk Management Untuk Trading,Rizki Aditama | Sekolah Trading,,
youtube,Rizki Aditama | Sekolah Trading,v_8HUVzO-rw,https://www.youtube.com/watch?v=v_8HUVzO-rw,UgzzGjd_4J_MchPH04R4AaABAg.AH6Qo1B3YIYAHNci3IDoXc,@Izzuma pakai cent,2025-04-26T11:30:21Z,2026-10-01T13:26:57.845244+00:00,0,0,,5d192e4db3fe020118c122475b297223a50eb42cd75be1cd25297e60b24749c2,UgzzGjd_4J_MchPH04R4AaABAg,youtube-data-api-v3/commentThreads.list,,v_8HUVzO-rw,Rahasia 1% Risk Management Untuk Trading,Rizki Aditama | Sekolah Trading,,
youtube,Rizki Aditama | Sekolah Trading,v_8HUVzO-rw,https://www.youtube.com/watch?v=v_8HUVzO-rw,UgzzGjd_4J_MchPH04R4AaABAg.AH6Qo1B3YIYAHNcnpOKNDt,"@elgaelga9944 hitung dari modal. misal modal saya 100 usd, maksimal loss per tradenya 1 usd aja..",2025-04-26T11:31:08Z,2026-10-01T13:26:57.845244+00:00,0,0,,5d192e4db3fe020118c122475b297223a50eb42cd75be1cd25297e60b24749c2,UgzzGjd_4J_MchPH04R4AaABAg,youtube-data-api-v3/commentThreads.list,,v_8HUVzO-rw,Rahasia 1% Risk Management Untuk Trading,Rizki Aditama | Sekolah Trading,,
youtube,Rizki Aditama | Sekolah Trading,v_8HUVzO-rw,https://www.youtube.com/watch?v=v_8HUVzO-rw,UgyYCP1A150vj7jqC914AaABAg,Mantap pak,2025-04-06T06:04:41Z,2026-10-01T13:26:57.845244+00:00,0,1,,81c3fd034b6fdeae4dfae8b5ebedfcf8da208de8a20ab45551ce1c2ded3cb6d3,,youtube-data-api-v3/commentThreads.list,,v_8HUVzO-rw,Rahasia 1% Risk Management Untuk Trading,Rizki Aditama | Sekolah Trading,,
youtube,Rizki Aditama | Sekolah Trading,v_8HUVzO-rw,https://www.youtube.com/watch?v=v_8HUVzO-rw,UgyYCP1A150vj7jqC914AaABAg.AGZYYGqtpiHAJoxgaOL6ND,mantap,2025-06-26T04:35:11Z,2026-10-01T13:26:57.845244+00:00,0,0,,695b8047e95da657c6e7062f195e5852c7949811fd5ff421c4d1b1729d33c936,UgyYCP1A150vj7jqC914AaABAg,youtube-data-api-v3/commentThreads.list,,v_8HUVzO-rw,Rahasia 1% Risk Management Untuk Trading,Rizki Aditama | Sekolah Trading,,
youtube,Rizki Aditama | Sekolah Trading,v_8HUVzO-rw,https://www.youtube.com/watch?v=v_8HUVzO-rw,UgzmQvzHTOQm7vej_TZ4AaABAg,Ijin share,2025-06-09T02:37:15Z,2026-10-01T13:26:57.845244+00:00,0,0,,bc504aba8c81cca8a93144c16d874046ca3eda3335bbc58834995ad6d481cb22,,youtube-data-api-v3/commentThreads.list,,v_8HUVzO-rw,Rahasia 1% Risk Management Untuk Trading,Rizki Aditama | Sekolah Trading,,
youtube,Rizki Aditama | Sekolah Trading,v_8HUVzO-rw,https://www.youtube.com/watch?v=v_8HUVzO-rw,Ugw5ERYZNIrI3pzdeo94AaABAg,Mantap mas terimakasih tipsnya,2025-04-19T22:08:48Z,2026-10-01T13:26:57.845244+00:00,0,1,,38f93ca03fee2621c669f7827f37d1af428b460afb3604170011ea5cd24412f1,,youtube-data-api-v3/commentThreads.list,,v_8HUVzO-rw,Rahasia 1% Risk Management Untuk Trading,Rizki Aditama | Sekolah Trading,,
youtube,Rizki Aditama | Sekolah Trading,v_8HUVzO-rw,https://www.youtube.com/watch?v=v_8HUVzO-rw,Ugw5ERYZNIrI3pzdeo94AaABAg.AH6kD0uQO5ZAJoxUHTd3ya,mantap,2025-06-26T04:33:21Z,2026-10-01T13:26:57.845244+00:00,0,0,,695b8047e95da657c6e7062f195e5852c7949811fd5ff421c4d1b1729d33c936,Ugw5ERYZNIrI3pzdeo94AaABAg,youtube-data-api-v3/commentThreads.list,,v_8HUVzO-rw,Rahasia 1% Risk Management Untuk Trading,Rizki Aditama | Sekolah Trading,,
youtube,Rizki Aditama | Sekolah Trading,v_8HUVzO-rw,https://www.youtube.com/watch?v=v_8HUVzO-rw,UgzmnhXMjcW6XanzfOR4AaABAg,👏🏻,2025-04-19T12:29:49Z,2026-10-01T13:26:57.845244+00:00,1,0,,73ad19391a017001df42a98b49de9c7d8a3abdd731d0c9ed1d5cf70a12555b47,,youtube-data-api-v3/commentThreads.list,,v_8HUVzO-rw,Rahasia 1% Risk Management Untuk Trading,Rizki Aditama | Sekolah Trading,,
youtube,Rizki Aditama | Sekolah Trading,v_8HUVzO-rw,https://www.youtube.com/watch?v=v_8HUVzO-rw,Ugxx_9QgDxhfipqeZz14AaABAg,"Mas tama maaf baru femula,bahas dong fungsi dari market sturuktur kecil soalnya sayak gak paham tentang itu🙏",2025-03-28T16:09:46Z,2026-10-01T13:26:57.845244+00:00,0,0,,db1669189fe6b3cc9d55ecb619b129e38e97f290fc5ece0a5a16a3e9d7d6ca5f,,youtube-data-api-v3/commentThreads.list,,v_8HUVzO-rw,Rahasia 1% Risk Management Untuk Trading,Rizki Aditama | Sekolah Trading,,
youtube,Rizki Aditama | Sekolah Trading,v_8HUVzO-rw,https://www.youtube.com/watch?v=v_8HUVzO-rw,Ugy_bYzSJnDlo4q-fUR4AaABAg,"mas, Tolong Review broker Legal Octa Pulse.. please 🙏",2025-04-20T05:36:42Z,2026-10-01T13:26:57.845244+00:00,1,0,,f9d029331e300b88a0ac1b6e5080f66a63e05d6d8bbede7bbf180c864e16ca9f,,youtube-data-api-v3/commentThreads.list,,v_8HUVzO-rw,Rahasia 1% Risk Management Untuk Trading,Rizki Aditama | Sekolah Trading,,
youtube,Rizki Aditama | Sekolah Trading,v_8HUVzO-rw,https://www.youtube.com/watch?v=v_8HUVzO-rw,UgzBOEpXRwNjb60OWAx4AaABAg,❤,2025-04-13T04:08:10Z,2026-10-01T13:26:57.845244+00:00,0,0,,d281979aa7e128b629cf57af4502725f26c3a7093c41a61691de1c6828d642f4,,youtube-data-api-v3/commentThreads.list,,v_8HUVzO-rw,Rahasia 1% Risk Management Untuk Trading,Rizki Aditama | Sekolah Trading,,
youtube,Rizki Aditama | Sekolah Trading,v_8HUVzO-rw,https://www.youtube.com/watch?v=v_8HUVzO-rw,UgzcKB8NZ52lcodyDwp4AaABAg,"Mc mc mc dan mc, stop profit n take lose",2025-04-05T11:53:05Z,2026-10-01T13:26:57.845244+00:00,0,0,,84ac450de73d20924e52cf29ce1e642be461c9ed0276a5894de4e0b81bc23620,,youtube-data-api-v3/commentThreads.list,,v_8HUVzO-rw,Rahasia 1% Risk Management Untuk Trading,Rizki Aditama | Sekolah Trading,,
youtube,Rizki Aditama | Sekolah Trading,v_8HUVzO-rw,https://www.youtube.com/watch?v=v_8HUVzO-rw,UgwQcks38BDFvd2KrTB4AaABAg,"Sip uang 5 juta, masuk 50 ribu 👌",2025-05-24T22:16:08Z,2026-10-01T13:26:57.845244+00:00,0,0,,6baf99c295ec76bb6ed38df22195b7372025a78f7670eaa8864b3aa869a095f6,,youtube-data-api-v3/commentThreads.list,,v_8HUVzO-rw,Rahasia 1% Risk Management Untuk Trading,Rizki Aditama | Sekolah Trading,,
youtube,Rizki Aditama | Sekolah Trading,v_8HUVzO-rw,https://www.youtube.com/watch?v=v_8HUVzO-rw,UgxfxOQNUZJAx7e5_Rd4AaABAg,"gila sih editannya bener bener keren , ni vidio harganya mahal sih ahahaha",2025-04-20T14:37:52Z,2026-10-01T13:26:57.845244+00:00,3,0,,56c9c3916708164085b81579bbb1cfe0d427d90156235816ce0e1440accde2b9,,youtube-data-api-v3/commentThreads.list,,v_8HUVzO-rw,Rahasia 1% Risk Management Untuk Trading,Rizki Aditama | Sekolah Trading,,
youtube,Rizki Aditama | Sekolah Trading,v_8HUVzO-rw,https://www.youtube.com/watch?v=v_8HUVzO-rw,UgyqwWjMRr6w8IpHoN14AaABAg,"sesekali coba tampilkan data detail report trading yg ada di account history, pengen lihat pergerakan grafiknya apakah konsisten naik",2025-04-20T01:05:29Z,2026-10-01T13:26:57.845244+00:00,0,0,,fb88a0e1e39080b4c59da3f564fbe2cccfaf4c0969af8509525ff7af3dd30f54,,youtube-data-api-v3/commentThreads.list,,v_8HUVzO-rw,Rahasia 1% Risk Management Untuk Trading,Rizki Aditama | Sekolah Trading,,
youtube,Rizki Aditama | Sekolah Trading,v_8HUVzO-rw,https://www.youtube.com/watch?v=v_8HUVzO-rw,UgyspuepVsUI953NTg54AaABAg,BUy n Sell bareng2 kasih SL 20 pips TP 50 pips,2025-04-20T02:55:03Z,2026-10-01T13:26:57.845244+00:00,0,0,,da6f09df062ee7414d098c91d0fa20d70427ed284c73f39233d3a0ffe7cd1cb5,,youtube-data-api-v3/commentThreads.list,,v_8HUVzO-rw,Rahasia 1% Risk Management Untuk Trading,Rizki Aditama | Sekolah Trading,,
youtube,Rizki Aditama | Sekolah Trading,v_8HUVzO-rw,https://www.youtube.com/watch?v=v_8HUVzO-rw,UgzKKRb4qriHhA9MBr14AaABAg,Jos,2026-08-16T17:12:43Z,2026-10-01T13:26:57.845244+00:00,0,0,,dfabf1a25d007ba143fb2c91dbde425bdac44805b2df66b4eb52a6e3a97d3eda,,youtube-data-api-v3/commentThreads.list,,v_8HUVzO-rw,Rahasia 1% Risk Management Untuk Trading,Rizki Aditama | Sekolah Trading,,
youtube,Rizki Aditama | Sekolah Trading,v_8HUVzO-rw,https://www.youtube.com/watch?v=v_8HUVzO-rw,Ugx_tYoCk4fqdr8UgLF4AaABAg,"Bener mas tama, menurut saya yang menentukan trader profitable itu 40% MM, 40% Mental dan psikologi, sisanya 20% teknikal analisis, bahkan menurut saya teknikal analis hanya 10%",2025-12-07T14:52:50Z,2026-10-01T13:26:57.845244+00:00,0,1,,246171b2bbd3a4fb9af4b3f0295ffecc190510b739345095c3cd4342dced0b68,,youtube-data-api-v3/commentThreads.list,,v_8HUVzO-rw,Rahasia 1% Risk Management Untuk Trading,Rizki Aditama | Sekolah Trading,,
youtube,Rizki Aditama | Sekolah Trading,v_8HUVzO-rw,https://www.youtube.com/watch?v=v_8HUVzO-rw,UgzRGCoV8AkZ4KUg2L94AaABAg,apa cuma aku disini yang masih pakai 0.25%😢,2025-04-20T04:09:04Z,2026-10-01T13:26:57.845244+00:00,0,0,,7c2b9c3ca2d86e54def95b8369f92b08e595c1c656e70f2691362dbcfddf355f,,youtube-data-api-v3/commentThreads.list,,v_8HUVzO-rw,Rahasia 1% Risk Management Untuk Trading,Rizki Aditama | Sekolah Trading,,
youtube,Rizki Aditama | Sekolah Trading,v_8HUVzO-rw,https://www.youtube.com/watch?v=v_8HUVzO-rw,UgwbXq9kFtTjPmkzwcl4AaABAg,"Tolong ajarin saya bang please😭😭 pengen ketemu abang, saya belajar langsung bole ga😭 uda pening bngt ini",2025-05-02T21:29:02Z,2026-10-01T13:26:57.845244+00:00,0,0,,e051bb25462d72c0bca3550f5443f0af2824a1658e2991b8918a9336fcd5d8f1,,youtube-data-api-v3/commentThreads.list,,v_8HUVzO-rw,Rahasia 1% Risk Management Untuk Trading,Rizki Aditama | Sekolah Trading,,
youtube,Rizki Aditama | Sekolah Trading,v_8HUVzO-rw,https://www.youtube.com/watch?v=v_8HUVzO-rw,UgxQ2T4gKIpCAsVMwZF4AaABAg,Assalamualaikum Mas Rekomendasi Broker Trader Mas,2025-04-22T10:02:43Z,2026-10-01T13:26:57.845244+00:00,2,0,,cc36bfbef6f3f5f14a6776a0ac6fc40f48269fe01cd1b630b22193c452634396,,youtube-data-api-v3/commentThreads.list,,v_8HUVzO-rw,Rahasia 1% Risk Management Untuk Trading,Rizki Aditama | Sekolah Trading,,
youtube,Rizki Aditama | Sekolah Trading,v_8HUVzO-rw,https://www.youtube.com/watch?v=v_8HUVzO-rw,Ugz8av9RyFVjpR8k8nF4AaABAg,"Sl 2 dolar tp5 dolar,",2025-04-20T08:16:30Z,2026-10-01T13:26:57.845244+00:00,2,0,,97bb470d0ccbd9830c54b715437301e49e711dce806a3048587fe88162f075a7,,youtube-data-api-v3/commentThreads.list,,v_8HUVzO-rw,Rahasia 1% Risk Management Untuk Trading,Rizki Aditama | Sekolah Trading,,
youtube,Rizki Aditama | Sekolah Trading,v_8HUVzO-rw,https://www.youtube.com/watch?v=v_8HUVzO-rw,UgxGNBm6Hf9rZpnn-uB4AaABAg,"mas tama, tolong buatkan video tentang ""bagaimana cara membuat portofolio trading kita agar orang tau kalau kita punya portofolio trading""",2025-04-19T20:20:54Z,2026-10-01T13:26:57.845244+00:00,0,1,,5e66a2b8bc442b8cb8202bc47e9101751aaea634e5a48471ba38671bb13ce5f7,,youtube-data-api-v3/commentThreads.list,,v_8HUVzO-rw,Rahasia 1% Risk Management Untuk Trading,Rizki Aditama | Sekolah Trading,,
youtube,Rizki Aditama | Sekolah Trading,v_8HUVzO-rw,https://www.youtube.com/watch?v=v_8HUVzO-rw,UgxGNBm6Hf9rZpnn-uB4AaABAg.AH6YrnLXbhAAH6YseJ7UVK,terimakasih,2025-04-19T20:21:01Z,2026-10-01T13:26:57.845244+00:00,0,0,,5e66a2b8bc442b8cb8202bc47e9101751aaea634e5a48471ba38671bb13ce5f7,UgxGNBm6Hf9rZpnn-uB4AaABAg,youtube-data-api-v3/commentThreads.list,,v_8HUVzO-rw,Rahasia 1% Risk Management Untuk Trading,Rizki Aditama | Sekolah Trading,,
youtube,Rizki Aditama | Sekolah Trading,v_8HUVzO-rw,https://www.youtube.com/watch?v=v_8HUVzO-rw,UgxmlslH84CZzMAlE0R4AaABAg,"Saya mulai belajar risk management dari Propfirm, semoga emosi bisa  terkontrol sampai Live trade",2025-04-23T06:51:10Z,2026-10-01T13:26:57.845244+00:00,0,1,,08eafcec811a979bc075105ce214a022331aff149feb5d5c5bffd22aca6dda43,,youtube-data-api-v3/commentThreads.list,,v_8HUVzO-rw,Rahasia 1% Risk Management Untuk Trading,Rizki Aditama | Sekolah Trading,,
youtube,Rizki Aditama | Sekolah Trading,v_8HUVzO-rw,https://www.youtube.com/watch?v=v_8HUVzO-rw,Ugz9okhTuKwmIDQfZHt4AaABAg,"Udah nerapin risk management terjaga, semua saya mau berterimakasih ke mas Tama trimakasih mas Tama, ternyata setelah menjaga risk dan money management, margin call itu sangat mustahil 🎉",2025-04-19T13:37:19Z,2026-10-01T13:26:57.845244+00:00,1,1,,766dcdc3d3b254ecfd37555135fb3e7b582ddeabde4c3332ad2b83eb86cb580f,,youtube-data-api-v3/commentThreads.list,,v_8HUVzO-rw,Rahasia 1% Risk Management Untuk Trading,Rizki Aditama | Sekolah Trading,,
youtube,Rizki Aditama | Sekolah Trading,v_8HUVzO-rw,https://www.youtube.com/watch?v=v_8HUVzO-rw,Ugz9okhTuKwmIDQfZHt4AaABAg.AH5pft1jTaPAHNbuXowKKJ,"Mas saya msh gpaham caranya , kalo saya ada modal 10 jt risknya 1%, dan untuk kesentuh 1 % itu hrs pasang 10 jt dong ? G bisa pasang 1 juta ? Kalo 1 jt ke risk 1% ( 100 rb) bwrarti risknya jdi 10% ??",2025-04-26T11:23:19Z,2026-10-01T13:26:57.845244+00:00,0,0,,8d3aa3da4485cc6cdf560894edcc1c929d5d98318ea5d1755dd8f979101d881d,Ugz9okhTuKwmIDQfZHt4AaABAg,youtube-data-api-v3/commentThreads.list,,v_8HUVzO-rw,Rahasia 1% Risk Management Untuk Trading,Rizki Aditama | Sekolah Trading,,
youtube,Rizki Aditama | Sekolah Trading,v_8HUVzO-rw,https://www.youtube.com/watch?v=v_8HUVzO-rw,Ugx5kNZ29ZioP8FY8E14AaABAg,Margin col itu gara² emosi pa,2025-03-31T12:17:30Z,2026-10-01T13:26:57.845244+00:00,0,0,,526650fc70e8d5c4ee268b8b5f344acad00a56713926d7c0a91501b1a375e874,,youtube-data-api-v3/commentThreads.list,,v_8HUVzO-rw,Rahasia 1% Risk Management Untuk Trading,Rizki Aditama | Sekolah Trading,,
youtube,Rizki Aditama | Sekolah Trading,v_8HUVzO-rw,https://www.youtube.com/watch?v=v_8HUVzO-rw,Ugx9LAQlHkRFOieMt3B4AaABAg,"Misalnya modal 10jt, risiko 1%, bagaimana kita tahu caranya rugi 100rb sementata di lay out trading hanya point yang berfluktuasi bang, mohon bimbingan bang,..terima kasih.",2025-10-10T16:44:12Z,2026-10-01T13:26:57.845244+00:00,0,0,,18437406935104a404da941f781bb687b7bf3cb6b508db57a372fb6d63f94750,,youtube-data-api-v3/commentThreads.list,,v_8HUVzO-rw,Rahasia 1% Risk Management Untuk Trading,Rizki Aditama | Sekolah Trading,,
youtube,Rizki Aditama | Sekolah Trading,v_8HUVzO-rw,https://www.youtube.com/watch?v=v_8HUVzO-rw,Ugx_RRRnGA2g-upH56J4AaABAg,"pak aditama, coba trading pakai mt5 versi terbaru karna saya bingung chandle nya tidak seperti sebelumnya versi sekarang chandle bergerak lebih tenang di mt5",2025-04-19T21:35:28Z,2026-10-01T13:26:57.845244+00:00,0,0,,d51824d9d30fdd4409b506a445568fa57e1bcc23b51c8580da489eef52c57bfa,,youtube-data-api-v3/commentThreads.list,,v_8HUVzO-rw,Rahasia 1% Risk Management Untuk Trading,Rizki Aditama | Sekolah Trading,,
youtube,Rizki Aditama | Sekolah Trading,v_8HUVzO-rw,https://www.youtube.com/watch?v=v_8HUVzO-rw,Ugwr-L8nCkncMH9-jvF4AaABAg,"Bisa gak kita sama posisinya open posisi ketika sama di life trading, tp lotnya yg berbeda, maklum saya pemula, jd klo loss minimal ada teman yg jg loss, mengurangi kesedihan 😂",2025-06-03T11:19:14Z,2026-10-01T13:26:57.845244+00:00,0,0,,bb88423a713ecce812e284bf12ee8e7ff0bae6735f35fa72dcf448185ed6932b,,youtube-data-api-v3/commentThreads.list,,v_8HUVzO-rw,Rahasia 1% Risk Management Untuk Trading,Rizki Aditama | Sekolah Trading,,
youtube,Rizki Aditama | Sekolah Trading,v_8HUVzO-rw,https://www.youtube.com/watch?v=v_8HUVzO-rw,UgwR3WM8Zq_J8OVwMRx4AaABAg,"bener sekali mas tama saya mengalami nya jika tidak teratur modal berapapun juga bakalan habis,, contohnya seperti saya sekarang saya sudah menjual motor dan laptop untuk membayar hutang karena pinjol dan lebih parah nya lagi ketika saya sudah menjual barang tersebut saya melakukan deposit lagi dan masih balas dendam ke market pengen jadi lebih besar lagi itu adalahh kesalahan terbesarkuu saat inii jadi buat kalian ayoo dengarkan mas tama aku juga dulu tidak mendengarkan mas tama karena materi money management membosankan justru itu bahwa mas tama begitu biar kalian tidak terjerumus 

dan pertanyaan untuk mas tama dari saya ,,,bagaimana mengatasinya jika sudah setiap hari buka chart terus menerus dan bikin candu 

terimakasih ya sudah membaca 😊",2025-03-28T06:31:16Z,2026-10-01T13:26:57.845244+00:00,13,4,,6932490f0001c8eab77d42b54e0c6d23fa69edcab2b5165d585a7dd030d76c1f,,youtube-data-api-v3/commentThreads.list,,v_8HUVzO-rw,Rahasia 1% Risk Management Untuk Trading,Rizki Aditama | Sekolah Trading,,
youtube,Rizki Aditama | Sekolah Trading,v_8HUVzO-rw,https://www.youtube.com/watch?v=v_8HUVzO-rw,UgwR3WM8Zq_J8OVwMRx4AaABAg.AGCQR3mDn4aAH5qU-IKRe-,"Gampang banget ms. Kuncinya disiplin. Coba buat rule entry misalnya hny entry di hari Senin saja, selain hr itu TDK entry jd selama 1 bulan hny entry sebanyak 4x, atau bs jg misalnya hny entry dihari Selasa saja selain Selasa TDK entry. Gunakan RR minimal 1:1 klo dpt diatas itu bagus, silahkan BACKTEST dulu sendri metodenya biar tau rasio winratenya brp biar nanti gak kaget klo pas Dateng hari lossnya",2025-04-19T13:44:18Z,2026-10-01T13:26:57.845244+00:00,2,0,,99ab0b0065404823595cd5736e0641d89f672e32593dcfb468d9ddac3d4af073,UgwR3WM8Zq_J8OVwMRx4AaABAg,youtube-data-api-v3/commentThreads.list,,v_8HUVzO-rw,Rahasia 1% Risk Management Untuk Trading,Rizki Aditama | Sekolah Trading,,
youtube,Rizki Aditama | Sekolah Trading,v_8HUVzO-rw,https://www.youtube.com/watch?v=v_8HUVzO-rw,UgwR3WM8Zq_J8OVwMRx4AaABAg.AGCQR3mDn4aAH5quw0acoS,Jawabannya gampang. Pakai EA,2025-04-19T13:48:07Z,2026-10-01T13:26:57.845244+00:00,1,0,,aafe1cf9c5fbd8cb69653673f61a857f7021766fca87388a33c2af41c48db49e,UgwR3WM8Zq_J8OVwMRx4AaABAg,youtube-data-api-v3/commentThreads.list,,v_8HUVzO-rw,Rahasia 1% Risk Management Untuk Trading,Rizki Aditama | Sekolah Trading,,
youtube,Rizki Aditama | Sekolah Trading,v_8HUVzO-rw,https://www.youtube.com/watch?v=v_8HUVzO-rw,UgwR3WM8Zq_J8OVwMRx4AaABAg.AGCQR3mDn4aAH9-3aHSseG,Tinggal di apus mas kalo di rasa candu,2025-04-20T19:05:48Z,2026-10-01T13:26:57.845244+00:00,1,0,,982793072f979a91b8ee00e9fa2728122ba018fa3b9f4338cad33d30f224cea2,UgwR3WM8Zq_J8OVwMRx4AaABAg,youtube-data-api-v3/commentThreads.list,,v_8HUVzO-rw,Rahasia 1% Risk Management Untuk Trading,Rizki Aditama | Sekolah Trading,,
youtube,Rizki Aditama | Sekolah Trading,v_8HUVzO-rw,https://www.youtube.com/watch?v=v_8HUVzO-rw,UgwR3WM8Zq_J8OVwMRx4AaABAg.AGCQR3mDn4aAHMhcdwsdzn,Bener banget pak​@PutraKade5,2025-04-26T02:54:04Z,2026-10-01T13:26:57.845244+00:00,0,0,,002f854d42efa2aa35999f40c1806f9c3c46d7987e3200ba4c4ba77af89db2fa,UgwR3WM8Zq_J8OVwMRx4AaABAg,youtube-data-api-v3/commentThreads.list,,v_8HUVzO-rw,Rahasia 1% Risk Management Untuk Trading,Rizki Aditama | Sekolah Trading,,
youtube,Rizki Aditama | Sekolah Trading,v_8HUVzO-rw,https://www.youtube.com/watch?v=v_8HUVzO-rw,UgxiNIVuapc0TYS4KpR4AaABAg,editornya abis main def jam nih wkwk,2025-03-28T11:19:17Z,2026-10-01T13:26:57.845244+00:00,1,1,,efd7627e9dc2e235135db049a6a1cb84c919891cd9bf3390752db34946492d2f,,youtube-data-api-v3/commentThreads.list,,v_8HUVzO-rw,Rahasia 1% Risk Management Untuk Trading,Rizki Aditama | Sekolah Trading,,
youtube,Rizki Aditama | Sekolah Trading,v_8HUVzO-rw,https://www.youtube.com/watch?v=v_8HUVzO-rw,UgxiNIVuapc0TYS4KpR4AaABAg.AGCwOcZiHiZAHBzhUBBlg-,Ada yang nyadar juga ternyata,2025-04-21T23:00:22Z,2026-10-01T13:26:57.845244+00:00,0,0,,ee377920f7d87837902ff58149712194a4f274792777f56ccf8bcae41b178769,UgxiNIVuapc0TYS4KpR4AaABAg,youtube-data-api-v3/commentThreads.list,,v_8HUVzO-rw,Rahasia 1% Risk Management Untuk Trading,Rizki Aditama | Sekolah Trading,,
youtube,Rizki Aditama | Sekolah Trading,v_8HUVzO-rw,https://www.youtube.com/watch?v=v_8HUVzO-rw,Ugy1KGBFYw0DyJsrsyh4AaABAg,"Mas Tama SL nya kecil sedikit resiko, bagaimana jika kena SL setipis mas Tama setelah itu berbalik profit apakah SL entry SL ertry SL entry, sedangkan, karna entry TDK mungkin langsung ngikut apa yg kita inginkan SL terlalu tipis membuat kita tidak mendapatkan profit,apakah ada solusi nya mas Tama,paham nga maksud saya",2025-04-26T19:01:44Z,2026-10-01T13:26:57.845244+00:00,1,0,,1f4af5a940484461a1de9da39011187adf11ac947a2b79e42fc5e14e19fda96c,,youtube-data-api-v3/commentThreads.list,,v_8HUVzO-rw,Rahasia 1% Risk Management Untuk Trading,Rizki Aditama | Sekolah Trading,,
youtube,Rizki Aditama | Sekolah Trading,v_8HUVzO-rw,https://www.youtube.com/watch?v=v_8HUVzO-rw,UgyjG28XD0HcIYmVCcl4AaABAg,"Berarti kalau mau untung 200 RB perhari, RR 1:2 ,modal harus 10 JT ya.kalau hitungan 1 %,misal sehari cuma open 1 kali posisi",2026-06-24T06:44:31Z,2026-10-01T13:26:57.845244+00:00,0,0,,96557a58a1952040350eb01ff4426ba2dd7fd4fd470055090206fafa31f7f6e6,,youtube-data-api-v3/commentThreads.list,,v_8HUVzO-rw,Rahasia 1% Risk Management Untuk Trading,Rizki Aditama | Sekolah Trading,,
youtube,Rizki Aditama | Sekolah Trading,v_8HUVzO-rw,https://www.youtube.com/watch?v=v_8HUVzO-rw,UgwWEf1CLJDwr80b-d54AaABAg,bagaimana kalo meresikokan 2%?,2025-04-20T16:18:55Z,2026-10-01T13:26:57.845244+00:00,0,0,,77cf465ffaad74ef75dd88d5471ff715eea98cc03754d2f4f250bbb3d80e93e1,,youtube-data-api-v3/commentThreads.list,,v_8HUVzO-rw,Rahasia 1% Risk Management Untuk Trading,Rizki Aditama | Sekolah Trading,,
youtube,Rizki Aditama | Sekolah Trading,v_8HUVzO-rw,https://www.youtube.com/watch?v=v_8HUVzO-rw,UgwZycOE-QC4F4b5ypF4AaABAg,Apakah ini bisa di terapkan di crypto mas tama?,2025-04-20T12:05:03Z,2026-10-01T13:26:57.845244+00:00,0,0,,cc5c159f3c850ba88ae5bfaba693c61b49f9ffef87c8378c30feeb273f895227,,youtube-data-api-v3/commentThreads.list,,v_8HUVzO-rw,Rahasia 1% Risk Management Untuk Trading,Rizki Aditama | Sekolah Trading,,
youtube,Rizki Aditama | Sekolah Trading,v_8HUVzO-rw,https://www.youtube.com/watch?v=v_8HUVzO-rw,UgzusYQmjVwPEuYkhWt4AaABAg,"kenapa orang pemula atau kebanyakan fokus ke profit? iya itu karena modal, para pemula kebanyakan modal sedikit. modal 300 rb kalo return dan risk cuma 1%:1% ya mereka ga kerasa, bahkan ketika dinaikan 20% perhari tetap ga kerasa. mereka melihatnya nominalnya bukan persenannya (karna modal kecil). beda lagi meraka modal besar, katakanlah modal 100jt untuk return dan risk 1%:1% mungkin akan bisa diterima.",2025-04-19T16:55:47Z,2026-10-01T13:26:57.845244+00:00,7,6,,5bf02f19a0b77b60f5aebebf00b47f8243e1b46ed560c8d801c06f7129f39b30,,youtube-data-api-v3/commentThreads.list,,v_8HUVzO-rw,Rahasia 1% Risk Management Untuk Trading,Rizki Aditama | Sekolah Trading,,
youtube,Rizki Aditama | Sekolah Trading,v_8HUVzO-rw,https://www.youtube.com/watch?v=v_8HUVzO-rw,UgzusYQmjVwPEuYkhWt4AaABAg.AH6BOWuuRbHAH6QyNlLyXn,saya modal dari 300rb an. tapi liat presentase trnyata slama 6 bulan ini profit. dan sedikit2 modal diperbesar,2025-04-19T19:11:54Z,2026-10-01T13:26:57.845244+00:00,0,0,,5d192e4db3fe020118c122475b297223a50eb42cd75be1cd25297e60b24749c2,UgzusYQmjVwPEuYkhWt4AaABAg,youtube-data-api-v3/commentThreads.list,,v_8HUVzO-rw,Rahasia 1% Risk Management Untuk Trading,Rizki Aditama | Sekolah Trading,,
youtube,Rizki Aditama | Sekolah Trading,v_8HUVzO-rw,https://www.youtube.com/watch?v=v_8HUVzO-rw,UgzusYQmjVwPEuYkhWt4AaABAg.AH6BOWuuRbHAH9yMO6KkLw,​@RendiRosandi Pake akun apa bg cent kah?,2025-04-21T04:10:08Z,2026-10-01T13:26:57.845244+00:00,0,0,,47fe62031c4048a3a5fa612ca1d7f128597145bb5fbcb5f1a4c2f44a83a47ee2,UgzusYQmjVwPEuYkhWt4AaABAg,youtube-data-api-v3/commentThreads.list,,v_8HUVzO-rw,Rahasia 1% Risk Management Untuk Trading,Rizki Aditama | Sekolah Trading,,
youtube,Rizki Aditama | Sekolah Trading,v_8HUVzO-rw,https://www.youtube.com/watch?v=v_8HUVzO-rw,UgzusYQmjVwPEuYkhWt4AaABAg.AH6BOWuuRbHAHA1-QYzHgX,@Dapa-s5h iya cent biar risk nya bisa 1% dengan modal kecil.. ada modal lagi baru ditambahin bertahap,2025-04-21T04:41:57Z,2026-10-01T13:26:57.845244+00:00,1,0,,5d192e4db3fe020118c122475b297223a50eb42cd75be1cd25297e60b24749c2,UgzusYQmjVwPEuYkhWt4AaABAg,youtube-data-api-v3/commentThreads.list,,v_8HUVzO-rw,Rahasia 1% Risk Management Untuk Trading,Rizki Aditama | Sekolah Trading,,
youtube,Rizki Aditama | Sekolah Trading,v_8HUVzO-rw,https://www.youtube.com/watch?v=v_8HUVzO-rw,UgzusYQmjVwPEuYkhWt4AaABAg.AH6BOWuuRbHAHChv5FUc3Y,"Saya kemaren buat simulasi compounding dalam 6 bulan. Modal 200 max loss 5% per hari bisa dibuat 1% pertrade. Dengan asumsi winrate 60-80%, jika konsisten di bulan ke 6 bisa dapet motor itu wkwk. Di sini yang paling berat adalah psikologi management karena trading plannya udah ada",2025-04-22T05:44:11Z,2026-10-01T13:26:57.845244+00:00,4,0,,cffb6cd4dee0f4d0ca4f24048229eb82ec150fee023dcce0440c264532b3c67a,UgzusYQmjVwPEuYkhWt4AaABAg,youtube-data-api-v3/commentThreads.list,,v_8HUVzO-rw,Rahasia 1% Risk Management Untuk Trading,Rizki Aditama | Sekolah Trading,,
youtube,Rizki Aditama | Sekolah Trading,v_8HUVzO-rw,https://www.youtube.com/watch?v=v_8HUVzO-rw,UgzusYQmjVwPEuYkhWt4AaABAg.AH6BOWuuRbHAHDBw9eHXFd,@RendiRosandi oke bg,2025-04-22T10:15:12Z,2026-10-01T13:26:57.845244+00:00,0,0,,47fe62031c4048a3a5fa612ca1d7f128597145bb5fbcb5f1a4c2f44a83a47ee2,UgzusYQmjVwPEuYkhWt4AaABAg,youtube-data-api-v3/commentThreads.list,,v_8HUVzO-rw,Rahasia 1% Risk Management Untuk Trading,Rizki Aditama | Sekolah Trading,,
youtube,Rizki Aditama | Sekolah Trading,v_8HUVzO-rw,https://www.youtube.com/watch?v=v_8HUVzO-rw,Ugy7XoSsYip2K-xj9x54AaABAg,mau nanya bng tama aku ydah tradinh di akun demo lamaa dan pakai tehnik yg cuma itu2 aja dah hasilnya bagus tapi ketika coba di akun asli kenapa sangat berbeda jauh malah banyak losnya padahal tehnik sama apakah ada masukan?,2025-04-19T16:08:16Z,2026-10-01T13:26:57.845244+00:00,3,0,,3b17474904f75ef3abd9ec60deffce5daef8282995cb91963f8d167b6a93718b,,youtube-data-api-v3/commentThreads.list,,v_8HUVzO-rw,Rahasia 1% Risk Management Untuk Trading,Rizki Aditama | Sekolah Trading,,
youtube,Rizki Aditama | Sekolah Trading,v_8HUVzO-rw,https://www.youtube.com/watch?v=v_8HUVzO-rw,Ugyk6IEk31RMbCaDe_F4AaABAg,"Mas, target profit yearly dengan risk 1% tersebut, biasanya berapa persen sebenar nya?",2025-04-20T05:05:11Z,2026-10-01T13:26:57.845244+00:00,0,0,,70f043757e4c8db8f3b3a4ddc1b9817e7f64cdb1c7a329be2afb33cf3ca37d9a,,youtube-data-api-v3/commentThreads.list,,v_8HUVzO-rw,Rahasia 1% Risk Management Untuk Trading,Rizki Aditama | Sekolah Trading,,
youtube,Rizki Aditama | Sekolah Trading,v_8HUVzO-rw,https://www.youtube.com/watch?v=v_8HUVzO-rw,Ugxu0OLF7OjXziO5kUN4AaABAg,"Kalau satu persen namun sering entri gimana?? misal satu jam anilasa 10 an mata uang berbeda  dan entri smua, apa masih disebut 1℅?",2025-07-25T13:27:39Z,2026-10-01T13:26:57.845244+00:00,0,0,,b3b59863ee91f35f84f5a2e0d69700cde0dd55059b7e9383b64864412ab3ab3e,,youtube-data-api-v3/commentThreads.list,,v_8HUVzO-rw,Rahasia 1% Risk Management Untuk Trading,Rizki Aditama | Sekolah Trading,,
youtube,Rizki Aditama | Sekolah Trading,v_8HUVzO-rw,https://www.youtube.com/watch?v=v_8HUVzO-rw,UgyuKZBh4MyDj9oBL9h4AaABAg,"mas, itu indikator di  menit 4.35, apa tersedia di MT5?",2025-04-29T15:34:57Z,2026-10-01T13:26:57.845244+00:00,0,0,,8c5e9b2ae919472cf2018b35b61d8cfda9166d73c172cdb34b01ffec5911d209,,youtube-data-api-v3/commentThreads.list,,v_8HUVzO-rw,Rahasia 1% Risk Management Untuk Trading,Rizki Aditama | Sekolah Trading,,
youtube,Rizki Aditama | Sekolah Trading,v_8HUVzO-rw,https://www.youtube.com/watch?v=v_8HUVzO-rw,UgxLXf3DaNVyKheuxCl4AaABAg,mas tama itu pake candlestick tipe apa ya? kok beda sama di tradingview saya apa karena saya pake hp,2025-04-20T08:18:12Z,2026-10-01T13:26:57.845244+00:00,0,0,,e693d4d10a3095bb3f52ba53a4414a609f8d843c7c6873fd97f44ebf1cb6799f,,youtube-data-api-v3/commentThreads.list,,v_8HUVzO-rw,Rahasia 1% Risk Management Untuk Trading,Rizki Aditama | Sekolah Trading,,
youtube,Rizki Aditama | Sekolah Trading,v_8HUVzO-rw,https://www.youtube.com/watch?v=v_8HUVzO-rw,UgxDZyXo6UZkDqvlkDF4AaABAg,Pak tolong dong kalo semisal emng modal 1 jt risk 1%  (10 rb) . Itu pas entry awal lgsg 1 jt dg sl 1 % ? Apa bisa 500 rb aj entry nya ??,2025-04-27T04:05:44Z,2026-10-01T13:26:57.845244+00:00,0,0,,8d3aa3da4485cc6cdf560894edcc1c929d5d98318ea5d1755dd8f979101d881d,,youtube-data-api-v3/commentThreads.list,,v_8HUVzO-rw,Rahasia 1% Risk Management Untuk Trading,Rizki Aditama | Sekolah Trading,,
youtube,Rizki Aditama | Sekolah Trading,v_8HUVzO-rw,https://www.youtube.com/watch?v=v_8HUVzO-rw,UgyGmpGr9qkX6JNyIoZ4AaABAg,"Aku mau tanya serius, Kalau misal pake RR 1:2 Atau Risk 1% kenapa ya kok sering terkena SL, Justru kalau SL aku pasang agak jauh lebih dari 1% malah sering profit",2025-06-27T02:02:29Z,2026-10-01T13:26:57.845244+00:00,1,1,,6419ee0b7339dea25383e4049d84e1477903ce30d465a928d85546b4e614cacd,,youtube-data-api-v3/commentThreads.list,,v_8HUVzO-rw,Rahasia 1% Risk Management Untuk Trading,Rizki Aditama | Sekolah Trading,,
youtube,Rizki Aditama | Sekolah Trading,v_8HUVzO-rw,https://www.youtube.com/watch?v=v_8HUVzO-rw,Ugztpyxknqt29w2bAZN4AaABAg,"Bang kalau 1% SL cepet banget kehit, apakah problemnya dientry bang??",2025-05-01T08:48:50Z,2026-10-01T13:26:57.845244+00:00,2,1,,2a650f8dc88e2bc668d24a56c893219db3c6d05fbcd9cd11d73b92952f640b59,,youtube-data-api-v3/commentThreads.list,,v_8HUVzO-rw,Rahasia 1% Risk Management Untuk Trading,Rizki Aditama | Sekolah Trading,,
youtube,Rizki Aditama | Sekolah Trading,v_8HUVzO-rw,https://www.youtube.com/watch?v=v_8HUVzO-rw,Ugztpyxknqt29w2bAZN4AaABAg.AH_DCTMJf5DAKAhoUdJhqp,"@GoGoGamingID 1% cuma ilustrasi bro,tergantung modal,klo modal kecil ya jadiin aja 10%",2025-07-05T00:38:59Z,2026-10-01T13:26:57.845244+00:00,0,0,,14402ef37a208eeb9731a86a82b031a77fde0264c2de181f41be9de3c9e19110,Ugztpyxknqt29w2bAZN4AaABAg,youtube-data-api-v3/commentThreads.list,,v_8HUVzO-rw,Rahasia 1% Risk Management Untuk Trading,Rizki Aditama | Sekolah Trading,,
youtube,Rizki Aditama | Sekolah Trading,v_8HUVzO-rw,https://www.youtube.com/watch?v=v_8HUVzO-rw,UgwoELAyUV1NZM8pzkh4AaABAg,"$500 sebar di 5 akun, lot nya 0,01 2x entry liat situasi. Hanya buy, jgn pernah sell. Cari critical area atau support supply terkuat, jgn nafsu untuk buru2 entry. Disiplin. Lumayan 5 akun profit semua. Resiko stoplos $3 aja atau kl harga udah running, taro stoplos di BEP, udah aman. Sekian semoga membantu",2025-04-20T07:24:22Z,2026-10-01T13:26:57.845244+00:00,1,4,,6194f8010382a795487abab67c0989763fbdef4b57ebfc0a1c1042ce8a946113,,youtube-data-api-v3/commentThreads.list,,v_8HUVzO-rw,Rahasia 1% Risk Management Untuk Trading,Rizki Aditama | Sekolah Trading,,
youtube,Rizki Aditama | Sekolah Trading,v_8HUVzO-rw,https://www.youtube.com/watch?v=v_8HUVzO-rw,UgwoELAyUV1NZM8pzkh4AaABAg.AH7jnD9TSIlAHMee8iUM7k,@antika_ilmi Heran liat manusia ini. Video ini buat ngajarin trader mengelola resiko trading yg baik. Kok kesini komentar malah sok ngajarin 🤦‍♂️. Ente kalo sudah merasa hebat buat konten sendiri saja. Gak usah sok ngajarin di video orang.,2025-04-26T02:28:03Z,2026-10-01T13:26:57.845244+00:00,0,0,,c8929bdd0bd2b54d85fea52e39ef9850baa7b68f65f0d9bd785b88bef2785e29,UgwoELAyUV1NZM8pzkh4AaABAg,youtube-data-api-v3/commentThreads.list,,v_8HUVzO-rw,Rahasia 1% Risk Management Untuk Trading,Rizki Aditama | Sekolah Trading,,
youtube,Rizki Aditama | Sekolah Trading,v_8HUVzO-rw,https://www.youtube.com/watch?v=v_8HUVzO-rw,UgwoELAyUV1NZM8pzkh4AaABAg.AH7jnD9TSIlAHMg0JOJRxz,@nafioktavian7288  miskin ya?,2025-04-26T02:39:57Z,2026-10-01T13:26:57.845244+00:00,0,0,,6194f8010382a795487abab67c0989763fbdef4b57ebfc0a1c1042ce8a946113,UgwoELAyUV1NZM8pzkh4AaABAg,youtube-data-api-v3/commentThreads.list,,v_8HUVzO-rw,Rahasia 1% Risk Management Untuk Trading,Rizki Aditama | Sekolah Trading,,
youtube,Rizki Aditama | Sekolah Trading,v_8HUVzO-rw,https://www.youtube.com/watch?v=v_8HUVzO-rw,UgwoELAyUV1NZM8pzkh4AaABAg.AH7jnD9TSIlAHMg1h9LeHH,Nganggur?,2025-04-26T02:40:08Z,2026-10-01T13:26:57.845244+00:00,0,0,,6194f8010382a795487abab67c0989763fbdef4b57ebfc0a1c1042ce8a946113,UgwoELAyUV1NZM8pzkh4AaABAg,youtube-data-api-v3/commentThreads.list,,v_8HUVzO-rw,Rahasia 1% Risk Management Untuk Trading,Rizki Aditama | Sekolah Trading,,
youtube,Rizki Aditama | Sekolah Trading,v_8HUVzO-rw,https://www.youtube.com/watch?v=v_8HUVzO-rw,UgwoELAyUV1NZM8pzkh4AaABAg.AH7jnD9TSIlAHMg3MOo0Bq,Bangun² nguli,2025-04-26T02:40:22Z,2026-10-01T13:26:57.845244+00:00,0,0,,6194f8010382a795487abab67c0989763fbdef4b57ebfc0a1c1042ce8a946113,UgwoELAyUV1NZM8pzkh4AaABAg,youtube-data-api-v3/commentThreads.list,,v_8HUVzO-rw,Rahasia 1% Risk Management Untuk Trading,Rizki Aditama | Sekolah Trading,,
youtube,Rizki Aditama | Sekolah Trading,v_8HUVzO-rw,https://www.youtube.com/watch?v=v_8HUVzO-rw,UgyDDeQIQ8MMqVB0M3V4AaABAg,"Mas,bisa di filter gak ya komentar promosi judol? Risih banget liatnya😅",2025-04-19T13:12:24Z,2026-10-01T13:26:57.845244+00:00,2,2,,01b661be69c03e06d1fea8fbe2c2b4d692957c5e2933dda697e9fb9a69701372,,youtube-data-api-v3/commentThreads.list,,v_8HUVzO-rw,Rahasia 1% Risk Management Untuk Trading,Rizki Aditama | Sekolah Trading,,
youtube,Rizki Aditama | Sekolah Trading,v_8HUVzO-rw,https://www.youtube.com/watch?v=v_8HUVzO-rw,UgyDDeQIQ8MMqVB0M3V4AaABAg.AH5mpJFLHOzAH5yGvXkw1d,"Ga bisa, mending jangan direspon apapun report aja 😀🙏🏽",2025-04-19T14:52:25Z,2026-10-01T13:26:57.845244+00:00,0,0,,633617252531211fcc588caecce0f0cf6f46a877c65529a620a5dabee15186cc,UgyDDeQIQ8MMqVB0M3V4AaABAg,youtube-data-api-v3/commentThreads.list,,v_8HUVzO-rw,Rahasia 1% Risk Management Untuk Trading,Rizki Aditama | Sekolah Trading,,
youtube,Rizki Aditama | Sekolah Trading,v_8HUVzO-rw,https://www.youtube.com/watch?v=v_8HUVzO-rw,UgyDDeQIQ8MMqVB0M3V4AaABAg.AH5mpJFLHOzAHf9KQMmNwS,"Cape report satu2, ganggu komen yg berisi aja ​@Thirrr002",2025-05-03T16:10:25Z,2026-10-01T13:26:57.845244+00:00,0,0,,86b0b6b045e8dc9467230c5171ef8770853b35493ab261c39a23d5e2b938acc1,UgyDDeQIQ8MMqVB0M3V4AaABAg,youtube-data-api-v3/commentThreads.list,,v_8HUVzO-rw,Rahasia 1% Risk Management Untuk Trading,Rizki Aditama | Sekolah Trading,,
youtube,Rizki Aditama | Sekolah Trading,v_8HUVzO-rw,https://www.youtube.com/watch?v=v_8HUVzO-rw,UgyMTVc9zafEyloCzRd4AaABAg,Bang biaya trading di forex sama crypto fee nya besar mana,2025-08-22T04:50:55Z,2026-10-01T13:26:57.845244+00:00,0,1,,523da4139db280ef30685bac386137113aae3b8aca8a62cf836adb5ddb015cbd,,youtube-data-api-v3/commentThreads.list,,v_8HUVzO-rw,Rahasia 1% Risk Management Untuk Trading,Rizki Aditama | Sekolah Trading,,
youtube,Rizki Aditama | Sekolah Trading,v_8HUVzO-rw,https://www.youtube.com/watch?v=v_8HUVzO-rw,UgzLZDgaBCQ5fre2t3R4AaABAg,Aplikasi apa bang Tama yg contoh analisa itu ?,2025-06-24T16:46:44Z,2026-10-01T13:26:57.845244+00:00,0,1,,11e0eb60c446f5f61d6e881d2fb9b929e0511015fb4b0cbb37d644aa05f6d73e,,youtube-data-api-v3/commentThreads.list,,v_8HUVzO-rw,Rahasia 1% Risk Management Untuk Trading,Rizki Aditama | Sekolah Trading,,
youtube,Rizki Aditama | Sekolah Trading,v_8HUVzO-rw,https://www.youtube.com/watch?v=v_8HUVzO-rw,UgyQKwYfs-s2XWqpxyB4AaABAg,"Mas tama jika pake akun funded 6k $ , dengan drawdown 600$ maks ,resiko yang aman brp pertrade?",2026-05-30T00:47:53Z,2026-10-01T13:26:57.845244+00:00,0,1,,d6dcd9274fa62f8517a4eca35a5aa3838ed364a49cfbb0e801b77b2e4081317e,,youtube-data-api-v3/commentThreads.list,,v_8HUVzO-rw,Rahasia 1% Risk Management Untuk Trading,Rizki Aditama | Sekolah Trading,,
youtube,Rizki Aditama | Sekolah Trading,v_8HUVzO-rw,https://www.youtube.com/watch?v=v_8HUVzO-rw,UgxeC-K2dthZDYZQK8x4AaABAg,"Tolong pencerahannya, saya tuh msh g paham . Saya ada modal 10 jt risk nya 1 % ( 100 rb) per pasang posisi berarti kan untuk kena 1 % itu hrs pasang 10 jt kan ?? G bisa 2 , ato 4 jt gtu ??",2025-04-26T11:18:24Z,2026-10-01T13:26:57.845244+00:00,0,1,,8d3aa3da4485cc6cdf560894edcc1c929d5d98318ea5d1755dd8f979101d881d,,youtube-data-api-v3/commentThreads.list,,v_8HUVzO-rw,Rahasia 1% Risk Management Untuk Trading,Rizki Aditama | Sekolah Trading,,
youtube,Rizki Aditama | Sekolah Trading,v_8HUVzO-rw,https://www.youtube.com/watch?v=v_8HUVzO-rw,UgxeC-K2dthZDYZQK8x4AaABAg.AHNbLX0zUrqAHyAAMCv4xx,"mas modal 1jt mau pasang posisi risk 100rb juga bisa. ada namanya leverage.  

berrapa lot yg dimasukan bergantubg besaran SL.

cara hitung nya bisa pakai ""babypips forex calculator""

semoga membantu",2025-05-11T01:23:21Z,2026-10-01T13:26:57.845244+00:00,0,0,,25cff2c91e3ec403c5dbf58e94551e510b8895bace0797762c3c14ff2cd4bd14,UgxeC-K2dthZDYZQK8x4AaABAg,youtube-data-api-v3/commentThreads.list,,v_8HUVzO-rw,Rahasia 1% Risk Management Untuk Trading,Rizki Aditama | Sekolah Trading,,
youtube,Rizki Aditama | Sekolah Trading,v_8HUVzO-rw,https://www.youtube.com/watch?v=v_8HUVzO-rw,Ugy7TOBUO5fIT6bmMgt4AaABAg,Saya koq susah sekali menerapkan 1 persen...gmn caranya ya?,2025-04-20T01:14:04Z,2026-10-01T13:26:57.845244+00:00,0,1,,11c8db52203e5c56d9fb5e739b299bb93359a78131d195c370db5bb6d82e6910,,youtube-data-api-v3/commentThreads.list,,v_8HUVzO-rw,Rahasia 1% Risk Management Untuk Trading,Rizki Aditama | Sekolah Trading,,
youtube,Rizki Aditama | Sekolah Trading,v_8HUVzO-rw,https://www.youtube.com/watch?v=v_8HUVzO-rw,Ugy7TOBUO5fIT6bmMgt4AaABAg.AH74PzSZlH-AHAAeTM9Wdv,Kalo cuman fomo mending out dari trading,2025-04-21T06:06:20Z,2026-10-01T13:26:57.845244+00:00,0,0,,61784351f3c2694f78987f341a2eb29c0e2a4d33ff9cc6eaef9f00db45cd69c3,Ugy7TOBUO5fIT6bmMgt4AaABAg,youtube-data-api-v3/commentThreads.list,,v_8HUVzO-rw,Rahasia 1% Risk Management Untuk Trading,Rizki Aditama | Sekolah Trading,,
youtube,Rizki Aditama | Sekolah Trading,v_8HUVzO-rw,https://www.youtube.com/watch?v=v_8HUVzO-rw,UgzEjhymkYB-TgH5NY94AaABAg,"Mas Tama, emas kan pergerakan nya besar akhir2 ini, jadi paling enak buat main di d1, keatas. Tapi kira2 harus modal berapa ya kalo main di d1 keatas ?",2025-04-21T05:33:35Z,2026-10-01T13:26:57.845244+00:00,0,1,,822e5ee34419f3867c99c12e06069125f231fd3937f68976c79c458053418e0f,,youtube-data-api-v3/commentThreads.list,,v_8HUVzO-rw,Rahasia 1% Risk Management Untuk Trading,Rizki Aditama | Sekolah Trading,,
youtube,Rizki Aditama | Sekolah Trading,v_8HUVzO-rw,https://www.youtube.com/watch?v=v_8HUVzO-rw,UgzEjhymkYB-TgH5NY94AaABAg.AHA6ufL2pv_AH_iluCWYmZ,Jika dengan modal kecil akun cent jadi terlihat besar kenapa tidak ? Daripada tidak memulai sama sekali 😊,2025-05-01T13:33:26Z,2026-10-01T13:26:57.845244+00:00,0,0,,31cf8cc5fd7eae83806054d20ddb87278f7a0bcd48ab3385accd036e8a59f868,UgzEjhymkYB-TgH5NY94AaABAg,youtube-data-api-v3/commentThreads.list,,v_8HUVzO-rw,Rahasia 1% Risk Management Untuk Trading,Rizki Aditama | Sekolah Trading,,
youtube,Rizki Aditama | Sekolah Trading,v_8HUVzO-rw,https://www.youtube.com/watch?v=v_8HUVzO-rw,UgwNabnoDhSJlIRGTcZ4AaABAg,Bang mau nyanya broker kuning bisa nyambung ke trading view kah?,2025-04-19T12:04:50Z,2026-10-01T13:26:57.845244+00:00,1,2,,263ac1178aba3fafe294b57ab82180c6e48abfa9b92a2afaa90c1473ae8cf1a9,,youtube-data-api-v3/commentThreads.list,,v_8HUVzO-rw,Rahasia 1% Risk Management Untuk Trading,Rizki Aditama | Sekolah Trading,,
youtube,Rizki Aditama | Sekolah Trading,v_8HUVzO-rw,https://www.youtube.com/watch?v=v_8HUVzO-rw,UgwNabnoDhSJlIRGTcZ4AaABAg.AH5f5UZO-B9AH5laW9mau_,Ga,2025-04-19T13:01:38Z,2026-10-01T13:26:57.845244+00:00,0,0,,4396b222a351a759a60feaa4a03c8866e5858a10ef8fe9f8f0cbe139722ff93c,UgwNabnoDhSJlIRGTcZ4AaABAg,youtube-data-api-v3/commentThreads.list,,v_8HUVzO-rw,Rahasia 1% Risk Management Untuk Trading,Rizki Aditama | Sekolah Trading,,
youtube,Rizki Aditama | Sekolah Trading,v_8HUVzO-rw,https://www.youtube.com/watch?v=v_8HUVzO-rw,UgwNabnoDhSJlIRGTcZ4AaABAg.AH5f5UZO-B9AH9-6qPZtUN,@Sannsskyyang bisa apa bang,2025-04-20T19:06:15Z,2026-10-01T13:26:57.845244+00:00,0,0,,982793072f979a91b8ee00e9fa2728122ba018fa3b9f4338cad33d30f224cea2,UgwNabnoDhSJlIRGTcZ4AaABAg,youtube-data-api-v3/commentThreads.list,,v_8HUVzO-rw,Rahasia 1% Risk Management Untuk Trading,Rizki Aditama | Sekolah Trading,,
youtube,Rizki Aditama | Sekolah Trading,v_8HUVzO-rw,https://www.youtube.com/watch?v=v_8HUVzO-rw,UgyDIFaqPaOniIT6Yjt4AaABAg,Apakah 1% itu batas lose 1 hari atau per open posisi?,2025-04-19T13:09:17Z,2026-10-01T13:26:57.845244+00:00,2,2,,a0bca3d9c38d446b78253c722c7104c4fc0512e8a4a95da0439012fd4b0f6070,,youtube-data-api-v3/commentThreads.list,,v_8HUVzO-rw,Rahasia 1% Risk Management Untuk Trading,Rizki Aditama | Sekolah Trading,,
youtube,Rizki Aditama | Sekolah Trading,v_8HUVzO-rw,https://www.youtube.com/watch?v=v_8HUVzO-rw,UgyDIFaqPaOniIT6Yjt4AaABAg.AH5mT_axWmhAH5x9Dd_mox,1% per set up posisi,2025-04-19T14:42:38Z,2026-10-01T13:26:57.845244+00:00,0,0,,bf0a421ca46bd3db8addabe3f1bb1fbd7484a599cfc81e293d6d56374fb5f319,UgyDIFaqPaOniIT6Yjt4AaABAg,youtube-data-api-v3/commentThreads.list,,v_8HUVzO-rw,Rahasia 1% Risk Management Untuk Trading,Rizki Aditama | Sekolah Trading,,
youtube,Rizki Aditama | Sekolah Trading,v_8HUVzO-rw,https://www.youtube.com/watch?v=v_8HUVzO-rw,UgyDIFaqPaOniIT6Yjt4AaABAg.AH5mT_axWmhAH5xCTT_axV,"Gada batasan dalam sehari, misal sehari ada 3 set up boleh aja",2025-04-19T14:43:04Z,2026-10-01T13:26:57.845244+00:00,0,0,,bf0a421ca46bd3db8addabe3f1bb1fbd7484a599cfc81e293d6d56374fb5f319,UgyDIFaqPaOniIT6Yjt4AaABAg,youtube-data-api-v3/commentThreads.list,,v_8HUVzO-rw,Rahasia 1% Risk Management Untuk Trading,Rizki Aditama | Sekolah Trading,,
youtube,Rizki Aditama | Sekolah Trading,v_8HUVzO-rw,https://www.youtube.com/watch?v=v_8HUVzO-rw,Ugw_3286rbFhQYSG3_l4AaABAg,Admin bagaimana cara untuk melanjutkan langganan?,2025-04-01T13:21:17Z,2026-10-01T13:26:57.845244+00:00,0,1,,331758717d1bd832ddc780b143c487413384cc3ca7dcb34d122569f11d05b7d1,,youtube-data-api-v3/commentThreads.list,,v_8HUVzO-rw,Rahasia 1% Risk Management Untuk Trading,Rizki Aditama | Sekolah Trading,,
youtube,Rizki Aditama | Sekolah Trading,v_8HUVzO-rw,https://www.youtube.com/watch?v=v_8HUVzO-rw,UgyrIBuUlOpKBJAwM954AaABAg,Ada influencer yang full margin gak ya?,2025-04-19T15:25:36Z,2026-10-01T13:26:57.845244+00:00,0,2,,813c2a8e5b932d9b70c4a13ad9cfd648eb54832d08177fdba9aa21d242b2a492,,youtube-data-api-v3/commentThreads.list,,v_8HUVzO-rw,Rahasia 1% Risk Management Untuk Trading,Rizki Aditama | Sekolah Trading,,
youtube,Rizki Aditama | Sekolah Trading,v_8HUVzO-rw,https://www.youtube.com/watch?v=v_8HUVzO-rw,UgyrIBuUlOpKBJAwM954AaABAg.AH613uBk5TSAH7sVot1N2K,Banyak,2025-04-20T08:40:30Z,2026-10-01T13:26:57.845244+00:00,0,0,,ebd1b4b273560f1fd1edb80252876c6e9fda9af679ee2611a07c90373a3bba87,UgyrIBuUlOpKBJAwM954AaABAg,youtube-data-api-v3/commentThreads.list,,v_8HUVzO-rw,Rahasia 1% Risk Management Untuk Trading,Rizki Aditama | Sekolah Trading,,
youtube,Rizki Aditama | Sekolah Trading,v_8HUVzO-rw,https://www.youtube.com/watch?v=v_8HUVzO-rw,UgyrIBuUlOpKBJAwM954AaABAg.AH613uBk5TSAH7sXUieuHu,Ane hindarin.,2025-04-20T08:40:44Z,2026-10-01T13:26:57.845244+00:00,0,0,,ebd1b4b273560f1fd1edb80252876c6e9fda9af679ee2611a07c90373a3bba87,UgyrIBuUlOpKBJAwM954AaABAg,youtube-data-api-v3/commentThreads.list,,v_8HUVzO-rw,Rahasia 1% Risk Management Untuk Trading,Rizki Aditama | Sekolah Trading,,
youtube,Rizki Aditama | Sekolah Trading,v_8HUVzO-rw,https://www.youtube.com/watch?v=v_8HUVzO-rw,UgxaW0LW280r8fjZfit4AaABAg,"Maaf pak tama saya pemula 🙏
Apakah bagus broker forex mitrade pak yang langsung ada buy and long nya tanpa pake meta 4 / 5.",2025-04-20T05:06:55Z,2026-10-01T13:26:57.845244+00:00,0,0,,ad653f831573b126efdf20888979c08f9689a7ba924aa70582a6ba75363b7f1e,,youtube-data-api-v3/commentThreads.list,,v_8HUVzO-rw,Rahasia 1% Risk Management Untuk Trading,Rizki Aditama | Sekolah Trading,,
youtube,Rizki Aditama | Sekolah Trading,v_8HUVzO-rw,https://www.youtube.com/watch?v=v_8HUVzO-rw,UgwrDUYLo62YWTm1Kqx4AaABAg,"ak bertahan di market bertahun2 tapi tk profit2😂
modal tk habis tapi modal tk bertambah. gimna tuh?😂",2025-04-19T14:35:37Z,2026-10-01T13:26:57.845244+00:00,1,2,,4ebf63c5f622a8e1d4b40d1348ebeae005aaaeb8d251b87f3708ba2e1a15a7a5,,youtube-data-api-v3/commentThreads.list,,v_8HUVzO-rw,Rahasia 1% Risk Management Untuk Trading,Rizki Aditama | Sekolah Trading,,
youtube,Rizki Aditama | Sekolah Trading,v_8HUVzO-rw,https://www.youtube.com/watch?v=v_8HUVzO-rw,UgwrDUYLo62YWTm1Kqx4AaABAg.AH5wLo5F-FHAH6-FcFRTeU,"itu fase yg memang harus kita lalui, dan artinya anda sudah selangkah lebih maju, karna sudah mampu mempertahgankan modal, tinggal modifikasi apa yg bisa di modifikasi, agar bisa menghasilkan profit, krna memang hal yg paling sulit dalam trading adalah menemukan system yg sesuai dgn style dan kepribadian kita, karna kalo itu sudah combine, dipastikan tiket menjadi trader profitable sudah kita miliki🙏",2025-04-19T15:09:43Z,2026-10-01T13:26:57.845244+00:00,1,0,,94a14b7e8fe04a692466e210503a305b0d9e2429e35267073c948ff93036ac8b,UgwrDUYLo62YWTm1Kqx4AaABAg,youtube-data-api-v3/commentThreads.list,,v_8HUVzO-rw,Rahasia 1% Risk Management Untuk Trading,Rizki Aditama | Sekolah Trading,,
youtube,Rizki Aditama | Sekolah Trading,v_8HUVzO-rw,https://www.youtube.com/watch?v=v_8HUVzO-rw,UgwrDUYLo62YWTm1Kqx4AaABAg.AH5wLo5F-FHAH9SL_Zvt7H,Mungkin ini yang dimaksud mas tama untuk memperbagus skillnya😁,2025-04-20T23:21:40Z,2026-10-01T13:26:57.845244+00:00,0,0,,2b65ae8f8458d01d5d3879c88e98927d391cb8285f1283c8d455c1bb5e306b62,UgwrDUYLo62YWTm1Kqx4AaABAg,youtube-data-api-v3/commentThreads.list,,v_8HUVzO-rw,Rahasia 1% Risk Management Untuk Trading,Rizki Aditama | Sekolah Trading,,
youtube,Rizki Aditama | Sekolah Trading,v_8HUVzO-rw,https://www.youtube.com/watch?v=v_8HUVzO-rw,UgybYSGcbiunBjLhk4t4AaABAg,Bang mending exness atau xm? Modal 500k,2025-04-19T14:22:44Z,2026-10-01T13:26:57.845244+00:00,0,5,,efb0f02ad0842e6bc647b9011c75b4bb49fe180110fd8f00c2c74cb2cfbe1d74,,youtube-data-api-v3/commentThreads.list,,v_8HUVzO-rw,Rahasia 1% Risk Management Untuk Trading,Rizki Aditama | Sekolah Trading,,
youtube,Rizki Aditama | Sekolah Trading,v_8HUVzO-rw,https://www.youtube.com/watch?v=v_8HUVzO-rw,UgybYSGcbiunBjLhk4t4AaABAg.AH5usVqffidAH6-srTMBPH,"Mending disimpan aja dulu dek atau.. 
Setelah punya trading rules yg baku tp terkendala modal sangat kecil, mending trading di prop frim atau jd analis di app traders family tanpa modal 😊",2025-04-19T15:15:13Z,2026-10-01T13:26:57.845244+00:00,0,0,,98e958072b8b9d3ed5f28ae3a0a656aaa82518e68da19859376d109e987a6d65,UgybYSGcbiunBjLhk4t4AaABAg,youtube-data-api-v3/commentThreads.list,,v_8HUVzO-rw,Rahasia 1% Risk Management Untuk Trading,Rizki Aditama | Sekolah Trading,,
youtube,Rizki Aditama | Sekolah Trading,v_8HUVzO-rw,https://www.youtube.com/watch?v=v_8HUVzO-rw,UgybYSGcbiunBjLhk4t4AaABAg.AH5usVqffidAH6-ukh9rVj,Pakai akun cent buka akun exness dapet modal 3.000 usc setara 500rb dimana per pip seharga 165 cent,2025-04-19T15:15:28Z,2026-10-01T13:26:57.846243+00:00,1,0,,79f8bc049b6b0b9dc045c94a73a972084067aec6772d6849403aff9485f0d0ed,UgybYSGcbiunBjLhk4t4AaABAg,youtube-data-api-v3/commentThreads.list,,v_8HUVzO-rw,Rahasia 1% Risk Management Untuk Trading,Rizki Aditama | Sekolah Trading,,
youtube,Rizki Aditama | Sekolah Trading,v_8HUVzO-rw,https://www.youtube.com/watch?v=v_8HUVzO-rw,UgybYSGcbiunBjLhk4t4AaABAg.AH5usVqffidAH60KHUUBJQ,"@mandormology1482 saya modal 500k jga alhamdulilah 50k perhari kurang lebihnya, tpi saya pakai akun cent",2025-04-19T15:19:06Z,2026-10-01T13:26:57.846243+00:00,0,0,,3cccf49958a0663ad7bee48341fdea9881d9ac68d2878bc960a71a8348e5b42e,UgybYSGcbiunBjLhk4t4AaABAg,youtube-data-api-v3/commentThreads.list,,v_8HUVzO-rw,Rahasia 1% Risk Management Untuk Trading,Rizki Aditama | Sekolah Trading,,
youtube,Rizki Aditama | Sekolah Trading,v_8HUVzO-rw,https://www.youtube.com/watch?v=v_8HUVzO-rw,UgybYSGcbiunBjLhk4t4AaABAg.AH5usVqffidAH65KglEL1U,"Pakai exness akun cent enak aman dan cocok buat belajar, saya pakai iti juga dan alhamdulillah uda konsisten",2025-04-19T16:02:50Z,2026-10-01T13:26:57.846243+00:00,2,0,,9c9fe2d04d61e19df1291e58678988bcdb4b7b6544c7122e6eee39118dcb3fd1,UgybYSGcbiunBjLhk4t4AaABAg,youtube-data-api-v3/commentThreads.list,,v_8HUVzO-rw,Rahasia 1% Risk Management Untuk Trading,Rizki Aditama | Sekolah Trading,,
youtube,Rizki Aditama | Sekolah Trading,v_8HUVzO-rw,https://www.youtube.com/watch?v=v_8HUVzO-rw,UgybYSGcbiunBjLhk4t4AaABAg.AH5usVqffidAH7GmleD92b,@mandormology1482 makasih puh,2025-04-20T03:02:10Z,2026-10-01T13:26:57.846243+00:00,0,0,,efb0f02ad0842e6bc647b9011c75b4bb49fe180110fd8f00c2c74cb2cfbe1d74,UgybYSGcbiunBjLhk4t4AaABAg,youtube-data-api-v3/commentThreads.list,,v_8HUVzO-rw,Rahasia 1% Risk Management Untuk Trading,Rizki Aditama | Sekolah Trading,,
youtube,Rizki Aditama | Sekolah Trading,v_8HUVzO-rw,https://www.youtube.com/watch?v=v_8HUVzO-rw,Ugz_aDs2fEKInCFtjed4AaABAg,"Kalau saya lebih kecil lagi mas tama, kurang dari 1%. Seperti 0,3-0,5% per trade, karena saya harus menekan dropdawn dan daily loss. Saya ikut challange prop firm soalnya.

Setelah mengikuti propfirm saya lebih disiplin dalam hal mengelola equity dan risk nya.",2025-03-28T06:59:31Z,2026-10-01T13:26:57.846243+00:00,0,1,,6a39f5426494f4e62d26a34d2e36b62936986e75c2545b3859f93f26e5c454d7,,youtube-data-api-v3/commentThreads.list,,v_8HUVzO-rw,Rahasia 1% Risk Management Untuk Trading,Rizki Aditama | Sekolah Trading,,
youtube,Rizki Aditama | Sekolah Trading,v_8HUVzO-rw,https://www.youtube.com/watch?v=v_8HUVzO-rw,Ugz_aDs2fEKInCFtjed4AaABAg.AGCTf-KTY2GAH5xVvDip3x,Kl beli callenge gimana caranya mas..apa kita di uji dulu pakai akun demo,2025-04-19T14:45:44Z,2026-10-01T13:26:57.846243+00:00,1,0,,21907f4056a465df01f837a97f6af4ef6feb8a03b126a9e5c3c57fd4a2e307be,Ugz_aDs2fEKInCFtjed4AaABAg,youtube-data-api-v3/commentThreads.list,,v_8HUVzO-rw,Rahasia 1% Risk Management Untuk Trading,Rizki Aditama | Sekolah Trading,,
youtube,Rizki Aditama | Sekolah Trading,v_8HUVzO-rw,https://www.youtube.com/watch?v=v_8HUVzO-rw,UgwsxZvGVY1ZwgMdx1x4AaABAg,mas tama kok discord saya gabisa konek ke yt ya mas? mau join discord saya 😢,2025-04-20T07:59:12Z,2026-10-01T13:26:57.846243+00:00,0,1,,5fb4a4ed89bf67f9bad8aeae099227a99744f346afcac5a1d9656b93e117420f,,youtube-data-api-v3/commentThreads.list,,v_8HUVzO-rw,Rahasia 1% Risk Management Untuk Trading,Rizki Aditama | Sekolah Trading,,
youtube,Rizki Aditama | Sekolah Trading,v_8HUVzO-rw,https://www.youtube.com/watch?v=v_8HUVzO-rw,UgwL2uP7cHei77ACzkN4AaABAg,❤,2025-04-20T16:42:20Z,2026-10-01T13:26:57.846243+00:00,0,0,,b16effe4e4292071e7342f5252245734f9eddfc894425ca35c22b3edf296c8cd,,youtube-data-api-v3/commentThreads.list,,v_8HUVzO-rw,Rahasia 1% Risk Management Untuk Trading,Rizki Aditama | Sekolah Trading,,
youtube,Rizki Aditama | Sekolah Trading,v_8HUVzO-rw,https://www.youtube.com/watch?v=v_8HUVzO-rw,Ugw_hxNRkVsjcb_Wvct4AaABAg,❤,2025-04-22T04:53:26Z,2026-10-01T13:26:57.846243+00:00,0,0,,fbea8d7ba40eb7defe4ffe5b5a573fcbffca30e54c58c1cbff7cc1c4c88872ae,,youtube-data-api-v3/commentThreads.list,,v_8HUVzO-rw,Rahasia 1% Risk Management Untuk Trading,Rizki Aditama | Sekolah Trading,,
youtube,P4 Provider,-zrFkI1cm4o,https://www.youtube.com/watch?v=-zrFkI1cm4o,Ugx3EbdyiRW6wJqCRxx4AaABAg.A7gSKyb7oFHA7hgxpLhOcJ,"Nice community, would like to try it!",2024-08-29T02:37:34Z,2026-10-01T13:27:00.909030+00:00,0,0,,f0ab55fd5cb1bcea15884b3c5fc8b1409455163445683465dfc1dcb8ad8be9d3,Ugx3EbdyiRW6wJqCRxx4AaABAg,youtube-data-api-v3/commentThreads.list,,-zrFkI1cm4o,"Mastering Risk Management in Trading: Forex, Crypto, and Binance Futures Strategies with P4 Provider",P4 Provider,,
youtube,P4 Provider,-zrFkI1cm4o,https://www.youtube.com/watch?v=-zrFkI1cm4o,Ugx3EbdyiRW6wJqCRxx4AaABAg.A7gSKyb7oFHA7lWr1Z4SBl,Bro which tranding is halal in islam,2024-08-30T14:17:29Z,2026-10-01T13:27:00.909030+00:00,0,0,,2a4961f765187214de8f8ae6eb442012fadb395a464ff373e7dcd445a49e2901,Ugx3EbdyiRW6wJqCRxx4AaABAg,youtube-data-api-v3/commentThreads.list,,-zrFkI1cm4o,"Mastering Risk Management in Trading: Forex, Crypto, and Binance Futures Strategies with P4 Provider",P4 Provider,,
youtube,P4 Provider,-zrFkI1cm4o,https://www.youtube.com/watch?v=-zrFkI1cm4o,Ugx3EbdyiRW6wJqCRxx4AaABAg.A7gSKyb7oFHA7ttONabjd5,Haram bhai​@Islamf4u,2024-09-02T20:17:04Z,2026-10-01T13:27:00.909030+00:00,0,0,,f34090e47d03f21743f793e39ccff4c90470318fe9054e5fe8b849db08bf56b2,Ugx3EbdyiRW6wJqCRxx4AaABAg,youtube-data-api-v3/commentThreads.list,,-zrFkI1cm4o,"Mastering Risk Management in Trading: Forex, Crypto, and Binance Futures Strategies with P4 Provider",P4 Provider,,
youtube,P4 Provider,-zrFkI1cm4o,https://www.youtube.com/watch?v=-zrFkI1cm4o,Ugx3EbdyiRW6wJqCRxx4AaABAg.A7gSKyb7oFHA84Qu6Ee9-I,@P4Provider بھائی جان آپ مجھے ٹیرڈنگ کرنا سیکھ دو ۔,2024-09-07T07:50:17Z,2026-10-01T13:27:00.909030+00:00,0,0,,0a349ac6b8663646945cdddd2ed3ca85c55eb702558298b511ccd7d1f846fd5c,Ugx3EbdyiRW6wJqCRxx4AaABAg,youtube-data-api-v3/commentThreads.list,,-zrFkI1cm4o,"Mastering Risk Management in Trading: Forex, Crypto, and Binance Futures Strategies with P4 Provider",P4 Provider,,
youtube,P4 Provider,-zrFkI1cm4o,https://www.youtube.com/watch?v=-zrFkI1cm4o,Ugx3EbdyiRW6wJqCRxx4AaABAg.A7gSKyb7oFHAAoXZD5i1JG,Sir aap mujhe online trading Sikha sakte ho,2024-11-14T07:55:33Z,2026-10-01T13:27:00.909030+00:00,0,0,,0adf1dc682f1650a590f0d598d8ca3a7915b95eaeb4f7dba2f6b7c9d904f494a,Ugx3EbdyiRW6wJqCRxx4AaABAg,youtube-data-api-v3/commentThreads.list,,-zrFkI1cm4o,"Mastering Risk Management in Trading: Forex, Crypto, and Binance Futures Strategies with P4 Provider",P4 Provider,,
youtube,P4 Provider,-zrFkI1cm4o,https://www.youtube.com/watch?v=-zrFkI1cm4o,UgwNOF5AnARBdP_tz6x4AaABAg,"i watched the whole playlist
and know i will further learn more and and make my Skills better",2025-04-17T15:50:39Z,2026-10-01T13:27:00.909030+00:00,0,0,,fc473e5c7be7a2c080733a6e2112b62aa56f6189b4413951398329fde6a7ccd7,,youtube-data-api-v3/commentThreads.list,,-zrFkI1cm4o,"Mastering Risk Management in Trading: Forex, Crypto, and Binance Futures Strategies with P4 Provider",P4 Provider,,
youtube,P4 Provider,-zrFkI1cm4o,https://www.youtube.com/watch?v=-zrFkI1cm4o,UgyofJEu3W3UqBl9hn14AaABAg,Clearly Kardden was a right choice. Hope to learn more from you this is pure knowledge,2024-08-28T22:40:37Z,2026-10-01T13:27:00.909030+00:00,0,0,,e85e6326f325e1485c71dd94ba91ecee950012f469fd6a58c4c4e65f444d0b17,,youtube-data-api-v3/commentThreads.list,,-zrFkI1cm4o,"Mastering Risk Management in Trading: Forex, Crypto, and Binance Futures Strategies with P4 Provider",P4 Provider,,
youtube,P4 Provider,-zrFkI1cm4o,https://www.youtube.com/watch?v=-zrFkI1cm4o,UgzD1pjp4lMyeAWyyqx4AaABAg,"""Your skills are tools — but focus is the hammer that builds success.""",2025-10-25T11:13:48Z,2026-10-01T13:27:00.909030+00:00,1,0,,c0a4be4edac3529a3ebe91328cd956030652c1d7935c5cc5efc984ab1b581518,,youtube-data-api-v3/commentThreads.list,,-zrFkI1cm4o,"Mastering Risk Management in Trading: Forex, Crypto, and Binance Futures Strategies with P4 Provider",P4 Provider,,
youtube,P4 Provider,-zrFkI1cm4o,https://www.youtube.com/watch?v=-zrFkI1cm4o,UgxHg799sFl15Cu3UoV4AaABAg,"साझा करने के लिए धन्यवाद, यह चैट रूम फ़ंक्शन दिलचस्प और उपयोगी लगता है",2024-08-29T09:06:29Z,2026-10-01T13:27:00.909030+00:00,2,0,,42e7d07d9be89b07409f691b80410b4ece09b0eff0cb8f47851cf4a6eacb76de,,youtube-data-api-v3/commentThreads.list,,-zrFkI1cm4o,"Mastering Risk Management in Trading: Forex, Crypto, and Binance Futures Strategies with P4 Provider",P4 Provider,,
youtube,P4 Provider,-zrFkI1cm4o,https://www.youtube.com/watch?v=-zrFkI1cm4o,UgyW3ybbCWv56OZ-jil4AaABAg,"Versidium is paving its way through the presale phase, and I have a strong belief its gearing up to be the next 500x gem.",2024-08-28T19:18:36Z,2026-10-01T13:27:00.909030+00:00,0,0,,bdec37e6c97cc0f5aa95a081715e1bc6b7ca0c81c8f248b727f6b8b79eca4dde,,youtube-data-api-v3/commentThreads.list,,-zrFkI1cm4o,"Mastering Risk Management in Trading: Forex, Crypto, and Binance Futures Strategies with P4 Provider",P4 Provider,,
youtube,P4 Provider,-zrFkI1cm4o,https://www.youtube.com/watch?v=-zrFkI1cm4o,UgxXAzK8UmModulbESJ4AaABAg,❤APKI Shakal me itni noor ha ka Ap ki bat par Barosa hota ha or Ap Bhot Details or Achi se Samja te ha or is leye be Sahi lagta ha Apne hud is se Apni Life change kia ❤,2024-10-27T10:29:59Z,2026-10-01T13:27:00.909030+00:00,5,0,,36ffde0a00f40306b34f8500ea0141154faa8a5770283ffe1f06e74045a2ceec,,youtube-data-api-v3/commentThreads.list,,-zrFkI1cm4o,"Mastering Risk Management in Trading: Forex, Crypto, and Binance Futures Strategies with P4 Provider",P4 Provider,,
youtube,P4 Provider,-zrFkI1cm4o,https://www.youtube.com/watch?v=-zrFkI1cm4o,Ugz3qOBHoLElio2mtgJ4AaABAg,Finally video agai ab next bhai live trading kar ka sikhaya ga ❤❤,2024-08-28T15:05:17Z,2026-10-01T13:27:00.909030+00:00,0,0,,0fa9cd8a0e5e70d469a5d0d80d6fc5bd2da71d9bbafb5c881d791a1d22b84186,,youtube-data-api-v3/commentThreads.list,,-zrFkI1cm4o,"Mastering Risk Management in Trading: Forex, Crypto, and Binance Futures Strategies with P4 Provider",P4 Provider,,
youtube,P4 Provider,-zrFkI1cm4o,https://www.youtube.com/watch?v=-zrFkI1cm4o,UgyfsgyT4J8_EZkhj_l4AaABAg,"Lucky for those who had Kardden since yesterday, but more green days to come",2024-08-28T22:37:16Z,2026-10-01T13:27:00.909030+00:00,0,0,,d7d35a5b23167d5291e7b780515fb2b067c1bfebc52cf2b72681996111161201,,youtube-data-api-v3/commentThreads.list,,-zrFkI1cm4o,"Mastering Risk Management in Trading: Forex, Crypto, and Binance Futures Strategies with P4 Provider",P4 Provider,,
youtube,P4 Provider,-zrFkI1cm4o,https://www.youtube.com/watch?v=-zrFkI1cm4o,Ugy1mDeN1CjzFDIJNnF4AaABAg,ماشااللہ سر اپ کا اردو اپ کے بولنے کے انداز کے ھم عاشق ہے,2025-07-15T12:53:57Z,2026-10-01T13:27:00.909030+00:00,0,0,,e7bfab0d4e71ba1fee36dbe3901309e1a189ac35d3085cca553a776759210d59,,youtube-data-api-v3/commentThreads.list,,-zrFkI1cm4o,"Mastering Risk Management in Trading: Forex, Crypto, and Binance Futures Strategies with P4 Provider",P4 Provider,,
youtube,P4 Provider,-zrFkI1cm4o,https://www.youtube.com/watch?v=-zrFkI1cm4o,Ugz504zBLQxd7De8yV54AaABAg,"Masha Allah,  apka chehre per sunnat bht  ❤ hai... masha Allah...",2024-09-11T16:19:56Z,2026-10-01T13:27:00.909030+00:00,0,0,,d1c0da8f81ad15760022d81cb2d9da018e53a7fd6917dede77e3115720888203,,youtube-data-api-v3/commentThreads.list,,-zrFkI1cm4o,"Mastering Risk Management in Trading: Forex, Crypto, and Binance Futures Strategies with P4 Provider",P4 Provider,,
youtube,P4 Provider,-zrFkI1cm4o,https://www.youtube.com/watch?v=-zrFkI1cm4o,UgxzuCWZjbLxX-yCIaV4AaABAg,Patience is the key,2024-11-07T06:07:25Z,2026-10-01T13:27:00.909030+00:00,5,0,,1b21df88f0cce01634ba67bba2b86a9425db4d185f1b8a3af738cec161a494d2,,youtube-data-api-v3/commentThreads.list,,-zrFkI1cm4o,"Mastering Risk Management in Trading: Forex, Crypto, and Binance Futures Strategies with P4 Provider",P4 Provider,,
youtube,P4 Provider,-zrFkI1cm4o,https://www.youtube.com/watch?v=-zrFkI1cm4o,UgwbZLn-VeX7lQFhZ4F4AaABAg,After all the bad years Kardden is our savior,2024-08-28T22:41:44Z,2026-10-01T13:27:00.909030+00:00,254,3,,c4a92aeeb143721b6f061a72c7c99fedfa4572a2f923dd14b3c0723333e16df8,,youtube-data-api-v3/commentThreads.list,,-zrFkI1cm4o,"Mastering Risk Management in Trading: Forex, Crypto, and Binance Futures Strategies with P4 Provider",P4 Provider,,
youtube,P4 Provider,-zrFkI1cm4o,https://www.youtube.com/watch?v=-zrFkI1cm4o,UgwbZLn-VeX7lQFhZ4F4AaABAg.A7hGyQl5GwMA8qEWn6uRWV,what?,2024-09-26T06:44:54Z,2026-10-01T13:27:00.909030+00:00,1,0,,5574b86e4e307d42553584cd387252e70e24a001f102a67809e09f26accf1e71,UgwbZLn-VeX7lQFhZ4F4AaABAg,youtube-data-api-v3/commentThreads.list,,-zrFkI1cm4o,"Mastering Risk Management in Trading: Forex, Crypto, and Binance Futures Strategies with P4 Provider",P4 Provider,,
youtube,P4 Provider,-zrFkI1cm4o,https://www.youtube.com/watch?v=-zrFkI1cm4o,UgwbZLn-VeX7lQFhZ4F4AaABAg.A7hGyQl5GwMANH1r5nVjUO,What is kardden ??,2025-09-20T01:12:28Z,2026-10-01T13:27:00.909030+00:00,1,0,,153ea46b3a97ac4eb0473d781135a3bd94ec55e60ac1b09d8cf6e5e18f56cbb5,UgwbZLn-VeX7lQFhZ4F4AaABAg,youtube-data-api-v3/commentThreads.list,,-zrFkI1cm4o,"Mastering Risk Management in Trading: Forex, Crypto, and Binance Futures Strategies with P4 Provider",P4 Provider,,
youtube,P4 Provider,-zrFkI1cm4o,https://www.youtube.com/watch?v=-zrFkI1cm4o,UgwbZLn-VeX7lQFhZ4F4AaABAg.A7hGyQl5GwMATPIrazWqJg,Doler ha ksi ky pass sail ker rha ha koi,2026-02-19T09:23:22Z,2026-10-01T13:27:00.909030+00:00,0,0,,af2a5002e1d1d00e4426f1ff2c6ff53d34dbd42540903911d799119146c48643,UgwbZLn-VeX7lQFhZ4F4AaABAg,youtube-data-api-v3/commentThreads.list,,-zrFkI1cm4o,"Mastering Risk Management in Trading: Forex, Crypto, and Binance Futures Strategies with P4 Provider",P4 Provider,,
youtube,P4 Provider,-zrFkI1cm4o,https://www.youtube.com/watch?v=-zrFkI1cm4o,Ugw_GoGmzVeL_fg3EER4AaABAg,Dear brother ap free itna bata rahe hoo paid mine too ap extrem level ker dete hoo gee ❤,2024-08-31T17:42:14Z,2026-10-01T13:27:00.909030+00:00,0,0,,263ae2a82c976d1777f3c40cf53b1eadca3cc437ff8f18ee122779ae9adb6204,,youtube-data-api-v3/commentThreads.list,,-zrFkI1cm4o,"Mastering Risk Management in Trading: Forex, Crypto, and Binance Futures Strategies with P4 Provider",P4 Provider,,
youtube,P4 Provider,-zrFkI1cm4o,https://www.youtube.com/watch?v=-zrFkI1cm4o,UgxXF7WYhnEio8uOe354AaABAg,Great job sirbthank you so much for more information about risk management,2024-08-28T15:47:54Z,2026-10-01T13:27:00.909030+00:00,0,0,,68fca0a84229d711a60b74f98559135431bb06ebd7a90fcd674f1c6b907fbb9f,,youtube-data-api-v3/commentThreads.list,,-zrFkI1cm4o,"Mastering Risk Management in Trading: Forex, Crypto, and Binance Futures Strategies with P4 Provider",P4 Provider,,
youtube,P4 Provider,-zrFkI1cm4o,https://www.youtube.com/watch?v=-zrFkI1cm4o,UgzEpVNt_wNegVjNzc14AaABAg,All guys stacking Kardden Token before next bull are smart apes for sure,2024-08-28T22:37:21Z,2026-10-01T13:27:00.909030+00:00,0,0,,3da4de9f603db25ea4a11ed7084e0c10167caab68bd28eeb07f2f39dda492331,,youtube-data-api-v3/commentThreads.list,,-zrFkI1cm4o,"Mastering Risk Management in Trading: Forex, Crypto, and Binance Futures Strategies with P4 Provider",P4 Provider,,
youtube,P4 Provider,-zrFkI1cm4o,https://www.youtube.com/watch?v=-zrFkI1cm4o,Ugy9WiNMJM4XzLJckB54AaABAg,This is a great channel,2025-05-26T09:15:26Z,2026-10-01T13:27:00.909030+00:00,0,0,,82a5460d7a21467972ca6d56f5bb7d0b9b81f776241b202149f77147a7795044,,youtube-data-api-v3/commentThreads.list,,-zrFkI1cm4o,"Mastering Risk Management in Trading: Forex, Crypto, and Binance Futures Strategies with P4 Provider",P4 Provider,,
youtube,P4 Provider,-zrFkI1cm4o,https://www.youtube.com/watch?v=-zrFkI1cm4o,UgyK0_zLyqP1YRc_MzZ4AaABAg,Very fruitful video,2025-09-28T11:52:16Z,2026-10-01T13:27:00.909030+00:00,0,0,,2bb6548ac5e1eb3ffc58b4808849b777587183dfd0a909518a16e1027a483520,,youtube-data-api-v3/commentThreads.list,,-zrFkI1cm4o,"Mastering Risk Management in Trading: Forex, Crypto, and Binance Futures Strategies with P4 Provider",P4 Provider,,
youtube,P4 Provider,-zrFkI1cm4o,https://www.youtube.com/watch?v=-zrFkI1cm4o,UgxcI8Rwti8jhe79RRt4AaABAg,First Comment sir g,2024-08-28T15:03:11Z,2026-10-01T13:27:00.909030+00:00,0,0,,4d7fc4c0815cbcb84a958bffbd6cdd3515117d46516a525d7ce4d5e8930979a7,,youtube-data-api-v3/commentThreads.list,,-zrFkI1cm4o,"Mastering Risk Management in Trading: Forex, Crypto, and Binance Futures Strategies with P4 Provider",P4 Provider,,
youtube,P4 Provider,-zrFkI1cm4o,https://www.youtube.com/watch?v=-zrFkI1cm4o,UgwmfB9FgN4RZNbfcNV4AaABAg,Behtreen video ❤,2025-04-04T19:04:23Z,2026-10-01T13:27:00.909030+00:00,0,0,,4dd4ad093a4106eca0075c3c7328ede25a32d4bfc444677d455d8970ff870d92,,youtube-data-api-v3/commentThreads.list,,-zrFkI1cm4o,"Mastering Risk Management in Trading: Forex, Crypto, and Binance Futures Strategies with P4 Provider",P4 Provider,,
youtube,P4 Provider,-zrFkI1cm4o,https://www.youtube.com/watch?v=-zrFkI1cm4o,UgyvL34GEFs9JurObL54AaABAg,Tanveer Bhai love you ❤,2024-08-28T21:54:21Z,2026-10-01T13:27:00.909030+00:00,0,0,,8719a53adbe6452d04b0accab89569649bea5f66538ae025e831ebb927b4d9d0,,youtube-data-api-v3/commentThreads.list,,-zrFkI1cm4o,"Mastering Risk Management in Trading: Forex, Crypto, and Binance Futures Strategies with P4 Provider",P4 Provider,,
youtube,P4 Provider,-zrFkI1cm4o,https://www.youtube.com/watch?v=-zrFkI1cm4o,Ugx1JQUH69-gTsHBQdN4AaABAg,Bhai one video on fundamental analysis par ❤,2024-08-29T15:30:24Z,2026-10-01T13:27:00.909030+00:00,0,0,,90bd44daf96e3887578b0092220f0480cb595f39385f8226517b8e9f2dcaab14,,youtube-data-api-v3/commentThreads.list,,-zrFkI1cm4o,"Mastering Risk Management in Trading: Forex, Crypto, and Binance Futures Strategies with P4 Provider",P4 Provider,,
youtube,P4 Provider,-zrFkI1cm4o,https://www.youtube.com/watch?v=-zrFkI1cm4o,Ugxj-W_13zCqCIpDQX94AaABAg,Gg op bara dar ❤❤❤😊,2024-08-28T15:53:34Z,2026-10-01T13:27:00.909030+00:00,1,0,,c73303094fa0646e1f54081d5e449c46e81e00e188da2f75ac93e861bdd468c1,,youtube-data-api-v3/commentThreads.list,,-zrFkI1cm4o,"Mastering Risk Management in Trading: Forex, Crypto, and Binance Futures Strategies with P4 Provider",P4 Provider,,
youtube,P4 Provider,-zrFkI1cm4o,https://www.youtube.com/watch?v=-zrFkI1cm4o,UgzromIiE_CLmEyz_FN4AaABAg,I am systematic trader ✔️💯🎯,2024-08-29T04:40:14Z,2026-10-01T13:27:00.909030+00:00,1,0,,1a33138f356251d82a63e8f3d71b573c473208cccc7a2db97846b16763cf1a51,,youtube-data-api-v3/commentThreads.list,,-zrFkI1cm4o,"Mastering Risk Management in Trading: Forex, Crypto, and Binance Futures Strategies with P4 Provider",P4 Provider,,
youtube,P4 Provider,-zrFkI1cm4o,https://www.youtube.com/watch?v=-zrFkI1cm4o,UgwjUjpDrwyr-SAtznJ4AaABAg,Pls apply the same techniques on your trading and copy trading,2024-09-24T08:01:02Z,2026-10-01T13:27:00.909030+00:00,0,0,,6f18913e1604a1e1d0b5ef61890fe0ab61d580306d248f3fd42569c41ceae9d8,,youtube-data-api-v3/commentThreads.list,,-zrFkI1cm4o,"Mastering Risk Management in Trading: Forex, Crypto, and Binance Futures Strategies with P4 Provider",P4 Provider,,
youtube,P4 Provider,-zrFkI1cm4o,https://www.youtube.com/watch?v=-zrFkI1cm4o,UgxzLGXyyLDdN215qq14AaABAg,"Simple baat risk management aur stop loss ka matlab trading mai losses kerna hai , bhai log app jab bhi stoploss lagatay hai wahi tak trade aker apki stoploss hit ker k wapas chala jata hai,,,",2024-08-28T18:26:14Z,2026-10-01T13:27:00.909030+00:00,4,0,,622ef06247ce396d02e564cde08e00a937f66e1fdc67427658776caea86b619d,,youtube-data-api-v3/commentThreads.list,,-zrFkI1cm4o,"Mastering Risk Management in Trading: Forex, Crypto, and Binance Futures Strategies with P4 Provider",P4 Provider,,
youtube,P4 Provider,-zrFkI1cm4o,https://www.youtube.com/watch?v=-zrFkI1cm4o,Ugx5On7B20Ghi8e5ODJ4AaABAg,Sir apki videos dekh kr boht kch seekha aur ap se telegram per bat b hoi ap ny boht achy se guide kia thanks alot sir,2024-08-29T06:49:21Z,2026-10-01T13:27:00.909030+00:00,0,2,,cbc916c9a5eacc4175ac14e82358afd63f6d95d48942d4cbb93fcb0f2b17e11e,,youtube-data-api-v3/commentThreads.list,,-zrFkI1cm4o,"Mastering Risk Management in Trading: Forex, Crypto, and Binance Futures Strategies with P4 Provider",P4 Provider,,
youtube,P4 Provider,-zrFkI1cm4o,https://www.youtube.com/watch?v=-zrFkI1cm4o,Ugx5On7B20Ghi8e5ODJ4AaABAg.A7i8lsvFyn2A7xch0z_8pJ,Telegram pe kesay bat krni hai,2024-09-04T07:08:10Z,2026-10-01T13:27:00.909030+00:00,0,0,,c9f4a1f1ca0b388cf36ea0be6a406b73b44334f55d06d66fbe6dcf500bebdbac,Ugx5On7B20Ghi8e5ODJ4AaABAg,youtube-data-api-v3/commentThreads.list,,-zrFkI1cm4o,"Mastering Risk Management in Trading: Forex, Crypto, and Binance Futures Strategies with P4 Provider",P4 Provider,,
youtube,P4 Provider,-zrFkI1cm4o,https://www.youtube.com/watch?v=-zrFkI1cm4o,Ugx5On7B20Ghi8e5ODJ4AaABAg.A7i8lsvFyn2A80ZyHTRvW5,Kya sekha,2024-09-05T19:52:32Z,2026-10-01T13:27:00.909030+00:00,0,0,,2299c9c1cf91402c117b651267ec222efdc9a7c91fa3ade460646ff187bd9599,Ugx5On7B20Ghi8e5ODJ4AaABAg,youtube-data-api-v3/commentThreads.list,,-zrFkI1cm4o,"Mastering Risk Management in Trading: Forex, Crypto, and Binance Futures Strategies with P4 Provider",P4 Provider,,
youtube,P4 Provider,-zrFkI1cm4o,https://www.youtube.com/watch?v=-zrFkI1cm4o,UgxylPGNsPxDGkuzGoN4AaABAg,Price action is key,2026-01-20T17:27:31Z,2026-10-01T13:27:00.909030+00:00,0,0,,8dd410e24d732944b98167f222ad2639239a981b2ca1a00c96c7ddef0163d727,,youtube-data-api-v3/commentThreads.list,,-zrFkI1cm4o,"Mastering Risk Management in Trading: Forex, Crypto, and Binance Futures Strategies with P4 Provider",P4 Provider,,
youtube,P4 Provider,-zrFkI1cm4o,https://www.youtube.com/watch?v=-zrFkI1cm4o,UgzzBLhvqY1nOZuRG3B4AaABAg,love you bro,2024-08-28T19:49:26Z,2026-10-01T13:27:00.909030+00:00,0,0,,166f636afcc2f3aa041aee578a08f94cffec14bb1621b5d4e42f306f90494f22,,youtube-data-api-v3/commentThreads.list,,-zrFkI1cm4o,"Mastering Risk Management in Trading: Forex, Crypto, and Binance Futures Strategies with P4 Provider",P4 Provider,,
youtube,P4 Provider,-zrFkI1cm4o,https://www.youtube.com/watch?v=-zrFkI1cm4o,Ugzau48eEbkCCG8bbn14AaABAg,Good 👍,2024-12-10T17:13:21Z,2026-10-01T13:27:00.909030+00:00,0,0,,29eb7fe4fca31ab3e4888d3f08b0f0c352e506ccc96ba54a0276a392fa42d87e,,youtube-data-api-v3/commentThreads.list,,-zrFkI1cm4o,"Mastering Risk Management in Trading: Forex, Crypto, and Binance Futures Strategies with P4 Provider",P4 Provider,,
youtube,P4 Provider,-zrFkI1cm4o,https://www.youtube.com/watch?v=-zrFkI1cm4o,UgxRRhm71-fIT8XbPkx4AaABAg,You are good YouTuber not trader don't waste people time,2024-09-04T06:18:43Z,2026-10-01T13:27:00.909030+00:00,0,0,,7b96e9e485aee26657f9b95edb73ca99cd7942e57afd1fdcc077129c5ad5f8d6,,youtube-data-api-v3/commentThreads.list,,-zrFkI1cm4o,"Mastering Risk Management in Trading: Forex, Crypto, and Binance Futures Strategies with P4 Provider",P4 Provider,,
youtube,P4 Provider,-zrFkI1cm4o,https://www.youtube.com/watch?v=-zrFkI1cm4o,UgyTiLy7Hn6VWDcbm5x4AaABAg,"Aslamu alaikum dear sir i hope you are doing well 
How to select coins for future trading ?
Please make a best video",2025-05-03T11:23:38Z,2026-10-01T13:27:00.909030+00:00,0,0,,a75c31685961204813ed9c0385013503df673321714d0cd011c16e127d28613d,,youtube-data-api-v3/commentThreads.list,,-zrFkI1cm4o,"Mastering Risk Management in Trading: Forex, Crypto, and Binance Futures Strategies with P4 Provider",P4 Provider,,
youtube,P4 Provider,-zrFkI1cm4o,https://www.youtube.com/watch?v=-zrFkI1cm4o,Ugy3oHz4eXGN9U-ZhKF4AaABAg,Thanks sir,2024-08-29T10:24:36Z,2026-10-01T13:27:00.909030+00:00,0,0,,d8313ac6c9aa88e62b4dc20dd5e24f24222001d317095e4b9441cb26b915af83,,youtube-data-api-v3/commentThreads.list,,-zrFkI1cm4o,"Mastering Risk Management in Trading: Forex, Crypto, and Binance Futures Strategies with P4 Provider",P4 Provider,,
youtube,P4 Provider,-zrFkI1cm4o,https://www.youtube.com/watch?v=-zrFkI1cm4o,UgwPycFDrjoWGjBr3iF4AaABAg,bhai aik video proper stop loss and take prophet ki bana da mt4 ki,2025-09-16T08:17:41Z,2026-10-01T13:27:00.909030+00:00,0,0,,005109ebe805c13780d504d8b7bebf53d06a1c4561dd47c03b6116fc17e7af19,,youtube-data-api-v3/commentThreads.list,,-zrFkI1cm4o,"Mastering Risk Management in Trading: Forex, Crypto, and Binance Futures Strategies with P4 Provider",P4 Provider,,
youtube,P4 Provider,-zrFkI1cm4o,https://www.youtube.com/watch?v=-zrFkI1cm4o,Ugyk54wNqXpWh7gFa2d4AaABAg,Ok 👍 good news,2025-08-26T20:05:39Z,2026-10-01T13:27:00.909030+00:00,0,0,,44d5d2743ee2c23333a104778774bc2201cbb6a70529c9e56d56662d5fca67ac,,youtube-data-api-v3/commentThreads.list,,-zrFkI1cm4o,"Mastering Risk Management in Trading: Forex, Crypto, and Binance Futures Strategies with P4 Provider",P4 Provider,,
youtube,P4 Provider,-zrFkI1cm4o,https://www.youtube.com/watch?v=-zrFkI1cm4o,UgwxdUdNdM6G7T6b06V4AaABAg,important topic,2024-08-29T12:02:43Z,2026-10-01T13:27:00.910043+00:00,0,0,,c22691adc07a77e153dae1d0421cc826c394924c2b23beda8ea207a1e70a4494,,youtube-data-api-v3/commentThreads.list,,-zrFkI1cm4o,"Mastering Risk Management in Trading: Forex, Crypto, and Binance Futures Strategies with P4 Provider",P4 Provider,,
youtube,P4 Provider,-zrFkI1cm4o,https://www.youtube.com/watch?v=-zrFkI1cm4o,UgwWpVwJrINadOBDGE94AaABAg,sir coin selection par video banao,2024-08-28T15:07:00Z,2026-10-01T13:27:00.910043+00:00,0,0,,306e9ccd854e1b9a7a19cf4f8beac43514311d852cd82e1d7ba5faeed3f43fbc,,youtube-data-api-v3/commentThreads.list,,-zrFkI1cm4o,"Mastering Risk Management in Trading: Forex, Crypto, and Binance Futures Strategies with P4 Provider",P4 Provider,,
youtube,P4 Provider,-zrFkI1cm4o,https://www.youtube.com/watch?v=-zrFkI1cm4o,UgxQyn-D_a8xImY2ncd4AaABAg,Hamain to copy trading Karwa k tabaah kia aap ne.,2024-08-29T10:26:01Z,2026-10-01T13:27:00.910043+00:00,0,0,,5e1c611232d0660144b59353deb7ed66c7014467befea944121e60b6ea10c252,,youtube-data-api-v3/commentThreads.list,,-zrFkI1cm4o,"Mastering Risk Management in Trading: Forex, Crypto, and Binance Futures Strategies with P4 Provider",P4 Provider,,
youtube,P4 Provider,-zrFkI1cm4o,https://www.youtube.com/watch?v=-zrFkI1cm4o,UgwO68oPYhJb2o96uxh4AaABAg,Ye risk management tha Jo Apne btya hai abi,2024-09-11T08:27:05Z,2026-10-01T13:27:00.910043+00:00,0,0,,a42fbb9d0a64784ab52781380234d6f6ca94c7caf335eb1251d191032255355b,,youtube-data-api-v3/commentThreads.list,,-zrFkI1cm4o,"Mastering Risk Management in Trading: Forex, Crypto, and Binance Futures Strategies with P4 Provider",P4 Provider,,
youtube,P4 Provider,-zrFkI1cm4o,https://www.youtube.com/watch?v=-zrFkI1cm4o,UgxAwt_WzqZiqaZJ7fJ4AaABAg,Bro ap old batain biyan kar rahy hain trading ki duniya boht agy nical gai hy,2024-08-28T17:20:10Z,2026-10-01T13:27:00.910043+00:00,0,0,,6aebc48a53736463fa17af343375fa190eecb7718ae04ddcef6d4905e137dae1,,youtube-data-api-v3/commentThreads.list,,-zrFkI1cm4o,"Mastering Risk Management in Trading: Forex, Crypto, and Binance Futures Strategies with P4 Provider",P4 Provider,,
youtube,P4 Provider,-zrFkI1cm4o,https://www.youtube.com/watch?v=-zrFkI1cm4o,Ugzd89K921jooyAzO794AaABAg,Mashallah allhamdulullah ❤❤❤🎉🎉🎉,2025-05-27T09:20:02Z,2026-10-01T13:27:00.910043+00:00,0,0,,b5a6f2e74da6b1bae8055e0ffffb4b8afdd5836d99a15c36cfc1a6083c6dbf98,,youtube-data-api-v3/commentThreads.list,,-zrFkI1cm4o,"Mastering Risk Management in Trading: Forex, Crypto, and Binance Futures Strategies with P4 Provider",P4 Provider,,
youtube,P4 Provider,-zrFkI1cm4o,https://www.youtube.com/watch?v=-zrFkI1cm4o,UgxpSkm3nMlgJvtX68t4AaABAg,Sir ka free Group hai jis ma halal trading yani spot ma trading hoti ayy.😊,2024-08-30T08:29:18Z,2026-10-01T13:27:00.910043+00:00,0,0,,01e0de587df40f486969db64f064b7e0782ab0448c972555b541aa94b6aa50d7,,youtube-data-api-v3/commentThreads.list,,-zrFkI1cm4o,"Mastering Risk Management in Trading: Forex, Crypto, and Binance Futures Strategies with P4 Provider",P4 Provider,,
youtube,P4 Provider,-zrFkI1cm4o,https://www.youtube.com/watch?v=-zrFkI1cm4o,UgyCFsT4hNgWaBxPOad4AaABAg,We are understanding risk manegment so you reffrel dhe raha,2026-01-10T12:03:12Z,2026-10-01T13:27:00.910043+00:00,0,0,,e729a69fe0765b524c9a1d95f83cba092d1f5c9346dda95ab12ec49ea603d9d5,,youtube-data-api-v3/commentThreads.list,,-zrFkI1cm4o,"Mastering Risk Management in Trading: Forex, Crypto, and Binance Futures Strategies with P4 Provider",P4 Provider,,
youtube,P4 Provider,-zrFkI1cm4o,https://www.youtube.com/watch?v=-zrFkI1cm4o,UgxANonXNh-KMNnbR0t4AaABAg,what about Stop loss hunting and liquidity hunting?,2025-01-16T15:07:57Z,2026-10-01T13:27:00.910043+00:00,0,0,,4f24f2eddf4e66398a9cf690e6a24e5f639b3406a6a74c2bc349de8baca7ea19,,youtube-data-api-v3/commentThreads.list,,-zrFkI1cm4o,"Mastering Risk Management in Trading: Forex, Crypto, and Binance Futures Strategies with P4 Provider",P4 Provider,,
youtube,P4 Provider,-zrFkI1cm4o,https://www.youtube.com/watch?v=-zrFkI1cm4o,UgxS-XubbhgEbGNTVn14AaABAg,Greate,2025-07-17T10:57:47Z,2026-10-01T13:27:00.910043+00:00,0,0,,0153c79a589be4cea9299174409a8adb507b2cd9e290f7f923d097bd77f1d2fa,,youtube-data-api-v3/commentThreads.list,,-zrFkI1cm4o,"Mastering Risk Management in Trading: Forex, Crypto, and Binance Futures Strategies with P4 Provider",P4 Provider,,
youtube,P4 Provider,-zrFkI1cm4o,https://www.youtube.com/watch?v=-zrFkI1cm4o,Ugx5FAZygedzSIkR83h4AaABAg,Trend Is Friend ........,2024-08-28T15:06:11Z,2026-10-01T13:27:00.910043+00:00,0,0,,d033b0d4485e685638aec44f9a42ec04570d666761b7b5ea7f7685890029bfca,,youtube-data-api-v3/commentThreads.list,,-zrFkI1cm4o,"Mastering Risk Management in Trading: Forex, Crypto, and Binance Futures Strategies with P4 Provider",P4 Provider,,
youtube,P4 Provider,-zrFkI1cm4o,https://www.youtube.com/watch?v=-zrFkI1cm4o,Ugx6zUwbAmxBKXWeI9h4AaABAg,Trading is a long term game its not a 5min or 15min game,2025-02-26T14:31:10Z,2026-10-01T13:27:00.910043+00:00,0,0,,10b895fcd3c50e56b4062f24db88288d17560fdd2ab85d7da5340860b21be2b7,,youtube-data-api-v3/commentThreads.list,,-zrFkI1cm4o,"Mastering Risk Management in Trading: Forex, Crypto, and Binance Futures Strategies with P4 Provider",P4 Provider,,
youtube,P4 Provider,-zrFkI1cm4o,https://www.youtube.com/watch?v=-zrFkI1cm4o,UgynP8LifXFEFF-c-2l4AaABAg,Can we see psx in fastbull platform,2024-09-02T17:36:14Z,2026-10-01T13:27:00.910043+00:00,0,0,,b92569ac836d0e552b5e052b681188238c445e7844d11e155f7831f228408348,,youtube-data-api-v3/commentThreads.list,,-zrFkI1cm4o,"Mastering Risk Management in Trading: Forex, Crypto, and Binance Futures Strategies with P4 Provider",P4 Provider,,
youtube,P4 Provider,-zrFkI1cm4o,https://www.youtube.com/watch?v=-zrFkI1cm4o,UgzxqUFYjNnIJgpm6dR4AaABAg,Chat gpt se script bna k bol dia 😅 Nice 👌🏻 😂,2024-09-02T14:44:30Z,2026-10-01T13:27:00.910043+00:00,0,0,,757d6a0102a3cd7b323828eaacd77be3e131659789c6a0ebc08bae70c91095a3,,youtube-data-api-v3/commentThreads.list,,-zrFkI1cm4o,"Mastering Risk Management in Trading: Forex, Crypto, and Binance Futures Strategies with P4 Provider",P4 Provider,,
youtube,P4 Provider,-zrFkI1cm4o,https://www.youtube.com/watch?v=-zrFkI1cm4o,Ugyw7_C6rYz8fx-B_H94AaABAg,bhai Binnance pa accounts odane k baad risk manegement yaad aai,2024-08-28T19:58:24Z,2026-10-01T13:27:00.910043+00:00,0,0,,6063512a44bec6f5a150c42bc0a09131f83909f759053b53d72c5f6f66fff114,,youtube-data-api-v3/commentThreads.list,,-zrFkI1cm4o,"Mastering Risk Management in Trading: Forex, Crypto, and Binance Futures Strategies with P4 Provider",P4 Provider,,
youtube,P4 Provider,-zrFkI1cm4o,https://www.youtube.com/watch?v=-zrFkI1cm4o,UgyYxdJGgOpR1BSplQ54AaABAg,Sir need your help can you share my Binance square profile in community for votes. Tomorrow is last day. Please reply,2024-08-28T15:07:10Z,2026-10-01T13:27:00.910043+00:00,3,0,,4d10bfa4c8907dc6665fe4ad64b589a5d514c427986f4d71cda27be335adcff6,,youtube-data-api-v3/commentThreads.list,,-zrFkI1cm4o,"Mastering Risk Management in Trading: Forex, Crypto, and Binance Futures Strategies with P4 Provider",P4 Provider,,
youtube,P4 Provider,-zrFkI1cm4o,https://www.youtube.com/watch?v=-zrFkI1cm4o,UgwX7yCdDc_OsLYupVB4AaABAg,Indian tax per video banao bhai crypto per,2024-08-28T19:18:35Z,2026-10-01T13:27:00.910043+00:00,0,0,,d2699039640467855695d092d8cb90d2932c5b65d7dc5878e34d8a25b0ea40a1,,youtube-data-api-v3/commentThreads.list,,-zrFkI1cm4o,"Mastering Risk Management in Trading: Forex, Crypto, and Binance Futures Strategies with P4 Provider",P4 Provider,,
youtube,P4 Provider,-zrFkI1cm4o,https://www.youtube.com/watch?v=-zrFkI1cm4o,Ugwe4SRRYAxfX15sK-54AaABAg,اسلام علیکم جی,2024-09-04T09:02:13Z,2026-10-01T13:27:00.910043+00:00,0,0,,0a349ac6b8663646945cdddd2ed3ca85c55eb702558298b511ccd7d1f846fd5c,,youtube-data-api-v3/commentThreads.list,,-zrFkI1cm4o,"Mastering Risk Management in Trading: Forex, Crypto, and Binance Futures Strategies with P4 Provider",P4 Provider,,
youtube,P4 Provider,-zrFkI1cm4o,https://www.youtube.com/watch?v=-zrFkI1cm4o,Ugy1FmRJzNvg56hlpbJ4AaABAg,"Bhi 4 saal pehlay aap delivery boy thay
aaj 7 saal ka exp bhi ho gya 
🙄🙄🙄",2024-09-04T21:27:12Z,2026-10-01T13:27:00.910043+00:00,5,3,,04a50ab3bb3f3ee1a2f9687fb680038dddf10d877c703044e481eccc80392d91,,youtube-data-api-v3/commentThreads.list,,-zrFkI1cm4o,"Mastering Risk Management in Trading: Forex, Crypto, and Binance Futures Strategies with P4 Provider",P4 Provider,,
youtube,P4 Provider,-zrFkI1cm4o,https://www.youtube.com/watch?v=-zrFkI1cm4o,Ugy1FmRJzNvg56hlpbJ4AaABAg.A7zA-lSToEFA7zA5a3-1aO,jhoot nahi bolna chahiay,2024-09-04T21:28:00Z,2026-10-01T13:27:00.910043+00:00,0,0,,04a50ab3bb3f3ee1a2f9687fb680038dddf10d877c703044e481eccc80392d91,Ugy1FmRJzNvg56hlpbJ4AaABAg,youtube-data-api-v3/commentThreads.list,,-zrFkI1cm4o,"Mastering Risk Management in Trading: Forex, Crypto, and Binance Futures Strategies with P4 Provider",P4 Provider,,
youtube,P4 Provider,-zrFkI1cm4o,https://www.youtube.com/watch?v=-zrFkI1cm4o,Ugy1FmRJzNvg56hlpbJ4AaABAg.A7zA-lSToEFAFJ5uudn79Y,Ye fraudi hai iski trades ghatiya tareen. Just content yad kr ke post krta hai,2025-03-06T00:15:16Z,2026-10-01T13:27:00.910043+00:00,1,0,,61f134ada20c74ed3921b4adb85b735cadfd467889a1fa0dc9e69c09dae6968b,Ugy1FmRJzNvg56hlpbJ4AaABAg,youtube-data-api-v3/commentThreads.list,,-zrFkI1cm4o,"Mastering Risk Management in Trading: Forex, Crypto, and Binance Futures Strategies with P4 Provider",P4 Provider,,
youtube,P4 Provider,-zrFkI1cm4o,https://www.youtube.com/watch?v=-zrFkI1cm4o,Ugy1FmRJzNvg56hlpbJ4AaABAg.A7zA-lSToEFANKoJ10S6Bo,7 minute ki video bich main 2 mint ki paid advertising 0r apni 3 . Hi  old video k links yhni her traf se kamai.,2025-09-21T12:22:18Z,2026-10-01T13:27:00.910043+00:00,0,0,,39da6f978d547a1c242df8bf1bd75971fd15dc596403a40d3a52c704379a7d45,Ugy1FmRJzNvg56hlpbJ4AaABAg,youtube-data-api-v3/commentThreads.list,,-zrFkI1cm4o,"Mastering Risk Management in Trading: Forex, Crypto, and Binance Futures Strategies with P4 Provider",P4 Provider,,
youtube,P4 Provider,-zrFkI1cm4o,https://www.youtube.com/watch?v=-zrFkI1cm4o,UgxytKkME_oINdX_Ujt4AaABAg,Coinbase listing Kardden Binance probably in line too,2024-08-28T22:29:33Z,2026-10-01T13:27:00.910043+00:00,0,0,,a122499649f4237b5eb177677b0107f063308127e48e56831129d1bff7a0c4d2,,youtube-data-api-v3/commentThreads.list,,-zrFkI1cm4o,"Mastering Risk Management in Trading: Forex, Crypto, and Binance Futures Strategies with P4 Provider",P4 Provider,,
youtube,P4 Provider,-zrFkI1cm4o,https://www.youtube.com/watch?v=-zrFkI1cm4o,Ugz-DhMIppvYraUVhgR4AaABAg,brother. coin ko select kesy krain???,2024-10-01T06:33:51Z,2026-10-01T13:27:00.910043+00:00,0,0,,04eddf9e56cc737cb604076c33013741628f87c93303fb8474b29c9cc99604a2,,youtube-data-api-v3/commentThreads.list,,-zrFkI1cm4o,"Mastering Risk Management in Trading: Forex, Crypto, and Binance Futures Strategies with P4 Provider",P4 Provider,,
youtube,P4 Provider,-zrFkI1cm4o,https://www.youtube.com/watch?v=-zrFkI1cm4o,Ugx8-q0fHk14rvGXTPp4AaABAg,Bai hm pakistan ma equity trading kesy kr skty hai please,2025-03-08T07:19:46Z,2026-10-01T13:27:00.910043+00:00,0,0,,d0b1f44297440999c8b4bc1dd83e91cd20879cacfdf7df83059133932ecc1335,,youtube-data-api-v3/commentThreads.list,,-zrFkI1cm4o,"Mastering Risk Management in Trading: Forex, Crypto, and Binance Futures Strategies with P4 Provider",P4 Provider,,
youtube,P4 Provider,-zrFkI1cm4o,https://www.youtube.com/watch?v=-zrFkI1cm4o,Ugw4D6Hy_mdtUYBTR5B4AaABAg,Your ROI on copy trading is minus 48 % then how you can suggest others....,2024-08-28T16:21:23Z,2026-10-01T13:27:00.910043+00:00,12,7,,dc00e35b794b5814823c35ee23c72add3e0fee0f3570d2b9d2b9289c64371fb0,,youtube-data-api-v3/commentThreads.list,,-zrFkI1cm4o,"Mastering Risk Management in Trading: Forex, Crypto, and Binance Futures Strategies with P4 Provider",P4 Provider,,
youtube,P4 Provider,-zrFkI1cm4o,https://www.youtube.com/watch?v=-zrFkI1cm4o,Ugw4D6Hy_mdtUYBTR5B4AaABAg.A7gaRfIgtHJA7gqP9ljoG4,😂,2024-08-28T18:40:50Z,2026-10-01T13:27:00.910043+00:00,0,0,,eeea7a9b18d84514847e26a84cf33e7922f852b4c2ba2ce2a7c6a71573cf2b57,Ugw4D6Hy_mdtUYBTR5B4AaABAg,youtube-data-api-v3/commentThreads.list,,-zrFkI1cm4o,"Mastering Risk Management in Trading: Forex, Crypto, and Binance Futures Strategies with P4 Provider",P4 Provider,,
youtube,P4 Provider,-zrFkI1cm4o,https://www.youtube.com/watch?v=-zrFkI1cm4o,Ugw4D6Hy_mdtUYBTR5B4AaABAg.A7gaRfIgtHJA7gwa4zT4gO,bhai -70% hai zara doobara dekho matlab 1000$ invest kiye tu 700$ apke urrr chuke hain😅 baqi 300$ bhi uraa dega ye😂,2024-08-28T19:34:54Z,2026-10-01T13:27:00.910043+00:00,1,0,,2771e159f82cf37e780466cf79d4f5cb0f586e89321e999fe1789182b7dd3821,Ugw4D6Hy_mdtUYBTR5B4AaABAg,youtube-data-api-v3/commentThreads.list,,-zrFkI1cm4o,"Mastering Risk Management in Trading: Forex, Crypto, and Binance Futures Strategies with P4 Provider",P4 Provider,,
youtube,P4 Provider,-zrFkI1cm4o,https://www.youtube.com/watch?v=-zrFkI1cm4o,Ugw4D6Hy_mdtUYBTR5B4AaABAg.A7gaRfIgtHJA7j9SZy1YMJ,Match fixing with exchange,2024-08-29T16:14:33Z,2026-10-01T13:27:00.910043+00:00,0,0,,27b3083da6b93436fabd30d5d2570a32dd5477fabdfed3a72f35b74329931e0b,Ugw4D6Hy_mdtUYBTR5B4AaABAg,youtube-data-api-v3/commentThreads.list,,-zrFkI1cm4o,"Mastering Risk Management in Trading: Forex, Crypto, and Binance Futures Strategies with P4 Provider",P4 Provider,,
youtube,P4 Provider,-zrFkI1cm4o,https://www.youtube.com/watch?v=-zrFkI1cm4o,Ugw4D6Hy_mdtUYBTR5B4AaABAg.A7gaRfIgtHJA7triorMliC,"​​@furqanmahmood8777
اس نے  کاپی ٹریڈنگ میں بہت سے لوگوں کو مروا دیا 😂",2024-09-02T20:02:32Z,2026-10-01T13:27:00.910043+00:00,0,0,,86ae638767b6d36904174204ece14494e3c4b775ac16c9f3067c0d54e51ff1e6,Ugw4D6Hy_mdtUYBTR5B4AaABAg,youtube-data-api-v3/commentThreads.list,,-zrFkI1cm4o,"Mastering Risk Management in Trading: Forex, Crypto, and Binance Futures Strategies with P4 Provider",P4 Provider,,
youtube,P4 Provider,-zrFkI1cm4o,https://www.youtube.com/watch?v=-zrFkI1cm4o,Ugw4D6Hy_mdtUYBTR5B4AaABAg.A7gaRfIgtHJA886uNGqOTu,"The P4 provider is a complete fraud and a shameless scammer. I lost $7,000 USDT because of his copy trading, and now he can only make money with youtube ads and looting people with useless premium",2024-09-08T18:12:31Z,2026-10-01T13:27:00.910043+00:00,0,0,,dd69b7c0b9d75ad93622f8ec8f6f40397ddd198967bd4bb57b70ba161642066b,Ugw4D6Hy_mdtUYBTR5B4AaABAg,youtube-data-api-v3/commentThreads.list,,-zrFkI1cm4o,"Mastering Risk Management in Trading: Forex, Crypto, and Binance Futures Strategies with P4 Provider",P4 Provider,,
youtube,P4 Provider,-zrFkI1cm4o,https://www.youtube.com/watch?v=-zrFkI1cm4o,UgxqjcISTwFC6gD31yx4AaABAg,entry Lene se phly aj kal bohat dar lagta hai ek bat aur main bara profit book ni kar sakta 2 .3$ per position close kar deta ?hou,2024-08-28T15:24:45Z,2026-10-01T13:27:00.910043+00:00,0,0,,540c3c4ff68e705fd58748caa6d5e0302e0d8088735d540eecd9b00275ba72dd,,youtube-data-api-v3/commentThreads.list,,-zrFkI1cm4o,"Mastering Risk Management in Trading: Forex, Crypto, and Binance Futures Strategies with P4 Provider",P4 Provider,,
youtube,P4 Provider,-zrFkI1cm4o,https://www.youtube.com/watch?v=-zrFkI1cm4o,Ugy5Yqxyf_ZnoSmn--Z4AaABAg,Salam How one can use your referral code if the account is already created and registered please guide,2025-05-01T07:10:27Z,2026-10-01T13:27:00.910043+00:00,0,0,,74c15ee58b385c29e2d095b656324fcc913baeec8e9f51ef3a05af0ba0e783d8,,youtube-data-api-v3/commentThreads.list,,-zrFkI1cm4o,"Mastering Risk Management in Trading: Forex, Crypto, and Binance Futures Strategies with P4 Provider",P4 Provider,,
youtube,P4 Provider,-zrFkI1cm4o,https://www.youtube.com/watch?v=-zrFkI1cm4o,Ugz3ZutkHHnIvE7rF1B4AaABAg,Dil Khush ho gya believe me Allah apko apny elawa kisi ka muhtaj na kre apko sunay ka boht mza ata ha Q k mujy smj ati ha Alhamdulillah ❤❤❤ great man,2024-08-28T18:42:24Z,2026-10-01T13:27:00.910043+00:00,7,1,,360e1d54870ac26ae28fa33c37913a711e30e9fae889f30b5916f8433fa9868f,,youtube-data-api-v3/commentThreads.list,,-zrFkI1cm4o,"Mastering Risk Management in Trading: Forex, Crypto, and Binance Futures Strategies with P4 Provider",P4 Provider,,
youtube,P4 Provider,-zrFkI1cm4o,https://www.youtube.com/watch?v=-zrFkI1cm4o,Ugz3ZutkHHnIvE7rF1B4AaABAg.A7gq_b8CozjA7pT6W825dR,Lol man,2024-09-01T03:01:45Z,2026-10-01T13:27:00.910043+00:00,0,0,,09ae9d58d0ad8676e9082ff374b89a564411b33982c023e0b8b7fe5c727d07ae,Ugz3ZutkHHnIvE7rF1B4AaABAg,youtube-data-api-v3/commentThreads.list,,-zrFkI1cm4o,"Mastering Risk Management in Trading: Forex, Crypto, and Binance Futures Strategies with P4 Provider",P4 Provider,,
youtube,P4 Provider,-zrFkI1cm4o,https://www.youtube.com/watch?v=-zrFkI1cm4o,UgybeH0DxF5QtAVN-Jl4AaABAg,Me jab trade keta lo 1.2 risk reward par .. agar stop los 20 pips par laga keta hun tab bhi profit 10 pips par band karna parta he.. iska koi hal...,2024-08-28T18:27:07Z,2026-10-01T13:27:00.910043+00:00,0,0,,ffaf977c267f80dda7d62f7dea716f4638c9b091a45b9aac7f681ee0ec0e9c31,,youtube-data-api-v3/commentThreads.list,,-zrFkI1cm4o,"Mastering Risk Management in Trading: Forex, Crypto, and Binance Futures Strategies with P4 Provider",P4 Provider,,
youtube,P4 Provider,-zrFkI1cm4o,https://www.youtube.com/watch?v=-zrFkI1cm4o,UgwG0onzsfHiLF8cKgJ4AaABAg,"Vedio on short trading??
Is this halal
How we can do short on binance",2024-08-29T12:03:40Z,2026-10-01T13:27:00.910043+00:00,0,0,,571b0aae6e4bf2e6ea8d30d15c7eeedfae6c2cd21b16dac80f37c08c66fff8a9,,youtube-data-api-v3/commentThreads.list,,-zrFkI1cm4o,"Mastering Risk Management in Trading: Forex, Crypto, and Binance Futures Strategies with P4 Provider",P4 Provider,,
youtube,P4 Provider,-zrFkI1cm4o,https://www.youtube.com/watch?v=-zrFkI1cm4o,UgxAkyEgVceiEZqRs8l4AaABAg,Copy k baad profit kb show hota,2024-09-29T21:31:11Z,2026-10-01T13:27:00.910043+00:00,0,0,,2361e369836b724823e01bce458d353e9f59b91c6cfbe1514bc0119b7edc9bdc,,youtube-data-api-v3/commentThreads.list,,-zrFkI1cm4o,"Mastering Risk Management in Trading: Forex, Crypto, and Binance Futures Strategies with P4 Provider",P4 Provider,,
youtube,P4 Provider,-zrFkI1cm4o,https://www.youtube.com/watch?v=-zrFkI1cm4o,UgzPq70U8e1W2RO1zCF4AaABAg,Mara bhi ya detail video ni hai,2024-08-28T15:25:28Z,2026-10-01T13:27:00.910043+00:00,0,0,,8d73b9ef78509021b32d161f2fc8d503a92b44bb81a351e26b0a2e2bd12fb54f,,youtube-data-api-v3/commentThreads.list,,-zrFkI1cm4o,"Mastering Risk Management in Trading: Forex, Crypto, and Binance Futures Strategies with P4 Provider",P4 Provider,,
youtube,P4 Provider,-zrFkI1cm4o,https://www.youtube.com/watch?v=-zrFkI1cm4o,UgxBEzxyKTVeAx6cTZd4AaABAg,Sir Funding account k bary mn koi information hai to zaroor video banaen❤,2024-08-28T18:44:35Z,2026-10-01T13:27:00.910043+00:00,0,1,,2fc15a1ef25a7aaaa32284b41965dec6d2a9a046ffca82fa4b47c5ec60c0a227,,youtube-data-api-v3/commentThreads.list,,-zrFkI1cm4o,"Mastering Risk Management in Trading: Forex, Crypto, and Binance Futures Strategies with P4 Provider",P4 Provider,,
youtube,P4 Provider,-zrFkI1cm4o,https://www.youtube.com/watch?v=-zrFkI1cm4o,UgxBEzxyKTVeAx6cTZd4AaABAg.A7gqpd7BOUbA7iH9312a0u,Are you trading funding account?,2024-08-29T08:02:33Z,2026-10-01T13:27:00.910043+00:00,0,0,,3ff9b5f9c1c1f35f5dc292bcf755361856745236fc2aef0d479f83031635d84d,UgxBEzxyKTVeAx6cTZd4AaABAg,youtube-data-api-v3/commentThreads.list,,-zrFkI1cm4o,"Mastering Risk Management in Trading: Forex, Crypto, and Binance Futures Strategies with P4 Provider",P4 Provider,,
youtube,P4 Provider,-zrFkI1cm4o,https://www.youtube.com/watch?v=-zrFkI1cm4o,UgwqRoGbx7s9aoypm4Z4AaABAg,Hafiz Sahab ap b risk manage kartay hen? Logon k paisay pe risk management kiun nahi kartay?,2024-08-31T10:47:35Z,2026-10-01T13:27:00.910043+00:00,0,0,,7a6046fa392790557b8892df5e6e2cae607a3e8ee86ce8317b29636c4ca7eb6e,,youtube-data-api-v3/commentThreads.list,,-zrFkI1cm4o,"Mastering Risk Management in Trading: Forex, Crypto, and Binance Futures Strategies with P4 Provider",P4 Provider,,
youtube,P4 Provider,-zrFkI1cm4o,https://www.youtube.com/watch?v=-zrFkI1cm4o,UgxoHOG9T826JJQH3CB4AaABAg,Copy trading My app abi tak loss sy nahi nikl saky hud ke ye halt hy,2024-08-30T02:28:45Z,2026-10-01T13:27:00.910043+00:00,0,0,,5c01de8df9d164ec76d55a6dd9e6e64d521757d2f1ae795500f41f9c32a9d033,,youtube-data-api-v3/commentThreads.list,,-zrFkI1cm4o,"Mastering Risk Management in Trading: Forex, Crypto, and Binance Futures Strategies with P4 Provider",P4 Provider,,
youtube,P4 Provider,-zrFkI1cm4o,https://www.youtube.com/watch?v=-zrFkI1cm4o,UgwN42WAx14Q8X32ch94AaABAg,"salamalekum sir, kia app se phone per baat ho sakti hai if you dont mind?",2024-09-21T19:31:27Z,2026-10-01T13:27:00.910043+00:00,0,0,,f0c911e9c9421cfad5929206b37e826110b069c1b0030019df8506535a9efb6b,,youtube-data-api-v3/commentThreads.list,,-zrFkI1cm4o,"Mastering Risk Management in Trading: Forex, Crypto, and Binance Futures Strategies with P4 Provider",P4 Provider,,
youtube,P4 Provider,-zrFkI1cm4o,https://www.youtube.com/watch?v=-zrFkI1cm4o,UgzYo5Lizp4Mfgncocd4AaABAg,risk management kesy krte hai wo btao logo ko views lene kay lia shoru hote hai 95 Parson YouTubers ..,2024-08-28T20:31:41Z,2026-10-01T13:27:00.910043+00:00,0,0,,5cf655dd395e65af25b02a52fb2e3526cd9fff4c3c6b6c2a7e5eb745551fc009,,youtube-data-api-v3/commentThreads.list,,-zrFkI1cm4o,"Mastering Risk Management in Trading: Forex, Crypto, and Binance Futures Strategies with P4 Provider",P4 Provider,,
youtube,P4 Provider,-zrFkI1cm4o,https://www.youtube.com/watch?v=-zrFkI1cm4o,Ugzx8-Jp_u_I8kFz1Yp4AaABAg,Ya Kardden keya hy mojy to pta b nahi hy,2024-08-29T08:51:50Z,2026-10-01T13:27:00.910043+00:00,0,0,,88c1554fb00038ec6768b036d217e7f295dd87dc6714830439829fb2fd499b93,,youtube-data-api-v3/commentThreads.list,,-zrFkI1cm4o,"Mastering Risk Management in Trading: Forex, Crypto, and Binance Futures Strategies with P4 Provider",P4 Provider,,
youtube,P4 Provider,-zrFkI1cm4o,https://www.youtube.com/watch?v=-zrFkI1cm4o,Ugw_z1m0kHpom0NrJ8F4AaABAg,Bhai Notusdt ki update de,2024-08-28T16:31:59Z,2026-10-01T13:27:00.910043+00:00,0,0,,5c21f46ae7e88f69e233c89bb08a007184f04042bd998538b8826504de5e579a,,youtube-data-api-v3/commentThreads.list,,-zrFkI1cm4o,"Mastering Risk Management in Trading: Forex, Crypto, and Binance Futures Strategies with P4 Provider",P4 Provider,,
youtube,P4 Provider,-zrFkI1cm4o,https://www.youtube.com/watch?v=-zrFkI1cm4o,UgyGcJGD0_HDv8vc8HZ4AaABAg,❤,2025-10-05T16:44:01Z,2026-10-01T13:27:00.910043+00:00,0,0,,181807e5381c3ba057c4d1591f04d4ab266f9bf526063290ccc2d862a330103d,,youtube-data-api-v3/commentThreads.list,,-zrFkI1cm4o,"Mastering Risk Management in Trading: Forex, Crypto, and Binance Futures Strategies with P4 Provider",P4 Provider,,
youtube,P4 Provider,-zrFkI1cm4o,https://www.youtube.com/watch?v=-zrFkI1cm4o,UgxkZrBJZGEDq0WjmDZ4AaABAg,Hi,2025-07-25T17:19:31Z,2026-10-01T13:27:00.910043+00:00,0,0,,9ea06be493c916c01c6b77c21da2ac13a5459bd0b4f6a66f8596e05ce14bb995,,youtube-data-api-v3/commentThreads.list,,-zrFkI1cm4o,"Mastering Risk Management in Trading: Forex, Crypto, and Binance Futures Strategies with P4 Provider",P4 Provider,,
youtube,P4 Provider,-zrFkI1cm4o,https://www.youtube.com/watch?v=-zrFkI1cm4o,Ugx915HsbwLHZeUWgkJ4AaABAg,Mansoor bhai ap name lo ap me kon sa itni himat ha,2024-08-29T19:36:23Z,2026-10-01T13:27:00.910043+00:00,0,0,,be9d2da5d1f1800efcf28b5fd9cd887bb785bf0439d82ca2d5ae2c0d32127911,,youtube-data-api-v3/commentThreads.list,,-zrFkI1cm4o,"Mastering Risk Management in Trading: Forex, Crypto, and Binance Futures Strategies with P4 Provider",P4 Provider,,
youtube,P4 Provider,-zrFkI1cm4o,https://www.youtube.com/watch?v=-zrFkI1cm4o,UgxzwUy9NLQEAY3l9fR4AaABAg,Pta ni Kia ha Jo  topic hota ha us se side per kue hate hn,2025-06-17T03:44:54Z,2026-10-01T13:27:00.910043+00:00,0,0,,fc0d571ec45bbd3816922d42e0e0c94f51500e518b4716ea9c9c093eec5af8f6,,youtube-data-api-v3/commentThreads.list,,-zrFkI1cm4o,"Mastering Risk Management in Trading: Forex, Crypto, and Binance Futures Strategies with P4 Provider",P4 Provider,,
youtube,P4 Provider,-zrFkI1cm4o,https://www.youtube.com/watch?v=-zrFkI1cm4o,UgyopAWeuSoZVd2WrYh4AaABAg,"Sorry to say brother, iss main risk management ka toh kuchh bataya ee nahn aapne. Position sizing ka bhi nahn bataya. Jab tak position sizing samaj main nahn ayega tab tak risk kese manage karenge? Brother, Shuru main ee sponsored video likh diya karo.",2024-08-28T16:30:11Z,2026-10-01T13:27:00.910043+00:00,0,0,,d5cf748ee901d146864864acefcf53c4671a9688619a2b2ffbebf95e1c57d7e3,,youtube-data-api-v3/commentThreads.list,,-zrFkI1cm4o,"Mastering Risk Management in Trading: Forex, Crypto, and Binance Futures Strategies with P4 Provider",P4 Provider,,
youtube,P4 Provider,-zrFkI1cm4o,https://www.youtube.com/watch?v=-zrFkI1cm4o,Ugzd1aJabBql_kp7yc94AaABAg,Aoa sir I want to enrol in your trading course,2024-09-02T05:07:13Z,2026-10-01T13:27:00.910043+00:00,0,1,,2478c96cfac528975db9be538df36360805584a888ce1536ddaeaa5a2b313bcb,,youtube-data-api-v3/commentThreads.list,,-zrFkI1cm4o,"Mastering Risk Management in Trading: Forex, Crypto, and Binance Futures Strategies with P4 Provider",P4 Provider,,
youtube,P4 Provider,-zrFkI1cm4o,https://www.youtube.com/watch?v=-zrFkI1cm4o,Ugznt9z9PlvY0r3Mh354AaABAg,LPC,2024-10-01T14:10:38Z,2026-10-01T13:27:00.910043+00:00,0,0,,92b850cc77ad97936bc752bc7e503da9e7fb9723492e65465859c253e5b94992,,youtube-data-api-v3/commentThreads.list,,-zrFkI1cm4o,"Mastering Risk Management in Trading: Forex, Crypto, and Binance Futures Strategies with P4 Provider",P4 Provider,,
youtube,P4 Provider,-zrFkI1cm4o,https://www.youtube.com/watch?v=-zrFkI1cm4o,UgyIXX9QxfVkTadAtn54AaABAg,"Bhai jab itna pataa hain to copy trading main hamara itnaa losss q karyaaa .
Almost accont wash kardiya app ney copy trading binance main",2024-08-29T17:00:33Z,2026-10-01T13:27:00.910043+00:00,0,0,,717f12a07ec787281df4d9f10617a9c9c853c9c545ca6e09973abdfa02faa650,,youtube-data-api-v3/commentThreads.list,,-zrFkI1cm4o,"Mastering Risk Management in Trading: Forex, Crypto, and Binance Futures Strategies with P4 Provider",P4 Provider,,
youtube,P4 Provider,-zrFkI1cm4o,https://www.youtube.com/watch?v=-zrFkI1cm4o,UgxTBI9oMOa922DWazR4AaABAg,5:48,2026-06-18T07:05:13Z,2026-10-01T13:27:00.910043+00:00,0,0,,912e2190a19aa141eaebc64f03da488eb505592dc800115150fe6d7afe0d66d2,,youtube-data-api-v3/commentThreads.list,,-zrFkI1cm4o,"Mastering Risk Management in Trading: Forex, Crypto, and Binance Futures Strategies with P4 Provider",P4 Provider,,
youtube,P4 Provider,-zrFkI1cm4o,https://www.youtube.com/watch?v=-zrFkI1cm4o,UgyGM31JIXdc7lIJODp4AaABAg,"Hafiz bhai, there are no links in the description for stop loss, take profit, stop limit.",2025-01-15T10:26:12Z,2026-10-01T13:27:00.910043+00:00,0,1,,867c69c8906eae78d97df45c09d769df84d30e99ac284e8e560383541bd48413,,youtube-data-api-v3/commentThreads.list,,-zrFkI1cm4o,"Mastering Risk Management in Trading: Forex, Crypto, and Binance Futures Strategies with P4 Provider",P4 Provider,,
youtube,P4 Provider,-zrFkI1cm4o,https://www.youtube.com/watch?v=-zrFkI1cm4o,Ugwq_Q_y_35xNEwGzAh4AaABAg,क्या अधिक महत्वपूर्ण है: विविधीकरण या एक कॉइन में विश्वास करना?,2025-01-30T04:47:50Z,2026-10-01T13:27:00.910043+00:00,0,0,,ad6fe6c0e82316a27f5e6260ba0674731d4b924301f50ca1f321dfe985199e0e,,youtube-data-api-v3/commentThreads.list,,-zrFkI1cm4o,"Mastering Risk Management in Trading: Forex, Crypto, and Binance Futures Strategies with P4 Provider",P4 Provider,,
youtube,P4 Provider,-zrFkI1cm4o,https://www.youtube.com/watch?v=-zrFkI1cm4o,Ugz2f9WzLw0DVMtBiJZ4AaABAg,Jhoot q bolte ho bhai kha hy link😶,2024-08-29T19:57:14Z,2026-10-01T13:27:00.910043+00:00,0,0,,8e942fc4567cd042d03a6b026a1cc39e1d3474799d6e92f7caa2956a5f4e7771,,youtube-data-api-v3/commentThreads.list,,-zrFkI1cm4o,"Mastering Risk Management in Trading: Forex, Crypto, and Binance Futures Strategies with P4 Provider",P4 Provider,,
youtube,P4 Provider,-zrFkI1cm4o,https://www.youtube.com/watch?v=-zrFkI1cm4o,UgzXMI4Lz7qRLcpRO7V4AaABAg,Sir i want to join your team,2024-11-19T09:29:57Z,2026-10-01T13:27:00.910043+00:00,0,1,,5485df631415a221059ee97de68d9ba87f2216fe5e94b14a7057f732f826c5df,,youtube-data-api-v3/commentThreads.list,,-zrFkI1cm4o,"Mastering Risk Management in Trading: Forex, Crypto, and Binance Futures Strategies with P4 Provider",P4 Provider,,
youtube,P4 Provider,-zrFkI1cm4o,https://www.youtube.com/watch?v=-zrFkI1cm4o,UgzA0t1lFaVJVGde53N4AaABAg,Jis logo ky bhai apny lakhoo waste karwaye copy trading py unka kia kiya apny,2024-09-12T16:26:00Z,2026-10-01T13:27:00.910043+00:00,0,0,,c01c98398ff824e759bc483e9eaf90cd678526fb6a80a30304be6423ad60e13f,,youtube-data-api-v3/commentThreads.list,,-zrFkI1cm4o,"Mastering Risk Management in Trading: Forex, Crypto, and Binance Futures Strategies with P4 Provider",P4 Provider,,
youtube,P4 Provider,-zrFkI1cm4o,https://www.youtube.com/watch?v=-zrFkI1cm4o,UgwS2F-dn7pFgCyRlu14AaABAg,❤❤❤❤❤❤❤,2026-06-22T04:36:22Z,2026-10-01T13:27:00.910043+00:00,0,0,,bd586ddc71158db98fbd2f32a1957da2a01f5a897bf6fa5f95db0cd25596c045,,youtube-data-api-v3/commentThreads.list,,-zrFkI1cm4o,"Mastering Risk Management in Trading: Forex, Crypto, and Binance Futures Strategies with P4 Provider",P4 Provider,,
youtube,P4 Provider,-zrFkI1cm4o,https://www.youtube.com/watch?v=-zrFkI1cm4o,Ugy0Hji0kG-VWLPu93d4AaABAg,Sir description men video link Nhi hae,2024-09-18T17:36:38Z,2026-10-01T13:27:00.910043+00:00,0,1,,d2e3005425fa1f0afa913f4652239043a0ab46376fba31d273d9091b75f5d7c9,,youtube-data-api-v3/commentThreads.list,,-zrFkI1cm4o,"Mastering Risk Management in Trading: Forex, Crypto, and Binance Futures Strategies with P4 Provider",P4 Provider,,
youtube,P4 Provider,-zrFkI1cm4o,https://www.youtube.com/watch?v=-zrFkI1cm4o,UgxGNtZmGeEziKPo-dx4AaABAg,Sponsored,2024-08-28T16:24:16Z,2026-10-01T13:27:00.910043+00:00,0,0,,55d37f56c9cf874906658690aaa9110b9c6032d2b9af90e8a033965c54e74516,,youtube-data-api-v3/commentThreads.list,,-zrFkI1cm4o,"Mastering Risk Management in Trading: Forex, Crypto, and Binance Futures Strategies with P4 Provider",P4 Provider,,
youtube,P4 Provider,-zrFkI1cm4o,https://www.youtube.com/watch?v=-zrFkI1cm4o,Ugzjg3qJXdrw_Ju4JFF4AaABAg,the most fair approach and yet the ultimate king of meme is Kardden,2024-08-28T22:46:18Z,2026-10-01T13:27:00.910043+00:00,254,0,,ae3bbafe519406969ad7ce97aac02d814c5d64461c15fb992e85e2dd00eecc29,,youtube-data-api-v3/commentThreads.list,,-zrFkI1cm4o,"Mastering Risk Management in Trading: Forex, Crypto, and Binance Futures Strategies with P4 Provider",P4 Provider,,
youtube,P4 Provider,-zrFkI1cm4o,https://www.youtube.com/watch?v=-zrFkI1cm4o,UgxOrDuGy76dK_uqz3J4AaABAg,نہ یار ملنگی تو رہن دے 😅,2024-09-02T20:03:32Z,2026-10-01T13:27:00.910043+00:00,0,0,,86ae638767b6d36904174204ece14494e3c4b775ac16c9f3067c0d54e51ff1e6,,youtube-data-api-v3/commentThreads.list,,-zrFkI1cm4o,"Mastering Risk Management in Trading: Forex, Crypto, and Binance Futures Strategies with P4 Provider",P4 Provider,,
youtube,P4 Provider,-zrFkI1cm4o,https://www.youtube.com/watch?v=-zrFkI1cm4o,Ugw0EjC1gcrpTFogqCt4AaABAg,waste of time you did not explain practical example of risk management and the link in the description does not have risk management related video,2025-03-08T14:39:20Z,2026-10-01T13:27:00.910043+00:00,1,0,,9098001254cea2ed694ece7e117d239aa812dbb55830481e037d669bb6125423,,youtube-data-api-v3/commentThreads.list,,-zrFkI1cm4o,"Mastering Risk Management in Trading: Forex, Crypto, and Binance Futures Strategies with P4 Provider",P4 Provider,,
youtube,P4 Provider,-zrFkI1cm4o,https://www.youtube.com/watch?v=-zrFkI1cm4o,UgzYWQUSmUoX9gLijER4AaABAg,my experience in trading was 3 years but how to pick a trade,2025-07-18T15:34:16Z,2026-10-01T13:27:00.910043+00:00,0,1,,3732cf9c80b3a3760a76acbb7bb9fc56184194d3af31961a5df8f43d091f2003,,youtube-data-api-v3/commentThreads.list,,-zrFkI1cm4o,"Mastering Risk Management in Trading: Forex, Crypto, and Binance Futures Strategies with P4 Provider",P4 Provider,,
youtube,P4 Provider,-zrFkI1cm4o,https://www.youtube.com/watch?v=-zrFkI1cm4o,UgxVHMZ2ZZweDgj3-Cl4AaABAg,Today my loss 53 dollar 😢,2024-08-28T21:46:11Z,2026-10-01T13:27:00.910043+00:00,2,0,,7c67e3943d464eddd0cd5baa62e2abafe7b709d46fd982997c14ed1cf14ef335,,youtube-data-api-v3/commentThreads.list,,-zrFkI1cm4o,"Mastering Risk Management in Trading: Forex, Crypto, and Binance Futures Strategies with P4 Provider",P4 Provider,,
youtube,P4 Provider,-zrFkI1cm4o,https://www.youtube.com/watch?v=-zrFkI1cm4o,UgwyeN0wUHuVjT-mNN54AaABAg,Sir ap zayda promotion karte,2024-08-28T16:32:35Z,2026-10-01T13:27:00.910043+00:00,0,0,,529e5762f5844bbc49fcf4419fc2b0fb5f47f53cf9616c51210b8eacf46a6702,,youtube-data-api-v3/commentThreads.list,,-zrFkI1cm4o,"Mastering Risk Management in Trading: Forex, Crypto, and Binance Futures Strategies with P4 Provider",P4 Provider,,
youtube,P4 Provider,-zrFkI1cm4o,https://www.youtube.com/watch?v=-zrFkI1cm4o,Ugz8xcf39sWZnWWKR1p4AaABAg,bhai pichle 8 months mein 10000$ ko 3000$ kar diya hai apne copy trading mein 1$ profit nahi diya 8 months mein ( 7000$ ka loss )? bus baatein hi hain,2024-08-28T19:31:44Z,2026-10-01T13:27:00.910043+00:00,0,0,,2771e159f82cf37e780466cf79d4f5cb0f586e89321e999fe1789182b7dd3821,,youtube-data-api-v3/commentThreads.list,,-zrFkI1cm4o,"Mastering Risk Management in Trading: Forex, Crypto, and Binance Futures Strategies with P4 Provider",P4 Provider,,
youtube,P4 Provider,-zrFkI1cm4o,https://www.youtube.com/watch?v=-zrFkI1cm4o,UgyWtMl-pZU3tr10oBp4AaABAg,Tomorrow you gonna be mad if you are not in Kardden yet,2024-08-28T22:29:28Z,2026-10-01T13:27:00.910043+00:00,0,0,,1fdcce8ea45512c06645549b2af446c100a68f8cb47381239bb5e3a9e9b15540,,youtube-data-api-v3/commentThreads.list,,-zrFkI1cm4o,"Mastering Risk Management in Trading: Forex, Crypto, and Binance Futures Strategies with P4 Provider",P4 Provider,,
youtube,P4 Provider,-zrFkI1cm4o,https://www.youtube.com/watch?v=-zrFkI1cm4o,UgyzdJ5qFPE81-KpEHV4AaABAg,Kisi Ny Inka Forex Signals Ka Paid Group Join Kia Howa Hai ??????,2024-08-29T09:15:12Z,2026-10-01T13:27:00.910043+00:00,0,0,,e6c2fb6512d046bab34c2eb0d74927733a4a0694cf6a2c4aeefc19bf4e4c4389,,youtube-data-api-v3/commentThreads.list,,-zrFkI1cm4o,"Mastering Risk Management in Trading: Forex, Crypto, and Binance Futures Strategies with P4 Provider",P4 Provider,,
youtube,P4 Provider,-zrFkI1cm4o,https://www.youtube.com/watch?v=-zrFkI1cm4o,UgwZNqoaBkQ8WwMoYNN4AaABAg,men nay apnay malik makaan ko bhi mashwra dia binance par trading ka. ab wo bhi rent par rehta hai.. 😀😃😄😁🤣😆😆,2024-08-28T15:58:46Z,2026-10-01T13:27:00.910043+00:00,0,1,,69aa081dc1d7f530060a8013807e5cba5e9abe942eef0514890ed6a22cbd7660,,youtube-data-api-v3/commentThreads.list,,-zrFkI1cm4o,"Mastering Risk Management in Trading: Forex, Crypto, and Binance Futures Strategies with P4 Provider",P4 Provider,,
youtube,P4 Provider,-zrFkI1cm4o,https://www.youtube.com/watch?v=-zrFkI1cm4o,UgwZNqoaBkQ8WwMoYNN4AaABAg.A7gYr5hx5B8A7g_pEkVreC,😂,2024-08-28T16:16:00Z,2026-10-01T13:27:00.910043+00:00,0,0,,dc00e35b794b5814823c35ee23c72add3e0fee0f3570d2b9d2b9289c64371fb0,UgwZNqoaBkQ8WwMoYNN4AaABAg,youtube-data-api-v3/commentThreads.list,,-zrFkI1cm4o,"Mastering Risk Management in Trading: Forex, Crypto, and Binance Futures Strategies with P4 Provider",P4 Provider,,
youtube,P4 Provider,-zrFkI1cm4o,https://www.youtube.com/watch?v=-zrFkI1cm4o,Ugy5Mq_ae7GUSiPKY6d4AaABAg,"Bro, better talk about something that really works. I’ve been saying for a year now that you can add crypto in the Cryptonica liquidity pool and gain with no pain",2024-08-28T19:16:07Z,2026-10-01T13:27:00.911043+00:00,0,0,,493a838ad22ce694746b39ee5bcbded9488969100d17483655bcd51d55d240bf,,youtube-data-api-v3/commentThreads.list,,-zrFkI1cm4o,"Mastering Risk Management in Trading: Forex, Crypto, and Binance Futures Strategies with P4 Provider",P4 Provider,,
youtube,Jesse Rogers | Casper Trading,Dyg4lZo89sM,https://www.youtube.com/watch?v=Dyg4lZo89sM,UgyaKfI_gxz9AbOmlqh4AaABAg,Do 1-2% risk per trade If you have a high strike rate and do compound interest everytime your account grows,2023-11-17T16:40:22Z,2026-10-01T13:27:01.790722+00:00,25,1,,eccdc16da7f0ac1f1d6ac5d33c18a2b1662597a53f9393b74332564f8ff5a6cd,,youtube-data-api-v3/commentThreads.list,,Dyg4lZo89sM,Secret Risk Management Strategy 🤫 #riskmanagement #trading #fundedtrader #ict #wifimoney #howtotrade,Jesse Rogers | Casper Trading,,
youtube,Jesse Rogers | Casper Trading,Dyg4lZo89sM,https://www.youtube.com/watch?v=Dyg4lZo89sM,UgyaKfI_gxz9AbOmlqh4AaABAg.9xDm3LYx2wnAXBG2E_5X7J,👍,2026-05-24T08:34:57Z,2026-10-01T13:27:01.790722+00:00,0,0,,66ac7942ff2d0959da0b86732d8e593e82d7aef30bcc0dd11a7eb9fc9e8a2691,UgyaKfI_gxz9AbOmlqh4AaABAg,youtube-data-api-v3/commentThreads.list,,Dyg4lZo89sM,Secret Risk Management Strategy 🤫 #riskmanagement #trading #fundedtrader #ict #wifimoney #howtotrade,Jesse Rogers | Casper Trading,,
youtube,Jesse Rogers | Casper Trading,Dyg4lZo89sM,https://www.youtube.com/watch?v=Dyg4lZo89sM,UgxDRjFBlwJYSFMeRy14AaABAg,Can you do a more in depth no too lengthy but a bit more in-depth video on how to do this risk management,2025-12-08T17:30:54Z,2026-10-01T13:27:01.790722+00:00,5,0,,77b8a55ed172dc36d8626fae75e7487a7b5b19b493063f0f84ce9cf6b2ac89f0,,youtube-data-api-v3/commentThreads.list,,Dyg4lZo89sM,Secret Risk Management Strategy 🤫 #riskmanagement #trading #fundedtrader #ict #wifimoney #howtotrade,Jesse Rogers | Casper Trading,,
youtube,Jesse Rogers | Casper Trading,Dyg4lZo89sM,https://www.youtube.com/watch?v=Dyg4lZo89sM,UgzzpWI-38GxqOESd6Z4AaABAg,Mr. Rogers you are King ❤ thanks for learning us ❤❤❤ god bless you sir,2026-09-26T14:00:14Z,2026-10-01T13:27:01.790722+00:00,0,0,,17b24c8c2cf1326c847d43a9bfc9200bd1ee22561aea17dc3559dea1adc40972,,youtube-data-api-v3/commentThreads.list,,Dyg4lZo89sM,Secret Risk Management Strategy 🤫 #riskmanagement #trading #fundedtrader #ict #wifimoney #howtotrade,Jesse Rogers | Casper Trading,,
youtube,Jesse Rogers | Casper Trading,Dyg4lZo89sM,https://www.youtube.com/watch?v=Dyg4lZo89sM,Ugzrv-o-rdutkN5dbXJ4AaABAg,Nice one,2026-02-11T16:28:47Z,2026-10-01T13:27:01.790722+00:00,0,0,,ad91f3231be59407455213e8bf0907f22f2699325238be87a810994485899b90,,youtube-data-api-v3/commentThreads.list,,Dyg4lZo89sM,Secret Risk Management Strategy 🤫 #riskmanagement #trading #fundedtrader #ict #wifimoney #howtotrade,Jesse Rogers | Casper Trading,,
youtube,Jesse Rogers | Casper Trading,Dyg4lZo89sM,https://www.youtube.com/watch?v=Dyg4lZo89sM,UgwvNxID-RnEaK2oOIJ4AaABAg,Thanks sir ❤🎉,2025-12-28T13:45:00Z,2026-10-01T13:27:01.790722+00:00,1,0,,2aef2166b45cb55ff31e6c271ae45c74ffe06544dcf3e0a379d447a2e0b13ebe,,youtube-data-api-v3/commentThreads.list,,Dyg4lZo89sM,Secret Risk Management Strategy 🤫 #riskmanagement #trading #fundedtrader #ict #wifimoney #howtotrade,Jesse Rogers | Casper Trading,,
youtube,Jesse Rogers | Casper Trading,Dyg4lZo89sM,https://www.youtube.com/watch?v=Dyg4lZo89sM,UgyuXsQJefyhVZszTvp4AaABAg,I like your prodcast videos bro,2026-04-17T04:03:08Z,2026-10-01T13:27:01.790722+00:00,0,0,,e98fbd6884066d7f128a9b93db4761516feec2b5afef945fb420b73370253877,,youtube-data-api-v3/commentThreads.list,,Dyg4lZo89sM,Secret Risk Management Strategy 🤫 #riskmanagement #trading #fundedtrader #ict #wifimoney #howtotrade,Jesse Rogers | Casper Trading,,
youtube,Jesse Rogers | Casper Trading,Dyg4lZo89sM,https://www.youtube.com/watch?v=Dyg4lZo89sM,UgwdBvMUAHU5Ce_00i54AaABAg,Please make a video on how you identify a consolidation,2023-11-15T04:03:39Z,2026-10-01T13:27:01.790722+00:00,5,4,,9139cd0ae4bf9920106f61a0b063ec860a405f3b84cbefe824b86a16fb62a556,,youtube-data-api-v3/commentThreads.list,,Dyg4lZo89sM,Secret Risk Management Strategy 🤫 #riskmanagement #trading #fundedtrader #ict #wifimoney #howtotrade,Jesse Rogers | Casper Trading,,
youtube,Jesse Rogers | Casper Trading,Dyg4lZo89sM,https://www.youtube.com/watch?v=Dyg4lZo89sM,UgwdBvMUAHU5Ce_00i54AaABAg.9x7GsGIY8Wz9x8Qli0qSNR,"Doesn't take much really. If you're looking for a specific consolidation, which is recommended since time-based liquidity being taken is very important, then identify a point in time where the market isn't really moving clearly up or down, it's kind of fighting for a direction. 

This is the opposite logic of finding a trend; if you can see price clearly moving from down to up or up to down with little trouble, you've spotted a trend.",2023-11-15T14:49:22Z,2026-10-01T13:27:01.790722+00:00,0,0,,3019b2e3531fa5330de7017aee54d113cfcf086ac898c94dc5424a2f81d972e9,UgwdBvMUAHU5Ce_00i54AaABAg,youtube-data-api-v3/commentThreads.list,,Dyg4lZo89sM,Secret Risk Management Strategy 🤫 #riskmanagement #trading #fundedtrader #ict #wifimoney #howtotrade,Jesse Rogers | Casper Trading,,
youtube,Jesse Rogers | Casper Trading,Dyg4lZo89sM,https://www.youtube.com/watch?v=Dyg4lZo89sM,UgwdBvMUAHU5Ce_00i54AaABAg.9x7GsGIY8Wz9xH-NhB_4qo,"its just when market doesnt make new lows or highs and moves in side ways direction, it should have the shape of a rectangle",2023-11-18T22:43:12Z,2026-10-01T13:27:01.790722+00:00,0,0,,9d8e6372e0e704a8811941a31e660019a17e382ab197bf79ef9b5e0bbc914afc,UgwdBvMUAHU5Ce_00i54AaABAg,youtube-data-api-v3/commentThreads.list,,Dyg4lZo89sM,Secret Risk Management Strategy 🤫 #riskmanagement #trading #fundedtrader #ict #wifimoney #howtotrade,Jesse Rogers | Casper Trading,,
youtube,Jesse Rogers | Casper Trading,Dyg4lZo89sM,https://www.youtube.com/watch?v=Dyg4lZo89sM,UgwdBvMUAHU5Ce_00i54AaABAg.9x7GsGIY8Wz9xk_1BMMnnc,When you see the market stop making new highs and new lows.,2023-11-30T19:40:39Z,2026-10-01T13:27:01.790722+00:00,0,0,,af01b4ba79bd40630d48f376c112997b998e31d6ce4a5311080fa6574226a66a,UgwdBvMUAHU5Ce_00i54AaABAg,youtube-data-api-v3/commentThreads.list,,Dyg4lZo89sM,Secret Risk Management Strategy 🤫 #riskmanagement #trading #fundedtrader #ict #wifimoney #howtotrade,Jesse Rogers | Casper Trading,,
youtube,Jesse Rogers | Casper Trading,Dyg4lZo89sM,https://www.youtube.com/watch?v=Dyg4lZo89sM,UgxYlxxz9ArqCdd_B-J4AaABAg,Sort of a reverse martingale management right?,2023-11-15T10:46:56Z,2026-10-01T13:27:01.790722+00:00,4,0,,a7f64be03976da7f94fc8c552c6cb1eddad6933cd4fc225be1dda314ed2cef2c,,youtube-data-api-v3/commentThreads.list,,Dyg4lZo89sM,Secret Risk Management Strategy 🤫 #riskmanagement #trading #fundedtrader #ict #wifimoney #howtotrade,Jesse Rogers | Casper Trading,,
youtube,Jesse Rogers | Casper Trading,Dyg4lZo89sM,https://www.youtube.com/watch?v=Dyg4lZo89sM,UgxlKyXiMYH32o7CtrB4AaABAg,Only if you have a static drawdown,2026-04-09T20:30:01Z,2026-10-01T13:27:01.790722+00:00,0,0,,8e24a1aa26c2d13261595b32c00f080bf2ba7fc8c7b9553dd61dd4c05fb47539,,youtube-data-api-v3/commentThreads.list,,Dyg4lZo89sM,Secret Risk Management Strategy 🤫 #riskmanagement #trading #fundedtrader #ict #wifimoney #howtotrade,Jesse Rogers | Casper Trading,,
youtube,Jesse Rogers | Casper Trading,Dyg4lZo89sM,https://www.youtube.com/watch?v=Dyg4lZo89sM,UgzS7JP-DrjnIiBtg8N4AaABAg,In what situation would you ever compound your profits?,2023-11-14T20:03:59Z,2026-10-01T13:27:01.790722+00:00,0,0,,e94428f4f7fa0402f4e91001c745708b690ef656c31c56c60493d17a5494c48a,,youtube-data-api-v3/commentThreads.list,,Dyg4lZo89sM,Secret Risk Management Strategy 🤫 #riskmanagement #trading #fundedtrader #ict #wifimoney #howtotrade,Jesse Rogers | Casper Trading,,
youtube,Jesse Rogers | Casper Trading,Dyg4lZo89sM,https://www.youtube.com/watch?v=Dyg4lZo89sM,Ugyf_SWFZiZjRcrGN9N4AaABAg,1% of what? The account size or drawdown ?,2026-05-16T18:28:45Z,2026-10-01T13:27:01.790722+00:00,0,0,,db61bde34ca74ff7142066af561f5bdc3e7ca6b67cd14f889c03ec06836939f3,,youtube-data-api-v3/commentThreads.list,,Dyg4lZo89sM,Secret Risk Management Strategy 🤫 #riskmanagement #trading #fundedtrader #ict #wifimoney #howtotrade,Jesse Rogers | Casper Trading,,
youtube,Jesse Rogers | Casper Trading,Dyg4lZo89sM,https://www.youtube.com/watch?v=Dyg4lZo89sM,UgzXsv2jt_gZ96zkMqF4AaABAg,"bro, where is the other videos from your new series that you've started. can't wait.. Please post them without a long delay between  videos. want to know what you've to offer to the community you have.",2023-11-14T18:28:22Z,2026-10-01T13:27:01.790722+00:00,0,2,,cb400edaf7aab08392c84bb1dc70f740c661c7de97cdda5d6d38fd637accb032,,youtube-data-api-v3/commentThreads.list,,Dyg4lZo89sM,Secret Risk Management Strategy 🤫 #riskmanagement #trading #fundedtrader #ict #wifimoney #howtotrade,Jesse Rogers | Casper Trading,,
youtube,Jesse Rogers | Casper Trading,Dyg4lZo89sM,https://www.youtube.com/watch?v=Dyg4lZo89sM,UgzXsv2jt_gZ96zkMqF4AaABAg.9x6F1mx1f1W9x6XPPf9N_E,You are not a pro trader if you follow this idiot,2023-11-14T21:08:53Z,2026-10-01T13:27:01.790722+00:00,0,0,,4b8381fe130ecfa0278b90fabfcedb5972d2a5ca8cb622bfd3650f5622e7e092,UgzXsv2jt_gZ96zkMqF4AaABAg,youtube-data-api-v3/commentThreads.list,,Dyg4lZo89sM,Secret Risk Management Strategy 🤫 #riskmanagement #trading #fundedtrader #ict #wifimoney #howtotrade,Jesse Rogers | Casper Trading,,
youtube,Jesse Rogers | Casper Trading,Dyg4lZo89sM,https://www.youtube.com/watch?v=Dyg4lZo89sM,UgzdZ86qLM840rHnicF4AaABAg,how much do you charge to help people pass challenges and stay profitable?,2026-05-08T00:21:01Z,2026-10-01T13:27:01.790722+00:00,0,0,,85152419fc5e65d384065d3e684ba738e13393b31469aac4e023c8c40a581515,,youtube-data-api-v3/commentThreads.list,,Dyg4lZo89sM,Secret Risk Management Strategy 🤫 #riskmanagement #trading #fundedtrader #ict #wifimoney #howtotrade,Jesse Rogers | Casper Trading,,
youtube,Jesse Rogers | Casper Trading,Dyg4lZo89sM,https://www.youtube.com/watch?v=Dyg4lZo89sM,Ugyj3fbo8FDn1yizD_94AaABAg,"Why would you bump your risk management to 2% if your account is already scaling @ 1%. 1 lost ( that will eventually happen), will knock you back down to starting point.",2026-03-26T16:46:05Z,2026-10-01T13:27:01.790722+00:00,0,0,,364c57d0a3df27e291eeec0237fd73bad76456d57ab34b1614fd0f920cc93fa7,,youtube-data-api-v3/commentThreads.list,,Dyg4lZo89sM,Secret Risk Management Strategy 🤫 #riskmanagement #trading #fundedtrader #ict #wifimoney #howtotrade,Jesse Rogers | Casper Trading,,
youtube,Jesse Rogers | Casper Trading,Dyg4lZo89sM,https://www.youtube.com/watch?v=Dyg4lZo89sM,UgyTOZaFQCcvt8rQ4vd4AaABAg,"Bhai ye short ekdum sharp hai 
 risk samajh ke chaloge toh game long term jeetoge, warna ek galti sab khatam 📉🔥💯",2026-04-13T08:25:28Z,2026-10-01T13:27:01.790722+00:00,1,0,,cc923888b7a7da0bb96229bb87a461d3bd321b657aa3337430c004449b66840f,,youtube-data-api-v3/commentThreads.list,,Dyg4lZo89sM,Secret Risk Management Strategy 🤫 #riskmanagement #trading #fundedtrader #ict #wifimoney #howtotrade,Jesse Rogers | Casper Trading,,
youtube,Jesse Rogers | Casper Trading,Dyg4lZo89sM,https://www.youtube.com/watch?v=Dyg4lZo89sM,Ugwrlhka7W8euvJ9Lm54AaABAg,Does he mean when you’re in profit move stop loss to break even?,2025-10-18T20:43:05Z,2026-10-01T13:27:01.790722+00:00,0,1,,27ff99fcc61a7192ef9497a3e96b3e0802e31a81d80b3695660d202aef673e8a,,youtube-data-api-v3/commentThreads.list,,Dyg4lZo89sM,Secret Risk Management Strategy 🤫 #riskmanagement #trading #fundedtrader #ict #wifimoney #howtotrade,Jesse Rogers | Casper Trading,,
youtube,Jesse Rogers | Casper Trading,Dyg4lZo89sM,https://www.youtube.com/watch?v=Dyg4lZo89sM,Ugwrlhka7W8euvJ9Lm54AaABAg.AORE4TcSmiYAOY7FS0ePXs,"No.
After you close your position",2025-10-21T12:58:06Z,2026-10-01T13:27:01.790722+00:00,0,0,,6827f670284c8829ee3921ceccc336af4d440663318e51d90221773daebb9d3c,Ugwrlhka7W8euvJ9Lm54AaABAg,youtube-data-api-v3/commentThreads.list,,Dyg4lZo89sM,Secret Risk Management Strategy 🤫 #riskmanagement #trading #fundedtrader #ict #wifimoney #howtotrade,Jesse Rogers | Casper Trading,,
youtube,Jesse Rogers | Casper Trading,Dyg4lZo89sM,https://www.youtube.com/watch?v=Dyg4lZo89sM,Ugy_i_-aWNzNmq2sxAt4AaABAg,This can make sense but i don’t like the concept. The moment you cut your risk in half the time it takes to get back up is doubled. I prefer keeping same risk every time static 1% with occasional higher risk when in profit. It’s better to refine strategy and cherry pick set ups and don’t exectute or stay in a trade if its invalidated or market conditions are garbage.,2026-05-12T21:43:15Z,2026-10-01T13:27:01.790722+00:00,0,0,,efa4157e1280ef04ccad23f5aecea47f1e1a8ce62925bfa61e87bb35fc8370a1,,youtube-data-api-v3/commentThreads.list,,Dyg4lZo89sM,Secret Risk Management Strategy 🤫 #riskmanagement #trading #fundedtrader #ict #wifimoney #howtotrade,Jesse Rogers | Casper Trading,,
youtube,Jesse Rogers | Casper Trading,Dyg4lZo89sM,https://www.youtube.com/watch?v=Dyg4lZo89sM,UgziLg4e4_r2VPFA2SN4AaABAg,Terrible strategy: Don't listen to this guy,2025-03-17T06:00:58Z,2026-10-01T13:27:01.790722+00:00,7,3,,658cb36001a4e7f033c29056af856c8117616d5c81b4d4c8bab408ac72739529,,youtube-data-api-v3/commentThreads.list,,Dyg4lZo89sM,Secret Risk Management Strategy 🤫 #riskmanagement #trading #fundedtrader #ict #wifimoney #howtotrade,Jesse Rogers | Casper Trading,,
youtube,Jesse Rogers | Casper Trading,Dyg4lZo89sM,https://www.youtube.com/watch?v=Dyg4lZo89sM,UgziLg4e4_r2VPFA2SN4AaABAg.AFl2DYb72iFAOhjtwqbmTX,This approaches is for traders who  knows what they are doing and they know what they're looking for in the market,2025-10-25T15:56:57Z,2026-10-01T13:27:01.790722+00:00,2,0,,a31c64d90d1ecd5e3c6fe7c85e4e05d3dc2da7878b81362bf0504c6410b6b48a,UgziLg4e4_r2VPFA2SN4AaABAg,youtube-data-api-v3/commentThreads.list,,Dyg4lZo89sM,Secret Risk Management Strategy 🤫 #riskmanagement #trading #fundedtrader #ict #wifimoney #howtotrade,Jesse Rogers | Casper Trading,,
youtube,Jesse Rogers | Casper Trading,Dyg4lZo89sM,https://www.youtube.com/watch?v=Dyg4lZo89sM,UgziLg4e4_r2VPFA2SN4AaABAg.AFl2DYb72iFARZylnXFliW,@joshroland5553 no it just makes no sense mathematically,2026-01-04T19:47:56Z,2026-10-01T13:27:01.790722+00:00,1,0,,d88daa41cf81d7a93360fbf96c4cf671e7feb112863ccf5a7df156b0ef6fb2d0,UgziLg4e4_r2VPFA2SN4AaABAg,youtube-data-api-v3/commentThreads.list,,Dyg4lZo89sM,Secret Risk Management Strategy 🤫 #riskmanagement #trading #fundedtrader #ict #wifimoney #howtotrade,Jesse Rogers | Casper Trading,,
youtube,Jesse Rogers | Casper Trading,Dyg4lZo89sM,https://www.youtube.com/watch?v=Dyg4lZo89sM,UgziLg4e4_r2VPFA2SN4AaABAg.AFl2DYb72iFA_g1kt64bLI,"It's depends on whether ure trading a person account or prop firm, and even if ure trading a personal account, u need this. Video makes a lot of sense",2026-08-19T06:19:59Z,2026-10-01T13:27:01.790722+00:00,0,0,,986aa78ad8780ff1601dac6d41555cc2702c518c674f4e16514c0084d4426505,UgziLg4e4_r2VPFA2SN4AaABAg,youtube-data-api-v3/commentThreads.list,,Dyg4lZo89sM,Secret Risk Management Strategy 🤫 #riskmanagement #trading #fundedtrader #ict #wifimoney #howtotrade,Jesse Rogers | Casper Trading,,
youtube,Jesse Rogers | Casper Trading,Dyg4lZo89sM,https://www.youtube.com/watch?v=Dyg4lZo89sM,Ugz_he4j83xmGouW-nR4AaABAg,"What happens if you keep losing , you leave the risk at half ?",2023-11-14T19:51:36Z,2026-10-01T13:27:01.790722+00:00,2,3,,3b5da8dbcd830895aad7cfe310f75222194a380cfec96f2ea0248043a7f12d17,,youtube-data-api-v3/commentThreads.list,,Dyg4lZo89sM,Secret Risk Management Strategy 🤫 #riskmanagement #trading #fundedtrader #ict #wifimoney #howtotrade,Jesse Rogers | Casper Trading,,
youtube,Jesse Rogers | Casper Trading,Dyg4lZo89sM,https://www.youtube.com/watch?v=Dyg4lZo89sM,Ugz_he4j83xmGouW-nR4AaABAg.9x6OZPCKQBS9x6QfXGSpTX,"Keep cutting it in half,",2023-11-14T20:10:03Z,2026-10-01T13:27:01.790722+00:00,0,0,,c795a6f8b92cc239d7102e88af596f6a53d97d926ce2a5d07925cfb7f1902df1,Ugz_he4j83xmGouW-nR4AaABAg,youtube-data-api-v3/commentThreads.list,,Dyg4lZo89sM,Secret Risk Management Strategy 🤫 #riskmanagement #trading #fundedtrader #ict #wifimoney #howtotrade,Jesse Rogers | Casper Trading,,
youtube,Jesse Rogers | Casper Trading,Dyg4lZo89sM,https://www.youtube.com/watch?v=Dyg4lZo89sM,Ugz_he4j83xmGouW-nR4AaABAg.9x6OZPCKQBS9x6RQdVZsnU,"@Justzee243 hmm , interesting 🤨",2023-11-14T20:16:37Z,2026-10-01T13:27:01.790722+00:00,0,0,,3b5da8dbcd830895aad7cfe310f75222194a380cfec96f2ea0248043a7f12d17,Ugz_he4j83xmGouW-nR4AaABAg,youtube-data-api-v3/commentThreads.list,,Dyg4lZo89sM,Secret Risk Management Strategy 🤫 #riskmanagement #trading #fundedtrader #ict #wifimoney #howtotrade,Jesse Rogers | Casper Trading,,
youtube,Jesse Rogers | Casper Trading,Dyg4lZo89sM,https://www.youtube.com/watch?v=Dyg4lZo89sM,Ugz_he4j83xmGouW-nR4AaABAg.9x6OZPCKQBSALgQTIQECZD,Stop spilling out our secrets😂,2025-08-11T14:05:00Z,2026-10-01T13:27:01.790722+00:00,0,0,,89ee4b5ece256de1475acb6157a73e4341f6cb1d169a674b30b7f2831404ec4b,Ugz_he4j83xmGouW-nR4AaABAg,youtube-data-api-v3/commentThreads.list,,Dyg4lZo89sM,Secret Risk Management Strategy 🤫 #riskmanagement #trading #fundedtrader #ict #wifimoney #howtotrade,Jesse Rogers | Casper Trading,,
youtube,Jesse Rogers | Casper Trading,Dyg4lZo89sM,https://www.youtube.com/watch?v=Dyg4lZo89sM,Ugyu-6gZC26OZqHeqWF4AaABAg,This is the part beginners usually skip.,2026-02-05T15:22:56Z,2026-10-01T13:27:01.790722+00:00,5,2,,75925fe28fa33f779660c982ba0973d7107ee3381b9edcc1ab9d2de3e4bc50a8,,youtube-data-api-v3/commentThreads.list,,Dyg4lZo89sM,Secret Risk Management Strategy 🤫 #riskmanagement #trading #fundedtrader #ict #wifimoney #howtotrade,Jesse Rogers | Casper Trading,,
youtube,Jesse Rogers | Casper Trading,Dyg4lZo89sM,https://www.youtube.com/watch?v=Dyg4lZo89sM,Ugyu-6gZC26OZqHeqWF4AaABAg.ASqtsrIaKvlAXixdI849vE,they'll be back in a year or two don't worry 😂,2026-06-06T19:58:48Z,2026-10-01T13:27:01.790722+00:00,0,0,,a20e0dfa1f41cf342259e08803351dabd248c4fd9d964e27f8755b62e87263ab,Ugyu-6gZC26OZqHeqWF4AaABAg,youtube-data-api-v3/commentThreads.list,,Dyg4lZo89sM,Secret Risk Management Strategy 🤫 #riskmanagement #trading #fundedtrader #ict #wifimoney #howtotrade,Jesse Rogers | Casper Trading,,
youtube,Jesse Rogers | Casper Trading,Dyg4lZo89sM,https://www.youtube.com/watch?v=Dyg4lZo89sM,Ugyu-6gZC26OZqHeqWF4AaABAg.ASqtsrIaKvlA_g1KzxtZTV,​@007_codm😂😂,2026-08-19T06:16:19Z,2026-10-01T13:27:01.790722+00:00,0,0,,986aa78ad8780ff1601dac6d41555cc2702c518c674f4e16514c0084d4426505,Ugyu-6gZC26OZqHeqWF4AaABAg,youtube-data-api-v3/commentThreads.list,,Dyg4lZo89sM,Secret Risk Management Strategy 🤫 #riskmanagement #trading #fundedtrader #ict #wifimoney #howtotrade,Jesse Rogers | Casper Trading,,
youtube,Jesse Rogers | Casper Trading,Dyg4lZo89sM,https://www.youtube.com/watch?v=Dyg4lZo89sM,UgxMuRJcIwCs9gKzsJx4AaABAg,1-2% per trade is crazy 😅 that’s too much,2025-11-06T19:43:22Z,2026-10-01T13:27:01.790722+00:00,0,3,,c98dc4b46d89bd1771e930d359440d434d0ca98b4f69887e5b8ff2a142a306fb,,youtube-data-api-v3/commentThreads.list,,Dyg4lZo89sM,Secret Risk Management Strategy 🤫 #riskmanagement #trading #fundedtrader #ict #wifimoney #howtotrade,Jesse Rogers | Casper Trading,,
youtube,Jesse Rogers | Casper Trading,Dyg4lZo89sM,https://www.youtube.com/watch?v=Dyg4lZo89sM,UgxMuRJcIwCs9gKzsJx4AaABAg.APC2LmAYRTNAPtLFryBh6S,im curious why is it to much?,2025-11-24T00:35:10Z,2026-10-01T13:27:01.790722+00:00,0,0,,6699aab398e251d3e4f311ac3a70cd2cfd64773820791f367b2e35f2f9cedee6,UgxMuRJcIwCs9gKzsJx4AaABAg,youtube-data-api-v3/commentThreads.list,,Dyg4lZo89sM,Secret Risk Management Strategy 🤫 #riskmanagement #trading #fundedtrader #ict #wifimoney #howtotrade,Jesse Rogers | Casper Trading,,
youtube,Jesse Rogers | Casper Trading,Dyg4lZo89sM,https://www.youtube.com/watch?v=Dyg4lZo89sM,UgxMuRJcIwCs9gKzsJx4AaABAg.APC2LmAYRTNAR9yhH9BF_D,"Yh, I would risk 0.25% and try to hit 6% for the month",2025-12-25T17:27:04Z,2026-10-01T13:27:01.790722+00:00,0,0,,15a685122e055c029f727918633b6beda8124209f8092f85dec52b7c58c06c0a,UgxMuRJcIwCs9gKzsJx4AaABAg,youtube-data-api-v3/commentThreads.list,,Dyg4lZo89sM,Secret Risk Management Strategy 🤫 #riskmanagement #trading #fundedtrader #ict #wifimoney #howtotrade,Jesse Rogers | Casper Trading,,
youtube,Jesse Rogers | Casper Trading,Dyg4lZo89sM,https://www.youtube.com/watch?v=Dyg4lZo89sM,UgxMuRJcIwCs9gKzsJx4AaABAg.APC2LmAYRTNAU51VDAV3E7,I only risk 0.1 % above that is crazy,2026-03-08T08:58:13Z,2026-10-01T13:27:01.790722+00:00,0,0,,6504d0c7685dee266a687cc2c22e2e113b98b56612d0697d80e28003cb6f4b1a,UgxMuRJcIwCs9gKzsJx4AaABAg,youtube-data-api-v3/commentThreads.list,,Dyg4lZo89sM,Secret Risk Management Strategy 🤫 #riskmanagement #trading #fundedtrader #ict #wifimoney #howtotrade,Jesse Rogers | Casper Trading,,
youtube,Jesse Rogers | Casper Trading,Dyg4lZo89sM,https://www.youtube.com/watch?v=Dyg4lZo89sM,UgytFwyKPP9wgd_Pj1p4AaABAg,Sounds like greek,2026-05-08T11:41:47Z,2026-10-01T13:27:01.790722+00:00,0,0,,95661fe50f436058a42995fadb3fdbba76b31b5de3aca421df82a0bffa0748d9,,youtube-data-api-v3/commentThreads.list,,Dyg4lZo89sM,Secret Risk Management Strategy 🤫 #riskmanagement #trading #fundedtrader #ict #wifimoney #howtotrade,Jesse Rogers | Casper Trading,,
youtube,Jesse Rogers | Casper Trading,Dyg4lZo89sM,https://www.youtube.com/watch?v=Dyg4lZo89sM,Ugz43kzqL1a6tltV3dV4AaABAg,"Most people start with a risk level, then whether they win or lose, they usually increase the amount of risk they take. Not a sound tactic without determining what your goal is and if that objective is a reasonable outcome.",2023-11-15T11:10:46Z,2026-10-01T13:27:01.790722+00:00,0,1,,ba19b9027dfdb2278ccfe214b520788e9235ab93e0060cad4071ee08d3640412,,youtube-data-api-v3/commentThreads.list,,Dyg4lZo89sM,Secret Risk Management Strategy 🤫 #riskmanagement #trading #fundedtrader #ict #wifimoney #howtotrade,Jesse Rogers | Casper Trading,,
youtube,Jesse Rogers | Casper Trading,Dyg4lZo89sM,https://www.youtube.com/watch?v=Dyg4lZo89sM,UgwEivCaU_2Sd0bU_hN4AaABAg,The problem is that 1% doesn't get you anywhere lol,2023-11-14T22:11:22Z,2026-10-01T13:27:01.790722+00:00,3,6,,2017d451ac34598f23fb73f38fc6fa839627bfee290bf2782f8005fe07c7b7d9,,youtube-data-api-v3/commentThreads.list,,Dyg4lZo89sM,Secret Risk Management Strategy 🤫 #riskmanagement #trading #fundedtrader #ict #wifimoney #howtotrade,Jesse Rogers | Casper Trading,,
youtube,Jesse Rogers | Casper Trading,Dyg4lZo89sM,https://www.youtube.com/watch?v=Dyg4lZo89sM,UgwEivCaU_2Sd0bU_hN4AaABAg.9x6dZ2T7pwW9x7aNU3rUXU,It goes a very long way if u understood what he is saying,2023-11-15T07:02:48Z,2026-10-01T13:27:01.790722+00:00,0,0,,125f9937547139ea2b7282c9c72b7d9d12f9d13ba58979c5b7f893b58ff6c8d8,UgwEivCaU_2Sd0bU_hN4AaABAg,youtube-data-api-v3/commentThreads.list,,Dyg4lZo89sM,Secret Risk Management Strategy 🤫 #riskmanagement #trading #fundedtrader #ict #wifimoney #howtotrade,Jesse Rogers | Casper Trading,,
youtube,Jesse Rogers | Casper Trading,Dyg4lZo89sM,https://www.youtube.com/watch?v=Dyg4lZo89sM,UgwEivCaU_2Sd0bU_hN4AaABAg.9x6dZ2T7pwW9x7aQ4UATbH,@Someinternettraderthat’s not what he meant,2023-11-15T07:03:10Z,2026-10-01T13:27:01.790722+00:00,0,0,,125f9937547139ea2b7282c9c72b7d9d12f9d13ba58979c5b7f893b58ff6c8d8,UgwEivCaU_2Sd0bU_hN4AaABAg,youtube-data-api-v3/commentThreads.list,,Dyg4lZo89sM,Secret Risk Management Strategy 🤫 #riskmanagement #trading #fundedtrader #ict #wifimoney #howtotrade,Jesse Rogers | Casper Trading,,
youtube,Jesse Rogers | Casper Trading,Dyg4lZo89sM,https://www.youtube.com/watch?v=Dyg4lZo89sM,UgwEivCaU_2Sd0bU_hN4AaABAg.9x6dZ2T7pwW9x7bZaULcDG,1% of 300k is 3k. I would say 3k per trade is a decent win. And thats IF youre doing 1:1. Imagine 1 to 3 which is the golden standard. So 9k per trade aint good enough for you?,2023-11-15T07:13:12Z,2026-10-01T13:27:01.790722+00:00,1,0,,7c4042249e1f581aa60f97bbab04aa8a7fafbe35f032d423f5bf97e36d0d9679,UgwEivCaU_2Sd0bU_hN4AaABAg,youtube-data-api-v3/commentThreads.list,,Dyg4lZo89sM,Secret Risk Management Strategy 🤫 #riskmanagement #trading #fundedtrader #ict #wifimoney #howtotrade,Jesse Rogers | Casper Trading,,
youtube,Jesse Rogers | Casper Trading,Dyg4lZo89sM,https://www.youtube.com/watch?v=Dyg4lZo89sM,UgwEivCaU_2Sd0bU_hN4AaABAg.9x6dZ2T7pwW9x8u0IVE7jD,@JayCee-ti7vf 1:1 is great when compounding and having win rate above 50% if i have a 300k account i would comfortably live of 1:3 a month and be rich 🤑,2023-11-15T19:13:39Z,2026-10-01T13:27:01.790722+00:00,0,0,,125f9937547139ea2b7282c9c72b7d9d12f9d13ba58979c5b7f893b58ff6c8d8,UgwEivCaU_2Sd0bU_hN4AaABAg,youtube-data-api-v3/commentThreads.list,,Dyg4lZo89sM,Secret Risk Management Strategy 🤫 #riskmanagement #trading #fundedtrader #ict #wifimoney #howtotrade,Jesse Rogers | Casper Trading,,
youtube,Jesse Rogers | Casper Trading,Dyg4lZo89sM,https://www.youtube.com/watch?v=Dyg4lZo89sM,UgwEivCaU_2Sd0bU_hN4AaABAg.9x6dZ2T7pwW9xEwmsrx0O0,@JayCee-ti7vf yea but how many people are trading with 300k? Come on man think,2023-11-18T03:33:20Z,2026-10-01T13:27:01.790722+00:00,3,0,,367b8349651097b26122d6fdf99e307c2940ed448f645b95733793f6efa6dd4f,UgwEivCaU_2Sd0bU_hN4AaABAg,youtube-data-api-v3/commentThreads.list,,Dyg4lZo89sM,Secret Risk Management Strategy 🤫 #riskmanagement #trading #fundedtrader #ict #wifimoney #howtotrade,Jesse Rogers | Casper Trading,,
youtube,Jesse Rogers | Casper Trading,Dyg4lZo89sM,https://www.youtube.com/watch?v=Dyg4lZo89sM,UgxZRJ0PAVsPO3jdEXp4AaABAg,"Not a secret, all online. Hah",2025-09-30T14:25:04Z,2026-10-01T13:27:01.790722+00:00,0,0,,70115c9df6e498a8cf8fe3b6ac50ebceedab94b7b09c3d53bbcb105471c551c1,,youtube-data-api-v3/commentThreads.list,,Dyg4lZo89sM,Secret Risk Management Strategy 🤫 #riskmanagement #trading #fundedtrader #ict #wifimoney #howtotrade,Jesse Rogers | Casper Trading,,
youtube,JeaFx,_D1MYH6D7jc,https://www.youtube.com/watch?v=_D1MYH6D7jc,UgwEAS0hPrPSkIoYm294AaABAg.A9jmbi4k--fA9k3fHTcW5m,I just want to know if you gonna have special for your course in December plz let me know,2024-10-18T17:46:01Z,2026-10-01T13:27:03.690337+00:00,0,0,,f6e2ea5688acf49679577687bbae1529bd0c019bea8e7522beb897aedc3a363f,UgwEAS0hPrPSkIoYm294AaABAg,youtube-data-api-v3/commentThreads.list,,_D1MYH6D7jc,Where To Put Your Stop Loss (For The BEST Results),JeaFx,,
youtube,JeaFx,_D1MYH6D7jc,https://www.youtube.com/watch?v=_D1MYH6D7jc,UgwEAS0hPrPSkIoYm294AaABAg.A9jmbi4k--fA9k9CgaWBkO,Bro how can I reach you I really wants to join your vip pls,2024-10-18T18:34:25Z,2026-10-01T13:27:03.690337+00:00,0,0,,e43c24a8a523f95b0013c00b93faeb6883072422966a455b86acff9dd06159d3,UgwEAS0hPrPSkIoYm294AaABAg,youtube-data-api-v3/commentThreads.list,,_D1MYH6D7jc,Where To Put Your Stop Loss (For The BEST Results),JeaFx,,
youtube,JeaFx,_D1MYH6D7jc,https://www.youtube.com/watch?v=_D1MYH6D7jc,UgwEAS0hPrPSkIoYm294AaABAg.A9jmbi4k--fA9k_SgCtuLw,"Thanks for the quick notice. 

I followed the TikTok page, thinking it was you, and the creator was directing people to join a Telegram group. After rejoining, what I saw there was so odd. 😂",2024-10-18T22:32:32Z,2026-10-01T13:27:03.690337+00:00,2,0,,7ea52bb392c3bfd215c8777869a4413ae1872560c57f7e5e5f1e84158fad1eb1,UgwEAS0hPrPSkIoYm294AaABAg,youtube-data-api-v3/commentThreads.list,,_D1MYH6D7jc,Where To Put Your Stop Loss (For The BEST Results),JeaFx,,
youtube,JeaFx,_D1MYH6D7jc,https://www.youtube.com/watch?v=_D1MYH6D7jc,UgwEAS0hPrPSkIoYm294AaABAg.A9jmbi4k--fA9lwHaIQgbV,Thanks bro,2024-10-19T11:11:14Z,2026-10-01T13:27:03.690337+00:00,1,0,,3adeccdcd7ba45e4e9d7b7495fdacb495667d6766c21e96c974a238fa52e68f4,UgwEAS0hPrPSkIoYm294AaABAg,youtube-data-api-v3/commentThreads.list,,_D1MYH6D7jc,Where To Put Your Stop Loss (For The BEST Results),JeaFx,,
youtube,JeaFx,_D1MYH6D7jc,https://www.youtube.com/watch?v=_D1MYH6D7jc,UgxA5RF7IxGoQE7YyBh4AaABAg,You actually change my trading life God will reward you 🙏,2024-10-18T20:58:21Z,2026-10-01T13:27:03.690337+00:00,35,0,,04240d1fb89f4d6b95c1394392907a861cba0202b77bbdce4f4a1be831c09565,,youtube-data-api-v3/commentThreads.list,,_D1MYH6D7jc,Where To Put Your Stop Loss (For The BEST Results),JeaFx,,
youtube,JeaFx,_D1MYH6D7jc,https://www.youtube.com/watch?v=_D1MYH6D7jc,Ugx0H4mwBHTvbJcxQYR4AaABAg,"Stop loss placement explained perfectly 
Most traders lose because of wrong SL, this video is pure gold!",2026-01-27T10:28:46Z,2026-10-01T13:27:03.690337+00:00,4,0,,46b1ff545f84368d77140b9e345941b41e71f1587c18b1eca50253e8b90aaca3,,youtube-data-api-v3/commentThreads.list,,_D1MYH6D7jc,Where To Put Your Stop Loss (For The BEST Results),JeaFx,,
youtube,JeaFx,_D1MYH6D7jc,https://www.youtube.com/watch?v=_D1MYH6D7jc,UgzofZEBETbCStsyyZJ4AaABAg,"""..where uncertainty is the only thing that's guaranteed""🎉",2025-07-27T20:51:50Z,2026-10-01T13:27:03.690337+00:00,5,0,,1426b2b30fd9351e91204d3ffd9e63bcdebbcb77f70e7a01eb0bf9120216bbe6,,youtube-data-api-v3/commentThreads.list,,_D1MYH6D7jc,Where To Put Your Stop Loss (For The BEST Results),JeaFx,,
youtube,JeaFx,_D1MYH6D7jc,https://www.youtube.com/watch?v=_D1MYH6D7jc,UgzWYI0em5dTWsn3TLl4AaABAg,"The best sl -,tp lesson I 've ever come across 🙏🇿🇦✌️",2024-12-14T11:32:17Z,2026-10-01T13:27:03.690337+00:00,7,0,,130c56f550f3d6158c63225040b1e2d21630712e5faacd474ec0468b2b63cfae,,youtube-data-api-v3/commentThreads.list,,_D1MYH6D7jc,Where To Put Your Stop Loss (For The BEST Results),JeaFx,,
youtube,JeaFx,_D1MYH6D7jc,https://www.youtube.com/watch?v=_D1MYH6D7jc,UgxYTnM97iX9IWVlzxJ4AaABAg,"Bhai ‘stop loss ko random nahi, invalidation point pe rakhna chahiye’ wali baat ne pura concept clear kar diya 🔥 ab samaj aa gaya risk management hi real game hai 👀",2026-03-17T06:26:38Z,2026-10-01T13:27:03.690337+00:00,1,0,,5d0f7826f9023966986afb21f63d225be973b2cfa8bf13b2eed26eb3a021f028,,youtube-data-api-v3/commentThreads.list,,_D1MYH6D7jc,Where To Put Your Stop Loss (For The BEST Results),JeaFx,,
youtube,JeaFx,_D1MYH6D7jc,https://www.youtube.com/watch?v=_D1MYH6D7jc,UgyLfuedH1ypPXTp0Zh4AaABAg,From the knowledge you are pouring out here I'm able to catch this current EurUsd up move now from the daily demand zone...thank you James you're such a gem,2024-10-18T17:58:16Z,2026-10-01T13:27:03.690337+00:00,5,0,,5fb91843e5afa80f5fedce524949b4775b6bda15f589a2a39b2a2ef86c949cda,,youtube-data-api-v3/commentThreads.list,,_D1MYH6D7jc,Where To Put Your Stop Loss (For The BEST Results),JeaFx,,
youtube,JeaFx,_D1MYH6D7jc,https://www.youtube.com/watch?v=_D1MYH6D7jc,Ugwz6mtu0Ybj1Ih4bRp4AaABAg,Been on your channel for barely a month and im seeing profitability already...upon my prop withdrawal i definitely am paying for your course...thanks alot ❤❤,2024-10-18T23:35:47Z,2026-10-01T13:27:03.690337+00:00,2,0,,a467bd095ed208052c48b55522f80f92987ac99152eb57026ba30340c41091b1,,youtube-data-api-v3/commentThreads.list,,_D1MYH6D7jc,Where To Put Your Stop Loss (For The BEST Results),JeaFx,,
youtube,JeaFx,_D1MYH6D7jc,https://www.youtube.com/watch?v=_D1MYH6D7jc,UgzVhDz1A5LoZq9EoMN4AaABAg,"This is the best SL, TP lesson video I've ever seen.🙏",2026-06-06T12:59:47Z,2026-10-01T13:27:03.690337+00:00,0,0,,3775d252ac32000329367ce4a2151399bb90ec53203bf45472973856e461a840,,youtube-data-api-v3/commentThreads.list,,_D1MYH6D7jc,Where To Put Your Stop Loss (For The BEST Results),JeaFx,,
youtube,JeaFx,_D1MYH6D7jc,https://www.youtube.com/watch?v=_D1MYH6D7jc,UgwhLGug3deGWZkQgLN4AaABAg,And the other thing is ur concepts are good 😎,2024-10-18T16:56:45Z,2026-10-01T13:27:03.690337+00:00,3,0,,f8872b5f2106f212bf062638642520f5fb588317b869400db2931459beeb6bd8,,youtube-data-api-v3/commentThreads.list,,_D1MYH6D7jc,Where To Put Your Stop Loss (For The BEST Results),JeaFx,,
youtube,JeaFx,_D1MYH6D7jc,https://www.youtube.com/watch?v=_D1MYH6D7jc,UgwV-XJED1yP2SaxP294AaABAg,"Thank u for the lesson, kindly bring us daily bias vedios",2024-10-18T15:17:50Z,2026-10-01T13:27:03.690337+00:00,3,0,,c6952281cf3ca65923e106b8b56e5c4afd0e123c9406ec4d0af6766c0bae5934,,youtube-data-api-v3/commentThreads.list,,_D1MYH6D7jc,Where To Put Your Stop Loss (For The BEST Results),JeaFx,,
youtube,JeaFx,_D1MYH6D7jc,https://www.youtube.com/watch?v=_D1MYH6D7jc,UgwaEM9CcNh9BPgU-gp4AaABAg,Teach us about change of character and inducement please,2024-10-18T17:30:00Z,2026-10-01T13:27:03.690337+00:00,2,0,,130a1f227198ea1e6fbea3cb747dfc4104a52bcd08d0fa97216ff5a6afcc607d,,youtube-data-api-v3/commentThreads.list,,_D1MYH6D7jc,Where To Put Your Stop Loss (For The BEST Results),JeaFx,,
youtube,JeaFx,_D1MYH6D7jc,https://www.youtube.com/watch?v=_D1MYH6D7jc,UgyA7891fttOhvvXi0F4AaABAg,Thank you so much.... Sir you are best teacher💯💯,2024-10-18T15:33:56Z,2026-10-01T13:27:03.690337+00:00,4,0,,476428e20c1c41dad7af5188c7c1c4836f26a80cb4488f92747065c9bf963832,,youtube-data-api-v3/commentThreads.list,,_D1MYH6D7jc,Where To Put Your Stop Loss (For The BEST Results),JeaFx,,
youtube,JeaFx,_D1MYH6D7jc,https://www.youtube.com/watch?v=_D1MYH6D7jc,Ugyg0RQfSvO8jE8nXRB4AaABAg,Notif Gang 🙋🏻‍♂️,2024-10-19T04:58:27Z,2026-10-01T13:27:03.690337+00:00,0,0,,010f9bf060dc53e8b9cbd106d07e7f817ecd7386b7f48c8268421871b5f422e7,,youtube-data-api-v3/commentThreads.list,,_D1MYH6D7jc,Where To Put Your Stop Loss (For The BEST Results),JeaFx,,
youtube,JeaFx,_D1MYH6D7jc,https://www.youtube.com/watch?v=_D1MYH6D7jc,UgyYk5J1Y4sj0MXm6x54AaABAg,You're the best teacher of them all❤indeed,2025-02-18T18:45:20Z,2026-10-01T13:27:03.690337+00:00,0,0,,5024a5ba91f6cbdd66eb669e8498cfcf6668e37435a9f24f69ea9a36f672d510,,youtube-data-api-v3/commentThreads.list,,_D1MYH6D7jc,Where To Put Your Stop Loss (For The BEST Results),JeaFx,,
youtube,JeaFx,_D1MYH6D7jc,https://www.youtube.com/watch?v=_D1MYH6D7jc,Ugw7pwwgmH0S2vmtFuV4AaABAg,"Thank you, life is life and gamble is gamble. 🤩😍🥰",2025-05-03T13:14:06Z,2026-10-01T13:27:03.690337+00:00,0,0,,52a88c39e419fd28390e71886e0561a67b4ee8d9a1ef077d4d542444e615aef9,,youtube-data-api-v3/commentThreads.list,,_D1MYH6D7jc,Where To Put Your Stop Loss (For The BEST Results),JeaFx,,
youtube,JeaFx,_D1MYH6D7jc,https://www.youtube.com/watch?v=_D1MYH6D7jc,UgxT1pSvMaR-zBH5NJp4AaABAg,Thank you for always providing value.,2024-10-18T17:27:43Z,2026-10-01T13:27:03.690337+00:00,2,0,,fa0a55d7862b3a71ac6a53f1d78a1c1902ef1ee9aedb29560a49c4d25b5ff0ba,,youtube-data-api-v3/commentThreads.list,,_D1MYH6D7jc,Where To Put Your Stop Loss (For The BEST Results),JeaFx,,
youtube,JeaFx,_D1MYH6D7jc,https://www.youtube.com/watch?v=_D1MYH6D7jc,Ugx0avUkDMQQIH7oLGl4AaABAg,You are the best teacher my dr.❤🎉 very clear teaching.amaizing for beginners.,2025-04-25T11:32:02Z,2026-10-01T13:27:03.690337+00:00,1,0,,844151aa4738cfe70421e83319c2972fb207bc0698c31e19d3ca1b3217763683,,youtube-data-api-v3/commentThreads.list,,_D1MYH6D7jc,Where To Put Your Stop Loss (For The BEST Results),JeaFx,,
youtube,JeaFx,_D1MYH6D7jc,https://www.youtube.com/watch?v=_D1MYH6D7jc,UgxCGcLaKKUv4IJhoK14AaABAg,Best videos so far... I like the trailing the take profit strategy,2025-07-27T01:52:49Z,2026-10-01T13:27:03.690337+00:00,0,0,,5ff5edb5302566231118d2da39082c83fbc05f2d70e8df96084c30b8a6a9368e,,youtube-data-api-v3/commentThreads.list,,_D1MYH6D7jc,Where To Put Your Stop Loss (For The BEST Results),JeaFx,,
youtube,JeaFx,_D1MYH6D7jc,https://www.youtube.com/watch?v=_D1MYH6D7jc,UgxYWcocg5-9kXFe2_R4AaABAg,Thanks for the gems Jea! 🔥👏🏾,2024-10-19T19:42:41Z,2026-10-01T13:27:03.690337+00:00,1,0,,8134f8ec36652927943210784baa89a0ee3b5a38875940cd793c8025e1c843db,,youtube-data-api-v3/commentThreads.list,,_D1MYH6D7jc,Where To Put Your Stop Loss (For The BEST Results),JeaFx,,
youtube,JeaFx,_D1MYH6D7jc,https://www.youtube.com/watch?v=_D1MYH6D7jc,Ugz1WMy3P0dkICtJj7t4AaABAg,GOD BLESS JEAFX THE BEST MENTOR,2024-10-18T18:04:07Z,2026-10-01T13:27:03.690337+00:00,1,0,,0784eab7d1e7f39daec7d29b6a45afe546bac6c1f2307aeca4bd9a7db04d4b77,,youtube-data-api-v3/commentThreads.list,,_D1MYH6D7jc,Where To Put Your Stop Loss (For The BEST Results),JeaFx,,
youtube,JeaFx,_D1MYH6D7jc,https://www.youtube.com/watch?v=_D1MYH6D7jc,UgwOsbv-_WG3B4bKSS14AaABAg,You're freaking good ❤ God bless you man!,2025-01-25T05:42:49Z,2026-10-01T13:27:03.690337+00:00,0,0,,1c3d90f14d49ca77a3ee45db3b9ef2af343862555646e2e9d8b72ebae990a5e7,,youtube-data-api-v3/commentThreads.list,,_D1MYH6D7jc,Where To Put Your Stop Loss (For The BEST Results),JeaFx,,
youtube,JeaFx,_D1MYH6D7jc,https://www.youtube.com/watch?v=_D1MYH6D7jc,UgykvUHoSxZdwxpE7Wp4AaABAg,No. 1  Great Mentor all Timea,2024-10-18T15:23:46Z,2026-10-01T13:27:03.690337+00:00,2,0,,ce912e505f98f96af313416c635d609786bb293d0c8f43a0e2176df923b93f31,,youtube-data-api-v3/commentThreads.list,,_D1MYH6D7jc,Where To Put Your Stop Loss (For The BEST Results),JeaFx,,
youtube,JeaFx,_D1MYH6D7jc,https://www.youtube.com/watch?v=_D1MYH6D7jc,Ugx4OPW_fQXCyt8zw194AaABAg,This dude makes it look very seamless.. great guy always ❤❤❤,2024-10-18T20:37:04Z,2026-10-01T13:27:03.690337+00:00,1,0,,2ecb0d4e59f2de040901377b7c67a9f0026c3bb4cb9cde8cec68b18bcd56ab74,,youtube-data-api-v3/commentThreads.list,,_D1MYH6D7jc,Where To Put Your Stop Loss (For The BEST Results),JeaFx,,
youtube,JeaFx,_D1MYH6D7jc,https://www.youtube.com/watch?v=_D1MYH6D7jc,UgymVWjmxOlVzGvrQcl4AaABAg,This is useful ❤,2024-10-18T16:10:01Z,2026-10-01T13:27:03.690337+00:00,2,0,,e8a877a21fda5282a49e0edbea0677726089b9e4591009711ac20ed284051009,,youtube-data-api-v3/commentThreads.list,,_D1MYH6D7jc,Where To Put Your Stop Loss (For The BEST Results),JeaFx,,
youtube,JeaFx,_D1MYH6D7jc,https://www.youtube.com/watch?v=_D1MYH6D7jc,UgyRE-bycUG8oGRr83p4AaABAg,Very clear. Makes lots of sense. Thank you for sharing.,2025-10-28T18:43:25Z,2026-10-01T13:27:03.690337+00:00,0,0,,c8d3a6af95418d8702ab205b26c59cd9ece156fbd9dc0e6ab237bfddc13c3a7f,,youtube-data-api-v3/commentThreads.list,,_D1MYH6D7jc,Where To Put Your Stop Loss (For The BEST Results),JeaFx,,
youtube,JeaFx,_D1MYH6D7jc,https://www.youtube.com/watch?v=_D1MYH6D7jc,UgxglSdoBAhFLA2oByF4AaABAg,"Best video ever
can u make a video about pending order also how to use them❤",2024-11-02T09:15:37Z,2026-10-01T13:27:03.690337+00:00,0,0,,4e4362f2ccfa22c0381391322edec1ea79b45fe46297b19eecf6803da3127d97,,youtube-data-api-v3/commentThreads.list,,_D1MYH6D7jc,Where To Put Your Stop Loss (For The BEST Results),JeaFx,,
youtube,JeaFx,_D1MYH6D7jc,https://www.youtube.com/watch?v=_D1MYH6D7jc,Ugw6J7Jwx-N27EKNGj54AaABAg,Excellent delivery 🎉,2024-11-29T14:32:40Z,2026-10-01T13:27:03.690337+00:00,0,0,,df922f4d7a726c53aab8cc77eb97462f688fac9b408a9ff89bb2fadd6a0935de,,youtube-data-api-v3/commentThreads.list,,_D1MYH6D7jc,Where To Put Your Stop Loss (For The BEST Results),JeaFx,,
youtube,JeaFx,_D1MYH6D7jc,https://www.youtube.com/watch?v=_D1MYH6D7jc,UgyiYb5DslArpABA-aV4AaABAg,"Jamea, James,,James thank you you are the best teacher in this business,I have seen teacher but not like you in this business.you just addressed the major problem I am currently having with my trade with this video...thank you",2025-05-03T10:28:54Z,2026-10-01T13:27:03.690337+00:00,0,0,,bcf93729e7947b4af319b65f022122ac42cf4257f1997063e7a34bc000e9a30b,,youtube-data-api-v3/commentThreads.list,,_D1MYH6D7jc,Where To Put Your Stop Loss (For The BEST Results),JeaFx,,
youtube,JeaFx,_D1MYH6D7jc,https://www.youtube.com/watch?v=_D1MYH6D7jc,Ugw_TnLG1gubQ6Vx9DV4AaABAg,"Can you teach a bit on the taxes at the end of the year on trading and how much it factors in trading - futures, Forex… How do you maneuver around the whole tax situation? Thanks kind sir.. awesome lessons!",2024-10-18T20:55:28Z,2026-10-01T13:27:03.690337+00:00,3,0,,e352edce5da953542ff7909d70ec530bfc0ea680ce6a352026d3e1d502cc23cf,,youtube-data-api-v3/commentThreads.list,,_D1MYH6D7jc,Where To Put Your Stop Loss (For The BEST Results),JeaFx,,
youtube,JeaFx,_D1MYH6D7jc,https://www.youtube.com/watch?v=_D1MYH6D7jc,UgwjbqDxYFqSj4DbNjR4AaABAg,Starting using ATRs for SL placement for one of my strategies. Works pretty well as you can also identify failed trades before it hits SL. Decreasing the amount of losing trades which hit full loss.,2024-10-19T22:33:11Z,2026-10-01T13:27:03.690337+00:00,0,0,,ba9c4f2f32b4effa1718f41377f99bf21642a4539beb815e544fbf296d069d65,,youtube-data-api-v3/commentThreads.list,,_D1MYH6D7jc,Where To Put Your Stop Loss (For The BEST Results),JeaFx,,
youtube,JeaFx,_D1MYH6D7jc,https://www.youtube.com/watch?v=_D1MYH6D7jc,Ugy64rTXEO-w3iSoy2t4AaABAg,Thank  you again and again J...Great lessons learnt. Appreciate🌹,2024-10-19T00:40:11Z,2026-10-01T13:27:03.690337+00:00,0,0,,705c77e31faeafc3f87130de0f29a73c33060422995e08ededbda51bb9cd3068,,youtube-data-api-v3/commentThreads.list,,_D1MYH6D7jc,Where To Put Your Stop Loss (For The BEST Results),JeaFx,,
youtube,JeaFx,_D1MYH6D7jc,https://www.youtube.com/watch?v=_D1MYH6D7jc,UgwM96TmKCpVBmDxp9d4AaABAg,I love Ur contents istan. Can I get a video on the 3 candle entry and a top down analysis video 🙏🙏,2024-10-21T16:18:13Z,2026-10-01T13:27:03.690337+00:00,0,0,,e020a8329d4523ad321602491126c669bfd23d8703cf9fdcbfca7404e1837f88,,youtube-data-api-v3/commentThreads.list,,_D1MYH6D7jc,Where To Put Your Stop Loss (For The BEST Results),JeaFx,,
youtube,JeaFx,_D1MYH6D7jc,https://www.youtube.com/watch?v=_D1MYH6D7jc,UgwQ7so7FOi9tRs7osl4AaABAg,the best fundamental of trading tutorial for new traders to learn. Once traders understood this most important factor in trading then you will have much better success in this field.,2024-11-11T13:13:10Z,2026-10-01T13:27:03.690337+00:00,0,0,,0da44ef5d79b787087cbe00fc469bdbe9f4b5a68d2d141d8aa4a14bd000ac28b,,youtube-data-api-v3/commentThreads.list,,_D1MYH6D7jc,Where To Put Your Stop Loss (For The BEST Results),JeaFx,,
youtube,JeaFx,_D1MYH6D7jc,https://www.youtube.com/watch?v=_D1MYH6D7jc,UgymoSAJqOqoSFRfSHl4AaABAg,Excellent presentation !,2025-07-23T22:49:37Z,2026-10-01T13:27:03.690337+00:00,0,0,,28081aa3396616a629e682620141e3c5da95461d44b4623f2b427da9f88e04ff,,youtube-data-api-v3/commentThreads.list,,_D1MYH6D7jc,Where To Put Your Stop Loss (For The BEST Results),JeaFx,,
youtube,JeaFx,_D1MYH6D7jc,https://www.youtube.com/watch?v=_D1MYH6D7jc,UgyiPXuEK3Y_GbHktjR4AaABAg,We keep on learning from you brother thank you so much for this🎉,2024-10-18T15:29:19Z,2026-10-01T13:27:03.690337+00:00,2,0,,94964a4bc153e1e11e6de66ce1552575c3d89f8158039690d26a73e43229297d,,youtube-data-api-v3/commentThreads.list,,_D1MYH6D7jc,Where To Put Your Stop Loss (For The BEST Results),JeaFx,,
youtube,JeaFx,_D1MYH6D7jc,https://www.youtube.com/watch?v=_D1MYH6D7jc,Ugxq0nJkvow9hdElLs94AaABAg,Your videos give me confidence❤❤,2025-07-17T17:26:49Z,2026-10-01T13:27:03.690337+00:00,0,0,,6ff6ef032cd321b19b2d007b6a332d0a626ee89ac20f0a6d20b95749c756a05e,,youtube-data-api-v3/commentThreads.list,,_D1MYH6D7jc,Where To Put Your Stop Loss (For The BEST Results),JeaFx,,
youtube,JeaFx,_D1MYH6D7jc,https://www.youtube.com/watch?v=_D1MYH6D7jc,UgzCTQqFq4htMK4yHa14AaABAg,Thanks jea you are the best,2025-01-15T03:07:16Z,2026-10-01T13:27:03.690337+00:00,0,0,,273012ef2d36dca48597a6d9dc4b3e44c1446799ebcf67e54f65f690a5da57a9,,youtube-data-api-v3/commentThreads.list,,_D1MYH6D7jc,Where To Put Your Stop Loss (For The BEST Results),JeaFx,,
youtube,JeaFx,_D1MYH6D7jc,https://www.youtube.com/watch?v=_D1MYH6D7jc,UgxFyHcbDdHLMnk1VbR4AaABAg,Great job❤,2024-10-18T21:26:44Z,2026-10-01T13:27:03.690337+00:00,1,0,,146dd73b7d9a27c16e00855b39bb23aca007ba9922267ef2b3cefc9252657ce5,,youtube-data-api-v3/commentThreads.list,,_D1MYH6D7jc,Where To Put Your Stop Loss (For The BEST Results),JeaFx,,
youtube,JeaFx,_D1MYH6D7jc,https://www.youtube.com/watch?v=_D1MYH6D7jc,UgxbAEPUoxSrzdj6RJp4AaABAg,"thanks ❤️ experienced the tight SL yday on silver I was correct with the trade but my SL was still in the supply , took me out with a wick 💔 now I've learned my lesson 😊",2024-10-18T20:30:34Z,2026-10-01T13:27:03.690337+00:00,1,0,,018d2ae82c19afd3ff70ba08a1dc7e9b469bc2cbdb49c6052baa1819433e7ab1,,youtube-data-api-v3/commentThreads.list,,_D1MYH6D7jc,Where To Put Your Stop Loss (For The BEST Results),JeaFx,,
youtube,JeaFx,_D1MYH6D7jc,https://www.youtube.com/watch?v=_D1MYH6D7jc,UgxzIMiSAWSHSNudJgh4AaABAg,Brother will be 150 K 🥳,2024-10-20T09:41:20Z,2026-10-01T13:27:03.690337+00:00,0,0,,b91f0a52c7eb4c157c209e80bc31630e3e6633943797470f48d95ff2676ab98f,,youtube-data-api-v3/commentThreads.list,,_D1MYH6D7jc,Where To Put Your Stop Loss (For The BEST Results),JeaFx,,
youtube,JeaFx,_D1MYH6D7jc,https://www.youtube.com/watch?v=_D1MYH6D7jc,Ugyo6JId73WKodnMAT94AaABAg,Thanks Jea,2024-10-18T15:24:44Z,2026-10-01T13:27:03.690337+00:00,3,0,,d0028ca716a1b5914981321c1e89595f7c884a79cac352e0b444cfd14833fa84,,youtube-data-api-v3/commentThreads.list,,_D1MYH6D7jc,Where To Put Your Stop Loss (For The BEST Results),JeaFx,,
youtube,JeaFx,_D1MYH6D7jc,https://www.youtube.com/watch?v=_D1MYH6D7jc,UgzLM2qhoEJdSRq0QfR4AaABAg,"Two pattern red and two pattern green then back to red green keep going like this please make video sir

￼",2025-01-02T02:35:24Z,2026-10-01T13:27:03.690337+00:00,0,0,,7b59ac98931a946bd43adf904b73dcf3c398a1b451684b20a29bdb6d5650c35d,,youtube-data-api-v3/commentThreads.list,,_D1MYH6D7jc,Where To Put Your Stop Loss (For The BEST Results),JeaFx,,
youtube,JeaFx,_D1MYH6D7jc,https://www.youtube.com/watch?v=_D1MYH6D7jc,UgylTx6N46aj8o2DS2R4AaABAg,"Hi James😊love your videos, currently learning to trade from your videos until I can afford your academy. Question.. if I get wick rejections just below my demand zone, is the trade still valid?",2024-10-19T18:02:43Z,2026-10-01T13:27:03.691329+00:00,0,0,,0b3e0071406546fe7030b830c5a15f819173574e5f05713604c40cf63069dc82,,youtube-data-api-v3/commentThreads.list,,_D1MYH6D7jc,Where To Put Your Stop Loss (For The BEST Results),JeaFx,,
youtube,JeaFx,_D1MYH6D7jc,https://www.youtube.com/watch?v=_D1MYH6D7jc,Ugz-yPZBYJfMxOGdK594AaABAg,alpha trader doing 90% split plus refunds after payout that’s love fr,2025-08-03T12:06:16Z,2026-10-01T13:27:03.691329+00:00,0,0,,4fcbe1ae16a0c57d07f4ea08146b29022ba048927d1418bd55e621355c9c9926,,youtube-data-api-v3/commentThreads.list,,_D1MYH6D7jc,Where To Put Your Stop Loss (For The BEST Results),JeaFx,,
youtube,JeaFx,_D1MYH6D7jc,https://www.youtube.com/watch?v=_D1MYH6D7jc,UgyBxQdP6modvLE-O6J4AaABAg,"Hi James, I ike your videos. Please do a video on CRT (candle range theory).",2024-10-21T07:48:49Z,2026-10-01T13:27:03.691329+00:00,0,0,,cde72ee9e99e57a2e0e0520f393fd2bb9c9010cefce03c9be288802e78c47dc3,,youtube-data-api-v3/commentThreads.list,,_D1MYH6D7jc,Where To Put Your Stop Loss (For The BEST Results),JeaFx,,
youtube,JeaFx,_D1MYH6D7jc,https://www.youtube.com/watch?v=_D1MYH6D7jc,Ugzgmdk7t6wdfJE8Fop4AaABAg,You are amazing man,2025-05-03T22:15:31Z,2026-10-01T13:27:03.691329+00:00,0,0,,ac24e66f8362d00a04a9644262bfb71be18521da8121b54d65deec5769ee5739,,youtube-data-api-v3/commentThreads.list,,_D1MYH6D7jc,Where To Put Your Stop Loss (For The BEST Results),JeaFx,,
youtube,JeaFx,_D1MYH6D7jc,https://www.youtube.com/watch?v=_D1MYH6D7jc,UgzeBXb5rH4oRA9RA1l4AaABAg,Excellent. Thanks.,2025-07-24T19:55:00Z,2026-10-01T13:27:03.691329+00:00,0,0,,cad2d4014230aaa53b0e216498d5c2f2be5bfbec522957378c7a63fb6540073a,,youtube-data-api-v3/commentThreads.list,,_D1MYH6D7jc,Where To Put Your Stop Loss (For The BEST Results),JeaFx,,
youtube,JeaFx,_D1MYH6D7jc,https://www.youtube.com/watch?v=_D1MYH6D7jc,Ugxsj-FkeikX7Ke8nil4AaABAg,Awesome video thanks,2025-11-11T06:12:04Z,2026-10-01T13:27:03.691329+00:00,0,0,,71784d5c6f3c6a335b87d0c548322d6e7e54124734f1e46436999294b8f221b8,,youtube-data-api-v3/commentThreads.list,,_D1MYH6D7jc,Where To Put Your Stop Loss (For The BEST Results),JeaFx,,
youtube,JeaFx,_D1MYH6D7jc,https://www.youtube.com/watch?v=_D1MYH6D7jc,UgyxERh_ChwvObUF-0l4AaABAg,Thank you boss 🎉❤,2024-10-18T18:50:54Z,2026-10-01T13:27:03.691329+00:00,1,0,,0ef5987eba1c1453c5f95e34f82c744cb1ef21980c55adb38d3941e9dd037ad0,,youtube-data-api-v3/commentThreads.list,,_D1MYH6D7jc,Where To Put Your Stop Loss (For The BEST Results),JeaFx,,
youtube,JeaFx,_D1MYH6D7jc,https://www.youtube.com/watch?v=_D1MYH6D7jc,Ugy035KdoFLjHVFCzNZ4AaABAg,Thank u so much  james,2024-10-21T15:35:31Z,2026-10-01T13:27:03.691329+00:00,0,0,,5f2bd574405baa7d4aa5fbc73d134a7b96ce4af3efd3eb6433b20b51c5336566,,youtube-data-api-v3/commentThreads.list,,_D1MYH6D7jc,Where To Put Your Stop Loss (For The BEST Results),JeaFx,,
youtube,JeaFx,_D1MYH6D7jc,https://www.youtube.com/watch?v=_D1MYH6D7jc,UgwL_E5ZeUBcZNRlyiZ4AaABAg,Thank you.,2024-10-18T18:28:28Z,2026-10-01T13:27:03.691329+00:00,1,0,,a6bc873abace1deb84f484b80a5f3665130ede8946635874305e727f570929e1,,youtube-data-api-v3/commentThreads.list,,_D1MYH6D7jc,Where To Put Your Stop Loss (For The BEST Results),JeaFx,,
youtube,JeaFx,_D1MYH6D7jc,https://www.youtube.com/watch?v=_D1MYH6D7jc,UgwwTh1l1_u7TCH4Q_l4AaABAg,"I loved the way you explained trailing SL and SL. Execution speed is also very important and that's was gets me a little worried. Anyway I'm gonna try and apply this on my trades with Market101 and see how it goes. Thank you for this, let's see the effectiveness now.",2024-10-23T13:45:28Z,2026-10-01T13:27:03.691329+00:00,0,0,,fb969c5a4294b54acd3eadaace14e69aeb5a6a14a41376025225e65d62b38a67,,youtube-data-api-v3/commentThreads.list,,_D1MYH6D7jc,Where To Put Your Stop Loss (For The BEST Results),JeaFx,,
youtube,JeaFx,_D1MYH6D7jc,https://www.youtube.com/watch?v=_D1MYH6D7jc,Ugwf3Muy5KkOHX2Jo8R4AaABAg,"Thanks, jeafx",2024-10-18T19:50:37Z,2026-10-01T13:27:03.691329+00:00,1,0,,ece1d81e8da02447a6038c6472c6357c98ac7cd8716d4a9b83f4a2641db8601c,,youtube-data-api-v3/commentThreads.list,,_D1MYH6D7jc,Where To Put Your Stop Loss (For The BEST Results),JeaFx,,
youtube,JeaFx,_D1MYH6D7jc,https://www.youtube.com/watch?v=_D1MYH6D7jc,UgzBtHdCoVYnSeeCzdR4AaABAg,"Bro you explain everything looks so fookin easy , i watched all the ICT videos and I know all his concepts and I m about to finish all your videos as well and my concepts get clearer and clearer. But when I see the love markety brains fcuks me up really bad, to and extent that it made me doubt that can I be a trader for real . But every single day I wake up and look at life in a different way . With new motivation. Thanks for the videos man. I will be a really good trader for sure.",2024-10-19T00:47:54Z,2026-10-01T13:27:03.691329+00:00,0,0,,a008cd2664477f41e16df16acfcbf15ccd8dde1ef74494f0e8309c0250d5d558,,youtube-data-api-v3/commentThreads.list,,_D1MYH6D7jc,Where To Put Your Stop Loss (For The BEST Results),JeaFx,,
youtube,JeaFx,_D1MYH6D7jc,https://www.youtube.com/watch?v=_D1MYH6D7jc,UgyljdcBjKtRhMvWvUV4AaABAg,I like your video and trading style Mr jeams,2024-10-18T15:00:08Z,2026-10-01T13:27:03.691329+00:00,3,1,,20c097fe62b67f214666ca470b1a230639c09c55ab00366f62f3f83309f628dc,,youtube-data-api-v3/commentThreads.list,,_D1MYH6D7jc,Where To Put Your Stop Loss (For The BEST Results),JeaFx,,
youtube,JeaFx,_D1MYH6D7jc,https://www.youtube.com/watch?v=_D1MYH6D7jc,UgwAIdgO0tvjMaHaDXp4AaABAg,This way at least we get some profit even if it's small. Losing sucks.. Thanks for another clarification. Cheers,2024-10-19T13:48:01Z,2026-10-01T13:27:03.691329+00:00,0,1,,13bdfb6abc4f83c4dd454a6d074cc3222e39dc773ee17f7a7af8bddb4447eb4c,,youtube-data-api-v3/commentThreads.list,,_D1MYH6D7jc,Where To Put Your Stop Loss (For The BEST Results),JeaFx,,
youtube,JeaFx,_D1MYH6D7jc,https://www.youtube.com/watch?v=_D1MYH6D7jc,UgwAIdgO0tvjMaHaDXp4AaABAg.A9mDDy95_GmAKXgKsdACqU,Yes. I’m backtesting it and it gives profit quicker instead of using a wide sl. Though we can hit sl quicker too but over time we’ll be profitable because of higher risk to reward trades,2025-07-13T22:48:36Z,2026-10-01T13:27:03.691329+00:00,0,0,,d735bce1dd25b5a594fe1c33e0086eb878bc65788ef7dcf175ae095143c28280,UgwAIdgO0tvjMaHaDXp4AaABAg,youtube-data-api-v3/commentThreads.list,,_D1MYH6D7jc,Where To Put Your Stop Loss (For The BEST Results),JeaFx,,
youtube,JeaFx,_D1MYH6D7jc,https://www.youtube.com/watch?v=_D1MYH6D7jc,Ugw-ficQ2v9TAPhQS294AaABAg,"Sir, can you make a vedio on how to use a daily candle to trade with conference with other concept like demand, supply, mss and bos? I will be glad if you can do it for me, sir.",2024-10-18T15:15:14Z,2026-10-01T13:27:03.691329+00:00,2,0,,4be95d3dd241023dffb0c99cabdb227c2f1022b3fef3a151634472cc9fe439b9,,youtube-data-api-v3/commentThreads.list,,_D1MYH6D7jc,Where To Put Your Stop Loss (For The BEST Results),JeaFx,,
youtube,JeaFx,_D1MYH6D7jc,https://www.youtube.com/watch?v=_D1MYH6D7jc,UgxAfVYhHzFtAQAUagp4AaABAg,Thanks boss,2024-10-18T14:57:57Z,2026-10-01T13:27:03.691329+00:00,3,1,,7cdb78c72293a1f17688827de6f960547d0977f45c41bfb44e8ba3a698d405f9,,youtube-data-api-v3/commentThreads.list,,_D1MYH6D7jc,Where To Put Your Stop Loss (For The BEST Results),JeaFx,,
youtube,JeaFx,_D1MYH6D7jc,https://www.youtube.com/watch?v=_D1MYH6D7jc,Ugx2VUGOOHyAWUMsBIJ4AaABAg,"WHY,WHEN and HOW to spot liquidity",2024-11-06T18:50:08Z,2026-10-01T13:27:03.691329+00:00,1,0,,8b741daa55a69d263cfd160747eca7a76ba5d22adb5f8081b75820480a89ff77,,youtube-data-api-v3/commentThreads.list,,_D1MYH6D7jc,Where To Put Your Stop Loss (For The BEST Results),JeaFx,,
youtube,JeaFx,_D1MYH6D7jc,https://www.youtube.com/watch?v=_D1MYH6D7jc,UgwhQO2_hkZhO3rdPQN4AaABAg,"I'm currently holding usdjpy using your demand and supply strategy and it's on good profit. It will take days to hit TP.
Tnks for the insight",2025-02-10T08:48:43Z,2026-10-01T13:27:03.691329+00:00,0,0,,8d378748324af7f2ba8ca996a8178faa5b522b50684418c9e48d9056f49ee211,,youtube-data-api-v3/commentThreads.list,,_D1MYH6D7jc,Where To Put Your Stop Loss (For The BEST Results),JeaFx,,
youtube,JeaFx,_D1MYH6D7jc,https://www.youtube.com/watch?v=_D1MYH6D7jc,UgwLoF81ic90zaSDe_R4AaABAg,"brada, can u make another videos of what things that will attract smartpanty money enter the market. one ive found is liquidity. r there another factor that r counts?",2024-10-18T17:59:07Z,2026-10-01T13:27:03.691329+00:00,1,0,,c35945e670362d433113447b6b1cf6a35ed2d736ae793f995f9cf844260c7d50,,youtube-data-api-v3/commentThreads.list,,_D1MYH6D7jc,Where To Put Your Stop Loss (For The BEST Results),JeaFx,,
youtube,JeaFx,_D1MYH6D7jc,https://www.youtube.com/watch?v=_D1MYH6D7jc,UgyELiobGauhs53GduV4AaABAg,Thank you 🙏,2025-11-08T05:11:09Z,2026-10-01T13:27:03.691329+00:00,0,0,,c6e9ea0d0b088fcf9b1c8716b50bf3f42a6b1b88a7c907f7eb1b268edb0ad41b,,youtube-data-api-v3/commentThreads.list,,_D1MYH6D7jc,Where To Put Your Stop Loss (For The BEST Results),JeaFx,,
youtube,JeaFx,_D1MYH6D7jc,https://www.youtube.com/watch?v=_D1MYH6D7jc,Ugyy3jPILX7RV4Wi2i94AaABAg,7.47 is my problem always over-refining because i wanted higher risk to reward but now i have to to understand the the 10min demand level might not hold 1h wick rejection 😂,2024-10-30T09:01:09Z,2026-10-01T13:27:03.691329+00:00,0,0,,a0c8f2712cb32292592a7caded0b11568782b8e75071c60962ac37aa710761a1,,youtube-data-api-v3/commentThreads.list,,_D1MYH6D7jc,Where To Put Your Stop Loss (For The BEST Results),JeaFx,,
youtube,JeaFx,_D1MYH6D7jc,https://www.youtube.com/watch?v=_D1MYH6D7jc,UgzmfqiOkvIJDA9D1nJ4AaABAg,First JEAFX❤❤❤,2024-10-18T14:58:26Z,2026-10-01T13:27:03.691329+00:00,1,1,,79b85b149d1f080e39fcf7e70695aacb4f94bd2802513a53aa336880e3245fb6,,youtube-data-api-v3/commentThreads.list,,_D1MYH6D7jc,Where To Put Your Stop Loss (For The BEST Results),JeaFx,,
youtube,JeaFx,_D1MYH6D7jc,https://www.youtube.com/watch?v=_D1MYH6D7jc,Ugy13VstJtji-WcLM8V4AaABAg,Golden nugget after golden nugget…😮❤,2026-05-29T21:46:38Z,2026-10-01T13:27:03.691329+00:00,0,0,,5cee0a63c6f75c957cd3c932e4db2370da5cd2aa7c5bc1f565543d714a0953c8,,youtube-data-api-v3/commentThreads.list,,_D1MYH6D7jc,Where To Put Your Stop Loss (For The BEST Results),JeaFx,,
youtube,JeaFx,_D1MYH6D7jc,https://www.youtube.com/watch?v=_D1MYH6D7jc,Ugxq3SPMkgLNBCyUS294AaABAg,My best menthor...❤❤,2024-10-20T22:16:58Z,2026-10-01T13:27:03.691329+00:00,0,0,,9a6cd70abfe5e06215d96dfeeb25bbb538015b0abc8016513eab6e146b406926,,youtube-data-api-v3/commentThreads.list,,_D1MYH6D7jc,Where To Put Your Stop Loss (For The BEST Results),JeaFx,,
youtube,JeaFx,_D1MYH6D7jc,https://www.youtube.com/watch?v=_D1MYH6D7jc,UgwWkZDUz95xxyFEJD54AaABAg,I must say thank you for all the effort you put into teaching people on how to trade profitably. I hope to be able to save enough money to grab your paid course some day. Thank you again❤,2024-10-18T16:12:53Z,2026-10-01T13:27:03.691329+00:00,15,5,,fb0214d4aafbcc386308a75359458f91beef8bf221a21d3d2758e604919ebc46,,youtube-data-api-v3/commentThreads.list,,_D1MYH6D7jc,Where To Put Your Stop Loss (For The BEST Results),JeaFx,,
youtube,JeaFx,_D1MYH6D7jc,https://www.youtube.com/watch?v=_D1MYH6D7jc,UgwWkZDUz95xxyFEJD54AaABAg.A9ju05pz5ahA9kSreqkKB4,I have it.,2024-10-18T21:26:10Z,2026-10-01T13:27:03.691329+00:00,3,0,,a7d5826d4e09a51c02244166049d56e206b355631b62460054f81044cfbd1b40,UgwWkZDUz95xxyFEJD54AaABAg,youtube-data-api-v3/commentThreads.list,,_D1MYH6D7jc,Where To Put Your Stop Loss (For The BEST Results),JeaFx,,
youtube,JeaFx,_D1MYH6D7jc,https://www.youtube.com/watch?v=_D1MYH6D7jc,UgwWkZDUz95xxyFEJD54AaABAg.A9ju05pz5ahAKiXhDYTtV0,"@ositeboss5731 Hey, Lets collaborate.",2025-07-18T13:15:17Z,2026-10-01T13:27:03.691329+00:00,0,0,,deab4e324fd4b1dade6ce1c784c9f06441e8eadd17370775e066a0b416d2721b,UgwWkZDUz95xxyFEJD54AaABAg,youtube-data-api-v3/commentThreads.list,,_D1MYH6D7jc,Where To Put Your Stop Loss (For The BEST Results),JeaFx,,
youtube,JeaFx,_D1MYH6D7jc,https://www.youtube.com/watch?v=_D1MYH6D7jc,UgwWkZDUz95xxyFEJD54AaABAg.A9ju05pz5ahARndaSWnl6_,@ositeboss5731where can I get it please,2026-01-10T12:31:29Z,2026-10-01T13:27:03.691329+00:00,0,0,,6383edfff9ac957d8ad110cfe7481650b8565868b5467f7c4eb525370004ff34,UgwWkZDUz95xxyFEJD54AaABAg,youtube-data-api-v3/commentThreads.list,,_D1MYH6D7jc,Where To Put Your Stop Loss (For The BEST Results),JeaFx,,
youtube,JeaFx,_D1MYH6D7jc,https://www.youtube.com/watch?v=_D1MYH6D7jc,UgwWkZDUz95xxyFEJD54AaABAg.A9ju05pz5ahAS8JRRhsL7M,@ositeboss5731hey,2026-01-18T22:29:55Z,2026-10-01T13:27:03.691329+00:00,0,0,,1a373f5a7c508c2ce8d2fff18e9c3e53c14edd3608983cfaebda360289238f5d,UgwWkZDUz95xxyFEJD54AaABAg,youtube-data-api-v3/commentThreads.list,,_D1MYH6D7jc,Where To Put Your Stop Loss (For The BEST Results),JeaFx,,
youtube,JeaFx,_D1MYH6D7jc,https://www.youtube.com/watch?v=_D1MYH6D7jc,UgwWkZDUz95xxyFEJD54AaABAg.A9ju05pz5ahAYtkopuEVqY,"Can you share, please?",2026-07-05T21:09:49Z,2026-10-01T13:27:03.691329+00:00,0,0,,3b2acfe90d292276527e8972d500d6925d74fa90834be379e6444b1793c374bf,UgwWkZDUz95xxyFEJD54AaABAg,youtube-data-api-v3/commentThreads.list,,_D1MYH6D7jc,Where To Put Your Stop Loss (For The BEST Results),JeaFx,,
youtube,JeaFx,_D1MYH6D7jc,https://www.youtube.com/watch?v=_D1MYH6D7jc,Ugzrf0qp1OIWfQqfzH14AaABAg,Thank you ❤❤❤❤,2025-07-10T01:34:31Z,2026-10-01T13:27:03.691329+00:00,0,0,,737d03453728a83a147d9dc89381c96da9ac4cfd411bc10f30361c94caea666d,,youtube-data-api-v3/commentThreads.list,,_D1MYH6D7jc,Where To Put Your Stop Loss (For The BEST Results),JeaFx,,
youtube,JeaFx,_D1MYH6D7jc,https://www.youtube.com/watch?v=_D1MYH6D7jc,UgyYnH4Baytr6iGAFzJ4AaABAg,❤Thank you sir ❤,2024-10-18T16:00:51Z,2026-10-01T13:27:03.691329+00:00,2,0,,fab9910d0ff3922f96a31e4958851f4b8912d0c95d540c87d4e7d0794ab3f50f,,youtube-data-api-v3/commentThreads.list,,_D1MYH6D7jc,Where To Put Your Stop Loss (For The BEST Results),JeaFx,,
youtube,JeaFx,_D1MYH6D7jc,https://www.youtube.com/watch?v=_D1MYH6D7jc,Ugxeh9gkN4iNdNyVLHl4AaABAg,Thanks 👍,2025-01-05T19:01:07Z,2026-10-01T13:27:03.691329+00:00,0,0,,a375bb6d64b1352d085a57b1413eb5ef20e5463d220fa780783765f7c75f378a,,youtube-data-api-v3/commentThreads.list,,_D1MYH6D7jc,Where To Put Your Stop Loss (For The BEST Results),JeaFx,,
youtube,JeaFx,_D1MYH6D7jc,https://www.youtube.com/watch?v=_D1MYH6D7jc,Ugw7Jlsge23z3TJ7RcZ4AaABAg,"Always admire you bro, ur vd has really being helpful a lot, thanks 🤝.
We wouldn't mind if u can drop free signal anytime, on crypto not forex.",2024-10-18T18:20:42Z,2026-10-01T13:27:03.691329+00:00,1,0,,0f033575401af86054e8734afbd6c9da3f61cabab93641e3d2d6ce650773a546,,youtube-data-api-v3/commentThreads.list,,_D1MYH6D7jc,Where To Put Your Stop Loss (For The BEST Results),JeaFx,,
youtube,JeaFx,_D1MYH6D7jc,https://www.youtube.com/watch?v=_D1MYH6D7jc,UgxS7cY0baGbqzFKaQx4AaABAg,Please Boss @jeafx  can you make a Video of Pip Calculating ??,2025-05-03T18:00:13Z,2026-10-01T13:27:03.691329+00:00,0,0,,3b36a7768b0910acf9edef3f3444f893f98949211e2ce8fe801e128ea2654082,,youtube-data-api-v3/commentThreads.list,,_D1MYH6D7jc,Where To Put Your Stop Loss (For The BEST Results),JeaFx,,
youtube,JeaFx,_D1MYH6D7jc,https://www.youtube.com/watch?v=_D1MYH6D7jc,UgyhXVDjzJUV4FOg-MZ4AaABAg,brother awsome vedio all I want to know the name ok the indicator which shows the risk to reward ratio,2026-07-20T08:16:46Z,2026-10-01T13:27:03.691329+00:00,1,0,,27b20dc1d38fa5ddd0c71f4bc835764575b8957b054e925a79bec5d32b6eb7f8,,youtube-data-api-v3/commentThreads.list,,_D1MYH6D7jc,Where To Put Your Stop Loss (For The BEST Results),JeaFx,,
youtube,JeaFx,_D1MYH6D7jc,https://www.youtube.com/watch?v=_D1MYH6D7jc,Ugw18PDiYsIVl8dAOxF4AaABAg,please make a video of ASIAN RANGE 👏🏾🔥,2024-10-19T12:27:49Z,2026-10-01T13:27:03.691329+00:00,0,0,,28467e6367fccb22e327a75bce2e97f325fd2b16f2aa9ddf85afe92551f70137,,youtube-data-api-v3/commentThreads.list,,_D1MYH6D7jc,Where To Put Your Stop Loss (For The BEST Results),JeaFx,,
youtube,JeaFx,_D1MYH6D7jc,https://www.youtube.com/watch?v=_D1MYH6D7jc,Ugz3ulXsWtW8_m76rI54AaABAg,good one,2025-02-22T05:44:37Z,2026-10-01T13:27:03.691329+00:00,0,0,,9f9b7743b8e80079e8b26073147df985345d706f7356767243203c328bfb5b70,,youtube-data-api-v3/commentThreads.list,,_D1MYH6D7jc,Where To Put Your Stop Loss (For The BEST Results),JeaFx,,
youtube,JeaFx,_D1MYH6D7jc,https://www.youtube.com/watch?v=_D1MYH6D7jc,UgwRbRYn002rpkifDl54AaABAg,My boss,2024-10-18T14:57:53Z,2026-10-01T13:27:03.691329+00:00,2,1,,78c7cdd58c14a0356e80ae61cff41a2739ad4052a426f86f615aa7bbf83d4115,,youtube-data-api-v3/commentThreads.list,,_D1MYH6D7jc,Where To Put Your Stop Loss (For The BEST Results),JeaFx,,
youtube,JeaFx,_D1MYH6D7jc,https://www.youtube.com/watch?v=_D1MYH6D7jc,Ugw2-kYnTVXrb73-J4x4AaABAg,"I came across your videos recently. Watched a bit of them and tried applying them. Honestly the explanations are very clear. Thank you for the content you have put on the internet. I just want to request you for a video on trend analysis, about how you analyse trends and how do analyse trends through multiple Timeframes. If you have such video can you please tell the video title or if possible can you please give the link of it.",2024-10-18T19:56:08Z,2026-10-01T13:27:03.691329+00:00,6,2,,489300d360f61e61c797aa72ed2c0d523a77f32c73bcb6edd12ec8a788c6deaa,,youtube-data-api-v3/commentThreads.list,,_D1MYH6D7jc,Where To Put Your Stop Loss (For The BEST Results),JeaFx,,
youtube,JeaFx,_D1MYH6D7jc,https://www.youtube.com/watch?v=_D1MYH6D7jc,Ugw2-kYnTVXrb73-J4x4AaABAg.A9kIZCTBbuPA9kTFnE2w3z,"Get his course, it will change things for you. I have it.",2024-10-18T21:29:36Z,2026-10-01T13:27:03.691329+00:00,3,0,,a7d5826d4e09a51c02244166049d56e206b355631b62460054f81044cfbd1b40,Ugw2-kYnTVXrb73-J4x4AaABAg,youtube-data-api-v3/commentThreads.list,,_D1MYH6D7jc,Where To Put Your Stop Loss (For The BEST Results),JeaFx,,
youtube,JeaFx,_D1MYH6D7jc,https://www.youtube.com/watch?v=_D1MYH6D7jc,Ugw2-kYnTVXrb73-J4x4AaABAg.A9kIZCTBbuPACBVmQXxszY,Sell it to me at a better price😢​@ositeboss5731,2024-12-18T11:53:11Z,2026-10-01T13:27:03.691329+00:00,0,0,,9b0fcc34b5fdc37eca63c6fd65a1dfa043acb3cf9c15f608317edcb8e12550a3,Ugw2-kYnTVXrb73-J4x4AaABAg,youtube-data-api-v3/commentThreads.list,,_D1MYH6D7jc,Where To Put Your Stop Loss (For The BEST Results),JeaFx,,
youtube,JeaFx,_D1MYH6D7jc,https://www.youtube.com/watch?v=_D1MYH6D7jc,Ugwr-xt6RhLeV_-_T8R4AaABAg,Scalping course sir.. Please🙏,2024-12-11T05:24:17Z,2026-10-01T13:27:03.691329+00:00,0,0,,f575a74dbdcd08f4ad452051bcf1f5c4192a11f80409b212d57047589f9d2700,,youtube-data-api-v3/commentThreads.list,,_D1MYH6D7jc,Where To Put Your Stop Loss (For The BEST Results),JeaFx,,
youtube,JeaFx,_D1MYH6D7jc,https://www.youtube.com/watch?v=_D1MYH6D7jc,UgzuX-NlOPptUrCoMhR4AaABAg,Thank you for the good video. Some people say you can adjust the stop loss according to ATR. What about that,2024-10-18T15:05:39Z,2026-10-01T13:27:03.691329+00:00,5,2,,8d669471575d69fd14a59d07c10ad62869220d579be83ffc63baaebbb2a740e9,,youtube-data-api-v3/commentThreads.list,,_D1MYH6D7jc,Where To Put Your Stop Loss (For The BEST Results),JeaFx,,
youtube,JeaFx,_D1MYH6D7jc,https://www.youtube.com/watch?v=_D1MYH6D7jc,UgzuX-NlOPptUrCoMhR4AaABAg.A9jmJZohkE-A9k4B9-KSsc,"actually its value, some use 3x of it other x5 of current atr value but this only on normal market.",2024-10-18T17:50:31Z,2026-10-01T13:27:03.691329+00:00,1,0,,c35945e670362d433113447b6b1cf6a35ed2d736ae793f995f9cf844260c7d50,UgzuX-NlOPptUrCoMhR4AaABAg,youtube-data-api-v3/commentThreads.list,,_D1MYH6D7jc,Where To Put Your Stop Loss (For The BEST Results),JeaFx,,
youtube,JeaFx,_D1MYH6D7jc,https://www.youtube.com/watch?v=_D1MYH6D7jc,UgyCRU54khoPCmRCmWV4AaABAg,You and me 😂❤,2024-10-18T15:00:52Z,2026-10-01T13:27:03.691329+00:00,1,0,,409de330e785a156b46eaf483e9f18b6c814af34baa855e7b68dbe7f17acc368,,youtube-data-api-v3/commentThreads.list,,_D1MYH6D7jc,Where To Put Your Stop Loss (For The BEST Results),JeaFx,,
youtube,JeaFx,_D1MYH6D7jc,https://www.youtube.com/watch?v=_D1MYH6D7jc,UgyM_EAFn-6RhtitoeF4AaABAg,i put my stop loss higher above est liquidation.,2024-11-27T09:58:13Z,2026-10-01T13:27:03.691329+00:00,0,0,,3f35dca22449d44a7aa6909daccf8daa2523c1eeaa4bc81639b784f60c6520b5,,youtube-data-api-v3/commentThreads.list,,_D1MYH6D7jc,Where To Put Your Stop Loss (For The BEST Results),JeaFx,,
youtube,JeaFx,_D1MYH6D7jc,https://www.youtube.com/watch?v=_D1MYH6D7jc,UgwIa52E5Pcdo04JFgN4AaABAg,The order block trade I tride  but what should be the conformation to place an entry for sell and buy,2024-10-18T16:54:44Z,2026-10-01T13:27:03.691329+00:00,0,0,,f8872b5f2106f212bf062638642520f5fb588317b869400db2931459beeb6bd8,,youtube-data-api-v3/commentThreads.list,,_D1MYH6D7jc,Where To Put Your Stop Loss (For The BEST Results),JeaFx,,
youtube,JeaFx,_D1MYH6D7jc,https://www.youtube.com/watch?v=_D1MYH6D7jc,UgzkLaPYzBnxSfWeATR4AaABAg,THANKS,2024-10-23T13:06:42Z,2026-10-01T13:27:03.691329+00:00,0,0,,5347239e4deb7fa2c4a86721778fbac913351f562f4aa3bd2206dfd0caf4fe9a,,youtube-data-api-v3/commentThreads.list,,_D1MYH6D7jc,Where To Put Your Stop Loss (For The BEST Results),JeaFx,,
youtube,JeaFx,_D1MYH6D7jc,https://www.youtube.com/watch?v=_D1MYH6D7jc,UgwW_Eld1mXHZH6xh_x4AaABAg,nice video i just cant find anything about when you are for example doing a trade at a ath/atl since i dont really have any past structure to support where the price will go,2026-05-01T00:19:53Z,2026-10-01T13:27:03.691329+00:00,0,0,,a484ad8afc42ae62efd82254e9d0e8b7038277148d76f17adae86d665874ce18,,youtube-data-api-v3/commentThreads.list,,_D1MYH6D7jc,Where To Put Your Stop Loss (For The BEST Results),JeaFx,,
youtube,JeaFx,_D1MYH6D7jc,https://www.youtube.com/watch?v=_D1MYH6D7jc,UgwSQrkg3SKJI-PQRqJ4AaABAg,Tanks you,2024-10-19T15:57:38Z,2026-10-01T13:27:03.691329+00:00,0,0,,550cc0510c4a2a25d8813c994d1277273c4b426a000b2dbf8ad22147b5fdc626,,youtube-data-api-v3/commentThreads.list,,_D1MYH6D7jc,Where To Put Your Stop Loss (For The BEST Results),JeaFx,,
youtube,JeaFx,_D1MYH6D7jc,https://www.youtube.com/watch?v=_D1MYH6D7jc,UgxR9U8sX35gzHGNSCJ4AaABAg,"Master, please how do I turn trades into a Win-Win scenario?",2025-07-08T14:51:32Z,2026-10-01T13:27:03.691329+00:00,0,0,,5fc894e3e4f56fc1fdd4ea9479aabcf890818d9733c0388d59080df51cba2b82,,youtube-data-api-v3/commentThreads.list,,_D1MYH6D7jc,Where To Put Your Stop Loss (For The BEST Results),JeaFx,,
youtube,JeaFx,_D1MYH6D7jc,https://www.youtube.com/watch?v=_D1MYH6D7jc,UgwHQu7xJH8dVLxjmmZ4AaABAg,You are so handsome. Your brows❤😊... Your videos are always full of knowledge. Thank you,2024-10-29T22:57:45Z,2026-10-01T13:27:03.691329+00:00,0,0,,2bbd126e4bb9213cc3455eb0cd7c41abfef40ec03bc2bc23e726c0d206bf45ba,,youtube-data-api-v3/commentThreads.list,,_D1MYH6D7jc,Where To Put Your Stop Loss (For The BEST Results),JeaFx,,
youtube,JeaFx,_D1MYH6D7jc,https://www.youtube.com/watch?v=_D1MYH6D7jc,UgwSYnXhV2f69UobCcd4AaABAg,Bro please do a video on CRT 🔥🙏 Candle Range Theory,2024-10-18T14:58:50Z,2026-10-01T13:27:03.691329+00:00,2,3,,effced9decfc575f58e38cb8de335bccdccb641d9645c923cef198725c6dbd7e,,youtube-data-api-v3/commentThreads.list,,_D1MYH6D7jc,Where To Put Your Stop Loss (For The BEST Results),JeaFx,,
youtube,JeaFx,_D1MYH6D7jc,https://www.youtube.com/watch?v=_D1MYH6D7jc,UgwSYnXhV2f69UobCcd4AaABAg.A9jlXkUpJg4A9jm77MCEGf,Candle Range Theory 🙏,2024-10-18T15:03:56Z,2026-10-01T13:27:03.691329+00:00,0,0,,effced9decfc575f58e38cb8de335bccdccb641d9645c923cef198725c6dbd7e,UgwSYnXhV2f69UobCcd4AaABAg,youtube-data-api-v3/commentThreads.list,,_D1MYH6D7jc,Where To Put Your Stop Loss (For The BEST Results),JeaFx,,
youtube,JeaFx,_D1MYH6D7jc,https://www.youtube.com/watch?v=_D1MYH6D7jc,UgwSYnXhV2f69UobCcd4AaABAg.A9jlXkUpJg4A9joVOFKxtT,We don’t trade ict here bro learn smc no complications easy and cleaner charts,2024-10-18T15:24:44Z,2026-10-01T13:27:03.691329+00:00,0,0,,46b977958d275fa7578ce4696ae218aef86b436735c3a27a221fbb46c2fc3237,UgwSYnXhV2f69UobCcd4AaABAg,youtube-data-api-v3/commentThreads.list,,_D1MYH6D7jc,Where To Put Your Stop Loss (For The BEST Results),JeaFx,,
youtube,JeaFx,_D1MYH6D7jc,https://www.youtube.com/watch?v=_D1MYH6D7jc,UgwJlx7U7o4q6nUW0l54AaABAg,I salute you,2025-08-20T06:18:46Z,2026-10-01T13:27:03.691329+00:00,0,0,,bb9c79f8cc30fb740610b3c8531f438627cb129183044be1630ec3db2ef95200,,youtube-data-api-v3/commentThreads.list,,_D1MYH6D7jc,Where To Put Your Stop Loss (For The BEST Results),JeaFx,,
youtube,JeaFx,_D1MYH6D7jc,https://www.youtube.com/watch?v=_D1MYH6D7jc,Ugx6xjOvsFNWyXDyKEp4AaABAg,🔥 🔥 🔥,2024-10-19T11:39:28Z,2026-10-01T13:27:03.691329+00:00,0,0,,287c08ee5895782272b7e156771e0385a8b6b4ad851a7d79a1b0e6fa2a391117,,youtube-data-api-v3/commentThreads.list,,_D1MYH6D7jc,Where To Put Your Stop Loss (For The BEST Results),JeaFx,,
youtube,JeaFx,_D1MYH6D7jc,https://www.youtube.com/watch?v=_D1MYH6D7jc,UgxpRqPYPe7tHaXgfCB4AaABAg,Sir pls I need PDF about trade,2025-05-12T21:11:45Z,2026-10-01T13:27:03.691329+00:00,0,0,,19d3dc07a9a7eef10639f20671d9e47838278fba2ad7a860d30e2bf2e08e5fd9,,youtube-data-api-v3/commentThreads.list,,_D1MYH6D7jc,Where To Put Your Stop Loss (For The BEST Results),JeaFx,,
youtube,JeaFx,_D1MYH6D7jc,https://www.youtube.com/watch?v=_D1MYH6D7jc,Ugy9mMCacTk_d5Aq8iR4AaABAg,Confirmation trade,2024-10-20T13:11:23Z,2026-10-01T13:27:03.691329+00:00,0,0,,beb56f9cd33c09b90c6a1cf15861dadeecb8e60031bd62000371ecf6da1180f5,,youtube-data-api-v3/commentThreads.list,,_D1MYH6D7jc,Where To Put Your Stop Loss (For The BEST Results),JeaFx,,
youtube,JeaFx,_D1MYH6D7jc,https://www.youtube.com/watch?v=_D1MYH6D7jc,UgxAS8eJF2q8XqKYgOt4AaABAg,"My mentor my idol and my teacher.

JEA is the greatest goat, i always greatful for being part of your your Youtube followers,i love the way you teaching us. We learnt alots from you and we still learning.

Love from Nigeria ❤❤❤❤❤❤❤❤❤❤❤❤❤❤❤❤❤❤❤❤❤❤❤❤❤❤.",2024-10-18T15:11:00Z,2026-10-01T13:27:03.691329+00:00,11,3,,07378e167dd017c943a3fe12ab972f31dd9116cc1b7a8a9208ee090343b39cd7,,youtube-data-api-v3/commentThreads.list,,_D1MYH6D7jc,Where To Put Your Stop Loss (For The BEST Results),JeaFx,,
youtube,JeaFx,_D1MYH6D7jc,https://www.youtube.com/watch?v=_D1MYH6D7jc,UgxAS8eJF2q8XqKYgOt4AaABAg.A9jmvreY8n_A9jqeRrOW5L,❤,2024-10-18T15:43:35Z,2026-10-01T13:27:03.691329+00:00,0,0,,07378e167dd017c943a3fe12ab972f31dd9116cc1b7a8a9208ee090343b39cd7,UgxAS8eJF2q8XqKYgOt4AaABAg,youtube-data-api-v3/commentThreads.list,,_D1MYH6D7jc,Where To Put Your Stop Loss (For The BEST Results),JeaFx,,
youtube,JeaFx,_D1MYH6D7jc,https://www.youtube.com/watch?v=_D1MYH6D7jc,UgxAS8eJF2q8XqKYgOt4AaABAg.A9jmvreY8n_AG75U9pEgh1,Sa-eed kai nahaushe ne so nake nasan cewa wannan mutumin ba kamar sauran nan bane,2025-03-26T04:51:59Z,2026-10-01T13:27:03.691329+00:00,0,0,,01fae767594d6d84e8603a19126cb4fd15ba624cfcd5fec8a3dd4de03a8237df,UgxAS8eJF2q8XqKYgOt4AaABAg,youtube-data-api-v3/commentThreads.list,,_D1MYH6D7jc,Where To Put Your Stop Loss (For The BEST Results),JeaFx,,
youtube,JeaFx,_D1MYH6D7jc,https://www.youtube.com/watch?v=_D1MYH6D7jc,UgzDi4X-1YZeBmv9DIN4AaABAg,What’s your candle colours?,2024-10-20T18:40:35Z,2026-10-01T13:27:03.691329+00:00,0,0,,4c5d340887791a85d479c8fd4c6dcb008ba0db5856214b574fe9c22048757230,,youtube-data-api-v3/commentThreads.list,,_D1MYH6D7jc,Where To Put Your Stop Loss (For The BEST Results),JeaFx,,
youtube,JeaFx,_D1MYH6D7jc,https://www.youtube.com/watch?v=_D1MYH6D7jc,UgwtVS2MiD_nNku700d4AaABAg,"Part 2 of 2, The GOLD continued going up to close 2721 all time high yesterday. It didnot come down back to the original demand zone, hu. hu. hu. Is it demand zone valid or not? Looking foward to JeaFx lesson. Thanks & Rgds Ahmad Ishak",2024-10-19T09:04:01Z,2026-10-01T13:27:03.691329+00:00,0,0,,e4368dcf02489f7800a56b282ac05efc9d2a7d6f300b19c7038cb9e552d23dde,,youtube-data-api-v3/commentThreads.list,,_D1MYH6D7jc,Where To Put Your Stop Loss (For The BEST Results),JeaFx,,
youtube,JeaFx,_D1MYH6D7jc,https://www.youtube.com/watch?v=_D1MYH6D7jc,UgyAyJjMNxVqZTECoe94AaABAg,"Hi mentor 
Can I analyze with my phone or do I need to get a laptop?",2024-10-22T08:04:46Z,2026-10-01T13:27:03.691329+00:00,0,0,,82c376a15845af6caaf1acdec340f36648e15325fae7987b23ec55e86533e702,,youtube-data-api-v3/commentThreads.list,,_D1MYH6D7jc,Where To Put Your Stop Loss (For The BEST Results),JeaFx,,
youtube,JeaFx,_D1MYH6D7jc,https://www.youtube.com/watch?v=_D1MYH6D7jc,UgwPo4ppkH-3SW3rQ9x4AaABAg,"How to consider liquidity grabs with Stop Losses?
If I set it below a swing low in an uptrend it could still wick below the low to grab liquidity",2024-10-18T16:01:58Z,2026-10-01T13:27:03.691329+00:00,1,1,,df355fe0a7956b29cd94865945d59881faa4d15096d8d3ac9f066309cbb72d0f,,youtube-data-api-v3/commentThreads.list,,_D1MYH6D7jc,Where To Put Your Stop Loss (For The BEST Results),JeaFx,,
youtube,JeaFx,_D1MYH6D7jc,https://www.youtube.com/watch?v=_D1MYH6D7jc,UgwPo4ppkH-3SW3rQ9x4AaABAg.A9jsl9-GRuIA9kOsJeaS2R,"Confirmation entries will help reduce the risk of that… but it has its own cons … you might miss the movement…  so it’s a trade-off … 
What I’m practicing is to take aggressive orders when I can clearly spot liquidity pool above my zone. And if I can’t spot liquidity above it, I use confirmation entry.",2024-10-18T20:51:18Z,2026-10-01T13:27:03.691329+00:00,1,0,,20441dfb932dbf185bba59d6f16d27111163035251e901be1ff131418b43baa1,UgwPo4ppkH-3SW3rQ9x4AaABAg,youtube-data-api-v3/commentThreads.list,,_D1MYH6D7jc,Where To Put Your Stop Loss (For The BEST Results),JeaFx,,
youtube,JeaFx,_D1MYH6D7jc,https://www.youtube.com/watch?v=_D1MYH6D7jc,Ugx7-y_HzxTr-6Bh6PR4AaABAg,What broker are you using ?,2025-06-05T18:36:05Z,2026-10-01T13:27:03.691329+00:00,0,0,,a28b944f855d8c93de35e544b94cde8b5f99b0d1467361913664883fda20741f,,youtube-data-api-v3/commentThreads.list,,_D1MYH6D7jc,Where To Put Your Stop Loss (For The BEST Results),JeaFx,,
youtube,JeaFx,_D1MYH6D7jc,https://www.youtube.com/watch?v=_D1MYH6D7jc,UgyWRMuhhgVnNqwd1it4AaABAg,Pls James how can I join your free Discord  ?,2024-10-23T01:38:20Z,2026-10-01T13:27:03.691329+00:00,1,0,,a438d65acd85bac78f9c30f24897ccf92889d2df1ca65f5345ff1b7c0a92a6c3,,youtube-data-api-v3/commentThreads.list,,_D1MYH6D7jc,Where To Put Your Stop Loss (For The BEST Results),JeaFx,,
youtube,Brad Goh (The Trading Geek),7f2bpEwiJCY,https://www.youtube.com/watch?v=7f2bpEwiJCY,UgwmHJStgeaFCAQC1Xl4AaABAg,Let's just appreciate how he saved himself from saying the 'stupid ass n*****' at 7:20 😂😂,2023-03-02T11:12:52Z,2026-10-01T13:27:06.669282+00:00,323,21,,35ee88fd43c538dd3bbfa4a0463c18f6592808de40b05e558bfd1a6c5464c773,,youtube-data-api-v3/commentThreads.list,,7f2bpEwiJCY,ULTIMATE Risk Management &amp; Position Sizing in Forex Trading Guide,Brad Goh (The Trading Geek),,
youtube,Brad Goh (The Trading Geek),7f2bpEwiJCY,https://www.youtube.com/watch?v=7f2bpEwiJCY,UgwmHJStgeaFCAQC1Xl4AaABAg.9mkhuHzzDku9z6UYjGDiEE,Actually i came to the comment to see if anyone commented about it🤣😂🤣😂🤣,2024-01-03T13:46:43Z,2026-10-01T13:27:06.669282+00:00,45,0,,8326e3cf87a99f5796775370733cdfe840e25860f9aab23d445da2c22e5e4d30,UgwmHJStgeaFCAQC1Xl4AaABAg,youtube-data-api-v3/commentThreads.list,,7f2bpEwiJCY,ULTIMATE Risk Management &amp; Position Sizing in Forex Trading Guide,Brad Goh (The Trading Geek),,
youtube,Brad Goh (The Trading Geek),7f2bpEwiJCY,https://www.youtube.com/watch?v=7f2bpEwiJCY,UgwmHJStgeaFCAQC1Xl4AaABAg.9mkhuHzzDku9zFWobotGkH,😂😂😂 respect to Brad for that,2024-01-07T01:59:40Z,2026-10-01T13:27:06.669282+00:00,9,0,,7c691f46dbb20247a52cd9c8c2059b2bc76e60d8a0719bad11a347b60e28d156,UgwmHJStgeaFCAQC1Xl4AaABAg,youtube-data-api-v3/commentThreads.list,,7f2bpEwiJCY,ULTIMATE Risk Management &amp; Position Sizing in Forex Trading Guide,Brad Goh (The Trading Geek),,
youtube,Brad Goh (The Trading Geek),7f2bpEwiJCY,https://www.youtube.com/watch?v=7f2bpEwiJCY,UgwmHJStgeaFCAQC1Xl4AaABAg.9mkhuHzzDku9zWZCja-AUD,HAHAHAHAH,2024-01-13T16:47:40Z,2026-10-01T13:27:06.669282+00:00,1,0,,60a196718d2c08879c5075333c118697167d411f541a17f6deb99740b5dd983e,UgwmHJStgeaFCAQC1Xl4AaABAg,youtube-data-api-v3/commentThreads.list,,7f2bpEwiJCY,ULTIMATE Risk Management &amp; Position Sizing in Forex Trading Guide,Brad Goh (The Trading Geek),,
youtube,Brad Goh (The Trading Geek),7f2bpEwiJCY,https://www.youtube.com/watch?v=7f2bpEwiJCY,UgwmHJStgeaFCAQC1Xl4AaABAg.9mkhuHzzDku9zf_O1IV4S6,true i was like ay aya ay ay i saw that i heard that XD,2024-01-17T14:10:21Z,2026-10-01T13:27:06.669282+00:00,5,0,,bc682d6f310e816ccb0cde28fb43aeca4172dd664caa2a502d14e43dafc80429,UgwmHJStgeaFCAQC1Xl4AaABAg,youtube-data-api-v3/commentThreads.list,,7f2bpEwiJCY,ULTIMATE Risk Management &amp; Position Sizing in Forex Trading Guide,Brad Goh (The Trading Geek),,
youtube,Brad Goh (The Trading Geek),7f2bpEwiJCY,https://www.youtube.com/watch?v=7f2bpEwiJCY,UgwmHJStgeaFCAQC1Xl4AaABAg.9mkhuHzzDku9zszQQdFh8s,😂😂😂,2024-01-22T19:08:00Z,2026-10-01T13:27:06.669282+00:00,0,0,,cbdacb27bca7cea0c69477c94b7c99df3ee15217645b3579d074202d0c1044a7,UgwmHJStgeaFCAQC1Xl4AaABAg,youtube-data-api-v3/commentThreads.list,,7f2bpEwiJCY,ULTIMATE Risk Management &amp; Position Sizing in Forex Trading Guide,Brad Goh (The Trading Geek),,
youtube,Brad Goh (The Trading Geek),7f2bpEwiJCY,https://www.youtube.com/watch?v=7f2bpEwiJCY,UgzGmxx8fOB9oBhIuiV4AaABAg,Exactly what I have been searching for after watching 12 useless videos of money management....keep up the good work sir. God bless you 🙏,2023-06-10T05:32:11Z,2026-10-01T13:27:06.669282+00:00,45,0,,f0e1356cda006e8ee84fd43d8d426decc4e401cd47d2d9187f4cdcd5cfffcc93,,youtube-data-api-v3/commentThreads.list,,7f2bpEwiJCY,ULTIMATE Risk Management &amp; Position Sizing in Forex Trading Guide,Brad Goh (The Trading Geek),,
youtube,Brad Goh (The Trading Geek),7f2bpEwiJCY,https://www.youtube.com/watch?v=7f2bpEwiJCY,Ugz4CvSw102EIxlonIV4AaABAg,Good save brother @7:21 ❤😂,2025-11-27T19:25:30Z,2026-10-01T13:27:06.669282+00:00,15,0,,b32a77cce155e5aace21bac5d4fd05933214631af67f40afb8a7db3e04d2b5bd,,youtube-data-api-v3/commentThreads.list,,7f2bpEwiJCY,ULTIMATE Risk Management &amp; Position Sizing in Forex Trading Guide,Brad Goh (The Trading Geek),,
youtube,Brad Goh (The Trading Geek),7f2bpEwiJCY,https://www.youtube.com/watch?v=7f2bpEwiJCY,Ugym5sg_DzDHfBZuD7h4AaABAg,almost got caught slippin at 7:22,2023-10-04T23:34:32Z,2026-10-01T13:27:06.669282+00:00,56,2,,bde6b4e0e99fb61116d269c8c30ee434402e9623f27df1531e2158e7b031c53c,,youtube-data-api-v3/commentThreads.list,,7f2bpEwiJCY,ULTIMATE Risk Management &amp; Position Sizing in Forex Trading Guide,Brad Goh (The Trading Geek),,
youtube,Brad Goh (The Trading Geek),7f2bpEwiJCY,https://www.youtube.com/watch?v=7f2bpEwiJCY,Ugym5sg_DzDHfBZuD7h4AaABAg.9vTDUNip_50AU7bXYmgYtT,stopped the video to come look for this🤣,2026-03-09T09:00:19Z,2026-10-01T13:27:06.669282+00:00,1,0,,08e3c5612e93dc160fe55e7c5160f03a2454e10e26f96d59bea3826f4a093c3c,Ugym5sg_DzDHfBZuD7h4AaABAg,youtube-data-api-v3/commentThreads.list,,7f2bpEwiJCY,ULTIMATE Risk Management &amp; Position Sizing in Forex Trading Guide,Brad Goh (The Trading Geek),,
youtube,Brad Goh (The Trading Geek),7f2bpEwiJCY,https://www.youtube.com/watch?v=7f2bpEwiJCY,Ugym5sg_DzDHfBZuD7h4AaABAg.9vTDUNip_50AUD0hpd7Z8J,LMFAO poor andrew,2026-03-11T11:25:15Z,2026-10-01T13:27:06.669282+00:00,0,0,,390aa50733fdb76a8d7ce89cef57c160ec340b8c5d993349d5ca78b0a62f90f3,Ugym5sg_DzDHfBZuD7h4AaABAg,youtube-data-api-v3/commentThreads.list,,7f2bpEwiJCY,ULTIMATE Risk Management &amp; Position Sizing in Forex Trading Guide,Brad Goh (The Trading Geek),,
youtube,Brad Goh (The Trading Geek),7f2bpEwiJCY,https://www.youtube.com/watch?v=7f2bpEwiJCY,UgwkPYeAJBxx6-2dEXF4AaABAg,Asians are always clear in teaching. I’m proud to be an asian.,2023-05-10T07:22:58Z,2026-10-01T13:27:06.669282+00:00,27,1,,19895f4b1d3e63929d82a53358ef78b2734d41784ab55e36593065675b542cd7,,youtube-data-api-v3/commentThreads.list,,7f2bpEwiJCY,ULTIMATE Risk Management &amp; Position Sizing in Forex Trading Guide,Brad Goh (The Trading Geek),,
youtube,Brad Goh (The Trading Geek),7f2bpEwiJCY,https://www.youtube.com/watch?v=7f2bpEwiJCY,UgwkPYeAJBxx6-2dEXF4AaABAg.9pWyRiDNqrsAAaczR0yPkm,love you guys culture and personality,2024-11-08T22:22:20Z,2026-10-01T13:27:06.669282+00:00,3,0,,bcc5f511a2ea8845e85b2c2b2f734670361bc7bb955d42bddc18a5041656457b,UgwkPYeAJBxx6-2dEXF4AaABAg,youtube-data-api-v3/commentThreads.list,,7f2bpEwiJCY,ULTIMATE Risk Management &amp; Position Sizing in Forex Trading Guide,Brad Goh (The Trading Geek),,
youtube,Brad Goh (The Trading Geek),7f2bpEwiJCY,https://www.youtube.com/watch?v=7f2bpEwiJCY,UgzcFBfp3XMm0YMF9ER4AaABAg,This guy call my name Andrew and its true  i risk more than 30%,2023-08-22T05:16:56Z,2026-10-01T13:27:06.669282+00:00,12,0,,e42525dfbb3ae82e201a3b187f5f2ad5cda773e37cb129a153a91e3d35569cae,,youtube-data-api-v3/commentThreads.list,,7f2bpEwiJCY,ULTIMATE Risk Management &amp; Position Sizing in Forex Trading Guide,Brad Goh (The Trading Geek),,
youtube,Brad Goh (The Trading Geek),7f2bpEwiJCY,https://www.youtube.com/watch?v=7f2bpEwiJCY,UgwVLTA7sN3-aKgVEpN4AaABAg,This has to be one of THEEEE MOST IMPORTANT VIDEOS OF TRADING.....,2023-09-17T16:19:00Z,2026-10-01T13:27:06.669282+00:00,4,0,,3d803cc0ed11c176fb079e418bd4391ab50ad6245991944ad586fa1a3da0c57a,,youtube-data-api-v3/commentThreads.list,,7f2bpEwiJCY,ULTIMATE Risk Management &amp; Position Sizing in Forex Trading Guide,Brad Goh (The Trading Geek),,
youtube,Brad Goh (The Trading Geek),7f2bpEwiJCY,https://www.youtube.com/watch?v=7f2bpEwiJCY,Ugz4jS7l_OoaV-GNWiV4AaABAg,">>>Investing in the stock market is the best option to make a passive income. Virtually all the markets are crazy, most people pay more attention to the shiniest position on the graph, I'm keeping a diversified portfolio.",2023-02-01T09:30:51Z,2026-10-01T13:27:06.669282+00:00,185,2,,6607f97dd761d978907753759476d4542db19ce937a0dcc40740a2481f2a7b13,,youtube-data-api-v3/commentThreads.list,,7f2bpEwiJCY,ULTIMATE Risk Management &amp; Position Sizing in Forex Trading Guide,Brad Goh (The Trading Geek),,
youtube,Brad Goh (The Trading Geek),7f2bpEwiJCY,https://www.youtube.com/watch?v=7f2bpEwiJCY,Ugz4jS7l_OoaV-GNWiV4AaABAg.9l_rAi_pRY89l_rRPx8an-,"Investing in stock is a good idea, a good trading system would put you through many days of success.",2023-02-01T09:33:08Z,2026-10-01T13:27:06.669282+00:00,0,0,,353d27e43ea7b9be0a2f7bc06955d9149ba8c2a5a815ce2c133370e6254d2832,Ugz4jS7l_OoaV-GNWiV4AaABAg,youtube-data-api-v3/commentThreads.list,,7f2bpEwiJCY,ULTIMATE Risk Management &amp; Position Sizing in Forex Trading Guide,Brad Goh (The Trading Geek),,
youtube,Brad Goh (The Trading Geek),7f2bpEwiJCY,https://www.youtube.com/watch?v=7f2bpEwiJCY,Ugz4jS7l_OoaV-GNWiV4AaABAg.9l_rAi_pRY89wTRhdO4dLj,So why you come here to see this video😂,2023-10-29T22:10:13Z,2026-10-01T13:27:06.669282+00:00,4,0,,a8e545701eed6f6b8fb09825be99ba23ea972098904a74611781924f6843192c,Ugz4jS7l_OoaV-GNWiV4AaABAg,youtube-data-api-v3/commentThreads.list,,7f2bpEwiJCY,ULTIMATE Risk Management &amp; Position Sizing in Forex Trading Guide,Brad Goh (The Trading Geek),,
youtube,Brad Goh (The Trading Geek),7f2bpEwiJCY,https://www.youtube.com/watch?v=7f2bpEwiJCY,UgweVZHJr5zU3D_ktUV4AaABAg,The only video on YouTube that explains this the best and easiest way to,2025-10-18T11:35:30Z,2026-10-01T13:27:06.669282+00:00,4,0,,67b20d177eb3a8f7bf66af4a5924d925dedb8b79adba06ec0db67d86d7b53b32,,youtube-data-api-v3/commentThreads.list,,7f2bpEwiJCY,ULTIMATE Risk Management &amp; Position Sizing in Forex Trading Guide,Brad Goh (The Trading Geek),,
youtube,Brad Goh (The Trading Geek),7f2bpEwiJCY,https://www.youtube.com/watch?v=7f2bpEwiJCY,UgwAOnkjkruBs5P6Q0V4AaABAg,I really appreciate taking time to make sensible trading videos like this. Please don't stop teaching us important ideas in trading. Good job tribe leader! 👍🏼👍🏼,2023-01-29T01:34:06Z,2026-10-01T13:27:06.669282+00:00,31,0,,7f10a48f168cef7433ecd59ed9f8f8a2eb9e8ba680c3833c384059e7cb2f0754,,youtube-data-api-v3/commentThreads.list,,7f2bpEwiJCY,ULTIMATE Risk Management &amp; Position Sizing in Forex Trading Guide,Brad Goh (The Trading Geek),,
youtube,Brad Goh (The Trading Geek),7f2bpEwiJCY,https://www.youtube.com/watch?v=7f2bpEwiJCY,UgxLxwx9INe-qgM7NUN4AaABAg,"Amazing video, just one little mistake and could confuse people if they aren’t good with percentages. At 12:28 you said 1% of $10,000 is $1000, it’s actually $100 . Thank you for this amazing video nonetheless!",2023-04-02T18:53:22Z,2026-10-01T13:27:06.669282+00:00,85,6,,c6c5061a973a623494535579a9f46e9d440791960f895a509aa03aa6eaa63229,,youtube-data-api-v3/commentThreads.list,,7f2bpEwiJCY,ULTIMATE Risk Management &amp; Position Sizing in Forex Trading Guide,Brad Goh (The Trading Geek),,
youtube,Brad Goh (The Trading Geek),7f2bpEwiJCY,https://www.youtube.com/watch?v=7f2bpEwiJCY,UgxLxwx9INe-qgM7NUN4AaABAg.9o0MFBZ3cO89t109Cdif9G,"1,000/10,000=1%",2023-08-05T07:36:31Z,2026-10-01T13:27:06.669282+00:00,0,0,,0e0278f33a1a6e574ac12e4010dbeeea46ce075198f285df62b776f2696b924a,UgxLxwx9INe-qgM7NUN4AaABAg,youtube-data-api-v3/commentThreads.list,,7f2bpEwiJCY,ULTIMATE Risk Management &amp; Position Sizing in Forex Trading Guide,Brad Goh (The Trading Geek),,
youtube,Brad Goh (The Trading Geek),7f2bpEwiJCY,https://www.youtube.com/watch?v=7f2bpEwiJCY,UgxLxwx9INe-qgM7NUN4AaABAg.9o0MFBZ3cO89tRvMG-YpJs,.01,2023-08-15T18:25:23Z,2026-10-01T13:27:06.669282+00:00,0,0,,413c21b137d169d7fba23634957348dac3d894960d16f56fe4781440e464dd52,UgxLxwx9INe-qgM7NUN4AaABAg,youtube-data-api-v3/commentThreads.list,,7f2bpEwiJCY,ULTIMATE Risk Management &amp; Position Sizing in Forex Trading Guide,Brad Goh (The Trading Geek),,
youtube,Brad Goh (The Trading Geek),7f2bpEwiJCY,https://www.youtube.com/watch?v=7f2bpEwiJCY,UgxLxwx9INe-qgM7NUN4AaABAg.9o0MFBZ3cO89u-5yiTdR0l,It is $100,2023-08-29T10:20:18Z,2026-10-01T13:27:06.669282+00:00,3,0,,74a5477fddd31d715efe8cd067e032380b5dea5dff25b9dcec1f1ab48d79cbbc,UgxLxwx9INe-qgM7NUN4AaABAg,youtube-data-api-v3/commentThreads.list,,7f2bpEwiJCY,ULTIMATE Risk Management &amp; Position Sizing in Forex Trading Guide,Brad Goh (The Trading Geek),,
youtube,Brad Goh (The Trading Geek),7f2bpEwiJCY,https://www.youtube.com/watch?v=7f2bpEwiJCY,UgxLxwx9INe-qgM7NUN4AaABAg.9o0MFBZ3cO89u-62SarX8v,"1,000 is 10% of 10,000",2023-08-29T10:20:57Z,2026-10-01T13:27:06.669282+00:00,3,0,,74a5477fddd31d715efe8cd067e032380b5dea5dff25b9dcec1f1ab48d79cbbc,UgxLxwx9INe-qgM7NUN4AaABAg,youtube-data-api-v3/commentThreads.list,,7f2bpEwiJCY,ULTIMATE Risk Management &amp; Position Sizing in Forex Trading Guide,Brad Goh (The Trading Geek),,
youtube,Brad Goh (The Trading Geek),7f2bpEwiJCY,https://www.youtube.com/watch?v=7f2bpEwiJCY,UgxLxwx9INe-qgM7NUN4AaABAg.9o0MFBZ3cO89uhwT4T0IRw,@sakariamohamud4780  thats 10% jeez,2023-09-16T05:33:32Z,2026-10-01T13:27:06.669282+00:00,0,0,,737b9f27fd4a2f870f9ac67933cd82e153cafe5acacd60535ef91f3d3460cacc,UgxLxwx9INe-qgM7NUN4AaABAg,youtube-data-api-v3/commentThreads.list,,7f2bpEwiJCY,ULTIMATE Risk Management &amp; Position Sizing in Forex Trading Guide,Brad Goh (The Trading Geek),,
youtube,Brad Goh (The Trading Geek),7f2bpEwiJCY,https://www.youtube.com/watch?v=7f2bpEwiJCY,UgzovsfFgCLwh0-FUOF4AaABAg,I really appreciate how you call us back to action if were disengaged. Kept me locked in🤝,2023-10-17T20:31:20Z,2026-10-01T13:27:06.669282+00:00,9,0,,7e8885106c669ffb555788df7dc99e88c65af44c00fe3cb2baf56b18e21811e5,,youtube-data-api-v3/commentThreads.list,,7f2bpEwiJCY,ULTIMATE Risk Management &amp; Position Sizing in Forex Trading Guide,Brad Goh (The Trading Geek),,
youtube,Brad Goh (The Trading Geek),7f2bpEwiJCY,https://www.youtube.com/watch?v=7f2bpEwiJCY,Ugz47hvQLRbIwDevxd14AaABAg,7:22 👀,2023-11-02T03:07:31Z,2026-10-01T13:27:06.669282+00:00,16,0,,7470fcc1a4de418934232043995caf3f8492ce97fea0f6fc9fab370d63ec8ca5,,youtube-data-api-v3/commentThreads.list,,7f2bpEwiJCY,ULTIMATE Risk Management &amp; Position Sizing in Forex Trading Guide,Brad Goh (The Trading Geek),,
youtube,Brad Goh (The Trading Geek),7f2bpEwiJCY,https://www.youtube.com/watch?v=7f2bpEwiJCY,Ugwvmj5zM4VndmDohF14AaABAg,This is the best channel to build your foundation. We all have to start some where. I am gaining so much knowledge !,2023-02-19T15:58:59Z,2026-10-01T13:27:06.669282+00:00,7,0,,70f65b77cfdcc04c35e08c81c0d4661a3c5547d8e0bac0933351139f079dc211,,youtube-data-api-v3/commentThreads.list,,7f2bpEwiJCY,ULTIMATE Risk Management &amp; Position Sizing in Forex Trading Guide,Brad Goh (The Trading Geek),,
youtube,Brad Goh (The Trading Geek),7f2bpEwiJCY,https://www.youtube.com/watch?v=7f2bpEwiJCY,UgyRybhS66iXmCxzb5R4AaABAg,He made that so easy to understand risk management compared to other traders thankyou 🤝,2023-12-10T23:16:57Z,2026-10-01T13:27:06.669282+00:00,6,0,,35478e20644a802433458ebf8a112401229318f109e5ce5d0467e74dfac0c827,,youtube-data-api-v3/commentThreads.list,,7f2bpEwiJCY,ULTIMATE Risk Management &amp; Position Sizing in Forex Trading Guide,Brad Goh (The Trading Geek),,
youtube,Brad Goh (The Trading Geek),7f2bpEwiJCY,https://www.youtube.com/watch?v=7f2bpEwiJCY,UgwAICMDMJkQVs5AspV4AaABAg,i loved that moment when you said this stupid ni... man 7:21,2023-03-01T19:37:52Z,2026-10-01T13:27:06.669282+00:00,15,1,,76ebfca53b79acab44722326c159aa4c25bfe188694cfaf4e2793c36f2144249,,youtube-data-api-v3/commentThreads.list,,7f2bpEwiJCY,ULTIMATE Risk Management &amp; Position Sizing in Forex Trading Guide,Brad Goh (The Trading Geek),,
youtube,Brad Goh (The Trading Geek),7f2bpEwiJCY,https://www.youtube.com/watch?v=7f2bpEwiJCY,UgwAICMDMJkQVs5AspV4AaABAg.9mj1u2lOSNMALwMtL68Grs,😂😂😂😂,2025-08-17T18:41:35Z,2026-10-01T13:27:06.669282+00:00,0,0,,1b1a0e474f3c10d81b5bee5aed7e353f91455aeed1bab32aebe69e3f0dfeddfe,UgwAICMDMJkQVs5AspV4AaABAg,youtube-data-api-v3/commentThreads.list,,7f2bpEwiJCY,ULTIMATE Risk Management &amp; Position Sizing in Forex Trading Guide,Brad Goh (The Trading Geek),,
youtube,Brad Goh (The Trading Geek),7f2bpEwiJCY,https://www.youtube.com/watch?v=7f2bpEwiJCY,UgyGjfQ3RJqE1m-4b3B4AaABAg,"Simple and yet so important, good job man, thank you!",2023-01-29T00:28:10Z,2026-10-01T13:27:06.669282+00:00,14,0,,50ba88ad9cc5baa2958e29638c2b8833a5beb8cc6b4ed0cbfd48f5cf0940b40e,,youtube-data-api-v3/commentThreads.list,,7f2bpEwiJCY,ULTIMATE Risk Management &amp; Position Sizing in Forex Trading Guide,Brad Goh (The Trading Geek),,
youtube,Brad Goh (The Trading Geek),7f2bpEwiJCY,https://www.youtube.com/watch?v=7f2bpEwiJCY,UgwOJhONo3JGa3rFEeJ4AaABAg,"$100 -25% = $75
$75 -25% = $56,25
$56,25 -25% = $42,19
$42,19 -25% = $31,64

It's not -100% but I get the idea :) 
Amazing video and W Youtuber just had to be that guy that pointed the error out, stfu I felt special XD",2023-02-23T18:39:24Z,2026-10-01T13:27:06.669282+00:00,0,0,,926f727094259f59b9f2e1061d7c12c2f1614136c05c187228bf392f7107e3f2,,youtube-data-api-v3/commentThreads.list,,7f2bpEwiJCY,ULTIMATE Risk Management &amp; Position Sizing in Forex Trading Guide,Brad Goh (The Trading Geek),,
youtube,Brad Goh (The Trading Geek),7f2bpEwiJCY,https://www.youtube.com/watch?v=7f2bpEwiJCY,UgxblUtFVc9ibfxsY_x4AaABAg,Risk management is necessary and it is the backbone of profitability in the long run.,2025-12-26T12:56:48Z,2026-10-01T13:27:06.669282+00:00,0,0,,f92ec4bf2cc41b13c5f289bf221b82c5abdf9b619fc822af32acaf49098501ad,,youtube-data-api-v3/commentThreads.list,,7f2bpEwiJCY,ULTIMATE Risk Management &amp; Position Sizing in Forex Trading Guide,Brad Goh (The Trading Geek),,
youtube,Brad Goh (The Trading Geek),7f2bpEwiJCY,https://www.youtube.com/watch?v=7f2bpEwiJCY,UgzXgCkAu0107VyJoeV4AaABAg,This is exactly the kind of explanation ave been looking for since 2021. Bless you brother,2023-03-11T09:15:01Z,2026-10-01T13:27:06.669282+00:00,5,0,,5eda9ffa27faf2e14ab4e617e3857b5260a0e18f431e239430002fb45c098b9d,,youtube-data-api-v3/commentThreads.list,,7f2bpEwiJCY,ULTIMATE Risk Management &amp; Position Sizing in Forex Trading Guide,Brad Goh (The Trading Geek),,
youtube,Brad Goh (The Trading Geek),7f2bpEwiJCY,https://www.youtube.com/watch?v=7f2bpEwiJCY,UgzKm-5GEaWsKl8oxyN4AaABAg,The best video about the risk management in the whole internet ✨,2023-10-17T22:08:22Z,2026-10-01T13:27:06.669282+00:00,0,0,,d819e6dc4d13579c3a63e3f75e53eedd868f718f4064e9fe6cf791a3bba2b937,,youtube-data-api-v3/commentThreads.list,,7f2bpEwiJCY,ULTIMATE Risk Management &amp; Position Sizing in Forex Trading Guide,Brad Goh (The Trading Geek),,
youtube,Brad Goh (The Trading Geek),7f2bpEwiJCY,https://www.youtube.com/watch?v=7f2bpEwiJCY,Ugyr3iiTRqGopivw8Jt4AaABAg,"Risk management is the hardest part.
I had to build a spreadsheet with daily and weekly risk limits just to stop myself from overtrading. Structure helped me way more than any indicator.",2026-01-04T02:33:01Z,2026-10-01T13:27:06.669282+00:00,0,0,,eb4b14897a0549b67db086cc689bdc5b8614dcac9480776e40e08bd4c0bee4fc,,youtube-data-api-v3/commentThreads.list,,7f2bpEwiJCY,ULTIMATE Risk Management &amp; Position Sizing in Forex Trading Guide,Brad Goh (The Trading Geek),,
youtube,Brad Goh (The Trading Geek),7f2bpEwiJCY,https://www.youtube.com/watch?v=7f2bpEwiJCY,UgzEY2NxVLeTWvhjiwB4AaABAg,Man you changed my life through your words,2025-10-29T11:28:52Z,2026-10-01T13:27:06.669282+00:00,0,0,,cdfe916959667aa7024bce368f831684229675cfdbbddb905119d1fba3a7fac3,,youtube-data-api-v3/commentThreads.list,,7f2bpEwiJCY,ULTIMATE Risk Management &amp; Position Sizing in Forex Trading Guide,Brad Goh (The Trading Geek),,
youtube,Brad Goh (The Trading Geek),7f2bpEwiJCY,https://www.youtube.com/watch?v=7f2bpEwiJCY,UgwDwt1fGiJT23IOohx4AaABAg,"i have just come,thank you for making my assignment simple,kenya is watching",2026-01-27T08:05:58Z,2026-10-01T13:27:06.669282+00:00,0,0,,62f6f2d07c28f76d31b2ae31f443a024de1039d1fc489df0aa7b44352c0489e3,,youtube-data-api-v3/commentThreads.list,,7f2bpEwiJCY,ULTIMATE Risk Management &amp; Position Sizing in Forex Trading Guide,Brad Goh (The Trading Geek),,
youtube,Brad Goh (The Trading Geek),7f2bpEwiJCY,https://www.youtube.com/watch?v=7f2bpEwiJCY,UgyCOJJfy89rujjKF6J4AaABAg,the best place a trader can ever be,2023-01-28T18:03:48Z,2026-10-01T13:27:06.669282+00:00,0,0,,df18749f692290bf249e87ec978652bdb8dbd2f1f6ba601a520abe52edbd5a4b,,youtube-data-api-v3/commentThreads.list,,7f2bpEwiJCY,ULTIMATE Risk Management &amp; Position Sizing in Forex Trading Guide,Brad Goh (The Trading Geek),,
youtube,Brad Goh (The Trading Geek),7f2bpEwiJCY,https://www.youtube.com/watch?v=7f2bpEwiJCY,Ugyr9QkC0dN3EfUoBv94AaABAg,God bless you bro. I'm learning so much from you. I literally watch each of your videos 3 to 4 times. I can't wait for the time I'll finally have enough money to purchase the trading blueprint,2023-06-05T16:06:41Z,2026-10-01T13:27:06.669282+00:00,6,0,,9571191556cb976ba4c019b47f9402aa80ce645ef464d2c8d06a1c5ebdcf8c73,,youtube-data-api-v3/commentThreads.list,,7f2bpEwiJCY,ULTIMATE Risk Management &amp; Position Sizing in Forex Trading Guide,Brad Goh (The Trading Geek),,
youtube,Brad Goh (The Trading Geek),7f2bpEwiJCY,https://www.youtube.com/watch?v=7f2bpEwiJCY,UgzCT4f3ydQpBwaGOoB4AaABAg,"wow thanks for opening my eyes brad, i was executing trades blindly.. now ill have a plan",2025-10-11T15:37:10Z,2026-10-01T13:27:06.669282+00:00,0,0,,8b8197c022022fbcfcfc1f9551c69d641981174bb15aeba736e33191e55b4c8c,,youtube-data-api-v3/commentThreads.list,,7f2bpEwiJCY,ULTIMATE Risk Management &amp; Position Sizing in Forex Trading Guide,Brad Goh (The Trading Geek),,
youtube,Brad Goh (The Trading Geek),7f2bpEwiJCY,https://www.youtube.com/watch?v=7f2bpEwiJCY,UgxQb8clS1zC3gAcNYN4AaABAg,"You are amazing at coaching, if I watch your videos , I always receive the courage to continue because you tells me the solutions of the exact problems I'm facing.
Thank you very much, God bless you 🙏",2024-10-11T17:20:27Z,2026-10-01T13:27:06.669282+00:00,3,0,,1cb77789670cb81bb7b56835537c2e932bc0fc834fddea7da7bbab75c777eaa3,,youtube-data-api-v3/commentThreads.list,,7f2bpEwiJCY,ULTIMATE Risk Management &amp; Position Sizing in Forex Trading Guide,Brad Goh (The Trading Geek),,
youtube,Brad Goh (The Trading Geek),7f2bpEwiJCY,https://www.youtube.com/watch?v=7f2bpEwiJCY,UgxgzL73c11A7l3hWnl4AaABAg,OMG I LOVE YOU THANK YOU ive been so confused and no other youtube videos were showing me EXACTLY what you showed . thank you thank you thank you,2026-01-10T03:29:36Z,2026-10-01T13:27:06.669282+00:00,0,0,,90d33809f2a47e2137922776f6d444a5e3431c56e2f9d60af606038e14df7fcb,,youtube-data-api-v3/commentThreads.list,,7f2bpEwiJCY,ULTIMATE Risk Management &amp; Position Sizing in Forex Trading Guide,Brad Goh (The Trading Geek),,
youtube,Brad Goh (The Trading Geek),7f2bpEwiJCY,https://www.youtube.com/watch?v=7f2bpEwiJCY,Ugx4G8mGwCvKtqnESmZ4AaABAg,What a clear and step by step video on this.  Very good mentor.❤,2023-07-13T00:16:56Z,2026-10-01T13:27:06.669282+00:00,5,0,,6f9221ec3e8d713e8253ad7faf602599372c4ec4ecaee928fea8f6bd5903ea00,,youtube-data-api-v3/commentThreads.list,,7f2bpEwiJCY,ULTIMATE Risk Management &amp; Position Sizing in Forex Trading Guide,Brad Goh (The Trading Geek),,
youtube,Brad Goh (The Trading Geek),7f2bpEwiJCY,https://www.youtube.com/watch?v=7f2bpEwiJCY,UgxulocJ1RLpBM-hO0R4AaABAg,i learnt soo much in this video ty,2023-02-06T18:20:54Z,2026-10-01T13:27:06.669282+00:00,0,0,,c1377d3229423875c7ed4967d8f11fe102a58c12c43e047d23d64b722a95e38a,,youtube-data-api-v3/commentThreads.list,,7f2bpEwiJCY,ULTIMATE Risk Management &amp; Position Sizing in Forex Trading Guide,Brad Goh (The Trading Geek),,
youtube,Brad Goh (The Trading Geek),7f2bpEwiJCY,https://www.youtube.com/watch?v=7f2bpEwiJCY,UgzU1AFHgIFEpWeG-VF4AaABAg,Haven’t seen your post for a while but always great to watch back your tutorial mate. 🎉,2023-08-06T04:17:07Z,2026-10-01T13:27:06.669282+00:00,0,0,,0829316aab2644fc92a4e9f186fd4672c59efb32a393d431ab7c823c08f726e6,,youtube-data-api-v3/commentThreads.list,,7f2bpEwiJCY,ULTIMATE Risk Management &amp; Position Sizing in Forex Trading Guide,Brad Goh (The Trading Geek),,
youtube,Brad Goh (The Trading Geek),7f2bpEwiJCY,https://www.youtube.com/watch?v=7f2bpEwiJCY,Ugx_DA6Ezptqb_R5qwl4AaABAg,"thanks for advice, now i know to manage my demo account prevent blow up",2023-01-31T01:32:38Z,2026-10-01T13:27:06.669282+00:00,0,0,,e124ab87049db8a5d0796761464a6f36557927f8017e3d6c2ec76d58ff3d3662,,youtube-data-api-v3/commentThreads.list,,7f2bpEwiJCY,ULTIMATE Risk Management &amp; Position Sizing in Forex Trading Guide,Brad Goh (The Trading Geek),,
youtube,Brad Goh (The Trading Geek),7f2bpEwiJCY,https://www.youtube.com/watch?v=7f2bpEwiJCY,Ugy6tVcQ4vdXtDy5oBl4AaABAg,"Great information, it helped me a lot! One thing though, 1% of $10000 is $100 not $1000 haha @12:32",2023-05-27T06:38:19Z,2026-10-01T13:27:06.669282+00:00,0,0,,a3a0da028cf83fc1b2bb701c896da65185160ee9252bb6d866ff6587571672c8,,youtube-data-api-v3/commentThreads.list,,7f2bpEwiJCY,ULTIMATE Risk Management &amp; Position Sizing in Forex Trading Guide,Brad Goh (The Trading Geek),,
youtube,Brad Goh (The Trading Geek),7f2bpEwiJCY,https://www.youtube.com/watch?v=7f2bpEwiJCY,UgwgfknKihHm14GMyvl4AaABAg,I love the way you are so frank and  honest because i have been following you for a while and it is about time you have shown us your losses which it has really motivate me. More so giving back to the family is the most precious thing that you have made. Thank you so much for coming out,2024-02-21T10:36:58Z,2026-10-01T13:27:06.669282+00:00,1,0,,9a89c5f62d87af61e9520bd226c54cb8c2f07e966e01849ebcd5e0b74c32a352,,youtube-data-api-v3/commentThreads.list,,7f2bpEwiJCY,ULTIMATE Risk Management &amp; Position Sizing in Forex Trading Guide,Brad Goh (The Trading Geek),,
youtube,Brad Goh (The Trading Geek),7f2bpEwiJCY,https://www.youtube.com/watch?v=7f2bpEwiJCY,Ugz6J_qsbVn9MBEHmkp4AaABAg,"THANKS, I LEARNED ALOT, THIS RISK MANAGEMENT THING HAS BEEN DIFFICULT FOR ME BUT ITS CLEAR NOW.",2023-03-14T20:36:44Z,2026-10-01T13:27:06.670283+00:00,0,0,,32fe1d0832aa321fe02d4aa8654ba999f858c17bb02b6beba6d15186a6148aaa,,youtube-data-api-v3/commentThreads.list,,7f2bpEwiJCY,ULTIMATE Risk Management &amp; Position Sizing in Forex Trading Guide,Brad Goh (The Trading Geek),,
youtube,Brad Goh (The Trading Geek),7f2bpEwiJCY,https://www.youtube.com/watch?v=7f2bpEwiJCY,UgzgQni8OmuZbWDY-ax4AaABAg,this was so good. explained what risk reward ratio is perfectly and factors needed,2025-06-04T10:17:02Z,2026-10-01T13:27:06.670283+00:00,0,0,,7076a4488353c08cff1c35d6c8c8adf274915d5397e139f2d27356b7d1c3b8b2,,youtube-data-api-v3/commentThreads.list,,7f2bpEwiJCY,ULTIMATE Risk Management &amp; Position Sizing in Forex Trading Guide,Brad Goh (The Trading Geek),,
youtube,Brad Goh (The Trading Geek),7f2bpEwiJCY,https://www.youtube.com/watch?v=7f2bpEwiJCY,UgzFbHOlvy-IA7jbrMp4AaABAg,this geek is right 100  percent,2025-09-17T06:36:18Z,2026-10-01T13:27:06.670283+00:00,0,0,,00879016c88e10f34587d4c70630fe8d39fd68061c43d86eb28fb5e39bcd9081,,youtube-data-api-v3/commentThreads.list,,7f2bpEwiJCY,ULTIMATE Risk Management &amp; Position Sizing in Forex Trading Guide,Brad Goh (The Trading Geek),,
youtube,Brad Goh (The Trading Geek),7f2bpEwiJCY,https://www.youtube.com/watch?v=7f2bpEwiJCY,UgzRpThmzfnlXUotoG94AaABAg,Of al of the Yt traders u are the best teacher i learned a lot from this video thank you bro!,2023-07-25T23:46:54Z,2026-10-01T13:27:06.670283+00:00,0,0,,187a7aff79c69974ceb5c55ddb8c9c884093005e858469bcb139e3e6b0363c55,,youtube-data-api-v3/commentThreads.list,,7f2bpEwiJCY,ULTIMATE Risk Management &amp; Position Sizing in Forex Trading Guide,Brad Goh (The Trading Geek),,
youtube,Brad Goh (The Trading Geek),7f2bpEwiJCY,https://www.youtube.com/watch?v=7f2bpEwiJCY,UgxqLt7yDGhrraCorjx4AaABAg,"thanks man , i got to understand more than i was expecting",2023-09-06T05:01:01Z,2026-10-01T13:27:06.670283+00:00,0,0,,860ec5252a30ce4ed83a945162bf1ad1b1f98491cc3ae53957863b7f82b6fcff,,youtube-data-api-v3/commentThreads.list,,7f2bpEwiJCY,ULTIMATE Risk Management &amp; Position Sizing in Forex Trading Guide,Brad Goh (The Trading Geek),,
youtube,Brad Goh (The Trading Geek),7f2bpEwiJCY,https://www.youtube.com/watch?v=7f2bpEwiJCY,Ugw5-zAf57uthF3P-sR4AaABAg,"Best explanation I see so far on Risk mgt, well explained..... Thanks alot Una do well",2023-11-10T16:07:31Z,2026-10-01T13:27:06.670283+00:00,0,0,,9f79135a139688aaf7e1be194724ee5681fd8afe70d7647fcf35ebd59f34adef,,youtube-data-api-v3/commentThreads.list,,7f2bpEwiJCY,ULTIMATE Risk Management &amp; Position Sizing in Forex Trading Guide,Brad Goh (The Trading Geek),,
youtube,Brad Goh (The Trading Geek),7f2bpEwiJCY,https://www.youtube.com/watch?v=7f2bpEwiJCY,Ugz-salbc8aVoInqyIl4AaABAg,Thanks for making this video tradinggeek.. i suggested for this risk management video when u made a post about what videos u shud be making on few weeks ago.. Ur videos have changed my way of improving my trading into more safer and profitable slowly.. All big thanks to you. U deserve more likes and subcribers tradinggeek! 🙏,2023-01-29T16:23:47Z,2026-10-01T13:27:06.670283+00:00,0,0,,65f5f3c9609294fc86304cf81c7c1ae87162c658d4cb3615c123de132c376cdf,,youtube-data-api-v3/commentThreads.list,,7f2bpEwiJCY,ULTIMATE Risk Management &amp; Position Sizing in Forex Trading Guide,Brad Goh (The Trading Geek),,
youtube,Brad Goh (The Trading Geek),7f2bpEwiJCY,https://www.youtube.com/watch?v=7f2bpEwiJCY,Ugz5xhpEhmEQs5bjrZN4AaABAg,"You are the best, I have learned a lot from you. And you are simple and honest",2024-01-20T02:32:26Z,2026-10-01T13:27:06.670283+00:00,0,0,,0f9eb65a267652705d980208abaeaa2bc7c58bf1248e00de424356e8aefbb6b0,,youtube-data-api-v3/commentThreads.list,,7f2bpEwiJCY,ULTIMATE Risk Management &amp; Position Sizing in Forex Trading Guide,Brad Goh (The Trading Geek),,
youtube,Brad Goh (The Trading Geek),7f2bpEwiJCY,https://www.youtube.com/watch?v=7f2bpEwiJCY,UgxrMFJdTPysaR_3MNF4AaABAg,"Awwow .. Bundles of Thanks BRO ,,, Literally No one can explain like this. Amazing Way❤️🤗alot kf respect for u .",2024-01-24T13:36:35Z,2026-10-01T13:27:06.670283+00:00,0,0,,13e383f3706e0651440a631577ad21a8bee5339dcbf80104d58e969b965f2d79,,youtube-data-api-v3/commentThreads.list,,7f2bpEwiJCY,ULTIMATE Risk Management &amp; Position Sizing in Forex Trading Guide,Brad Goh (The Trading Geek),,
youtube,Brad Goh (The Trading Geek),7f2bpEwiJCY,https://www.youtube.com/watch?v=7f2bpEwiJCY,UgzZFEimWMFS5RkTGvt4AaABAg,The best risk management video ive ever seen thankssssss,2023-02-02T01:47:07Z,2026-10-01T13:27:06.670283+00:00,0,0,,0bc903be78ad51956deb36a3644deb71261e8a55b0a36c5692cc263b3cfb0f6d,,youtube-data-api-v3/commentThreads.list,,7f2bpEwiJCY,ULTIMATE Risk Management &amp; Position Sizing in Forex Trading Guide,Brad Goh (The Trading Geek),,
youtube,Brad Goh (The Trading Geek),7f2bpEwiJCY,https://www.youtube.com/watch?v=7f2bpEwiJCY,UgwK5AImjQvM6y-yT7V4AaABAg,"Thanks man, that was really helpful to me. Stop Loss placement and Taking Profit was fully understood but until watching your video I couldn't figure out how to trade just 1% of my account. All clear now - many thanks!",2024-05-07T13:36:07Z,2026-10-01T13:27:06.670283+00:00,0,0,,fe4ff6efdc6995d947af1a0ba23194465ddf41a8c70d9ead31e983687c5a1db5,,youtube-data-api-v3/commentThreads.list,,7f2bpEwiJCY,ULTIMATE Risk Management &amp; Position Sizing in Forex Trading Guide,Brad Goh (The Trading Geek),,
youtube,Brad Goh (The Trading Geek),7f2bpEwiJCY,https://www.youtube.com/watch?v=7f2bpEwiJCY,Ugy5KGopSvDn1R4lKbV4AaABAg,"my man, you made it",2023-01-28T13:56:46Z,2026-10-01T13:27:06.670283+00:00,1,0,,4c17bbee1c2dc448a9fe6943d22b38eaea0c91509193aa4f8f53925d1d65e1e8,,youtube-data-api-v3/commentThreads.list,,7f2bpEwiJCY,ULTIMATE Risk Management &amp; Position Sizing in Forex Trading Guide,Brad Goh (The Trading Geek),,
youtube,Brad Goh (The Trading Geek),7f2bpEwiJCY,https://www.youtube.com/watch?v=7f2bpEwiJCY,Ugykl8xPx7_vA7XOibV4AaABAg,Exactly what I needed 🔥,2023-01-29T16:12:22Z,2026-10-01T13:27:06.670283+00:00,3,0,,cdd97a83ab850b9dc47fc0542cb72b57d505a93a1af05cfee00b8d081e14e4d8,,youtube-data-api-v3/commentThreads.list,,7f2bpEwiJCY,ULTIMATE Risk Management &amp; Position Sizing in Forex Trading Guide,Brad Goh (The Trading Geek),,
youtube,Brad Goh (The Trading Geek),7f2bpEwiJCY,https://www.youtube.com/watch?v=7f2bpEwiJCY,UgxjX5Sczmdt50fydgt4AaABAg,Thank you very much it was very clear to understood i watched so many vid didn't help until I saw this thank you,2023-09-29T21:16:34Z,2026-10-01T13:27:06.670283+00:00,0,0,,b4ca206ae2af6f6d1b479578c19c376828b5dff02b7c006bb888d85b9466cfbb,,youtube-data-api-v3/commentThreads.list,,7f2bpEwiJCY,ULTIMATE Risk Management &amp; Position Sizing in Forex Trading Guide,Brad Goh (The Trading Geek),,
youtube,Brad Goh (The Trading Geek),7f2bpEwiJCY,https://www.youtube.com/watch?v=7f2bpEwiJCY,UgyyBxIsIEVYi_DLNyx4AaABAg,You are doing a great Job I believe People are Gaining knowledge just By listening to you I love you teaching and I would like to be one of your student,2024-03-24T15:39:23Z,2026-10-01T13:27:06.670283+00:00,0,0,,5701ce2ec3dc4005ed6520efd63b8210966426b3f47cad1b58cec3b491ddb579,,youtube-data-api-v3/commentThreads.list,,7f2bpEwiJCY,ULTIMATE Risk Management &amp; Position Sizing in Forex Trading Guide,Brad Goh (The Trading Geek),,
youtube,Brad Goh (The Trading Geek),7f2bpEwiJCY,https://www.youtube.com/watch?v=7f2bpEwiJCY,UgwLelXvykd8JlM8wZF4AaABAg,First to comment 🥰😁... Love all the way from Nairobi Kenya,2023-01-28T13:01:02Z,2026-10-01T13:27:06.670283+00:00,1,0,,a09bc7e1113349f0883d28582cf47872db5aecd49d046170ebc422bc0d67e3cc,,youtube-data-api-v3/commentThreads.list,,7f2bpEwiJCY,ULTIMATE Risk Management &amp; Position Sizing in Forex Trading Guide,Brad Goh (The Trading Geek),,
youtube,Brad Goh (The Trading Geek),7f2bpEwiJCY,https://www.youtube.com/watch?v=7f2bpEwiJCY,Ugyratvh7KqBcOkcJ7N4AaABAg,Thankyou so much bro on the lot size part n risk per trade is just OP this coming week will be awesome 🔥😤💯📌,2023-01-29T05:53:30Z,2026-10-01T13:27:06.670283+00:00,1,0,,73b0e586d411fac7763c9215db75aa85cf206401ff1aa3bc7f2c1a7b3e02ffcb,,youtube-data-api-v3/commentThreads.list,,7f2bpEwiJCY,ULTIMATE Risk Management &amp; Position Sizing in Forex Trading Guide,Brad Goh (The Trading Geek),,
youtube,Brad Goh (The Trading Geek),7f2bpEwiJCY,https://www.youtube.com/watch?v=7f2bpEwiJCY,UgzxDQy6cnCRgU3GpEV4AaABAg,"Am very excited and grateful listening to you, your teachings are helping... 👍",2023-01-29T00:10:28Z,2026-10-01T13:27:06.670283+00:00,5,0,,0dc32e52602d6d761efec3875f748b96979eb9d1d52740c0281aa4e5a9b31866,,youtube-data-api-v3/commentThreads.list,,7f2bpEwiJCY,ULTIMATE Risk Management &amp; Position Sizing in Forex Trading Guide,Brad Goh (The Trading Geek),,
youtube,Brad Goh (The Trading Geek),7f2bpEwiJCY,https://www.youtube.com/watch?v=7f2bpEwiJCY,UgwYBNL7wL2uLNkC1w54AaABAg,"bro your the best on the entire Youtube to learn from as a beginner trader, I plan to start trading with real money soon and you've given me more understanding of risk management, literally before i was just scrolling through youtube but bro your the best, your even best than forex courses to be honest, God bless and he will continue blessing you for the free knowledge your given us forex learner, Amen",2023-08-17T21:37:32Z,2026-10-01T13:27:06.670283+00:00,7,2,,74b876578f411499ce73e775ab69aa0136fe1e9c56a96d7f0fffc1d0e44dca52,,youtube-data-api-v3/commentThreads.list,,7f2bpEwiJCY,ULTIMATE Risk Management &amp; Position Sizing in Forex Trading Guide,Brad Goh (The Trading Geek),,
youtube,Brad Goh (The Trading Geek),7f2bpEwiJCY,https://www.youtube.com/watch?v=7f2bpEwiJCY,UgwYBNL7wL2uLNkC1w54AaABAg.9tXPwNbsTKHA4E3ap2QDn9,He's truely the best,2024-06-03T15:33:30Z,2026-10-01T13:27:06.670283+00:00,0,0,,7da86414d6e124a314fc8b62ceb5e1929b63dd2f04efd464ff94278c128de430,UgwYBNL7wL2uLNkC1w54AaABAg,youtube-data-api-v3/commentThreads.list,,7f2bpEwiJCY,ULTIMATE Risk Management &amp; Position Sizing in Forex Trading Guide,Brad Goh (The Trading Geek),,
youtube,Brad Goh (The Trading Geek),7f2bpEwiJCY,https://www.youtube.com/watch?v=7f2bpEwiJCY,UgwYBNL7wL2uLNkC1w54AaABAg.9tXPwNbsTKHAJcxty9PZiB,so how's your trading been so far mate?,2025-06-21T12:46:07Z,2026-10-01T13:27:06.670283+00:00,0,0,,f0b8e7bd1336f08a7d769056b9aaf2ec019f6a076bf2808b157ecaa7c0ee9592,UgwYBNL7wL2uLNkC1w54AaABAg,youtube-data-api-v3/commentThreads.list,,7f2bpEwiJCY,ULTIMATE Risk Management &amp; Position Sizing in Forex Trading Guide,Brad Goh (The Trading Geek),,
youtube,Brad Goh (The Trading Geek),7f2bpEwiJCY,https://www.youtube.com/watch?v=7f2bpEwiJCY,UgwbpzR4-yzrg9xxZCl4AaABAg,very good explanation based on other comments this is exactly what me and others were looking for :D,2024-08-30T01:40:59Z,2026-10-01T13:27:06.670283+00:00,0,0,,816a01da9150a9cedd58b7c11843d7888f1c015681e8a76124adc9cfceebeed3,,youtube-data-api-v3/commentThreads.list,,7f2bpEwiJCY,ULTIMATE Risk Management &amp; Position Sizing in Forex Trading Guide,Brad Goh (The Trading Geek),,
youtube,Brad Goh (The Trading Geek),7f2bpEwiJCY,https://www.youtube.com/watch?v=7f2bpEwiJCY,UgwZahKaRNRTDBl2bNF4AaABAg,"Thank you bruh, your videos have changed my trading live.

Best video on Risk management ❤",2024-09-28T18:17:35Z,2026-10-01T13:27:06.670283+00:00,0,0,,aaf4507323072c161af8a83a44da45d2dcbe2d80d02ee35d655936484729cbc4,,youtube-data-api-v3/commentThreads.list,,7f2bpEwiJCY,ULTIMATE Risk Management &amp; Position Sizing in Forex Trading Guide,Brad Goh (The Trading Geek),,
youtube,Brad Goh (The Trading Geek),7f2bpEwiJCY,https://www.youtube.com/watch?v=7f2bpEwiJCY,UgzqqG3S-DmWeYte1XJ4AaABAg,"you are so right. my opinion this is the most important factor in success trading. because no system or the best system will guarantee you making money. but money managent will..
thank you for this video keep up with the good works",2023-02-05T01:28:49Z,2026-10-01T13:27:06.670283+00:00,0,0,,663b67994b364baf6d3638cbd27f6eda6d221b1813d20f7785de5357978862b9,,youtube-data-api-v3/commentThreads.list,,7f2bpEwiJCY,ULTIMATE Risk Management &amp; Position Sizing in Forex Trading Guide,Brad Goh (The Trading Geek),,
youtube,Brad Goh (The Trading Geek),7f2bpEwiJCY,https://www.youtube.com/watch?v=7f2bpEwiJCY,UgzRm2TT4kQdToTW6bB4AaABAg,"I really enjoy all of his videos. Just a small correction, 1% of 10k, is not 1k, but 100 bucks. Thats' all. Thank you for all your videos budd",2023-08-07T01:58:12Z,2026-10-01T13:27:06.670283+00:00,0,0,,fa3fa7164483085c630a6dab5b78e92b69992de2a56236280dd7183180d28a0e,,youtube-data-api-v3/commentThreads.list,,7f2bpEwiJCY,ULTIMATE Risk Management &amp; Position Sizing in Forex Trading Guide,Brad Goh (The Trading Geek),,
youtube,Brad Goh (The Trading Geek),7f2bpEwiJCY,https://www.youtube.com/watch?v=7f2bpEwiJCY,UgzFDzHBeYAK1JZY_0d4AaABAg,Good video.. despite the mathematical errors (1% of 10000) i could understand some key elements u pointed out. Thx,2024-01-21T19:25:35Z,2026-10-01T13:27:06.670283+00:00,1,0,,77a61be28ca44b108ac6a08d3a69fbef86eb71a44984eeb742b621fca3975ccc,,youtube-data-api-v3/commentThreads.list,,7f2bpEwiJCY,ULTIMATE Risk Management &amp; Position Sizing in Forex Trading Guide,Brad Goh (The Trading Geek),,
youtube,Brad Goh (The Trading Geek),7f2bpEwiJCY,https://www.youtube.com/watch?v=7f2bpEwiJCY,Ugw1umDxlsGDfHznbeh4AaABAg,I follow you from Zambia I really am inspired by you...,2023-09-05T05:17:45Z,2026-10-01T13:27:06.670283+00:00,0,0,,cba6eaafb24a83e89be0fda4d29e44e3a64170576e90b40bab5948fbed6ccfa1,,youtube-data-api-v3/commentThreads.list,,7f2bpEwiJCY,ULTIMATE Risk Management &amp; Position Sizing in Forex Trading Guide,Brad Goh (The Trading Geek),,
youtube,Brad Goh (The Trading Geek),7f2bpEwiJCY,https://www.youtube.com/watch?v=7f2bpEwiJCY,UgzDaZ2WYzgzjBv2Dhx4AaABAg,You're such a good teacher God bless you for me I've been struggling with this for some time now thank God I came across this video thank you so much 🙏❤️💕🙌,2023-01-28T23:43:06Z,2026-10-01T13:27:06.670283+00:00,8,1,,fb82c20aa7a4a41368a8e0e034064b2a68ade9cf7e205b0262da0802aae56c09,,youtube-data-api-v3/commentThreads.list,,7f2bpEwiJCY,ULTIMATE Risk Management &amp; Position Sizing in Forex Trading Guide,Brad Goh (The Trading Geek),,
youtube,Brad Goh (The Trading Geek),7f2bpEwiJCY,https://www.youtube.com/watch?v=7f2bpEwiJCY,UgzDaZ2WYzgzjBv2Dhx4AaABAg.9lS4XK4t8jV9lTWPyxjrx8,Scammer 😂😂😂,2023-01-29T13:06:01Z,2026-10-01T13:27:06.670283+00:00,0,0,,fb82c20aa7a4a41368a8e0e034064b2a68ade9cf7e205b0262da0802aae56c09,UgzDaZ2WYzgzjBv2Dhx4AaABAg,youtube-data-api-v3/commentThreads.list,,7f2bpEwiJCY,ULTIMATE Risk Management &amp; Position Sizing in Forex Trading Guide,Brad Goh (The Trading Geek),,
youtube,Brad Goh (The Trading Geek),7f2bpEwiJCY,https://www.youtube.com/watch?v=7f2bpEwiJCY,UgxRkV7piM55W24hlFp4AaABAg,"Thanks you, I feel like I'm going to be Price Actions strategy and multimillionaire .
Thank you again",2024-01-14T09:12:23Z,2026-10-01T13:27:06.670283+00:00,0,0,,cbe02d760d1e6cc676209dde5477c8426a2bd01606944a0405b5443c64bfc9a3,,youtube-data-api-v3/commentThreads.list,,7f2bpEwiJCY,ULTIMATE Risk Management &amp; Position Sizing in Forex Trading Guide,Brad Goh (The Trading Geek),,
youtube,Brad Goh (The Trading Geek),7f2bpEwiJCY,https://www.youtube.com/watch?v=7f2bpEwiJCY,UgxW3NcPTaJItHOfstZ4AaABAg,I learned a whole in some minutes thanks,2023-11-04T12:00:43Z,2026-10-01T13:27:06.670283+00:00,0,0,,39a75846628f9988abe9fdfe196bfc9741faacbf07f0c2cbcb0ae0eed64adbec,,youtube-data-api-v3/commentThreads.list,,7f2bpEwiJCY,ULTIMATE Risk Management &amp; Position Sizing in Forex Trading Guide,Brad Goh (The Trading Geek),,
youtube,Brad Goh (The Trading Geek),7f2bpEwiJCY,https://www.youtube.com/watch?v=7f2bpEwiJCY,UgxTdquQcDJhHMXsfU14AaABAg,I love way you explain things you make some to understand well,2024-06-01T17:12:04Z,2026-10-01T13:27:06.670283+00:00,0,0,,b225e8ef233d7cb6d8d53c8ad12a9b8915849f376af753f5252942a4dff6016f,,youtube-data-api-v3/commentThreads.list,,7f2bpEwiJCY,ULTIMATE Risk Management &amp; Position Sizing in Forex Trading Guide,Brad Goh (The Trading Geek),,
youtube,Brad Goh (The Trading Geek),7f2bpEwiJCY,https://www.youtube.com/watch?v=7f2bpEwiJCY,Ugx_AxorkhDlmNyN1sV4AaABAg,"You're the best, thank you so much for all you have done.
Speaking from Angola 🇦🇴",2023-01-28T13:04:50Z,2026-10-01T13:27:06.670283+00:00,4,0,,39788887b110931de59bd8e5700c8443d92b1f9e32e0f22afed9af168c5f54b1,,youtube-data-api-v3/commentThreads.list,,7f2bpEwiJCY,ULTIMATE Risk Management &amp; Position Sizing in Forex Trading Guide,Brad Goh (The Trading Geek),,
youtube,Brad Goh (The Trading Geek),7f2bpEwiJCY,https://www.youtube.com/watch?v=7f2bpEwiJCY,UgxWDeiJ-v5uvuoZl9l4AaABAg,Thanks Brad u have changed my life,2023-02-02T13:39:31Z,2026-10-01T13:27:06.670283+00:00,0,0,,8d2c7f5ebb80dabe826b121be9abf062a547347710141bd4e92495b70a349db9,,youtube-data-api-v3/commentThreads.list,,7f2bpEwiJCY,ULTIMATE Risk Management &amp; Position Sizing in Forex Trading Guide,Brad Goh (The Trading Geek),,
youtube,Brad Goh (The Trading Geek),7f2bpEwiJCY,https://www.youtube.com/watch?v=7f2bpEwiJCY,UgxFeKFXPipPvZLPS_Z4AaABAg,Thank you.Very Helpful information.I have learnt today something I've been wanting to understand since 2018. Kenya well represented.,2025-01-20T03:41:58Z,2026-10-01T13:27:06.670283+00:00,0,0,,b4e15cca7412905b3bbe2659f76b47f49bbee807ae68377be6b9719cd848d52a,,youtube-data-api-v3/commentThreads.list,,7f2bpEwiJCY,ULTIMATE Risk Management &amp; Position Sizing in Forex Trading Guide,Brad Goh (The Trading Geek),,
youtube,Brad Goh (The Trading Geek),7f2bpEwiJCY,https://www.youtube.com/watch?v=7f2bpEwiJCY,UgzgQG8xju3CctEpb_N4AaABAg,best trader ever great way of explaning love it,2023-07-13T23:04:06Z,2026-10-01T13:27:06.670283+00:00,0,0,,1623d0dd48662ae9b5703d4ca0fe24f68efdd7e323b052fc4c880e73bb98952b,,youtube-data-api-v3/commentThreads.list,,7f2bpEwiJCY,ULTIMATE Risk Management &amp; Position Sizing in Forex Trading Guide,Brad Goh (The Trading Geek),,
youtube,Brad Goh (The Trading Geek),7f2bpEwiJCY,https://www.youtube.com/watch?v=7f2bpEwiJCY,Ugx9u3POvDWohKNBU514AaABAg,"Sudeesh from India,
Your video is very informative,
I wish you to reach 1 million within end of this year, keep it up bro.
Can you please make some video for funded account",2023-01-29T11:54:30Z,2026-10-01T13:27:06.670283+00:00,0,0,,468d3c154006cb237b0bc5e06ff8b05a09db2fc698cf525fcc223de1c073d47f,,youtube-data-api-v3/commentThreads.list,,7f2bpEwiJCY,ULTIMATE Risk Management &amp; Position Sizing in Forex Trading Guide,Brad Goh (The Trading Geek),,
youtube,Brad Goh (The Trading Geek),7f2bpEwiJCY,https://www.youtube.com/watch?v=7f2bpEwiJCY,Ugw_EExoOLKOTV35V9l4AaABAg,"My handsome brother ❤️ thank you so much for teaching us 💝 with your knowledge...m learning from you day by day watching your videos.kept up your kind and loving work, nature in teaching US how to be a profitable traders love you big ❤️🕊️",2023-02-10T07:35:04Z,2026-10-01T13:27:06.670283+00:00,0,0,,0e22f12286e7f63505f11e789b9208147acbfdfa40779849a5cdebd92b49e800,,youtube-data-api-v3/commentThreads.list,,7f2bpEwiJCY,ULTIMATE Risk Management &amp; Position Sizing in Forex Trading Guide,Brad Goh (The Trading Geek),,
youtube,Brad Goh (The Trading Geek),7f2bpEwiJCY,https://www.youtube.com/watch?v=7f2bpEwiJCY,UgzulauXT3dnxF3THQJ4AaABAg,Brother i really admire u coz your efforts and the learnings u gave me and everyone is infinite ❤❤love u dude thx for being a better teacher than the school one's ✌️,2024-10-15T10:38:36Z,2026-10-01T13:27:06.670283+00:00,1,0,,89a8021715f0f099d15abf08024f77f4e3bc0200ffac523f3fd291bd7a4b5b4b,,youtube-data-api-v3/commentThreads.list,,7f2bpEwiJCY,ULTIMATE Risk Management &amp; Position Sizing in Forex Trading Guide,Brad Goh (The Trading Geek),,
youtube,Brad Goh (The Trading Geek),7f2bpEwiJCY,https://www.youtube.com/watch?v=7f2bpEwiJCY,UgzuN5OsCjTS-vOIDld4AaABAg,Always sharing Gold my friend . 💻✨,2023-01-28T17:04:18Z,2026-10-01T13:27:06.670283+00:00,0,0,,7806f00783a6e96cbe1c67469d08a8501df4bfaad266e742086b21237ba6d2c4,,youtube-data-api-v3/commentThreads.list,,7f2bpEwiJCY,ULTIMATE Risk Management &amp; Position Sizing in Forex Trading Guide,Brad Goh (The Trading Geek),,
youtube,Brad Goh (The Trading Geek),7f2bpEwiJCY,https://www.youtube.com/watch?v=7f2bpEwiJCY,UgwDXQ2GRuzycpt464l4AaABAg,Great Video Brother Love From India ❤,2025-05-09T18:34:23Z,2026-10-01T13:27:06.670283+00:00,0,0,,083f3053d4c7ab7e04a6fb165e301dc01c5bda95d0c60d793afb003b3f96e12b,,youtube-data-api-v3/commentThreads.list,,7f2bpEwiJCY,ULTIMATE Risk Management &amp; Position Sizing in Forex Trading Guide,Brad Goh (The Trading Geek),,
youtube,Brad Goh (The Trading Geek),7f2bpEwiJCY,https://www.youtube.com/watch?v=7f2bpEwiJCY,Ugy4BvGyRFo9i-RF6jx4AaABAg,"Bro. You may need to attach video link on last second. Anyway, great content and learned a lot from you. Thanks millions.",2023-01-28T14:29:22Z,2026-10-01T13:27:06.670283+00:00,1,0,,04fbb72a310295dea41c0dfa68f2493200e094fac1f5189d31dfd0e4f4575c28,,youtube-data-api-v3/commentThreads.list,,7f2bpEwiJCY,ULTIMATE Risk Management &amp; Position Sizing in Forex Trading Guide,Brad Goh (The Trading Geek),,
youtube,Brad Goh (The Trading Geek),7f2bpEwiJCY,https://www.youtube.com/watch?v=7f2bpEwiJCY,UgwWhz3wn5PkX9aallp4AaABAg,Great video bro! Maybe next video to explain us about the spread and conmisssion!!!,2023-02-08T07:45:45Z,2026-10-01T13:27:06.670283+00:00,0,0,,787560019839d685c5e966ed725f2e243f06a62c394811de2f900fe4dd4665cb,,youtube-data-api-v3/commentThreads.list,,7f2bpEwiJCY,ULTIMATE Risk Management &amp; Position Sizing in Forex Trading Guide,Brad Goh (The Trading Geek),,
youtube,Brad Goh (The Trading Geek),7f2bpEwiJCY,https://www.youtube.com/watch?v=7f2bpEwiJCY,UgyX5vArdTmm7-R_FpV4AaABAg,You have really assisted me on trading,2024-12-28T09:39:06Z,2026-10-01T13:27:06.670283+00:00,0,0,,2a9218c92a9a335665d33294acecfcd4682cc1b2f9691a1f00f0fb703807fed6,,youtube-data-api-v3/commentThreads.list,,7f2bpEwiJCY,ULTIMATE Risk Management &amp; Position Sizing in Forex Trading Guide,Brad Goh (The Trading Geek),,
youtube,Brad Goh (The Trading Geek),7f2bpEwiJCY,https://www.youtube.com/watch?v=7f2bpEwiJCY,UgyoAvg6Zl03ecNPg3h4AaABAg,Thank you your teaching have help me this is the video I have been looking for now it will been easy for me to build my risk management plan,2024-08-24T22:39:46Z,2026-10-01T13:27:06.670283+00:00,0,0,,fe8d1b9fd36bcdefbba605eb15e9389da9da48f041850608dc0f5962a00b1598,,youtube-data-api-v3/commentThreads.list,,7f2bpEwiJCY,ULTIMATE Risk Management &amp; Position Sizing in Forex Trading Guide,Brad Goh (The Trading Geek),,
youtube,Brad Goh (The Trading Geek),7f2bpEwiJCY,https://www.youtube.com/watch?v=7f2bpEwiJCY,UgzTmFuzyoIY-A2sR594AaABAg,This is an eye opener. Thank you ❤,2023-11-15T19:52:14Z,2026-10-01T13:27:06.670283+00:00,0,0,,421fcbdb4015f7d1967ca8d6a5bf479b03a8f81cabad58ee615ffc0a3334b5c4,,youtube-data-api-v3/commentThreads.list,,7f2bpEwiJCY,ULTIMATE Risk Management &amp; Position Sizing in Forex Trading Guide,Brad Goh (The Trading Geek),,
youtube,Brad Goh (The Trading Geek),7f2bpEwiJCY,https://www.youtube.com/watch?v=7f2bpEwiJCY,UgwWKdBMb0ah7LmYEfJ4AaABAg,always getting very nice content on this channel really appreciated boss,2023-01-28T15:02:06Z,2026-10-01T13:27:06.670283+00:00,3,0,,d558921cc45bc826d8807b362dce747c3166f0d400f57d6cce71f7f910100729,,youtube-data-api-v3/commentThreads.list,,7f2bpEwiJCY,ULTIMATE Risk Management &amp; Position Sizing in Forex Trading Guide,Brad Goh (The Trading Geek),,
youtube,Brad Goh (The Trading Geek),7f2bpEwiJCY,https://www.youtube.com/watch?v=7f2bpEwiJCY,Ugwh_Bma2tm4AERZwdp4AaABAg,very comprehensive and thanks,2023-01-29T14:11:41Z,2026-10-01T13:27:06.670283+00:00,0,0,,d1c27531f0d368b20e562367fea678f35c8067e54378c533b5664d8595b4ec55,,youtube-data-api-v3/commentThreads.list,,7f2bpEwiJCY,ULTIMATE Risk Management &amp; Position Sizing in Forex Trading Guide,Brad Goh (The Trading Geek),,
youtube,Brad Goh (The Trading Geek),7f2bpEwiJCY,https://www.youtube.com/watch?v=7f2bpEwiJCY,UgwlB7ok7TQ5F_oO1dh4AaABAg,"Trank you for that Video, ist helps ne a lot to wirkt in my Risk Management",2024-12-21T19:35:08Z,2026-10-01T13:27:06.670283+00:00,0,0,,4aabe616b676614f5e66b1ad46e5733edbc6b9f1489d4a2143b0c5764666e09b,,youtube-data-api-v3/commentThreads.list,,7f2bpEwiJCY,ULTIMATE Risk Management &amp; Position Sizing in Forex Trading Guide,Brad Goh (The Trading Geek),,
youtube,Brad Goh (The Trading Geek),7f2bpEwiJCY,https://www.youtube.com/watch?v=7f2bpEwiJCY,UgzhlPPHHFZSPdeH5LZ4AaABAg,"We understand Brad your mind is fully knowledge.
Thanks you for your Dude Goh",2024-05-21T15:34:48Z,2026-10-01T13:27:06.670283+00:00,0,0,,cc2240fca2e51b78ea20542caf7b7f49968afaf53b346e61335795def0e82625,,youtube-data-api-v3/commentThreads.list,,7f2bpEwiJCY,ULTIMATE Risk Management &amp; Position Sizing in Forex Trading Guide,Brad Goh (The Trading Geek),,
youtube,Brad Goh (The Trading Geek),7f2bpEwiJCY,https://www.youtube.com/watch?v=7f2bpEwiJCY,UgwEZzjPG2wBxcI3zyx4AaABAg,"Very helpful video, I'm so glad I found this, to help me manage my account better!  🎯",2023-11-10T05:19:17Z,2026-10-01T13:27:06.670283+00:00,1,0,,b8b1b9815b7d8d468f7dabddc9ad53716395e77cb78fd3cc99d824fab411d81a,,youtube-data-api-v3/commentThreads.list,,7f2bpEwiJCY,ULTIMATE Risk Management &amp; Position Sizing in Forex Trading Guide,Brad Goh (The Trading Geek),,
youtube,Brad Goh (The Trading Geek),7f2bpEwiJCY,https://www.youtube.com/watch?v=7f2bpEwiJCY,UgxMGH4_Ndhqr4O1pah4AaABAg,"Hello brother . Thank you for the video it's very helpful.
Watching from Nairobi Kenya 🇰🇪🇰🇪🇰🇪",2023-01-28T14:50:15Z,2026-10-01T13:27:06.670283+00:00,0,0,,719a89044e1ce2e8d36557f3881da64601b349511695c0181cbeed3869603a66,,youtube-data-api-v3/commentThreads.list,,7f2bpEwiJCY,ULTIMATE Risk Management &amp; Position Sizing in Forex Trading Guide,Brad Goh (The Trading Geek),,
youtube,Brad Goh (The Trading Geek),7f2bpEwiJCY,https://www.youtube.com/watch?v=7f2bpEwiJCY,UgwINnzOdcoOnoCww8t4AaABAg,Thank you for this huge returns Donald Trace. Trading with him has changed my life. This is a way more realistic way to get rich compared to all the gurus teaching just e-commerce or something more complex. Your winning style is amazing,2023-02-09T09:08:04Z,2026-10-01T13:27:06.670283+00:00,22,5,,cff028fc9290028a627187c77f104184563d3d520effb359526999ff4c8c74d8,,youtube-data-api-v3/commentThreads.list,,7f2bpEwiJCY,ULTIMATE Risk Management &amp; Position Sizing in Forex Trading Guide,Brad Goh (The Trading Geek),,
youtube,Brad Goh (The Trading Geek),7f2bpEwiJCY,https://www.youtube.com/watch?v=7f2bpEwiJCY,UgwINnzOdcoOnoCww8t4AaABAg.9luPvmjehBc9luQ2e3zwZo,He’s on telegram,2023-02-09T09:09:08Z,2026-10-01T13:27:06.670283+00:00,1,0,,cff028fc9290028a627187c77f104184563d3d520effb359526999ff4c8c74d8,UgwINnzOdcoOnoCww8t4AaABAg,youtube-data-api-v3/commentThreads.list,,7f2bpEwiJCY,ULTIMATE Risk Management &amp; Position Sizing in Forex Trading Guide,Brad Goh (The Trading Geek),,
youtube,Brad Goh (The Trading Geek),7f2bpEwiJCY,https://www.youtube.com/watch?v=7f2bpEwiJCY,UgwINnzOdcoOnoCww8t4AaABAg.9luPvmjehBc9mIfzfmW516,"I lost 2.6 million trading with him,..I wouldn't recommend that guy",2023-02-19T04:38:09Z,2026-10-01T13:27:06.670283+00:00,1,0,,c7cd6d519451d49c6f910415810227cbfc5cd3abc3ffbb5a78cc0a220d1ab3fd,UgwINnzOdcoOnoCww8t4AaABAg,youtube-data-api-v3/commentThreads.list,,7f2bpEwiJCY,ULTIMATE Risk Management &amp; Position Sizing in Forex Trading Guide,Brad Goh (The Trading Geek),,
youtube,Brad Goh (The Trading Geek),7f2bpEwiJCY,https://www.youtube.com/watch?v=7f2bpEwiJCY,UgwINnzOdcoOnoCww8t4AaABAg.9luPvmjehBc9mZZ721Jp-7,@omaru737 same I lost 600K with him.,2023-02-25T17:56:28Z,2026-10-01T13:27:06.670283+00:00,1,0,,ddc27d175f5e957e66a75c892edafca9f8ba9b00394d780b580a6653196d3602,UgwINnzOdcoOnoCww8t4AaABAg,youtube-data-api-v3/commentThreads.list,,7f2bpEwiJCY,ULTIMATE Risk Management &amp; Position Sizing in Forex Trading Guide,Brad Goh (The Trading Geek),,
youtube,Brad Goh (The Trading Geek),7f2bpEwiJCY,https://www.youtube.com/watch?v=7f2bpEwiJCY,UgwINnzOdcoOnoCww8t4AaABAg.9luPvmjehBc9mdGSKRsA8f,@omaru737  hello,2023-02-27T13:49:34Z,2026-10-01T13:27:06.670283+00:00,0,0,,401c288a335b7460d215a89016182c48a6f919b4109b3b99aa80b450927857be,UgwINnzOdcoOnoCww8t4AaABAg,youtube-data-api-v3/commentThreads.list,,7f2bpEwiJCY,ULTIMATE Risk Management &amp; Position Sizing in Forex Trading Guide,Brad Goh (The Trading Geek),,
youtube,Brad Goh (The Trading Geek),7f2bpEwiJCY,https://www.youtube.com/watch?v=7f2bpEwiJCY,UgwINnzOdcoOnoCww8t4AaABAg.9luPvmjehBc9mnKGdMYxhe,@ivychepngetich9802 hello,2023-03-03T11:35:19Z,2026-10-01T13:27:06.670283+00:00,0,0,,cff028fc9290028a627187c77f104184563d3d520effb359526999ff4c8c74d8,UgwINnzOdcoOnoCww8t4AaABAg,youtube-data-api-v3/commentThreads.list,,7f2bpEwiJCY,ULTIMATE Risk Management &amp; Position Sizing in Forex Trading Guide,Brad Goh (The Trading Geek),,
youtube,Brad Goh (The Trading Geek),7f2bpEwiJCY,https://www.youtube.com/watch?v=7f2bpEwiJCY,UgzlS6drPdCmkGFhSst4AaABAg,Thanks  bro to explain in details and taking time to help us out!,2023-06-20T23:26:07Z,2026-10-01T13:27:06.670283+00:00,1,0,,9f301f177a9da3251bfb4ddd1967c9a29573a5c42511f51513a7083acbd7b8c0,,youtube-data-api-v3/commentThreads.list,,7f2bpEwiJCY,ULTIMATE Risk Management &amp; Position Sizing in Forex Trading Guide,Brad Goh (The Trading Geek),,
youtube,Brad Goh (The Trading Geek),7f2bpEwiJCY,https://www.youtube.com/watch?v=7f2bpEwiJCY,UgzBqd-qxSnD6KmCrOl4AaABAg,Just subscribed!  I'm new to this forex thing and I'm learning a lot from your videos.  Thank you for giving your energy teaching other people.👍👍👍,2023-02-08T08:37:52Z,2026-10-01T13:27:06.670283+00:00,7,3,,647d013449676d4d51c8b5ec9792c9afb806f8f24fa81ca2070b121c8cac8a05,,youtube-data-api-v3/commentThreads.list,,7f2bpEwiJCY,ULTIMATE Risk Management &amp; Position Sizing in Forex Trading Guide,Brad Goh (The Trading Geek),,
youtube,Brad Goh (The Trading Geek),7f2bpEwiJCY,https://www.youtube.com/watch?v=7f2bpEwiJCY,UgzBqd-qxSnD6KmCrOl4AaABAg.9lrmfp9Ph309lsuPqWK_mp,"@user-di6eu4yi2w  Hello, Good day!  How are you doing?",2023-02-08T19:04:42Z,2026-10-01T13:27:06.670283+00:00,0,0,,647d013449676d4d51c8b5ec9792c9afb806f8f24fa81ca2070b121c8cac8a05,UgzBqd-qxSnD6KmCrOl4AaABAg,youtube-data-api-v3/commentThreads.list,,7f2bpEwiJCY,ULTIMATE Risk Management &amp; Position Sizing in Forex Trading Guide,Brad Goh (The Trading Geek),,
youtube,Brad Goh (The Trading Geek),7f2bpEwiJCY,https://www.youtube.com/watch?v=7f2bpEwiJCY,UgzBqd-qxSnD6KmCrOl4AaABAg.9lrmfp9Ph309lsuYPjz0vs,@user-di6eu4yi2w Your videos are really helpful.,2023-02-08T19:05:52Z,2026-10-01T13:27:06.670283+00:00,0,0,,647d013449676d4d51c8b5ec9792c9afb806f8f24fa81ca2070b121c8cac8a05,UgzBqd-qxSnD6KmCrOl4AaABAg,youtube-data-api-v3/commentThreads.list,,7f2bpEwiJCY,ULTIMATE Risk Management &amp; Position Sizing in Forex Trading Guide,Brad Goh (The Trading Geek),,
youtube,Brad Goh (The Trading Geek),7f2bpEwiJCY,https://www.youtube.com/watch?v=7f2bpEwiJCY,UgzBqd-qxSnD6KmCrOl4AaABAg.9lrmfp9Ph309lsuhua3nfe,@user-di6eu4yi2w Although I haven't started trading yet.,2023-02-08T19:07:18Z,2026-10-01T13:27:06.670283+00:00,0,0,,647d013449676d4d51c8b5ec9792c9afb806f8f24fa81ca2070b121c8cac8a05,UgzBqd-qxSnD6KmCrOl4AaABAg,youtube-data-api-v3/commentThreads.list,,7f2bpEwiJCY,ULTIMATE Risk Management &amp; Position Sizing in Forex Trading Guide,Brad Goh (The Trading Geek),,
youtube,Brad Goh (The Trading Geek),7f2bpEwiJCY,https://www.youtube.com/watch?v=7f2bpEwiJCY,UgwoShJGGgR-0lJkZJJ4AaABAg,Such a nice Video and so important! Most importan to know this things on the journey to learn!,2023-05-05T18:38:08Z,2026-10-01T13:27:06.670283+00:00,0,0,,896c54a31e3248ae737ea091a85f48b2de0aae70115f8e99eb76b498f80f1a3c,,youtube-data-api-v3/commentThreads.list,,7f2bpEwiJCY,ULTIMATE Risk Management &amp; Position Sizing in Forex Trading Guide,Brad Goh (The Trading Geek),,
youtube,Brad Goh (The Trading Geek),7f2bpEwiJCY,https://www.youtube.com/watch?v=7f2bpEwiJCY,Ugx6pnGCo_QeTp8a8eJ4AaABAg,I learned a lot from your video thank you soo much,2023-02-05T16:40:14Z,2026-10-01T13:27:06.670283+00:00,0,0,,de0ce06f5778006df99d3ff556bb947aeea17a42ff1e2af0e3a22dcfc68b330d,,youtube-data-api-v3/commentThreads.list,,7f2bpEwiJCY,ULTIMATE Risk Management &amp; Position Sizing in Forex Trading Guide,Brad Goh (The Trading Geek),,
youtube,Brad Goh (The Trading Geek),7f2bpEwiJCY,https://www.youtube.com/watch?v=7f2bpEwiJCY,UgyD6gEpNFwOcy5ALGZ4AaABAg,This was a good education video about risk management my brother.😌😌,2026-05-29T12:55:16Z,2026-10-01T13:27:06.670283+00:00,0,0,,3775d252ac32000329367ce4a2151399bb90ec53203bf45472973856e461a840,,youtube-data-api-v3/commentThreads.list,,7f2bpEwiJCY,ULTIMATE Risk Management &amp; Position Sizing in Forex Trading Guide,Brad Goh (The Trading Geek),,
youtube,Brad Goh (The Trading Geek),7f2bpEwiJCY,https://www.youtube.com/watch?v=7f2bpEwiJCY,Ugwal_fBmfGz6flEGzV4AaABAg,This was the only content I was waiting for. Thanks our Clan leader,2023-01-28T16:53:53Z,2026-10-01T13:27:06.671279+00:00,2,1,,2e87e640ba52eb2fbe047c24970cccd4c0dd777b25a83407f9ad6b98fafeb000,,youtube-data-api-v3/commentThreads.list,,7f2bpEwiJCY,ULTIMATE Risk Management &amp; Position Sizing in Forex Trading Guide,Brad Goh (The Trading Geek),,
youtube,Brad Goh (The Trading Geek),7f2bpEwiJCY,https://www.youtube.com/watch?v=7f2bpEwiJCY,Ugwal_fBmfGz6flEGzV4AaABAg.9lRLh3NERSo9lRMD-Wi-_x,"𝚃ʜᴀɴᴋꜱ 𝙵ᴏʀ 𝚆ᴀᴄᴛʜɪɴɢ.🎉🎊
𝚂ᴇɴᴅ ᴀ 𝙳ɪʀᴇᴄᴛ 𝚃ᴇ𝚡ᴛ 𝙾ɴ 𝚆ʜᴀᴛꜱᴀᴀᴘ 
 𝚆ɪᴛʜ 𝚃ʜᴇ 𝙽ᴜᴍʙᴇʀ

                        .✙𝟒𝟔𝟕𝟎𝟏𝟗𝟒𝟕𝟐𝟏𝟒♡♡",2023-01-28T16:58:23Z,2026-10-01T13:27:06.671279+00:00,0,0,,59cee93357fbd5651fe8f34028ef30fdd62ede81c962717f890a3a926bd26343,Ugwal_fBmfGz6flEGzV4AaABAg,youtube-data-api-v3/commentThreads.list,,7f2bpEwiJCY,ULTIMATE Risk Management &amp; Position Sizing in Forex Trading Guide,Brad Goh (The Trading Geek),,
youtube,Brad Goh (The Trading Geek),7f2bpEwiJCY,https://www.youtube.com/watch?v=7f2bpEwiJCY,UgzEcjFjoX2681rm79d4AaABAg,"5:27 thanks for the wake up call😂😂, I wasn't necessarily bored but I was dosing off too much😅",2023-07-30T21:15:52Z,2026-10-01T13:27:06.671279+00:00,2,1,,65ceb3e158e75eed7c398e6c6fb67a7dbb4a36601d758c82d88a1a4b5475e7bc,,youtube-data-api-v3/commentThreads.list,,7f2bpEwiJCY,ULTIMATE Risk Management &amp; Position Sizing in Forex Trading Guide,Brad Goh (The Trading Geek),,
youtube,Brad Goh (The Trading Geek),7f2bpEwiJCY,https://www.youtube.com/watch?v=7f2bpEwiJCY,UgzEcjFjoX2681rm79d4AaABAg.9so1922h0VSA76vcP6izOY,This had me deaddd😂,2024-08-14T10:34:35Z,2026-10-01T13:27:06.671279+00:00,0,0,,5ede1cb5dc1493140fc058077fb5d81cf7353159aa8e6e6ecea5799c5b71c3bf,UgzEcjFjoX2681rm79d4AaABAg,youtube-data-api-v3/commentThreads.list,,7f2bpEwiJCY,ULTIMATE Risk Management &amp; Position Sizing in Forex Trading Guide,Brad Goh (The Trading Geek),,
youtube,Brad Goh (The Trading Geek),7f2bpEwiJCY,https://www.youtube.com/watch?v=7f2bpEwiJCY,Ugw_COkTEn613AHo4uJ4AaABAg,Your content is great sir please keep uploading,2023-01-28T13:10:18Z,2026-10-01T13:27:06.671279+00:00,1,0,,68d346babdca53bfe78a1ae23c54321cecef7139bfaeeacd693b01372c2ae2ad,,youtube-data-api-v3/commentThreads.list,,7f2bpEwiJCY,ULTIMATE Risk Management &amp; Position Sizing in Forex Trading Guide,Brad Goh (The Trading Geek),,
youtube,Brad Goh (The Trading Geek),7f2bpEwiJCY,https://www.youtube.com/watch?v=7f2bpEwiJCY,UgwqAh3geI6nLPRVFVd4AaABAg,"My guy Geek , I love ur energy and methods of teaching.  I been watching ur vids for a while now . Though I would like to correct ur math real quick ♧ In chapter 3 , when calculating the lot size for the 2nd example ur risk ratio was 1% in account 10 000 the resulting amount to trade  on the position size calculator was $100 . You entered a thousand dollars instead  ♤ in the example of course.  ◇♡",2023-10-21T19:30:20Z,2026-10-01T13:27:06.671279+00:00,0,0,,7f053559c4b201ab35d3dacc79e0a727a5f0950dbf0fe9c585e7448c9dc6ac72,,youtube-data-api-v3/commentThreads.list,,7f2bpEwiJCY,ULTIMATE Risk Management &amp; Position Sizing in Forex Trading Guide,Brad Goh (The Trading Geek),,
youtube,Brad Goh (The Trading Geek),7f2bpEwiJCY,https://www.youtube.com/watch?v=7f2bpEwiJCY,UgxssGiSjd5_RjSJqkl4AaABAg,"you nailed it bro, God bless you alot",2024-07-28T19:41:25Z,2026-10-01T13:27:06.671279+00:00,0,0,,e96d779f3f34af6c06f4e53ae968fbc0e09b4a6c88495cb389f7fc78c11d1e19,,youtube-data-api-v3/commentThreads.list,,7f2bpEwiJCY,ULTIMATE Risk Management &amp; Position Sizing in Forex Trading Guide,Brad Goh (The Trading Geek),,
youtube,Brad Goh (The Trading Geek),7f2bpEwiJCY,https://www.youtube.com/watch?v=7f2bpEwiJCY,UgxA95v-Vpi1x3myfjp4AaABAg,"You are doing a great 👍 job, i really appreciate you...i wish to learn more from you.....",2023-04-01T03:25:16Z,2026-10-01T13:27:06.671279+00:00,0,0,,69b1c0285c42f099601134001364f507dfdedb5199c08f0485bbbbd954247d1d,,youtube-data-api-v3/commentThreads.list,,7f2bpEwiJCY,ULTIMATE Risk Management &amp; Position Sizing in Forex Trading Guide,Brad Goh (The Trading Geek),,
youtube,Brad Goh (The Trading Geek),7f2bpEwiJCY,https://www.youtube.com/watch?v=7f2bpEwiJCY,UgzA8_1EOhfMlG3T8MN4AaABAg,Many thanks for the good content my brother.,2023-01-28T13:19:13Z,2026-10-01T13:27:06.671279+00:00,0,0,,501543ecd7d7092392ae7ff3c3468924c04f8e8fd7d1fb283ca68c8f014ccf04,,youtube-data-api-v3/commentThreads.list,,7f2bpEwiJCY,ULTIMATE Risk Management &amp; Position Sizing in Forex Trading Guide,Brad Goh (The Trading Geek),,
youtube,Brad Goh (The Trading Geek),7f2bpEwiJCY,https://www.youtube.com/watch?v=7f2bpEwiJCY,UgxvihUob93Uq00rQBB4AaABAg,Yes I do my sister introduce me to them few months back and since then have been making consistent secured passive income daily,2023-01-28T23:30:54Z,2026-10-01T13:27:06.671279+00:00,0,0,,b529e616ebe30a037480c38ae5702b17eeffa4954dfd48f9b8f7e02ff44328fd,,youtube-data-api-v3/commentThreads.list,,7f2bpEwiJCY,ULTIMATE Risk Management &amp; Position Sizing in Forex Trading Guide,Brad Goh (The Trading Geek),,
youtube,Brad Goh (The Trading Geek),7f2bpEwiJCY,https://www.youtube.com/watch?v=7f2bpEwiJCY,UgybJ4sQ-LHL2u-eCPJ4AaABAg,"Thanks, my guy, that makes a lot of sense.",2026-05-06T15:48:40Z,2026-10-01T13:27:06.671279+00:00,0,0,,65487646e3dfedbee538db1e3626711bb3902493b0fde8625bd1f5857c64d947,,youtube-data-api-v3/commentThreads.list,,7f2bpEwiJCY,ULTIMATE Risk Management &amp; Position Sizing in Forex Trading Guide,Brad Goh (The Trading Geek),,
youtube,Brad Goh (The Trading Geek),7f2bpEwiJCY,https://www.youtube.com/watch?v=7f2bpEwiJCY,UgwGBzkKpaK3T9EdcIF4AaABAg,"I really really love your teachings you’re a genius🎉❤ 
Please can you do a video on wyke off  for me 😢",2023-01-28T19:28:28Z,2026-10-01T13:27:06.671279+00:00,1,0,,57715479126145d132202d34a280c4e958e845fa992b3f4fee0ce24934561ca6,,youtube-data-api-v3/commentThreads.list,,7f2bpEwiJCY,ULTIMATE Risk Management &amp; Position Sizing in Forex Trading Guide,Brad Goh (The Trading Geek),,
