painpoint_id,score,categories,primary_category,comment_text,engagement_likes,reply_count,content_url,comment_id,reply_short_angle,source_run,status
PP-0001,12.563,strategy_rules|education_gap,strategy_rules,"What's the optimal strategy for someone with around $1000, or even less, to begin trading cryptocurrencies today?",3618,41,https://www.youtube.com/watch?v=_YVQN6_nkfs,Ugz343PVotpeJhIHQel4AaABAg,"Short (trả lời comment): “What's the optimal strategy for someone with around $1000, or even less, to begi” → chiến lược này dùng khung nào, áp dụng ra sao trong 60 giây.",run_how_to_trade_gold_for_beginners,Backlog
PP-0002,11.086,strategy_rules|education_gap,strategy_rules,"Thanks for adding 1000 in my debt, i meant this as a joke. Tho ORB is useless most of the time you never get the retracement you want or when you get it price reverses. Liquidity grabs and other kinda bs. I like 8 am CRT better and has way better winrate than whatever this bs of strategy has.",1791,65,https://www.youtube.com/watch?v=I29peidTQxU,UgzAKfBz0cPtWg3OL8Z4AaABAg,"Short (trả lời comment): “Thanks for adding 1000 in my debt, i meant this as a joke. Tho ORB is useless mo” → chiến lược này dùng khung nào, áp dụng ra sao trong 60 giây.",run_gold_scalping_strategy,Backlog
PP-0003,10.874,entry_timing|strategy_rules,entry_timing,"Its simple No matter the strategy you are using, just enter a long position below the daily opening price and also if you want to enter a short, enter above thedaoly opening price",1573,55,https://www.youtube.com/watch?v=npfiV52dXoc,Ugzg1cpEMfGP6mOfTTJ4AaABAg,"Short (trả lời comment): “Its simple No matter the strategy you are using, just enter a long position belo” → 3 điểm xác nhận trước khi vào lệnh, demo trên chart.",run_forex_risk_management_stop_loss,Backlog
PP-0004,10.596,education_gap,education_gap,"Don’t take this video like it’s going to grow your account. There is no holy grail. You need patience, to understand how price action works 5% of the time, you’ll never know price action 100% of the time, never over leverage and you need balls of steel. Good luck",1669,46,https://www.youtube.com/watch?v=tS9o8aQjADY,UgzC866k6Mgm_xpRjb14AaABAg,Short (trả lời comment): “Don’t take this video like it’s going to grow your account. There is no holy gra” → giải thích cực gọn cho người mới trong 45 giây.,run_forex_entry_confirmation,Backlog
PP-0005,9.991,entry_timing|education_gap,entry_timing,Okay? But how did you decide to enter on the pullback when it didn't even reach the area of demand the second time. Am I missing something here?,286,38,https://www.youtube.com/watch?v=tS9o8aQjADY,UgwXuK6CHjOBmINI11h4AaABAg,"Short (trả lời comment): “Okay? But how did you decide to enter on the pullback when it didn't even reach ” → 3 điểm xác nhận trước khi vào lệnh, demo trên chart.",run_forex_entry_confirmation,Backlog
PP-0006,9.871,other_question_or_pain,other_question_or_pain,"I'm 26 years old, lost my dad about half a year ago and I'm going to receive some sum soon. Would it be smart to grow my money in stocks for a few years and then invest in rental properties afterwards, or should go more deep investing in forex?",679,8,https://www.youtube.com/watch?v=kis7l0y1JUg,UgyKhXw6vjm4DyGsHah4AaABAg,"Short (trả lời comment): “I'm 26 years old, lost my dad about half a year ago and I'm going to receive som” → câu trả lời thẳng + 1 bước hành động ngay.",run_forex_entry_confirmation,Backlog
PP-0007,9.665,other_question_or_pain,other_question_or_pain,"The market is very unstable and you can not tell If it's going bearish or bullish. I advise y'all to forget predictions and start making a good profit now because future valuations are all speculations and guesses.When these reports are bullish take some off to the side lines, when news gets bearish start buying. ""Keep it simple simple"" that bear/correction was the best thing that happened me. But all thanks to Hamish Grizzard, for his amazing skills for helping me to earn 14.6 Btc through trading chart. I believe we are in the spring phase...",627,6,https://www.youtube.com/watch?v=kis7l0y1JUg,UgxbhkVzSlY28HtN7yh4AaABAg,Short (trả lời comment): “The market is very unstable and you can not tell If it's going bearish or bullis” → câu trả lời thẳng + 1 bước hành động ngay.,run_forex_entry_confirmation,Backlog
PP-0008,9.586,entry_timing|strategy_rules,entry_timing,"The 5-Step Strategy: 1. Identify Trend Direction: Align the 1-hour and 15-minute time frames 2. Mark Liquidity and Points of Interest (POI): Identify demand/supply zones and areas where retail stop-losses reside 3. Wait for Mitigation: Be patient until price reaches a chosen POI 4. Entry Model: Wait for a clear liquidity sweep before entering 5. Targets and Stop-Loss: Use the nearest swing high or low for targets and place stop-losses below the ""protected"" low or high created by the liquidity sweep",662,23,https://www.youtube.com/watch?v=en8RMFRqSME,UgwfV2uran2NjIdGwm94AaABAg,"Short (trả lời comment): “The 5-Step Strategy: 1. Identify Trend Direction: Align the 1-hour and 15-minute” → 3 điểm xác nhận trước khi vào lệnh, demo trên chart.",run_gold_scalping_strategy,Backlog
PP-0009,9.576,other_question_or_pain,other_question_or_pain,"I’m done with this. Candle strategies are too hard for beginners. I’ve watched tons of videos and paid for three courses, but nothing works. Theory isn’t helping I need real results. Anyone know a real person who teaches by going through live charts with you? This is my last try.",121,20,https://www.youtube.com/watch?v=_YVQN6_nkfs,UgzelLDDsf21ZTWn1CZ4AaABAg,Short (trả lời comment): “I’m done with this. Candle strategies are too hard for beginners. I’ve watched t” → câu trả lời thẳng + 1 bước hành động ngay.,run_how_to_trade_gold_for_beginners,Backlog
PP-0010,9.366,entry_timing,entry_timing,Liquidity sweep enters that chat 😂,811,16,https://www.youtube.com/watch?v=tS9o8aQjADY,UgxBCUagGJ8KxWq9--14AaABAg,"Short (trả lời comment): “Liquidity sweep enters that chat 😂” → 3 điểm xác nhận trước khi vào lệnh, demo trên chart.",run_forex_entry_confirmation,Backlog
PP-0011,8.881,strategy_rules,strategy_rules,I came here again for comment about this strategy. Highly recommend. Working like like cheat code.,531,14,https://www.youtube.com/watch?v=3E7k47dZeWk,Ugx-rBw5OfI-x9TFXlN4AaABAg,"Short (trả lời comment): “I came here again for comment about this strategy. Highly recommend. Working lik” → chiến lược này dùng khung nào, áp dụng ra sao trong 60 giây.",run_gold_price_action_trading,Backlog
PP-0012,8.523,education_gap,education_gap,Well explained I appreciate 🙌 I can't wait to get started because people are really making a lot of money from it nowadays,105,24,https://www.youtube.com/watch?v=kis7l0y1JUg,UgzB5nULFrjYW-dZtKB4AaABAg,Short (trả lời comment): “Well explained I appreciate 🙌 I can't wait to get started because people are rea” → giải thích cực gọn cho người mới trong 45 giây.,run_forex_entry_confirmation,Backlog
PP-0013,8.418,risk_management,risk_management,Wherever I keep stop loss the market just hits it and reverse back with way big heights,289,19,https://www.youtube.com/watch?v=JrDNeM9p2J4,Ugw2uafwZ0pQNv1ftrF4AaABAg,Short (trả lời comment): mở bằng “Wherever I keep stop loss the market just hits it and reverse back with way big ” → 3 bước quản lý vốn/stop loss cho XAUUSD.,run_forex_risk_management_stop_loss,Backlog
PP-0014,8.265,risk_management|strategy_rules,risk_management,"1. have winning bigger than your losses. 2. have filters 3. think in probabilities and not in certainty 4. take breaks instead of quitting 5. create a strategy that fits your personality 6. don't chase 7. work on yourself 8. make sure you understand the bigger picture 9.ask for help 10. get enough sleep,",67,21,https://www.youtube.com/watch?v=I29peidTQxU,UgyDiM1OyWIPWRIT3WF4AaABAg,Short (trả lời comment): mở bằng “1. have winning bigger than your losses. 2. have filters 3. think in probabiliti” → 3 bước quản lý vốn/stop loss cho XAUUSD.,run_gold_scalping_strategy,Backlog
PP-0015,8.132,strategy_rules,strategy_rules,"I’ve traded almost everyday for the past five years..the best working strategies are out there kept secret..if my strategy is really working, the last thing I would do is put it on YouTube for the market manipulators to watch it then start manipulating my setups..my point is…stop looking for strategies on YouTube cos non of them works and go watch the market for yourself..I promise it won’t be long until something hits you..and when you find that something keep it a secret",194,24,https://www.youtube.com/watch?v=Qgx3t-pmzN8,Ugz-80_LybkvK7mOl1l4AaABAg,"Short (trả lời comment): “I’ve traded almost everyday for the past five years..the best working strategies” → chiến lược này dùng khung nào, áp dụng ra sao trong 60 giây.",run_gold_price_action_trading,Backlog
PP-0016,8.115,risk_management|entry_timing|strategy_rules|psychology,risk_management,"I love your videos but theres a couple of notes that needed to be clarified: 1) 300 PIPS on lot size 0.1 = 300$ 2) always use good Risk management & dont be greedy (if a trade keeps you up all night from sleeping dont enter it) , risk 1-3% of your capital per day ! not more !!! 3) Your stops sometimes are way to far , you could wait for a better price the market always gives you a chance , dont worry about FOMO 4) Always backtest any strategy before executing it with real money 5) no such thing as 1000$ every day , with that mindset you'll force your trades and chaos will occur ( you're gonna try to restore all your losses then boom you lost all your money) *Tip : treat it like a marathon not a race , getting rich quick is not a thing , dont gamble your trades !",259,4,https://www.youtube.com/watch?v=AY7fWmE1CBk,UgxgAoNwVahOfwW5GfJ4AaABAg,Short (trả lời comment): mở bằng “I love your videos but theres a couple of notes that needed to be clarified: 1) ” → 3 bước quản lý vốn/stop loss cho XAUUSD.,run_XAUUSD_trading_strategy,Backlog
PP-0017,8.113,risk_management|education_gap,risk_management,"This actually works, I wait for the candlestick to touch back my OB and guess what BOMB, it fall 50 pips in less than a min, hit my SL",214,11,https://www.youtube.com/watch?v=I29peidTQxU,UgxPz404tA-b41jwYSp4AaABAg,"Short (trả lời comment): mở bằng “This actually works, I wait for the candlestick to touch back my OB and guess wh” → 3 bước quản lý vốn/stop loss cho XAUUSD.",run_gold_scalping_strategy,Backlog
PP-0018,7.872,entry_timing|education_gap,entry_timing,"I entered trading with the hope of learning as I went, but while I thoroughly enjoyed the challenge, the harsh reality hit me hard. YouTube alone >>wasn't enough to provide comprehensive knowledge, and the constant ups and downs left me guessing. I lost more >>Than I won, but the experience taught me what I was missing.",168,11,https://www.youtube.com/watch?v=tS9o8aQjADY,Ugya8W-oTByQYDJ4AKV4AaABAg,"Short (trả lời comment): “I entered trading with the hope of learning as I went, but while I thoroughly en” → 3 điểm xác nhận trước khi vào lệnh, demo trên chart.",run_forex_entry_confirmation,Backlog
PP-0019,7.685,entry_timing,entry_timing,"You forgot rule 1. Determine whether the daily candlestick closes above or below the opening price. If everyone can determine the direction of the close of the daily candlestick, no one would be losing. They just have to wait for the low of day if bullish or high of day if bearish, then enter.",187,10,https://www.youtube.com/watch?v=npfiV52dXoc,UgxfouKI4s7ha2c2CJ94AaABAg,"Short (trả lời comment): “You forgot rule 1. Determine whether the daily candlestick closes above or below” → 3 điểm xác nhận trước khi vào lệnh, demo trên chart.",run_forex_risk_management_stop_loss,Backlog
PP-0020,7.601,education_gap,education_gap,again recorded charts. Anyone can sound like they know what they are talking about when they already know where the chart is going to move 😅,190,8,https://www.youtube.com/watch?v=sK-_6uIGMck,UgyH7gHu24h7OK0c6EN4AaABAg,Short (trả lời comment): “again recorded charts. Anyone can sound like they know what they are talking abo” → giải thích cực gọn cho người mới trong 45 giây.,run_gold_price_action_trading,Backlog
PP-0021,7.592,psychology,psychology,"Surprisingly people are trading without fear of making losses, while so many people out there are patiently waiting for BTC price to skyrocket",163,11,https://www.youtube.com/watch?v=kis7l0y1JUg,Ugz_pP9ZYiOAHqHhNQh4AaABAg,"Short (trả lời comment): “Surprisingly people are trading without fear of making losses, while so many peo” → cách lấy lại kỷ luật sau chuỗi thua, 1 phút thực hành.",run_forex_entry_confirmation,Backlog
PP-0022,7.465,education_gap,education_gap,"For experienced investors here, What’s the best way to make high profits from investing? Any recommendations for beginners?",45,15,https://www.youtube.com/watch?v=_YVQN6_nkfs,Ugw4LWAo9mUKuSx0vPN4AaABAg,"Short (trả lời comment): “For experienced investors here, What’s the best way to make high profits from in” → giải thích cực gọn cho người mới trong 45 giây.",run_how_to_trade_gold_for_beginners,Backlog
PP-0023,7.444,education_gap,education_gap,"Damn, that’s cool. Anyways how do I read a chart?",56,9,https://www.youtube.com/watch?v=JrDNeM9p2J4,Ugx9U2i6YhSxREg_U_t4AaABAg,"Short (trả lời comment): “Damn, that’s cool. Anyways how do I read a chart?” → giải thích cực gọn cho người mới trong 45 giây.",run_forex_risk_management_stop_loss,Backlog
PP-0024,7.35,education_gap,education_gap,How to trade gold? buy buy buuuuy!,57,7,https://www.youtube.com/watch?v=oc2zqnvsqi0,Ugwgp-K4BVHAx3A_Oil4AaABAg,Short (trả lời comment): “How to trade gold? buy buy buuuuy!” → giải thích cực gọn cho người mới trong 45 giây.,run_how_to_trade_gold_for_beginners,Backlog
PP-0025,7.341,education_gap,education_gap,"That will sometimes work if the price is already bottomed out and on the brink of a reversal or during a strong up-trend, but most of the time, in the set-up being shown which is in a down trend, what you're seeing at the beginning would be a pullback before the price drops to make a new low...so you'd either lose a lot or a little depending on your stop. You cannot use the first 15 minutes to determine anything because there's a lot more at play than just whether the price moves above or below the first 15 minute candle. That's why the example used is one of a reversal that could be seen a mile away and not one of the 95 out of 100 times that this wouldn't work at all or would net a very small profit.",48,10,https://www.youtube.com/watch?v=I29peidTQxU,UgxTP07Q4LC_oXR8wXx4AaABAg,Short (trả lời comment): “That will sometimes work if the price is already bottomed out and on the brink o” → giải thích cực gọn cho người mới trong 45 giây.,run_gold_scalping_strategy,Backlog
PP-0026,7.326,other_question_or_pain,other_question_or_pain,"Getting into the market and trading sounded simple at first, but once I got in, the price swings and mixed information made everything more confusing. I’ve tested several strategies,_ yet the results are just not there. Seeing others move ahead while I struggle has been frustrating. Has anyone actually worked with someone who guides you step by step instead of recycled content? I need real guidance...",16,11,https://www.youtube.com/watch?v=tS9o8aQjADY,UgxjjB-vAt43_HB9O754AaABAg,"Short (trả lời comment): “Getting into the market and trading sounded simple at first, but once I got in, ” → câu trả lời thẳng + 1 bước hành động ngay.",run_forex_entry_confirmation,Backlog
PP-0027,7.255,strategy_rules|broker_platform,strategy_rules,"Has anyone actually made consistent money doing this? I’ve been trading for months now, I have gone through three different courses, and I keep blowing accounts. Every time I feel like I’ve finally nailed a strategy, the market does the complete opposite. I’m one more loss away from deleting the broker app and quitting for good.",29,14,https://www.youtube.com/watch?v=XBcMiYK7qYY,UgzpKv_moMJoa8zO1v54AaABAg,"Short (trả lời comment): “Has anyone actually made consistent money doing this? I’ve been trading for mont” → chiến lược này dùng khung nào, áp dụng ra sao trong 60 giây.",run_gold_scalping_strategy,Backlog
PP-0028,7.142,strategy_rules|education_gap,strategy_rules,"I think whatever you have explained in this, it worked today on 15m timeframe! Great job!!",140,3,https://www.youtube.com/watch?v=sK-_6uIGMck,Ugxv8oBVmj_m-q3bxAp4AaABAg,"Short (trả lời comment): “I think whatever you have explained in this, it worked today on 15m timeframe! G” → chiến lược này dùng khung nào, áp dụng ra sao trong 60 giây.",run_gold_price_action_trading,Backlog
PP-0029,7.009,risk_management|strategy_rules|education_gap,risk_management,"Wow, this video was a game-changer for me! I've always struggled with setting my stop losses effectively, but using the ATR indicator makes so much sense. It's amazing how a simple adjustment can significantly improve the performance of my trading strategies. Thanks for sharing this invaluable tip",49,1,https://www.youtube.com/watch?v=npfiV52dXoc,Ugzrww4_hbdqvjfz9OF4AaABAg,"Short (trả lời comment): mở bằng “Wow, this video was a game-changer for me! I've always struggled with setting my” → 3 bước quản lý vốn/stop loss cho XAUUSD.",run_forex_risk_management_stop_loss,Backlog
PP-0030,6.982,strategy_rules,strategy_rules,"pro tip: learn one tradeing strategy , focus , be consistent , be patient , diciplined , keep them all together and start tradeing.",137,4,https://www.youtube.com/watch?v=kis7l0y1JUg,UgyntZMzIESD2UtM5ut4AaABAg,"Short (trả lời comment): “pro tip: learn one tradeing strategy , focus , be consistent , be patient , dici” → chiến lược này dùng khung nào, áp dụng ra sao trong 60 giây.",run_forex_entry_confirmation,Backlog
PP-0031,6.958,risk_management,risk_management,"There are so many videos misleading n time wasting. Thx for keeping it simple n straight forward. Am very new to trading and trying to learn before I jump in, so this video is so helpful.. .Thx",63,2,https://www.youtube.com/watch?v=XBcMiYK7qYY,Ugy-JBYwdAPXhH3hpAh4AaABAg,Short (trả lời comment): mở bằng “There are so many videos misleading n time wasting. Thx for keeping it simple n ” → 3 bước quản lý vốn/stop loss cho XAUUSD.,run_gold_scalping_strategy,Backlog
PP-0032,6.941,entry_timing,entry_timing,price needs a valid body close at the end .....thats a clear entry,111,6,https://www.youtube.com/watch?v=sK-_6uIGMck,UgwQo4FUydp8WxNiOD54AaABAg,"Short (trả lời comment): “price needs a valid body close at the end .....thats a clear entry” → 3 điểm xác nhận trước khi vào lệnh, demo trên chart.",run_gold_price_action_trading,Backlog
PP-0033,6.937,education_gap,education_gap,I've been trading independently for the past six months but have been <experiencing losses. Can anyone offer guidance on how to achieve profitability?,28,13,https://www.youtube.com/watch?v=4tFcM7NcefU,Ugxjxu83iKgTbErkUZJ4AaABAg,Short (trả lời comment): “I've been trading independently for the past six months but have been <experienc” → giải thích cực gọn cho người mới trong 45 giây.,run_forex_entry_confirmation,Backlog
PP-0034,6.927,education_gap,education_gap,"I started trading to pay bills. No other source of income. Do or die. Now I make about $400-$500 per day on small pre-market moves. Yes, I trade the trend on the 5 minute chart using 9 EMA and VWAP. I learned the hard way how to take a small profit. It’s ok to close a small trade and be done for the day. it’s all about the psychology. When I stopped trying to turn a $300 trade into a $1,000 trade, I started winning. Thank you, Chris James",72,15,https://www.youtube.com/watch?v=0L6Rcgp6j7Y,UgzKx1YysG8FXwPg_9B4AaABAg,Short (trả lời comment): “I started trading to pay bills. No other source of income. Do or die. Now I make” → giải thích cực gọn cho người mới trong 45 giây.,run_gold_price_action_trading,Backlog
PP-0035,6.87,education_gap,education_gap,"One thing you guys need to understand is liquidity, and only then you'll come to realise why you were stopped out...",68,15,https://www.youtube.com/watch?v=JrDNeM9p2J4,UgxlXpLkgMzMu8SDOm54AaABAg,"Short (trả lời comment): “One thing you guys need to understand is liquidity, and only then you'll come to” → giải thích cực gọn cho người mới trong 45 giây.",run_forex_risk_management_stop_loss,Backlog
PP-0036,6.827,strategy_rules|education_gap,strategy_rules,"Trading is the real investment. The process of trading can be complicated when you have limited knowledge. However, with the right strategy and setups, you can be successful. That's the whole point of investing..",83,5,https://www.youtube.com/watch?v=0L6Rcgp6j7Y,UgwCULZbsiaecMPplP54AaABAg,"Short (trả lời comment): “Trading is the real investment. The process of trading can be complicated when y” → chiến lược này dùng khung nào, áp dụng ra sao trong 60 giây.",run_gold_price_action_trading,Backlog
PP-0037,6.786,other_question_or_pain,other_question_or_pain,"I'm honestly tired at this point. I've changed strategies, stayed patient, studied for hours and still my account keeps bleeding. Watching everyone else post profits while I struggle to stay consistent is mentally draining. Starting to wonder if trading is actually real, or if most of us are just being set up to lose",21,17,https://www.youtube.com/watch?v=XBcMiYK7qYY,Ugy-uAgE4e-v1KuEKpR4AaABAg,"Short (trả lời comment): “I'm honestly tired at this point. I've changed strategies, stayed patient, studi” → câu trả lời thẳng + 1 bước hành động ngay.",run_gold_scalping_strategy,Backlog
PP-0038,6.778,entry_timing|strategy_rules|education_gap,entry_timing,"I do have a question. For someone with less than $200k to invest, how would you recommend we enter the market? I’m thinking of studying some traders and just copying their strategy instead of doing it myself and panic-selling. What’s your take on that approach?",14,13,https://www.youtube.com/watch?v=_YVQN6_nkfs,Ugx7eBceMIXuxeY0fMB4AaABAg,"Short (trả lời comment): “I do have a question. For someone with less than $200k to invest, how would you ” → 3 điểm xác nhận trước khi vào lệnh, demo trên chart.",run_how_to_trade_gold_for_beginners,Backlog
PP-0039,6.759,risk_management|education_gap,risk_management,"I'm completely new to trading. I've watched numerous tutorials, but I'm still struggling to grasp the concepts. I'm eager to learn the ropes properly, and you seem to have a good handle on it. Those charts just confuse me. My goal is to become a profitable trader, but I'm uncertain how to implement risk management strategies. Since joining a trading channel, I've already lost $62k. I'm baffled by how people actually make significant profits in trading",110,2,https://www.youtube.com/watch?v=0L6Rcgp6j7Y,UgwFrL_45e6c2C7Nz7J4AaABAg,"Short (trả lời comment): mở bằng “I'm completely new to trading. I've watched numerous tutorials, but I'm still st” → 3 bước quản lý vốn/stop loss cho XAUUSD.",run_gold_price_action_trading,Backlog
PP-0040,6.758,education_gap,education_gap,I’ve tried like 6 different 1-minute scalping strategies and always get stopped out or overtrade. How do these guys make it look so effortless? Is there anyone who actually teaches how to do this the right way in real time?,21,16,https://www.youtube.com/watch?v=_YVQN6_nkfs,Ugzv7wHe6tIEi-9hAjp4AaABAg,Short (trả lời comment): “I’ve tried like 6 different 1-minute scalping strategies and always get stopped ” → giải thích cực gọn cho người mới trong 45 giây.,run_how_to_trade_gold_for_beginners,Backlog
PP-0041,6.756,strategy_rules,strategy_rules,It was one of the first indicators I learnt when I started learning trading. Finally found a practical use to it,173,1,https://www.youtube.com/watch?v=JrDNeM9p2J4,UgySzBF6OKZxcJH3ALF4AaABAg,"Short (trả lời comment): “It was one of the first indicators I learnt when I started learning trading. Fin” → chiến lược này dùng khung nào, áp dụng ra sao trong 60 giây.",run_forex_risk_management_stop_loss,Backlog
PP-0042,6.683,risk_management|education_gap,risk_management,"I came into trading with high expectations, only to realize how misleading simplicity can be...Volatile markets and inconsistent advice led to confusion, and despite testing different approaches, results haven’t followed. Instead of staying frustrated by others progress, I’m seeking solid, practical guidance to rebuild my approach the right way.",45,14,https://www.youtube.com/watch?v=0L6Rcgp6j7Y,Ugy7VNZjUF8u3gf83ll4AaABAg,"Short (trả lời comment): mở bằng “I came into trading with high expectations, only to realize how misleading simpl” → 3 bước quản lý vốn/stop loss cho XAUUSD.",run_gold_price_action_trading,Backlog
PP-0043,6.651,entry_timing|psychology,entry_timing,"In trading, possessing technical analysis skills is not sufficient on its own; discipline and emotional maturity play crucial roles in achieving success. Embracing the mindset of ""time in the market vs. timing the market"" proves valuable, especially during market fluctuations. I attribute my growing daily earnings to Smith Leo valuable insights and daily trade signals, coupled with my commitment to continuous learning. Kudos to the journey ahead!",60,7,https://www.youtube.com/watch?v=tS9o8aQjADY,UgyIvtNH0_bqLvD0XMR4AaABAg,"Short (trả lời comment): “In trading, possessing technical analysis skills is not sufficient on its own; d” → 3 điểm xác nhận trước khi vào lệnh, demo trên chart.",run_forex_entry_confirmation,Backlog
PP-0044,6.624,risk_management,risk_management,So basically pick a stop loss based on your gut feeling. Then set it just a bit lower than that? Got it!,29,6,https://www.youtube.com/watch?v=JrDNeM9p2J4,Ugy-xWs3Fyd4XtPK8J54AaABAg,Short (trả lời comment): mở bằng “So basically pick a stop loss based on your gut feeling. Then set it just a bit ” → 3 bước quản lý vốn/stop loss cho XAUUSD.,run_forex_risk_management_stop_loss,Backlog
PP-0045,6.604,risk_management|education_gap,risk_management,"I came into trading with high expectations, only to realize how misleading simplicity can be.. Volatile markets and inconsistent advice led to confusion, and despite testing different approaches, results haven’t followed. Instead of staying frustrated by others progress, I’m seeking solid, practical guidance to rebuild my approach the right way.",43,13,https://www.youtube.com/watch?v=Qgx3t-pmzN8,UgwwyU3sQfKgSbzFlAh4AaABAg,"Short (trả lời comment): mở bằng “I came into trading with high expectations, only to realize how misleading simpl” → 3 bước quản lý vốn/stop loss cho XAUUSD.",run_gold_price_action_trading,Backlog
PP-0046,6.57,risk_management|psychology|education_gap,risk_management,"Really solid breakdown 🔥 This is the kind of trading content people need to see, not just the wins, but the process behind the outcome. What stood out for me is the discipline and how you managed risk throughout the trade. That’s what separates consistent traders from gamblers. Too many people focus only on entries, but this shows how important execution, patience, and psychology are. Keep sharing this type of value, it’s very educational and realistic",31,14,https://www.youtube.com/watch?v=xXy2CBssQQA,UgxANOxR0uQdBI9DXD54AaABAg,"Short (trả lời comment): mở bằng “Really solid breakdown 🔥 This is the kind of trading content people need to see,” → 3 bước quản lý vốn/stop loss cho XAUUSD.",run_gold_scalping_strategy,Backlog
PP-0047,6.488,education_gap,education_gap,"I am so happy I followed my guts to invest in crypto, it has been an amazing journey with the help of Zane Omar trading platform, i'm able to monitor my accounts as it grows and also learn how to trade. He is a man of his words, Very transparent and dedicated towards making profits for his investors. He is well experienced and always willing to help. I just made another huge win today and purchasing a new car with the gains.",39,2,https://www.youtube.com/watch?v=kis7l0y1JUg,Ugzw1KHgbMaTuucKEZR4AaABAg,"Short (trả lời comment): “I am so happy I followed my guts to invest in crypto, it has been an amazing jou” → giải thích cực gọn cho người mới trong 45 giây.",run_forex_entry_confirmation,Backlog
PP-0048,6.463,other_question_or_pain,other_question_or_pain,I do recommend newbies to invest on Zane Omar platform as he is committed in giving the best trading experience with the aim of helping you attain financial freedom and also helping you create an additional stream of income. I have made a lot of profits using his platform and I highly recommend him.,38,2,https://www.youtube.com/watch?v=kis7l0y1JUg,UgzesY_erkn6o38Q9954AaABAg,Short (trả lời comment): “I do recommend newbies to invest on Zane Omar platform as he is committed in giv” → câu trả lời thẳng + 1 bước hành động ngay.,run_forex_entry_confirmation,Backlog
PP-0049,6.46,other_question_or_pain,other_question_or_pain,"I’ve tried everything, and this market keeps crushing me. 😩 It’s like I take two steps forward and five back. I’ve blown through strategies, watched hours of YouTube, paid for 3 courses… still can’t stay consistent. If anyone’s worked with a mentor who actually helps you trade while you’re learning, I’m listening. I’m done with theory I need results.",17,13,https://www.youtube.com/watch?v=npfiV52dXoc,UgzydYMFNzw5r-cBBk14AaABAg,"Short (trả lời comment): “I’ve tried everything, and this market keeps crushing me. 😩 It’s like I take two” → câu trả lời thẳng + 1 bước hành động ngay.",run_forex_risk_management_stop_loss,Backlog
PP-0050,6.454,strategy_rules,strategy_rules,Don't chase the market. Wait at the strong support and resistance zone. Use divergence indicator to pinpoint the next price movement and and also reveal the market makers real intention.,90,3,https://www.youtube.com/watch?v=JrDNeM9p2J4,UgyAJmG7T4pqzCH0u4Z4AaABAg,"Short (trả lời comment): “Don't chase the market. Wait at the strong support and resistance zone. Use dive” → chiến lược này dùng khung nào, áp dụng ra sao trong 60 giây.",run_forex_risk_management_stop_loss,Backlog
PP-0051,6.402,strategy_rules|education_gap,strategy_rules,"I heard from someone who is very successful as a retail trader, that “We don’t want to catch the whole move, just the middle of it” Personally - Price action is a great for showing the strength of one side, and indicators like moving averages really help to confirm the volume coming in.",34,1,https://www.youtube.com/watch?v=0L6Rcgp6j7Y,UgyfmG0oue8DEi_1Grd4AaABAg,"Short (trả lời comment): “I heard from someone who is very successful as a retail trader, that “We don’t w” → chiến lược này dùng khung nào, áp dụng ra sao trong 60 giây.",run_gold_price_action_trading,Backlog
PP-0052,6.377,strategy_rules,strategy_rules,"I’ve tried so many scalping strategies, but they never seem to work for me. I keep getting in too early or too late, and I always end up overtrading. Is this “stupid simple” strategy really worth it, or just another gimmick?",15,14,https://www.youtube.com/watch?v=_YVQN6_nkfs,Ugz5u1loSTDT4tGZae54AaABAg,"Short (trả lời comment): “I’ve tried so many scalping strategies, but they never seem to work for me. I ke” → chiến lược này dùng khung nào, áp dụng ra sao trong 60 giây.",run_how_to_trade_gold_for_beginners,Backlog
PP-0053,6.361,risk_management|strategy_rules|education_gap,risk_management,"That's my struggle before. My stop loss always got hit before going to the direction TP. Then i found a way to solve that problem. I learned how to use the divergence indicators like RSI and Stochastic. Also i plot the support and resistance zone at higher timeframe for strong confluence. When the price hit the zone, i go down to lower timeframe and observe the movement of price vs. the indicator. When there's opposite direction, it's a divergence. Wether it's bullish or bearish divergence. Then i put the stop loss like everyone does, below the last swing. You might ask why am i using two oscillator. It's because the stochastic can spot divergence that RSI can't.",36,0,https://www.youtube.com/watch?v=JrDNeM9p2J4,Ugw2uafwZ0pQNv1ftrF4AaABAg.A04zwHxOOFVA079H1335PX,Short (trả lời comment): mở bằng “That's my struggle before. My stop loss always got hit before going to the direc” → 3 bước quản lý vốn/stop loss cho XAUUSD.,run_forex_risk_management_stop_loss,Backlog
PP-0054,6.302,risk_management|strategy_rules|psychology|education_gap,risk_management,"Getting oriented before diving into trading is crucial, especially for newcomers. I lost money in the beginning because I didn't have the right knowledge or strategy. Everything changed after I found a course that taught me how to trade with discipline and proper risk management. $120k profit, and there’s still more profit to come next month.",29,9,https://www.youtube.com/watch?v=npfiV52dXoc,UgzUn0pM7O8IUQk1sHh4AaABAg,"Short (trả lời comment): mở bằng “Getting oriented before diving into trading is crucial, especially for newcomers” → 3 bước quản lý vốn/stop loss cho XAUUSD.",run_forex_risk_management_stop_loss,Backlog
PP-0055,6.284,risk_management|psychology,risk_management,"After retirement, I started my trading journey with a $3,360 account, focusing on small-cap momentum strategies. By applying the risk management principles taught by Gary Anderson , I’ve been able to scale that capital to $26,539 over the last few weeks. It’s a rewarding start that validates the importance of a disciplined, data-driven process.",28,16,https://www.youtube.com/watch?v=_YVQN6_nkfs,UgztXoXP-2aw5Xmf6KJ4AaABAg,"Short (trả lời comment): mở bằng “After retirement, I started my trading journey with a $3,360 account, focusing o” → 3 bước quản lý vốn/stop loss cho XAUUSD.",run_how_to_trade_gold_for_beginners,Backlog
PP-0056,6.232,education_gap,education_gap,"Honestly, I’m tired. I’ve done the courses. I’ve watched the videos. But reading charts on my own still isn’t working. What I need now is someone real who can walk with me live, step by step. If you know a good mentor, I’d really appreciate the help.This means a lot to me.",12,16,https://www.youtube.com/watch?v=XBcMiYK7qYY,Ugylq_YVpcNSVKPrxpJ4AaABAg,"Short (trả lời comment): “Honestly, I’m tired. I’ve done the courses. I’ve watched the videos. But reading” → giải thích cực gọn cho người mới trong 45 giây.",run_gold_scalping_strategy,Backlog
PP-0057,6.23,risk_management,risk_management,"I gained 30% from Gold last week. This weekend, Gold took it back as I was shorting it during the weekend. It bursted from 2580 to 2622 in a span of 4 - 5 hours. Good thing I didn't risk the capital and just let go of the gain.",41,11,https://www.youtube.com/watch?v=oc2zqnvsqi0,UgzMiwGGFKY0tOxhY_N4AaABAg,"Short (trả lời comment): mở bằng “I gained 30% from Gold last week. This weekend, Gold took it back as I was short” → 3 bước quản lý vốn/stop loss cho XAUUSD.",run_how_to_trade_gold_for_beginners,Backlog
PP-0058,6.207,psychology,psychology,"With the market constantly shifting, I find myself either selling too soon or holding on too long. I'm not looking for shortcuts, I just want to stay disciplined, make smarter decisions, and navigate the market with more confidence.",37,13,https://www.youtube.com/watch?v=IyrbbmKv3RE,UgwXvR7RRHmrpIFKEHN4AaABAg,"Short (trả lời comment): “With the market constantly shifting, I find myself either selling too soon or ho” → cách lấy lại kỷ luật sau chuỗi thua, 1 phút thực hành.",run_forex_entry_confirmation,Backlog
PP-0059,6.167,other_question_or_pain,other_question_or_pain,This helped me recover my blowed account I now make profit thanks 🎉,28,2,https://www.youtube.com/watch?v=MKJz4yURCEs,Ugz6noyI0Cg1fCG2isR4AaABAg,Short (trả lời comment): “This helped me recover my blowed account I now make profit thanks 🎉” → câu trả lời thẳng + 1 bước hành động ngay.,run_gold_price_action_trading,Backlog
PP-0060,6.137,risk_management|psychology,risk_management,If you are worrying about your stop loss its because you took a trade at poor value and have to have a longer stop loss as a result. You need to be willing to wait for the price to come to you on the edge or outside of its range then you can afford a better stop loss in relation to the current range of the market. Its all about patience and not giving in to fomo. Easier said then done though.,38,6,https://www.youtube.com/watch?v=JrDNeM9p2J4,UgzXVrt0q0IY4ZVfDT14AaABAg,Short (trả lời comment): mở bằng “If you are worrying about your stop loss its because you took a trade at poor va” → 3 bước quản lý vốn/stop loss cho XAUUSD.,run_forex_risk_management_stop_loss,Backlog
PP-0061,6.1,other_question_or_pain,other_question_or_pain,"Try learning about fair value gaps. They can be useful... if price doesn't 'retest' most likely there's an imbalance in the market, and the market is trying to rebalance that key area first, before another big move. But please do research first I may be wrong?",46,0,https://www.youtube.com/watch?v=Qgx3t-pmzN8,UgxSiJWtc11rIJcYp4h4AaABAg.9oWyUrrmb8x9ou7Ee8tiSL,Short (trả lời comment): “Try learning about fair value gaps. They can be useful... if price doesn't 'rete” → câu trả lời thẳng + 1 bước hành động ngay.,run_gold_price_action_trading,Backlog
PP-0062,6.09,education_gap,education_gap,"These trades seem to be very selected. Look at the chart at 11:25. Just before where the trade is being placed, there are two more very similar situations (price hitting supply zone, engulfing candle, EMA crossover). Why werent the trades placed there? If you would place your trades in any of those two previous opportunities, you would have been stopped out at the top of the third opportunity. But you never explain why you dont take those two trades and then decide to take the third one. You just explain that you took the third trade where you are not stopped out and hit TP.",18,5,https://www.youtube.com/watch?v=AY7fWmE1CBk,UgyIUUwD0YyWVBEND8J4AaABAg,Short (trả lời comment): “These trades seem to be very selected. Look at the chart at 11:25. Just before w” → giải thích cực gọn cho người mới trong 45 giây.,run_XAUUSD_trading_strategy,Backlog
PP-0063,6.086,entry_timing,entry_timing,"""Before we enter, we wanna see if the price respects our area of demand first""",125,0,https://www.youtube.com/watch?v=tS9o8aQjADY,UgxBCUagGJ8KxWq9--14AaABAg.AJ7_I_QrsLnAQUdYUU0vqz,"Short (trả lời comment): “""Before we enter, we wanna see if the price respects our area of demand first""” → 3 điểm xác nhận trước khi vào lệnh, demo trên chart.",run_forex_entry_confirmation,Backlog
PP-0064,6.065,education_gap,education_gap,"I honestly need some real advice. I've been trading for about a year now, bought 3 different courses, and I'm still not consistently profitable. Some days I feel like I'm finally getting it, then the next week I'm back to square one. If you've been through this stage, what actually changed for you? And if you're still struggling like me, feel free to say so too. I think a lot of us read these comments hoping to learn from people who have already been where we are.",10,16,https://www.youtube.com/watch?v=_YVQN6_nkfs,UgxzvKXSM7s4kWVpJuh4AaABAg,"Short (trả lời comment): “I honestly need some real advice. I've been trading for about a year now, bought” → giải thích cực gọn cho người mới trong 45 giây.",run_how_to_trade_gold_for_beginners,Backlog
PP-0065,6.062,risk_management,risk_management,"trmakasih mas tama. setelah menrrapkan rule 1% per trade slama 6 bulan akun saya bertumbuh, profitnya jadi makin besar dengan resiko yg kecil. trading jadi tenang",40,8,https://www.youtube.com/watch?v=v_8HUVzO-rw,UgzzGjd_4J_MchPH04R4AaABAg,Short (trả lời comment): mở bằng “trmakasih mas tama. setelah menrrapkan rule 1% per trade slama 6 bulan akun saya” → 3 bước quản lý vốn/stop loss cho XAUUSD.,run_forex_risk_management_stop_loss,Backlog
PP-0066,6.038,risk_management|psychology,risk_management,"I didn’t get into crypto believing it was quick cash. I began with uncertainty and setbacks, spent years studying market movements, managing risk, developing patience, and gradually building a disciplined approach to trading and investing that many people rarely discuss.",26,11,https://www.youtube.com/watch?v=0L6Rcgp6j7Y,UgxVJHQpgGTWiQPepO14AaABAg,Short (trả lời comment): mở bằng “I didn’t get into crypto believing it was quick cash. I began with uncertainty a” → 3 bước quản lý vốn/stop loss cho XAUUSD.,run_gold_price_action_trading,Backlog
PP-0067,6.026,strategy_rules|education_gap,strategy_rules,"Awesome strategy and clearly explained.. 1.Will it be applied to all stocks, indexes and options (CE/PE) charts? 2. What time frame have to follow for scalping? Thanks",16,3,https://www.youtube.com/watch?v=XBcMiYK7qYY,UgxxIvg8JKAzofCssm54AaABAg,"Short (trả lời comment): “Awesome strategy and clearly explained.. 1.Will it be applied to all stocks, ind” → chiến lược này dùng khung nào, áp dụng ra sao trong 60 giây.",run_gold_scalping_strategy,Backlog
PP-0068,6.018,other_question_or_pain,other_question_or_pain,Subbed because no one’s ever helped me understand trading this much,24,2,https://www.youtube.com/watch?v=JrDNeM9p2J4,UgzdVD-MbdJP15Ev6L94AaABAg,Short (trả lời comment): “Subbed because no one’s ever helped me understand trading this much” → câu trả lời thẳng + 1 bước hành động ngay.,run_forex_risk_management_stop_loss,Backlog
PP-0069,5.966,risk_management,risk_management,"The fact is that BTC symbolises the future of cryptocurrency, and traders are wondering if now is the best moment to trade, I feel you should examine the situation more closely before jumping to any conclusion. BTC's price has been fluctuating over the previous days, signaling that the market has become unstable and that is it impossible to anticipate whether it will go bearish or bullish. Others are patient, while others continue to trade with no risk. It all depends on the pattern you're trading and the source of your signal;",78,1,https://www.youtube.com/watch?v=kis7l0y1JUg,UgxGzqMYFD9WRgnnRoF4AaABAg,"Short (trả lời comment): mở bằng “The fact is that BTC symbolises the future of cryptocurrency, and traders are wo” → 3 bước quản lý vốn/stop loss cho XAUUSD.",run_forex_entry_confirmation,Backlog
PP-0070,5.966,risk_management|psychology,risk_management,"As a beginner in trading, keep these four principles firmly in mind: 1. Think long-term. Real success in trading is built over time, not overnight. 2. Be prepared to take calculated risks. Every investment carries risk, so learn to manage it wisely. 3. Be disciplined with your money. If your spending is not helping you grow or generate returns, reconsider it. 4. Never assume you know everything. Stay humble, keep learning, ask questions, and seek guidance from a qualified financial advisor whenever possible.",7,15,https://www.youtube.com/watch?v=XBcMiYK7qYY,Ugz50xVtVdQnI6l8QUJ4AaABAg,"Short (trả lời comment): mở bằng “As a beginner in trading, keep these four principles firmly in mind: 1. Think lo” → 3 bước quản lý vốn/stop loss cho XAUUSD.",run_gold_scalping_strategy,Backlog
PP-0071,5.945,other_question_or_pain,other_question_or_pain,"3:59, We can see a long, bearish candle with no wicks. Going by the same logic as before, wouldn't that also mean that the sellers want to lower the price? Shouldn't the price continue a downtrend?",17,4,https://www.youtube.com/watch?v=0L6Rcgp6j7Y,Ugw8p4HArYEVJ2QrYLF4AaABAg,"Short (trả lời comment): “3:59, We can see a long, bearish candle with no wicks. Going by the same logic a” → câu trả lời thẳng + 1 bước hành động ngay.",run_gold_price_action_trading,Backlog
PP-0072,5.94,strategy_rules,strategy_rules,Make a full video on gold trading strategy pls..,76,1,https://www.youtube.com/watch?v=MKJz4yURCEs,UgzxomsIiSuev-Bjft94AaABAg,"Short (trả lời comment): “Make a full video on gold trading strategy pls..” → chiến lược này dùng khung nào, áp dụng ra sao trong 60 giây.",run_gold_price_action_trading,Backlog
PP-0073,5.894,strategy_rules,strategy_rules,"Spot gold will rise to $3000. I specialize in technical analysis of gold—following the market is the best trading strategy, and fundamentals are all deceptive.",29,11,https://www.youtube.com/watch?v=7HD5ZG2MmeQ,UgzIac6L5pHjTXirvuV4AaABAg,"Short (trả lời comment): “Spot gold will rise to $3000. I specialize in technical analysis of gold—followi” → chiến lược này dùng khung nào, áp dụng ra sao trong 60 giây.",run_gold_price_action_trading,Backlog
PP-0074,5.842,risk_management,risk_management,almost got caught slippin at 7:22,56,2,https://www.youtube.com/watch?v=7f2bpEwiJCY,Ugym5sg_DzDHfBZuD7h4AaABAg,Short (trả lời comment): mở bằng “almost got caught slippin at 7:22” → 3 bước quản lý vốn/stop loss cho XAUUSD.,run_forex_risk_management_stop_loss,Backlog
PP-0075,5.839,risk_management,risk_management,"lol there is something called lower high and lower low for a reason, it keeps changing all time. No one knows the new high or the new bottom in the future. You can draw support and resistance , but if you trade based on that, you will lose because you don’t really know when resistance or support will break. Best way of making money if to surf and have strict stop loss and good TP and enough wind",43,4,https://www.youtube.com/watch?v=tS9o8aQjADY,UgyA8BGhlM-VfSwZLuJ4AaABAg,"Short (trả lời comment): mở bằng “lol there is something called lower high and lower low for a reason, it keeps ch” → 3 bước quản lý vốn/stop loss cho XAUUSD.",run_forex_entry_confirmation,Backlog
PP-0076,5.776,entry_timing,entry_timing,"It didn't break the last low, it swept only, your entry cannot be based on that sorry",16,3,https://www.youtube.com/watch?v=sK-_6uIGMck,Ugw-C82INwTwda0il3Z4AaABAg,"Short (trả lời comment): “It didn't break the last low, it swept only, your entry cannot be based on that ” → 3 điểm xác nhận trước khi vào lệnh, demo trên chart.",run_gold_price_action_trading,Backlog
PP-0077,5.772,education_gap,education_gap,"Since you don't know in advance where the market goes setting an ATR sounds reasonable from the start... but accordingly to what I mentioned before think of the following: what if the ATR is not respected at all and you have to handle an even bigger loss than before... You have to consider where prices are cheap and expensive... where your areas of interest are... and many things more... Trading looks easy... but it demands dedication, education and patience...",45,3,https://www.youtube.com/watch?v=JrDNeM9p2J4,UgylgWr8UPieExjiEZ14AaABAg,Short (trả lời comment): “Since you don't know in advance where the market goes setting an ATR sounds reas” → giải thích cực gọn cho người mới trong 45 giây.,run_forex_risk_management_stop_loss,Backlog
PP-0078,5.763,education_gap,education_gap,How to use 10X trading sysytem?,14,4,https://www.youtube.com/watch?v=3E7k47dZeWk,UgzzKdlqr0XzcuBWXVF4AaABAg,Short (trả lời comment): “How to use 10X trading sysytem?” → giải thích cực gọn cho người mới trong 45 giây.,run_gold_price_action_trading,Backlog
PP-0079,5.695,risk_management,risk_management,"I started trading with $12,000. Learned you have to trade like a robot. Manage risk, etc. I will work my way up. Learning the tools etc. Making $19,000-$20,000 per trade for now on wins. Losses are very limited but happen. I like thus trend line trading! It's so simple. Thanks for the video",21,14,https://www.youtube.com/watch?v=tS9o8aQjADY,UgxX4rUOyw7kYAFa0294AaABAg,"Short (trả lời comment): mở bằng “I started trading with $12,000. Learned you have to trade like a robot. Manage r” → 3 bước quản lý vốn/stop loss cho XAUUSD.",run_forex_entry_confirmation,Backlog
PP-0080,5.681,education_gap,education_gap,Basically it’s a rewind so he knows where the market go.. i wish they show us the real live trade,41,3,https://www.youtube.com/watch?v=AY7fWmE1CBk,Ugxs84oo9SgqJg3EWY54AaABAg,Short (trả lời comment): “Basically it’s a rewind so he knows where the market go.. i wish they show us th” → giải thích cực gọn cho người mới trong 45 giây.,run_XAUUSD_trading_strategy,Backlog
PP-0081,5.681,risk_management,risk_management,Thanks bro for allthings your the best. In today video snall error about 0.1 lot size means in 300 pips in 300usd 1 lot size means 1 pips in 10usdt that means 3000 pips means 3000usd for watching peoples,41,3,https://www.youtube.com/watch?v=AY7fWmE1CBk,UgyHAyIbZtieOF0aB1V4AaABAg,Short (trả lời comment): mở bằng “Thanks bro for allthings your the best. In today video snall error about 0.1 lot” → 3 bước quản lý vốn/stop loss cho XAUUSD.,run_XAUUSD_trading_strategy,Backlog
PP-0082,5.678,risk_management|entry_timing,risk_management,"that's because of the institutions know where you'll place your SL, so they'll buy there and move the market. They want to buy at cheap price. So next time imagine where you'll buy at cheap price, and have entry there. this might help you",23,0,https://www.youtube.com/watch?v=JrDNeM9p2J4,Ugw2uafwZ0pQNv1ftrF4AaABAg.A04zwHxOOFVA6hxgQNvsxo,"Short (trả lời comment): mở bằng “that's because of the institutions know where you'll place your SL, so they'll b” → 3 bước quản lý vốn/stop loss cho XAUUSD.",run_forex_risk_management_stop_loss,Backlog
PP-0083,5.674,strategy_rules,strategy_rules,Good strategy bro,58,1,https://www.youtube.com/watch?v=3E7k47dZeWk,UgwNEGVBJWfROdeMIkl4AaABAg,"Short (trả lời comment): “Good strategy bro” → chiến lược này dùng khung nào, áp dụng ra sao trong 60 giây.",run_gold_price_action_trading,Backlog
PP-0084,5.672,entry_timing|education_gap,entry_timing,"Enter at the hidden demand level, explain that please",28,4,https://www.youtube.com/watch?v=3E7k47dZeWk,UgyfUYqPJTRh4Pj9ZkR4AaABAg,"Short (trả lời comment): “Enter at the hidden demand level, explain that please” → 3 điểm xác nhận trước khi vào lệnh, demo trên chart.",run_gold_price_action_trading,Backlog
PP-0085,5.652,strategy_rules|psychology|education_gap,strategy_rules,"In 2023, I was working two jobs and had exactly $7,500 to my name. Most people told me I was 'late' to the market, but I ignored the noise and mastered just 4 indicators. Today, I’ve officially hit my first $1M in profit. It's not about how much you start with; it’s about having a strategy and the discipline to stick to it when everyone else panics.",11,16,https://www.youtube.com/watch?v=_YVQN6_nkfs,UgwwSK1iPWe4kHzL3m14AaABAg,"Short (trả lời comment): “In 2023, I was working two jobs and had exactly $7,500 to my name. Most people t” → chiến lược này dùng khung nào, áp dụng ra sao trong 60 giây.",run_how_to_trade_gold_for_beginners,Backlog
PP-0086,5.651,education_gap,education_gap,"@Adar195 essentially, institutions trade with such large amounts of volume, now I'm sure you understand, for every buyer there needs to be a seller, vice versa. Now institutions cannot trade as regular, as there's no participant willing to buy or sell their moves, so essentially, institutions have to manipulate the market, stopping out all retail members, which in return creates liquidity, and this liquidity is basically like a key which gives them access to make their next move... If you do not know what I mean by institutions and retail, a quick Google search will do the trick. God bless 🙏🏽",29,0,https://www.youtube.com/watch?v=JrDNeM9p2J4,UgxlXpLkgMzMu8SDOm54AaABAg.9cNkBhJhAJN9cy65bFrkIo,"Short (trả lời comment): “@Adar195 essentially, institutions trade with such large amounts of volume, now ” → giải thích cực gọn cho người mới trong 45 giây.",run_forex_risk_management_stop_loss,Backlog
PP-0087,5.581,education_gap,education_gap,09:30am is new York market open. 10am is 4-hour time rotation. Most markets show trap & shift patterns which one can use to grab easy 50 to 100 pips.,37,3,https://www.youtube.com/watch?v=I29peidTQxU,Ugzqaz_PRdxFY5c_JUF4AaABAg,Short (trả lời comment): “09:30am is new York market open. 10am is 4-hour time rotation. Most markets show” → giải thích cực gọn cho người mới trong 45 giây.,run_gold_scalping_strategy,Backlog
PP-0088,5.548,strategy_rules,strategy_rules,this strategy is golden! i tried it today n scored over 1000 in profits,51,1,https://www.youtube.com/watch?v=AY7fWmE1CBk,UgwIoK3o9e6aF0Jz1u54AaABAg,"Short (trả lời comment): “this strategy is golden! i tried it today n scored over 1000 in profits” → chiến lược này dùng khung nào, áp dụng ra sao trong 60 giây.",run_XAUUSD_trading_strategy,Backlog
PP-0089,5.546,other_question_or_pain,other_question_or_pain,If you wait for that same candlestick to close above or below... That means the day has finished and you've waited for nothing?,26,0,https://www.youtube.com/watch?v=npfiV52dXoc,UgxfouKI4s7ha2c2CJ94AaABAg.A8q5nl8P0FsABXKlPdOUMk,Short (trả lời comment): “If you wait for that same candlestick to close above or below... That means the ” → câu trả lời thẳng + 1 bước hành động ngay.,run_forex_risk_management_stop_loss,Backlog
PP-0090,5.54,education_gap,education_gap,"Fair value gap (fvg) is an area where price rises or drops significantly within a short period of time, this doesn’t allow people to buy or sell in that fvg. So naturally price is drawn back into the fvg, and you get what’s called retracement. This is when you’re in an uptrend (uptrend is when price is generally moving upward) and then price moves down a little but then continues back up. Using a fair value gap is a way to predict retracement, that way you can buy in at a lower price and you’re already expecting price to continue increasing so you can make your profits",72,0,https://www.youtube.com/watch?v=npfiV52dXoc,UgxfHEHjpOtGZ8vOu9t4AaABAg.AJ_8jbNmcLqAKbaH4yGNrO,Short (trả lời comment): “Fair value gap (fvg) is an area where price rises or drops significantly within ” → giải thích cực gọn cho người mới trong 45 giây.,run_forex_risk_management_stop_loss,Backlog
PP-0091,5.455,risk_management,risk_management,You should make a full video On Atr and stop loss...,66,0,https://www.youtube.com/watch?v=JrDNeM9p2J4,UgzEbY7fN5NmgYO2VXN4AaABAg,Short (trả lời comment): mở bằng “You should make a full video On Atr and stop loss...” → 3 bước quản lý vốn/stop loss cho XAUUSD.,run_forex_risk_management_stop_loss,Backlog
PP-0092,5.455,risk_management,risk_management,Stop losses please,66,0,https://www.youtube.com/watch?v=I29peidTQxU,UgzAKfBz0cPtWg3OL8Z4AaABAg.AMLrMnWN52CAN6-7Yqz2FB,Short (trả lời comment): mở bằng “Stop losses please” → 3 bước quản lý vốn/stop loss cho XAUUSD.,run_gold_scalping_strategy,Backlog
PP-0093,5.43,education_gap,education_gap,"Heyy bro, how about making videos with the live market, when to execute order and other stuffs.Glad it will help us alot. Thank you🤝🏻",16,1,https://www.youtube.com/watch?v=kis7l0y1JUg,UgzseOZTDEvjd-LGZWZ4AaABAg,"Short (trả lời comment): “Heyy bro, how about making videos with the live market, when to execute order an” → giải thích cực gọn cho người mới trong 45 giây.",run_forex_entry_confirmation,Backlog
PP-0094,5.39,risk_management|strategy_rules|psychology,risk_management,"I started crypto trading in 2021, but by 2022, I had lost a lot because I was trading without proper guidance or a structured strategy. I eventually stepped away. In early 2025, I returned with a different mindset focused on market structure, risk management, and discipline. Starting with $10,000, I’ve since grown my portfolio to around $280,000. The biggest difference was learning to trade with a strategy rather than emotions.",10,11,https://www.youtube.com/watch?v=0L6Rcgp6j7Y,Ugw-ShZiNePHvqkk13B4AaABAg,"Short (trả lời comment): mở bằng “I started crypto trading in 2021, but by 2022, I had lost a lot because I was tr” → 3 bước quản lý vốn/stop loss cho XAUUSD.",run_gold_price_action_trading,Backlog
PP-0095,5.388,other_question_or_pain,other_question_or_pain,"Thank a lot, but have one issue not understand, is it use the pervious daily bar to set the non trading zone?🤔🤔",5,1,https://www.youtube.com/watch?v=npfiV52dXoc,Ugx4QEB58nfkM86UE9N4AaABAg,"Short (trả lời comment): “Thank a lot, but have one issue not understand, is it use the pervious daily bar” → câu trả lời thẳng + 1 bước hành động ngay.",run_forex_risk_management_stop_loss,Backlog
PP-0096,5.365,risk_management,risk_management,just don’t place ur sl on top of a gap 😂,24,5,https://www.youtube.com/watch?v=JrDNeM9p2J4,UgwqqZaDwmGS09uEiOZ4AaABAg,Short (trả lời comment): mở bằng “just don’t place ur sl on top of a gap 😂” → 3 bước quản lý vốn/stop loss cho XAUUSD.,run_forex_risk_management_stop_loss,Backlog
PP-0097,5.334,risk_management,risk_management,I will just set my buys from your original sl down ;),41,1,https://www.youtube.com/watch?v=JrDNeM9p2J4,UgwtFMkw7a9BW1IF-dB4AaABAg,Short (trả lời comment): mở bằng “I will just set my buys from your original sl down ;)” → 3 bước quản lý vốn/stop loss cho XAUUSD.,run_forex_risk_management_stop_loss,Backlog
PP-0098,5.302,risk_management,risk_management,"kenapa orang pemula atau kebanyakan fokus ke profit? iya itu karena modal, para pemula kebanyakan modal sedikit. modal 300 rb kalo return dan risk cuma 1%:1% ya mereka ga kerasa, bahkan ketika dinaikan 20% perhari tetap ga kerasa. mereka melihatnya nominalnya bukan persenannya (karna modal kecil). beda lagi meraka modal besar, katakanlah modal 100jt untuk return dan risk 1%:1% mungkin akan bisa diterima.",7,6,https://www.youtube.com/watch?v=v_8HUVzO-rw,UgzusYQmjVwPEuYkhWt4AaABAg,"Short (trả lời comment): mở bằng “kenapa orang pemula atau kebanyakan fokus ke profit? iya itu karena modal, para ” → 3 bước quản lý vốn/stop loss cho XAUUSD.",run_forex_risk_management_stop_loss,Backlog
PP-0099,5.284,education_gap,education_gap,"Great video! Simple, to the point, and well explained. You have a new follower! Question, what time frame did you use to show all 4 price action ways? Thanks",11,2,https://www.youtube.com/watch?v=0L6Rcgp6j7Y,UgzAOyHpkeYG8acFM3R4AaABAg,"Short (trả lời comment): “Great video! Simple, to the point, and well explained. You have a new follower! ” → giải thích cực gọn cho người mới trong 45 giây.",run_gold_price_action_trading,Backlog
PP-0100,5.274,strategy_rules,strategy_rules,something unique - i am just a normal person whose grinding 9-5. I've taken a chance and left my job and focusing on your strategy so i can have better life! The buck stops with your strategy!,24,4,https://www.youtube.com/watch?v=nCBF6wrOKic,UgxWgGWjXTGlXBn2bYF4AaABAg,"Short (trả lời comment): “something unique - i am just a normal person whose grinding 9-5. I've taken a ch” → chiến lược này dùng khung nào, áp dụng ra sao trong 60 giây.",run_gold_scalping_strategy,Backlog
PP-0101,5.196,education_gap,education_gap,How did that actually help you stop losing? i just want to be able to take a trade without my heart racing.,6,0,https://www.youtube.com/watch?v=XBcMiYK7qYY,UgzpKv_moMJoa8zO1v54AaABAg.Ab14TW7fe9QAb2riUf9fyA,Short (trả lời comment): “How did that actually help you stop losing? i just want to be able to take a tra” → giải thích cực gọn cho người mới trong 45 giây.,run_gold_scalping_strategy,Backlog
PP-0102,5.167,risk_management,risk_management,I uses 200 / 50/ 20 ma and stocastics oscillator. Sell when cross over and occilator over bought. In 5 minutes and sell at. When acollator at almost over sell. Low risk low profit but. Can trade multiple times,18,6,https://www.youtube.com/watch?v=fSp-jMvNOhE,UgyEVh_KhD9GiSxxjWd4AaABAg,Short (trả lời comment): mở bằng “I uses 200 / 50/ 20 ma and stocastics oscillator. Sell when cross over and occil” → 3 bước quản lý vốn/stop loss cho XAUUSD.,run_gold_scalping_strategy,Backlog
PP-0103,5.139,risk_management|education_gap,risk_management,just saw your false breakout video and backtested this on demo account i put my stop loss below resistance the price touched stoploss then made a swing high. how to avoid this problem. Even if my prediction is correct it goes wrong as it hits stoploss,6,3,https://www.youtube.com/watch?v=IyrbbmKv3RE,Ugz0R94CijWGbZ4SGC94AaABAg,Short (trả lời comment): mở bằng “just saw your false breakout video and backtested this on demo account i put my ” → 3 bước quản lý vốn/stop loss cho XAUUSD.,run_forex_entry_confirmation,Backlog
PP-0104,5.132,education_gap,education_gap,"Thanks man I truly appreciate your dedication making trading very simple and you finished videos so quickly, comprehensive and concise. I've been following many traders, but no one like you explained",27,2,https://www.youtube.com/watch?v=JrDNeM9p2J4,UgzL2d1_YadhYkL5_Xp4AaABAg,Short (trả lời comment): “Thanks man I truly appreciate your dedication making trading very simple and you” → giải thích cực gọn cho người mới trong 45 giây.,run_forex_risk_management_stop_loss,Backlog
PP-0105,5.121,strategy_rules,strategy_rules,Bro just use your own strategy and master it and ur good bruh stick to one don’t go crazy and hope strategy’s learn one see profit and also understand the market and become better with ur strategy💯,47,0,https://www.youtube.com/watch?v=npfiV52dXoc,UgxfHEHjpOtGZ8vOu9t4AaABAg.AJ_8jbNmcLqALJJKXADYnO,"Short (trả lời comment): “Bro just use your own strategy and master it and ur good bruh stick to one don’t” → chiến lược này dùng khung nào, áp dụng ra sao trong 60 giây.",run_forex_risk_management_stop_loss,Backlog
PP-0106,5.109,broker_platform|education_gap,broker_platform,"Great stuff, I am new in trading still learning, can you help me please , which is the best and easy app for gold trading ? And how to create broker account Thanks",4,0,https://www.youtube.com/watch?v=oc2zqnvsqi0,Ugx8-CYjHGxtpOWva7t4AaABAg,"Short (trả lời comment): “Great stuff, I am new in trading still learning, can you help me please , which ” → spread/slippage/sàn cần kiểm tra gì trước khi chọn broker.",run_how_to_trade_gold_for_beginners,Backlog
PP-0107,5.079,entry_timing,entry_timing,Use fair value gaps for reentry,22,3,https://www.youtube.com/watch?v=I29peidTQxU,Ugwud9o7t82cUBwxdZh4AaABAg,"Short (trả lời comment): “Use fair value gaps for reentry” → 3 điểm xác nhận trước khi vào lệnh, demo trên chart.",run_gold_scalping_strategy,Backlog
PP-0108,5.065,strategy_rules|education_gap,strategy_rules,How to get the indicator?,12,0,https://www.youtube.com/watch?v=3E7k47dZeWk,Ugx-rBw5OfI-x9TFXlN4AaABAg.AIAGxaHLOEAAKj0j5XuuPm,"Short (trả lời comment): “How to get the indicator?” → chiến lược này dùng khung nào, áp dụng ra sao trong 60 giây.",run_gold_price_action_trading,Backlog
PP-0109,5.065,strategy_rules|education_gap,strategy_rules,What timeframes do you trade this strat on?,12,0,https://www.youtube.com/watch?v=XBcMiYK7qYY,UgyK9H60DLQiFiRS5DZ4AaABAg.9UKXne7iGtJ9y9DeKAlGQV,"Short (trả lời comment): “What timeframes do you trade this strat on?” → chiến lược này dùng khung nào, áp dụng ra sao trong 60 giây.",run_gold_scalping_strategy,Backlog
PP-0110,5.062,strategy_rules,strategy_rules,This strategy works 95% of the time but the thing with the strategy is most of the time it fails to hit the TP,15,7,https://www.youtube.com/watch?v=XBcMiYK7qYY,UgygLgPaaESt28lz8xV4AaABAg,"Short (trả lời comment): “This strategy works 95% of the time but the thing with the strategy is most of t” → chiến lược này dùng khung nào, áp dụng ra sao trong 60 giây.",run_gold_scalping_strategy,Backlog
PP-0111,5.034,risk_management,risk_management,"I only made -99%... On my whole account Thanks, Tesla!",43,0,https://www.youtube.com/watch?v=JrDNeM9p2J4,UgwQl2aEtYgExVsuyrB4AaABAg.9e3LyxFRtt49fMi_WmbltG,"Short (trả lời comment): mở bằng “I only made -99%... On my whole account Thanks, Tesla!” → 3 bước quản lý vốn/stop loss cho XAUUSD.",run_forex_risk_management_stop_loss,Backlog
PP-0112,5.034,strategy_rules,strategy_rules,This was a back to basics strategy for me. A good fall back when things aren't going well. Awesome stuff.,21,3,https://www.youtube.com/watch?v=XBcMiYK7qYY,Ugw63BBtNGa9gMUKBNF4AaABAg,"Short (trả lời comment): “This was a back to basics strategy for me. A good fall back when things aren't g” → chiến lược này dùng khung nào, áp dụng ra sao trong 60 giây.",run_gold_scalping_strategy,Backlog
PP-0113,5.031,education_gap,education_gap,"Good morning Nick I've been trading gold myself in the futures market. The one hour trend with supply and demand has been unbelievably easy to trade I get in and out level to level and I've been stopped out a minimum amount of times compared to how many times I've hit my target, this might be the easiest trading and profitable time for gold ever in my 11 years of full-time trading",30,1,https://www.youtube.com/watch?v=oc2zqnvsqi0,Ugw3FGkoculj5lvUZcN4AaABAg,Short (trả lời comment): “Good morning Nick I've been trading gold myself in the futures market. The one h” → giải thích cực gọn cho người mới trong 45 giây.,run_how_to_trade_gold_for_beginners,Backlog
PP-0114,5.023,education_gap,education_gap,"thank you tradinglab, however what time frame is best for the stratery?",7,3,https://www.youtube.com/watch?v=XBcMiYK7qYY,UgxE363Oz35usSyKH1l4AaABAg,"Short (trả lời comment): “thank you tradinglab, however what time frame is best for the stratery?” → giải thích cực gọn cho người mới trong 45 giây.",run_gold_scalping_strategy,Backlog
PP-0115,5.023,education_gap,education_gap,how with 0.15lots you make 292k with just 2 postion on gold ??,7,3,https://www.youtube.com/watch?v=en8RMFRqSME,UgzxSdAcbdDhSVJUjPJ4AaABAg,Short (trả lời comment): “how with 0.15lots you make 292k with just 2 postion on gold ??” → giải thích cực gọn cho người mới trong 45 giây.,run_gold_scalping_strategy,Backlog
PP-0116,5.005,risk_management|education_gap,risk_management,"The stock market rally started Thursday strong but reversed solidly lower, undercutting the lows of the prior few days. It's a reason to be cautious in the very short term. But the pullback could be setting the stage for another solid advance. Tesla (TSLA) continued to climb Thursday, even though the EV giant pared intraday gains. TSLA stock has now more than doubled from its Jan. 6 bear-market low,I'm still at a crossroads deciding if to liquidate my $238k stock portfolio, what’s the best way to take advantage of this bear market?",4,5,https://www.youtube.com/watch?v=0L6Rcgp6j7Y,UgxxSrVGC7EPt0KUz7F4AaABAg,"Short (trả lời comment): mở bằng “The stock market rally started Thursday strong but reversed solidly lower, under” → 3 bước quản lý vốn/stop loss cho XAUUSD.",run_gold_price_action_trading,Backlog
PP-0117,5.001,education_gap,education_gap,"How are you making so much money with a 0.15-lot short position? That can’t be right. The price of gold would have had to be around $20,000.",6,4,https://www.youtube.com/watch?v=en8RMFRqSME,UgztmfvgmNdhpn-s-hJ4AaABAg,Short (trả lời comment): “How are you making so much money with a 0.15-lot short position? That can’t be r” → giải thích cực gọn cho người mới trong 45 giây.,run_gold_scalping_strategy,Backlog
PP-0118,4.994,other_question_or_pain,other_question_or_pain,where to get that 10x trading system?,10,1,https://www.youtube.com/watch?v=3E7k47dZeWk,UgyGiqDScpm6kgwKr4h4AaABAg,Short (trả lời comment): “where to get that 10x trading system?” → câu trả lời thẳng + 1 bước hành động ngay.,run_gold_price_action_trading,Backlog
PP-0119,4.983,education_gap,education_gap,"Still rather new to all this but I have a question for anyone that can help... How can I trade gold (or platinum, which I've had luck with on virtual currency accounts) in the US?",3,1,https://www.youtube.com/watch?v=fSp-jMvNOhE,UgwvZj-VhWAXp1dlqC14AaABAg,Short (trả lời comment): “Still rather new to all this but I have a question for anyone that can help... H” → giải thích cực gọn cho người mới trong 45 giây.,run_gold_scalping_strategy,Backlog
PP-0120,4.966,risk_management|entry_timing,risk_management,"@productivity3358, there was a FVG there that was basically a magnet so Its better to wait for that Retracement back into the FVG (taking that liquidity) and have a much better entry and tighter SL",31,0,https://www.youtube.com/watch?v=JrDNeM9p2J4,UgzOG26SL9fsu8u_-114AaABAg.9u8l1C8Y766A26s9tojz5K,"Short (trả lời comment): mở bằng “@productivity3358, there was a FVG there that was basically a magnet so Its bett” → 3 bước quản lý vốn/stop loss cho XAUUSD.",run_forex_risk_management_stop_loss,Backlog
PP-0121,4.958,other_question_or_pain,other_question_or_pain,This a great tip! It won’t always work especially with a doji style candle but should help you majority of the time! Plus price usually retraces so it’s still 50/50,14,0,https://www.youtube.com/watch?v=npfiV52dXoc,UgzRKn51u-WpsCQ9Uml4AaABAg,Short (trả lời comment): “This a great tip! It won’t always work especially with a doji style candle but s” → câu trả lời thẳng + 1 bước hành động ngay.,run_forex_risk_management_stop_loss,Backlog
PP-0122,4.945,risk_management|entry_timing,risk_management,"Bang kalau 1% SL cepet banget kehit, apakah problemnya dientry bang??",2,1,https://www.youtube.com/watch?v=v_8HUVzO-rw,Ugztpyxknqt29w2bAZN4AaABAg,"Short (trả lời comment): mở bằng “Bang kalau 1% SL cepet banget kehit, apakah problemnya dientry bang??” → 3 bước quản lý vốn/stop loss cho XAUUSD.",run_forex_risk_management_stop_loss,Backlog
PP-0123,4.928,risk_management|entry_timing|education_gap,risk_management,That's why you put an order limit or order stop where you would put your stop loss. When the institutions target those those stop loss levels before the market reverses... it'll trigger your order. Now entering you into a trade where you would have lost but instead has a higher profitability.,23,0,https://www.youtube.com/watch?v=JrDNeM9p2J4,Ugw2uafwZ0pQNv1ftrF4AaABAg.A04zwHxOOFVAAwDTksdSdf,Short (trả lời comment): mở bằng “That's why you put an order limit or order stop where you would put your stop lo” → 3 bước quản lý vốn/stop loss cho XAUUSD.,run_forex_risk_management_stop_loss,Backlog
PP-0124,4.918,education_gap,education_gap,I must say thank you for all the effort you put into teaching people on how to trade profitably. I hope to be able to save enough money to grab your paid course some day. Thank you again❤,15,5,https://www.youtube.com/watch?v=_D1MYH6D7jc,UgwWkZDUz95xxyFEJD54AaABAg,Short (trả lời comment): “I must say thank you for all the effort you put into teaching people on how to t” → giải thích cực gọn cho người mới trong 45 giây.,run_forex_risk_management_stop_loss,Backlog
PP-0125,4.872,education_gap,education_gap,"I looking forward to invest the little money i have to gain profit from it, How do i start up.",9,13,https://www.youtube.com/watch?v=kis7l0y1JUg,Ugy3RlTrjoiVD1S6pdB4AaABAg,"Short (trả lời comment): “I looking forward to invest the little money i have to gain profit from it, How ” → giải thích cực gọn cho người mới trong 45 giây.",run_forex_entry_confirmation,Backlog
PP-0126,4.855,education_gap,education_gap,Your ROI on copy trading is minus 48 % then how you can suggest others....,12,7,https://www.youtube.com/watch?v=-zrFkI1cm4o,Ugw4D6Hy_mdtUYBTR5B4AaABAg,Short (trả lời comment): “Your ROI on copy trading is minus 48 % then how you can suggest others....” → giải thích cực gọn cho người mới trong 45 giây.,run_forex_risk_management_stop_loss,Backlog
PP-0127,4.855,risk_management,risk_management,Do 1-2% risk per trade If you have a high strike rate and do compound interest everytime your account grows,25,1,https://www.youtube.com/watch?v=Dyg4lZo89sM,UgyaKfI_gxz9AbOmlqh4AaABAg,Short (trả lời comment): mở bằng “Do 1-2% risk per trade If you have a high strike rate and do compound interest e” → 3 bước quản lý vốn/stop loss cho XAUUSD.,run_forex_risk_management_stop_loss,Backlog
PP-0128,4.849,risk_management|entry_timing|psychology|education_gap,risk_management,"2 Esdras 7:75 I answered and said, ""If I have found favor in thy sight, O Lord, show this also to thy servant: whether after death, as soon as every one of us yields up his soul, we shall be kept in rest until those times come when thou wilt renew the creation, or whether we shall be tormented at once?"" 76 He answered me and said, ""I will show you that also, but do not be associated with those who have shown scorn, nor number yourself among those who are tormented. 77 For you have a treasure of works laid up with the Most High; but it will not be shown to you until the last times. 78 Now, concerning death, the teaching is: When the decisive decree has gone forth from the Most High that a man shall die, as the spirit leaves the body to return again to him who gave it, first of all it adores the glory of the Most High. 79 And if it is one of those who have shown scorn and have not kept the way of the Most High, and who have despised his law, and who have hated those who fear the Most High -- 80 such spirits shall not enter into habitations, but shall immediately wander about in torments, ever grieving and sad, in seven ways. 81 The first way, because they have scorned the law of the Most High. 82 The second way, because they cannot now make a good repentance that they may live. 83 The third way, they shall see the reward laid up for those who have trusted the covenants of the Most High. 84 The fourth way, they shall consider the torment laid up for themselves in the last days. 85 The fifth way, they shall see how the habitations of the others are guarded by angels in profound quiet. 86 The sixth way, they shall see how some of them will pass over into torments. 87 The seventh way, which is worse than all the ways that have been mentioned, because they shall utterly waste away in confusion and be consumed with shame, and shall wither with fear at seeing the glory of the Most High before whom they sinned while they were alive, and before whom they are to be judged in the last times. 88 ""Now this is the order of those who have kept the ways of the Most High, when they shall be separated from their mortal body. 89 During the time that they lived in it, they laboriously served the Most High, and withstood danger every hour, that they might keep the law of the Lawgiver perfectly. 90 Therefore this is the teaching concerning them: 91 First of all, they shall see with great joy the glory of him who receives them, for they shall have rest in seven orders. 92 The first order, because they have striven with great effort to overcome the evil thought which was formed with them, that it might not lead them astray from life into death. 93 The second order, because they see the perplexity in which the souls of the unrighteous wander, and the punishment that awaits them. 94 The third order, they see the witness which he who formed them bears concerning them, that while they were alive they kept the law which was given them in trust. 95 The fourth order, they understand the rest which they now enjoy, being gathered into their chambers and guarded by angels in profound quiet, and the glory which awaits them in the last days. 96 The fifth order, they rejoice that they have now escaped what is corruptible, and shall inherit what is to come; and besides they see the straits and toil from which they have been delivered, and the spacious liberty which they are to receive and enjoy in immortality. 97 The sixth order, when it is shown to them how their face is to shine like the sun, and how they are to be made like the light of the stars, being incorruptible from then on. 98 The seventh order, which is greater than all that have been mentioned, because they shall rejoice with boldness, and shall be confident without confusion, and shall be glad without fear, for they hasten to behold the face of him whom they served in life and from whom they are to receive their reward when glorified. 99 This is the order of the souls of the righteous, as henceforth is announced; and the aforesaid are the ways of torment which those who would not give heed shall suffer hereafter."" 100 I answered and said, ""Will time therefore be given to the souls, after they have been separated from the bodies, to see what you have described to me?"" 101 He said to me, ""They shall have freedom for seven days, so that during these seven days they may see the things of which you have been told, and afterwards they shall be gathered in their habitations."" 102 I answered and said, ""If I have found favor in thy sight, show further to me, thy servant, whether on the day of judgment the righteous will be able to intercede for the unrighteous or to entreat the Most High for them, 103 fathers for sons or sons for parents, brothers for brothers, relatives for their kinsmen, or friends for those who are most dear."" 104 He answered me and said, ""Since you have found favor in my sight, I will show you this also. The day of judgment is decisive and displays to all the seal of truth. Just as now a father does not send his son, or a son his father, or a master his servant, or a friend his dearest friend, to be ill or sleep or eat or be healed in his stead, 105 so no one shall ever pray for another on that day, neither shall any one lay a burden on another; for then every one shall bear his own righteousness and unrighteousness."" .....2 Esdras 7:75 /////////////////",2,0,https://www.youtube.com/watch?v=tS9o8aQjADY,UgwVoQwOMFAYbYEWUgR4AaABAg,"Short (trả lời comment): mở bằng “2 Esdras 7:75 I answered and said, ""If I have found favor in thy sight, O Lord, ” → 3 bước quản lý vốn/stop loss cho XAUUSD.",run_forex_entry_confirmation,Backlog
PP-0129,4.822,strategy_rules|education_gap,strategy_rules,How can I get access to this indicator please,15,2,https://www.youtube.com/watch?v=3E7k47dZeWk,Ugxpd4btSlU15F9W4TN4AaABAg,"Short (trả lời comment): “How can I get access to this indicator please” → chiến lược này dùng khung nào, áp dụng ra sao trong 60 giây.",run_gold_price_action_trading,Backlog
PP-0130,4.815,strategy_rules,strategy_rules,"Thanks for the video, interesting rules but no specified timeframe, assets or backtest results. Can't find any configuration where this strategy actually works. Also, scalping in the title is not consistent with the strategy itself.",12,0,https://www.youtube.com/watch?v=XBcMiYK7qYY,UgxW-5oee3eC1mOenox4AaABAg,"Short (trả lời comment): “Thanks for the video, interesting rules but no specified timeframe, assets or ba” → chiến lược này dùng khung nào, áp dụng ra sao trong 60 giây.",run_gold_scalping_strategy,Backlog
PP-0131,4.757,strategy_rules|education_gap,strategy_rules,"If your engulfing candle sign doesnt show up, it is because of heiken aishi. Dont forget to change your candles to standard. On the other hand, the strategy doesn't work on NEAR/USDC. It always goes to stop-loss.",14,2,https://www.youtube.com/watch?v=XBcMiYK7qYY,UgxiRibUssRZwjnOrVJ4AaABAg,"Short (trả lời comment): “If your engulfing candle sign doesnt show up, it is because of heiken aishi. Don” → chiến lược này dùng khung nào, áp dụng ra sao trong 60 giây.",run_gold_scalping_strategy,Backlog
PP-0132,4.755,entry_timing,entry_timing,"Mas, untuk capai target 10% per bulan gimana ya? Apakah harus entry tiap hari gitu? Moga dibikinin video khususnya😅🙏",4,5,https://www.youtube.com/watch?v=smtAdlhwFHA,UgyOT-_NPlxKjMp4lJZ4AaABAg,"Short (trả lời comment): “Mas, untuk capai target 10% per bulan gimana ya? Apakah harus entry tiap hari gi” → 3 điểm xác nhận trước khi vào lệnh, demo trên chart.",run_forex_risk_management_stop_loss,Backlog
PP-0133,4.747,education_gap,education_gap,This explanation would’ve saved me a lot of money early on. As a beginner I kept oversizing and paying tuition. I’ve been rebuilding with a rules-based approach and documenting what actually works for a small account.,32,0,https://www.youtube.com/watch?v=I29peidTQxU,Ugztrulx3CDPJ9fPyZJ4AaABAg,Short (trả lời comment): “This explanation would’ve saved me a lot of money early on. As a beginner I kept” → giải thích cực gọn cho người mới trong 45 giây.,run_gold_scalping_strategy,Backlog
PP-0134,4.735,education_gap,education_gap,"Drifting into the trading world without the help of a professional trader and expecting profits is like turning water into wine, you would need a miracle, that's why i trade with Samantha Jack, her skills set is exceptional.",5,3,https://www.youtube.com/watch?v=IyrbbmKv3RE,UgyVcgzrL4x2I3RFIGt4AaABAg,Short (trả lời comment): “Drifting into the trading world without the help of a professional trader and ex” → giải thích cực gọn cho người mới trong 45 giây.,run_forex_entry_confirmation,Backlog
PP-0135,4.735,risk_management,risk_management,That's is very useful for a Swing Trader like me! This Help Solve my Problem of where to Exit the Market where I previously know nowhere to Exit and Held Until Profit become Loss or BreakEvent!,5,3,https://www.youtube.com/watch?v=MKJz4yURCEs,UgxNOlqmXJeAOEXTw194AaABAg,Short (trả lời comment): mở bằng “That's is very useful for a Swing Trader like me! This Help Solve my Problem of ” → 3 bước quản lý vốn/stop loss cho XAUUSD.,run_gold_price_action_trading,Backlog
PP-0136,4.735,education_gap,education_gap,"Thanks for this valuable content 🙏 , and I have a query for David sir , I have practiced trade on demo account for 5 months now from last 2 days I am trading on live account , and my loses to profit ratio is 1:12 . What will you say about this is this a good start ??",3,8,https://www.youtube.com/watch?v=udvUjY5YLwo,Ugwjc3qdQS_tmUrMKv14AaABAg,"Short (trả lời comment): “Thanks for this valuable content 🙏 , and I have a query for David sir , I have p” → giải thích cực gọn cho người mới trong 45 giây.",run_how_to_trade_gold_for_beginners,Backlog
PP-0137,4.697,psychology|education_gap,psychology,"don’t quit yet dear. the fact that you’ve stuck it out for a year shows you have the discipline. the problem usually isn't the trader, it's the retail logic you're being taught.",8,0,https://www.youtube.com/watch?v=_YVQN6_nkfs,UgzelLDDsf21ZTWn1CZ4AaABAg.Ab9IgywOwlqAb9daUoNKOX,"Short (trả lời comment): “don’t quit yet dear. the fact that you’ve stuck it out for a year shows you have” → cách lấy lại kỷ luật sau chuỗi thua, 1 phút thực hành.",run_how_to_trade_gold_for_beginners,Backlog
PP-0138,4.684,strategy_rules,strategy_rules,"The strategy works though, but works most if you add it with market structure",30,0,https://www.youtube.com/watch?v=I29peidTQxU,UgwdYXZiOxQA6pFHThh4AaABAg.AJIJPxcah1ZAJO6jlkh2N-,"Short (trả lời comment): “The strategy works though, but works most if you add it with market structure” → chiến lược này dùng khung nào, áp dụng ra sao trong 60 giây.",run_gold_scalping_strategy,Backlog
PP-0139,4.664,other_question_or_pain,other_question_or_pain,"I want to trade in fx, Is it safe?",4,4,https://www.youtube.com/watch?v=xXy2CBssQQA,UgzhaZHTzLfz054KcOt4AaABAg,"Short (trả lời comment): “I want to trade in fx, Is it safe?” → câu trả lời thẳng + 1 bước hành động ngay.",run_gold_scalping_strategy,Backlog
PP-0140,4.648,education_gap,education_gap,"Hello, how did you achieve such returns? I'm a newbie and I've lost a lot of money investing on my own. Please can you advise on how to go about this?",10,0,https://www.youtube.com/watch?v=npfiV52dXoc,UgzUn0pM7O8IUQk1sHh4AaABAg.A_cn69S0B-mA_cq46wxLZz,"Short (trả lời comment): “Hello, how did you achieve such returns? I'm a newbie and I've lost a lot of mon” → giải thích cực gọn cho người mới trong 45 giây.",run_forex_risk_management_stop_loss,Backlog
PP-0141,4.648,education_gap,education_gap,"As long as you are paying attention to the patterns and you’re focused on the wicks and the candles, you’re not gonna have any problem, reading these charts and being able to predict what’s going on as long as you are well-versed in the possibilities",10,0,https://www.youtube.com/watch?v=I29peidTQxU,UgxZDvJ4VQdjnQqufKV4AaABAg,Short (trả lời comment): “As long as you are paying attention to the patterns and you’re focused on the wi” → giải thích cực gọn cho người mới trong 45 giây.,run_gold_scalping_strategy,Backlog
PP-0142,4.648,education_gap,education_gap,@BacktestAnalysisHubso what is the result of your back testing?,10,0,https://www.youtube.com/watch?v=XBcMiYK7qYY,UgzdJ5TV-eLUelXVJKF4AaABAg.A2dcbNZzNJgA6bp4_NjmKM,Short (trả lời comment): “@BacktestAnalysisHubso what is the result of your back testing?” → giải thích cực gọn cho người mới trong 45 giây.,run_gold_scalping_strategy,Backlog
PP-0143,4.617,education_gap,education_gap,there is lot of teachers out here who teach support and resitance but never teach how to wait be patience let the martket come to you or and key word hold for confirmation you are a very good teacher way to go champ.,28,0,https://www.youtube.com/watch?v=kis7l0y1JUg,Ugy6CuhyvT3y3zK8EYR4AaABAg,Short (trả lời comment): “there is lot of teachers out here who teach support and resitance but never teac” → giải thích cực gọn cho người mới trong 45 giây.,run_forex_entry_confirmation,Backlog
PP-0144,4.599,entry_timing|education_gap,entry_timing,"​@TheMovingAverage hi just happen to bump into this video . As someone new. Do i also draw support resistant on the 1hr chart as well because you mentioned only on 1 day time frame? If I am going to hold on long trades? Do I have to have a bigger capital to hold on . I have been scalping on m1 m5 time frame and i couldn't get the right entry point most of the times 😅. Possible to make a full video on how to trade gold on smaller time frames and bigger time frames. Really appreciate your help, buddy.",2,0,https://www.youtube.com/watch?v=MKJz4yURCEs,Ugz7k1tyR3oeW874VE94AaABAg,"Short (trả lời comment): “​@TheMovingAverage hi just happen to bump into this video . As someone new. Do i” → 3 điểm xác nhận trước khi vào lệnh, demo trên chart.",run_XAUUSD_trading_strategy,Backlog
PP-0145,4.592,strategy_rules,strategy_rules,This guy must be a trillionare since every strategy works for him he’s an all in one strategy 😂😂😂,19,1,https://www.youtube.com/watch?v=JrDNeM9p2J4,UgzBC41ZbVZFpJ5UeTx4AaABAg,"Short (trả lời comment): “This guy must be a trillionare since every strategy works for him he’s an all in” → chiến lược này dùng khung nào, áp dụng ra sao trong 60 giây.",run_forex_risk_management_stop_loss,Backlog
PP-0146,4.592,education_gap,education_gap,I just wish market structures shows as clean as yours shows here..trading would have been easier 😔,19,1,https://www.youtube.com/watch?v=xXy2CBssQQA,UgwwoubIPN4DoewfZmx4AaABAg,Short (trả lời comment): “I just wish market structures shows as clean as yours shows here..trading would ” → giải thích cực gọn cho người mới trong 45 giây.,run_gold_scalping_strategy,Backlog
PP-0147,4.591,other_question_or_pain,other_question_or_pain,"First of all, thanks for the amazing video. I have a question. When you say EMA should be 200, is this for daily chart, weekly, monthly or annual?",5,2,https://www.youtube.com/watch?v=XBcMiYK7qYY,UgwFn3Egxu5cT4o5tLN4AaABAg,"Short (trả lời comment): “First of all, thanks for the amazing video. I have a question. When you say EMA ” → câu trả lời thẳng + 1 bước hành động ngay.",run_gold_scalping_strategy,Backlog
PP-0148,4.553,broker_platform,broker_platform,Does this only apply for trading view can we use it for MT4 or MT5?,4,3,https://www.youtube.com/watch?v=3E7k47dZeWk,UgzNG3OlOOd5uAEa6EZ4AaABAg,Short (trả lời comment): “Does this only apply for trading view can we use it for MT4 or MT5?” → spread/slippage/sàn cần kiểm tra gì trước khi chọn broker.,run_gold_price_action_trading,Backlog
PP-0149,4.542,other_question_or_pain,other_question_or_pain,"i'm a beginner and your content helped me learn a lot, thank bro, please keep it going.",6,1,https://www.youtube.com/watch?v=JrDNeM9p2J4,Ugwdi9TQCcHhhP_B-kR4AaABAg,"Short (trả lời comment): “i'm a beginner and your content helped me learn a lot, thank bro, please keep it” → câu trả lời thẳng + 1 bước hành động ngay.",run_forex_risk_management_stop_loss,Backlog
PP-0150,4.542,education_gap,education_gap,"What is your time frame on these charts? Was this just examples or was this a 1min, 5min etc…? Thanks 🤙🏻",6,1,https://www.youtube.com/watch?v=0L6Rcgp6j7Y,Ugw0pQ26QAad2gi2Y5R4AaABAg,Short (trả lời comment): “What is your time frame on these charts? Was this just examples or was this a 1m” → giải thích cực gọn cho người mới trong 45 giây.,run_gold_price_action_trading,Backlog
PP-0151,4.542,other_question_or_pain,other_question_or_pain,"Currently in a paper trade right now, testing this out - seems to be working. If this pans out, you've just helped me out loads. Nice one, man!",6,1,https://www.youtube.com/watch?v=MKJz4yURCEs,UgwO9ntEiKzLwarruB94AaABAg,"Short (trả lời comment): “Currently in a paper trade right now, testing this out - seems to be working. If” → câu trả lời thẳng + 1 bước hành động ngay.",run_gold_price_action_trading,Backlog
PP-0152,4.542,education_gap,education_gap,"With that fib pullback, you said it dipped to only the 0.6 line so that you should get in to the trade at that point, but how do you know if that's where the dip stops? Like couldn't it have just carried on going down to the 0.382 line? I feel like you're not explaining this fully",6,1,https://www.youtube.com/watch?v=0L6Rcgp6j7Y,UgzG-DPtklLd-boqYQV4AaABAg,"Short (trả lời comment): “With that fib pullback, you said it dipped to only the 0.6 line so that you shou” → giải thích cực gọn cho người mới trong 45 giây.",run_gold_price_action_trading,Backlog
PP-0153,4.542,education_gap,education_gap,"What if the candles are above the 200 EMA on the 15 min or 1H chart, but it's below on 1 min or 5 min chart?",6,1,https://www.youtube.com/watch?v=XBcMiYK7qYY,UgxZgBay0P4YfPVY0kt4AaABAg,"Short (trả lời comment): “What if the candles are above the 200 EMA on the 15 min or 1H chart, but it's be” → giải thích cực gọn cho người mới trong 45 giây.",run_gold_scalping_strategy,Backlog
PP-0154,4.507,entry_timing,entry_timing,"if you dont see, on the second top it swept liquidity, so safely could enter already, because maybe there wont be a pull back",14,2,https://www.youtube.com/watch?v=sK-_6uIGMck,UgxdFny4D0iJgNrIHgJ4AaABAg,"Short (trả lời comment): “if you dont see, on the second top it swept liquidity, so safely could enter alr” → 3 điểm xác nhận trước khi vào lệnh, demo trên chart.",run_gold_price_action_trading,Backlog
PP-0155,4.494,risk_management|entry_timing|psychology,risk_management,"Can easily get stopped out there though, I would wait for confirmation firstly, maybe set my stop loss further. 1 hour is volatile on most subjects. You should enter about 50% in the bull after seeing the rejection be confirmed by green candles. Greed is the enemy to most",10,1,https://www.youtube.com/watch?v=tS9o8aQjADY,Ugyf-utZUtQyFOuRVy54AaABAg,"Short (trả lời comment): mở bằng “Can easily get stopped out there though, I would wait for confirmation firstly, ” → 3 bước quản lý vốn/stop loss cho XAUUSD.",run_forex_entry_confirmation,Backlog
PP-0156,4.469,entry_timing,entry_timing,"Thank you, someone who actually trades Gold. Gold always reverses. I take small wins and wait for the next entry.",24,0,https://www.youtube.com/watch?v=MKJz4yURCEs,Ugzo1YvtkZq1lUhJDJN4AaABAg.AOpzC0tj-g-ARn2qD6R4bO,"Short (trả lời comment): “Thank you, someone who actually trades Gold. Gold always reverses. I take small ” → 3 điểm xác nhận trước khi vào lệnh, demo trên chart.",run_gold_price_action_trading,Backlog
PP-0157,4.447,other_question_or_pain,other_question_or_pain,"Many folks overlook the importance of advisors until their emotions cause them problems. I recall a few summers ago, after my lengthy divorce, I needed support to keep my business going. I searched for licensed advisors and found someone extremely qualified. She helped grow my reserve from $175K to $750K, despite inflation.",8,0,https://www.youtube.com/watch?v=kis7l0y1JUg,UgyKhXw6vjm4DyGsHah4AaABAg.AB41iRIQwCkAB46QbqDp8e,Short (trả lời comment): “Many folks overlook the importance of advisors until their emotions cause them p” → câu trả lời thẳng + 1 bước hành động ngay.,run_forex_entry_confirmation,Backlog
PP-0158,4.446,risk_management|entry_timing,risk_management,"For any beginner investor, mentorship plays a critical role in building consistency and confidence. Alex Gavin has been instrumental as my trade analyst, helping me analyze market trends, identify high-probability entry points, and manage risk effectively to support well-informed trading decisions.",6,0,https://www.youtube.com/watch?v=npfiV52dXoc,UgzUn0pM7O8IUQk1sHh4AaABAg.A_cn69S0B-mA_cn7PjMPyF,"Short (trả lời comment): mở bằng “For any beginner investor, mentorship plays a critical role in building consiste” → 3 bước quản lý vốn/stop loss cho XAUUSD.",run_forex_risk_management_stop_loss,Backlog
PP-0159,4.43,strategy_rules,strategy_rules,"It’s entirely possible to be below the opening point and go lower. As he stated, This rule must be used with some other strategy ..even just looking at the RSI and MACD, and if they look good, go for it!",16,1,https://www.youtube.com/watch?v=npfiV52dXoc,Ugy8CcZ6cTeDEALSrgx4AaABAg,"Short (trả lời comment): “It’s entirely possible to be below the opening point and go lower. As he stated,” → chiến lược này dùng khung nào, áp dụng ra sao trong 60 giây.",run_forex_risk_management_stop_loss,Backlog
PP-0160,4.43,entry_timing,entry_timing,"that's an illigal entry. entry was actually your st, when the market tested that OB since it broke structure, and ha a FVG.",16,1,https://www.youtube.com/watch?v=7HD5ZG2MmeQ,UgyWwoT0ryN93ftiPNJ4AaABAg,"Short (trả lời comment): “that's an illigal entry. entry was actually your st, when the market tested that” → 3 điểm xác nhận trước khi vào lệnh, demo trên chart.",run_gold_price_action_trading,Backlog
PP-0161,4.43,education_gap,education_gap,"I love trading the macd! Im still working out all the bugs, and I jump in too early sometimes, but I'm learning to be more patient and wait for a clear move up or down and trade options. I've had some 2k up days and some 2k down days. But im learning more every day, and that's what matters!",16,1,https://www.youtube.com/watch?v=I29peidTQxU,Ugxiwu_ljQCHKqG6GQh4AaABAg,"Short (trả lời comment): “I love trading the macd! Im still working out all the bugs, and I jump in too ea” → giải thích cực gọn cho người mới trong 45 giây.",run_gold_scalping_strategy,Backlog
PP-0162,4.428,strategy_rules,strategy_rules,"this is the ORB (open range breakout) strategy, works great also on BTC",11,3,https://www.youtube.com/watch?v=I29peidTQxU,UgxDopIOdK6GxONhEZt4AaABAg,"Short (trả lời comment): “this is the ORB (open range breakout) strategy, works great also on BTC” → chiến lược này dùng khung nào, áp dụng ra sao trong 60 giây.",run_gold_scalping_strategy,Backlog
PP-0163,4.428,strategy_rules,strategy_rules,I have backested this strategy on thousand of trades. The result is completely different. Take a look,23,0,https://www.youtube.com/watch?v=XBcMiYK7qYY,UgzdJ5TV-eLUelXVJKF4AaABAg.A2dcbNZzNJgA2mnZpQpWGY,"Short (trả lời comment): “I have backested this strategy on thousand of trades. The result is completely d” → chiến lược này dùng khung nào, áp dụng ra sao trong 60 giây.",run_gold_scalping_strategy,Backlog
PP-0164,4.409,other_question_or_pain,other_question_or_pain,"Hello, I if I want to daytrade (on 15 min )should I close before market close? Afrer market opens again, there are often some big jumps.",4,2,https://www.youtube.com/watch?v=XBcMiYK7qYY,UgzA01eqh4qVX7OVdsR4AaABAg,"Short (trả lời comment): “Hello, I if I want to daytrade (on 15 min )should I close before market close? A” → câu trả lời thẳng + 1 bước hành động ngay.",run_gold_scalping_strategy,Backlog
PP-0165,4.39,strategy_rules|psychology,strategy_rules,"I only just noticed the chart and realized that this is a long-range earning strategy (you did mention that), and I treated it as short term and closing quickly because of fear.",17,0,https://www.youtube.com/watch?v=MKJz4yURCEs,UgzAEdIDUKy0mfMRFKJ4AaABAg,"Short (trả lời comment): “I only just noticed the chart and realized that this is a long-range earning str” → chiến lược này dùng khung nào, áp dụng ra sao trong 60 giây.",run_gold_price_action_trading,Backlog
PP-0166,4.388,education_gap,education_gap,Excellent Nick! Could you please tell us How Fundamental effects Gold?,5,1,https://www.youtube.com/watch?v=oc2zqnvsqi0,UgzMxIwcM3aAVMbWKKl4AaABAg,Short (trả lời comment): “Excellent Nick! Could you please tell us How Fundamental effects Gold?” → giải thích cực gọn cho người mới trong 45 giây.,run_how_to_trade_gold_for_beginners,Backlog
PP-0167,4.349,education_gap,education_gap,"@SallyW414 I actually subscribed for a few trading courses but it didn't help much, been getting suggestions to use a proper financial advisor, how did you go about touching base with your coach?",2,0,https://www.youtube.com/watch?v=kis7l0y1JUg,UgwneFAHvtmnsXRpQst4AaABAg.9vK7V6OMaOv9vK7m9szBVq,Short (trả lời comment): “@SallyW414 I actually subscribed for a few trading courses but it didn't help mu” → giải thích cực gọn cho người mới trong 45 giây.,run_forex_entry_confirmation,Backlog
PP-0168,4.341,risk_management,risk_management,I DID this and the stop loss still knocks me out just barely. There is no solution to this. The probability is still 50/50 unless you have extreme tight SL.,10,3,https://www.youtube.com/watch?v=JrDNeM9p2J4,UgzLZMcSIVOpR1DJ5Ph4AaABAg,Short (trả lời comment): mở bằng “I DID this and the stop loss still knocks me out just barely. There is no soluti” → 3 bước quản lý vốn/stop loss cho XAUUSD.,run_forex_risk_management_stop_loss,Backlog
PP-0169,4.331,entry_timing|strategy_rules,entry_timing,"ARTY i been following since years, you are true humble and beautiful soul creating real content of trading methods and sharing with perfect entry and exit setups...thank you for sharing your knowledge...may almighty bless you with more power...",11,1,https://www.youtube.com/watch?v=MKJz4yURCEs,UgzAFmEYaARpN9EETGl4AaABAg,"Short (trả lời comment): “ARTY i been following since years, you are true humble and beautiful soul creati” → 3 điểm xác nhận trước khi vào lệnh, demo trên chart.",run_gold_price_action_trading,Backlog
PP-0170,4.329,education_gap,education_gap,I really need to understand how to reach this charts 🥺 this is my biggest problem I don't know how to read the chart,3,3,https://www.youtube.com/watch?v=4tFcM7NcefU,UgwvtJyhOj6Bt3M7jyl4AaABAg,Short (trả lời comment): “I really need to understand how to reach this charts 🥺 this is my biggest proble” → giải thích cực gọn cho người mới trong 45 giây.,run_forex_entry_confirmation,Backlog
PP-0171,4.329,other_question_or_pain,other_question_or_pain,mas tama izin bertanya... bagaimana caranya menggabungkan trendline dengan support dan resistance dan fibonacci ? terima kasih sebelumnya mas 🙏,3,3,https://www.youtube.com/watch?v=vRoToHC9STU,Ugx4NhqGjpr3MAqe_lt4AaABAg,Short (trả lời comment): “mas tama izin bertanya... bagaimana caranya menggabungkan trendline dengan suppo” → câu trả lời thẳng + 1 bước hành động ngay.,run_forex_entry_confirmation,Backlog
PP-0172,4.329,other_question_or_pain,other_question_or_pain,"I suffered huge losses trading as a beginner. I thought I could trade on my own, but my small investments keep declining. Do you have any tips or recommendations?",7,0,https://www.youtube.com/watch?v=npfiV52dXoc,UgzUn0pM7O8IUQk1sHh4AaABAg.A_cn69S0B-mA_cxzZcC-GX,"Short (trả lời comment): “I suffered huge losses trading as a beginner. I thought I could trade on my own,” → câu trả lời thẳng + 1 bước hành động ngay.",run_forex_risk_management_stop_loss,Backlog
PP-0173,4.329,education_gap,education_gap,Both of you are correct. However if you trade both ways you definitely short scalp price action that makes those moves and use key price points for the future. Can't win them all,7,0,https://www.youtube.com/watch?v=Qgx3t-pmzN8,UgxSiJWtc11rIJcYp4h4AaABAg.9oWyUrrmb8x9ouF8WTKGQY,Short (trả lời comment): “Both of you are correct. However if you trade both ways you definitely short sca” → giải thích cực gọn cho người mới trong 45 giây.,run_gold_price_action_trading,Backlog
PP-0174,4.329,other_question_or_pain,other_question_or_pain,DID YOU TRADE IT ?,7,0,https://www.youtube.com/watch?v=en8RMFRqSME,UgwfV2uran2NjIdGwm94AaABAg.AZyUH9SHxO9A_1OykeBfOM,Short (trả lời comment): “DID YOU TRADE IT ?” → câu trả lời thẳng + 1 bước hành động ngay.,run_gold_scalping_strategy,Backlog
PP-0175,4.329,other_question_or_pain,other_question_or_pain,"By far one of the most clear and simple strategies I have seen. Much love Pat, for sharing your knowledge with all of us :) You have helped me understand that trading does not have to be complicated. The simpler, the better",7,0,https://www.youtube.com/watch?v=nCBF6wrOKic,UgxD5yO3kZ35TFaSF654AaABAg,"Short (trả lời comment): “By far one of the most clear and simple strategies I have seen. Much love Pat, f” → câu trả lời thẳng + 1 bước hành động ngay.",run_gold_scalping_strategy,Backlog
PP-0176,4.329,education_gap,education_gap,"I want to believe that, but it feels like the market is rigged against me. I buy a support level and it breaks. I sell a resistance and it pumps. how do people actually see where the big moves are starting?",7,0,https://www.youtube.com/watch?v=_YVQN6_nkfs,UgzelLDDsf21ZTWn1CZ4AaABAg.Ab9IgywOwlqAb9dh8CoW4r,"Short (trả lời comment): “I want to believe that, but it feels like the market is rigged against me. I buy” → giải thích cực gọn cho người mới trong 45 giây.",run_how_to_trade_gold_for_beginners,Backlog
PP-0177,4.305,strategy_rules,strategy_rules,Brah iev done this many times iev been looking for this indicator for awhile thank you,14,1,https://www.youtube.com/watch?v=JrDNeM9p2J4,UgwjW2xOVLodBO_BPoh4AaABAg,"Short (trả lời comment): “Brah iev done this many times iev been looking for this indicator for awhile tha” → chiến lược này dùng khung nào, áp dụng ra sao trong 60 giây.",run_forex_risk_management_stop_loss,Backlog
PP-0178,4.305,education_gap,education_gap,Im an ORB trader and what I see only is that the bearish order block got validated ❤,14,1,https://www.youtube.com/watch?v=sK-_6uIGMck,Ugzc2LiqyTNW3ZFnk5F4AaABAg,Short (trả lời comment): “Im an ORB trader and what I see only is that the bearish order block got validat” → giải thích cực gọn cho người mới trong 45 giây.,run_gold_price_action_trading,Backlog
PP-0179,4.292,risk_management|education_gap,risk_management,"What happens if you keep losing , you leave the risk at half ?",2,3,https://www.youtube.com/watch?v=Dyg4lZo89sM,Ugz_he4j83xmGouW-nR4AaABAg,"Short (trả lời comment): mở bằng “What happens if you keep losing , you leave the risk at half ?” → 3 bước quản lý vốn/stop loss cho XAUUSD.",run_forex_risk_management_stop_loss,Backlog
PP-0180,4.292,psychology|education_gap,psychology,"That kind of discipline is hard to build alone. Did you work this out yourself, or did someone actually sit you down and show you how?",5,0,https://www.youtube.com/watch?v=0L6Rcgp6j7Y,Ugw-ShZiNePHvqkk13B4AaABAg.AbOubVSjWNWAbOum8OdaUp,"Short (trả lời comment): “That kind of discipline is hard to build alone. Did you work this out yourself, ” → cách lấy lại kỷ luật sau chuỗi thua, 1 phút thực hành.",run_gold_price_action_trading,Backlog
PP-0181,4.29,education_gap,education_gap,"Please help me understand. At 7:16, it displaced down below the series of 2 up closed candles, after a sweep and tap into the HTF FVG. So why is that not the CISD? I understand it’s premarket too, but if it wasn’t? Is that not a swing low, the down candle followed by the two up? Your videos have levelled me up so much, I’m very very close. Just this one concept is getting me lol. Thanks for the time",1,1,https://www.youtube.com/watch?v=taBdnsItyiI,Ugzbwjc3fRC0Tgj2rTx4AaABAg,"Short (trả lời comment): “Please help me understand. At 7:16, it displaced down below the series of 2 up c” → giải thích cực gọn cho người mới trong 45 giây.",run_forex_entry_confirmation,Backlog
PP-0182,4.29,other_question_or_pain,other_question_or_pain,"🌟 ""Could you please make a video on the essential things we need to start trading? It would be really helpful for beginners like me. Thank you so much in advance — your content is always amazing and appreciated!"" 🙏😊",1,1,https://www.youtube.com/watch?v=MKJz4yURCEs,UgzkAy87zKKUiCHGxHJ4AaABAg,"Short (trả lời comment): “🌟 ""Could you please make a video on the essential things we need to start tradin” → câu trả lời thẳng + 1 bước hành động ngay.",run_gold_price_action_trading,Backlog
PP-0183,4.29,other_question_or_pain,other_question_or_pain,"Hi. I discovered your channel, but I don't know your language. I don't speak foreign languages. Could you please add Turkish subtitles to your videos? I want to understand you. I find the videos you share helpful for trading.",1,1,https://www.youtube.com/watch?v=en8RMFRqSME,UgxcOZtC59nSumDgWqV4AaABAg,"Short (trả lời comment): “Hi. I discovered your channel, but I don't know your language. I don't speak for” → câu trả lời thẳng + 1 bước hành động ngay.",run_gold_scalping_strategy,Backlog
PP-0184,4.29,other_question_or_pain,other_question_or_pain,"Hi Vasily, thank you always for the free information. Its a big help for me since I am really a newbie in trading. I want to learn more about gold and wti trading. Is it advisable to do scalping with wti? Thank you in advance.",1,1,https://www.youtube.com/watch?v=E0YMb62jY64,UgxRwTLh0mGLkC2WiCd4AaABAg,"Short (trả lời comment): “Hi Vasily, thank you always for the free information. Its a big help for me sinc” → câu trả lời thẳng + 1 bước hành động ngay.",run_how_to_trade_gold_for_beginners,Backlog
PP-0185,4.246,risk_management,risk_management,"Safest is put your SL at previous market structure low. By definition that's the beginning of the current trend. You reduce your risk by reducing Ur position size to ensure you only lose R ie 1% at SL To overcome the loss of reward, you add scale in trades during the trend. Assume all impulse correction are part of TREND CONTINUATION till price breach's previous low (then you can be confident trend is now in TREND REVERSAL)",19,0,https://www.youtube.com/watch?v=JrDNeM9p2J4,Ugz_QzlfXyRsYwso9zZ4AaABAg.9c-jWpTLAmc9dJZpZSZe_h,Short (trả lời comment): mở bằng “Safest is put your SL at previous market structure low. By definition that's the” → 3 bước quản lý vốn/stop loss cho XAUUSD.,run_forex_risk_management_stop_loss,Backlog
PP-0186,4.246,education_gap,education_gap,"My dog told me to stop burning my money on trading, I showed him this video , he bought a couple lots.",19,0,https://www.youtube.com/watch?v=nCBF6wrOKic,UgyD9AAwGkW--zlSZYx4AaABAg,"Short (trả lời comment): “My dog told me to stop burning my money on trading, I showed him this video , he” → giải thích cực gọn cho người mới trong 45 giây.",run_gold_scalping_strategy,Backlog
PP-0187,4.233,strategy_rules|education_gap,strategy_rules,"When using the Fib retracement how long of a timeframe should be used to get the best results? - Thanks, great info.",3,1,https://www.youtube.com/watch?v=0L6Rcgp6j7Y,UgyFx3wBI5r5fFB-k_94AaABAg,"Short (trả lời comment): “When using the Fib retracement how long of a timeframe should be used to get the” → chiến lược này dùng khung nào, áp dụng ra sao trong 60 giây.",run_gold_price_action_trading,Backlog
PP-0188,4.233,strategy_rules|education_gap,strategy_rules,"It's locked, how do we get the indicator?",3,1,https://www.youtube.com/watch?v=3E7k47dZeWk,Ugz9jsn7QNpQelTGlo94AaABAg,"Short (trả lời comment): “It's locked, how do we get the indicator?” → chiến lược này dùng khung nào, áp dụng ra sao trong 60 giây.",run_gold_price_action_trading,Backlog
PP-0189,4.233,strategy_rules|education_gap,strategy_rules,Whats the win rate with this strategy and indicators during the NY session?,3,1,https://www.youtube.com/watch?v=NW53PqrXCXA,Ugwdul64g7YbuXBzgmd4AaABAg,"Short (trả lời comment): “Whats the win rate with this strategy and indicators during the NY session?” → chiến lược này dùng khung nào, áp dụng ra sao trong 60 giây.",run_XAUUSD_trading_strategy,Backlog
PP-0190,4.208,entry_timing|education_gap,entry_timing,"On the retest there are green bars, entry is on the first bullish candle of the retest …he doesn’t say that . He moves his videos along very fast and why I love them. Forces us to figure out, so ya",14,0,https://www.youtube.com/watch?v=tS9o8aQjADY,UgwXuK6CHjOBmINI11h4AaABAg.AJ4WYfoPHw6AJ4ane3FKzG,"Short (trả lời comment): “On the retest there are green bars, entry is on the first bullish candle of the ” → 3 điểm xác nhận trước khi vào lệnh, demo trên chart.",run_forex_entry_confirmation,Backlog
PP-0191,4.206,education_gap,education_gap,what about scalping 15m?,4,1,https://www.youtube.com/watch?v=3E7k47dZeWk,Ugz9wmUfq8fTIXdkWAV4AaABAg,Short (trả lời comment): “what about scalping 15m?” → giải thích cực gọn cho người mới trong 45 giây.,run_gold_price_action_trading,Backlog
PP-0192,4.206,strategy_rules,strategy_rules,This clip really helped unlock my trading mindset! I’m no longer confused by the trend and can hold my trades with more confidence. I even combined it with my Fibonacci strategy — it works great! Thank you so much for sharing this for free. Wishing you all the best! 🌟,4,1,https://www.youtube.com/watch?v=MKJz4yURCEs,UgzL4W3oJmeykCm-l3p4AaABAg,"Short (trả lời comment): “This clip really helped unlock my trading mindset! I’m no longer confused by the” → chiến lược này dùng khung nào, áp dụng ra sao trong 60 giây.",run_gold_price_action_trading,Backlog
PP-0193,4.196,strategy_rules,strategy_rules,Is it really just strategy though? Sometimes I feel like the market itself is just unpredictable lately.,6,0,https://www.youtube.com/watch?v=tS9o8aQjADY,UgxX4rUOyw7kYAFa0294AaABAg.AWckeLtCuiRAWckszHEwuv,"Short (trả lời comment): “Is it really just strategy though? Sometimes I feel like the market itself is ju” → chiến lược này dùng khung nào, áp dụng ra sao trong 60 giây.",run_forex_entry_confirmation,Backlog
PP-0194,4.196,risk_management,risk_management,"In the last 2 weeks that I really started taking stock trading seriously, I’ve learned more here then anywhere else, thank you for helping me on this journey.",6,0,https://www.youtube.com/watch?v=JrDNeM9p2J4,UgwMwHK_wSE1gEf4_554AaABAg,"Short (trả lời comment): mở bằng “In the last 2 weeks that I really started taking stock trading seriously, I’ve l” → 3 bước quản lý vốn/stop loss cho XAUUSD.",run_forex_risk_management_stop_loss,Backlog
PP-0195,4.196,other_question_or_pain,other_question_or_pain,God bless you bro. I'm learning so much from you. I literally watch each of your videos 3 to 4 times. I can't wait for the time I'll finally have enough money to purchase the trading blueprint,6,0,https://www.youtube.com/watch?v=7f2bpEwiJCY,Ugyr9QkC0dN3EfUoBv94AaABAg,Short (trả lời comment): “God bless you bro. I'm learning so much from you. I literally watch each of your” → câu trả lời thẳng + 1 bước hành động ngay.,run_forex_risk_management_stop_loss,Backlog
PP-0196,4.193,strategy_rules,strategy_rules,"I’m done getting crushed by this market. 😩 Two steps forward, five steps back on repeat. I’ve tried every strategy, watched endless YouTube, dropped money on 3 courses still can’t get consistent. If you’ve had a mentor who actually trades with you while you learn, speak up. I don’t want more theory. I need results that stick.",5,9,https://www.youtube.com/watch?v=tS9o8aQjADY,UgwDpq26W2yMA6yAwRh4AaABAg,"Short (trả lời comment): “I’m done getting crushed by this market. 😩 Two steps forward, five steps back on” → chiến lược này dùng khung nào, áp dụng ra sao trong 60 giây.",run_forex_entry_confirmation,Backlog
PP-0197,4.193,entry_timing|education_gap,entry_timing,"Can anyone help me, how do I make custom rectangles that have a line passing through the center?",1,0,https://www.youtube.com/watch?v=IyrbbmKv3RE,UgyT2PLkoSwkN0LdRld4AaABAg,"Short (trả lời comment): “Can anyone help me, how do I make custom rectangles that have a line passing thr” → 3 điểm xác nhận trước khi vào lệnh, demo trên chart.",run_forex_entry_confirmation,Backlog
PP-0198,4.186,strategy_rules,strategy_rules,Learned this great strategy today and can't wait to do this and smash the competition.,3,2,https://www.youtube.com/watch?v=AY7fWmE1CBk,UgwnVkjifflcAQ9kxjl4AaABAg,"Short (trả lời comment): “Learned this great strategy today and can't wait to do this and smash the compet” → chiến lược này dùng khung nào, áp dụng ra sao trong 60 giây.",run_XAUUSD_trading_strategy,Backlog
PP-0199,4.162,strategy_rules,strategy_rules,Secret strategy is the one that you create,12,1,https://www.youtube.com/watch?v=Qgx3t-pmzN8,UgzzfAqQFVObDj6KJst4AaABAg,"Short (trả lời comment): “Secret strategy is the one that you create” → chiến lược này dùng khung nào, áp dụng ra sao trong 60 giây.",run_gold_price_action_trading,Backlog
PP-0200,4.162,strategy_rules,strategy_rules,"I have blown accounts this week. I have good strategy but I've been sabotaging myself. Moving trades to breakeven too early. Closing orders thinking that there is low volatility 💔 I will come back stronger next. I believe that I'm so close, more than ever.",12,1,https://www.youtube.com/watch?v=X82qlU1cgLI,UgwTPE_PSTwaz79Yfgx4AaABAg,"Short (trả lời comment): “I have blown accounts this week. I have good strategy but I've been sabotaging m” → chiến lược này dùng khung nào, áp dụng ra sao trong 60 giây.",run_how_to_trade_gold_for_beginners,Backlog
PP-0201,4.149,risk_management|broker_platform,risk_management,"I must admit that this is a great video but know Crypto-currency trading is very volatile one as such is too risky for bigginers without basic knowledge to make good fortune out of it, I suggest you invest with a reputable broker and enjoy your returns.",4,7,https://www.youtube.com/watch?v=kis7l0y1JUg,UgwreiW19RYsVfmVRs54AaABAg,Short (trả lời comment): mở bằng “I must admit that this is a great video but know Crypto-currency trading is very” → 3 bước quản lý vốn/stop loss cho XAUUSD.,run_forex_entry_confirmation,Backlog
PP-0202,4.136,entry_timing|strategy_rules|education_gap,entry_timing,"If the sellers are interested and wanna push to bring the price down you’ll at least see a wick on top. No wick shows it’s a buyers market. But that’s not always the case, just like you have third empires and cameras to revise a wrong decision made by a referee or an umpire. We don’t get second chances in trades. So even if the candle is green with no wicks you’re still looking for a confirmation. On his first strategy the candle was green but the price went down to touch the bottom of that candle and then went long. That is what is called a re-test. You always re-test before entering the trade. I hope this helps a little.",3,0,https://www.youtube.com/watch?v=0L6Rcgp6j7Y,Ugw8p4HArYEVJ2QrYLF4AaABAg.AAIKJ6CXaodAHq-GmXeCG4,"Short (trả lời comment): “If the sellers are interested and wanna push to bring the price down you’ll at l” → 3 điểm xác nhận trước khi vào lệnh, demo trên chart.",run_gold_price_action_trading,Backlog
PP-0203,4.134,risk_management,risk_management,"I needed this info. I'm a beginner and I'm trying to decide whether or not to do a stop loss or a trailing stop, but I first need to understand the difference.",7,4,https://www.youtube.com/watch?v=JrDNeM9p2J4,UgznaQzz9Ek_LFk182h4AaABAg,Short (trả lời comment): mở bằng “I needed this info. I'm a beginner and I'm trying to decide whether or not to do” → 3 bước quản lý vốn/stop loss cho XAUUSD.,run_forex_risk_management_stop_loss,Backlog
PP-0204,4.134,education_gap,education_gap,I'm going to backtest this on my channel. Let's see what the results produce.,7,4,https://www.youtube.com/watch?v=en8RMFRqSME,Ugz_6Mm_X44JNTbMDWZ4AaABAg,Short (trả lời comment): “I'm going to backtest this on my channel. Let's see what the results produce.” → giải thích cực gọn cho người mới trong 45 giây.,run_gold_scalping_strategy,Backlog
PP-0205,4.109,strategy_rules|education_gap,strategy_rules,"I had to learn the hard way for sure! Honestly, everything got better once I stopped winging it and just stayed focused. Having someone who actually knows what they're doing to watch my back changed the game. I’ve been following the strategy from Paul Mallon. His patience and the way he reads the charts is what actually helped me stay consistent.",4,0,https://www.youtube.com/watch?v=0L6Rcgp6j7Y,Ugw-ShZiNePHvqkk13B4AaABAg.AbOubVSjWNWAbOuqk6a8iC,"Short (trả lời comment): “I had to learn the hard way for sure! Honestly, everything got better once I sto” → chiến lược này dùng khung nào, áp dụng ra sao trong 60 giây.",run_gold_price_action_trading,Backlog
PP-0206,4.109,broker_platform|education_gap,broker_platform,How to set specific alert in tradingview?,4,0,https://www.youtube.com/watch?v=MKJz4yURCEs,UgzxVA7GYe4Uu1y5uOJ4AaABAg,Short (trả lời comment): “How to set specific alert in tradingview?” → spread/slippage/sàn cần kiểm tra gì trước khi chọn broker.,run_gold_price_action_trading,Backlog
PP-0207,4.109,strategy_rules|education_gap,strategy_rules,Yeah exactly. I'm just wondering if this strategy works the other way around - with a downtrend - and I can't find any reason why it wouldn't work.,4,0,https://www.youtube.com/watch?v=XBcMiYK7qYY,UgyDjIg41KWqNDOcAGt4AaABAg.A6nkPR0EES8A8llE9sVmmG,"Short (trả lời comment): “Yeah exactly. I'm just wondering if this strategy works the other way around - w” → chiến lược này dùng khung nào, áp dụng ra sao trong 60 giây.",run_gold_scalping_strategy,Backlog
PP-0208,4.109,strategy_rules|education_gap,strategy_rules,What timeframe do we use here? 5min 1min 15min? does it only work in uptrend or also in downtrend?,4,0,https://www.youtube.com/watch?v=XBcMiYK7qYY,Ugyg4jSQdkZBWoKfHRx4AaABAg,"Short (trả lời comment): “What timeframe do we use here? 5min 1min 15min? does it only work in uptrend or ” → chiến lược này dùng khung nào, áp dụng ra sao trong 60 giây.",run_gold_scalping_strategy,Backlog
PP-0209,4.109,strategy_rules|education_gap,strategy_rules,Very informative indeed- what has been your success rate with this strategy if you dont mind me asking?,4,0,https://www.youtube.com/watch?v=fSp-jMvNOhE,UgyoSpEqF_LKzLGwVCp4AaABAg,"Short (trả lời comment): “Very informative indeed- what has been your success rate with this strategy if y” → chiến lược này dùng khung nào, áp dụng ra sao trong 60 giây.",run_gold_scalping_strategy,Backlog
PP-0210,4.102,strategy_rules,strategy_rules,"The main indicator which i know is human mind, other indicators are just useless",9,2,https://www.youtube.com/watch?v=fSp-jMvNOhE,UgxB-_sz0J3TDRZw9Z14AaABAg,"Short (trả lời comment): “The main indicator which i know is human mind, other indicators are just useless” → chiến lược này dùng khung nào, áp dụng ra sao trong 60 giây.",run_gold_scalping_strategy,Backlog
PP-0211,4.042,other_question_or_pain,other_question_or_pain,Amazing!! Every video I watch is even better than the previous. Which one would you use recommended for scalping? Thank you sooo much for your work.,5,0,https://www.youtube.com/watch?v=0L6Rcgp6j7Y,UgybKlgBPat6Kv8dQ9h4AaABAg,Short (trả lời comment): “Amazing!! Every video I watch is even better than the previous. Which one would ” → câu trả lời thẳng + 1 bước hành động ngay.,run_gold_price_action_trading,Backlog
PP-0212,4.023,entry_timing,entry_timing,I love this guy. He does a very good job teaching and he makes it as entertaining as possible. Appreciate you,15,0,https://www.youtube.com/watch?v=kis7l0y1JUg,UgxX6tmqna6h63r0ial4AaABAg,"Short (trả lời comment): “I love this guy. He does a very good job teaching and he makes it as entertainin” → 3 điểm xác nhận trước khi vào lệnh, demo trên chart.",run_forex_entry_confirmation,Backlog
PP-0213,4.023,strategy_rules,strategy_rules,Terrible strategy: Don't listen to this guy,7,3,https://www.youtube.com/watch?v=Dyg4lZo89sM,UgziLg4e4_r2VPFA2SN4AaABAg,"Short (trả lời comment): “Terrible strategy: Don't listen to this guy” → chiến lược này dùng khung nào, áp dụng ra sao trong 60 giây.",run_forex_risk_management_stop_loss,Backlog
PP-0214,4.023,education_gap,education_gap,"never say something doesn't work just because it's not working for you, yes it's a piece of a puzzle, but it's something someone can backtest and mybe add it to what they already had, and it's a very good video because what I know is if price fails to break a high, then the low that failed to break structure will be taken out or liquidated. It's just simple price action.",15,0,https://www.youtube.com/watch?v=Qgx3t-pmzN8,Ugz-80_LybkvK7mOl1l4AaABAg.9sEc3j-8kEX9wFGlA4FTFq,"Short (trả lời comment): “never say something doesn't work just because it's not working for you, yes it's” → giải thích cực gọn cho người mới trong 45 giây.",run_gold_price_action_trading,Backlog
PP-0215,4.023,strategy_rules,strategy_rules,"If technical analysis and indicators worked, everyone would be rich.",7,3,https://www.youtube.com/watch?v=I29peidTQxU,UgwNaMEeh_GPh76xfY94AaABAg,"Short (trả lời comment): “If technical analysis and indicators worked, everyone would be rich.” → chiến lược này dùng khung nào, áp dụng ra sao trong 60 giây.",run_gold_scalping_strategy,Backlog
PP-0216,4.023,strategy_rules,strategy_rules,"It is the simple opening range 15m trading strategy, some do it 5minute range. I learnt it like 5 years ago from the trader who was around 65 years old retiree. But this strategy also has its own advantages and disadvantages just like others, none is perfect.",15,0,https://www.youtube.com/watch?v=I29peidTQxU,Ugy8eMiRtymx2yjhVz14AaABAg,"Short (trả lời comment): “It is the simple opening range 15m trading strategy, some do it 5minute range. I” → chiến lược này dùng khung nào, áp dụng ra sao trong 60 giây.",run_gold_scalping_strategy,Backlog
PP-0217,4.023,education_gap,education_gap,Please do a video on how to trade US OIL 🙏🏾🙏🏾,15,0,https://www.youtube.com/watch?v=oc2zqnvsqi0,UgzvsbYJJv285cP_XEV4AaABAg,Short (trả lời comment): “Please do a video on how to trade US OIL 🙏🏾🙏🏾” → giải thích cực gọn cho người mới trong 45 giây.,run_how_to_trade_gold_for_beginners,Backlog
PP-0218,4.001,strategy_rules,strategy_rules,I use the same strategy but with 4h candle. it's more accurate than 1 hour.,6,4,https://www.youtube.com/watch?v=3E7k47dZeWk,UgxVzhWq1tae0WiBF5F4AaABAg,"Short (trả lời comment): “I use the same strategy but with 4h candle. it's more accurate than 1 hour.” → chiến lược này dùng khung nào, áp dụng ra sao trong 60 giây.",run_gold_price_action_trading,Backlog
PP-0219,3.998,strategy_rules|education_gap,strategy_rules,what timeframe is this?,1,4,https://www.youtube.com/watch?v=NW53PqrXCXA,UgyV9dCLlaGWQ2aUZ1h4AaABAg,"Short (trả lời comment): “what timeframe is this?” → chiến lược này dùng khung nào, áp dụng ra sao trong 60 giây.",run_XAUUSD_trading_strategy,Backlog
PP-0220,3.997,education_gap,education_gap,"Yeah right, this is how The normal retail trader thinks, and it’s not a demand zone, but buyside and sellside liquidity laying under these lows and highs🙂",8,2,https://www.youtube.com/watch?v=Qgx3t-pmzN8,UgyhNqIy96ZVO3hhWK14AaABAg,"Short (trả lời comment): “Yeah right, this is how The normal retail trader thinks, and it’s not a demand z” → giải thích cực gọn cho người mới trong 45 giây.",run_gold_price_action_trading,Backlog
PP-0221,3.997,education_gap,education_gap,"Wow, what a coincidence you made this video. Gold use to do me dirty a while back 🤦🏽‍♂️. I just started looking at Gold again last week to trade because i saw alot of past opportunities to scalp on breakouts. I see so many traders on youtube that trade Gold",8,2,https://www.youtube.com/watch?v=oc2zqnvsqi0,UgydlJN5rjJJZR7YMhV4AaABAg,"Short (trả lời comment): “Wow, what a coincidence you made this video. Gold use to do me dirty a while bac” → giải thích cực gọn cho người mới trong 45 giây.",run_how_to_trade_gold_for_beginners,Backlog
PP-0222,3.995,strategy_rules|education_gap,strategy_rules,"I came across your videos recently. Watched a bit of them and tried applying them. Honestly the explanations are very clear. Thank you for the content you have put on the internet. I just want to request you for a video on trend analysis, about how you analyse trends and how do analyse trends through multiple Timeframes. If you have such video can you please tell the video title or if possible can you please give the link of it.",6,2,https://www.youtube.com/watch?v=_D1MYH6D7jc,Ugw2-kYnTVXrb73-J4x4AaABAg,"Short (trả lời comment): “I came across your videos recently. Watched a bit of them and tried applying the” → chiến lược này dùng khung nào, áp dụng ra sao trong 60 giây.",run_forex_risk_management_stop_loss,Backlog
PP-0223,3.985,broker_platform|education_gap,broker_platform,"Just made this mistake right now and ,am about to get a margin call from my broker,and coincidentally just stormed on this short😢😢😢😢,how I wish I saw this earlier",11,0,https://www.youtube.com/watch?v=4tFcM7NcefU,Ugwl_zfdlWlJstsiGBJ4AaABAg,"Short (trả lời comment): “Just made this mistake right now and ,am about to get a margin call from my brok” → spread/slippage/sàn cần kiểm tra gì trước khi chọn broker.",run_forex_entry_confirmation,Backlog
PP-0224,3.945,broker_platform|education_gap,broker_platform,"Hi, Can someone explain is Gold Trading is just like Forex where Transaction in Gold takes place rather than just betting on it's price. Because all my strategies works in XAU/USD but then I think (As I've heard) that if in MT4, Gold is CFD and people are only taking contracts between them then what causes prices to move, Without actual buying and selling of Gold, How it's price moves perfectly with strategies like someone is buying and selling it through seeing charts. Sorry for a long question but still I can't exactly explain what I'm trying to ask... But please help...",2,1,https://www.youtube.com/watch?v=udvUjY5YLwo,Ugx-bgtrs3agHGSXxD94AaABAg,"Short (trả lời comment): “Hi, Can someone explain is Gold Trading is just like Forex where Transaction in ” → spread/slippage/sàn cần kiểm tra gì trước khi chọn broker.",run_how_to_trade_gold_for_beginners,Backlog
PP-0225,3.943,education_gap,education_gap,Can you all help me?? Is he trading options because I never see him buy and sell what he just bought. His take profit is larger as the trend descends,1,0,https://www.youtube.com/watch?v=kis7l0y1JUg,UgzDjI6Z_fkJpKCeqHN4AaABAg.9ly8MqabOjZ9xx6bdN_8Rn,Short (trả lời comment): “Can you all help me?? Is he trading options because I never see him buy and sell” → giải thích cực gọn cho người mới trong 45 giây.,run_forex_entry_confirmation,Backlog
PP-0226,3.899,entry_timing,entry_timing,Or just wait for the retest then enter,9,1,https://www.youtube.com/watch?v=JrDNeM9p2J4,UgxO4i6CWUtrj3bzldZ4AaABAg,"Short (trả lời comment): “Or just wait for the retest then enter” → 3 điểm xác nhận trước khi vào lệnh, demo trên chart.",run_forex_risk_management_stop_loss,Backlog
PP-0227,3.899,entry_timing,entry_timing,"7:23 Pulls back to 0.618 indicating a weak pullback, then a green candle follows so you enter the trade and then get fucked.",9,1,https://www.youtube.com/watch?v=0L6Rcgp6j7Y,Ugw2VXH7FrEmAqMNC654AaABAg,"Short (trả lời comment): “7:23 Pulls back to 0.618 indicating a weak pullback, then a green candle follows” → 3 điểm xác nhận trước khi vào lệnh, demo trên chart.",run_gold_price_action_trading,Backlog
PP-0228,3.899,risk_management,risk_management,300 pips with a 0.1 lot size worth 300 $ not 3000 *****,9,1,https://www.youtube.com/watch?v=AY7fWmE1CBk,Ugwe07MGRpl9JvJCk7t4AaABAg,Short (trả lời comment): mở bằng “300 pips with a 0.1 lot size worth 300 $ not 3000 *****” → 3 bước quản lý vốn/stop loss cho XAUUSD.,run_XAUUSD_trading_strategy,Backlog
PP-0229,3.898,other_question_or_pain,other_question_or_pain,gimana kalau gak ada konfirmasi dan langsung terus naik keatas? karna sering banget nunggu konfirmasi eee ternyata breakout resistance selanjutnya,2,2,https://www.youtube.com/watch?v=vRoToHC9STU,UgxGovE71MTpdJf0zhJ4AaABAg,Short (trả lời comment): “gimana kalau gak ada konfirmasi dan langsung terus naik keatas? karna sering ban” → câu trả lời thẳng + 1 bước hành động ngay.,run_forex_entry_confirmation,Backlog
PP-0230,3.898,other_question_or_pain,other_question_or_pain,Bang mohin bahas ya kenapa oramg kebanyakan cepat2 ingin open posisi menurut sampean apa yang menyebabkan hal seperti itu haruskah buat ceklis? Sebelum into trade?,2,2,https://www.youtube.com/watch?v=vRoToHC9STU,UgxRuAgy48nsAkNe3jl4AaABAg,Short (trả lời comment): “Bang mohin bahas ya kenapa oramg kebanyakan cepat2 ingin open posisi menurut sam” → câu trả lời thẳng + 1 bước hành động ngay.,run_forex_entry_confirmation,Backlog
PP-0231,3.898,education_gap,education_gap,What is a 10x trading system ?,2,2,https://www.youtube.com/watch?v=3E7k47dZeWk,Ugz3gTZJhZ154qiPu4t4AaABAg,Short (trả lời comment): “What is a 10x trading system ?” → giải thích cực gọn cho người mới trong 45 giây.,run_gold_price_action_trading,Backlog
PP-0232,3.889,risk_management,risk_management,that stop loss is literally exactly where I was going to put my stop loss. I must have an internal atr in my brain lol,13,0,https://www.youtube.com/watch?v=JrDNeM9p2J4,UgwfpJyp6bUDoHXrls14AaABAg,Short (trả lời comment): mở bằng “that stop loss is literally exactly where I was going to put my stop loss. I mus” → 3 bước quản lý vốn/stop loss cho XAUUSD.,run_forex_risk_management_stop_loss,Backlog
PP-0233,3.889,strategy_rules,strategy_rules,Gold moves so fast… having a clear scalping strategy like this is a lifesaver,13,0,https://www.youtube.com/watch?v=xXy2CBssQQA,UgyK-Gl7tqTlcLZvpmN4AaABAg,"Short (trả lời comment): “Gold moves so fast… having a clear scalping strategy like this is a lifesaver” → chiến lược này dùng khung nào, áp dụng ra sao trong 60 giây.",run_gold_scalping_strategy,Backlog
PP-0234,3.889,strategy_rules,strategy_rules,"Thanks Geek, love your videos, very much ""straight to the point"" and simple strategy",13,0,https://www.youtube.com/watch?v=AY7fWmE1CBk,UgzJt54W_Jas8gmhA1V4AaABAg,"Short (trả lời comment): “Thanks Geek, love your videos, very much ""straight to the point"" and simple stra” → chiến lược này dùng khung nào, áp dụng ra sao trong 60 giây.",run_XAUUSD_trading_strategy,Backlog
PP-0235,3.886,strategy_rules|education_gap,strategy_rules,"Hello bro i really love how you analyse the market...,I'm highly motivated to acknowledge the fact that you strictly said a trader needs to build patience...,i have only one question, does this strategy Work on all trading quotes??",3,0,https://www.youtube.com/watch?v=kis7l0y1JUg,UgxsCNXBsv1nDs5MZCF4AaABAg,"Short (trả lời comment): “Hello bro i really love how you analyse the market...,I'm highly motivated to ac” → chiến lược này dùng khung nào, áp dụng ra sao trong 60 giây.",run_forex_entry_confirmation,Backlog
PP-0236,3.886,risk_management|education_gap,risk_management,so what do you calculate it? do you multiply the original stop loss price with the atr?,3,0,https://www.youtube.com/watch?v=JrDNeM9p2J4,Ugz_QzlfXyRsYwso9zZ4AaABAg.9c-jWpTLAmc9cSclckmVbL,Short (trả lời comment): mở bằng “so what do you calculate it? do you multiply the original stop loss price with t” → 3 bước quản lý vốn/stop loss cho XAUUSD.,run_forex_risk_management_stop_loss,Backlog
PP-0237,3.886,strategy_rules|education_gap,strategy_rules,I’ve also been following the strategy from Isaac Elias. ❤ His patience and the way he reads the charts is what actually helped me stay consistent.,3,0,https://www.youtube.com/watch?v=XBcMiYK7qYY,Ugw4Doc_gGMYbLGp1WN4AaABAg.AXWJkPzGvQBAXWN9X5FFyU,"Short (trả lời comment): “I’ve also been following the strategy from Isaac Elias. ❤ His patience and the w” → chiến lược này dùng khung nào, áp dụng ra sao trong 60 giây.",run_gold_scalping_strategy,Backlog
PP-0238,3.879,risk_management,risk_management,"bro your the best on the entire Youtube to learn from as a beginner trader, I plan to start trading with real money soon and you've given me more understanding of risk management, literally before i was just scrolling through youtube but bro your the best, your even best than forex courses to be honest, God bless and he will continue blessing you for the free knowledge your given us forex learner, Amen",7,2,https://www.youtube.com/watch?v=7f2bpEwiJCY,UgwYBNL7wL2uLNkC1w54AaABAg,"Short (trả lời comment): mở bằng “bro your the best on the entire Youtube to learn from as a beginner trader, I pl” → 3 bước quản lý vốn/stop loss cho XAUUSD.",run_forex_risk_management_stop_loss,Backlog
PP-0239,3.879,strategy_rules,strategy_rules,"Mate this works with WTI very well , i backtested this strategy on a 1 year data and it played beauitifully. Thank you .",7,2,https://www.youtube.com/watch?v=MKJz4yURCEs,UgzMEsyhOq4UlFJG-TN4AaABAg,"Short (trả lời comment): “Mate this works with WTI very well , i backtested this strategy on a 1 year data” → chiến lược này dùng khung nào, áp dụng ra sao trong 60 giây.",run_gold_price_action_trading,Backlog
PP-0240,3.859,education_gap,education_gap,Hey amazing content! My question is how do you set specific alerts and notification on trading view for these heiken ashi candles? i have looked everywhere? are you able to give us a video walkthrough on how to set this up exactly as you mentioned,4,0,https://www.youtube.com/watch?v=MKJz4yURCEs,Ugxhphl2uGuxSINBEfd4AaABAg,Short (trả lời comment): “Hey amazing content! My question is how do you set specific alerts and notificat” → giải thích cực gọn cho người mới trong 45 giây.,run_gold_price_action_trading,Backlog
PP-0241,3.859,other_question_or_pain,other_question_or_pain,Scalping??,4,0,https://www.youtube.com/watch?v=fSp-jMvNOhE,UgwPLNH14DDLb63-tad4AaABAg,Short (trả lời comment): “Scalping??” → câu trả lời thẳng + 1 bước hành động ngay.,run_gold_scalping_strategy,Backlog
PP-0242,3.859,education_gap,education_gap,Curious how this works for btc since crypto market is 24/7?? Or you still trade at corresponding trad market opening?,4,0,https://www.youtube.com/watch?v=I29peidTQxU,UgxDopIOdK6GxONhEZt4AaABAg.AJfbD1Y1EW6AKmkd84Ryz5,Short (trả lời comment): “Curious how this works for btc since crypto market is 24/7?? Or you still trade ” → giải thích cực gọn cho người mới trong 45 giây.,run_gold_scalping_strategy,Backlog
PP-0243,3.859,education_gap,education_gap,hey tell me how it possible to take 15k commision on 0.63 lot XD ???? its not real bro,4,0,https://www.youtube.com/watch?v=en8RMFRqSME,Ugz5ylOuijLIvA2L3vp4AaABAg,Short (trả lời comment): “hey tell me how it possible to take 15k commision on 0.63 lot XD ???? its not re” → giải thích cực gọn cho người mới trong 45 giây.,run_gold_scalping_strategy,Backlog
PP-0244,3.859,other_question_or_pain,other_question_or_pain,Breakout & Retest! Problem is it will breakout but often times it keeps going & never turns back to retest.,4,0,https://www.youtube.com/watch?v=I29peidTQxU,UgzlQWhUn6a0wGHUq-F4AaABAg,Short (trả lời comment): “Breakout & Retest! Problem is it will breakout but often times it keeps going & ” → câu trả lời thẳng + 1 bước hành động ngay.,run_gold_scalping_strategy,Backlog
PP-0245,3.859,education_gap,education_gap,Please please tell us the main difference between learning how to trade with the help of mentor vs learning from you tube🙏🙏🙏,4,0,https://www.youtube.com/watch?v=AY7fWmE1CBk,UgzD4GScIT2hV-kqV_V4AaABAg,Short (trả lời comment): “Please please tell us the main difference between learning how to trade with the” → giải thích cực gọn cho người mới trong 45 giây.,run_XAUUSD_trading_strategy,Backlog
PP-0246,3.841,risk_management|education_gap,risk_management,Thank you for the good video. Some people say you can adjust the stop loss according to ATR. What about that,5,2,https://www.youtube.com/watch?v=_D1MYH6D7jc,UgzuX-NlOPptUrCoMhR4AaABAg,Short (trả lời comment): mở bằng “Thank you for the good video. Some people say you can adjust the stop loss accor” → 3 bước quản lý vốn/stop loss cho XAUUSD.,run_forex_risk_management_stop_loss,Backlog
PP-0247,3.829,risk_management|strategy_rules|education_gap,risk_management,"Now I'm not really sure about how much I believe in this technique, but the original stop loss is not chosen by ""gut feeling."" You put your stop loss one tick below (or above) the most recent candle swing. If price is going up and every swing creates a higher low, then putting your stop loss one tick below the last swing (last low) will prevent you from getting stopped (you hope anyways haha.) Thats the strategy most traders use for placing their stop loss's. Same rule applies when you are chasing a runner",7,0,https://www.youtube.com/watch?v=JrDNeM9p2J4,Ugy-xWs3Fyd4XtPK8J54AaABAg.9if4CQnJVDF9iz58wOcexv,"Short (trả lời comment): mở bằng “Now I'm not really sure about how much I believe in this technique, but the orig” → 3 bước quản lý vốn/stop loss cho XAUUSD.",run_forex_risk_management_stop_loss,Backlog
PP-0248,3.815,strategy_rules,strategy_rules,"experience, nothing more. And you don't need all these indicators to make money",12,0,https://www.youtube.com/watch?v=JrDNeM9p2J4,Ugw2uafwZ0pQNv1ftrF4AaABAg.A04zwHxOOFVA966V_zsdqc,"Short (trả lời comment): “experience, nothing more. And you don't need all these indicators to make money” → chiến lược này dùng khung nào, áp dụng ra sao trong 60 giây.",run_forex_risk_management_stop_loss,Backlog
PP-0249,3.815,risk_management,risk_management,This guy call my name Andrew and its true i risk more than 30%,12,0,https://www.youtube.com/watch?v=7f2bpEwiJCY,UgzcFBfp3XMm0YMF9ER4AaABAg,Short (trả lời comment): mở bằng “This guy call my name Andrew and its true i risk more than 30%” → 3 bước quản lý vốn/stop loss cho XAUUSD.,run_forex_risk_management_stop_loss,Backlog
PP-0250,3.794,strategy_rules,strategy_rules,10 years to learn the ORB strategy is crazy lol,8,1,https://www.youtube.com/watch?v=I29peidTQxU,Ugwp1JxcbWbWl1MwaA94AaABAg,"Short (trả lời comment): “10 years to learn the ORB strategy is crazy lol” → chiến lược này dùng khung nào, áp dụng ra sao trong 60 giây.",run_gold_scalping_strategy,Backlog
PP-0251,3.794,education_gap,education_gap,"This is my first time trading gold and I am trading it on a 1 hour tf , what a relief .",8,1,https://www.youtube.com/watch?v=oc2zqnvsqi0,UgxDSUiboSGP3JDPn7R4AaABAg,"Short (trả lời comment): “This is my first time trading gold and I am trading it on a 1 hour tf , what a r” → giải thích cực gọn cho người mới trong 45 giây.",run_how_to_trade_gold_for_beginners,Backlog
PP-0252,3.794,education_gap,education_gap,You are the best mentor have ever seen...I started learning trading just few weeks ago and I have a feeling that if I follow all your videos I gonna knw how to trade,8,1,https://www.youtube.com/watch?v=AY7fWmE1CBk,Ugxo5sSlA6h3MT9ukAl4AaABAg,Short (trả lời comment): “You are the best mentor have ever seen...I started learning trading just few wee” → giải thích cực gọn cho người mới trong 45 giây.,run_XAUUSD_trading_strategy,Backlog
PP-0253,3.75,risk_management|entry_timing|education_gap,risk_management,"Thank u sir, , I have one serious and technical question pls If I have Uptrend in 4h HTF (HH ,HL ) formation, and in 15 min LTF also uptrend (HH,HL) formation, then will I take trade based on LTF demand zone ? Or HTF demand zone, Cause Price are both side uptrending,So MY real PoI is far, it might not reach 4H demand zone but might also, So if I enter from 15 min imidiate closer Demand zone by observation that my HTF is also uptrend, there is certain big risk that my Trade will go in my 4h demand zone and stop me out from my 15 min demand zone ,please sir help me, or I must wait price to come first in my 4h demand zone then take entry from 15 min demand zone inside it, then why I am checking LTF is also uptrending before ? Thank you sir",0,0,https://www.youtube.com/watch?v=FccA87INVUE,UgzVcUPO6W1I3dNBbV94AaABAg,"Short (trả lời comment): mở bằng “Thank u sir, , I have one serious and technical question pls If I have Uptrend i” → 3 bước quản lý vốn/stop loss cho XAUUSD.",run_forex_entry_confirmation,Backlog
PP-0254,3.745,strategy_rules,strategy_rules,Thanks brother...this strategy of you had made me rich am so grateful🙏🙏,6,2,https://www.youtube.com/watch?v=AY7fWmE1CBk,UgylHLFebKaBkkjZF6l4AaABAg,"Short (trả lời comment): “Thanks brother...this strategy of you had made me rich am so grateful🙏🙏” → chiến lược này dùng khung nào, áp dụng ra sao trong 60 giây.",run_XAUUSD_trading_strategy,Backlog
PP-0255,3.735,strategy_rules,strategy_rules,Always trade in when US Uk market session intersects. That’s my simple strategy to make good profit.,5,3,https://www.youtube.com/watch?v=udvUjY5YLwo,Ugy-NvZ5jTR2U41BV554AaABAg,"Short (trả lời comment): “Always trade in when US Uk market session intersects. That’s my simple strategy ” → chiến lược này dùng khung nào, áp dụng ra sao trong 60 giây.",run_how_to_trade_gold_for_beginners,Backlog
PP-0256,3.697,entry_timing|strategy_rules,entry_timing,​@MrJbro26 thanks. I think something like a small rangle high volume candle on a smaller timeframe to confirm entry would work great.,8,0,https://www.youtube.com/watch?v=tS9o8aQjADY,UgwXuK6CHjOBmINI11h4AaABAg.AJ4WYfoPHw6AJ4b9C8MORx,"Short (trả lời comment): “​@MrJbro26 thanks. I think something like a small rangle high volume candle on a” → 3 điểm xác nhận trước khi vào lệnh, demo trên chart.",run_forex_entry_confirmation,Backlog
PP-0257,3.696,risk_management|strategy_rules|education_gap,risk_management,That is another reason even A+ setups fail and that is why you have your SL.,6,0,https://www.youtube.com/watch?v=4tFcM7NcefU,UgyMZT2acaTqgQdIr-J4AaABAg.A8V4Cr5tQ2IA8VlGhA_75D,Short (trả lời comment): mở bằng “That is another reason even A+ setups fail and that is why you have your SL.” → 3 bước quản lý vốn/stop loss cho XAUUSD.,run_forex_entry_confirmation,Backlog
PP-0258,3.695,strategy_rules,strategy_rules,"This video and strategy just helped me pass my first prop firm challenge!! Once again, Arty, you have changed my trading life!! Keep up the brilliant work, bro!!!!!",2,1,https://www.youtube.com/watch?v=MKJz4yURCEs,Ugw2mGUTlA4ySKapsRN4AaABAg,"Short (trả lời comment): “This video and strategy just helped me pass my first prop firm challenge!! Once ” → chiến lược này dùng khung nào, áp dụng ra sao trong 60 giây.",run_gold_price_action_trading,Backlog
PP-0259,3.695,other_question_or_pain,other_question_or_pain,"Wow, this Heikin Ashi thing looks way less chaotic than the normal candles I've been trying to use! I always panic and close my trades too soon. Maybe this will help me see the trend better. Going to try this on my next trade!",2,1,https://www.youtube.com/watch?v=MKJz4yURCEs,Ugw7KIRsoh7yRXB9QfN4AaABAg,"Short (trả lời comment): “Wow, this Heikin Ashi thing looks way less chaotic than the normal candles I've ” → câu trả lời thẳng + 1 bước hành động ngay.",run_gold_price_action_trading,Backlog
PP-0260,3.695,other_question_or_pain,other_question_or_pain,You are amazing ! All the information you have on the channel is just wow! I have a small question If the doji candle is followed by a candle with a wick and then two candles without a wick is it still considered the same?,2,1,https://www.youtube.com/watch?v=0L6Rcgp6j7Y,UgwgPOxq0P1K4cPwfRx4AaABAg,Short (trả lời comment): “You are amazing ! All the information you have on the channel is just wow! I hav” → câu trả lời thẳng + 1 bước hành động ngay.,run_gold_price_action_trading,Backlog
PP-0261,3.695,other_question_or_pain,other_question_or_pain,can i try ur signals? buy or free?,2,1,https://www.youtube.com/watch?v=3E7k47dZeWk,UgydeHj1_zwFCEO2R1p4AaABAg,Short (trả lời comment): “can i try ur signals? buy or free?” → câu trả lời thẳng + 1 bước hành động ngay.,run_gold_price_action_trading,Backlog
PP-0262,3.695,education_gap,education_gap,You are the best when it comes to explain something! I really believe it’s an issue of patience hen I am catching the trend!,2,1,https://www.youtube.com/watch?v=MKJz4yURCEs,UgyyDvZf2HG8oSh6Ilt4AaABAg,Short (trả lời comment): “You are the best when it comes to explain something! I really believe it’s an is” → giải thích cực gọn cho người mới trong 45 giây.,run_gold_price_action_trading,Backlog
PP-0263,3.695,education_gap,education_gap,"Hi, I have a few questions, I am really new to this( I startet yesterday to learn about it) and now I’ve done some papertrading and made some profit but there I dont get the money investet back instantly. Do I have to wait for that and is that also exactly like that when your trading with real money? And secondly: when you think you can go short, so you sell, what do you sell if you dont have bought anything that makes no sense to me. And my third and last Question is: can you place more money than you have and tho get more profit but also could do a loss or can you only place less money than you currently have? As I said, I dont understand many things😅 Thx",2,1,https://www.youtube.com/watch?v=5mw_y1HK_rI,UgzC0jydepL7bvnKEft4AaABAg,"Short (trả lời comment): “Hi, I have a few questions, I am really new to this( I startet yesterday to lear” → giải thích cực gọn cho người mới trong 45 giây.",run_gold_price_action_trading,Backlog
PP-0264,3.676,education_gap,education_gap,The market has been pretty bad until today it decided to surge. Everybody was Practically Crying then. It kept dipping. That's what you get when you feel you can navigate the process on your own. Big thank to Hilder Ferguson. I'm not bothered with how bad the Market is because my assests are insured due to her advice and I still receive my profit,3,7,https://www.youtube.com/watch?v=kis7l0y1JUg,UgzeXAUHRfSqMRce6ft4AaABAg,Short (trả lời comment): “The market has been pretty bad until today it decided to surge. Everybody was Pr” → giải thích cực gọn cho người mới trong 45 giây.,run_forex_entry_confirmation,Backlog
PP-0265,3.648,risk_management,risk_management,The key to big returns is not big moving stocks. It's managing risk in relationship to reward. Having the correct size on and turning your edge as many times as necessary to reach your goal. That holds true from long term investing to day trading.,10,0,https://www.youtube.com/watch?v=AY7fWmE1CBk,UgxpJe8zwuLjM-OqkQx4AaABAg.9kIfkdVqLUH9kIfzDPdqcS,Short (trả lời comment): mở bằng “The key to big returns is not big moving stocks. It's managing risk in relations” → 3 bước quản lý vốn/stop loss cho XAUUSD.,run_XAUUSD_trading_strategy,Backlog
PP-0266,3.636,strategy_rules,strategy_rules,"Can you please increase the number of subscribers on your indicator in the future? Because I want to buy the indicator, but it says that all spots are filled.🥺",1,3,https://www.youtube.com/watch?v=IyrbbmKv3RE,Ugw0JkGiYxeEf04oxth4AaABAg,"Short (trả lời comment): “Can you please increase the number of subscribers on your indicator in the futur” → chiến lược này dùng khung nào, áp dụng ra sao trong 60 giây.",run_forex_entry_confirmation,Backlog
PP-0267,3.636,strategy_rules,strategy_rules,but which strategy? there is like 10000 strategy videos,3,0,https://www.youtube.com/watch?v=kis7l0y1JUg,UgyntZMzIESD2UtM5ut4AaABAg.9gbWsprE4t1ALoXZWwiEBt,"Short (trả lời comment): “but which strategy? there is like 10000 strategy videos” → chiến lược này dùng khung nào, áp dụng ra sao trong 60 giây.",run_forex_entry_confirmation,Backlog
PP-0268,3.636,education_gap,education_gap,@JayCee-ti7vf yea but how many people are trading with 300k? Come on man think,3,0,https://www.youtube.com/watch?v=Dyg4lZo89sM,UgwEivCaU_2Sd0bU_hN4AaABAg.9x6dZ2T7pwW9xEwmsrx0O0,Short (trả lời comment): “@JayCee-ti7vf yea but how many people are trading with 300k? Come on man think” → giải thích cực gọn cho người mới trong 45 giây.,run_forex_risk_management_stop_loss,Backlog
PP-0269,3.636,education_gap,education_gap,How do you know which ATR value to use? The most recent candle? On what time scale?,3,0,https://www.youtube.com/watch?v=JrDNeM9p2J4,UgwYPs3eLw2LRLB7dN54AaABAg.9e24jFBuIkq9koWhm-YOFs,Short (trả lời comment): “How do you know which ATR value to use? The most recent candle? On what time sca” → giải thích cực gọn cho người mới trong 45 giây.,run_forex_risk_management_stop_loss,Backlog
PP-0270,3.636,education_gap,education_gap,"Can you teach a bit on the taxes at the end of the year on trading and how much it factors in trading - futures, Forex… How do you maneuver around the whole tax situation? Thanks kind sir.. awesome lessons!",3,0,https://www.youtube.com/watch?v=_D1MYH6D7jc,Ugw_TnLG1gubQ6Vx9DV4AaABAg,Short (trả lời comment): “Can you teach a bit on the taxes at the end of the year on trading and how much ” → giải thích cực gọn cho người mới trong 45 giây.,run_forex_risk_management_stop_loss,Backlog
PP-0271,3.636,risk_management,risk_management,mau nanya bng tama aku ydah tradinh di akun demo lamaa dan pakai tehnik yg cuma itu2 aja dah hasilnya bagus tapi ketika coba di akun asli kenapa sangat berbeda jauh malah banyak losnya padahal tehnik sama apakah ada masukan?,3,0,https://www.youtube.com/watch?v=v_8HUVzO-rw,Ugy7XoSsYip2K-xj9x54AaABAg,Short (trả lời comment): mở bằng “mau nanya bng tama aku ydah tradinh di akun demo lamaa dan pakai tehnik yg cuma ” → 3 bước quản lý vốn/stop loss cho XAUUSD.,run_forex_risk_management_stop_loss,Backlog
PP-0272,3.636,education_gap,education_gap,"Sorry when you said a green candle on the daily time frame.. doesn't the overall trend matter ? For example if the overall trend is bearish and you met a green candle on the daily time frame , what should be our expectations, long or short?",3,0,https://www.youtube.com/watch?v=npfiV52dXoc,UgyZ60SP6-9l5kwp3j94AaABAg,Short (trả lời comment): “Sorry when you said a green candle on the daily time frame.. doesn't the overall” → giải thích cực gọn cho người mới trong 45 giây.,run_forex_risk_management_stop_loss,Backlog
PP-0273,3.636,education_gap,education_gap,BRO WHAT TYPE OF BoS IS THAT ?? WHY WOULD YOU CONSIDER A BREAK OF STRUCTURE WITH A WICK OF THE CANDLE ??,1,3,https://www.youtube.com/watch?v=sK-_6uIGMck,Ugw5ycTk3b2TzUG4H7p4AaABAg,Short (trả lời comment): “BRO WHAT TYPE OF BoS IS THAT ?? WHY WOULD YOU CONSIDER A BREAK OF STRUCTURE WITH” → giải thích cực gọn cho người mới trong 45 giây.,run_gold_price_action_trading,Backlog
PP-0274,3.636,other_question_or_pain,other_question_or_pain,"I love your videos, but didn't you draw your Fibonacci levels backwards? If you were looking for a long trend shouldn't you have started at the swing low and then dragged the fibs higher? Thats the way I have seen others do it",3,0,https://www.youtube.com/watch?v=0L6Rcgp6j7Y,UgyTrXOZ5-x9aYcosy54AaABAg,"Short (trả lời comment): “I love your videos, but didn't you draw your Fibonacci levels backwards? If you ” → câu trả lời thẳng + 1 bước hành động ngay.",run_gold_price_action_trading,Backlog
PP-0275,3.636,education_gap,education_gap,Whatvtime line is best to use this when day trading?,3,0,https://www.youtube.com/watch?v=Qgx3t-pmzN8,UgzLP-GjMu4mreafM5V4AaABAg,Short (trả lời comment): “Whatvtime line is best to use this when day trading?” → giải thích cực gọn cho người mới trong 45 giây.,run_gold_price_action_trading,Backlog
PP-0276,3.636,other_question_or_pain,other_question_or_pain,Did you backtested it bro ?,3,0,https://www.youtube.com/watch?v=nCBF6wrOKic,UgxWgGWjXTGlXBn2bYF4AaABAg.AOvAqc6m0ohAPgtK8WlknP,Short (trả lời comment): “Did you backtested it bro ?” → câu trả lời thẳng + 1 bước hành động ngay.,run_gold_scalping_strategy,Backlog
PP-0277,3.636,other_question_or_pain,other_question_or_pain,do we have to see chart on tradeview of 5 minutes for this?,3,0,https://www.youtube.com/watch?v=XBcMiYK7qYY,UgzijTChjOcPlr9gYu94AaABAg,Short (trả lời comment): “do we have to see chart on tradeview of 5 minutes for this?” → câu trả lời thẳng + 1 bước hành động ngay.,run_gold_scalping_strategy,Backlog
PP-0278,3.636,other_question_or_pain,other_question_or_pain,I think it's 300$ not 3000 $ because 300 pips x 0.1 = 30 x 10 = 300$ ?,3,0,https://www.youtube.com/watch?v=AY7fWmE1CBk,UgyYrfwq0LNxFbxn59t4AaABAg,Short (trả lời comment): “I think it's 300$ not 3000 $ because 300 pips x 0.1 = 30 x 10 = 300$ ?” → câu trả lời thẳng + 1 bước hành động ngay.,run_XAUUSD_trading_strategy,Backlog
PP-0279,3.599,risk_management|education_gap,risk_management,Did you ever find out what a trailing stop loss is 😂? I am a new trader myself and I am trying to learn everything I can,2,0,https://www.youtube.com/watch?v=JrDNeM9p2J4,UgznaQzz9Ek_LFk182h4AaABAg.9u4fsv48pTdA0kqE_lR9Ft,Short (trả lời comment): mở bằng “Did you ever find out what a trailing stop loss is 😂? I am a new trader myself a” → 3 bước quản lý vốn/stop loss cho XAUUSD.,run_forex_risk_management_stop_loss,Backlog
PP-0280,3.579,entry_timing|strategy_rules,entry_timing,"I’ve just built an EA that identifies these levels on higher timeframes then hints for confirmation entry at the level, then targets 80% of the distance to the next zone so supply to demand. Demand to supply. Works a treat",3,3,https://www.youtube.com/watch?v=tS9o8aQjADY,Ugz4IJ4XZtjSENF9PRh4AaABAg,"Short (trả lời comment): “I’ve just built an EA that identifies these levels on higher timeframes then hin” → 3 điểm xác nhận trước khi vào lệnh, demo trên chart.",run_forex_entry_confirmation,Backlog
PP-0281,3.579,risk_management|strategy_rules,risk_management,"look at yesterday example S&P500 it said nope twice up and down, using this strategy will hit your SL defenantly.",7,0,https://www.youtube.com/watch?v=I29peidTQxU,UgxPz404tA-b41jwYSp4AaABAg.ALke9XGCnljAMdfVLQnwyT,"Short (trả lời comment): mở bằng “look at yesterday example S&P500 it said nope twice up and down, using this stra” → 3 bước quản lý vốn/stop loss cho XAUUSD.",run_gold_scalping_strategy,Backlog
PP-0282,3.553,education_gap,education_gap,how do i start gold trading what do i have to do for it and how it can be a great investment for me,9,0,https://www.youtube.com/watch?v=udvUjY5YLwo,UgxLcQEedE5UBZhSDq94AaABAg,Short (trả lời comment): “how do i start gold trading what do i have to do for it and how it can be a grea” → giải thích cực gọn cho người mới trong 45 giây.,run_how_to_trade_gold_for_beginners,Backlog
PP-0283,3.553,strategy_rules,strategy_rules,"bhai ye strategy pehle se hi use krta hu 😂😂, maine khud se hi is strategy ko develop kiya hai and profit bhi hota hai but mere execution me thode changes hai",4,3,https://www.youtube.com/watch?v=Er7rWHlwlqU,UgxqCKnffF9K-BidOIB4AaABAg,"Short (trả lời comment): “bhai ye strategy pehle se hi use krta hu 😂😂, maine khud se hi is strategy ko dev” → chiến lược này dùng khung nào, áp dụng ra sao trong 60 giây.",run_XAUUSD_trading_strategy,Backlog
PP-0284,3.548,strategy_rules,strategy_rules,"For anyone new to crypto: stop looking at the 1-minute charts. I lost so much money early on because I was reacting to every tiny wiggle. Once I started looking at the higher timeframes and understanding institutional flow, my stress levels dropped and my hits started landing. Trading is 90% patience and 10% execution.",2,10,https://www.youtube.com/watch?v=tS9o8aQjADY,UgwhFJlFfZ00syPQaP14AaABAg,"Short (trả lời comment): “For anyone new to crypto: stop looking at the 1-minute charts. I lost so much mo” → chiến lược này dùng khung nào, áp dụng ra sao trong 60 giây.",run_forex_entry_confirmation,Backlog
PP-0285,3.542,risk_management|entry_timing|education_gap,risk_management,"As a beginner investor, it’s essential for you to have a mentor to keep you accountable. Cierra Howell George is my trade analyst, she has guided me to identify key market trends, pinpointed strategic entry points, and provided risk assessments, ensuring my trades decisions align with market dynamics for optimal returns.",5,0,https://www.youtube.com/watch?v=tS9o8aQjADY,UgxcZQMK2O-szmOAwp54AaABAg.AJ71cPqdxRLANscXe_Dpnk,"Short (trả lời comment): mở bằng “As a beginner investor, it’s essential for you to have a mentor to keep you acco” → 3 bước quản lý vốn/stop loss cho XAUUSD.",run_forex_entry_confirmation,Backlog
PP-0286,3.542,risk_management,risk_management,"Mas tolong buatkan video cara pending order buy or sell pakai risk kalkulator di terminal exnes dong, terimakasih sebelumnya🙏 7:32",6,1,https://www.youtube.com/watch?v=smtAdlhwFHA,UgzEFHG_ctLY8A9pqVR4AaABAg,Short (trả lời comment): mở bằng “Mas tolong buatkan video cara pending order buy or sell pakai risk kalkulator di” → 3 bước quản lý vốn/stop loss cho XAUUSD.,run_forex_risk_management_stop_loss,Backlog
PP-0287,3.542,strategy_rules,strategy_rules,I HAVE KEPT ON WATCHING THIS VIDEO SEVERAL TIMES BECAUSE IT HAS AN IMPORTANT STRATEGY TO TRADE AND SCALP GOLD. I AM YOUR FOLLOWER FROM TODAY BRO🖖🖖,6,1,https://www.youtube.com/watch?v=en8RMFRqSME,Ugy_S8DXUXUscMibPCd4AaABAg,"Short (trả lời comment): “I HAVE KEPT ON WATCHING THIS VIDEO SEVERAL TIMES BECAUSE IT HAS AN IMPORTANT STR” → chiến lược này dùng khung nào, áp dụng ra sao trong 60 giây.",run_gold_scalping_strategy,Backlog
PP-0288,3.54,entry_timing|education_gap,entry_timing,"One of my entry systems. It's a banger in the right zone. Top notch. Quick one: 3rd candle close above 2nd candle body or wick? If candle 3 fails to close beyond camdle 2's close, what next?",1,1,https://www.youtube.com/watch?v=FccA87INVUE,UgyCp7t2Ze4MLvPiZON4AaABAg,"Short (trả lời comment): “One of my entry systems. It's a banger in the right zone. Top notch. Quick one: ” → 3 điểm xác nhận trước khi vào lệnh, demo trên chart.",run_forex_entry_confirmation,Backlog
PP-0289,3.54,risk_management|education_gap,risk_management,How to consider liquidity grabs with Stop Losses? If I set it below a swing low in an uptrend it could still wick below the low to grab liquidity,1,1,https://www.youtube.com/watch?v=_D1MYH6D7jc,UgwPo4ppkH-3SW3rQ9x4AaABAg,Short (trả lời comment): mở bằng “How to consider liquidity grabs with Stop Losses? If I set it below a swing low ” → 3 bước quản lý vốn/stop loss cho XAUUSD.,run_forex_risk_management_stop_loss,Backlog
PP-0290,3.54,strategy_rules|education_gap,strategy_rules,What is the price of the indicator ?,1,1,https://www.youtube.com/watch?v=3E7k47dZeWk,Ugw0s3SstwuUqIMLESt4AaABAg,"Short (trả lời comment): “What is the price of the indicator ?” → chiến lược này dùng khung nào, áp dụng ra sao trong 60 giây.",run_gold_price_action_trading,Backlog
PP-0291,3.54,strategy_rules|education_gap,strategy_rules,"indicator locked rn, what happened?",1,1,https://www.youtube.com/watch?v=3E7k47dZeWk,UgyBG46fy6x65iHo4NJ4AaABAg,"Short (trả lời comment): “indicator locked rn, what happened?” → chiến lược này dùng khung nào, áp dụng ra sao trong 60 giây.",run_gold_price_action_trading,Backlog
PP-0292,3.54,broker_platform|education_gap,broker_platform,Hi. How to add the 10X Trading System in Tradingview? It asked me to request permission,1,1,https://www.youtube.com/watch?v=3E7k47dZeWk,UgyrSkpSArwvLsscGl54AaABAg,Short (trả lời comment): “Hi. How to add the 10X Trading System in Tradingview? It asked me to request per” → spread/slippage/sàn cần kiểm tra gì trước khi chọn broker.,run_gold_price_action_trading,Backlog
PP-0293,3.54,strategy_rules|education_gap,strategy_rules,What is the indicator based on?,1,1,https://www.youtube.com/watch?v=3E7k47dZeWk,Ugz9vE9lv1wNQ6eimAJ4AaABAg,"Short (trả lời comment): “What is the indicator based on?” → chiến lược này dùng khung nào, áp dụng ra sao trong 60 giây.",run_gold_price_action_trading,Backlog
PP-0294,3.54,entry_timing|strategy_rules,entry_timing,Do I need to enter a trade in a lower timeframe?,1,1,https://www.youtube.com/watch?v=sK-_6uIGMck,Ugz_FfK1ZHIJ44IAobF4AaABAg,"Short (trả lời comment): “Do I need to enter a trade in a lower timeframe?” → 3 điểm xác nhận trước khi vào lệnh, demo trên chart.",run_gold_price_action_trading,Backlog
PP-0295,3.54,strategy_rules|education_gap,strategy_rules,Locked this strategy how to unlock ?,1,1,https://www.youtube.com/watch?v=3E7k47dZeWk,UgzfRit-_LPYQWktsB94AaABAg,"Short (trả lời comment): “Locked this strategy how to unlock ?” → chiến lược này dùng khung nào, áp dụng ra sao trong 60 giây.",run_gold_price_action_trading,Backlog
PP-0296,3.5,psychology|education_gap,psychology,"​@Capitaltrading Actually, I don't think we disagree. An increased price of gold will raise output from mines - agreed. For one thing, a price of $3k turns what was once waste rock ( at $2k ) into ""ore"" that can/will be processed into new metal. My contention is that it doesn't matter how much existing mines increase their production or how many new mines are opened, the new mine supply is INSIGNIFICANT next to ""old mine production"" -- coins/bars in the hands of the ""public"" ( where ""public"" is anyone sitting on coins/bars from last year or 100 years ago . . . ). It's not like, say, copper or oil where pretty much ALL the market supply is new, fresh production and the fresh stuff suppresses the price. . . . Silver has its own supply issues, but they are different. There is a lot of old supply ( nothing like gold ), but most new mined production is as a byproduct and not from primary mine production so increasing prices ( $30 / $40 / $50? ) doesn't effect supply much at all. Interestingly, it doesn't effect demand much at all either. Each use of silver uses so little of it that the user will pay whatever the price IS in order to get it. My take on 2021 gold price? OK, you asked . . . ( you know that opinions are like rectal orifices . . . ) Gold will finish the year substantially higher than the previous record price of about $2,100. It MIGHT get to $3k this year, but might finish at $2.5k. It needs to shake out as many people as possible first. The Hulbert Ratings sentiment is below -30% as of yesterday. Many are looking for $1,500 or 1,400 gold coming up. I doubt it, but don't care. The CCP virus has ensured HUGE deficit spending around the world with huge ramp-up in debt. Gold's NOT an inflation hedge, but it WILL revert to the mean ( and over and under . . . ).",0,0,https://www.youtube.com/watch?v=udvUjY5YLwo,Ugy-MSlrc3Vl72nFkeV4AaABAg.9Ex4UVRIElp9KVkMfRQpjh,"Short (trả lời comment): “​@Capitaltrading Actually, I don't think we disagree. An increased price of gold” → cách lấy lại kỷ luật sau chuỗi thua, 1 phút thực hành.",run_how_to_trade_gold_for_beginners,Backlog
PP-0297,3.492,other_question_or_pain,other_question_or_pain,channel live tradingnya dimana?..,1,2,https://www.youtube.com/watch?v=vRoToHC9STU,UgzcT7uxx15-Q5GXBZF4AaABAg,Short (trả lời comment): “channel live tradingnya dimana?..” → câu trả lời thẳng + 1 bước hành động ngay.,run_forex_entry_confirmation,Backlog
PP-0298,3.492,broker_platform,broker_platform,Bang mau nyanya broker kuning bisa nyambung ke trading view kah?,1,2,https://www.youtube.com/watch?v=v_8HUVzO-rw,UgwNabnoDhSJlIRGTcZ4AaABAg,Short (trả lời comment): “Bang mau nyanya broker kuning bisa nyambung ke trading view kah?” → spread/slippage/sàn cần kiểm tra gì trước khi chọn broker.,run_forex_risk_management_stop_loss,Backlog
PP-0299,3.492,other_question_or_pain,other_question_or_pain,ak bertahan di market bertahun2 tapi tk profit2😂 modal tk habis tapi modal tk bertambah. gimna tuh?😂,1,2,https://www.youtube.com/watch?v=v_8HUVzO-rw,UgwrDUYLo62YWTm1Kqx4AaABAg,Short (trả lời comment): “ak bertahan di market bertahun2 tapi tk profit2😂 modal tk habis tapi modal tk be” → câu trả lời thẳng + 1 bước hành động ngay.,run_forex_risk_management_stop_loss,Backlog
PP-0300,3.492,education_gap,education_gap,How do you unlock 10x trading system? I saw your video on YouTube and wanted to try it out.,1,2,https://www.youtube.com/watch?v=3E7k47dZeWk,UgwQ545_WCKZuwYIarp4AaABAg,Short (trả lời comment): “How do you unlock 10x trading system? I saw your video on YouTube and wanted to ” → giải thích cực gọn cho người mới trong 45 giây.,run_gold_price_action_trading,Backlog
PP-0301,3.492,education_gap,education_gap,i honestly liked it but the point is that i still cannot see how it helps with trading gold!,1,2,https://www.youtube.com/watch?v=oc2zqnvsqi0,Ugw9pVda_U2YdYkTQ3l4AaABAg,Short (trả lời comment): “i honestly liked it but the point is that i still cannot see how it helps with t” → giải thích cực gọn cho người mới trong 45 giây.,run_how_to_trade_gold_for_beginners,Backlog
PP-0302,3.492,strategy_rules,strategy_rules,is it possible to do wheel strategy ( option ) with GLD ??? it seems because moves really fast it will mess up the wheel strategy. please kindly advise,1,2,https://www.youtube.com/watch?v=oc2zqnvsqi0,UgwgaUJDH_1TBvtZlHB4AaABAg,"Short (trả lời comment): “is it possible to do wheel strategy ( option ) with GLD ??? it seems because mov” → chiến lược này dùng khung nào, áp dụng ra sao trong 60 giây.",run_how_to_trade_gold_for_beginners,Backlog
PP-0303,3.492,other_question_or_pain,other_question_or_pain,Isn't gold's cotation going up when interest rate goes down?🤔,1,2,https://www.youtube.com/watch?v=udvUjY5YLwo,UgxCnZkjX_mxfyfKLQh4AaABAg,Short (trả lời comment): “Isn't gold's cotation going up when interest rate goes down?🤔” → câu trả lời thẳng + 1 bước hành động ngay.,run_how_to_trade_gold_for_beginners,Backlog
PP-0304,3.492,education_gap,education_gap,what's the best trading platform for gold?,1,2,https://www.youtube.com/watch?v=udvUjY5YLwo,UgyILGY-WchkG0ZR5Lh4AaABAg,Short (trả lời comment): “what's the best trading platform for gold?” → giải thích cực gọn cho người mới trong 45 giây.,run_how_to_trade_gold_for_beginners,Backlog
PP-0305,3.492,other_question_or_pain,other_question_or_pain,"Is it safe to trade gold? Like I see you can hold it forever until it is profitable to sell, unlike binary, excuse noob question I just created account today :)",1,2,https://www.youtube.com/watch?v=udvUjY5YLwo,UgzMtuBufKrl9CrJqWp4AaABAg,Short (trả lời comment): “Is it safe to trade gold? Like I see you can hold it forever until it is profita” → câu trả lời thẳng + 1 bước hành động ngay.,run_how_to_trade_gold_for_beginners,Backlog
PP-0306,3.492,education_gap,education_gap,Bhai how you withdraw profits and how you handle the Income tax filing ? Bank account freeze hua hai kabhi ?,1,2,https://www.youtube.com/watch?v=Er7rWHlwlqU,Ugy8XhwCpFn6oLkchlp4AaABAg,Short (trả lời comment): “Bhai how you withdraw profits and how you handle the Income tax filing ? Bank ac” → giải thích cực gọn cho người mới trong 45 giây.,run_XAUUSD_trading_strategy,Backlog
PP-0307,3.447,education_gap,education_gap,"To be honest, I need a lot of assistance learning to trade. I get really depressed when I see how low my portfolio is.",8,0,https://www.youtube.com/watch?v=npfiV52dXoc,UgzUn0pM7O8IUQk1sHh4AaABAg.A_cn69S0B-mA_cq4UUNEAq,"Short (trả lời comment): “To be honest, I need a lot of assistance learning to trade. I get really depress” → giải thích cực gọn cho người mới trong 45 giây.",run_forex_risk_management_stop_loss,Backlog
PP-0308,3.447,education_gap,education_gap,Fabio has made me profitable. The best way to teach is to fully explain and that's what TTA does.,8,0,https://www.youtube.com/watch?v=7HD5ZG2MmeQ,Ugxwqp7nonHxmiK_0Rt4AaABAg.ADkrIabZKdEAFCiPVjn6M2,Short (trả lời comment): “Fabio has made me profitable. The best way to teach is to fully explain and that” → giải thích cực gọn cho người mới trong 45 giây.,run_gold_price_action_trading,Backlog
PP-0309,3.447,psychology,psychology,sit there and watch your profit. when youre happy then take it. dont be greedy.,8,0,https://www.youtube.com/watch?v=XBcMiYK7qYY,UgygLgPaaESt28lz8xV4AaABAg.A-C1hjHsMU-A0VPn_e2tAY,"Short (trả lời comment): “sit there and watch your profit. when youre happy then take it. dont be greedy.” → cách lấy lại kỷ luật sau chuỗi thua, 1 phút thực hành.",run_gold_scalping_strategy,Backlog
PP-0310,3.447,education_gap,education_gap,"Oh, I feel like giving up now. I don't know what to do again. I've lost a lot of money, I don't know what to believe on anymore I'm so depressed 🤦💔",8,0,https://www.youtube.com/watch?v=XBcMiYK7qYY,UgzpKv_moMJoa8zO1v54AaABAg.Ab14TW7fe9QAb2rW6mmPU-,"Short (trả lời comment): “Oh, I feel like giving up now. I don't know what to do again. I've lost a lot of” → giải thích cực gọn cho người mới trong 45 giây.",run_gold_scalping_strategy,Backlog
PP-0311,3.443,risk_management|entry_timing|education_gap,risk_management,"Confirmation entries will help reduce the risk of that… but it has its own cons … you might miss the movement… so it’s a trade-off … What I’m practicing is to take aggressive orders when I can clearly spot liquidity pool above my zone. And if I can’t spot liquidity above it, I use confirmation entry.",1,0,https://www.youtube.com/watch?v=_D1MYH6D7jc,UgwPo4ppkH-3SW3rQ9x4AaABAg.A9jsl9-GRuIA9kOsJeaS2R,Short (trả lời comment): mở bằng “Confirmation entries will help reduce the risk of that… but it has its own cons ” → 3 bước quản lý vốn/stop loss cho XAUUSD.,run_forex_risk_management_stop_loss,Backlog
PP-0312,3.443,risk_management|entry_timing|education_gap,risk_management,"Thanks, great video and tips, advices! But could you clarify please how exactly to set the stop loss — should it be below the candle where I enter (the bottom of the candle at wich I buy)? And regarding the exit, - should it be based on the daily candle, or rather on the hourly one, if the hourly candles body looks quite large, has no wick, and is in the opposite direction? Thanks!",1,0,https://www.youtube.com/watch?v=MKJz4yURCEs,Ugw0u5WrLJEgpUNVJBZ4AaABAg,"Short (trả lời comment): mở bằng “Thanks, great video and tips, advices! But could you clarify please how exactly ” → 3 bước quản lý vốn/stop loss cho XAUUSD.",run_XAUUSD_trading_strategy,Backlog
PP-0313,3.409,broker_platform,broker_platform,"Mas tama, leverage itu tiba nya riba bukan mas tama, bnyk yang bilng pinjaman dri broker seperti leverage itu riba mas tama...",4,2,https://www.youtube.com/watch?v=smtAdlhwFHA,UgxtWsNvbhlsiWW8u894AaABAg,"Short (trả lời comment): “Mas tama, leverage itu tiba nya riba bukan mas tama, bnyk yang bilng pinjaman dr” → spread/slippage/sàn cần kiểm tra gì trước khi chọn broker.",run_forex_risk_management_stop_loss,Backlog
PP-0314,3.388,education_gap,education_gap,"in this trade you have showed , price retraced exactly in the fair value gap and it reversed",5,1,https://www.youtube.com/watch?v=JrDNeM9p2J4,Ugw5cZpjp4l2NkIsuNB4AaABAg,"Short (trả lời comment): “in this trade you have showed , price retraced exactly in the fair value gap and” → giải thích cực gọn cho người mới trong 45 giây.",run_forex_risk_management_stop_loss,Backlog
PP-0315,3.349,education_gap,education_gap,"this my worst problem ever, when I trade i thought i knew what i doing wrong but this made it so much clear to me, thanks Justin",2,0,https://www.youtube.com/watch?v=taBdnsItyiI,Ugy1sB-TdqUDTH39SjV4AaABAg,"Short (trả lời comment): “this my worst problem ever, when I trade i thought i knew what i doing wrong but” → giải thích cực gọn cho người mới trong 45 giây.",run_forex_entry_confirmation,Backlog
PP-0316,3.349,other_question_or_pain,other_question_or_pain,@The Trading Geek would you consider hosting a live trade challenge to help those with small accounts compound/ grow their small accounts using your signals ( it should be a paid service/ challenge of course) 😊,2,0,https://www.youtube.com/watch?v=kis7l0y1JUg,UgzDsxav9oZBZ7VHRiV4AaABAg.9fflTZMy7Oi9ijrCvxej7G,Short (trả lời comment): “@The Trading Geek would you consider hosting a live trade challenge to help thos” → câu trả lời thẳng + 1 bước hành động ngay.,run_forex_entry_confirmation,Backlog
PP-0317,3.349,education_gap,education_gap,"Sir, can you make a vedio on how to use a daily candle to trade with conference with other concept like demand, supply, mss and bos? I will be glad if you can do it for me, sir.",2,0,https://www.youtube.com/watch?v=_D1MYH6D7jc,Ugw-ficQ2v9TAPhQS294AaABAg,"Short (trả lời comment): “Sir, can you make a vedio on how to use a daily candle to trade with conference ” → giải thích cực gọn cho người mới trong 45 giây.",run_forex_risk_management_stop_loss,Backlog
PP-0318,3.349,broker_platform,broker_platform,Is it available for use in TradingView?,2,0,https://www.youtube.com/watch?v=JrDNeM9p2J4,UgwYPs3eLw2LRLB7dN54AaABAg.9e24jFBuIkq9jlbhWX--mu,Short (trả lời comment): “Is it available for use in TradingView?” → spread/slippage/sàn cần kiểm tra gì trước khi chọn broker.,run_forex_risk_management_stop_loss,Backlog
PP-0319,3.349,education_gap,education_gap,How to set alerts on a closing candle properly?,2,0,https://www.youtube.com/watch?v=MKJz4yURCEs,Ugx8qWyUH3oOy9lT_QB4AaABAg,Short (trả lời comment): “How to set alerts on a closing candle properly?” → giải thích cực gọn cho người mới trong 45 giây.,run_gold_price_action_trading,Backlog
PP-0320,3.349,education_gap,education_gap,"Wow, you explain really good and I tried it and it helped me a lot. God Bless",2,0,https://www.youtube.com/watch?v=0L6Rcgp6j7Y,UgyMfxXVVVNJrb8aC-J4AaABAg.9_jQ4s9qsW-9i7qdWblLmW,"Short (trả lời comment): “Wow, you explain really good and I tried it and it helped me a lot. God Bless” → giải thích cực gọn cho người mới trong 45 giây.",run_gold_price_action_trading,Backlog
PP-0321,3.349,other_question_or_pain,other_question_or_pain,Thank you Arty for video. but i have one question? But before you told Heiken Ashi not good for scalping. For swing it is good. Sorry but it is important. Your lessons perfect and your opinion is very important.,2,0,https://www.youtube.com/watch?v=MKJz4yURCEs,UgyO2_m_ySrBhAR5FnZ4AaABAg,Short (trả lời comment): “Thank you Arty for video. but i have one question? But before you told Heiken As” → câu trả lời thẳng + 1 bước hành động ngay.,run_gold_price_action_trading,Backlog
PP-0322,3.349,education_gap,education_gap,"Good illustration but why are you talking in definitive terms? Structure and charts are NOT certainties otherwise every trader would be a billionaire. There are probabilities, in this instance it's perhaps the case that a validated zone yields the ""correct"" result 65-70% of the time, but you can still make a perfect play and lose. NEVER forget that. Likewise you can make a huge mistake and win. Don't forget that either. The worst thing that can happen to a trader or a poker player is to make bad moves, get lucky due to variance, and engrain that mistake in their game.",2,0,https://www.youtube.com/watch?v=Qgx3t-pmzN8,UgyQ9IdsWGwSITOhy9x4AaABAg,Short (trả lời comment): “Good illustration but why are you talking in definitive terms? Structure and cha” → giải thích cực gọn cho người mới trong 45 giây.,run_gold_price_action_trading,Backlog
PP-0323,3.349,education_gap,education_gap,@tradingwalk how is this different from Williams fractals?,2,0,https://www.youtube.com/watch?v=3E7k47dZeWk,UgzzKdlqr0XzcuBWXVF4AaABAg.AN0ZKQ2tQyIARbWjg3W9G5,Short (trả lời comment): “@tradingwalk how is this different from Williams fractals?” → giải thích cực gọn cho người mới trong 45 giây.,run_gold_price_action_trading,Backlog
PP-0324,3.349,strategy_rules,strategy_rules,Great strategy! Could you make a video about different scalping strategies for NQ/ES futures?,2,0,https://www.youtube.com/watch?v=xXy2CBssQQA,UgyJZ57Z5xrNBVxW86J4AaABAg,"Short (trả lời comment): “Great strategy! Could you make a video about different scalping strategies for N” → chiến lược này dùng khung nào, áp dụng ra sao trong 60 giây.",run_gold_scalping_strategy,Backlog
PP-0325,3.349,other_question_or_pain,other_question_or_pain,Honestly I really need help learning to trade. Seeing my portfolio low makes me very sad.,2,0,https://www.youtube.com/watch?v=_YVQN6_nkfs,UgwXz4H2-ECn5ut8YS14AaABAg.A9MxQcrgfeEA9MxtOW1H3-,Short (trả lời comment): “Honestly I really need help learning to trade. Seeing my portfolio low makes me ” → câu trả lời thẳng + 1 bước hành động ngay.,run_how_to_trade_gold_for_beginners,Backlog
PP-0326,3.349,education_gap,education_gap,How can I make good profit as a beginner starting with small amounts.. Are there others with this challenge? I need recommendations,2,0,https://www.youtube.com/watch?v=_YVQN6_nkfs,UgwiEpoC5SlK-f8vQK94AaABAg.A0ar4uysDVgAbI3LMf9lwO,Short (trả lời comment): “How can I make good profit as a beginner starting with small amounts.. Are there” → giải thích cực gọn cho người mới trong 45 giây.,run_how_to_trade_gold_for_beginners,Backlog
PP-0327,3.349,psychology,psychology,Don't quit yet. The fact you've stayed committed for a year says a lot about your discipline. Maybe the problem isn't you—it's the retail mindset you've been taught.,2,0,https://www.youtube.com/watch?v=_YVQN6_nkfs,UgxzvKXSM7s4kWVpJuh4AaABAg.AbNd7lUidfzAbNdEeQq7dC,"Short (trả lời comment): “Don't quit yet. The fact you've stayed committed for a year says a lot about you” → cách lấy lại kỷ luật sau chuỗi thua, 1 phút thực hành.",run_how_to_trade_gold_for_beginners,Backlog
PP-0328,3.349,other_question_or_pain,other_question_or_pain,"Yes, I invested €90 in the last 3 months just to earn a few euros and I can say that most of the money I lost was when investing in Silver and Gold. The problem with these assets is that they are very unpredictable.",2,0,https://www.youtube.com/watch?v=oc2zqnvsqi0,Ugy9P1ZVVytTTQKDVYB4AaABAg.A1wBX2AiLCZAE2PsSWxEeb,"Short (trả lời comment): “Yes, I invested €90 in the last 3 months just to earn a few euros and I can say ” → câu trả lời thẳng + 1 bước hành động ngay.",run_how_to_trade_gold_for_beginners,Backlog
PP-0329,3.349,education_gap,education_gap,What’s your opinion on gold now?,2,0,https://www.youtube.com/watch?v=AY7fWmE1CBk,UgxDfaybkCt2Qcwa3Tx4AaABAg.9pV9a12K8EcA2NwyoeSmU_,Short (trả lời comment): “What’s your opinion on gold now?” → giải thích cực gọn cho người mới trong 45 giây.,run_XAUUSD_trading_strategy,Backlog
PP-0330,3.349,education_gap,education_gap,You say set alerts to tell you when a different colour candle forms - how can I do this? i'm not sure its an option in the alerts?,2,0,https://www.youtube.com/watch?v=MKJz4yURCEs,UgxvrQkPpkUY6-7TONV4AaABAg,Short (trả lời comment): “You say set alerts to tell you when a different colour candle forms - how can I ” → giải thích cực gọn cho người mới trong 45 giây.,run_XAUUSD_trading_strategy,Backlog
PP-0331,3.329,risk_management,risk_management,"The best sl -,tp lesson I 've ever come across 🙏🇿🇦✌️",7,0,https://www.youtube.com/watch?v=_D1MYH6D7jc,UgzWYI0em5dTWsn3TLl4AaABAg,"Short (trả lời comment): mở bằng “The best sl -,tp lesson I 've ever come across 🙏🇿🇦✌️” → 3 bước quản lý vốn/stop loss cho XAUUSD.",run_forex_risk_management_stop_loss,Backlog
PP-0332,3.329,risk_management,risk_management,"My suggestion always do stop loss, better loss a bit and find another momentum rather than losing all of balance because of one anomaly candle. Just remember you can always do recovery as long as you have the capital",7,0,https://www.youtube.com/watch?v=JrDNeM9p2J4,UgznaQzz9Ek_LFk182h4AaABAg.9u4fsv48pTd9uKSuGwI2Fw,"Short (trả lời comment): mở bằng “My suggestion always do stop loss, better loss a bit and find another momentum r” → 3 bước quản lý vốn/stop loss cho XAUUSD.",run_forex_risk_management_stop_loss,Backlog
PP-0333,3.329,education_gap,education_gap,Bro...upload a trade logic video every week please.....what trades you took and logic behind it,7,0,https://www.youtube.com/watch?v=en8RMFRqSME,UgzLawzjK7MU-X-rgxB4AaABAg,Short (trả lời comment): “Bro...upload a trade logic video every week please.....what trades you took and ” → giải thích cực gọn cho người mới trong 45 giây.,run_gold_scalping_strategy,Backlog
PP-0334,3.329,education_gap,education_gap,"You’re the best bro, ur analysis of trades it’s wonderful, how u describe the S&D zones ur amazing bro, keep going",7,0,https://www.youtube.com/watch?v=AY7fWmE1CBk,UgzhEuMrMDxlM-Q0SfR4AaABAg,"Short (trả lời comment): “You’re the best bro, ur analysis of trades it’s wonderful, how u describe the S&” → giải thích cực gọn cho người mới trong 45 giây.",run_XAUUSD_trading_strategy,Backlog
PP-0335,3.292,risk_management|education_gap,risk_management,Pls can you make a video for me explaining more on how to calculate SL AND TP PROPERLY 🙏🙏🙏,5,0,https://www.youtube.com/watch?v=FccA87INVUE,Ugxrzd_e9J7ZGveookd4AaABAg,Short (trả lời comment): mở bằng “Pls can you make a video for me explaining more on how to calculate SL AND TP PR” → 3 bước quản lý vốn/stop loss cho XAUUSD.,run_forex_entry_confirmation,Backlog
PP-0336,3.292,risk_management|education_gap,risk_management,Can you do a more in depth no too lengthy but a bit more in-depth video on how to do this risk management,5,0,https://www.youtube.com/watch?v=Dyg4lZo89sM,UgxDRjFBlwJYSFMeRy14AaABAg,Short (trả lời comment): mở bằng “Can you do a more in depth no too lengthy but a bit more in-depth video on how t” → 3 bước quản lý vốn/stop loss cho XAUUSD.,run_forex_risk_management_stop_loss,Backlog
PP-0337,3.29,other_question_or_pain,other_question_or_pain,apa bedaqnya trading intrade ama scalping bang?,1,1,https://www.youtube.com/watch?v=vRoToHC9STU,UgwEPk7oo2_8qpdOFqh4AaABAg,Short (trả lời comment): “apa bedaqnya trading intrade ama scalping bang?” → câu trả lời thẳng + 1 bước hành động ngay.,run_forex_entry_confirmation,Backlog
PP-0338,3.29,education_gap,education_gap,If the HTF Swing is so far then what to do?,1,1,https://www.youtube.com/watch?v=taBdnsItyiI,UgwXeeQQnzwIZ5VNzgF4AaABAg,Short (trả lời comment): “If the HTF Swing is so far then what to do?” → giải thích cực gọn cho người mới trong 45 giây.,run_forex_entry_confirmation,Backlog
PP-0339,3.29,other_question_or_pain,other_question_or_pain,"Bang, cara gabung trading live nya gmn?",1,1,https://www.youtube.com/watch?v=vRoToHC9STU,Ugwl6_4H3b5hagocYxh4AaABAg,"Short (trả lời comment): “Bang, cara gabung trading live nya gmn?” → câu trả lời thẳng + 1 bước hành động ngay.",run_forex_entry_confirmation,Backlog
PP-0340,3.29,other_question_or_pain,other_question_or_pain,Ada grup trading nya?,1,1,https://www.youtube.com/watch?v=vRoToHC9STU,UgwrF6rK-1FgOEgl-gp4AaABAg,Short (trả lời comment): “Ada grup trading nya?” → câu trả lời thẳng + 1 bước hành động ngay.,run_forex_entry_confirmation,Backlog
PP-0341,3.29,broker_platform,broker_platform,Mas di trading view bisa konek broker fbs gak? Dan apakah bisa sekalian open posisi di trading view?,1,1,https://www.youtube.com/watch?v=vRoToHC9STU,UgzDjmgsqpOm7f2frTB4AaABAg,Short (trả lời comment): “Mas di trading view bisa konek broker fbs gak? Dan apakah bisa sekalian open pos” → spread/slippage/sàn cần kiểm tra gì trước khi chọn broker.,run_forex_entry_confirmation,Backlog
PP-0342,3.29,strategy_rules,strategy_rules,"""Can I apply this strategy for a sell position from the top?""",1,1,https://www.youtube.com/watch?v=3E7k47dZeWk,Ugx1-WpYctyV-JQ-41Z4AaABAg,"Short (trả lời comment): “""Can I apply this strategy for a sell position from the top?""” → chiến lược này dùng khung nào, áp dụng ra sao trong 60 giây.",run_gold_price_action_trading,Backlog
PP-0343,3.29,risk_management,risk_management,Great video! Do you use fixed stop loss or trail it according to market structure?,1,1,https://www.youtube.com/watch?v=3E7k47dZeWk,Ugx9RZBkg49EFkqQDhR4AaABAg,Short (trả lời comment): mở bằng “Great video! Do you use fixed stop loss or trail it according to market structur” → 3 bước quản lý vốn/stop loss cho XAUUSD.,run_gold_price_action_trading,Backlog
PP-0344,3.29,strategy_rules,strategy_rules,Been following you for years…is this strategy still available and valid?,1,1,https://www.youtube.com/watch?v=3E7k47dZeWk,UgxDqb6_eiIfKRy1R2R4AaABAg,"Short (trả lời comment): “Been following you for years…is this strategy still available and valid?” → chiến lược này dùng khung nào, áp dụng ra sao trong 60 giây.",run_gold_price_action_trading,Backlog
PP-0345,3.29,strategy_rules,strategy_rules,Is this work in all timeframe?,1,1,https://www.youtube.com/watch?v=3E7k47dZeWk,UgxuPHMDTjs6Fp-rSUV4AaABAg,"Short (trả lời comment): “Is this work in all timeframe?” → chiến lược này dùng khung nào, áp dụng ra sao trong 60 giây.",run_gold_price_action_trading,Backlog
PP-0346,3.29,strategy_rules,strategy_rules,"Hi, thank you so much for sharing your knowledge through this video. This strategy actually works. May God bless you for helping others. Atleast now I have confidence in trading and earning small bit. I am really thankful to you",1,1,https://www.youtube.com/watch?v=MKJz4yURCEs,UgyCRmXj8goTP1OT-qh4AaABAg,"Short (trả lời comment): “Hi, thank you so much for sharing your knowledge through this video. This strate” → chiến lược này dùng khung nào, áp dụng ra sao trong 60 giây.",run_gold_price_action_trading,Backlog
PP-0347,3.29,education_gap,education_gap,"why didnt you place take profit at swing low, but u tp at that level?",1,1,https://www.youtube.com/watch?v=5mw_y1HK_rI,Ugyh_xuij7TEJnLaVKx4AaABAg,"Short (trả lời comment): “why didnt you place take profit at swing low, but u tp at that level?” → giải thích cực gọn cho người mới trong 45 giây.",run_gold_price_action_trading,Backlog
PP-0348,3.29,other_question_or_pain,other_question_or_pain,"I'm new to trading, but I'm learning it pretty quickly thanks to guys like you. This kind of education and knowledge is easy to understand and will help myself and many others achieve their trading goals. Simplicity is key.",1,1,https://www.youtube.com/watch?v=0L6Rcgp6j7Y,Ugzsn3jY_Cb09DVqzXh4AaABAg,"Short (trả lời comment): “I'm new to trading, but I'm learning it pretty quickly thanks to guys like you. ” → câu trả lời thẳng + 1 bước hành động ngay.",run_gold_price_action_trading,Backlog
PP-0349,3.29,other_question_or_pain,other_question_or_pain,Do you have any free signals channel?,1,1,https://www.youtube.com/watch?v=fSp-jMvNOhE,Ugzt8S3lz-4cFTGuF_x4AaABAg,Short (trả lời comment): “Do you have any free signals channel?” → câu trả lời thẳng + 1 bước hành động ngay.,run_gold_scalping_strategy,Backlog
PP-0350,3.29,other_question_or_pain,other_question_or_pain,Where exactly do I start trading gold?,1,1,https://www.youtube.com/watch?v=oc2zqnvsqi0,Ugx4d2RlYIQtz6a_KkJ4AaABAg,Short (trả lời comment): “Where exactly do I start trading gold?” → câu trả lời thẳng + 1 bước hành động ngay.,run_how_to_trade_gold_for_beginners,Backlog
PP-0351,3.29,education_gap,education_gap,How to trade online? Which platform to use? Is it linked to bank account ?,1,1,https://www.youtube.com/watch?v=oc2zqnvsqi0,UgyCFJ6syLFk3lxlC894AaABAg,Short (trả lời comment): “How to trade online? Which platform to use? Is it linked to bank account ?” → giải thích cực gọn cho người mới trong 45 giây.,run_how_to_trade_gold_for_beginners,Backlog
PP-0352,3.29,other_question_or_pain,other_question_or_pain,"Thank you for these strategies.. i have question where can we buy Gold, silver, natural gas, crude oil in spot for investing purpose? which according to you is best for investing?",1,1,https://www.youtube.com/watch?v=E0YMb62jY64,UgyKsGkRDZirjlM1pgN4AaABAg,"Short (trả lời comment): “Thank you for these strategies.. i have question where can we buy Gold, silver, ” → câu trả lời thẳng + 1 bước hành động ngay.",run_how_to_trade_gold_for_beginners,Backlog
PP-0353,3.29,education_gap,education_gap,this vedio is really help full .i am trading gold in domestic market how can i batter understand the trends ..,1,1,https://www.youtube.com/watch?v=udvUjY5YLwo,UgywWGKXj7HxhASIUfR4AaABAg,Short (trả lời comment): “this vedio is really help full .i am trading gold in domestic market how can i b” → giải thích cực gọn cho người mới trong 45 giây.,run_how_to_trade_gold_for_beginners,Backlog
PP-0354,3.29,education_gap,education_gap,Is gold trading apps is a good place to start trading gold for beginners and how would I set that up?,1,1,https://www.youtube.com/watch?v=udvUjY5YLwo,UgzTail-TwUxqWMpGFB4AaABAg,Short (trả lời comment): “Is gold trading apps is a good place to start trading gold for beginners and how” → giải thích cực gọn cho người mới trong 45 giây.,run_how_to_trade_gold_for_beginners,Backlog
PP-0355,3.25,entry_timing,entry_timing,Entry confirmation where do you look lower time frame or high time frame? Someone help me,0,0,https://www.youtube.com/watch?v=FccA87INVUE,UgweCb2S6QfwTuM1TPF4AaABAg,"Short (trả lời comment): “Entry confirmation where do you look lower time frame or high time frame? Someon” → 3 điểm xác nhận trước khi vào lệnh, demo trên chart.",run_forex_entry_confirmation,Backlog
PP-0356,3.25,psychology,psychology,Really you people know her? I was even thinking that I'm the only one she has helped walk through the fears and falls of trading.,0,0,https://www.youtube.com/watch?v=kis7l0y1JUg,UgxMqdqbcd5IgHrKkW94AaABAg.A08LbJnZystA08M775DdAU,"Short (trả lời comment): “Really you people know her? I was even thinking that I'm the only one she has he” → cách lấy lại kỷ luật sau chuỗi thua, 1 phút thực hành.",run_forex_entry_confirmation,Backlog
PP-0357,3.25,entry_timing,entry_timing,Thank u so much sir for this video. My question is after drawing ur POI are u going to wait till price comes back to touch dat point of interest before u enter a trade??? Pls sir help me with this I really want to understand this 🙏🙏🙏,0,0,https://www.youtube.com/watch?v=FccA87INVUE,Ugz5w_eq58U2KuORCkZ4AaABAg,"Short (trả lời comment): “Thank u so much sir for this video. My question is after drawing ur POI are u go” → 3 điểm xác nhận trước khi vào lệnh, demo trên chart.",run_forex_entry_confirmation,Backlog
PP-0358,3.25,education_gap,education_gap,how much do you charge to help people pass challenges and stay profitable?,0,0,https://www.youtube.com/watch?v=Dyg4lZo89sM,UgzdZ86qLM840rHnicF4AaABAg,Short (trả lời comment): “how much do you charge to help people pass challenges and stay profitable?” → giải thích cực gọn cho người mới trong 45 giây.,run_forex_risk_management_stop_loss,Backlog
PP-0359,3.25,other_question_or_pain,other_question_or_pain,"Hey, i know it feels impossible but I really like your content. I’m from Georgia 🇬🇪 and want to help grow trading awareness here. Would you be open to a quick online interview? Thanks",0,0,https://www.youtube.com/watch?v=xXy2CBssQQA,UgzNYS981HeWLHpxUpV4AaABAg,"Short (trả lời comment): “Hey, i know it feels impossible but I really like your content. I’m from Georgia” → câu trả lời thẳng + 1 bước hành động ngay.",run_gold_scalping_strategy,Backlog
PP-0360,3.25,risk_management,risk_management,"I cannot focus on the long run when I should be retiring in 4years, you see l've got good companies in my portfolio and a good amount invested, but my profit has been stalling, does it mean this recession/ unstable market doesn't provide any calculated risk opportunities to make profit?",0,0,https://www.youtube.com/watch?v=AY7fWmE1CBk,UgyBlZoM5VAF-K2lp8t4AaABAg.9paKb9Srvd59paLa3w2bYR,"Short (trả lời comment): mở bằng “I cannot focus on the long run when I should be retiring in 4years, you see l've” → 3 bước quản lý vốn/stop loss cho XAUUSD.",run_XAUUSD_trading_strategy,Backlog
PP-0361,3.25,other_question_or_pain,other_question_or_pain,​@GoldTraderAllianceI have made a lot of losses. I have lost money because of your 2 signals. Can you help me?,0,0,https://www.youtube.com/watch?v=4e1duYMKJhc,UgwtwUw0Zf8UMSK8N654AaABAg.ATf_ImFGnJlATpmsD4MPPs,Short (trả lời comment): “​@GoldTraderAllianceI have made a lot of losses. I have lost money because of yo” → câu trả lời thẳng + 1 bước hành động ngay.,yt_api_run_001,Backlog
PP-0362,3.233,risk_management|entry_timing,risk_management,That entry part is risky for gold 🏆,3,1,https://www.youtube.com/watch?v=fSp-jMvNOhE,Ugw0lE6AbL9GmInuQa94AaABAg,Short (trả lời comment): mở bằng “That entry part is risky for gold 🏆” → 3 bước quản lý vốn/stop loss cho XAUUSD.,run_gold_scalping_strategy,Backlog
PP-0363,3.206,risk_management,risk_management,stop loss is the most common reason retail investors lose money.,4,1,https://www.youtube.com/watch?v=JrDNeM9p2J4,UgxXolkAGrfpwUEeI5l4AaABAg,Short (trả lời comment): mở bằng “stop loss is the most common reason retail investors lose money.” → 3 bước quản lý vốn/stop loss cho XAUUSD.,run_forex_risk_management_stop_loss,Backlog
PP-0364,3.206,strategy_rules,strategy_rules,Hey I think this strategy can change my life thank you ❤️,4,1,https://www.youtube.com/watch?v=nCBF6wrOKic,UgwBEZ9_okShSq7m02l4AaABAg,"Short (trả lời comment): “Hey I think this strategy can change my life thank you ❤️” → chiến lược này dùng khung nào, áp dụng ra sao trong 60 giây.",run_gold_scalping_strategy,Backlog
PP-0365,3.206,strategy_rules,strategy_rules,"Nice strategy, excellent explanation, good presentation. Expecting many more in future.",4,1,https://www.youtube.com/watch?v=XBcMiYK7qYY,UgwWetsOV3H8-wA5N8p4AaABAg,"Short (trả lời comment): “Nice strategy, excellent explanation, good presentation. Expecting many more in ” → chiến lược này dùng khung nào, áp dụng ra sao trong 60 giây.",run_gold_scalping_strategy,Backlog
PP-0366,3.206,risk_management,risk_management,That stop loss is alot to lose when trading a small account😭,4,1,https://www.youtube.com/watch?v=AY7fWmE1CBk,UgyXlHWw00Lx82EfW6l4AaABAg,Short (trả lời comment): mở bằng “That stop loss is alot to lose when trading a small account😭” → 3 bước quản lý vốn/stop loss cho XAUUSD.,run_XAUUSD_trading_strategy,Backlog
PP-0367,3.206,education_gap,education_gap,"Dude, today has been the most profitable day of my life just trading gold like you explained in this video! I Love Gold",4,1,https://www.youtube.com/watch?v=AY7fWmE1CBk,Ugz-q_0q7dq41xaOhbR4AaABAg,"Short (trả lời comment): “Dude, today has been the most profitable day of my life just trading gold like y” → giải thích cực gọn cho người mới trong 45 giây.",run_XAUUSD_trading_strategy,Backlog
PP-0368,3.196,risk_management,risk_management,"You seriously worry about ppl doesn’t know shorting , hilarious 🤣",6,0,https://www.youtube.com/watch?v=IyrbbmKv3RE,UgwXTISeowCqAZNtL1N4AaABAg,"Short (trả lời comment): mở bằng “You seriously worry about ppl doesn’t know shorting , hilarious 🤣” → 3 bước quản lý vốn/stop loss cho XAUUSD.",run_forex_entry_confirmation,Backlog
PP-0369,3.196,education_gap,education_gap,@vaurera​​⁠the gap is full of liquidity (high speed order volume that hasn’t been balanced). Price will usually dip into these areas to satisfy imbalance before more orders can stack to continue motion. This is why a bull flag stair steps down (grabbing liquidity=satisfying imbalance) then shoots up once the satisfactory balance is met. Welcome 💪🏾,6,0,https://www.youtube.com/watch?v=JrDNeM9p2J4,UgwqqZaDwmGS09uEiOZ4AaABAg.9nYEizM2YJC9tPQNKB38Wn,Short (trả lời comment): “@vaurera​​⁠the gap is full of liquidity (high speed order volume that hasn’t bee” → giải thích cực gọn cho người mới trong 45 giây.,run_forex_risk_management_stop_loss,Backlog
PP-0370,3.196,education_gap,education_gap,@Ta_faz Only through backtesting and experience. Look for key swing highs and lows throughout the day.... especially how each session reacts to certain levels,6,0,https://www.youtube.com/watch?v=npfiV52dXoc,UgxfouKI4s7ha2c2CJ94AaABAg.A8q5nl8P0FsAAme_u1ujMq,Short (trả lời comment): “@Ta_faz Only through backtesting and experience. Look for key swing highs and lo” → giải thích cực gọn cho người mới trong 45 giây.,run_forex_risk_management_stop_loss,Backlog
PP-0371,3.196,risk_management,risk_management,He made that so easy to understand risk management compared to other traders thankyou 🤝,6,0,https://www.youtube.com/watch?v=7f2bpEwiJCY,UgyRybhS66iXmCxzb5R4AaABAg,Short (trả lời comment): mở bằng “He made that so easy to understand risk management compared to other traders tha” → 3 bước quản lý vốn/stop loss cho XAUUSD.,run_forex_risk_management_stop_loss,Backlog
PP-0372,3.196,strategy_rules,strategy_rules,You lost me when you said “go to the indicators tab”. That’s never going to be the answer.,6,0,https://www.youtube.com/watch?v=JrDNeM9p2J4,UgzWWHIW2GWr2yKxXU14AaABAg,"Short (trả lời comment): “You lost me when you said “go to the indicators tab”. That’s never going to be t” → chiến lược này dùng khung nào, áp dụng ra sao trong 60 giây.",run_forex_risk_management_stop_loss,Backlog
PP-0373,3.196,risk_management,risk_management,Good for high volume penny stocks. It's called the M pattern. The W pattern is wider. An more risky.,6,0,https://www.youtube.com/watch?v=Qgx3t-pmzN8,UgzHhYT_ySc9Wf1CuWl4AaABAg,Short (trả lời comment): mở bằng “Good for high volume penny stocks. It's called the M pattern. The W pattern is w” → 3 bước quản lý vốn/stop loss cho XAUUSD.,run_gold_price_action_trading,Backlog
PP-0374,3.196,risk_management,risk_management,Love gold 😂😂 nfp took me out twice before going my direction like ight bruhh 😒 decided to be done for the day went to sleep 😴 and wake up to gold going to new highs 😂😂😂,6,0,https://www.youtube.com/watch?v=oc2zqnvsqi0,UgyzXA9imM48NjnjiHB4AaABAg,Short (trả lời comment): mở bằng “Love gold 😂😂 nfp took me out twice before going my direction like ight bruhh 😒 d” → 3 bước quản lý vốn/stop loss cho XAUUSD.,run_how_to_trade_gold_for_beginners,Backlog
PP-0375,3.193,entry_timing|education_gap,entry_timing,"brada, can u make another videos of what things that will attract smartpanty money enter the market. one ive found is liquidity. r there another factor that r counts?",1,0,https://www.youtube.com/watch?v=_D1MYH6D7jc,UgwLoF81ic90zaSDe_R4AaABAg,"Short (trả lời comment): “brada, can u make another videos of what things that will attract smartpanty mon” → 3 điểm xác nhận trước khi vào lệnh, demo trên chart.",run_forex_risk_management_stop_loss,Backlog
PP-0376,3.193,entry_timing|education_gap,entry_timing,"The ‘retest’ logic is absolute tosh. Sometimes there’s never a retest, price just rockets and never returns. Waiting for a retest causes you to miss out. Then there’s the classic ‘retest and break down anyway after a bounce because retest means F all’… yes, that’s right. The amount of times price ‘retests’, bounces up only to crash down anyway is just as often as every other outcome. Retests predict nothing, just like the support/resistance or trend lines drawn on which you entered. Next, define ‘retest’. A candle of what size and on what time frame constitutes a retest? Watch five one minute candles all perfectly aligned on the arbitrary support, followed by a large green candle upwards.. so you enter!! and after 5 hrs, the 4hr candle has collapsed below the imaginary arbitrary line you drew and turned out to be another meaningless place on a random chart. Sorry, but ‘wait for the retest’ is meaningless and will continue to fail traders in the same way any other chart pattern or occurrence does.",1,0,https://www.youtube.com/watch?v=JrDNeM9p2J4,UgxO4i6CWUtrj3bzldZ4AaABAg.AFXXLTmkCCCAYFbRLWl9PP,"Short (trả lời comment): “The ‘retest’ logic is absolute tosh. Sometimes there’s never a retest, price jus” → 3 điểm xác nhận trước khi vào lệnh, demo trên chart.",run_forex_risk_management_stop_loss,Backlog
PP-0377,3.193,strategy_rules|education_gap,strategy_rules,How are things going on your Gold journey? Still in? Still using that strategy from the vid?,1,0,https://www.youtube.com/watch?v=MKJz4yURCEs,UgwIFAuqOsK7QZ9dIvp4AaABAg.AKp0bfCxlYeAP-WypoKZR0,"Short (trả lời comment): “How are things going on your Gold journey? Still in? Still using that strategy f” → chiến lược này dùng khung nào, áp dụng ra sao trong 60 giây.",run_gold_price_action_trading,Backlog
PP-0378,3.193,strategy_rules|education_gap,strategy_rules,Timeframe? And whats the pip range on ur screen,1,0,https://www.youtube.com/watch?v=7HD5ZG2MmeQ,UgxYE-zg1AjykrH9XCt4AaABAg,"Short (trả lời comment): “Timeframe? And whats the pip range on ur screen” → chiến lược này dùng khung nào, áp dụng ra sao trong 60 giây.",run_gold_price_action_trading,Backlog
PP-0379,3.193,strategy_rules|education_gap,strategy_rules,What timeframe is this in?,1,0,https://www.youtube.com/watch?v=7HD5ZG2MmeQ,UgxvLPx4rj9Upi_drcp4AaABAg,"Short (trả lời comment): “What timeframe is this in?” → chiến lược này dùng khung nào, áp dụng ra sao trong 60 giây.",run_gold_price_action_trading,Backlog
PP-0380,3.193,strategy_rules|education_gap,strategy_rules,How's the strategy going?,1,0,https://www.youtube.com/watch?v=XBcMiYK7qYY,UgwAvQxyWBPYKzMptU94AaABAg.A5aumqIKrNzA7_LkeJl-Qm,"Short (trả lời comment): “How's the strategy going?” → chiến lược này dùng khung nào, áp dụng ra sao trong 60 giây.",run_gold_scalping_strategy,Backlog
PP-0381,3.193,risk_management|education_gap,risk_management,How you just added stop loss with that square? I have to do manually add numbers and that takes a while lol. newbie pain :D,1,0,https://www.youtube.com/watch?v=XBcMiYK7qYY,UgypYkp34fHoFUXcaxN4AaABAg,Short (trả lời comment): mở bằng “How you just added stop loss with that square? I have to do manually add numbers” → 3 bước quản lý vốn/stop loss cho XAUUSD.,run_gold_scalping_strategy,Backlog
PP-0382,3.193,strategy_rules|education_gap,strategy_rules,On what timeframe?,1,0,https://www.youtube.com/watch?v=XBcMiYK7qYY,Ugz9l7mD0mhE4GxQU0t4AaABAg.9yrgo3AzNzEA1nTktSdCHa,"Short (trả lời comment): “On what timeframe?” → chiến lược này dùng khung nào, áp dụng ra sao trong 60 giây.",run_gold_scalping_strategy,Backlog
PP-0383,3.193,entry_timing|education_gap,entry_timing,You didn't answer the last commenter. Can you please explain this a little more?,1,0,https://www.youtube.com/watch?v=I29peidTQxU,Ugzqaz_PRdxFY5c_JUF4AaABAg.ALrJuRys-YIAPG4ccig2QG,"Short (trả lời comment): “You didn't answer the last commenter. Can you please explain this a little more?” → 3 điểm xác nhận trước khi vào lệnh, demo trên chart.",run_gold_scalping_strategy,Backlog
PP-0384,3.193,strategy_rules|education_gap,strategy_rules,"In the checklist, you mentioned that the Heikin Ashi candle in 1 H timeframe must close with no bottom wick, however, in the example you showed us, the 1 H candle did have a bottom wick. The only Heikin Ashi candle that did not have a bottom wick was in the daily chart before it formed a red candle. Please help me understand this point in the checklist.",1,0,https://www.youtube.com/watch?v=MKJz4yURCEs,UgxRkv_ROcJAiadZPqx4AaABAg,"Short (trả lời comment): “In the checklist, you mentioned that the Heikin Ashi candle in 1 H timeframe mus” → chiến lược này dùng khung nào, áp dụng ra sao trong 60 giây.",run_XAUUSD_trading_strategy,Backlog
PP-0385,3.186,entry_timing,entry_timing,4HR FVG reaction and 30-15Min entry is the best.,3,2,https://www.youtube.com/watch?v=xXy2CBssQQA,Ugw8CmkQNJU8WEVMrJh4AaABAg,"Short (trả lời comment): “4HR FVG reaction and 30-15Min entry is the best.” → 3 điểm xác nhận trước khi vào lệnh, demo trên chart.",run_gold_scalping_strategy,Backlog
PP-0386,3.148,risk_management|education_gap,risk_management,"Lol this is akin to gambling. Seriously this dangerous, turning trading into a video game is beyond wrong. Pls people do not follow this advice. There is alot more to trading then following breakout patterns. He hasnt explained how he sets up his graphs. What time periods this might work in, which type of stocks, currency or equities . This is beyond irresponsible advice. If anyone uses this advice and loses money, you can most likely sue the author.",2,2,https://www.youtube.com/watch?v=Qgx3t-pmzN8,Ugxiojeq_QZUZcnkcFx4AaABAg,"Short (trả lời comment): mở bằng “Lol this is akin to gambling. Seriously this dangerous, turning trading into a v” → 3 bước quản lý vốn/stop loss cho XAUUSD.",run_gold_price_action_trading,Backlog
PP-0387,3.136,entry_timing|strategy_rules|education_gap,entry_timing,"Gold trading with supply & demand strategy looks simple, but the way you explained entry timing and confirmation really makes it easier to understand. Definitely a valuable lesson for traders! 📈🔥",3,0,https://www.youtube.com/watch?v=AY7fWmE1CBk,UgxMWaVIMZ8OnMflRdd4AaABAg,"Short (trả lời comment): “Gold trading with supply & demand strategy looks simple, but the way you explain” → 3 điểm xác nhận trước khi vào lệnh, demo trên chart.",run_XAUUSD_trading_strategy,Backlog
PP-0388,3.109,risk_management|education_gap,risk_management,"Stop loss placement explained perfectly Most traders lose because of wrong SL, this video is pure gold!",4,0,https://www.youtube.com/watch?v=_D1MYH6D7jc,Ugx0H4mwBHTvbJcxQYR4AaABAg,"Short (trả lời comment): mở bằng “Stop loss placement explained perfectly Most traders lose because of wrong SL, t” → 3 bước quản lý vốn/stop loss cho XAUUSD.",run_forex_risk_management_stop_loss,Backlog
PP-0389,3.109,strategy_rules|psychology,strategy_rules,"Trading feels like 80% mental gymnastics, 20% revenge clicking 😓 If I actually stuck to my plan instead of chasing every setup I felt, I'd be sipping drinks on a yacht by now.",4,0,https://www.youtube.com/watch?v=xXy2CBssQQA,Ugxmcl63e3_pP2Q4ypp4AaABAg.AYMNWsKd14KAYMNngA-kMi,"Short (trả lời comment): “Trading feels like 80% mental gymnastics, 20% revenge clicking 😓 If I actually s” → chiến lược này dùng khung nào, áp dụng ra sao trong 60 giây.",run_gold_scalping_strategy,Backlog
PP-0390,3.109,strategy_rules|education_gap,strategy_rules,"What a god my g, just made some money with the strategy. Love trading with trend",4,0,https://www.youtube.com/watch?v=XBcMiYK7qYY,UgwoNf7Lg0z9v9szok94AaABAg,"Short (trả lời comment): “What a god my g, just made some money with the strategy. Love trading with trend” → chiến lược này dùng khung nào, áp dụng ra sao trong 60 giây.",run_gold_scalping_strategy,Backlog
PP-0391,3.109,strategy_rules|education_gap,strategy_rules,@ForexTradingLions more indicators apply on chart make u more confuse thats why i use naked chart apply only trend line and horizontal line focus on demand and supply and it give me success,4,0,https://www.youtube.com/watch?v=fSp-jMvNOhE,UgxB-_sz0J3TDRZw9Z14AaABAg.9pB0zt18H8t9pB5PL-6iIB,"Short (trả lời comment): “@ForexTradingLions more indicators apply on chart make u more confuse thats why ” → chiến lược này dùng khung nào, áp dụng ra sao trong 60 giây.",run_gold_scalping_strategy,Backlog
PP-0392,3.097,strategy_rules|broker_platform|education_gap,strategy_rules,When I try to add this indicator on tradingview it says its locked and I need to contact you. What should I do?,0,1,https://www.youtube.com/watch?v=3E7k47dZeWk,UgxrQGGSthpy3fGo7KR4AaABAg,"Short (trả lời comment): “When I try to add this indicator on tradingview it says its locked and I need to” → chiến lược này dùng khung nào, áp dụng ra sao trong 60 giây.",run_gold_price_action_trading,Backlog
PP-0393,3.097,entry_timing|strategy_rules|education_gap,entry_timing,Can anyone tell me whats the best time for entry or to trade this strategy ???,0,1,https://www.youtube.com/watch?v=en8RMFRqSME,Ugx822QKYsqYqwPSWDh4AaABAg,"Short (trả lời comment): “Can anyone tell me whats the best time for entry or to trade this strategy ???” → 3 điểm xác nhận trước khi vào lệnh, demo trên chart.",run_gold_scalping_strategy,Backlog
PP-0394,3.049,strategy_rules|education_gap,strategy_rules,What was the previous timeframe?,0,2,https://www.youtube.com/watch?v=4tFcM7NcefU,UgxG_iN6oanccZUrTLt4AaABAg,"Short (trả lời comment): “What was the previous timeframe?” → chiến lược này dùng khung nào, áp dụng ra sao trong 60 giây.",run_forex_entry_confirmation,Backlog
PP-0395,3.042,risk_management,risk_management,Ahhh stop loss hunting,5,0,https://www.youtube.com/watch?v=JrDNeM9p2J4,UgwKoRKCNO-Lyq_zcr14AaABAg,Short (trả lời comment): mở bằng “Ahhh stop loss hunting” → 3 bước quản lý vốn/stop loss cho XAUUSD.,run_forex_risk_management_stop_loss,Backlog
PP-0396,3.042,risk_management,risk_management,Cause y’all don’t know where to set stop losses💀,5,0,https://www.youtube.com/watch?v=JrDNeM9p2J4,UgxFLO2gHKAbvawy3AB4AaABAg,Short (trả lời comment): mở bằng “Cause y’all don’t know where to set stop losses💀” → 3 bước quản lý vốn/stop loss cho XAUUSD.,run_forex_risk_management_stop_loss,Backlog
PP-0397,3.042,education_gap,education_gap,Its easy to explain when price is already charted,5,0,https://www.youtube.com/watch?v=I29peidTQxU,Ugwgyeg_kNmTzDinV8l4AaABAg,Short (trả lời comment): “Its easy to explain when price is already charted” → giải thích cực gọn cho người mới trong 45 giây.,run_gold_scalping_strategy,Backlog
PP-0398,3.042,risk_management,risk_management,"@lindholmlille Based on a first-hand encounter with a CFP ""Charlotte Anne McConnell'' I have $385,000 in a well-diversified portfolio that has grown 3x compounded. Taking risks does not necessarily equate to money, but you also have to be informed, be patient and come back with good hands//",5,0,https://www.youtube.com/watch?v=_YVQN6_nkfs,UgxdoTf1v4jkTk8-XZl4AaABAg.9sANjE0IpaL9sAPiy_Nr75,"Short (trả lời comment): mở bằng “@lindholmlille Based on a first-hand encounter with a CFP ""Charlotte Anne McConn” → 3 bước quản lý vốn/stop loss cho XAUUSD.",run_how_to_trade_gold_for_beginners,Backlog
PP-0399,3.042,education_gap,education_gap,"@caroamira Even with the right technique and assets some investors would still make more than others, as an investor, you should’ve known that by now, nothing beats experience and that’s final, personally I had to reach out to a market analyst for guidance which is how I was able to grow my account close to a million, withdraw my profit right before the correction and now I’m buying again",5,0,https://www.youtube.com/watch?v=AY7fWmE1CBk,UgxpJe8zwuLjM-OqkQx4AaABAg.9kIfkdVqLUH9kIgGg4uIgY,Short (trả lời comment): “@caroamira Even with the right technique and assets some investors would still m” → giải thích cực gọn cho người mới trong 45 giây.,run_XAUUSD_trading_strategy,Backlog
PP-0400,2.983,strategy_rules,strategy_rules,This strategy works 💯,3,1,https://www.youtube.com/watch?v=sK-_6uIGMck,Ugy_GnztLgcIA0qG5uN4AaABAg,"Short (trả lời comment): “This strategy works 💯” → chiến lược này dùng khung nào, áp dụng ra sao trong 60 giây.",run_gold_price_action_trading,Backlog
PP-0401,2.983,education_gap,education_gap,I am 12. And I still understand the way you explain I am currently learning and I will start trading very soon.,3,1,https://www.youtube.com/watch?v=XBcMiYK7qYY,Ugx2cI86T0QbYWIQ9PB4AaABAg,Short (trả lời comment): “I am 12. And I still understand the way you explain I am currently learning and ” → giải thích cực gọn cho người mới trong 45 giây.,run_gold_scalping_strategy,Backlog
PP-0402,2.983,strategy_rules,strategy_rules,"I convert this strategy into my custom EA and it's doing pretty good for me, thanks",3,1,https://www.youtube.com/watch?v=I29peidTQxU,UgyK2rXEsABgFmVSAzp4AaABAg,"Short (trả lời comment): “I convert this strategy into my custom EA and it's doing pretty good for me, tha” → chiến lược này dùng khung nào, áp dụng ra sao trong 60 giây.",run_gold_scalping_strategy,Backlog
PP-0403,2.983,broker_platform,broker_platform,in the next video we want to learn about useful tools in mt4 and trading view,3,1,https://www.youtube.com/watch?v=E0YMb62jY64,Ugwh3vSmGoaXiybxa0p4AaABAg,Short (trả lời comment): “in the next video we want to learn about useful tools in mt4 and trading view” → spread/slippage/sàn cần kiểm tra gì trước khi chọn broker.,run_how_to_trade_gold_for_beginners,Backlog
PP-0404,2.945,strategy_rules|education_gap,strategy_rules,"for gold, the setup matters more than the headline. i'd wait to see how price reacts around the key levels before choosing a side",2,1,https://www.youtube.com/watch?v=sK-_6uIGMck,Ugzj5h3X-4HOSxQ6qgV4AaABAg,"Short (trả lời comment): “for gold, the setup matters more than the headline. i'd wait to see how price re” → chiến lược này dùng khung nào, áp dụng ra sao trong 60 giây.",run_gold_price_action_trading,Backlog
PP-0405,2.945,strategy_rules|psychology,strategy_rules,Thank you very much Sir!! Most of the time I put my hope on FOMO Strategy ): This is the basic and easier way for my to stay focus and avoiding me from checking the stocks every second huhu!,2,1,https://www.youtube.com/watch?v=XBcMiYK7qYY,UgzVlpc0z18HjHNYP1J4AaABAg,"Short (trả lời comment): “Thank you very much Sir!! Most of the time I put my hope on FOMO Strategy ): Thi” → chiến lược này dùng khung nào, áp dụng ra sao trong 60 giây.",run_gold_scalping_strategy,Backlog
PP-0406,2.945,risk_management|education_gap,risk_management,"I recently started using a trailing stop instead of take profit. On your trade history it shows red as it’s a stop loss, but the results are rewarding as the trade stays open until the price reverses and reaches the trailing stop loss's points. It also closes the trade in time for breakouts that can reach the initial stop loss.",2,1,https://www.youtube.com/watch?v=XBcMiYK7qYY,UgzbioWrlg0swRcgY-x4AaABAg,Short (trả lời comment): mở bằng “I recently started using a trailing stop instead of take profit. On your trade h” → 3 bước quản lý vốn/stop loss cho XAUUSD.,run_gold_scalping_strategy,Backlog
PP-0407,2.943,education_gap,education_gap,​@curiosityhub-01how did he take the trade? Sell limit or just execution??,1,0,https://www.youtube.com/watch?v=4tFcM7NcefU,Ugwcgxxx9PKdYtowcy54AaABAg.A8MV81VL_xSA8QVLuk1aWz,Short (trả lời comment): “​@curiosityhub-01how did he take the trade? Sell limit or just execution??” → giải thích cực gọn cho người mới trong 45 giây.,run_forex_entry_confirmation,Backlog
PP-0408,2.943,other_question_or_pain,other_question_or_pain,"report is a colossal failure. To bring the housing market to a halt, the FED will have to pull all the stops. The unfortunate issue is that other markets are being decimated. If you want to",1,0,https://www.youtube.com/watch?v=kis7l0y1JUg,UgwlqFYuBy8uEZcXzml4AaABAg.9lRpcD5rj7m9lRqCMzpwbe,"Short (trả lời comment): “report is a colossal failure. To bring the housing market to a halt, the FED wil” → câu trả lời thẳng + 1 bước hành động ngay.",run_forex_entry_confirmation,Backlog
PP-0409,2.943,education_gap,education_gap,How's your day trading going ? I'm new also,1,0,https://www.youtube.com/watch?v=kis7l0y1JUg,UgwzUA9cKW0Z1_d4tQB4AaABAg.9r3UVmgFp3c9rnpTDNDfql,Short (trả lời comment): “How's your day trading going ? I'm new also” → giải thích cực gọn cho người mới trong 45 giây.,run_forex_entry_confirmation,Backlog
PP-0410,2.943,other_question_or_pain,other_question_or_pain,I am new trader on Export Option your lesson big help for me thank you,1,0,https://www.youtube.com/watch?v=kis7l0y1JUg,Ugy3GfY-k5hw9eslp9t4AaABAg,Short (trả lời comment): “I am new trader on Export Option your lesson big help for me thank you” → câu trả lời thẳng + 1 bước hành động ngay.,run_forex_entry_confirmation,Backlog
PP-0411,2.943,education_gap,education_gap,I've been making a lot of looses trying to trade on me own😩 How can I start making profits from cryptocurrency and the market? I am still a beginner,1,0,https://www.youtube.com/watch?v=tS9o8aQjADY,UgyihRFxkiUXUXOTb7x4AaABAg.AZhHHr3xWETAZhHY5MqnZ2,Short (trả lời comment): “I've been making a lot of looses trying to trade on me own😩 How can I start maki” → giải thích cực gọn cho người mới trong 45 giây.,run_forex_entry_confirmation,Backlog
PP-0412,2.943,other_question_or_pain,other_question_or_pain,Great for swingers and long term. Not much help for scalpers.,1,0,https://www.youtube.com/watch?v=IyrbbmKv3RE,UgzASWA23Sw9_OQ9J1N4AaABAg,Short (trả lời comment): “Great for swingers and long term. Not much help for scalpers.” → câu trả lời thẳng + 1 bước hành động ngay.,run_forex_entry_confirmation,Backlog
PP-0413,2.943,entry_timing,entry_timing,"Observing instead of predicting is also a great way to help detach yourself from outcomes. If you stop caring so much about being right with your predictions, it becomes a more scientific and technical process where you just analyze PA and enter if your criteria are met instead of off of emotions",1,0,https://www.youtube.com/watch?v=taBdnsItyiI,Ugzf4yGw6bIGyZaWwfl4AaABAg,"Short (trả lời comment): “Observing instead of predicting is also a great way to help detach yourself from” → 3 điểm xác nhận trước khi vào lệnh, demo trên chart.",run_forex_entry_confirmation,Backlog
PP-0414,2.943,other_question_or_pain,other_question_or_pain,"Always admire you bro, ur vd has really being helpful a lot, thanks 🤝. We wouldn't mind if u can drop free signal anytime, on crypto not forex.",1,0,https://www.youtube.com/watch?v=_D1MYH6D7jc,Ugw7Jlsge23z3TJ7RcZ4AaABAg,"Short (trả lời comment): “Always admire you bro, ur vd has really being helpful a lot, thanks 🤝. We wouldn” → câu trả lời thẳng + 1 bước hành động ngay.",run_forex_risk_management_stop_loss,Backlog
PP-0415,2.943,other_question_or_pain,other_question_or_pain,1% of 300k is 3k. I would say 3k per trade is a decent win. And thats IF youre doing 1:1. Imagine 1 to 3 which is the golden standard. So 9k per trade aint good enough for you?,1,0,https://www.youtube.com/watch?v=Dyg4lZo89sM,UgwEivCaU_2Sd0bU_hN4AaABAg.9x6dZ2T7pwW9x7bZaULcDG,Short (trả lời comment): “1% of 300k is 3k. I would say 3k per trade is a decent win. And thats IF youre d” → câu trả lời thẳng + 1 bước hành động ngay.,run_forex_risk_management_stop_loss,Backlog
PP-0416,2.943,broker_platform,broker_platform,"bang leverage tuh berarti kita modal 10$ x 1:100 = 1.000$ nah berarti 990$ ini tuh brrti minjem, apa kita harus profit lebih dari leverage itu ? misal 1.000$ kita harus profit 2.000$ gtu bang? nah dari profit 2.000$ itu bakal jadi hasil kita semua atau 1.000$ nya dibalikin ke broker bang?",0,3,https://www.youtube.com/watch?v=smtAdlhwFHA,UgzACOcoUYzX0FZZo-R4AaABAg,Short (trả lời comment): “bang leverage tuh berarti kita modal 10$ x 1:100 = 1.000$ nah berarti 990$ ini t” → spread/slippage/sàn cần kiểm tra gì trước khi chọn broker.,run_forex_risk_management_stop_loss,Backlog
PP-0417,2.943,entry_timing,entry_timing,"I have this problem, i see the charts going to the opposite direction as soon as i enter 😂🙈",1,0,https://www.youtube.com/watch?v=JrDNeM9p2J4,UgzXVrt0q0IY4ZVfDT14AaABAg.9eqWKPCGoN1A0u7Wc7lm2l,"Short (trả lời comment): “I have this problem, i see the charts going to the opposite direction as soon as” → 3 điểm xác nhận trước khi vào lệnh, demo trên chart.",run_forex_risk_management_stop_loss,Backlog
PP-0418,2.943,other_question_or_pain,other_question_or_pain,"Hello, Are you also involved in forex trading or using Expert Advisors (EAs)?",1,0,https://www.youtube.com/watch?v=7HD5ZG2MmeQ,Ugw0Cc5_k7oIS6NcMK54AaABAg,"Short (trả lời comment): “Hello, Are you also involved in forex trading or using Expert Advisors (EAs)?” → câu trả lời thẳng + 1 bước hành động ngay.",run_gold_price_action_trading,Backlog
PP-0419,2.943,strategy_rules,strategy_rules,Timeframe?,1,0,https://www.youtube.com/watch?v=7HD5ZG2MmeQ,Ugxug1XOyZWX935PWHh4AaABAg,"Short (trả lời comment): “Timeframe?” → chiến lược này dùng khung nào, áp dụng ra sao trong 60 giây.",run_gold_price_action_trading,Backlog
PP-0420,2.943,other_question_or_pain,other_question_or_pain,Where is this price action?,1,0,https://www.youtube.com/watch?v=sK-_6uIGMck,Ugy_D5ICHkZ3jPjaH5F4AaABAg,Short (trả lời comment): “Where is this price action?” → câu trả lời thẳng + 1 bước hành động ngay.,run_gold_price_action_trading,Backlog
PP-0421,2.943,education_gap,education_gap,What’s your biggest trading mistake?,1,0,https://www.youtube.com/watch?v=Qgx3t-pmzN8,Ugz5b6wUTwA2myYTrYp4AaABAg,Short (trả lời comment): “What’s your biggest trading mistake?” → giải thích cực gọn cho người mới trong 45 giây.,run_gold_price_action_trading,Backlog
PP-0422,2.943,strategy_rules,strategy_rules,timeframe>?,1,0,https://www.youtube.com/watch?v=7HD5ZG2MmeQ,UgzuqZ9hxFF3-z394ch4AaABAg,"Short (trả lời comment): “timeframe>?” → chiến lược này dùng khung nào, áp dụng ra sao trong 60 giây.",run_gold_price_action_trading,Backlog
PP-0423,2.943,other_question_or_pain,other_question_or_pain,​@ToussaintTrades... can you break it down for us? ❤,1,0,https://www.youtube.com/watch?v=I29peidTQxU,UgwKfBBHtHfAYWdzAM94AaABAg.ALIuRkGnYliAPiPEJY4rJh,Short (trả lời comment): “​@ToussaintTrades... can you break it down for us? ❤” → câu trả lời thẳng + 1 bước hành động ngay.,run_gold_scalping_strategy,Backlog
PP-0424,2.943,other_question_or_pain,other_question_or_pain,"Something unique-some people say that I’m a dog whisperer I would say I am more of a listener to help Dogs with a range of different problems. Trading has been something I have been learning for the past 15 months and it’s thanks to you, Pat! I have been following all of your videos old and New since the beginning of my journey and I’m definitely growing as a months go by. thank you bro I owe you big time. ❤",1,0,https://www.youtube.com/watch?v=nCBF6wrOKic,UgwbVNB6VHoRo1XhXmx4AaABAg,Short (trả lời comment): “Something unique-some people say that I’m a dog whisperer I would say I am more ” → câu trả lời thẳng + 1 bước hành động ngay.,run_gold_scalping_strategy,Backlog
PP-0425,2.943,education_gap,education_gap,"There is only one FVG after he big bullish candles, so you think you should do what with it?",1,0,https://www.youtube.com/watch?v=I29peidTQxU,Ugwud9o7t82cUBwxdZh4AaABAg.AJZy6WFdpTuAMJaySu_MeA,"Short (trả lời comment): “There is only one FVG after he big bullish candles, so you think you should do w” → giải thích cực gọn cho người mới trong 45 giây.",run_gold_scalping_strategy,Backlog
PP-0426,2.943,other_question_or_pain,other_question_or_pain,@Tanveer__Trader Trust issue,1,0,https://www.youtube.com/watch?v=xXy2CBssQQA,Ugxd7fsdmXC8gV0AVD94AaABAg.AV2Za_fJHXXAV5yzfUPJyB,Short (trả lời comment): “@Tanveer__Trader Trust issue” → câu trả lời thẳng + 1 bước hành động ngay.,run_gold_scalping_strategy,Backlog
PP-0427,2.943,strategy_rules,strategy_rules,​@lauritztradesdoes this scalping strategy work like is it profitable for you?,1,0,https://www.youtube.com/watch?v=XBcMiYK7qYY,UgygLgPaaESt28lz8xV4AaABAg.A-C1hjHsMU-A0YLVX2nUbL,"Short (trả lời comment): “​@lauritztradesdoes this scalping strategy work like is it profitable for you?” → chiến lược này dùng khung nào, áp dụng ra sao trong 60 giây.",run_gold_scalping_strategy,Backlog
PP-0428,2.943,strategy_rules,strategy_rules,God bless you boss.... This is so helpful.... Please help us do video on BEST SWING STRATEGY ON GOLD TOO...THANKS,1,0,https://www.youtube.com/watch?v=en8RMFRqSME,UgyqM9Jyh6uAMIKGZON4AaABAg.AZv3JjTOmu-AZxKFU53YJ6,"Short (trả lời comment): “God bless you boss.... This is so helpful.... Please help us do video on BEST SW” → chiến lược này dùng khung nào, áp dụng ra sao trong 60 giây.",run_gold_scalping_strategy,Backlog
PP-0429,2.943,strategy_rules,strategy_rules,14 min gold scalps? was ready to dismiss 'em as hype. sniperhouse explanations made the setups actually make sense.,1,0,https://www.youtube.com/watch?v=nCBF6wrOKic,UgyqtuosTIDHfCl-J0Z4AaABAg,"Short (trả lời comment): “14 min gold scalps? was ready to dismiss 'em as hype. sniperhouse explanations m” → chiến lược này dùng khung nào, áp dụng ra sao trong 60 giây.",run_gold_scalping_strategy,Backlog
PP-0430,2.943,entry_timing,entry_timing,could you send your entry models ?,1,0,https://www.youtube.com/watch?v=en8RMFRqSME,UgzOz-E30AKIBaoP9il4AaABAg.A_U4PJWpUrAA_lUhG_DwJh,"Short (trả lời comment): “could you send your entry models ?” → 3 điểm xác nhận trước khi vào lệnh, demo trên chart.",run_gold_scalping_strategy,Backlog
PP-0431,2.943,education_gap,education_gap,"You trade future? I trade options, that’s why I’m asking.",1,0,https://www.youtube.com/watch?v=I29peidTQxU,UgzThOZ1OCHZr3xHKyh4AaABAg.AMiPEXwMeyNAN__BuN0ph8,"Short (trả lời comment): “You trade future? I trade options, that’s why I’m asking.” → giải thích cực gọn cho người mới trong 45 giây.",run_gold_scalping_strategy,Backlog
PP-0432,2.943,broker_platform,broker_platform,May I ask which broker you use?,1,0,https://www.youtube.com/watch?v=I29peidTQxU,Ugzxva6KLFRMXAbcqz94AaABAg.AYwOHYR6XS-AYxjeav_UIu,Short (trả lời comment): “May I ask which broker you use?” → spread/slippage/sàn cần kiểm tra gì trước khi chọn broker.,run_gold_scalping_strategy,Backlog
PP-0433,2.943,other_question_or_pain,other_question_or_pain,Gold me time decy hota h ??,1,0,https://www.youtube.com/watch?v=oc2zqnvsqi0,UgwhMEigKUKJaS9Okb14AaABAg,Short (trả lời comment): “Gold me time decy hota h ??” → câu trả lời thẳng + 1 bước hành động ngay.,run_how_to_trade_gold_for_beginners,Backlog
PP-0434,2.943,other_question_or_pain,other_question_or_pain,"Simple, clear, and very practical tips especially helpful for beginners learning gold trading!",1,0,https://www.youtube.com/watch?v=oc2zqnvsqi0,UgwykSG9S4N9se9JCOF4AaABAg,"Short (trả lời comment): “Simple, clear, and very practical tips especially helpful for beginners learning” → câu trả lời thẳng + 1 bước hành động ngay.",run_how_to_trade_gold_for_beginners,Backlog
PP-0435,2.943,strategy_rules,strategy_rules,Can we use the same strategy with the other currency pairs?,1,0,https://www.youtube.com/watch?v=oc2zqnvsqi0,UgxHI-ONETiZMQF0EBB4AaABAg,"Short (trả lời comment): “Can we use the same strategy with the other currency pairs?” → chiến lược này dùng khung nào, áp dụng ra sao trong 60 giây.",run_how_to_trade_gold_for_beginners,Backlog
PP-0436,2.943,other_question_or_pain,other_question_or_pain,Do you trade forex?,1,0,https://www.youtube.com/watch?v=udvUjY5YLwo,UgxiO1REcVoFzyewwcl4AaABAg.9N-mjXzIM-W9NL0Yw9g513,Short (trả lời comment): “Do you trade forex?” → câu trả lời thẳng + 1 bước hành động ngay.,run_how_to_trade_gold_for_beginners,Backlog
PP-0437,2.943,education_gap,education_gap,"I want to believe that too, but it honestly feels like the market is against me. Every time I buy support, it breaks. Every time I sell resistance, it rips higher. How do people actually spot where the real move is about to begin?",1,0,https://www.youtube.com/watch?v=_YVQN6_nkfs,UgxzvKXSM7s4kWVpJuh4AaABAg.AbNd7lUidfzAbNdIN7X3bi,"Short (trả lời comment): “I want to believe that too, but it honestly feels like the market is against me.” → giải thích cực gọn cho người mới trong 45 giây.",run_how_to_trade_gold_for_beginners,Backlog
PP-0438,2.943,other_question_or_pain,other_question_or_pain,Can anyone recommend a decent dex to trade gold ? Cheers in advance.,1,0,https://www.youtube.com/watch?v=oc2zqnvsqi0,UgyE6IzZzw8xurx056V4AaABAg,Short (trả lời comment): “Can anyone recommend a decent dex to trade gold ? Cheers in advance.” → câu trả lời thẳng + 1 bước hành động ngay.,run_how_to_trade_gold_for_beginners,Backlog
PP-0439,2.943,education_gap,education_gap,So that means we just need to check the prices of usd? And consequently we’ll know what to do with gold market?,0,3,https://www.youtube.com/watch?v=udvUjY5YLwo,UgyQVCeLhah37mnfJkR4AaABAg,Short (trả lời comment): “So that means we just need to check the prices of usd? And consequently we’ll kn” → giải thích cực gọn cho người mới trong 45 giây.,run_how_to_trade_gold_for_beginners,Backlog
PP-0440,2.943,other_question_or_pain,other_question_or_pain,Which gold trading platform is good for a beginner?,1,0,https://www.youtube.com/watch?v=udvUjY5YLwo,UgyRLAxjNqo6chyAMIl4AaABAg,Short (trả lời comment): “Which gold trading platform is good for a beginner?” → câu trả lời thẳng + 1 bước hành động ngay.,run_how_to_trade_gold_for_beginners,Backlog
PP-0441,2.943,other_question_or_pain,other_question_or_pain,"I'm new to trading, is it a good idea to buy Gold CFD like 100 unit and leave for a year for a long term investment or is it better to just buy real gold for a long term investment? TIA",1,0,https://www.youtube.com/watch?v=oc2zqnvsqi0,Ugz44GqioO71SO-cbfJ4AaABAg,"Short (trả lời comment): “I'm new to trading, is it a good idea to buy Gold CFD like 100 unit and leave fo” → câu trả lời thẳng + 1 bước hành động ngay.",run_how_to_trade_gold_for_beginners,Backlog
PP-0442,2.943,other_question_or_pain,other_question_or_pain,"Bro i so love your video, it is helping my trading journey massively, i just got a paradigm shift. Thank you bro",1,0,https://www.youtube.com/watch?v=AY7fWmE1CBk,UgwyD8VrW5xOxeF_ke14AaABAg,"Short (trả lời comment): “Bro i so love your video, it is helping my trading journey massively, i just got” → câu trả lời thẳng + 1 bước hành động ngay.",run_XAUUSD_trading_strategy,Backlog
PP-0443,2.943,other_question_or_pain,other_question_or_pain,I don't get it. 60 pips on gold?? Don't you mean points?,1,0,https://www.youtube.com/watch?v=AY7fWmE1CBk,UgxDfaybkCt2Qcwa3Tx4AaABAg.9pV9a12K8EcAUvEhhSBUJN,Short (trả lời comment): “I don't get it. 60 pips on gold?? Don't you mean points?” → câu trả lời thẳng + 1 bước hành động ngay.,run_XAUUSD_trading_strategy,Backlog
PP-0444,2.943,other_question_or_pain,other_question_or_pain,But for holding that long would xauusd just cover 300 pips ?,1,0,https://www.youtube.com/watch?v=AY7fWmE1CBk,UgyHAyIbZtieOF0aB1V4AaABAg.9jed73wPPv7A7B-GYVpMR3,Short (trả lời comment): “But for holding that long would xauusd just cover 300 pips ?” → câu trả lời thẳng + 1 bước hành động ngay.,run_XAUUSD_trading_strategy,Backlog
PP-0445,2.943,strategy_rules,strategy_rules,​@tradingwalkIs this work in all timeframe?,1,0,https://www.youtube.com/watch?v=NW53PqrXCXA,UgyIQjBCelzz2utMZ-94AaABAg.AXnwjRaoINnAaW2lmRR1VD,"Short (trả lời comment): “​@tradingwalkIs this work in all timeframe?” → chiến lược này dùng khung nào, áp dụng ra sao trong 60 giây.",run_XAUUSD_trading_strategy,Backlog
PP-0446,2.943,education_gap,education_gap,"I struggled with understanding how to read the charts but you have explained it perfectly well, had me laughing cause I knew, it finally clicked.",1,0,https://www.youtube.com/watch?v=AY7fWmE1CBk,UgyLM_9gI0ufc7mferx4AaABAg,Short (trả lời comment): “I struggled with understanding how to read the charts but you have explained it ” → giải thích cực gọn cho người mới trong 45 giây.,run_XAUUSD_trading_strategy,Backlog
PP-0447,2.886,risk_management|education_gap,risk_management,How do u place a stop loss....I don't see that option on my trade form on Fidelity....,3,0,https://www.youtube.com/watch?v=JrDNeM9p2J4,UgyR8PzZlK2B7XYOEHB4AaABAg,Short (trả lời comment): mở bằng “How do u place a stop loss....I don't see that option on my trade form on Fideli” → 3 bước quản lý vốn/stop loss cho XAUUSD.,run_forex_risk_management_stop_loss,Backlog
PP-0448,2.859,strategy_rules,strategy_rules,This is actually good advice. Better than all the indicator BS this channel normally hawks.,4,0,https://www.youtube.com/watch?v=tS9o8aQjADY,UgwSof56kUDfdbyGPJt4AaABAg,"Short (trả lời comment): “This is actually good advice. Better than all the indicator BS this channel norm” → chiến lược này dùng khung nào, áp dụng ra sao trong 60 giây.",run_forex_entry_confirmation,Backlog
PP-0449,2.859,strategy_rules,strategy_rules,It taped the lower timeframe OB,4,0,https://www.youtube.com/watch?v=tS9o8aQjADY,UgwXuK6CHjOBmINI11h4AaABAg.AJ4WYfoPHw6AJ4fbNL90Qq,"Short (trả lời comment): “It taped the lower timeframe OB” → chiến lược này dùng khung nào, áp dụng ra sao trong 60 giây.",run_forex_entry_confirmation,Backlog
PP-0450,2.859,risk_management,risk_management,"Simple baat risk management aur stop loss ka matlab trading mai losses kerna hai , bhai log app jab bhi stoploss lagatay hai wahi tak trade aker apki stoploss hit ker k wapas chala jata hai,,,",4,0,https://www.youtube.com/watch?v=-zrFkI1cm4o,UgxzLGXyyLDdN215qq14AaABAg,Short (trả lời comment): mở bằng “Simple baat risk management aur stop loss ka matlab trading mai losses kerna hai” → 3 bước quản lý vốn/stop loss cho XAUUSD.,run_forex_risk_management_stop_loss,Backlog
PP-0451,2.859,strategy_rules,strategy_rules,Strategy that has proven the test of time,4,0,https://www.youtube.com/watch?v=JrDNeM9p2J4,UgyAJmG7T4pqzCH0u4Z4AaABAg.A07D9_Ue7NNAE-HsCz6UGW,"Short (trả lời comment): “Strategy that has proven the test of time” → chiến lược này dùng khung nào, áp dụng ra sao trong 60 giây.",run_forex_risk_management_stop_loss,Backlog
PP-0452,2.859,risk_management,risk_management,"1. Wouldn't have bought on that major run up. 2. If I did buy in somewhere near bottom, I'm happy with the stop loss profit.. Be happy with your win! Don't chase the top, chase the win!",4,0,https://www.youtube.com/watch?v=JrDNeM9p2J4,Ugzvx8jRxXfuAzcopDB4AaABAg,Short (trả lời comment): mở bằng “1. Wouldn't have bought on that major run up. 2. If I did buy in somewhere near ” → 3 bước quản lý vốn/stop loss cho XAUUSD.,run_forex_risk_management_stop_loss,Backlog
PP-0453,2.859,education_gap,education_gap,"Congratulations on your wins, Please can you share with me how it works. I have suffered huge losses trading as a beginner, I thought I could trade on my own, my partner and I have been thinking of our retirement lately",4,0,https://www.youtube.com/watch?v=XBcMiYK7qYY,Ugw4Doc_gGMYbLGp1WN4AaABAg.AXWJkPzGvQBAXWN2ILpbWa,"Short (trả lời comment): “Congratulations on your wins, Please can you share with me how it works. I have ” → giải thích cực gọn cho người mới trong 45 giây.",run_gold_scalping_strategy,Backlog
PP-0454,2.859,education_gap,education_gap,"I'm a trader always looking to grow, and your videos have been a goldmine of fresh insights and strategies. Every time I watch, I pick up something new that sharpens my edge. I know joining your group will take my learning even further, I'm excited for what’s ahead!",4,0,https://www.youtube.com/watch?v=nCBF6wrOKic,UgyGPjQAOvAyfPaNHGt4AaABAg,"Short (trả lời comment): “I'm a trader always looking to grow, and your videos have been a goldmine of fre” → giải thích cực gọn cho người mới trong 45 giây.",run_gold_scalping_strategy,Backlog
PP-0455,2.859,strategy_rules,strategy_rules,Bro you really have to do more work on you strategy like looking for buyers completely trapped before you're buying im not judging you but you are my mentor so i am just telling you,4,0,https://www.youtube.com/watch?v=en8RMFRqSME,UgyqM9Jyh6uAMIKGZON4AaABAg.AZv3JjTOmu-AZx3V3os7xO,"Short (trả lời comment): “Bro you really have to do more work on you strategy like looking for buyers comp” → chiến lược này dùng khung nào, áp dụng ra sao trong 60 giây.",run_gold_scalping_strategy,Backlog
PP-0456,2.859,risk_management,risk_management,"@lindholmlille You need a FA my friend so you don't get ripped off in the market. They provide personalized advice to individuals based on their risk appetite, placing them among the best of the best. There are bad ones, but some with good track records can be very good...",4,0,https://www.youtube.com/watch?v=_YVQN6_nkfs,UgxdoTf1v4jkTk8-XZl4AaABAg.9sANjE0IpaL9sAP0ZDyHzG,Short (trả lời comment): mở bằng “@lindholmlille You need a FA my friend so you don't get ripped off in the market” → 3 bước quản lý vốn/stop loss cho XAUUSD.,run_how_to_trade_gold_for_beginners,Backlog
PP-0457,2.859,strategy_rules,strategy_rules,"mate not only the strategy, we also need your skincare rutine!",4,0,https://www.youtube.com/watch?v=AY7fWmE1CBk,UgwUAtKheMQwBWBWTwB4AaABAg,"Short (trả lời comment): “mate not only the strategy, we also need your skincare rutine!” → chiến lược này dùng khung nào, áp dụng ra sao trong 60 giây.",run_XAUUSD_trading_strategy,Backlog
PP-0458,2.849,risk_management|entry_timing|strategy_rules,risk_management,"The 11th minute mark trade setup is actually a mitigation block as the price reacts from the last red candle before before creating the MSS, i would put my entry at that level for a better stop loss and more profit potential",2,0,https://www.youtube.com/watch?v=xXy2CBssQQA,Ugxp4rCog-Bt5hMy7Vp4AaABAg,Short (trả lời comment): mở bằng “The 11th minute mark trade setup is actually a mitigation block as the price rea” → 3 bước quản lý vốn/stop loss cho XAUUSD.,run_gold_scalping_strategy,Backlog
PP-0459,2.849,strategy_rules|psychology|education_gap,strategy_rules,"That’s a powerful journey Starting with $7,500 and reaching $1M shows what strategy, discipline, and patience can accomplish. Respect for staying focused when everyone else was doubting you. 💯",2,0,https://www.youtube.com/watch?v=_YVQN6_nkfs,UgwwSK1iPWe4kHzL3m14AaABAg.AbORjvYS151AbORtjI0SP0,"Short (trả lời comment): “That’s a powerful journey Starting with $7,500 and reaching $1M shows what strat” → chiến lược này dùng khung nào, áp dụng ra sao trong 60 giây.",run_how_to_trade_gold_for_beginners,Backlog
PP-0460,2.849,entry_timing|strategy_rules|education_gap,entry_timing,"Because of structure, if you look closely price is making higher highs, with no change of structure, which means price is still seeking higher areas to grab liquidity. The point where he entered, (if you can look even closer) there was a higher low that was broken and price retested it and started rejecting at that level[most recent higher low], showing us there is a change in structure( market shift.) Structure is foundation of any strategy.",2,0,https://www.youtube.com/watch?v=AY7fWmE1CBk,UgyIUUwD0YyWVBEND8J4AaABAg.A0mEl73m2WLA3aq8d_T1-j,"Short (trả lời comment): “Because of structure, if you look closely price is making higher highs, with no ” → 3 điểm xác nhận trước khi vào lệnh, demo trên chart.",run_XAUUSD_trading_strategy,Backlog
PP-0461,2.847,strategy_rules|education_gap,strategy_rules,Pls sir what is the name of this strategy? sir,0,1,https://www.youtube.com/watch?v=4tFcM7NcefU,UgwQT5O_b0UE8PaVuIZ4AaABAg,"Short (trả lời comment): “Pls sir what is the name of this strategy? sir” → chiến lược này dùng khung nào, áp dụng ra sao trong 60 giây.",run_forex_entry_confirmation,Backlog
PP-0462,2.847,entry_timing|strategy_rules,entry_timing,"mas kalo kita menggunakan multiple timeframe, h1 untuk menentukan trend trus time frame berapa untuk entry nya?",0,1,https://www.youtube.com/watch?v=smtAdlhwFHA,Ugw5EB0cx2-m1i1F-qJ4AaABAg,"Short (trả lời comment): “mas kalo kita menggunakan multiple timeframe, h1 untuk menentukan trend trus tim” → 3 điểm xác nhận trước khi vào lệnh, demo trên chart.",run_forex_risk_management_stop_loss,Backlog
PP-0463,2.847,risk_management|broker_platform,risk_management,kalo boleh nanya broker yang mas risky maksut exness ga si mass?,0,1,https://www.youtube.com/watch?v=smtAdlhwFHA,UgzD-ev12hXKYJXherV4AaABAg,Short (trả lời comment): mở bằng “kalo boleh nanya broker yang mas risky maksut exness ga si mass?” → 3 bước quản lý vốn/stop loss cho XAUUSD.,run_forex_risk_management_stop_loss,Backlog
PP-0464,2.847,strategy_rules|education_gap,strategy_rules,Bro its showing locked i cant get this indicator?,0,1,https://www.youtube.com/watch?v=3E7k47dZeWk,UgwQ1KNMjo0r5J4kaBx4AaABAg,"Short (trả lời comment): “Bro its showing locked i cant get this indicator?” → chiến lược này dùng khung nào, áp dụng ra sao trong 60 giây.",run_gold_price_action_trading,Backlog
PP-0465,2.847,strategy_rules|education_gap,strategy_rules,How do we get access to the indicator?,0,1,https://www.youtube.com/watch?v=3E7k47dZeWk,UgwzSacOxZX_xARl40B4AaABAg,"Short (trả lời comment): “How do we get access to the indicator?” → chiến lược này dùng khung nào, áp dụng ra sao trong 60 giây.",run_gold_price_action_trading,Backlog
PP-0466,2.847,strategy_rules|education_gap,strategy_rules,hey bro how can I get the indicator ? :) trading view tells me I have to contact u,0,1,https://www.youtube.com/watch?v=3E7k47dZeWk,Ugxeh475BEHtV8EbMWF4AaABAg,"Short (trả lời comment): “hey bro how can I get the indicator ? :) trading view tells me I have to contact” → chiến lược này dùng khung nào, áp dụng ra sao trong 60 giây.",run_gold_price_action_trading,Backlog
PP-0467,2.847,broker_platform|education_gap,broker_platform,How to add it in mt5??,0,1,https://www.youtube.com/watch?v=3E7k47dZeWk,UgyQVcp_79CbNGTh_bR4AaABAg,Short (trả lời comment): “How to add it in mt5??” → spread/slippage/sàn cần kiểm tra gì trước khi chọn broker.,run_gold_price_action_trading,Backlog
PP-0468,2.847,strategy_rules|education_gap,strategy_rules,What is the cost of this indicator?,0,1,https://www.youtube.com/watch?v=3E7k47dZeWk,UgydO-RKMtWSQQ7-EhB4AaABAg,"Short (trả lời comment): “What is the cost of this indicator?” → chiến lược này dùng khung nào, áp dụng ra sao trong 60 giây.",run_gold_price_action_trading,Backlog
PP-0469,2.847,strategy_rules|broker_platform,strategy_rules,"On which platform, it can on MT5 forex platform?? In MT5 there is no any lind of this 10X strategy indicator, where it is??",0,1,https://www.youtube.com/watch?v=3E7k47dZeWk,UgzSXI1ZT7vXc5ceJ6h4AaABAg,"Short (trả lời comment): “On which platform, it can on MT5 forex platform?? In MT5 there is no any lind of” → chiến lược này dùng khung nào, áp dụng ra sao trong 60 giây.",run_gold_price_action_trading,Backlog
PP-0470,2.847,strategy_rules|education_gap,strategy_rules,"I cant seem to find ""moving average"" in indicators. Just shows me the ones on your screen below it. Which one would be equivalent?",0,1,https://www.youtube.com/watch?v=fSp-jMvNOhE,Ugwc6903DkEEXHs2pip4AaABAg,"Short (trả lời comment): “I cant seem to find ""moving average"" in indicators. Just shows me the ones on yo” → chiến lược này dùng khung nào, áp dụng ra sao trong 60 giây.",run_gold_scalping_strategy,Backlog
PP-0471,2.799,other_question_or_pain,other_question_or_pain,"Mas tama,, cara perhitungan pip di tiap pair itu kan beda beda cara menghitungnya dari mana, tipsnya cara kita bisa tau pip tiap pair itu bagaimana?",0,2,https://www.youtube.com/watch?v=vRoToHC9STU,Ugw73Df4bn0sO-bH_HR4AaABAg,"Short (trả lời comment): “Mas tama,, cara perhitungan pip di tiap pair itu kan beda beda cara menghitungny” → câu trả lời thẳng + 1 bước hành động ngay.",run_forex_entry_confirmation,Backlog
PP-0472,2.799,strategy_rules,strategy_rules,"Timeframe, please?",0,2,https://www.youtube.com/watch?v=7HD5ZG2MmeQ,UgwgCzVRzbhRp1ik9994AaABAg,"Short (trả lời comment): “Timeframe, please?” → chiến lược này dùng khung nào, áp dụng ra sao trong 60 giây.",run_gold_price_action_trading,Backlog
PP-0473,2.799,education_gap,education_gap,Why do you mark a supply and demand with many candles highlighted ?,0,2,https://www.youtube.com/watch?v=sK-_6uIGMck,Ugx3kYoI1mhoTLUKdiR4AaABAg,Short (trả lời comment): “Why do you mark a supply and demand with many candles highlighted ?” → giải thích cực gọn cho người mới trong 45 giây.,run_gold_price_action_trading,Backlog
PP-0474,2.799,entry_timing,entry_timing,Is it necessary to use RSI to confirm the entry point for a trade?,0,2,https://www.youtube.com/watch?v=sK-_6uIGMck,Ugy53zDuW8pvDqpNJaR4AaABAg,"Short (trả lời comment): “Is it necessary to use RSI to confirm the entry point for a trade?” → 3 điểm xác nhận trước khi vào lệnh, demo trên chart.",run_gold_price_action_trading,Backlog
PP-0475,2.75,risk_management|strategy_rules|broker_platform,risk_management,Risk management is the hardest part. I had to build a spreadsheet with daily and weekly risk limits just to stop myself from overtrading. Structure helped me way more than any indicator.,0,0,https://www.youtube.com/watch?v=7f2bpEwiJCY,Ugyr3iiTRqGopivw8Jt4AaABAg,Short (trả lời comment): mở bằng “Risk management is the hardest part. I had to build a spreadsheet with daily and” → 3 bước quản lý vốn/stop loss cho XAUUSD.,run_forex_risk_management_stop_loss,Backlog
PP-0476,2.75,risk_management|entry_timing|education_gap,risk_management,"@benbraceletspurple9108 Hey can you further describe how you enter a trade and set your SL? I think I’m following but not sure, probably not lol, but sounds interesting sorry your comment is like 7 months old but I just saw this",0,0,https://www.youtube.com/watch?v=JrDNeM9p2J4,UgzXVrt0q0IY4ZVfDT14AaABAg.9eqWKPCGoN1AA2W11k3yTN,Short (trả lời comment): mở bằng “@benbraceletspurple9108 Hey can you further describe how you enter a trade and s” → 3 bước quản lý vốn/stop loss cho XAUUSD.,run_forex_risk_management_stop_loss,Backlog
PP-0477,2.75,entry_timing|strategy_rules|broker_platform|education_gap,entry_timing,"@Armaankhan.890 You need to build your own heat map indicator that tracks all currency pairs and shows their movement on the 30-minute, 1-hour, 4-hour, and daily charts. The goal is to identify momentum — for example, if the USD is trending up while the CAD is trending down, that’s a strong signal to buy USD/CAD. I only use market execution orders (buy/sell immediately). I don’t use buy limits, sell limits, or stop orders because large banks monitor that data and often move the market in the opposite direction to take advantage of traders’ positions. When analyzing a pair, I use a split screen in TradingView — one side shows the 4-hour chart, and the other shows the daily chart. This helps confirm the overall trend direction before entering a trade.",0,0,https://www.youtube.com/watch?v=I29peidTQxU,UgxDh2WytmQAT2thPUZ4AaABAg.ANqEv-sUbw2AOWCJxXqOTd,"Short (trả lời comment): “@Armaankhan.890 You need to build your own heat map indicator that tracks all cu” → 3 điểm xác nhận trước khi vào lệnh, demo trên chart.",run_gold_scalping_strategy,Backlog
PP-0478,2.748,entry_timing,entry_timing,"$500 sebar di 5 akun, lot nya 0,01 2x entry liat situasi. Hanya buy, jgn pernah sell. Cari critical area atau support supply terkuat, jgn nafsu untuk buru2 entry. Disiplin. Lumayan 5 akun profit semua. Resiko stoplos $3 aja atau kl harga udah running, taro stoplos di BEP, udah aman. Sekian semoga membantu",1,4,https://www.youtube.com/watch?v=v_8HUVzO-rw,UgwoELAyUV1NZM8pzkh4AaABAg,"Short (trả lời comment): “$500 sebar di 5 akun, lot nya 0,01 2x entry liat situasi. Hanya buy, jgn pernah ” → 3 điểm xác nhận trước khi vào lệnh, demo trên chart.",run_forex_risk_management_stop_loss,Backlog
PP-0479,2.723,entry_timing|strategy_rules|education_gap,entry_timing,Strategy #1 is actually insane for gold. That 1m IFVG entry after the HTF delivery at 05:43 is exactly how you catch those aggressive reversals without getting wicked out. Gold's volatility usually kills 1m entries but the IFVG provides that extra buffer. Appreciate the mechanical breakdown here,0,6,https://www.youtube.com/watch?v=xXy2CBssQQA,Ugwvg4rTByIp2oHZ6vx4AaABAg,"Short (trả lời comment): “Strategy #1 is actually insane for gold. That 1m IFVG entry after the HTF delive” → 3 điểm xác nhận trước khi vào lệnh, demo trên chart.",run_gold_scalping_strategy,Backlog
PP-0480,2.695,entry_timing,entry_timing,It looks like you missed the trade. It didn't come back to tap your entry.,2,1,https://www.youtube.com/watch?v=4tFcM7NcefU,UgxdFinbZ3QsKsIWTUJ4AaABAg,"Short (trả lời comment): “It looks like you missed the trade. It didn't come back to tap your entry.” → 3 điểm xác nhận trước khi vào lệnh, demo trên chart.",run_forex_entry_confirmation,Backlog
PP-0481,2.695,strategy_rules,strategy_rules,Mrs Kimberly is legit and her method works like magic I keep on earning every single week with her new strategy,2,1,https://www.youtube.com/watch?v=IyrbbmKv3RE,UgxpWcTIguQ8BZsrrWt4AaABAg,"Short (trả lời comment): “Mrs Kimberly is legit and her method works like magic I keep on earning every si” → chiến lược này dùng khung nào, áp dụng ra sao trong 60 giây.",run_forex_entry_confirmation,Backlog
PP-0482,2.695,risk_management,risk_management,I’m brand new to trading and need this video in slow motion 😂,2,1,https://www.youtube.com/watch?v=npfiV52dXoc,Ugx97aBy3Detvz13GtB4AaABAg,Short (trả lời comment): mở bằng “I’m brand new to trading and need this video in slow motion 😂” → 3 bước quản lý vốn/stop loss cho XAUUSD.,run_forex_risk_management_stop_loss,Backlog
PP-0483,2.695,strategy_rules,strategy_rules,Fantastic Video With Strategy❗️👌🏼,2,1,https://www.youtube.com/watch?v=MKJz4yURCEs,UgwZWddrdbHwqKoqtip4AaABAg,"Short (trả lời comment): “Fantastic Video With Strategy❗️👌🏼” → chiến lược này dùng khung nào, áp dụng ra sao trong 60 giây.",run_gold_price_action_trading,Backlog
PP-0484,2.695,education_gap,education_gap,"Awesome explanation on riding gold trends! 📈 Really clear how to use Heikin-Ashi to stay in the move, thanks for the practical tips!",2,1,https://www.youtube.com/watch?v=MKJz4yURCEs,UgyyJPMml2lxgyzyVcl4AaABAg,Short (trả lời comment): “Awesome explanation on riding gold trends! 📈 Really clear how to use Heikin-Ashi” → giải thích cực gọn cho người mới trong 45 giây.,run_gold_price_action_trading,Backlog
PP-0485,2.695,strategy_rules,strategy_rules,Moving average are lagging indicators Not suitable,2,1,https://www.youtube.com/watch?v=fSp-jMvNOhE,Ugw4BAUaNQAuMI96cTN4AaABAg,"Short (trả lời comment): “Moving average are lagging indicators Not suitable” → chiến lược này dùng khung nào, áp dụng ra sao trong 60 giây.",run_gold_scalping_strategy,Backlog
PP-0486,2.695,education_gap,education_gap,"Also with trading gold, when its shorting, its probably going to break 2 or 3 support levels on the way down, so just wait a day or two before locking in positions and research what might have triggered the movement.",2,1,https://www.youtube.com/watch?v=oc2zqnvsqi0,UgzyiKYSQLpr9-30f1h4AaABAg,"Short (trả lời comment): “Also with trading gold, when its shorting, its probably going to break 2 or 3 su” → giải thích cực gọn cho người mới trong 45 giây.",run_how_to_trade_gold_for_beginners,Backlog
PP-0487,2.695,strategy_rules,strategy_rules,He : this is an only gold strategy... Le me : let me try in nifty and banknifty 😂😂,2,1,https://www.youtube.com/watch?v=AY7fWmE1CBk,UgxLqY4dkjT5vRtK1D54AaABAg,"Short (trả lời comment): “He : this is an only gold strategy... Le me : let me try in nifty and banknifty ” → chiến lược này dùng khung nào, áp dụng ra sao trong 60 giây.",run_XAUUSD_trading_strategy,Backlog
PP-0488,2.636,strategy_rules,strategy_rules,"this all a trader need to make money in the market, stop looking for a strategy every single day guys, use this for the next six months.",3,0,https://www.youtube.com/watch?v=FccA87INVUE,Ugx1Z6_fpuxllxQzy3J4AaABAg,"Short (trả lời comment): “this all a trader need to make money in the market, stop looking for a strategy ” → chiến lược này dùng khung nào, áp dụng ra sao trong 60 giây.",run_forex_entry_confirmation,Backlog
PP-0489,2.636,strategy_rules,strategy_rules,"Bantu jwb, Kalo pake trading view cari aja indikator namanya support and resistance channel, buka timeframe 1H nanti ada gambar support & resistance terus digambar dah tu SnR dan bikin trendline, nanti cari sinyal di TF 15M atau 5M (unseen indikator support resistance channelnya biar ga pusing).",3,0,https://www.youtube.com/watch?v=vRoToHC9STU,Ugx4NhqGjpr3MAqe_lt4AaABAg.9ald-g0nR2O9alrwGgL4vQ,"Short (trả lời comment): “Bantu jwb, Kalo pake trading view cari aja indikator namanya support and resista” → chiến lược này dùng khung nào, áp dụng ra sao trong 60 giây.",run_forex_entry_confirmation,Backlog
PP-0490,2.636,risk_management,risk_management,"@gowonjake It's possible to statistically measure whether some decisions were wise. But in the real world, day to day, we simply don't. It's too hard. We prefer simple stories, which are easy but often devilishly misleading. the mentor I'm working with, made me know there is no faster way to feel rich than to spend lots of money on really nice stocks. It's really that simple!...",3,0,https://www.youtube.com/watch?v=kis7l0y1JUg,UgxZUH3k3Hv39dEfvNN4AaABAg.9mG0fJ_W6CY9mG1MQjVaXS,Short (trả lời comment): mở bằng “@gowonjake It's possible to statistically measure whether some decisions were wi” → 3 bước quản lý vốn/stop loss cho XAUUSD.,run_forex_entry_confirmation,Backlog
PP-0491,2.636,education_gap,education_gap,the more I trade the more I understand what this mean. Thanks,3,0,https://www.youtube.com/watch?v=tS9o8aQjADY,UgzPsg2QMcj6xG-xTeJ4AaABAg,Short (trả lời comment): “the more I trade the more I understand what this mean. Thanks” → giải thích cực gọn cho người mới trong 45 giây.,run_forex_entry_confirmation,Backlog
PP-0492,2.636,entry_timing,entry_timing,"@vaurerap.s. WICKS are visual cue to know when liquidity imbalance is satisfied, pin your entry on a hood wick that is leaving the order flow zones (gaps/straight movement = no structure). The wick is the necessary structure we should use to know when the proper structure has been gained after a large continuous price motion Welcome to the club 🎉",3,0,https://www.youtube.com/watch?v=JrDNeM9p2J4,UgwqqZaDwmGS09uEiOZ4AaABAg.9nYEizM2YJC9tPSdgbS4VP,"Short (trả lời comment): “@vaurerap.s. WICKS are visual cue to know when liquidity imbalance is satisfied,” → 3 điểm xác nhận trước khi vào lệnh, demo trên chart.",run_forex_risk_management_stop_loss,Backlog
PP-0493,2.636,education_gap,education_gap,"I think what you mean is: You wait for price to come to a support zone, you buy, you sell after a small movement up, then you buy again when price returns to support and then you sell after a longer move up",3,0,https://www.youtube.com/watch?v=JrDNeM9p2J4,UgxEogTK6k_55ETI3t14AaABAg.9lRBNyg72VX9q-YqJOnKJl,"Short (trả lời comment): “I think what you mean is: You wait for price to come to a support zone, you buy,” → giải thích cực gọn cho người mới trong 45 giây.",run_forex_risk_management_stop_loss,Backlog
PP-0494,2.636,psychology,psychology,If you can make a good profit be happy. Don’t get greedy,3,0,https://www.youtube.com/watch?v=JrDNeM9p2J4,UgxH0Tox5bjkj-9-RmB4AaABAg,"Short (trả lời comment): “If you can make a good profit be happy. Don’t get greedy” → cách lấy lại kỷ luật sau chuỗi thua, 1 phút thực hành.",run_forex_risk_management_stop_loss,Backlog
PP-0495,2.636,broker_platform,broker_platform,you are exactly right. this was TERRIBLE advice. he talks like momentum doesnt exist and theres always a backside swing. bizarre someone spreading something so wrong with such confidence.,3,0,https://www.youtube.com/watch?v=npfiV52dXoc,UgxRdBNAtDu4CerklKZ4AaABAg.A6O1YiaP1WlAHKSD2RhorG,Short (trả lời comment): “you are exactly right. this was TERRIBLE advice. he talks like momentum doesnt e” → spread/slippage/sàn cần kiểm tra gì trước khi chọn broker.,run_forex_risk_management_stop_loss,Backlog
PP-0496,2.636,entry_timing,entry_timing,"This doesn't seem very easy to understand. Basing from the video itself, you enter the trade just below the green candle if it's bullish, and just above the red candle if it's bearish.",3,0,https://www.youtube.com/watch?v=npfiV52dXoc,UgxfouKI4s7ha2c2CJ94AaABAg.A8q5nl8P0FsACrboOr_94Y,"Short (trả lời comment): “This doesn't seem very easy to understand. Basing from the video itself, you ent” → 3 điểm xác nhận trước khi vào lệnh, demo trên chart.",run_forex_risk_management_stop_loss,Backlog
PP-0497,2.636,education_gap,education_gap,"Yo RD(dk if I'm spelling it proper)... But last week I made 600 Rands(South African) Swinging on Gold for 2days Thursday and Friday... Used a supply and demand Strat, moving averages(also saw on this channel) and the RSI showed me when to exit... Love your work bro... Keepem coming... Building funds for a prop firm challenge... Getting there very soon... I can feel it. Thank You so Much... Joshua from South Africa",3,0,https://www.youtube.com/watch?v=MKJz4yURCEs,Ugw66KCJ82JHx5YPi_p4AaABAg,Short (trả lời comment): “Yo RD(dk if I'm spelling it proper)... But last week I made 600 Rands(South Afri” → giải thích cực gọn cho người mới trong 45 giây.,run_gold_price_action_trading,Backlog
PP-0498,2.636,risk_management,risk_management,Guru..just placed a stop loss of 160 pips… 😂😂😂,1,3,https://www.youtube.com/watch?v=7HD5ZG2MmeQ,UgwC1moC3V4Da5cpLvN4AaABAg,Short (trả lời comment): mở bằng “Guru..just placed a stop loss of 160 pips… 😂😂😂” → 3 bước quản lý vốn/stop loss cho XAUUSD.,run_gold_price_action_trading,Backlog
PP-0499,2.636,strategy_rules,strategy_rules,about to try this strategy!,1,3,https://www.youtube.com/watch?v=MKJz4yURCEs,UgwRViq9XQbGxReRxY94AaABAg,"Short (trả lời comment): “about to try this strategy!” → chiến lược này dùng khung nào, áp dụng ra sao trong 60 giây.",run_gold_price_action_trading,Backlog
PP-0500,2.636,risk_management,risk_management,At 7:29 anyone with a stop loss would get shaken out based on the graph.,3,0,https://www.youtube.com/watch?v=0L6Rcgp6j7Y,UgzilYs3m4eOKX0BhxB4AaABAg,Short (trả lời comment): mở bằng “At 7:29 anyone with a stop loss would get shaken out based on the graph.” → 3 bước quản lý vốn/stop loss cho XAUUSD.,run_gold_price_action_trading,Backlog
PP-0501,2.636,strategy_rules,strategy_rules,​@jiwanbiswalhe said it can be applied to any timeframe,3,0,https://www.youtube.com/watch?v=XBcMiYK7qYY,UgwFn3Egxu5cT4o5tLN4AaABAg.A6027CW5VUYA8ah2akNajM,"Short (trả lời comment): “​@jiwanbiswalhe said it can be applied to any timeframe” → chiến lược này dùng khung nào, áp dụng ra sao trong 60 giây.",run_gold_scalping_strategy,Backlog
PP-0502,2.636,education_gap,education_gap,"These videos are good and all but you rarely speak on what lenght of time the candles should be, I mean this stuff can vary heavly i suppose depending on if you are on the 1 minute or the 1 day per candle chart.",3,0,https://www.youtube.com/watch?v=XBcMiYK7qYY,Ugx10Xdpfb1juN2I4KV4AaABAg,Short (trả lời comment): “These videos are good and all but you rarely speak on what lenght of time the ca” → giải thích cực gọn cho người mới trong 45 giây.,run_gold_scalping_strategy,Backlog
PP-0503,2.636,education_gap,education_gap,Tino Tino l don't how l should thank you since l started watching this channel my trading journey is amazing lm so confident with the market nowadays,3,0,https://www.youtube.com/watch?v=X82qlU1cgLI,UgwujAjOh29KwLcnOA14AaABAg,Short (trả lời comment): “Tino Tino l don't how l should thank you since l started watching this channel m” → giải thích cực gọn cho người mới trong 45 giây.,run_how_to_trade_gold_for_beginners,Backlog
PP-0504,2.636,risk_management,risk_management,"Well the bigger the risk, the bigger the reward and such impeccable trades are better executed by professionals.",3,0,https://www.youtube.com/watch?v=_YVQN6_nkfs,UgyCCCi-2sYOEebxlYB4AaABAg.9sxoj4c6ggp9sxolj9DUz5,"Short (trả lời comment): mở bằng “Well the bigger the risk, the bigger the reward and such impeccable trades are b” → 3 bước quản lý vốn/stop loss cho XAUUSD.",run_how_to_trade_gold_for_beginners,Backlog
PP-0505,2.636,psychology,psychology,This is the most valuable information and will ever need. Make this your everyday discipline and you will be able to trade any chart in any condition. This will make u a great disciplined trader. Thank you kind Sir. I watched it over and over and over again and I understand it fully. This is excellent Top G!!,3,0,https://www.youtube.com/watch?v=AY7fWmE1CBk,Ugyh1H1NqO2IEyUAb8h4AaABAg,"Short (trả lời comment): “This is the most valuable information and will ever need. Make this your everyda” → cách lấy lại kỷ luật sau chuỗi thua, 1 phút thực hành.",run_XAUUSD_trading_strategy,Backlog
PP-0506,2.636,education_gap,education_gap,I just want to say thanks to you Bro you won't believe it im now only finishing a month trading but i can say im already taking some profits from the market thanks to your videos all the way from SA❤because the way you explain the Market you make it easy for to understand👌👍,3,0,https://www.youtube.com/watch?v=AY7fWmE1CBk,UgzOu_-f4rAzLvSrjgB4AaABAg,Short (trả lời comment): “I just want to say thanks to you Bro you won't believe it im now only finishing ” → giải thích cực gọn cho người mới trong 45 giây.,run_XAUUSD_trading_strategy,Backlog
PP-0507,2.599,strategy_rules|education_gap,strategy_rules,its just using mathematics. u have to learn maths first. relying on indicators to do the work for you whilst you have no idea what is the meaning behind the number by knowing how to calculate it yourself then you will lose in the end!,2,0,https://www.youtube.com/watch?v=JrDNeM9p2J4,UgySzBF6OKZxcJH3ALF4AaABAg.9q2JhuQaZHCAD7cj2LvdzR,"Short (trả lời comment): “its just using mathematics. u have to learn maths first. relying on indicators t” → chiến lược này dùng khung nào, áp dụng ra sao trong 60 giây.",run_forex_risk_management_stop_loss,Backlog
PP-0508,2.599,risk_management|education_gap,risk_management,"That’s not how risk management works buddy, it’s not the bigger the stop loss the bigger the risk",2,0,https://www.youtube.com/watch?v=JrDNeM9p2J4,UgylgWr8UPieExjiEZ14AaABAg.9dLbw_CqmKcA9YQteV5wKS,"Short (trả lời comment): mở bằng “That’s not how risk management works buddy, it’s not the bigger the stop loss th” → 3 bước quản lý vốn/stop loss cho XAUUSD.",run_forex_risk_management_stop_loss,Backlog
PP-0509,2.599,risk_management|strategy_rules,risk_management,one strategy: set a stop loss to start with..once your profit is 2:1 move your stop loss to 1:1 to lock in that profit. Then set your trailing stop at the price you bought at and let it run. once trailing stop surges past your 1:1 profit level ..you are good to go,2,0,https://www.youtube.com/watch?v=JrDNeM9p2J4,UgznaQzz9Ek_LFk182h4AaABAg.9u4fsv48pTdA2-akjgqeV2,Short (trả lời comment): mở bằng “one strategy: set a stop loss to start with..once your profit is 2:1 move your s” → 3 bước quản lý vốn/stop loss cho XAUUSD.,run_forex_risk_management_stop_loss,Backlog
PP-0510,2.599,strategy_rules|education_gap,strategy_rules,Simple.... That's why I like your strategy,2,0,https://www.youtube.com/watch?v=sK-_6uIGMck,UgxqWhS6HPz9FueQ2X94AaABAg,"Short (trả lời comment): “Simple.... That's why I like your strategy” → chiến lược này dùng khung nào, áp dụng ra sao trong 60 giây.",run_gold_price_action_trading,Backlog
PP-0511,2.599,risk_management|education_gap,risk_management,firstly - you aren't dumb because you have a desire to learn / All it takes is some kindness and time from another person to explain things to you in a slow understandable manner...,2,0,https://www.youtube.com/watch?v=0L6Rcgp6j7Y,UgyVStWcVQW6s8iGWlh4AaABAg.AMB4FEK_gKAAMB54ExU27s,Short (trả lời comment): mở bằng “firstly - you aren't dumb because you have a desire to learn / All it takes is s” → 3 bước quản lý vốn/stop loss cho XAUUSD.,run_gold_price_action_trading,Backlog
PP-0512,2.599,risk_management|education_gap,risk_management,"Even with the right technique some investors would still make more than others, as a Capitalist, you should’ve known that by now, nothing beats experience and that’s final, personally I had to reach out to an adviser for management which was how I was able to grow my portfolio tremendously.",2,0,https://www.youtube.com/watch?v=XBcMiYK7qYY,UgzOVcbdzBYnx6ZxZM94AaABAg.A18ZCX1-cExA1KAwk-nbp4,"Short (trả lời comment): mở bằng “Even with the right technique some investors would still make more than others, ” → 3 bước quản lý vốn/stop loss cho XAUUSD.",run_gold_scalping_strategy,Backlog
PP-0513,2.599,strategy_rules|education_gap,strategy_rules,The second example has nothing to do at all with the strategy why show it to us brad I don't really understand,2,0,https://www.youtube.com/watch?v=en8RMFRqSME,UgzRmeKdG1k-rLZbqGl4AaABAg,"Short (trả lời comment): “The second example has nothing to do at all with the strategy why show it to us ” → chiến lược này dùng khung nào, áp dụng ra sao trong 60 giây.",run_gold_scalping_strategy,Backlog
PP-0514,2.599,entry_timing|education_gap,entry_timing,"One thing I've learned from the market is that success isn't just about timing, it's about spotting the right opportunities and having the right mentor by your side. That's what also keeps you steady during dips like this,",2,0,https://www.youtube.com/watch?v=_YVQN6_nkfs,UgwwSK1iPWe4kHzL3m14AaABAg.AbORjvYS151AbOS9WIlcL9,"Short (trả lời comment): “One thing I've learned from the market is that success isn't just about timing, ” → 3 điểm xác nhận trước khi vào lệnh, demo trên chart.",run_how_to_trade_gold_for_beginners,Backlog
PP-0515,2.599,strategy_rules|education_gap,strategy_rules,"This strategy is a game-changer! The simplicity and efficiency make it perfect for both beginners and experienced traders. Love how you explain everything so clearly—straight to the point with no fluff. Can’t wait to put this to the test in the market. Keep the quality content coming! 🔥📊""",2,0,https://www.youtube.com/watch?v=X82qlU1cgLI,Ugy69T_RcS9CKnVrWxN4AaABAg,"Short (trả lời comment): “This strategy is a game-changer! The simplicity and efficiency make it perfect f” → chiến lược này dùng khung nào, áp dụng ra sao trong 60 giây.",run_how_to_trade_gold_for_beginners,Backlog
PP-0516,2.599,entry_timing|strategy_rules,entry_timing,maybe try bigger timeframe and try to get precise entry in it ...use low qty... i know it's not easy ...saying after doing this for 5 years :D,2,0,https://www.youtube.com/watch?v=oc2zqnvsqi0,UgyNs3xe_Ae8waoCcGt4AaABAg.A1wdI_ikaGzAOhvHQQuW48,"Short (trả lời comment): “maybe try bigger timeframe and try to get precise entry in it ...use low qty... ” → 3 điểm xác nhận trước khi vào lệnh, demo trên chart.",run_how_to_trade_gold_for_beginners,Backlog
PP-0517,2.599,risk_management|education_gap,risk_management,"Watching this on a Saturday, just chilling with great profits—what a wonderful week it’s been for me. Actually, it’s my first week going live, and I’m just smiling at the profits. The truth is, we can’t lose with a mentor like you. Yes, there are drawdowns here and there, but when we look at the bigger picture, we always crush the markets with Tino , Now time to backtest preparing for next week .",2,0,https://www.youtube.com/watch?v=X82qlU1cgLI,UgzOy4-tBYZ5Md7Uum54AaABAg,"Short (trả lời comment): mở bằng “Watching this on a Saturday, just chilling with great profits—what a wonderful w” → 3 bước quản lý vốn/stop loss cho XAUUSD.",run_how_to_trade_gold_for_beginners,Backlog
PP-0518,2.597,strategy_rules,strategy_rules,The 15 and 5 minute are good timeframe to use trade?,0,1,https://www.youtube.com/watch?v=4tFcM7NcefU,UgwQWeCeXt9qylmwL8t4AaABAg,"Short (trả lời comment): “The 15 and 5 minute are good timeframe to use trade?” → chiến lược này dùng khung nào, áp dụng ra sao trong 60 giây.",run_forex_entry_confirmation,Backlog
PP-0519,2.597,other_question_or_pain,other_question_or_pain,Mas ada nggak strategi trading yg profit dng hanya memantau chart saat pergantian chandle harian saja ?,0,1,https://www.youtube.com/watch?v=vRoToHC9STU,UgwTMOmaveSbxcqjxKZ4AaABAg,Short (trả lời comment): “Mas ada nggak strategi trading yg profit dng hanya memantau chart saat pergantia” → câu trả lời thẳng + 1 bước hành động ngay.,run_forex_entry_confirmation,Backlog
PP-0520,2.597,other_question_or_pain,other_question_or_pain,Kalo untuk waktu di future market crypto new York season nya sama ga mas kaya di forex? Saya cek di google ga da semoga di balas 🙏,0,1,https://www.youtube.com/watch?v=vRoToHC9STU,Ugwra7pw4cMALa-TNG54AaABAg,Short (trả lời comment): “Kalo untuk waktu di future market crypto new York season nya sama ga mas kaya di” → câu trả lời thẳng + 1 bước hành động ngay.,run_forex_entry_confirmation,Backlog
PP-0521,2.597,other_question_or_pain,other_question_or_pain,Bang mau bertanya bang Rizky trading for living atau nggak? Semoga di jawab terimakasih 🙏,0,1,https://www.youtube.com/watch?v=vRoToHC9STU,UgzFCe2msbmChl79E314AaABAg,Short (trả lời comment): “Bang mau bertanya bang Rizky trading for living atau nggak? Semoga di jawab teri” → câu trả lời thẳng + 1 bước hành động ngay.,run_forex_entry_confirmation,Backlog
PP-0522,2.597,other_question_or_pain,other_question_or_pain,Mas Tama nama backsound pas livetrade apa?,0,1,https://www.youtube.com/watch?v=vRoToHC9STU,UgzPHPcSFscGmr6DBf54AaABAg,Short (trả lời comment): “Mas Tama nama backsound pas livetrade apa?” → câu trả lời thẳng + 1 bước hành động ngay.,run_forex_entry_confirmation,Backlog
PP-0523,2.597,broker_platform,broker_platform,Itu yg di contohin pakai broker apa mas? bisa adjust otomatis lot nya,0,1,https://www.youtube.com/watch?v=smtAdlhwFHA,UgwHAeYeFqCFlMh2JsJ4AaABAg,Short (trả lời comment): “Itu yg di contohin pakai broker apa mas? bisa adjust otomatis lot nya” → spread/slippage/sàn cần kiểm tra gì trước khi chọn broker.,run_forex_risk_management_stop_loss,Backlog
PP-0524,2.597,risk_management,risk_management,Does he mean when you’re in profit move stop loss to break even?,0,1,https://www.youtube.com/watch?v=Dyg4lZo89sM,Ugwrlhka7W8euvJ9Lm54AaABAg,Short (trả lời comment): mở bằng “Does he mean when you’re in profit move stop loss to break even?” → 3 bước quản lý vốn/stop loss cho XAUUSD.,run_forex_risk_management_stop_loss,Backlog
PP-0525,2.597,other_question_or_pain,other_question_or_pain,"Bang leverage itu mempengaruhi untung ruginya ga si bang. Semisal lot 0.01 kalo leverage 1:100 sama leverage 1:2000, untuk pergerakannya mempengaruhi untung ruginya ga bang apaa ttp sama 10 pipsnya 1 usd?",0,1,https://www.youtube.com/watch?v=smtAdlhwFHA,Ugx8vhfBjgGuTy0PiCd4AaABAg,Short (trả lời comment): “Bang leverage itu mempengaruhi untung ruginya ga si bang. Semisal lot 0.01 kalo ” → câu trả lời thẳng + 1 bước hành động ngay.,run_forex_risk_management_stop_loss,Backlog
PP-0526,2.597,broker_platform,broker_platform,"mas izin tanya, pake broker apa ya yang aman?",0,1,https://www.youtube.com/watch?v=smtAdlhwFHA,UgxI_TZimupGr-tgRiJ4AaABAg,"Short (trả lời comment): “mas izin tanya, pake broker apa ya yang aman?” → spread/slippage/sàn cần kiểm tra gì trước khi chọn broker.",run_forex_risk_management_stop_loss,Backlog
PP-0527,2.597,risk_management,risk_management,"Tolong pencerahannya, saya tuh msh g paham . Saya ada modal 10 jt risk nya 1 % ( 100 rb) per pasang posisi berarti kan untuk kena 1 % itu hrs pasang 10 jt kan ?? G bisa 2 , ato 4 jt gtu ??",0,1,https://www.youtube.com/watch?v=v_8HUVzO-rw,UgxeC-K2dthZDYZQK8x4AaABAg,"Short (trả lời comment): mở bằng “Tolong pencerahannya, saya tuh msh g paham . Saya ada modal 10 jt risk nya 1 % (” → 3 bước quản lý vốn/stop loss cho XAUUSD.",run_forex_risk_management_stop_loss,Backlog
PP-0528,2.597,risk_management,risk_management,"Mas tama jika pake akun funded 6k $ , dengan drawdown 600$ maks ,resiko yang aman brp pertrade?",0,1,https://www.youtube.com/watch?v=v_8HUVzO-rw,UgyQKwYfs-s2XWqpxyB4AaABAg,"Short (trả lời comment): mở bằng “Mas tama jika pake akun funded 6k $ , dengan drawdown 600$ maks ,resiko yang ama” → 3 bước quản lý vốn/stop loss cho XAUUSD.",run_forex_risk_management_stop_loss,Backlog
PP-0529,2.597,strategy_rules,strategy_rules,I need this indicator please help me,0,1,https://www.youtube.com/watch?v=3E7k47dZeWk,Ugw8TLzGJyEcTtJD7GJ4AaABAg,"Short (trả lời comment): “I need this indicator please help me” → chiến lược này dùng khung nào, áp dụng ra sao trong 60 giây.",run_gold_price_action_trading,Backlog
PP-0530,2.597,other_question_or_pain,other_question_or_pain,great video! very helpful and not alot of fat. thank you brother,0,1,https://www.youtube.com/watch?v=0L6Rcgp6j7Y,UgwXkSgBwf-VU7s1nvR4AaABAg,Short (trả lời comment): “great video! very helpful and not alot of fat. thank you brother” → câu trả lời thẳng + 1 bước hành động ngay.,run_gold_price_action_trading,Backlog
PP-0531,2.597,broker_platform,broker_platform,"Hello, which broker can I trade gold though MT5 in the US?",0,1,https://www.youtube.com/watch?v=7HD5ZG2MmeQ,Ugwla7Qp-fH2FA_WvGt4AaABAg,"Short (trả lời comment): “Hello, which broker can I trade gold though MT5 in the US?” → spread/slippage/sàn cần kiểm tra gì trước khi chọn broker.",run_gold_price_action_trading,Backlog
PP-0532,2.597,other_question_or_pain,other_question_or_pain,is it still in profit after 5 month ?? who is it testing so long,0,1,https://www.youtube.com/watch?v=3E7k47dZeWk,UgxayIG3BkU6Td-7xKB4AaABAg,Short (trả lời comment): “is it still in profit after 5 month ?? who is it testing so long” → câu trả lời thẳng + 1 bước hành động ngay.,run_gold_price_action_trading,Backlog
PP-0533,2.597,education_gap,education_gap,How to get it in trading view?,0,1,https://www.youtube.com/watch?v=3E7k47dZeWk,UgyRI2WB__n7ipW7aRZ4AaABAg,Short (trả lời comment): “How to get it in trading view?” → giải thích cực gọn cho người mới trong 45 giây.,run_gold_price_action_trading,Backlog
PP-0534,2.597,education_gap,education_gap,"I traded for 3 years before taking a much needed break but plan on getting back into forex soon That being said, your video is pretty good representation but you cannot verify a zone after you do any sell/buy in the video you show that the zone can be verified through a breakout, if it breaks-out it’s too late, if it rebounds it’s also too late and now in either location you would need to re-evaluate the trade from either a bigger view or from a different point of the graph",0,1,https://www.youtube.com/watch?v=Qgx3t-pmzN8,Ugyr-iJKTHKuqvKwuaF4AaABAg,Short (trả lời comment): “I traded for 3 years before taking a much needed break but plan on getting back ” → giải thích cực gọn cho người mới trong 45 giây.,run_gold_price_action_trading,Backlog
PP-0535,2.597,education_gap,education_gap,How does one set the market to 1 minute or 5 minute so as to trade?,0,1,https://www.youtube.com/watch?v=fSp-jMvNOhE,UgwdBjEEm52fx_AWCQZ4AaABAg,Short (trả lời comment): “How does one set the market to 1 minute or 5 minute so as to trade?” → giải thích cực gọn cho người mới trong 45 giây.,run_gold_scalping_strategy,Backlog
PP-0536,2.597,other_question_or_pain,other_question_or_pain,can't wait!!!!! you the best bro you making gold for us so much easier!!!!THANK YOU!!!!!!!!!!!!!!!!!!!!!!!,0,1,https://www.youtube.com/watch?v=xXy2CBssQQA,UgyVCy4L75nfwYrRRpF4AaABAg,Short (trả lời comment): “can't wait!!!!! you the best bro you making gold for us so much easier!!!!THANK ” → câu trả lời thẳng + 1 bước hành động ngay.,run_gold_scalping_strategy,Backlog
PP-0537,2.597,education_gap,education_gap,"Don't get how you can make profit while selling for a lower price than what you bought for... It's going down, shouldn't you be buying low and selling when it goes back up?",0,1,https://www.youtube.com/watch?v=fSp-jMvNOhE,UgyvAZRhetDbQfGsqkt4AaABAg,Short (trả lời comment): “Don't get how you can make profit while selling for a lower price than what you ” → giải thích cực gọn cho người mới trong 45 giây.,run_gold_scalping_strategy,Backlog
PP-0538,2.597,other_question_or_pain,other_question_or_pain,18:24 from 0.15 lot ? 🤔,0,1,https://www.youtube.com/watch?v=en8RMFRqSME,UgzGl6w-tmV3RMjEIs14AaABAg,Short (trả lời comment): “18:24 from 0.15 lot ? 🤔” → câu trả lời thẳng + 1 bước hành động ngay.,run_gold_scalping_strategy,Backlog
PP-0539,2.597,strategy_rules,strategy_rules,This is an excellent strategy. I cannot find any fault with it. Much appreciation! 💟,0,1,https://www.youtube.com/watch?v=nCBF6wrOKic,UgzlBVlTB0oFq_IG4OB4AaABAg,"Short (trả lời comment): “This is an excellent strategy. I cannot find any fault with it. Much appreciatio” → chiến lược này dùng khung nào, áp dụng ra sao trong 60 giây.",run_gold_scalping_strategy,Backlog
PP-0540,2.597,education_gap,education_gap,"For your trailing stops, how do you determine how many pips or points to set?",0,1,https://www.youtube.com/watch?v=oc2zqnvsqi0,UgzByXC05zn-T1reieB4AaABAg,"Short (trả lời comment): “For your trailing stops, how do you determine how many pips or points to set?” → giải thích cực gọn cho người mới trong 45 giây.",run_how_to_trade_gold_for_beginners,Backlog
PP-0541,2.597,other_question_or_pain,other_question_or_pain,Это когда?,0,1,https://www.youtube.com/watch?v=_lt1prpCOeI,UgxP9Y9DaFjYm3-9KGl4AaABAg,Short (trả lời comment): “Это когда?” → câu trả lời thẳng + 1 bước hành động ngay.,yt_api_run_001,Backlog
PP-0542,2.597,other_question_or_pain,other_question_or_pain,I can't trust you now.,0,1,https://www.youtube.com/watch?v=yZuXzg9MHfI,Ugxor57o_zKJn4ETcy94AaABAg,Short (trả lời comment): “I can't trust you now.” → câu trả lời thẳng + 1 bước hành động ngay.,yt_api_run_001,Backlog
PP-0543,2.54,strategy_rules|education_gap,strategy_rules,How to buy this indicator,1,1,https://www.youtube.com/watch?v=3E7k47dZeWk,Ugw7DLRVhBOpJH9GzV54AaABAg,"Short (trả lời comment): “How to buy this indicator” → chiến lược này dùng khung nào, áp dụng ra sao trong 60 giây.",run_gold_price_action_trading,Backlog
PP-0544,2.54,strategy_rules|education_gap,strategy_rules,"It is an invite only indicator, How can I get invite❓❓",1,1,https://www.youtube.com/watch?v=3E7k47dZeWk,UgxNRK83NrRmycSkfV94AaABAg,"Short (trả lời comment): “It is an invite only indicator, How can I get invite❓❓” → chiến lược này dùng khung nào, áp dụng ra sao trong 60 giây.",run_gold_price_action_trading,Backlog
PP-0545,2.54,strategy_rules|education_gap,strategy_rules,How can i take this strategy cause its locked on trading view,1,1,https://www.youtube.com/watch?v=3E7k47dZeWk,UgzTpzTuX4W8STL2iul4AaABAg,"Short (trả lời comment): “How can i take this strategy cause its locked on trading view” → chiến lược này dùng khung nào, áp dụng ra sao trong 60 giây.",run_gold_price_action_trading,Backlog
PP-0546,2.54,strategy_rules|education_gap,strategy_rules,Telling people what timeframe is important mate. Great job 👏,1,1,https://www.youtube.com/watch?v=sK-_6uIGMck,UgzrJJge8D6PJVCfdWV4AaABAg,"Short (trả lời comment): “Telling people what timeframe is important mate. Great job 👏” → chiến lược này dùng khung nào, áp dụng ra sao trong 60 giây.",run_gold_price_action_trading,Backlog
PP-0547,2.5,strategy_rules|education_gap,strategy_rules,"Sir, what timeframe do you use for the confirmation?",0,0,https://www.youtube.com/watch?v=FccA87INVUE,UgwE4Ft6urTN4HzlCAB4AaABAg,"Short (trả lời comment): “Sir, what timeframe do you use for the confirmation?” → chiến lược này dùng khung nào, áp dụng ra sao trong 60 giây.",run_forex_entry_confirmation,Backlog
PP-0548,2.5,strategy_rules|education_gap,strategy_rules,I’ve been following the strategy from Chris James Cooks. ❤ His patience and the way he reads the charts is what actually helped me stay consistent.,0,0,https://www.youtube.com/watch?v=tS9o8aQjADY,UgwhFJlFfZ00syPQaP14AaABAg.AYlh5Vi3S_-AYlpelJnahr,"Short (trả lời comment): “I’ve been following the strategy from Chris James Cooks. ❤ His patience and the ” → chiến lược này dùng khung nào, áp dụng ra sao trong 60 giây.",run_forex_entry_confirmation,Backlog
PP-0549,2.5,entry_timing|education_gap,entry_timing,Why you not entry 5min OB+FVG.?,0,0,https://www.youtube.com/watch?v=4tFcM7NcefU,UgxJjJLzhJ-nXp2hEMd4AaABAg,"Short (trả lời comment): “Why you not entry 5min OB+FVG.?” → 3 điểm xác nhận trước khi vào lệnh, demo trên chart.",run_forex_entry_confirmation,Backlog
PP-0550,2.5,entry_timing|education_gap,entry_timing,"The way you explained entry and exit timing for higher-probability trades was really helpful. Many traders focus only on entries, but mastering exits is what actually protects profits. Great explanation! 📈🔥",0,0,https://www.youtube.com/watch?v=kis7l0y1JUg,Ugxvuyorqe1IEREjOBl4AaABAg,"Short (trả lời comment): “The way you explained entry and exit timing for higher-probability trades was re” → 3 điểm xác nhận trước khi vào lệnh, demo trên chart.",run_forex_entry_confirmation,Backlog
PP-0551,2.5,broker_platform|education_gap,broker_platform,"You are wasting time trading in minutes time frame…. And time is the most valuable thing on earth 👌 What do you think, why there is no second time frames in mt4 mt5 and so on???",0,0,https://www.youtube.com/watch?v=4tFcM7NcefU,UgymtfNWKRcjxIzyaP14AaABAg,Short (trả lời comment): “You are wasting time trading in minutes time frame…. And time is the most valuab” → spread/slippage/sàn cần kiểm tra gì trước khi chọn broker.,run_forex_entry_confirmation,Backlog
PP-0552,2.5,entry_timing|education_gap,entry_timing,"I'm a bit confused, sir. In Trend A of your sketch, your entry is marked at the closing price of the third candle. However, the entry was marked in the chart at the closing price of the second candle, and the trade didn't take you in before the bullish move.",0,0,https://www.youtube.com/watch?v=FccA87INVUE,Ugyyqd_Ciw0evw6oHFx4AaABAg,"Short (trả lời comment): “I'm a bit confused, sir. In Trend A of your sketch, your entry is marked at the ” → 3 điểm xác nhận trước khi vào lệnh, demo trên chart.",run_forex_entry_confirmation,Backlog
PP-0553,2.5,risk_management|education_gap,risk_management,"Thanks man, that was really helpful to me. Stop Loss placement and Taking Profit was fully understood but until watching your video I couldn't figure out how to trade just 1% of my account. All clear now - many thanks!",0,0,https://www.youtube.com/watch?v=7f2bpEwiJCY,UgwK5AImjQvM6y-yT7V4AaABAg,"Short (trả lời comment): mở bằng “Thanks man, that was really helpful to me. Stop Loss placement and Taking Profit” → 3 bước quản lý vốn/stop loss cho XAUUSD.",run_forex_risk_management_stop_loss,Backlog
PP-0554,2.5,broker_platform|education_gap,broker_platform,What broker are you using ?,0,0,https://www.youtube.com/watch?v=_D1MYH6D7jc,Ugx7-y_HzxTr-6Bh6PR4AaABAg,Short (trả lời comment): “What broker are you using ?” → spread/slippage/sàn cần kiểm tra gì trước khi chọn broker.,run_forex_risk_management_stop_loss,Backlog
PP-0555,2.5,risk_management|education_gap,risk_management,what about Stop loss hunting and liquidity hunting?,0,0,https://www.youtube.com/watch?v=-zrFkI1cm4o,UgxANonXNh-KMNnbR0t4AaABAg,Short (trả lời comment): mở bằng “what about Stop loss hunting and liquidity hunting?” → 3 bước quản lý vốn/stop loss cho XAUUSD.,run_forex_risk_management_stop_loss,Backlog
PP-0556,2.5,risk_management|entry_timing,risk_management,Pak tolong dong kalo semisal emng modal 1 jt risk 1% (10 rb) . Itu pas entry awal lgsg 1 jt dg sl 1 % ? Apa bisa 500 rb aj entry nya ??,0,0,https://www.youtube.com/watch?v=v_8HUVzO-rw,UgxDZyXo6UZkDqvlkDF4AaABAg,Short (trả lời comment): mở bằng “Pak tolong dong kalo semisal emng modal 1 jt risk 1% (10 rb) . Itu pas entry awa” → 3 bước quản lý vốn/stop loss cho XAUUSD.,run_forex_risk_management_stop_loss,Backlog
PP-0557,2.5,risk_management|education_gap,risk_management,Aslamu alaikum dear sir i hope you are doing well How to select coins for future trading ? Please make a best video,0,0,https://www.youtube.com/watch?v=-zrFkI1cm4o,UgyTiLy7Hn6VWDcbm5x4AaABAg,Short (trả lời comment): mở bằng “Aslamu alaikum dear sir i hope you are doing well How to select coins for future” → 3 bước quản lý vốn/stop loss cho XAUUSD.,run_forex_risk_management_stop_loss,Backlog
PP-0558,2.5,risk_management|education_gap,risk_management,1% of what? The account size or drawdown ?,0,0,https://www.youtube.com/watch?v=Dyg4lZo89sM,Ugyf_SWFZiZjRcrGN9N4AaABAg,Short (trả lời comment): mở bằng “1% of what? The account size or drawdown ?” → 3 bước quản lý vốn/stop loss cho XAUUSD.,run_forex_risk_management_stop_loss,Backlog
PP-0559,2.5,strategy_rules|education_gap,strategy_rules,@Thebeactrader hope you answer brother how this strategy going ?,0,0,https://www.youtube.com/watch?v=npfiV52dXoc,UgymJDXoLnVHwjMs8vB4AaABAg.ACkzjqPb7PHAN7sIX-EbUu,"Short (trả lời comment): “@Thebeactrader hope you answer brother how this strategy going ?” → chiến lược này dùng khung nào, áp dụng ra sao trong 60 giây.",run_forex_risk_management_stop_loss,Backlog
PP-0560,2.5,risk_management|entry_timing,risk_management,"mas Tama 1% itu kan per trade, kalo kita mau entry sehari misal 5x berarti sehari itu risk nya 5% yaa?? itu bagus gak atau ada solusi lainnya? mohon bantuannya🙏🏻🙏🏻🙏🏻",0,0,https://www.youtube.com/watch?v=smtAdlhwFHA,UgzCZqSbtIDlfBi2zMF4AaABAg,"Short (trả lời comment): mở bằng “mas Tama 1% itu kan per trade, kalo kita mau entry sehari misal 5x berarti sehar” → 3 bước quản lý vốn/stop loss cho XAUUSD.",run_forex_risk_management_stop_loss,Backlog
PP-0561,2.5,risk_management|entry_timing,risk_management,"Yes and no. They are 2 different systems. System in video is safe SL, with bigger targets. Your system of your description is narrow SL with unsafe targets. The problem is often you will miss the trade because you aren't in the market. SL levels fall within a given system. Mine actually makes the SL at a definite target, as though I want it to be hit, with a narrow entry. I miss trades but don't have to set a safe SL, the way you described.",0,0,https://www.youtube.com/watch?v=JrDNeM9p2J4,UgzXVrt0q0IY4ZVfDT14AaABAg.9eqWKPCGoN1A0zsijs5neG,"Short (trả lời comment): mở bằng “Yes and no. They are 2 different systems. System in video is safe SL, with bigge” → 3 bước quản lý vốn/stop loss cho XAUUSD.",run_forex_risk_management_stop_loss,Backlog
PP-0562,2.5,risk_management|education_gap,risk_management,"How many lots did you use for that range that you earn 2k, any technique how to manage risk ?",0,0,https://www.youtube.com/watch?v=sK-_6uIGMck,UgxBAlrZQJc1r5voCXd4AaABAg,"Short (trả lời comment): mở bằng “How many lots did you use for that range that you earn 2k, any technique how to ” → 3 bước quản lý vốn/stop loss cho XAUUSD.",run_gold_price_action_trading,Backlog
PP-0563,2.5,risk_management|education_gap,risk_management,"Yeah, exactly. When I first started, I kept making mistakes because I didn’t really understand how the market moves. Things changed when I started following CHRIS JAMES —he really helped me see how to read price, manage risk, and be patient. It’s not easy, but learning from him made everything click, and now trading actually makes sense.",0,0,https://www.youtube.com/watch?v=0L6Rcgp6j7Y,UgxVJHQpgGTWiQPepO14AaABAg.AU1MLDk37keAU1Mb3EQhYw,"Short (trả lời comment): mở bằng “Yeah, exactly. When I first started, I kept making mistakes because I didn’t rea” → 3 bước quản lý vốn/stop loss cho XAUUSD.",run_gold_price_action_trading,Backlog
PP-0564,2.5,risk_management|education_gap,risk_management,Absolutely. That mentor really helped me understand how to analyze the market properly and manage risk more effectively. Applying that approach has made trading feel much clearer and more structured for me.,0,0,https://www.youtube.com/watch?v=0L6Rcgp6j7Y,UgxVJHQpgGTWiQPepO14AaABAg.AU1MLDk37keAU1Mqo_y0TC,Short (trả lời comment): mở bằng “Absolutely. That mentor really helped me understand how to analyze the market pr” → 3 bước quản lý vốn/stop loss cho XAUUSD.,run_gold_price_action_trading,Backlog
PP-0565,2.5,strategy_rules|education_gap,strategy_rules,"wow, what's your proof? Have you traded this strategy on gold for over 100 trades? thank you sir",0,0,https://www.youtube.com/watch?v=sK-_6uIGMck,Ugy_GnztLgcIA0qG5uN4AaABAg.AKw91Mt-c9RAQ0abvqGzPD,"Short (trả lời comment): “wow, what's your proof? Have you traded this strategy on gold for over 100 trade” → chiến lược này dùng khung nào, áp dụng ra sao trong 60 giây.",run_gold_price_action_trading,Backlog
PP-0566,2.5,broker_platform|education_gap,broker_platform,Please how I can get this platform ?? Ist mt4 or tradingview ?,0,0,https://www.youtube.com/watch?v=sK-_6uIGMck,UgzmXWWbuNJgdoLnNm14AaABAg,Short (trả lời comment): “Please how I can get this platform ?? Ist mt4 or tradingview ?” → spread/slippage/sàn cần kiểm tra gì trước khi chọn broker.,run_gold_price_action_trading,Backlog
PP-0567,2.5,risk_management|education_gap,risk_management,how can you get a profit of 200k in a trade with a lot size of 0.15?? am i missing something?,0,0,https://www.youtube.com/watch?v=en8RMFRqSME,Ugwh89nhoo-a5JfMB2R4AaABAg,Short (trả lời comment): mở bằng “how can you get a profit of 200k in a trade with a lot size of 0.15?? am i missi” → 3 bước quản lý vốn/stop loss cho XAUUSD.,run_gold_scalping_strategy,Backlog
PP-0568,2.5,entry_timing|broker_platform,entry_timing,"Which one to use that is safe? . 1. should i connect Exness real account on mt5 demo account, and do technical analysis on mt5 demo account and enter the trade on Exness real account? or 2. i should connect Exness real account and Exness demo account on mt5 demo account, and do technical analysis on Exness demo account and enter the trade on Exness real account. Which one is perfect?",0,0,https://www.youtube.com/watch?v=xXy2CBssQQA,Ugwh9Shhrmw-FcXCOwx4AaABAg,"Short (trả lời comment): “Which one to use that is safe? . 1. should i connect Exness real account on mt5 ” → 3 điểm xác nhận trước khi vào lệnh, demo trên chart.",run_gold_scalping_strategy,Backlog
PP-0569,2.5,strategy_rules|education_gap,strategy_rules,Hi Pat. Thank you so much for the video. I am trading in the London session due to my timezone. Do you know if I can use this strategy during London session and what time I use for ORB?,0,0,https://www.youtube.com/watch?v=nCBF6wrOKic,Ugx2x3WFl0K2EO3FItp4AaABAg,"Short (trả lời comment): “Hi Pat. Thank you so much for the video. I am trading in the London session due ” → chiến lược này dùng khung nào, áp dụng ra sao trong 60 giây.",run_gold_scalping_strategy,Backlog
PP-0570,2.5,psychology|education_gap,psychology,This is the truth. I’ve been making so many emotional mistakes lately. How did you finally get to a point where you stayed disciplined?,0,0,https://www.youtube.com/watch?v=xXy2CBssQQA,UgxANOxR0uQdBI9DXD54AaABAg.AUzNYPC_s8BAUzNhCnskgd,"Short (trả lời comment): “This is the truth. I’ve been making so many emotional mistakes lately. How did y” → cách lấy lại kỷ luật sau chuỗi thua, 1 phút thực hành.",run_gold_scalping_strategy,Backlog
PP-0571,2.5,strategy_rules|education_gap,strategy_rules,What is your monthly win rate using this strategy?,0,0,https://www.youtube.com/watch?v=I29peidTQxU,UgxD3LalkRNoVVftrlx4AaABAg.AP-tFknMBCTAQNDsq4rUaq,"Short (trả lời comment): “What is your monthly win rate using this strategy?” → chiến lược này dùng khung nào, áp dụng ra sao trong 60 giây.",run_gold_scalping_strategy,Backlog
PP-0572,2.5,risk_management|entry_timing,risk_management,"Was stuck in that same loop until I found Mario. Only mentor I’ve seen teaching 1-min scalping with actual structure. Exact entry timing, stop placement, risk control. No guessing. No hype. Just real logic while candles print. Tired of getting smoked? Check him out. Changed everything for me.",0,0,https://www.youtube.com/watch?v=XBcMiYK7qYY,Ugy-uAgE4e-v1KuEKpR4AaABAg.Aa_xkoL621xAa_xru6qAx7,Short (trả lời comment): mở bằng “Was stuck in that same loop until I found Mario. Only mentor I’ve seen teaching ” → 3 bước quản lý vốn/stop loss cho XAUUSD.,run_gold_scalping_strategy,Backlog
PP-0573,2.5,risk_management|education_gap,risk_management,"That sounds great, but isn't it risky to invest in cryptos at this time as a noob? What do you advice please. I'd be happy to get a feedback",0,0,https://www.youtube.com/watch?v=xXy2CBssQQA,UgySAJMrwvx2jA5_2YR4AaABAg.AZALJpEFr1SAZALR_tLAbX,"Short (trả lời comment): mở bằng “That sounds great, but isn't it risky to invest in cryptos at this time as a noo” → 3 bước quản lý vốn/stop loss cho XAUUSD.",run_gold_scalping_strategy,Backlog
PP-0574,2.5,entry_timing|education_gap,entry_timing,How does it work with holding a trade for days to weeks? Do you re enter the position or quite literally just press buy once and let it go? I understand there's margin but is it the same as indices?,0,0,https://www.youtube.com/watch?v=oc2zqnvsqi0,Ugw4_MapQW30AhGmURt4AaABAg,"Short (trả lời comment): “How does it work with holding a trade for days to weeks? Do you re enter the pos” → 3 điểm xác nhận trước khi vào lệnh, demo trên chart.",run_how_to_trade_gold_for_beginners,Backlog
PP-0575,2.5,entry_timing|education_gap,entry_timing,@Capitaltrading but how would we know the timing of these changes affecting the market? Are they quick? And besides that for daily trading what are the key components to study bczz we can’t use such factors like price interest rates and all for daily trading.,0,0,https://www.youtube.com/watch?v=udvUjY5YLwo,UgyQVCeLhah37mnfJkR4AaABAg.AI8SM_n47GDAI9DHEEwTzA,"Short (trả lời comment): “@Capitaltrading but how would we know the timing of these changes affecting the ” → 3 điểm xác nhận trước khi vào lệnh, demo trên chart.",run_how_to_trade_gold_for_beginners,Backlog
PP-0576,2.5,strategy_rules|education_gap,strategy_rules,"I was in the same boat. I kept overcomplicating things until I found this simple scalping strategy. It’s not about using a bunch of fancy indicators or jumping into every move. The beauty of it is in how basic it is. But what really made it click for me was learning how to execute it consistently and that’s where Rolando Mario came in. He showed me how to make it work every single day, no matter what the market's doing??",0,0,https://www.youtube.com/watch?v=_YVQN6_nkfs,Ugz5u1loSTDT4tGZae54AaABAg.AbNle1a-D8zAbNmCQ7W5x9,"Short (trả lời comment): “I was in the same boat. I kept overcomplicating things until I found this simple” → chiến lược này dùng khung nào, áp dụng ra sao trong 60 giây.",run_how_to_trade_gold_for_beginners,Backlog
PP-0577,2.5,strategy_rules|education_gap,strategy_rules,"Wait, so you’re saying it’s really that simple? No crazy indicators or complex setups? How does it even work every day?",0,0,https://www.youtube.com/watch?v=_YVQN6_nkfs,Ugz5u1loSTDT4tGZae54AaABAg.AbNle1a-D8zAbNmKsyXcR2,"Short (trả lời comment): “Wait, so you’re saying it’s really that simple? No crazy indicators or complex s” → chiến lược này dùng khung nào, áp dụng ra sao trong 60 giây.",run_how_to_trade_gold_for_beginners,Backlog
PP-0578,2.5,strategy_rules|education_gap,strategy_rules,"Well, I'm not purposely trying to go against the trend... advice? Are you saying only trade long setups? What timeframe is best. I've been trading gold futures.",0,0,https://www.youtube.com/watch?v=oc2zqnvsqi0,UgzFwAaqP5zSjxjWwsp4AaABAg,"Short (trả lời comment): “Well, I'm not purposely trying to go against the trend... advice? Are you saying” → chiến lược này dùng khung nào, áp dụng ra sao trong 60 giây.",run_how_to_trade_gold_for_beginners,Backlog
PP-0579,2.5,risk_management|strategy_rules,risk_management,Most Gold traders don't lose because of strategy—they lose because of emotions and poor risk management. That's exactly the problem I tried to solve with my XAUUSD bot.,0,0,https://www.youtube.com/watch?v=AY7fWmE1CBk,UgwEjsfTyzP87uggL0F4AaABAg.ABhBRH7mk67AZ2nbYDk7pV,Short (trả lời comment): mở bằng “Most Gold traders don't lose because of strategy—they lose because of emotions a” → 3 bước quản lý vốn/stop loss cho XAUUSD.,run_XAUUSD_trading_strategy,Backlog
PP-0580,2.5,strategy_rules|education_gap,strategy_rules,How do we get this indicator?,0,0,https://www.youtube.com/watch?v=NW53PqrXCXA,UgyV9dCLlaGWQ2aUZ1h4AaABAg.ALM_jprbi-xALMarv4xXPL,"Short (trả lời comment): “How do we get this indicator?” → chiến lược này dùng khung nào, áp dụng ra sao trong 60 giây.",run_XAUUSD_trading_strategy,Backlog
PP-0581,2.5,strategy_rules|education_gap,strategy_rules,Do you know what time and which session is the best to trade this strategy?,0,0,https://www.youtube.com/watch?v=AY7fWmE1CBk,UgylHLFebKaBkkjZF6l4AaABAg.9px598H0tSjA3EtxS79LCT,"Short (trả lời comment): “Do you know what time and which session is the best to trade this strategy?” → chiến lược này dùng khung nào, áp dụng ra sao trong 60 giây.",run_XAUUSD_trading_strategy,Backlog
PP-0582,2.492,entry_timing,entry_timing,That’s a bad entry and stop placement,1,2,https://www.youtube.com/watch?v=7HD5ZG2MmeQ,Ugx2NyAOx_BfJc_aXGV4AaABAg,"Short (trả lời comment): “That’s a bad entry and stop placement” → 3 điểm xác nhận trước khi vào lệnh, demo trên chart.",run_gold_price_action_trading,Backlog
PP-0583,2.492,strategy_rules,strategy_rules,This strategy works,1,2,https://www.youtube.com/watch?v=XBcMiYK7qYY,Ugz9l7mD0mhE4GxQU0t4AaABAg,"Short (trả lời comment): “This strategy works” → chiến lược này dùng khung nào, áp dụng ra sao trong 60 giây.",run_gold_scalping_strategy,Backlog
PP-0584,2.443,risk_management|entry_timing|education_gap,risk_management,entry timing explained really well… focusing on risk-reward instead of just direction makes a big difference.,1,0,https://www.youtube.com/watch?v=IyrbbmKv3RE,UgwumaVlZRPdME7_RSF4AaABAg,Short (trả lời comment): mở bằng “entry timing explained really well… focusing on risk-reward instead of just dire” → 3 bước quản lý vốn/stop loss cho XAUUSD.,run_forex_entry_confirmation,Backlog
PP-0585,2.443,risk_management|strategy_rules|education_gap,risk_management,brother awsome vedio all I want to know the name ok the indicator which shows the risk to reward ratio,1,0,https://www.youtube.com/watch?v=_D1MYH6D7jc,UgyhXVDjzJUV4FOg-MZ4AaABAg,Short (trả lời comment): mở bằng “brother awsome vedio all I want to know the name ok the indicator which shows th” → 3 bước quản lý vốn/stop loss cho XAUUSD.,run_forex_risk_management_stop_loss,Backlog
PP-0586,2.443,risk_management|strategy_rules|psychology|education_gap,risk_management,"Getting oriented before diving into trading is crucial, especially for newcomers. I lost money in the beginning because I didn’t have the right knowledge or strategy. Everything changed after I found a course that taught me how to trade with discipline and proper risk management. $220k profit, and there’s still more profit to come next month.",1,0,https://www.youtube.com/watch?v=sK-_6uIGMck,UgyYfAadBMoTzSgi81l4AaABAg,"Short (trả lời comment): mở bằng “Getting oriented before diving into trading is crucial, especially for newcomers” → 3 bước quản lý vốn/stop loss cho XAUUSD.",run_gold_price_action_trading,Backlog
PP-0587,2.443,strategy_rules|psychology|education_gap,strategy_rules,"Making $566K is impressive, but I’m more interested in how many traders could actually follow this strategy without getting greedy.",1,0,https://www.youtube.com/watch?v=en8RMFRqSME,UgzmiK4ERyCeZYyLXpR4AaABAg,"Short (trả lời comment): “Making $566K is impressive, but I’m more interested in how many traders could ac” → chiến lược này dùng khung nào, áp dụng ra sao trong 60 giây.",run_gold_scalping_strategy,Backlog
PP-0588,2.443,strategy_rules|psychology|education_gap,strategy_rules,"Yep, it really is that simple. Rolando Mario. whole thing is about taking the basics and executing them well. It’s a “stupid simple” strategy because you don’t need to overthink it. The real key is consistency — you trade the same setup every day, sticking to the rules. Rolando Mario showed me that it’s not about chasing every move, but about being patient and disciplined with the right setup when it shows up.",1,0,https://www.youtube.com/watch?v=_YVQN6_nkfs,Ugz5u1loSTDT4tGZae54AaABAg.AbNle1a-D8zAbNmO7uM9f3,"Short (trả lời comment): “Yep, it really is that simple. Rolando Mario. whole thing is about taking the ba” → chiến lược này dùng khung nào, áp dụng ra sao trong 60 giây.",run_how_to_trade_gold_for_beginners,Backlog
PP-0589,2.349,entry_timing,entry_timing,I love this guy method of teaching. And teacher and an entertainer as well 😂 More wisdom to u bro❤,2,0,https://www.youtube.com/watch?v=kis7l0y1JUg,UgwSo3NtuYP4iSxyTxh4AaABAg,"Short (trả lời comment): “I love this guy method of teaching. And teacher and an entertainer as well 😂 Mor” → 3 điểm xác nhận trước khi vào lệnh, demo trên chart.",run_forex_entry_confirmation,Backlog
PP-0590,2.349,risk_management,risk_management,"@AnitaCacoa I agree, that's the more reason I prefer my day to day investment decisions being guided by an advisor seeing that their entire skillset is built around going long and short at the same time both employing risk for its asymmetrical upside and laying off risk as a hedge against the inevitable downward turns, coupled with the exclusive information/analysis they have, it's near impossible to not out-perform, been using my advisor for over 2years+ and I've netted over 2.8million.",2,0,https://www.youtube.com/watch?v=kis7l0y1JUg,UgwneFAHvtmnsXRpQst4AaABAg.9vK7V6OMaOv9vK7fnJAKO9,"Short (trả lời comment): mở bằng “@AnitaCacoa I agree, that's the more reason I prefer my day to day investment de” → 3 bước quản lý vốn/stop loss cho XAUUSD.",run_forex_entry_confirmation,Backlog
PP-0591,2.349,education_gap,education_gap,"That's exactly what you did today (February 12, 2026): two losses, and after those two losses, the ideal configuration happened, and resulting in a profit. (Sorry for the mistakes, I'm from Brazil and I don't speak English).",2,0,https://www.youtube.com/watch?v=taBdnsItyiI,Ugx8FnZB6bu5U-XXqgh4AaABAg,"Short (trả lời comment): “That's exactly what you did today (February 12, 2026): two losses, and after tho” → giải thích cực gọn cho người mới trong 45 giây.",run_forex_entry_confirmation,Backlog
PP-0592,2.349,education_gap,education_gap,"Omg same, all these ""traders"" uses the fancy lingo when us beginners dunno what happening 😭😂",2,0,https://www.youtube.com/watch?v=kis7l0y1JUg,UgzDjI6Z_fkJpKCeqHN4AaABAg.9ly8MqabOjZA4iAHQS1sNG,"Short (trả lời comment): “Omg same, all these ""traders"" uses the fancy lingo when us beginners dunno what ” → giải thích cực gọn cho người mới trong 45 giây.",run_forex_entry_confirmation,Backlog
PP-0593,2.349,entry_timing,entry_timing,"Gampang banget ms. Kuncinya disiplin. Coba buat rule entry misalnya hny entry di hari Senin saja, selain hr itu TDK entry jd selama 1 bulan hny entry sebanyak 4x, atau bs jg misalnya hny entry dihari Selasa saja selain Selasa TDK entry. Gunakan RR minimal 1:1 klo dpt diatas itu bagus, silahkan BACKTEST dulu sendri metodenya biar tau rasio winratenya brp biar nanti gak kaget klo pas Dateng hari lossnya",2,0,https://www.youtube.com/watch?v=v_8HUVzO-rw,UgwR3WM8Zq_J8OVwMRx4AaABAg.AGCQR3mDn4aAH5qU-IKRe-,"Short (trả lời comment): “Gampang banget ms. Kuncinya disiplin. Coba buat rule entry misalnya hny entry di” → 3 điểm xác nhận trước khi vào lệnh, demo trên chart.",run_forex_risk_management_stop_loss,Backlog
PP-0594,2.349,broker_platform,broker_platform,Assalamualaikum Mas Rekomendasi Broker Trader Mas,2,0,https://www.youtube.com/watch?v=v_8HUVzO-rw,UgxQ2T4gKIpCAsVMwZF4AaABAg,Short (trả lời comment): “Assalamualaikum Mas Rekomendasi Broker Trader Mas” → spread/slippage/sàn cần kiểm tra gì trước khi chọn broker.,run_forex_risk_management_stop_loss,Backlog
PP-0595,2.349,education_gap,education_gap,I’m 5 days into trading and this hear just explained so much after watching live day trading 🤣,2,0,https://www.youtube.com/watch?v=JrDNeM9p2J4,UgxiRstjs2kR6xalg914AaABAg,Short (trả lời comment): “I’m 5 days into trading and this hear just explained so much after watching live” → giải thích cực gọn cho người mới trong 45 giây.,run_forex_risk_management_stop_loss,Backlog
PP-0596,2.349,risk_management,risk_management,Reward-Risk Ratio goes down 😅,2,0,https://www.youtube.com/watch?v=JrDNeM9p2J4,Ugxv2v6Ve3TZ3_UNzAN4AaABAg,Short (trả lời comment): mở bằng “Reward-Risk Ratio goes down 😅” → 3 bước quản lý vốn/stop loss cho XAUUSD.,run_forex_risk_management_stop_loss,Backlog
PP-0597,2.349,risk_management,risk_management,"Sl 2 dolar tp5 dolar,",2,0,https://www.youtube.com/watch?v=v_8HUVzO-rw,Ugz8av9RyFVjpR8k8nF4AaABAg,"Short (trả lời comment): mở bằng “Sl 2 dolar tp5 dolar,” → 3 bước quản lý vốn/stop loss cho XAUUSD.",run_forex_risk_management_stop_loss,Backlog
PP-0598,2.349,education_gap,education_gap,This approaches is for traders who knows what they are doing and they know what they're looking for in the market,2,0,https://www.youtube.com/watch?v=Dyg4lZo89sM,UgziLg4e4_r2VPFA2SN4AaABAg.AFl2DYb72iFAOhjtwqbmTX,Short (trả lời comment): “This approaches is for traders who knows what they are doing and they know what ” → giải thích cực gọn cho người mới trong 45 giây.,run_forex_risk_management_stop_loss,Backlog
PP-0599,2.349,education_gap,education_gap,"Alot of theory only, you should show live on charts how to apply what you say to trade xauusd for beginners...especially swing buys as gold always goes up. Images are worth more than 1000 words!",2,0,https://www.youtube.com/watch?v=MKJz4yURCEs,UgwRxWGIvfTcKm3UdA14AaABAg,"Short (trả lời comment): “Alot of theory only, you should show live on charts how to apply what you say to” → giải thích cực gọn cho người mới trong 45 giây.",run_gold_price_action_trading,Backlog
PP-0600,2.349,strategy_rules,strategy_rules,In fact it is a jenious setup indeed!!!,2,0,https://www.youtube.com/watch?v=sK-_6uIGMck,Ugwy3XC7Ynr6ZEOGdGt4AaABAg,"Short (trả lời comment): “In fact it is a jenious setup indeed!!!” → chiến lược này dùng khung nào, áp dụng ra sao trong 60 giây.",run_gold_price_action_trading,Backlog
PP-0601,2.349,strategy_rules,strategy_rules,This strategy cooks,2,0,https://www.youtube.com/watch?v=MKJz4yURCEs,Ugxh71bLyiulZ1Rx2Ih4AaABAg,"Short (trả lời comment): “This strategy cooks” → chiến lược này dùng khung nào, áp dụng ra sao trong 60 giây.",run_gold_price_action_trading,Backlog
PP-0602,2.349,strategy_rules,strategy_rules,People have different strategy bt I would have waited for the bos on the hl,2,0,https://www.youtube.com/watch?v=sK-_6uIGMck,UgyH7aiPr8zbolzNFcx4AaABAg,"Short (trả lời comment): “People have different strategy bt I would have waited for the bos on the hl” → chiến lược này dùng khung nào, áp dụng ra sao trong 60 giây.",run_gold_price_action_trading,Backlog
PP-0603,2.349,strategy_rules,strategy_rules,I wouldve taken that OB retest and targeted session highs. That's my strategy,2,0,https://www.youtube.com/watch?v=7HD5ZG2MmeQ,UgyMBFRAgWYcBt_aZKJ4AaABAg,"Short (trả lời comment): “I wouldve taken that OB retest and targeted session highs. That's my strategy” → chiến lược này dùng khung nào, áp dụng ra sao trong 60 giây.",run_gold_price_action_trading,Backlog
PP-0604,2.349,strategy_rules,strategy_rules,The indicator is not free 😢,2,0,https://www.youtube.com/watch?v=3E7k47dZeWk,UgyW8FUeRh7UnV_Q2Mx4AaABAg.AILl4Xl0aN2AXfCofKHRux,"Short (trả lời comment): “The indicator is not free 😢” → chiến lược này dùng khung nào, áp dụng ra sao trong 60 giây.",run_gold_price_action_trading,Backlog
PP-0605,2.349,strategy_rules,strategy_rules,If it gold or any other pair sir you always provide us easy and relax methods to trade thank you Sir pat so I got one more pure perfect strategy this can our early Christmas gift You are our Santa 🎉,2,0,https://www.youtube.com/watch?v=nCBF6wrOKic,UgwW4vsLy51j8sQgHmh4AaABAg,"Short (trả lời comment): “If it gold or any other pair sir you always provide us easy and relax methods to” → chiến lược này dùng khung nào, áp dụng ra sao trong 60 giây.",run_gold_scalping_strategy,Backlog
PP-0606,2.349,education_gap,education_gap,"Next video, how to identify swing low swing high in a choppy market on indices, nas100 for example",2,0,https://www.youtube.com/watch?v=xXy2CBssQQA,Ugx5EuvGYc5SUSHb4dJ4AaABAg,"Short (trả lời comment): “Next video, how to identify swing low swing high in a choppy market on indices, ” → giải thích cực gọn cho người mới trong 45 giây.",run_gold_scalping_strategy,Backlog
PP-0607,2.349,education_gap,education_gap,WHAT IF I TELL YOU YOU ARE THE GOAT OF trade,2,0,https://www.youtube.com/watch?v=xXy2CBssQQA,UgxULBeqnglAgfMOWDp4AaABAg,Short (trả lời comment): “WHAT IF I TELL YOU YOU ARE THE GOAT OF trade” → giải thích cực gọn cho người mới trong 45 giây.,run_gold_scalping_strategy,Backlog
PP-0608,2.349,strategy_rules,strategy_rules,Time need everything no any mentor no any strategy only time,2,0,https://www.youtube.com/watch?v=xXy2CBssQQA,Ugxmcl63e3_pP2Q4ypp4AaABAg.AYMNWsKd14KAZe1Vh5rSS8,"Short (trả lời comment): “Time need everything no any mentor no any strategy only time” → chiến lược này dùng khung nào, áp dụng ra sao trong 60 giây.",run_gold_scalping_strategy,Backlog
PP-0609,2.349,strategy_rules,strategy_rules,This video is still valuable in 2025 before Jan 1 2026. Thank you in advance skilled day trader and now have another strategy. LIKE AND SUBSCRIBED,2,0,https://www.youtube.com/watch?v=XBcMiYK7qYY,Ugzongmh-O_BLvkF1sR4AaABAg,"Short (trả lời comment): “This video is still valuable in 2025 before Jan 1 2026. Thank you in advance ski” → chiến lược này dùng khung nào, áp dụng ra sao trong 60 giây.",run_gold_scalping_strategy,Backlog
PP-0610,2.349,strategy_rules,strategy_rules,my exact strategy 🤑 it definitely works,2,0,https://www.youtube.com/watch?v=en8RMFRqSME,UgzssOOaghpLKqEta794AaABAg,"Short (trả lời comment): “my exact strategy 🤑 it definitely works” → chiến lược này dùng khung nào, áp dụng ra sao trong 60 giây.",run_gold_scalping_strategy,Backlog
PP-0611,2.349,risk_management,risk_management,"@Dennisjorgensen1234 So, my profit loss ratio in last two days is 5:0, but my account is overrall in loss. Wait 6 months...Again it wasn't rude it was honest. Let's assume that you follow Davids advices, 5% risk for every trade, 12/1 ratio means 55% in two days (just take 5% profit but if you listen to David at least 110% profit). In six months world will be without money. Mathematics...Again I wasn't rude just honest. And congratulations, good work but be very careful. Easy comes easy goes👍",2,0,https://www.youtube.com/watch?v=udvUjY5YLwo,Ugwjc3qdQS_tmUrMKv14AaABAg.9Ev9HJ6bQEv9EvFm0aknt0,"Short (trả lời comment): mở bằng “@Dennisjorgensen1234 So, my profit loss ratio in last two days is 5:0, but my ac” → 3 bước quản lý vốn/stop loss cho XAUUSD.",run_how_to_trade_gold_for_beginners,Backlog
PP-0612,2.349,education_gap,education_gap,Returning for your nuggets of brilliance again! Gold has been on my radar but felt burnt once so I stayed away... Now you’re simplifying it to lowest 30min chart 😮 I’m gonna try this one! Knowing it’s going to be a win cos you have shown your best on every video and each time it’s been nothing less than a win 🏆 🎉,2,0,https://www.youtube.com/watch?v=X82qlU1cgLI,UgwnGRQOXL43z4_EhFN4AaABAg,Short (trả lời comment): “Returning for your nuggets of brilliance again! Gold has been on my radar but fe” → giải thích cực gọn cho người mới trong 45 giây.,run_how_to_trade_gold_for_beginners,Backlog
PP-0613,2.349,strategy_rules,strategy_rules,Pop up notifications always on…strategy always on point!!!!🔥🔥💯….started even trading boom and crash low key 📌📌🙏🏾synthetics after that video….this week gold analysis was on another level 💣💣,2,0,https://www.youtube.com/watch?v=X82qlU1cgLI,Ugx7BujbB08n9kuOKZZ4AaABAg,"Short (trả lời comment): “Pop up notifications always on…strategy always on point!!!!🔥🔥💯….started even tra” → chiến lược này dùng khung nào, áp dụng ra sao trong 60 giây.",run_how_to_trade_gold_for_beginners,Backlog
PP-0614,2.349,education_gap,education_gap,What is the symbol for Gold traded on TD Ameritrade and do you know how much the minimum to trade Gold online. Thanks. Beginner,2,0,https://www.youtube.com/watch?v=udvUjY5YLwo,UgzkIsxJGJaKVm_7XZl4AaABAg,Short (trả lời comment): “What is the symbol for Gold traded on TD Ameritrade and do you know how much the” → giải thích cực gọn cho người mới trong 45 giây.,run_how_to_trade_gold_for_beginners,Backlog
PP-0615,2.349,strategy_rules,strategy_rules,Bro your strategy is working like mad🔥🔥🔥🔥🔥🔥,2,0,https://www.youtube.com/watch?v=AY7fWmE1CBk,UgwKZ0TC62Pk4oehqeR4AaABAg,"Short (trả lời comment): “Bro your strategy is working like mad🔥🔥🔥🔥🔥🔥” → chiến lược này dùng khung nào, áp dụng ra sao trong 60 giây.",run_XAUUSD_trading_strategy,Backlog
PP-0616,2.349,risk_management,risk_management,in 6:24 you should place the Risk/Reward at bottom of the big RED candle but you put it above it !!!,2,0,https://www.youtube.com/watch?v=AY7fWmE1CBk,UgxtR0hMzwKrZxQLpUh4AaABAg,Short (trả lời comment): mở bằng “in 6:24 you should place the Risk/Reward at bottom of the big RED candle but you” → 3 bước quản lý vốn/stop loss cho XAUUSD.,run_XAUUSD_trading_strategy,Backlog
PP-0617,2.29,education_gap,education_gap,"HI，In this example, why didn't go short when the candle closed below the CISD, but instead waited for a pullback",1,1,https://www.youtube.com/watch?v=taBdnsItyiI,UgxMUdE3ESNJldcTOG54AaABAg,"Short (trả lời comment): “HI，In this example, why didn't go short when the candle closed below the CISD, b” → giải thích cực gọn cho người mới trong 45 giây.",run_forex_entry_confirmation,Backlog
PP-0618,2.29,broker_platform,broker_platform,"Mas tama tolong buatin tutor money managementnya dong sama spread saya masih agak bingung disana, ty 🙏",1,1,https://www.youtube.com/watch?v=vRoToHC9STU,Ugxz9tTBizMhvuE_K-t4AaABAg,Short (trả lời comment): “Mas tama tolong buatin tutor money managementnya dong sama spread saya masih aga” → spread/slippage/sàn cần kiểm tra gì trước khi chọn broker.,run_forex_entry_confirmation,Backlog
PP-0619,2.29,risk_management,risk_management,Sukses terus untuk. Mas risky.. dan semoga sehat selalu.. 🙏🙏,1,1,https://www.youtube.com/watch?v=vRoToHC9STU,Ugzud4yqerf1v1byS0t4AaABAg,Short (trả lời comment): mở bằng “Sukses terus untuk. Mas risky.. dan semoga sehat selalu.. 🙏🙏” → 3 bước quản lý vốn/stop loss cho XAUUSD.,run_forex_entry_confirmation,Backlog
PP-0620,2.29,risk_management,risk_management,"Makasih banyak loh mas penjelasannya, saya awalnya males nerapin SL karena anti CL-CL Club meski udah kehilangan duit lumayan banyak di trading, tapi setelah mendengarkan ini dan masuk akal, saya berani untuk melakukan SL.",1,1,https://www.youtube.com/watch?v=smtAdlhwFHA,UgwVQ7wjvqXgQkg-LIJ4AaABAg,"Short (trả lời comment): mở bằng “Makasih banyak loh mas penjelasannya, saya awalnya males nerapin SL karena anti ” → 3 bước quản lý vốn/stop loss cho XAUUSD.",run_forex_risk_management_stop_loss,Backlog
PP-0621,2.29,risk_management,risk_management,"Aku mau tanya serius, Kalau misal pake RR 1:2 Atau Risk 1% kenapa ya kok sering terkena SL, Justru kalau SL aku pasang agak jauh lebih dari 1% malah sering profit",1,1,https://www.youtube.com/watch?v=v_8HUVzO-rw,UgyGmpGr9qkX6JNyIoZ4AaABAg,"Short (trả lời comment): mở bằng “Aku mau tanya serius, Kalau misal pake RR 1:2 Atau Risk 1% kenapa ya kok sering ” → 3 bước quản lý vốn/stop loss cho XAUUSD.",run_forex_risk_management_stop_loss,Backlog
PP-0622,2.29,broker_platform,broker_platform,bang tolong bagiin broker dan penjelasan untuk broker yg anda pakai😊,1,1,https://www.youtube.com/watch?v=smtAdlhwFHA,UgyfFPVic4CMxpV0gyd4AaABAg,Short (trả lời comment): “bang tolong bagiin broker dan penjelasan untuk broker yg anda pakai😊” → spread/slippage/sàn cần kiểm tra gì trước khi chọn broker.,run_forex_risk_management_stop_loss,Backlog
PP-0623,2.29,risk_management,risk_management,"Udah nerapin risk management terjaga, semua saya mau berterimakasih ke mas Tama trimakasih mas Tama, ternyata setelah menjaga risk dan money management, margin call itu sangat mustahil 🎉",1,1,https://www.youtube.com/watch?v=v_8HUVzO-rw,Ugz9okhTuKwmIDQfZHt4AaABAg,"Short (trả lời comment): mở bằng “Udah nerapin risk management terjaga, semua saya mau berterimakasih ke mas Tama ” → 3 bước quản lý vốn/stop loss cho XAUUSD.",run_forex_risk_management_stop_loss,Backlog
PP-0624,2.29,education_gap,education_gap,Though I don't trade gold I'm going to apply these methods to what I do trade.,1,1,https://www.youtube.com/watch?v=MKJz4yURCEs,UgwIbtWfDGg6R8MTBbB4AaABAg,Short (trả lời comment): “Though I don't trade gold I'm going to apply these methods to what I do trade.” → giải thích cực gọn cho người mới trong 45 giây.,run_gold_price_action_trading,Backlog
PP-0625,2.29,strategy_rules,strategy_rules,I need indicator plzzz,1,1,https://www.youtube.com/watch?v=3E7k47dZeWk,UgxdBepTuiCTz5388A94AaABAg,"Short (trả lời comment): “I need indicator plzzz” → chiến lược này dùng khung nào, áp dụng ra sao trong 60 giây.",run_gold_price_action_trading,Backlog
PP-0626,2.29,strategy_rules,strategy_rules,Please share strategy setup,1,1,https://www.youtube.com/watch?v=3E7k47dZeWk,UgxlUXbMDS8PnQ2i6EJ4AaABAg,"Short (trả lời comment): “Please share strategy setup” → chiến lược này dùng khung nào, áp dụng ra sao trong 60 giây.",run_gold_price_action_trading,Backlog
PP-0627,2.29,strategy_rules,strategy_rules,Any honest review about this indicator from users who have actually used this indicator.,1,1,https://www.youtube.com/watch?v=3E7k47dZeWk,Ugy3JDuwGqeYS204i2d4AaABAg,"Short (trả lời comment): “Any honest review about this indicator from users who have actually used this in” → chiến lược này dùng khung nào, áp dụng ra sao trong 60 giây.",run_gold_price_action_trading,Backlog
PP-0628,2.29,strategy_rules,strategy_rules,simple strategy 😃,1,1,https://www.youtube.com/watch?v=MKJz4yURCEs,Ugz7ol4eaZh6xUFfecB4AaABAg,"Short (trả lời comment): “simple strategy 😃” → chiến lược này dùng khung nào, áp dụng ra sao trong 60 giây.",run_gold_price_action_trading,Backlog
PP-0629,2.29,strategy_rules,strategy_rules,your orb strategy is insane brooo,1,1,https://www.youtube.com/watch?v=nCBF6wrOKic,UgweD5XVKdlrZPIkBZV4AaABAg,"Short (trả lời comment): “your orb strategy is insane brooo” → chiến lược này dùng khung nào, áp dụng ra sao trong 60 giây.",run_gold_scalping_strategy,Backlog
PP-0630,2.29,education_gap,education_gap,All your strategies are great. I'm just going to test it out and keep monitoring it. I am grateful to have you around to teach us how to do good work to make a profit and learn new market strategies. Thank you very much again.,1,1,https://www.youtube.com/watch?v=XBcMiYK7qYY,Ugwha8EUtCkVWwywgrZ4AaABAg,Short (trả lời comment): “All your strategies are great. I'm just going to test it out and keep monitoring” → giải thích cực gọn cho người mới trong 45 giây.,run_gold_scalping_strategy,Backlog
PP-0631,2.29,strategy_rules,strategy_rules,i will code this strategy to make it easy and check the real results,1,1,https://www.youtube.com/watch?v=XBcMiYK7qYY,UgyZNCmLb7KoXojkeaZ4AaABAg,"Short (trả lời comment): “i will code this strategy to make it easy and check the real results” → chiến lược này dùng khung nào, áp dụng ra sao trong 60 giây.",run_gold_scalping_strategy,Backlog
PP-0632,2.29,education_gap,education_gap,Should we trade if market price is 1738 and it shows that in near future it may come to 1728.. and another scenario if it shows price will come to 1755,1,1,https://www.youtube.com/watch?v=udvUjY5YLwo,Ugymc69xvjqhRqsMAmZ4AaABAg,Short (trả lời comment): “Should we trade if market price is 1738 and it shows that in near future it may ” → giải thích cực gọn cho người mới trong 45 giây.,run_how_to_trade_gold_for_beginners,Backlog
PP-0633,2.29,strategy_rules,strategy_rules,Price of indicator plz,1,1,https://www.youtube.com/watch?v=NW53PqrXCXA,UgwUbYk3isv-Qnl2OeF4AaABAg,"Short (trả lời comment): “Price of indicator plz” → chiến lược này dùng khung nào, áp dụng ra sao trong 60 giây.",run_XAUUSD_trading_strategy,Backlog
PP-0634,2.29,strategy_rules,strategy_rules,Indicator,1,1,https://www.youtube.com/watch?v=NW53PqrXCXA,UgwjG8mjb_XniKL2mV14AaABAg,"Short (trả lời comment): “Indicator” → chiến lược này dùng khung nào, áp dụng ra sao trong 60 giây.",run_XAUUSD_trading_strategy,Backlog
PP-0635,2.25,strategy_rules,strategy_rules,Which indicator? I would love to buy it.,0,0,https://www.youtube.com/watch?v=IyrbbmKv3RE,Ugw0JkGiYxeEf04oxth4AaABAg.9fJlDKGSmSY9fKzWRWFWOM,"Short (trả lời comment): “Which indicator? I would love to buy it.” → chiến lược này dùng khung nào, áp dụng ra sao trong 60 giây.",run_forex_entry_confirmation,Backlog
PP-0636,2.25,other_question_or_pain,other_question_or_pain,Do you have a copy trade sir?,0,0,https://www.youtube.com/watch?v=4tFcM7NcefU,Ugw3BCzT7FnuoLvVRO14AaABAg,Short (trả lời comment): “Do you have a copy trade sir?” → câu trả lời thẳng + 1 bước hành động ngay.,run_forex_entry_confirmation,Backlog
PP-0637,2.25,other_question_or_pain,other_question_or_pain,Spot on. This is my biggest problem. I end up making the big trade I wanted but lose half of the profits because I got in to early and was already down on the day.,0,0,https://www.youtube.com/watch?v=taBdnsItyiI,Ugw89zo2W81RKatmXbB4AaABAg,Short (trả lời comment): “Spot on. This is my biggest problem. I end up making the big trade I wanted but ” → câu trả lời thẳng + 1 bước hành động ngay.,run_forex_entry_confirmation,Backlog
PP-0638,2.25,other_question_or_pain,other_question_or_pain,"Sir, can we call this as also another way of backtesting?",0,0,https://www.youtube.com/watch?v=FccA87INVUE,UgwBGPrm08nbZp0aWlZ4AaABAg,"Short (trả lời comment): “Sir, can we call this as also another way of backtesting?” → câu trả lời thẳng + 1 bước hành động ngay.",run_forex_entry_confirmation,Backlog
PP-0639,2.25,other_question_or_pain,other_question_or_pain,Om itu pakai trading view kah?,0,0,https://www.youtube.com/watch?v=vRoToHC9STU,UgwLvwnuPziunOlL4T94AaABAg.9al_hQs1HtQ9ala4X_SOVs,Short (trả lời comment): “Om itu pakai trading view kah?” → câu trả lời thẳng + 1 bước hành động ngay.,run_forex_entry_confirmation,Backlog
PP-0640,2.25,other_question_or_pain,other_question_or_pain,this was super helpful for my trading,0,0,https://www.youtube.com/watch?v=tS9o8aQjADY,UgwNIwrl5WMJDT_za7d4AaABAg,Short (trả lời comment): “this was super helpful for my trading” → câu trả lời thẳng + 1 bước hành động ngay.,run_forex_entry_confirmation,Backlog
PP-0641,2.25,education_gap,education_gap,*Chris James Cooks*~ really appreciate him. he's one of the smartest and most supportive mentor I've ever learned from. His mindset and the way he explains things really helped me a lot,0,0,https://www.youtube.com/watch?v=tS9o8aQjADY,UgwhFJlFfZ00syPQaP14AaABAg.AYlh5Vi3S_-AYlph8Ay04z,Short (trả lời comment): “*Chris James Cooks*~ really appreciate him. he's one of the smartest and most su” → giải thích cực gọn cho người mới trong 45 giây.,run_forex_entry_confirmation,Backlog
PP-0642,2.25,broker_platform,broker_platform,"JUDITH LEKA RILEY is the analyst/brokerage-adviser,,,, . She has been of great,,,,,, help and her tutelage,,,,, has,,,,,, brought,,,,, me to a higher,,,,,,,,,, understanding,,,,, of profit generation. You,,,,, can look up her name on,,,,,,, the net for,,,,,, her page and reach out. She Understands the job perfectly.",0,0,https://www.youtube.com/watch?v=kis7l0y1JUg,UgwlqFYuBy8uEZcXzml4AaABAg.9lRpcD5rj7m9lRsOUrmGkN,"Short (trả lời comment): “JUDITH LEKA RILEY is the analyst/brokerage-adviser,,,, . She has been of great,,” → spread/slippage/sàn cần kiểm tra gì trước khi chọn broker.",run_forex_entry_confirmation,Backlog
PP-0643,2.25,entry_timing,entry_timing,"After the MSS on the lower TF, does price have to trade back to the POI before taking an entry?",0,0,https://www.youtube.com/watch?v=FccA87INVUE,UgwsyRO0f3sFTn-hbbR4AaABAg,"Short (trả lời comment): “After the MSS on the lower TF, does price have to trade back to the POI before t” → 3 điểm xác nhận trước khi vào lệnh, demo trên chart.",run_forex_entry_confirmation,Backlog
PP-0644,2.25,other_question_or_pain,other_question_or_pain,Is that mss valid ? LH is formed inside precious red candle. So I think it's not Valid.,0,0,https://www.youtube.com/watch?v=FccA87INVUE,Ugx0e_rfKMFuac9bDSx4AaABAg,Short (trả lời comment): “Is that mss valid ? LH is formed inside precious red candle. So I think it's not” → câu trả lời thẳng + 1 bước hành động ngay.,run_forex_entry_confirmation,Backlog
PP-0645,2.25,education_gap,education_gap,"Hello am from Wales, my partner just approved my trading... Can I write her directly on WA I would like to work with your trader, how can I connect with her?",0,0,https://www.youtube.com/watch?v=kis7l0y1JUg,Ugx3V_6p_8nkxSIABiZ4AaABAg.9hLKTwHE3Kx9hLVG8e2txQ,"Short (trả lời comment): “Hello am from Wales, my partner just approved my trading... Can I write her dire” → giải thích cực gọn cho người mới trong 45 giây.",run_forex_entry_confirmation,Backlog
PP-0646,2.25,other_question_or_pain,other_question_or_pain,the 4hr trading liquidity sweeps have been helping so much. today was a clean move,0,0,https://www.youtube.com/watch?v=tS9o8aQjADY,UgxPOGLwZyiGXQn31T94AaABAg.AUf--YtCCttAY84froQmnf,Short (trả lời comment): “the 4hr trading liquidity sweeps have been helping so much. today was a clean mo” → câu trả lời thẳng + 1 bước hành động ngay.,run_forex_entry_confirmation,Backlog
PP-0647,2.25,education_gap,education_gap,How are you doing this stuffs? It is easy for you to read candle stick.,0,0,https://www.youtube.com/watch?v=4tFcM7NcefU,UgxSIKTg8v9w-ezueuB4AaABAg,Short (trả lời comment): “How are you doing this stuffs? It is easy for you to read candle stick.” → giải thích cực gọn cho người mới trong 45 giây.,run_forex_entry_confirmation,Backlog
PP-0648,2.25,education_gap,education_gap,Good afternoon I just joined your telegram group can't wait to start understanding how to trade been following your steps I basically got your stuff saved in my YouTube LOL,0,0,https://www.youtube.com/watch?v=kis7l0y1JUg,UgxifVbX99chPwJyWwV4AaABAg,Short (trả lời comment): “Good afternoon I just joined your telegram group can't wait to start understandi” → giải thích cực gọn cho người mới trong 45 giây.,run_forex_entry_confirmation,Backlog
PP-0649,2.25,other_question_or_pain,other_question_or_pain,Can all this forex analysis work on cryptocurrency also?,0,0,https://www.youtube.com/watch?v=FccA87INVUE,UgxkGFGFCJCgrO0OW9V4AaABAg,Short (trả lời comment): “Can all this forex analysis work on cryptocurrency also?” → câu trả lời thẳng + 1 bước hành động ngay.,run_forex_entry_confirmation,Backlog
PP-0650,2.25,other_question_or_pain,other_question_or_pain,"Interesting, I have a lump sum doing absolutely nothing at all in my bank account, I wanna get something started with it. You seem to be doing excellent for yourself. Do you trade on your own?",0,0,https://www.youtube.com/watch?v=kis7l0y1JUg,Ugxv9wWI-iRHBUcYn3V4AaABAg.9gMVm8-F9lM9gMWK14Tzzv,"Short (trả lời comment): “Interesting, I have a lump sum doing absolutely nothing at all in my bank accoun” → câu trả lời thẳng + 1 bước hành động ngay.",run_forex_entry_confirmation,Backlog
PP-0651,2.25,education_gap,education_gap,"⁠@Xavi_025yeah on high time frame it may look like a wick, basically after price accumulates price will have one last move up and then distribute in the opposite direction you will see in his Market maker model it’s the last move up or last move down every time and it usually is going to cross an area where liquidity is. Hope this helps I may suck at explaining",0,0,https://www.youtube.com/watch?v=taBdnsItyiI,Ugxx4t3TJOeHatLnFgJ4AaABAg.AOLk8p1PIaZAOM7pl_0SjU,"Short (trả lời comment): “⁠@Xavi_025yeah on high time frame it may look like a wick, basically after price” → giải thích cực gọn cho người mới trong 45 giây.",run_forex_entry_confirmation,Backlog
PP-0652,2.25,other_question_or_pain,other_question_or_pain,i have a question:like do you trade sessions liquidity in alighnment to your analysis???,0,0,https://www.youtube.com/watch?v=taBdnsItyiI,Ugy_Om7aK-nAN5WMYUZ4AaABAg,Short (trả lời comment): “i have a question:like do you trade sessions liquidity in alighnment to your ana” → câu trả lời thẳng + 1 bước hành động ngay.,run_forex_entry_confirmation,Backlog
PP-0653,2.25,other_question_or_pain,other_question_or_pain,"this helped me a lot, thanks for sharing",0,0,https://www.youtube.com/watch?v=tS9o8aQjADY,Ugymn7X7dLmGZfsznE54AaABAg,"Short (trả lời comment): “this helped me a lot, thanks for sharing” → câu trả lời thẳng + 1 bước hành động ngay.",run_forex_entry_confirmation,Backlog
PP-0654,2.25,other_question_or_pain,other_question_or_pain,"You are real about forex trading. great content. i am Segun from Nigeria, have subscribed to your channel. which of your video can i start with as a beginner?",0,0,https://www.youtube.com/watch?v=kis7l0y1JUg,UgyngGf091eFDbwkn614AaABAg,"Short (trả lời comment): “You are real about forex trading. great content. i am Segun from Nigeria, have s” → câu trả lời thẳng + 1 bước hành động ngay.",run_forex_entry_confirmation,Backlog
PP-0655,2.25,other_question_or_pain,other_question_or_pain,@Diorinni just like to hear his voice and watch him for fun.:) as far i backtested some of his strategies i dont have issues at all.,0,0,https://www.youtube.com/watch?v=IyrbbmKv3RE,Ugz0R94CijWGbZ4SGC94AaABAg.9fMWCZaPrlA9tw9grCS23U,Short (trả lời comment): “@Diorinni just like to hear his voice and watch him for fun.:) as far i backtest” → câu trả lời thẳng + 1 bước hành động ngay.,run_forex_entry_confirmation,Backlog
PP-0656,2.25,education_gap,education_gap,"Haha, that's exactly the topic I'm currently learning. It's incredible how your videos always connect with my own path. It helps me a lot. You're the best trading teacher here on YouTube.",0,0,https://www.youtube.com/watch?v=taBdnsItyiI,Ugz2U6G1czlXlnUfPFl4AaABAg,"Short (trả lời comment): “Haha, that's exactly the topic I'm currently learning. It's incredible how your ” → giải thích cực gọn cho người mới trong 45 giây.",run_forex_entry_confirmation,Backlog
PP-0657,2.25,education_gap,education_gap,"Hey bro, just wanted to say, love and appreciate the content! I came across this video because I kept losing, however be bias and everything was correct and price action went in my direction when I got stoped out. This video really helped my because now I know to be an observer > predictor. Thanks bro, keep up with the hard work!",0,0,https://www.youtube.com/watch?v=taBdnsItyiI,Ugz2xjXRE7mj4S4PIu54AaABAg,"Short (trả lời comment): “Hey bro, just wanted to say, love and appreciate the content! I came across this” → giải thích cực gọn cho người mới trong 45 giây.",run_forex_entry_confirmation,Backlog
PP-0658,2.25,other_question_or_pain,other_question_or_pain,"Hello, Does your signal chanel exist?",0,0,https://www.youtube.com/watch?v=kis7l0y1JUg,UgzDsxav9oZBZ7VHRiV4AaABAg.9fflTZMy7Oi9nhH3acB1sv,"Short (trả lời comment): “Hello, Does your signal chanel exist?” → câu trả lời thẳng + 1 bước hành động ngay.",run_forex_entry_confirmation,Backlog
PP-0659,2.25,broker_platform,broker_platform,You are right but the market is profiting if you are using really a good broker or account manager to help out with trades or provide signals,0,0,https://www.youtube.com/watch?v=kis7l0y1JUg,UgzNJQCKPR89XLwADKN4AaABAg.9hz_zTBCjhc9hza7F3g2MN,Short (trả lời comment): “You are right but the market is profiting if you are using really a good broker ” → spread/slippage/sàn cần kiểm tra gì trước khi chọn broker.,run_forex_entry_confirmation,Backlog
PP-0660,2.25,other_question_or_pain,other_question_or_pain,"​@Patrick Ericsson Wow you really know expert Bridget...? She has been trading for me, her strategies are wonderful and she made me see binary and forex trade from a different dimension. I keep making profits weekly",0,0,https://www.youtube.com/watch?v=kis7l0y1JUg,UgzNJQCKPR89XLwADKN4AaABAg.9hz_zTBCjhc9hzcO2sgMTA,Short (trả lời comment): “​@Patrick Ericsson Wow you really know expert Bridget...? She has been trading f” → câu trả lời thẳng + 1 bước hành động ngay.,run_forex_entry_confirmation,Backlog
PP-0661,2.25,risk_management,risk_management,"seriously this was super helpful, thanks!",0,0,https://www.youtube.com/watch?v=tS9o8aQjADY,UgzNhOPKeiFJ7QXD1td4AaABAg,"Short (trả lời comment): mở bằng “seriously this was super helpful, thanks!” → 3 bước quản lý vốn/stop loss cho XAUUSD.",run_forex_entry_confirmation,Backlog
PP-0662,2.25,other_question_or_pain,other_question_or_pain,"this is super helpful, learned a lot",0,0,https://www.youtube.com/watch?v=tS9o8aQjADY,UgzQODVN-97CcEMibCx4AaABAg,"Short (trả lời comment): “this is super helpful, learned a lot” → câu trả lời thẳng + 1 bước hành động ngay.",run_forex_entry_confirmation,Backlog
PP-0663,2.25,education_gap,education_gap,I have incurred so much losses trading on my own..I trade well on demo. But I think the real market is manipulated. Can anyone help me out or at least tell me what I'm doing wrong,0,0,https://www.youtube.com/watch?v=kis7l0y1JUg,UgzdnjhroPSQNazXVbR4AaABAg.9nPJUKrXao09nPKsHA4K5V,Short (trả lời comment): “I have incurred so much losses trading on my own..I trade well on demo. But I th” → giải thích cực gọn cho người mới trong 45 giây.,run_forex_entry_confirmation,Backlog
PP-0664,2.25,risk_management,risk_management,Trading with an expert is really beneficial this will help you avoid losing your money on the trading market. I also trade with her and my portfolio has grown tremendously.,0,0,https://www.youtube.com/watch?v=kis7l0y1JUg,UgzeXAUHRfSqMRce6ft4AaABAg.9gO11CHenJb9gO15H3cKaO,Short (trả lời comment): mở bằng “Trading with an expert is really beneficial this will help you avoid losing your” → 3 bước quản lý vốn/stop loss cho XAUUSD.,run_forex_entry_confirmation,Backlog
PP-0665,2.25,other_question_or_pain,other_question_or_pain,"i was facing this exact issue which you addressed in this videos for the past 3 months, thanks a lot",0,0,https://www.youtube.com/watch?v=taBdnsItyiI,Ugzf2_-iu2NfYO-DasZ4AaABAg,Short (trả lời comment): “i was facing this exact issue which you addressed in this videos for the past 3 ” → câu trả lời thẳng + 1 bước hành động ngay.,run_forex_entry_confirmation,Backlog
PP-0666,2.25,strategy_rules,strategy_rules,"Amazing vudeo, keep it going, thinkijg on buying ypur indicator! Can u suggest indicator for fair value gap in t.v.?",0,0,https://www.youtube.com/watch?v=IyrbbmKv3RE,UgzgsO1X7E6HkOr3PSl4AaABAg.9fJlEhMLLej9fJo3QeapMs,"Short (trả lời comment): “Amazing vudeo, keep it going, thinkijg on buying ypur indicator! Can u suggest i” → chiến lược này dùng khung nào, áp dụng ra sao trong 60 giây.",run_forex_entry_confirmation,Backlog
PP-0667,2.25,education_gap,education_gap,How long have you been a trader?,0,0,https://www.youtube.com/watch?v=IyrbbmKv3RE,UgzgsO1X7E6HkOr3PSl4AaABAg.9fJlEhMLLej9fOr_azK8Ll,Short (trả lời comment): “How long have you been a trader?” → giải thích cực gọn cho người mới trong 45 giây.,run_forex_entry_confirmation,Backlog
PP-0668,2.25,strategy_rules,strategy_rules,Can't find indicator...,0,0,https://www.youtube.com/watch?v=IyrbbmKv3RE,Ugzr1nt7U6n7QVn2YhV4AaABAg,"Short (trả lời comment): “Can't find indicator...” → chiến lược này dùng khung nào, áp dụng ra sao trong 60 giây.",run_forex_entry_confirmation,Backlog
PP-0669,2.25,education_gap,education_gap,Vedio on short trading?? Is this halal How we can do short on binance,0,0,https://www.youtube.com/watch?v=-zrFkI1cm4o,UgwG0onzsfHiLF8cKgJ4AaABAg,Short (trả lời comment): “Vedio on short trading?? Is this halal How we can do short on binance” → giải thích cực gọn cho người mới trong 45 giây.,run_forex_risk_management_stop_loss,Backlog
PP-0670,2.25,other_question_or_pain,other_question_or_pain,Itu pakai chart apa? Seperti ninja trader,0,0,https://www.youtube.com/watch?v=smtAdlhwFHA,UgwPThX0Ip5ltiS82ZR4AaABAg,Short (trả lời comment): “Itu pakai chart apa? Seperti ninja trader” → câu trả lời thẳng + 1 bước hành động ngay.,run_forex_risk_management_stop_loss,Backlog
PP-0671,2.25,education_gap,education_gap,so how's your trading been so far mate?,0,0,https://www.youtube.com/watch?v=7f2bpEwiJCY,UgwYBNL7wL2uLNkC1w54AaABAg.9tXPwNbsTKHAJcxty9PZiB,Short (trả lời comment): “so how's your trading been so far mate?” → giải thích cực gọn cho người mới trong 45 giây.,run_forex_risk_management_stop_loss,Backlog
PP-0672,2.25,risk_management,risk_management,"Trank you for that Video, ist helps ne a lot to wirkt in my Risk Management",0,0,https://www.youtube.com/watch?v=7f2bpEwiJCY,UgwlB7ok7TQ5F_oO1dh4AaABAg,"Short (trả lời comment): mở bằng “Trank you for that Video, ist helps ne a lot to wirkt in my Risk Management” → 3 bước quản lý vốn/stop loss cho XAUUSD.",run_forex_risk_management_stop_loss,Backlog
PP-0673,2.25,risk_management,risk_management,Hafiz Sahab ap b risk manage kartay hen? Logon k paisay pe risk management kiun nahi kartay?,0,0,https://www.youtube.com/watch?v=-zrFkI1cm4o,UgwqRoGbx7s9aoypm4Z4AaABAg,Short (trả lời comment): mở bằng “Hafiz Sahab ap b risk manage kartay hen? Logon k paisay pe risk management kiun ” → 3 bước quản lý vốn/stop loss cho XAUUSD.,run_forex_risk_management_stop_loss,Backlog
PP-0674,2.25,other_question_or_pain,other_question_or_pain,"Part 2 of 2, The GOLD continued going up to close 2721 all time high yesterday. It didnot come down back to the original demand zone, hu. hu. hu. Is it demand zone valid or not? Looking foward to JeaFx lesson. Thanks & Rgds Ahmad Ishak",0,0,https://www.youtube.com/watch?v=_D1MYH6D7jc,UgwtVS2MiD_nNku700d4AaABAg,"Short (trả lời comment): “Part 2 of 2, The GOLD continued going up to close 2721 all time high yesterday. ” → câu trả lời thẳng + 1 bước hành động ngay.",run_forex_risk_management_stop_loss,Backlog
PP-0675,2.25,other_question_or_pain,other_question_or_pain,Are you trading funding account?,0,0,https://www.youtube.com/watch?v=-zrFkI1cm4o,UgxBEzxyKTVeAx6cTZd4AaABAg.A7gqpd7BOUbA7iH9312a0u,Short (trả lời comment): “Are you trading funding account?” → câu trả lời thẳng + 1 bước hành động ngay.,run_forex_risk_management_stop_loss,Backlog
PP-0676,2.25,broker_platform,broker_platform,mas tama itu pake candlestick tipe apa ya? kok beda sama di tradingview saya apa karena saya pake hp,0,0,https://www.youtube.com/watch?v=v_8HUVzO-rw,UgxLXf3DaNVyKheuxCl4AaABAg,Short (trả lời comment): “mas tama itu pake candlestick tipe apa ya? kok beda sama di tradingview saya apa” → spread/slippage/sàn cần kiểm tra gì trước khi chọn broker.,run_forex_risk_management_stop_loss,Backlog
PP-0677,2.25,other_question_or_pain,other_question_or_pain,"You trade? If so let's work together, like idea for ideas",0,0,https://www.youtube.com/watch?v=npfiV52dXoc,UgxM1kKkF5vX1MbFR9d4AaABAg.APFbD0w2A02ASaz2LAWTZm,"Short (trả lời comment): “You trade? If so let's work together, like idea for ideas” → câu trả lời thẳng + 1 bước hành động ngay.",run_forex_risk_management_stop_loss,Backlog
PP-0678,2.25,education_gap,education_gap,"Master, please how do I turn trades into a Win-Win scenario?",0,0,https://www.youtube.com/watch?v=_D1MYH6D7jc,UgxR9U8sX35gzHGNSCJ4AaABAg,"Short (trả lời comment): “Master, please how do I turn trades into a Win-Win scenario?” → giải thích cực gọn cho người mới trong 45 giây.",run_forex_risk_management_stop_loss,Backlog
PP-0679,2.25,other_question_or_pain,other_question_or_pain,Please Boss @jeafx can you make a Video of Pip Calculating ??,0,0,https://www.youtube.com/watch?v=_D1MYH6D7jc,UgxS7cY0baGbqzFKaQx4AaABAg,Short (trả lời comment): “Please Boss @jeafx can you make a Video of Pip Calculating ??” → câu trả lời thẳng + 1 bước hành động ngay.,run_forex_risk_management_stop_loss,Backlog
PP-0680,2.25,risk_management,risk_management,"Stop loss is not the problem, it's the liquidity",0,0,https://www.youtube.com/watch?v=JrDNeM9p2J4,UgxXolkAGrfpwUEeI5l4AaABAg.9lXsVjQn3j2AR9q3ToHwhl,"Short (trả lời comment): mở bằng “Stop loss is not the problem, it's the liquidity” → 3 bước quản lý vốn/stop loss cho XAUUSD.",run_forex_risk_management_stop_loss,Backlog
PP-0681,2.25,other_question_or_pain,other_question_or_pain,"Maaf mas, saya bukan member, tapi dari awal saya trading yang saya tonton itu mas tama. Jadi saya sudah menjalani 1 metode selama -+2 tahun(backtest) dan metode saya mengunakan SnR(scalping) sama seperti mas tama. Tapi saya menggunakan resiko 3% dari modal saya. Di 3 bulan pertama itu saya sudah profit 468%, menurut mas tama metode yang saya gunakan apakah sudah aman? Karena resiko saya itu di 3% per trade, mohon dibantu denganjawabannya mas🙏terimakasih banyak🙏",0,0,https://www.youtube.com/watch?v=smtAdlhwFHA,UgxjKT7yPu1Z7syI8YB4AaABAg,"Short (trả lời comment): “Maaf mas, saya bukan member, tapi dari awal saya trading yang saya tonton itu ma” → câu trả lời thẳng + 1 bước hành động ngay.",run_forex_risk_management_stop_loss,Backlog
PP-0682,2.25,entry_timing,entry_timing,entry Lene se phly aj kal bohat dar lagta hai ek bat aur main bara profit book ni kar sakta 2 .3$ per position close kar deta ?hou,0,0,https://www.youtube.com/watch?v=-zrFkI1cm4o,UgxqjcISTwFC6gD31yx4AaABAg,"Short (trả lời comment): “entry Lene se phly aj kal bohat dar lagta hai ek bat aur main bara profit book n” → 3 điểm xác nhận trước khi vào lệnh, demo trên chart.",run_forex_risk_management_stop_loss,Backlog
PP-0683,2.25,other_question_or_pain,other_question_or_pain,"Great information, it helped me a lot! One thing though, 1% of $10000 is $100 not $1000 haha @12:32",0,0,https://www.youtube.com/watch?v=7f2bpEwiJCY,Ugy6tVcQ4vdXtDy5oBl4AaABAg,"Short (trả lời comment): “Great information, it helped me a lot! One thing though, 1% of $10000 is $100 no” → câu trả lời thẳng + 1 bước hành động ngay.",run_forex_risk_management_stop_loss,Backlog
PP-0684,2.25,other_question_or_pain,other_question_or_pain,@camptrade12 That's???? her username.,0,0,https://www.youtube.com/watch?v=npfiV52dXoc,UgyBao0bIpRsCdby8P94AaABAg.A3TugkoeESwA75f_3pRS_O,Short (trả lời comment): “@camptrade12 That's???? her username.” → câu trả lời thẳng + 1 bước hành động ngay.,run_forex_risk_management_stop_loss,Backlog
PP-0685,2.25,broker_platform,broker_platform,"Kalo boleh tau abang pakai akum cent,pake broker apa bang?",0,0,https://www.youtube.com/watch?v=smtAdlhwFHA,UgyCFgdsU2HpRx4wINx4AaABAg.AJMbWpZZqEJAJQlJitzeNW,"Short (trả lời comment): “Kalo boleh tau abang pakai akum cent,pake broker apa bang?” → spread/slippage/sàn cần kiểm tra gì trước khi chọn broker.",run_forex_risk_management_stop_loss,Backlog
PP-0686,2.25,broker_platform,broker_platform,Pakai broker apa bang?,0,0,https://www.youtube.com/watch?v=smtAdlhwFHA,UgyCFgdsU2HpRx4wINx4AaABAg.AJMbWpZZqEJAJQlKsP-9OD,Short (trả lời comment): “Pakai broker apa bang?” → spread/slippage/sàn cần kiểm tra gì trước khi chọn broker.,run_forex_risk_management_stop_loss,Backlog
PP-0687,2.25,broker_platform,broker_platform,Mau nanya misal kita los itu uang los kita masuk kemna ya ? Apakah ke broker ?,0,0,https://www.youtube.com/watch?v=smtAdlhwFHA,UgyFPvQJaIuT9ETTbt54AaABAg,Short (trả lời comment): “Mau nanya misal kita los itu uang los kita masuk kemna ya ? Apakah ke broker ?” → spread/slippage/sàn cần kiểm tra gì trước khi chọn broker.,run_forex_risk_management_stop_loss,Backlog
PP-0688,2.25,other_question_or_pain,other_question_or_pain,"Jamea, James,,James thank you you are the best teacher in this business,I have seen teacher but not like you in this business.you just addressed the major problem I am currently having with my trade with this video...thank you",0,0,https://www.youtube.com/watch?v=_D1MYH6D7jc,UgyiYb5DslArpABA-aV4AaABAg,"Short (trả lời comment): “Jamea, James,,James thank you you are the best teacher in this business,I have s” → câu trả lời thẳng + 1 bước hành động ngay.",run_forex_risk_management_stop_loss,Backlog
PP-0689,2.25,risk_management,risk_management,"Mas, target profit yearly dengan risk 1% tersebut, biasanya berapa persen sebenar nya?",0,0,https://www.youtube.com/watch?v=v_8HUVzO-rw,Ugyk6IEk31RMbCaDe_F4AaABAg,"Short (trả lời comment): mở bằng “Mas, target profit yearly dengan risk 1% tersebut, biasanya berapa persen sebena” → 3 bước quản lý vốn/stop loss cho XAUUSD.",run_forex_risk_management_stop_loss,Backlog
PP-0690,2.25,other_question_or_pain,other_question_or_pain,"Hi James😊love your videos, currently learning to trade from your videos until I can afford your academy. Question.. if I get wick rejections just below my demand zone, is the trade still valid?",0,0,https://www.youtube.com/watch?v=_D1MYH6D7jc,UgylTx6N46aj8o2DS2R4AaABAg,"Short (trả lời comment): “Hi James😊love your videos, currently learning to trade from your videos until I ” → câu trả lời thẳng + 1 bước hành động ngay.",run_forex_risk_management_stop_loss,Backlog
PP-0691,2.25,risk_management,risk_management,Thank you your teaching have help me this is the video I have been looking for now it will been easy for me to build my risk management plan,0,0,https://www.youtube.com/watch?v=7f2bpEwiJCY,UgyoAvg6Zl03ecNPg3h4AaABAg,Short (trả lời comment): mở bằng “Thank you your teaching have help me this is the video I have been looking for n” → 3 bước quản lý vốn/stop loss cho XAUUSD.,run_forex_risk_management_stop_loss,Backlog
PP-0692,2.25,risk_management,risk_management,"Sorry to say brother, iss main risk management ka toh kuchh bataya ee nahn aapne. Position sizing ka bhi nahn bataya. Jab tak position sizing samaj main nahn ayega tab tak risk kese manage karenge? Brother, Shuru main ee sponsored video likh diya karo.",0,0,https://www.youtube.com/watch?v=-zrFkI1cm4o,UgyopAWeuSoZVd2WrYh4AaABAg,"Short (trả lời comment): mở bằng “Sorry to say brother, iss main risk management ka toh kuchh bataya ee nahn aapne” → 3 bước quản lý vốn/stop loss cho XAUUSD.",run_forex_risk_management_stop_loss,Backlog
PP-0693,2.25,broker_platform,broker_platform,"mas, itu indikator di menit 4.35, apa tersedia di MT5?",0,0,https://www.youtube.com/watch?v=v_8HUVzO-rw,UgyuKZBh4MyDj9oBL9h4AaABAg,"Short (trả lời comment): “mas, itu indikator di menit 4.35, apa tersedia di MT5?” → spread/slippage/sàn cần kiểm tra gì trước khi chọn broker.",run_forex_risk_management_stop_loss,Backlog
PP-0694,2.25,risk_management,risk_management,7.47 is my problem always over-refining because i wanted higher risk to reward but now i have to to understand the the 10min demand level might not hold 1h wick rejection 😂,0,0,https://www.youtube.com/watch?v=_D1MYH6D7jc,Ugyy3jPILX7RV4Wi2i94AaABAg,Short (trả lời comment): mở bằng “7.47 is my problem always over-refining because i wanted higher risk to reward b” → 3 bước quản lý vốn/stop loss cho XAUUSD.,run_forex_risk_management_stop_loss,Backlog
PP-0695,2.25,education_gap,education_gap,Kisi Ny Inka Forex Signals Ka Paid Group Join Kia Howa Hai ??????,0,0,https://www.youtube.com/watch?v=-zrFkI1cm4o,UgyzdJ5qFPE81-KpEHV4AaABAg,Short (trả lời comment): “Kisi Ny Inka Forex Signals Ka Paid Group Join Kia Howa Hai ??????” → giải thích cực gọn cho người mới trong 45 giây.,run_forex_risk_management_stop_loss,Backlog
PP-0696,2.25,other_question_or_pain,other_question_or_pain,bhai pichle 8 months mein 10000$ ko 3000$ kar diya hai apne copy trading mein 1$ profit nahi diya 8 months mein ( 7000$ ka loss )? bus baatein hi hain,0,0,https://www.youtube.com/watch?v=-zrFkI1cm4o,Ugz8xcf39sWZnWWKR1p4AaABAg,Short (trả lời comment): “bhai pichle 8 months mein 10000$ ko 3000$ kar diya hai apne copy trading mein 1$” → câu trả lời thẳng + 1 bước hành động ngay.,run_forex_risk_management_stop_loss,Backlog
PP-0697,2.25,risk_management,risk_management,"Mas saya msh gpaham caranya , kalo saya ada modal 10 jt risknya 1%, dan untuk kesentuh 1 % itu hrs pasang 10 jt dong ? G bisa pasang 1 juta ? Kalo 1 jt ke risk 1% ( 100 rb) bwrarti risknya jdi 10% ??",0,0,https://www.youtube.com/watch?v=v_8HUVzO-rw,Ugz9okhTuKwmIDQfZHt4AaABAg.AH5pft1jTaPAHNbuXowKKJ,"Short (trả lời comment): mở bằng “Mas saya msh gpaham caranya , kalo saya ada modal 10 jt risknya 1%, dan untuk ke” → 3 bước quản lý vốn/stop loss cho XAUUSD.",run_forex_risk_management_stop_loss,Backlog
PP-0698,2.25,education_gap,education_gap,What’s your candle colours?,0,0,https://www.youtube.com/watch?v=_D1MYH6D7jc,UgzDi4X-1YZeBmv9DIN4AaABAg,Short (trả lời comment): “What’s your candle colours?” → giải thích cực gọn cho người mới trong 45 giây.,run_forex_risk_management_stop_loss,Backlog
PP-0699,2.25,education_gap,education_gap,In what situation would you ever compound your profits?,0,0,https://www.youtube.com/watch?v=Dyg4lZo89sM,UgzS7JP-DrjnIiBtg8N4AaABAg,Short (trả lời comment): “In what situation would you ever compound your profits?” → giải thích cực gọn cho người mới trong 45 giây.,run_forex_risk_management_stop_loss,Backlog
PP-0700,2.25,risk_management,risk_management,Paltform apa mas yang bisa ngatur Risk tadi ?,0,0,https://www.youtube.com/watch?v=smtAdlhwFHA,UgzhUeSSkgpIVxyrAQ94AaABAg,Short (trả lời comment): mở bằng “Paltform apa mas yang bisa ngatur Risk tadi ?” → 3 bước quản lý vốn/stop loss cho XAUUSD.,run_forex_risk_management_stop_loss,Backlog
PP-0701,2.25,other_question_or_pain,other_question_or_pain,Pertama trade pakai akun apa mas?,0,0,https://www.youtube.com/watch?v=v_8HUVzO-rw,UgzzGjd_4J_MchPH04R4AaABAg.AH6Qo1B3YIYAH7UkfGG9hS,Short (trả lời comment): “Pertama trade pakai akun apa mas?” → câu trả lời thẳng + 1 bước hành động ngay.,run_forex_risk_management_stop_loss,Backlog
PP-0702,2.25,entry_timing,entry_timing,@TheTradingAcademy please did you check the confirmation entry on H4 where you analyze your trade or u go to 15m or 5m to check it?,0,0,https://www.youtube.com/watch?v=sK-_6uIGMck,UgwD-CeCqeqzslzdlwB4AaABAg.A8bPckeHv-BAPJAxMRwLyN,"Short (trả lời comment): “@TheTradingAcademy please did you check the confirmation entry on H4 where you a” → 3 điểm xác nhận trước khi vào lệnh, demo trên chart.",run_gold_price_action_trading,Backlog
PP-0703,2.25,risk_management,risk_management,"mostly they grap liquidity at EQ high so that SL mostly are hitted, right?",0,0,https://www.youtube.com/watch?v=sK-_6uIGMck,Ugw_KAHQY2sjLQgFeHp4AaABAg,"Short (trả lời comment): mở bằng “mostly they grap liquidity at EQ high so that SL mostly are hitted, right?” → 3 bước quản lý vốn/stop loss cho XAUUSD.",run_gold_price_action_trading,Backlog
PP-0704,2.25,other_question_or_pain,other_question_or_pain,https://youtu.be/seFza39di1w?si=q-szVLeSt66WYk-Y Gold Updates 8 April,0,0,https://www.youtube.com/watch?v=sK-_6uIGMck,UgwcOvmzhQ7nEGZQkcJ4AaABAg,Short (trả lời comment): “https://youtu.be/seFza39di1w?si=q-szVLeSt66WYk-Y Gold Updates 8 April” → câu trả lời thẳng + 1 bước hành động ngay.,run_gold_price_action_trading,Backlog
PP-0705,2.25,education_gap,education_gap,"​@Gooner4lif3Are you a succesful trader? if yes, how can i get it too",0,0,https://www.youtube.com/watch?v=Qgx3t-pmzN8,UgweHuHfje52eOkfzkF4AaABAg.9opUiC8fRwA9tFWbJeASxD,"Short (trả lời comment): “​@Gooner4lif3Are you a succesful trader? if yes, how can i get it too” → giải thích cực gọn cho người mới trong 45 giây.",run_gold_price_action_trading,Backlog
PP-0706,2.25,other_question_or_pain,other_question_or_pain,"@TheTradingAcademy Thank you! BTW, will gold go down or up if we face a great recession, please?",0,0,https://www.youtube.com/watch?v=7HD5ZG2MmeQ,UgwgCzVRzbhRp1ik9994AaABAg.A8FZJPZWqCWA8G04a9k7TA,"Short (trả lời comment): “@TheTradingAcademy Thank you! BTW, will gold go down or up if we face a great re” → câu trả lời thẳng + 1 bước hành động ngay.",run_gold_price_action_trading,Backlog
PP-0707,2.25,other_question_or_pain,other_question_or_pain,in which market do u trade?,0,0,https://www.youtube.com/watch?v=0L6Rcgp6j7Y,Ugwgsybe5RFKYEQdN8h4AaABAg.9UyTMt_bpRu9dJIovis3Cy,Short (trả lời comment): “in which market do u trade?” → câu trả lời thẳng + 1 bước hành động ngay.,run_gold_price_action_trading,Backlog
PP-0708,2.25,risk_management,risk_management,"​@tiziana61 I don't agree. It is a tool and when properly used *by humans* can help your analysis (notice the word help, which doesn't mean to blindly follow it). Of course if we are into algo-trading world, we have another perspective of the same market/asset. I don't use Fibo in my algorithms either, but I recognize its value to help human traders. The problem, in my opinion, is when it is used as a ""source of truth"", which it's obviously not the case.",0,0,https://www.youtube.com/watch?v=0L6Rcgp6j7Y,Ugwgsybe5RFKYEQdN8h4AaABAg.9UyTMt_bpRu9dcISwXOkcX,Short (trả lời comment): mở bằng “​@tiziana61 I don't agree. It is a tool and when properly used *by humans* can h” → 3 bước quản lý vốn/stop loss cho XAUUSD.,run_gold_price_action_trading,Backlog
PP-0709,2.25,other_question_or_pain,other_question_or_pain,"Wait...15 minute time frame, but at least 10 candles before your take profit in only one hour?",0,0,https://www.youtube.com/watch?v=sK-_6uIGMck,UgxKPA7h0YExbFUaa0t4AaABAg,"Short (trả lời comment): “Wait...15 minute time frame, but at least 10 candles before your take profit in ” → câu trả lời thẳng + 1 bước hành động ngay.",run_gold_price_action_trading,Backlog
PP-0710,2.25,education_gap,education_gap,What does Price being respected mean In trading?,0,0,https://www.youtube.com/watch?v=Qgx3t-pmzN8,UgxUdC2UH4Z0pHnsVwp4AaABAg,Short (trả lời comment): “What does Price being respected mean In trading?” → giải thích cực gọn cho người mới trong 45 giây.,run_gold_price_action_trading,Backlog
PP-0711,2.25,education_gap,education_gap,"That’s really interesting! I’ve been hearing Rolando Mario’s name a lot lately. How did you start learning from him? Did he share his methods somewhere, or was it more personal guidance?",0,0,https://www.youtube.com/watch?v=0L6Rcgp6j7Y,UgxVJHQpgGTWiQPepO14AaABAg.AU1MLDk37keAU1Meu7IDst,Short (trả lời comment): “That’s really interesting! I’ve been hearing Rolando Mario’s name a lot lately. ” → giải thích cực gọn cho người mới trong 45 giây.,run_gold_price_action_trading,Backlog
PP-0712,2.25,strategy_rules,strategy_rules,Do you use his recomended indicator?,0,0,https://www.youtube.com/watch?v=3E7k47dZeWk,UgxVzhWq1tae0WiBF5F4AaABAg.AWIKLp1MlvdAYw4zmA_nJn,"Short (trả lời comment): “Do you use his recomended indicator?” → chiến lược này dùng khung nào, áp dụng ra sao trong 60 giây.",run_gold_price_action_trading,Backlog
PP-0713,2.25,strategy_rules,strategy_rules,"Hello, I am Soroush, a 19-year-old young man. I have been training for trading for 2 years and I have my own training and strategy. I have been training with a demo account for 3 months and I fully trust my strategy. Now I have no money for the initial capital for trading. Can anyone lend me just 100 dollars? I promise that I will return it as soon as possible.😮‍💨 Reply",0,0,https://www.youtube.com/watch?v=0L6Rcgp6j7Y,Ugxd5ddu6eqxF3zdiqR4AaABAg.AHjb0lq-xm6ALQlBoJvi3B,"Short (trả lời comment): “Hello, I am Soroush, a 19-year-old young man. I have been training for trading f” → chiến lược này dùng khung nào, áp dụng ra sao trong 60 giây.",run_gold_price_action_trading,Backlog
PP-0714,2.25,education_gap,education_gap,"​@vijayganesh6607 exactly what I think ,, bcoz when liquidity sweep happens the market moves opposite direction for a pullback ,, then it contuines selling ,, but ,, here after liquidity sweep happens market moves one side ,, I did not understand ? Anyone Explain ?",0,0,https://www.youtube.com/watch?v=sK-_6uIGMck,UgxdFny4D0iJgNrIHgJ4AaABAg.AGx1IajxCEoAQ5hOU4hGHn,"Short (trả lời comment): “​@vijayganesh6607 exactly what I think ,, bcoz when liquidity sweep happens the ” → giải thích cực gọn cho người mới trong 45 giây.",run_gold_price_action_trading,Backlog
PP-0715,2.25,education_gap,education_gap,​@tradingwalk I also want to use this on my phone how can I get it?,0,0,https://www.youtube.com/watch?v=3E7k47dZeWk,Ugxpd4btSlU15F9W4TN4AaABAg.ASMbBegJYBkAVf8EPpydL4,Short (trả lời comment): “​@tradingwalk I also want to use this on my phone how can I get it?” → giải thích cực gọn cho người mới trong 45 giây.,run_gold_price_action_trading,Backlog
PP-0716,2.25,other_question_or_pain,other_question_or_pain,You should raise your editor pay 😁😁 Btw.. you are helping alot.. Subscribed☑️,0,0,https://www.youtube.com/watch?v=0L6Rcgp6j7Y,Ugy43xYZb-7E6DJxyZl4AaABAg,Short (trả lời comment): “You should raise your editor pay 😁😁 Btw.. you are helping alot.. Subscribed☑️” → câu trả lời thẳng + 1 bước hành động ngay.,run_gold_price_action_trading,Backlog
PP-0717,2.25,other_question_or_pain,other_question_or_pain,Kisiko help chaiye to mujhe contact kro. Kiu kiya mai sab janta hu konsa app best hai and kese trade kre,0,0,https://www.youtube.com/watch?v=Qgx3t-pmzN8,UgyCVz-eUVU8fSX6rkd4AaABAg.9odl0IVj50P9pJbkPyBHZO,Short (trả lời comment): “Kisiko help chaiye to mujhe contact kro. Kiu kiya mai sab janta hu konsa app bes” → câu trả lời thẳng + 1 bước hành động ngay.,run_gold_price_action_trading,Backlog
PP-0718,2.25,other_question_or_pain,other_question_or_pain,"I don't understand with this example, look at that green candle next on choch signal, the green candle is inside bar from the big red candle near it (bcause the green day not taking low or high from that big red candle), so i would say that's impulsive move, not corrective move sir",0,0,https://www.youtube.com/watch?v=7HD5ZG2MmeQ,UgyF-uvim9rz6a7q5O54AaABAg,"Short (trả lời comment): “I don't understand with this example, look at that green candle next on choch si” → câu trả lời thẳng + 1 bước hành động ngay.",run_gold_price_action_trading,Backlog
PP-0719,2.25,education_gap,education_gap,@TradingLabOfficial thanks for the help but how to add the the mean reversion,0,0,https://www.youtube.com/watch?v=0L6Rcgp6j7Y,UgyMfxXVVVNJrb8aC-J4AaABAg.9_jQ4s9qsW-9gw27Z3mUGu,Short (trả lời comment): “@TradingLabOfficial thanks for the help but how to add the the mean reversion” → giải thích cực gọn cho người mới trong 45 giây.,run_gold_price_action_trading,Backlog
PP-0720,2.25,education_gap,education_gap,How did the trade go?,0,0,https://www.youtube.com/watch?v=3E7k47dZeWk,UgyOYdaAZCMCLziXcT54AaABAg.AP_WwG_rduQAZV7Sd_t-JQ,Short (trả lời comment): “How did the trade go?” → giải thích cực gọn cho người mới trong 45 giây.,run_gold_price_action_trading,Backlog
PP-0721,2.25,education_gap,education_gap,@TheTradingAcademyoh was I wrong with what I said then ?,0,0,https://www.youtube.com/watch?v=sK-_6uIGMck,Ugyjwk3rYJRaT2iIxuB4AaABAg.A8_IbunTpSUA8fDh0nU9KS,Short (trả lời comment): “@TheTradingAcademyoh was I wrong with what I said then ?” → giải thích cực gọn cho người mới trong 45 giây.,run_gold_price_action_trading,Backlog
PP-0722,2.25,education_gap,education_gap,How do I get signal?,0,0,https://www.youtube.com/watch?v=sK-_6uIGMck,UgzFTJ13TcXAw-K5B7N4AaABAg,Short (trả lời comment): “How do I get signal?” → giải thích cực gọn cho người mới trong 45 giây.,run_gold_price_action_trading,Backlog
PP-0723,2.25,strategy_rules,strategy_rules,On which Timeframe?,0,0,https://www.youtube.com/watch?v=7HD5ZG2MmeQ,UgzSwZgu_PHf_FADuQp4AaABAg,"Short (trả lời comment): “On which Timeframe?” → chiến lược này dùng khung nào, áp dụng ra sao trong 60 giây.",run_gold_price_action_trading,Backlog
PP-0724,2.25,other_question_or_pain,other_question_or_pain,I thought the same thing. Confused me when I saw a pull back in an uptrend hit the .618 before the .382,0,0,https://www.youtube.com/watch?v=0L6Rcgp6j7Y,UgzZFWoOyUdjCLksiUN4AaABAg.9gED4CTo2PS9wSfPxAqK6s,Short (trả lời comment): “I thought the same thing. Confused me when I saw a pull back in an uptrend hit t” → câu trả lời thẳng + 1 bước hành động ngay.,run_gold_price_action_trading,Backlog
PP-0725,2.25,entry_timing,entry_timing,"Hi, Sir If I am doing analysis H1 then which time frame is best for entry?",0,0,https://www.youtube.com/watch?v=sK-_6uIGMck,UgzclJd5BAeqR4VadKF4AaABAg,"Short (trả lời comment): “Hi, Sir If I am doing analysis H1 then which time frame is best for entry?” → 3 điểm xác nhận trước khi vào lệnh, demo trên chart.",run_gold_price_action_trading,Backlog
PP-0726,2.25,strategy_rules,strategy_rules,@tradingwalkso you made your own indicator strategy?,0,0,https://www.youtube.com/watch?v=3E7k47dZeWk,UgzuKbVpWPFFk4HNdGd4AaABAg.ACiXZfops98ADWISkpvriE,"Short (trả lời comment): “@tradingwalkso you made your own indicator strategy?” → chiến lược này dùng khung nào, áp dụng ra sao trong 60 giây.",run_gold_price_action_trading,Backlog
PP-0727,2.25,education_gap,education_gap,@tradingwalk how much is it?,0,0,https://www.youtube.com/watch?v=3E7k47dZeWk,UgzuKbVpWPFFk4HNdGd4AaABAg.ACiXZfops98AF2Lz2IlCxV,Short (trả lời comment): “@tradingwalk how much is it?” → giải thích cực gọn cho người mới trong 45 giây.,run_gold_price_action_trading,Backlog
PP-0728,2.25,strategy_rules,strategy_rules,are you for real or not? Just trying to see if this strategy is legit,0,0,https://www.youtube.com/watch?v=XBcMiYK7qYY,Ugw5zQ6xZZoxj5a-xF54AaABAg.A3SyIbQr85lA3qeQc3XlqC,"Short (trả lời comment): “are you for real or not? Just trying to see if this strategy is legit” → chiến lược này dùng khung nào, áp dụng ra sao trong 60 giây.",run_gold_scalping_strategy,Backlog
PP-0729,2.25,entry_timing,entry_timing,"so for entry dont u look at fvgs of smaller time frame like 5 min or 1 min, and just identify trend and key levels in htf?",0,0,https://www.youtube.com/watch?v=xXy2CBssQQA,Ugw8CmkQNJU8WEVMrJh4AaABAg.AUbdp-LE4tPAVDB9GYReuS,"Short (trả lời comment): “so for entry dont u look at fvgs of smaller time frame like 5 min or 1 min, and ” → 3 điểm xác nhận trước khi vào lệnh, demo trên chart.",run_gold_scalping_strategy,Backlog
PP-0730,2.25,strategy_rules,strategy_rules,"been trading for years and Stopped for almost a decade ago, and I'm gonna go back to trading. this really help. back in the day there was no rsi divergence indicator.",0,0,https://www.youtube.com/watch?v=XBcMiYK7qYY,UgwEhFbgJnSUETQbX3Z4AaABAg,"Short (trả lời comment): “been trading for years and Stopped for almost a decade ago, and I'm gonna go bac” → chiến lược này dùng khung nào, áp dụng ra sao trong 60 giây.",run_gold_scalping_strategy,Backlog
PP-0731,2.25,other_question_or_pain,other_question_or_pain,Does this guy send signals?,0,0,https://www.youtube.com/watch?v=en8RMFRqSME,UgwQdF_q0zbEKuypQZN4AaABAg,Short (trả lời comment): “Does this guy send signals?” → câu trả lời thẳng + 1 bước hành động ngay.,run_gold_scalping_strategy,Backlog
PP-0732,2.25,other_question_or_pain,other_question_or_pain,Hi Brad. I hope you are well. Can you please help with trading Gold counter trend.,0,0,https://www.youtube.com/watch?v=en8RMFRqSME,UgwWc2NIOhjdBleJDap4AaABAg,Short (trả lời comment): “Hi Brad. I hope you are well. Can you please help with trading Gold counter tren” → câu trả lời thẳng + 1 bước hành động ngay.,run_gold_scalping_strategy,Backlog
PP-0733,2.25,strategy_rules,strategy_rules,Pls kindly help us do BEST SWING GOLD STRATEGY,0,0,https://www.youtube.com/watch?v=en8RMFRqSME,UgwXOyzHCljHYWzOAnl4AaABAg,"Short (trả lời comment): “Pls kindly help us do BEST SWING GOLD STRATEGY” → chiến lược này dùng khung nào, áp dụng ra sao trong 60 giây.",run_gold_scalping_strategy,Backlog
PP-0734,2.25,strategy_rules,strategy_rules,"I would like to know the timeframe too, i guess its 1 hour or 30 minutes ?",0,0,https://www.youtube.com/watch?v=XBcMiYK7qYY,UgwfHedNkCjrAX1ylTZ4AaABAg.9skOix9OUcY9tniuWixVh9,"Short (trả lời comment): “I would like to know the timeframe too, i guess its 1 hour or 30 minutes ?” → chiến lược này dùng khung nào, áp dụng ra sao trong 60 giây.",run_gold_scalping_strategy,Backlog
PP-0735,2.25,education_gap,education_gap,"what actually helped you on Forex, copying entries never stuck for me",0,0,https://www.youtube.com/watch?v=xXy2CBssQQA,UgwgVdlABXKxao2pzU14AaABAg,"Short (trả lời comment): “what actually helped you on Forex, copying entries never stuck for me” → giải thích cực gọn cho người mới trong 45 giây.",run_gold_scalping_strategy,Backlog
PP-0736,2.25,education_gap,education_gap,what veiwing on the day or 5 day charts? @anibalalvarado763,0,0,https://www.youtube.com/watch?v=XBcMiYK7qYY,UgwovHMwCC-bJ_QwbQV4AaABAg.9UNhDcZ6KA_A09zF58XAt8,Short (trả lời comment): “what veiwing on the day or 5 day charts? @anibalalvarado763” → giải thích cực gọn cho người mới trong 45 giây.,run_gold_scalping_strategy,Backlog
PP-0737,2.25,strategy_rules,strategy_rules,"I don't know… 1m on XAUUSD feels like gambling unless you've got a MAD FAST execution. For many, Strategy 3 with the 4H CHOCH (13:50) is much more realistic. Ngl, those 1m shifts at 06:15 look sweet on the replay, but IRL? Stress city.",0,0,https://www.youtube.com/watch?v=xXy2CBssQQA,Ugwvg4rTByIp2oHZ6vx4AaABAg.AV8zbtWToMwAV9762LPasJ,"Short (trả lời comment): “I don't know… 1m on XAUUSD feels like gambling unless you've got a MAD FAST exec” → chiến lược này dùng khung nào, áp dụng ra sao trong 60 giây.",run_gold_scalping_strategy,Backlog
PP-0738,2.25,other_question_or_pain,other_question_or_pain,"Just wait the clear structure and trade, is as simple as that. The problem comes when you try to predict every market movements, that's when you get screwed",0,0,https://www.youtube.com/watch?v=xXy2CBssQQA,UgwwoubIPN4DoewfZmx4AaABAg.AUomPZEhO80AXH9OnGYrq8,"Short (trả lời comment): “Just wait the clear structure and trade, is as simple as that. The problem comes” → câu trả lời thẳng + 1 bước hành động ngay.",run_gold_scalping_strategy,Backlog
PP-0739,2.25,education_gap,education_gap,"I read on CNBC about someone who is netting $20k a month himself from just his tradings in the market, which is from capital he had amassed long ago. That is incredible. How do people do that?",0,0,https://www.youtube.com/watch?v=XBcMiYK7qYY,Ugx2tF0wlk4QWNd3dmt4AaABAg.A7QDTplWp1SA7QEMhdK_2u,Short (trả lời comment): “I read on CNBC about someone who is netting $20k a month himself from just his t” → giải thích cực gọn cho người mới trong 45 giây.,run_gold_scalping_strategy,Backlog
PP-0740,2.25,other_question_or_pain,other_question_or_pain,Im a newb at trading. This is very helpful. Subscribed,0,0,https://www.youtube.com/watch?v=XBcMiYK7qYY,UgxE-PxE-ayNgFjVTZJ4AaABAg,Short (trả lời comment): “Im a newb at trading. This is very helpful. Subscribed” → câu trả lời thẳng + 1 bước hành động ngay.,run_gold_scalping_strategy,Backlog
PP-0741,2.25,other_question_or_pain,other_question_or_pain,"Helpful video. One thing about Edgeflo is that charts are not smooth, and you see money times cracked candles like in this video. Also it's not that responsive sometimes which made it had for me to use. So, room for improvement",0,0,https://www.youtube.com/watch?v=en8RMFRqSME,UgxEs6nTFNzuDVD4AjN4AaABAg,"Short (trả lời comment): “Helpful video. One thing about Edgeflo is that charts are not smooth, and you se” → câu trả lời thẳng + 1 bước hành động ngay.",run_gold_scalping_strategy,Backlog
PP-0742,2.25,risk_management,risk_management,Fast? 😂 gold is slow AF even in 1 minute charts. Gold is inconsistent but not fast,0,0,https://www.youtube.com/watch?v=xXy2CBssQQA,UgxM1UXDDaHDZeceyJZ4AaABAg,Short (trả lời comment): mở bằng “Fast? 😂 gold is slow AF even in 1 minute charts. Gold is inconsistent but not fa” → 3 bước quản lý vốn/stop loss cho XAUUSD.,run_gold_scalping_strategy,Backlog
PP-0743,2.25,entry_timing,entry_timing,and 15mins entry for scalping? haha,0,0,https://www.youtube.com/watch?v=en8RMFRqSME,UgxNfSmP8BAdsg6nAch4AaABAg.AZxakuCURpQA_UhUXjaO1z,"Short (trả lời comment): “and 15mins entry for scalping? haha” → 3 điểm xác nhận trước khi vào lệnh, demo trên chart.",run_gold_scalping_strategy,Backlog
PP-0744,2.25,other_question_or_pain,other_question_or_pain,"Hi, I wanted to say that it's great that you give interesting advice for free here on the website. I would like to ask specifically about this system at the 'Open' N.Y. Do you have any long-term statistics not only on gold, but also on currency pairs or indices? Thanks David",0,0,https://www.youtube.com/watch?v=nCBF6wrOKic,UgxO15WWETlt14jBvQR4AaABAg,"Short (trả lời comment): “Hi, I wanted to say that it's great that you give interesting advice for free he” → câu trả lời thẳng + 1 bước hành động ngay.",run_gold_scalping_strategy,Backlog
PP-0745,2.25,education_gap,education_gap,"Hi, can I ask what education you had to become profitable? Thanks.",0,0,https://www.youtube.com/watch?v=XBcMiYK7qYY,UgxPHEQfJWKgv1T1Alh4AaABAg.9yYWpSHFqFW9yY_luxAj5d,"Short (trả lời comment): “Hi, can I ask what education you had to become profitable? Thanks.” → giải thích cực gọn cho người mới trong 45 giây.",run_gold_scalping_strategy,Backlog
PP-0746,2.25,broker_platform,broker_platform,It's not about being educated but it's about seeking for the help of an Expert with a profitable broker.,0,0,https://www.youtube.com/watch?v=XBcMiYK7qYY,UgxPHEQfJWKgv1T1Alh4AaABAg.9yYWpSHFqFW9yYa3BeaOtH,Short (trả lời comment): “It's not about being educated but it's about seeking for the help of an Expert w” → spread/slippage/sàn cần kiểm tra gì trước khi chọn broker.,run_gold_scalping_strategy,Backlog
PP-0747,2.25,education_gap,education_gap,@time 19:51 how's that liquidity swipe?,0,0,https://www.youtube.com/watch?v=en8RMFRqSME,UgxYRPi2n_qosQsiJuF4AaABAg,Short (trả lời comment): “@time 19:51 how's that liquidity swipe?” → giải thích cực gọn cho người mới trong 45 giây.,run_gold_scalping_strategy,Backlog
PP-0748,2.25,strategy_rules,strategy_rules,"@HazelSibanda-nl9cc I'm only trading 2 stocks and its been SPY and QQQ. I only been using the ORB strategy for 3 months now, and its working beautifully for me. Usually by 9:45am -10am est time ive taken my profit and done trading for the day. If you need any help let me know.",0,0,https://www.youtube.com/watch?v=I29peidTQxU,UgxZTEY3j8utRiInA3V4AaABAg.AKN55o-h-2wAKVDGdswQoc,"Short (trả lời comment): “@HazelSibanda-nl9cc I'm only trading 2 stocks and its been SPY and QQQ. I only b” → chiến lược này dùng khung nào, áp dụng ra sao trong 60 giây.",run_gold_scalping_strategy,Backlog
PP-0749,2.25,other_question_or_pain,other_question_or_pain,I mean ... Thank You. I was struck at this point..Such a beautiful video and thanks to you once again for helping a fellow Trader(let me presume I am one!!) lol,0,0,https://www.youtube.com/watch?v=XBcMiYK7qYY,UgxiRibUssRZwjnOrVJ4AaABAg.A3n8mdgoEolANSxg9C5y7j,Short (trả lời comment): “I mean ... Thank You. I was struck at this point..Such a beautiful video and tha” → câu trả lời thẳng + 1 bước hành động ngay.,run_gold_scalping_strategy,Backlog
PP-0750,2.25,education_gap,education_gap,"​​@TheTradingGek-11please help me ,, because I always lose my trade, I do not know how to read market mechanics,sorry my English is poor I'm pure pilipino",0,0,https://www.youtube.com/watch?v=en8RMFRqSME,UgxkP1vUxSsXDoiBs294AaABAg.AalUfGHUWNQAanEVyiNJdw,"Short (trả lời comment): “​​@TheTradingGek-11please help me ,, because I always lose my trade, I do not kn” → giải thích cực gọn cho người mới trong 45 giây.",run_gold_scalping_strategy,Backlog
PP-0751,2.25,education_gap,education_gap,Why haven't I seen you trading gold?,0,0,https://www.youtube.com/watch?v=en8RMFRqSME,UgxsnxORG0ZJ1WOIdCl4AaABAg,Short (trả lời comment): “Why haven't I seen you trading gold?” → giải thích cực gọn cho người mới trong 45 giây.,run_gold_scalping_strategy,Backlog
PP-0752,2.25,education_gap,education_gap,Why 15m need to be up trend as well if U still have to wait for it to go down to order block?,0,0,https://www.youtube.com/watch?v=en8RMFRqSME,UgxvKC7aM6MaIdofea14AaABAg,Short (trả lời comment): “Why 15m need to be up trend as well if U still have to wait for it to go down to” → giải thích cực gọn cho người mới trong 45 giây.,run_gold_scalping_strategy,Backlog
PP-0753,2.25,other_question_or_pain,other_question_or_pain,no or you could trade shorts?,0,0,https://www.youtube.com/watch?v=XBcMiYK7qYY,UgxxIvg8JKAzofCssm54AaABAg.9_uV7NDOeWU9aHIz9K2zhS,Short (trả lời comment): “no or you could trade shorts?” → câu trả lời thẳng + 1 bước hành động ngay.,run_gold_scalping_strategy,Backlog
PP-0754,2.25,education_gap,education_gap,"@9:51 how's that liquidity swipe, I didn't get it?",0,0,https://www.youtube.com/watch?v=en8RMFRqSME,UgxzG3dgp89jtY3Ihhl4AaABAg.AZyEYC5j47iA_4YnPci64W,"Short (trả lời comment): “@9:51 how's that liquidity swipe, I didn't get it?” → giải thích cực gọn cho người mới trong 45 giây.",run_gold_scalping_strategy,Backlog
PP-0755,2.25,other_question_or_pain,other_question_or_pain,"Same here, simplicity is key when starting out. If you're looking for another solid resource, the Crypto Backdoor Book helped me a lot as a beginner. Just google 'Crypto Backdoor Book', you'll find it easily.",0,0,https://www.youtube.com/watch?v=XBcMiYK7qYY,Ugy-JBYwdAPXhH3hpAh4AaABAg.A26qMEnvC8jAGItd2R1zfT,"Short (trả lời comment): “Same here, simplicity is key when starting out. If you're looking for another so” → câu trả lời thẳng + 1 bước hành động ngay.",run_gold_scalping_strategy,Backlog
PP-0756,2.25,education_gap,education_gap,What’s is gold price algorithm? Do you have resources to read or watch in detail?,0,0,https://www.youtube.com/watch?v=en8RMFRqSME,UgyD3oUcjz7ZrGjSjyl4AaABAg,Short (trả lời comment): “What’s is gold price algorithm? Do you have resources to read or watch in detail” → giải thích cực gọn cho người mới trong 45 giây.,run_gold_scalping_strategy,Backlog
PP-0757,2.25,other_question_or_pain,other_question_or_pain,Please Be honest with me I wish to start dy trade but don't know where to begin. Any tips or contacts?,0,0,https://www.youtube.com/watch?v=I29peidTQxU,UgyDiM1OyWIPWRIT3WF4AaABAg.AYY5uKAXAdEAYY6F_zeW9q,Short (trả lời comment): “Please Be honest with me I wish to start dy trade but don't know where to begin.” → câu trả lời thẳng + 1 bước hành động ngay.,run_gold_scalping_strategy,Backlog
PP-0758,2.25,other_question_or_pain,other_question_or_pain,trade futures can use at edgeflo?,0,0,https://www.youtube.com/watch?v=en8RMFRqSME,UgyTeyRecKe1kzCnp-B4AaABAg,Short (trả lời comment): “trade futures can use at edgeflo?” → câu trả lời thẳng + 1 bước hành động ngay.,run_gold_scalping_strategy,Backlog
PP-0759,2.25,other_question_or_pain,other_question_or_pain,scalping strats? doubted quick trades without solid reasoning. sniperhouse gold lessons took time to trust but now they click clean,0,0,https://www.youtube.com/watch?v=xXy2CBssQQA,UgyVCy4L75nfwYrRRpF4AaABAg.AUaDfS8q5BhAWN_iJ56kPd,Short (trả lời comment): “scalping strats? doubted quick trades without solid reasoning. sniperhouse gold ” → câu trả lời thẳng + 1 bước hành động ngay.,run_gold_scalping_strategy,Backlog
PP-0760,2.25,risk_management,risk_management,Removing the SL is the worst advice you can give- gut feeling? Common man,0,0,https://www.youtube.com/watch?v=en8RMFRqSME,UgycGD0NypLDLl--5IF4AaABAg,Short (trả lời comment): mở bằng “Removing the SL is the worst advice you can give- gut feeling? Common man” → 3 bước quản lý vốn/stop loss cho XAUUSD.,run_gold_scalping_strategy,Backlog
PP-0761,2.25,risk_management,risk_management,"Hi,have you ventured with any legitimate crypto company previously and made profit on a daily basis?",0,0,https://www.youtube.com/watch?v=I29peidTQxU,UgyjZAYIRpbObkZMOQZ4AaABAg.AMQLg2JzMaFAMxPlaKrJbQ,"Short (trả lời comment): mở bằng “Hi,have you ventured with any legitimate crypto company previously and made prof” → 3 bước quản lý vốn/stop loss cho XAUUSD.",run_gold_scalping_strategy,Backlog
PP-0762,2.25,education_gap,education_gap,I'm a newbie and I've lost a lot of money investing on my own. Please can you advise on how to go about this?,0,0,https://www.youtube.com/watch?v=XBcMiYK7qYY,Ugz50xVtVdQnI6l8QUJ4AaABAg.AZTGdZkzGWLAZTGnTcZCAF,Short (trả lời comment): “I'm a newbie and I've lost a lot of money investing on my own. Please can you ad” → giải thích cực gọn cho người mới trong 45 giây.,run_gold_scalping_strategy,Backlog
PP-0763,2.25,broker_platform,broker_platform,"I want to do this type of trading, which platforms/broker app to use? Great video too btw! Thank you! < Comment for your algorithm>",0,0,https://www.youtube.com/watch?v=XBcMiYK7qYY,Ugz5JsvSm1HC_lirbyJ4AaABAg,"Short (trả lời comment): “I want to do this type of trading, which platforms/broker app to use? Great vide” → spread/slippage/sàn cần kiểm tra gì trước khi chọn broker.",run_gold_scalping_strategy,Backlog
PP-0764,2.25,strategy_rules,strategy_rules,You used this strategy? Has it been profitable,0,0,https://www.youtube.com/watch?v=en8RMFRqSME,Ugz9Ch4AGEmVvp7L0c54AaABAg.A_VqJck5k-7AawBYFVhphP,"Short (trả lời comment): “You used this strategy? Has it been profitable” → chiến lược này dùng khung nào, áp dụng ra sao trong 60 giây.",run_gold_scalping_strategy,Backlog
PP-0765,2.25,risk_management,risk_management,"Hi,have you ventured with any crypto company previously and made profit on a daily basis?",0,0,https://www.youtube.com/watch?v=I29peidTQxU,UgzThOZ1OCHZr3xHKyh4AaABAg.AMiPEXwMeyNAMxQFGYv18F,"Short (trả lời comment): mở bằng “Hi,have you ventured with any crypto company previously and made profit on a dai” → 3 bước quản lý vốn/stop loss cho XAUUSD.",run_gold_scalping_strategy,Backlog
PP-0766,2.25,education_gap,education_gap,And how your life style in your 3 years of trading?,0,0,https://www.youtube.com/watch?v=nCBF6wrOKic,UgzfEoznJogWf_lPA9B4AaABAg.AOxTpEi4ECWAPJxpG7iKp2,Short (trả lời comment): “And how your life style in your 3 years of trading?” → giải thích cực gọn cho người mới trong 45 giây.,run_gold_scalping_strategy,Backlog
PP-0767,2.25,other_question_or_pain,other_question_or_pain,Pips?,0,0,https://www.youtube.com/watch?v=I29peidTQxU,Ugzqaz_PRdxFY5c_JUF4AaABAg.ALrJuRys-YIAPOyuLO-MDm,Short (trả lời comment): “Pips?” → câu trả lời thẳng + 1 bước hành động ngay.,run_gold_scalping_strategy,Backlog
PP-0768,2.25,other_question_or_pain,other_question_or_pain,"helped me a lot, thanks🤝",0,0,https://www.youtube.com/watch?v=I29peidTQxU,UgzvvAROcUP6a6Lk-094AaABAg,"Short (trả lời comment): “helped me a lot, thanks🤝” → câu trả lời thẳng + 1 bước hành động ngay.",run_gold_scalping_strategy,Backlog
PP-0769,2.25,other_question_or_pain,other_question_or_pain,"MIF OPM. Shares, warrants, or options? It's a minefield in these much troubled times. Remember this, the super wealthy traders, need YOUR money now. O.o",0,0,https://www.youtube.com/watch?v=udvUjY5YLwo,Ugw681YpyQe3IEGYioR4AaABAg,"Short (trả lời comment): “MIF OPM. Shares, warrants, or options? It's a minefield in these much troubled t” → câu trả lời thẳng + 1 bước hành động ngay.",run_how_to_trade_gold_for_beginners,Backlog
PP-0770,2.25,education_gap,education_gap,What would you say are the easiest charts to trade?,0,0,https://www.youtube.com/watch?v=oc2zqnvsqi0,UgwGC-kKlWRb76mBXFF4AaABAg,Short (trả lời comment): “What would you say are the easiest charts to trade?” → giải thích cực gọn cho người mới trong 45 giây.,run_how_to_trade_gold_for_beginners,Backlog
PP-0771,2.25,education_gap,education_gap,"I've gone through so many Telegram groups, YouTube channels and whatnot.., but what i learn from you all the time is bliss. Everything is always made simple, you allowed me to simplify the chart before I do anything. Thank you so much. Can't wait to hit goals💯💜",0,0,https://www.youtube.com/watch?v=X82qlU1cgLI,UgxBP6Fx19ecYByjrpl4AaABAg,"Short (trả lời comment): “I've gone through so many Telegram groups, YouTube channels and whatnot.., but w” → giải thích cực gọn cho người mới trong 45 giây.",run_how_to_trade_gold_for_beginners,Backlog
PP-0772,2.25,other_question_or_pain,other_question_or_pain,I am beginner in trading And I am now reading the candlestick bible. Can you please assist me in any way possible ?,0,0,https://www.youtube.com/watch?v=udvUjY5YLwo,Ugxleh8uGWkChefAiVl4AaABAg,Short (trả lời comment): “I am beginner in trading And I am now reading the candlestick bible. Can you ple” → câu trả lời thẳng + 1 bước hành động ngay.,run_how_to_trade_gold_for_beginners,Backlog
PP-0773,2.25,strategy_rules,strategy_rules,At Forex Gold Trading Strategy Please kindly click the below links and watch all the videos also please kindly subscribe our YouTube channel https://youtube.com/shorts/QVoMyxS2VkY?feature=share https://youtube.com/shorts/jox0QqurPiM?feature=share https://youtube.com/shorts/zxmxKy6Ml3g?feature=share https://youtube.com/shorts/3rwetx_gbqA?feature=share,0,0,https://www.youtube.com/watch?v=udvUjY5YLwo,Ugy-MSlrc3Vl72nFkeV4AaABAg.9Ex4UVRIElp9h_R6QGsgV7,"Short (trả lời comment): “At Forex Gold Trading Strategy Please kindly click the below links and watch all” → chiến lược này dùng khung nào, áp dụng ra sao trong 60 giây.",run_how_to_trade_gold_for_beginners,Backlog
PP-0774,2.25,education_gap,education_gap,"I started trading with $5k just last week and now I've hit $14,590. I was having this exact conversation with my son the other night – generational wealth isn't just about getting money. It's about teaching everyone not only how to make it, but also how to maintain it. It does no good for me to provide for my family if they don't understand how to manage and sustain it. That's why I really love this video...",0,0,https://www.youtube.com/watch?v=_YVQN6_nkfs,Ugy08akuOcr5T2errQF4AaABAg,"Short (trả lời comment): “I started trading with $5k just last week and now I've hit $14,590. I was having” → giải thích cực gọn cho người mới trong 45 giây.",run_how_to_trade_gold_for_beginners,Backlog
PP-0775,2.25,other_question_or_pain,other_question_or_pain,1h is okay?​@VasilyTrader,0,0,https://www.youtube.com/watch?v=E0YMb62jY64,Ugy3Ya4ImV_0QITBXvx4AaABAg.9wH_omavlTjAAzgqlOW4zY,Short (trả lời comment): “1h is okay?​@VasilyTrader” → câu trả lời thẳng + 1 bước hành động ngay.,run_how_to_trade_gold_for_beginners,Backlog
PP-0776,2.25,education_gap,education_gap,How do i open a trading account?can i use an existing bank account?,0,0,https://www.youtube.com/watch?v=udvUjY5YLwo,UgyONkh26WD2s_ZyEGF4AaABAg,Short (trả lời comment): “How do i open a trading account?can i use an existing bank account?” → giải thích cực gọn cho người mới trong 45 giây.,run_how_to_trade_gold_for_beginners,Backlog
PP-0777,2.25,other_question_or_pain,other_question_or_pain,Thank you Sir !!!! I learn a lot from you . More blessings to you and your family. This is so helpful . ❤❤❤,0,0,https://www.youtube.com/watch?v=_YVQN6_nkfs,UgygL2IGACKTszEYnyF4AaABAg,Short (trả lời comment): “Thank you Sir !!!! I learn a lot from you . More blessings to you and your famil” → câu trả lời thẳng + 1 bước hành động ngay.,run_how_to_trade_gold_for_beginners,Backlog
PP-0778,2.25,other_question_or_pain,other_question_or_pain,Which books should I read to learn bullion trading?,0,0,https://www.youtube.com/watch?v=udvUjY5YLwo,Ugyi66l5mhA1qP21S_B4AaABAg.9GV07nbURZX9Sb0iYI9Ipc,Short (trả lời comment): “Which books should I read to learn bullion trading?” → câu trả lời thẳng + 1 bước hành động ngay.,run_how_to_trade_gold_for_beginners,Backlog
PP-0779,2.25,other_question_or_pain,other_question_or_pain,The problem with gold is the size of the pullbacks,0,0,https://www.youtube.com/watch?v=oc2zqnvsqi0,UgyysYhQtYaH9S20QbJ4AaABAg,Short (trả lời comment): “The problem with gold is the size of the pullbacks” → câu trả lời thẳng + 1 bước hành động ngay.,run_how_to_trade_gold_for_beginners,Backlog
PP-0780,2.25,other_question_or_pain,other_question_or_pain,The way you analyze the market helped me a lot 🎉 thanks for the skill,0,0,https://www.youtube.com/watch?v=X82qlU1cgLI,Ugz3ivQRMds5_pH2EDh4AaABAg,Short (trả lời comment): “The way you analyze the market helped me a lot 🎉 thanks for the skill” → câu trả lời thẳng + 1 bước hành động ngay.,run_how_to_trade_gold_for_beginners,Backlog
PP-0781,2.25,education_gap,education_gap,I can’t even tell you how many “simple” scalping strategies I’ve tried that ended up being anything but. 😂 Does this one actually work?,0,0,https://www.youtube.com/watch?v=_YVQN6_nkfs,Ugz5u1loSTDT4tGZae54AaABAg.AbNle1a-D8zAbNmFpFfNB9,Short (trả lời comment): “I can’t even tell you how many “simple” scalping strategies I’ve tried that ende” → giải thích cực gọn cho người mới trong 45 giây.,run_how_to_trade_gold_for_beginners,Backlog
PP-0782,2.25,education_gap,education_gap,"Hello Nick, How did u get the price 193.50 whe XAUUSD/Gold was nearly trading at 1900 ?",0,0,https://www.youtube.com/watch?v=oc2zqnvsqi0,UgzGA4ziH5YQRoynYbR4AaABAg.A9JMPdnsvx2AE_J54SKDDI,"Short (trả lời comment): “Hello Nick, How did u get the price 193.50 whe XAUUSD/Gold was nearly trading at” → giải thích cực gọn cho người mới trong 45 giây.",run_how_to_trade_gold_for_beginners,Backlog
PP-0783,2.25,other_question_or_pain,other_question_or_pain,"@Capitaltrading Thank you for answering im glad to know that, Im not sure sir because I did it on IQ Option, just went to ""commodities"" or in my case ""Materias Primas"" in spanish, and invested 30 dollars in gold, put automatic close when profit is 15%, I guessing it is CFD?",0,0,https://www.youtube.com/watch?v=udvUjY5YLwo,UgzMtuBufKrl9CrJqWp4AaABAg.9KjI__4fU9A9KkuS5q7U2A,"Short (trả lời comment): “@Capitaltrading Thank you for answering im glad to know that, Im not sure sir be” → câu trả lời thẳng + 1 bước hành động ngay.",run_how_to_trade_gold_for_beginners,Backlog
PP-0784,2.25,education_gap,education_gap,gold trading looks easy but it’s one of the most volatile markets these kind of tips actually help in understanding how to handle it better 🔥📊,0,0,https://www.youtube.com/watch?v=oc2zqnvsqi0,UgzRuBeorNQVrPMAmdh4AaABAg,Short (trả lời comment): “gold trading looks easy but it’s one of the most volatile markets these kind of ” → giải thích cực gọn cho người mới trong 45 giây.,run_how_to_trade_gold_for_beginners,Backlog
PP-0785,2.25,risk_management,risk_management,ive seen gold shoot up and down many a time is your stop loss always respected? or is it like the eur/chf a few years ago when it blow everyone stop loss away,0,0,https://www.youtube.com/watch?v=oc2zqnvsqi0,UgztTN3X8qkVCrZ6kv54AaABAg,Short (trả lời comment): mở bằng “ive seen gold shoot up and down many a time is your stop loss always respected? ” → 3 bước quản lý vốn/stop loss cho XAUUSD.,run_how_to_trade_gold_for_beginners,Backlog
PP-0786,2.25,entry_timing,entry_timing,This trade looked clean but is it part of a real system or just a lucky entry? 1-min scalping is brutal without rules.,0,0,https://www.youtube.com/watch?v=_YVQN6_nkfs,Ugzv7wHe6tIEi-9hAjp4AaABAg.Ab5MZlYef1HAb5N7OOrlS2,"Short (trả lời comment): “This trade looked clean but is it part of a real system or just a lucky entry? 1” → 3 điểm xác nhận trước khi vào lệnh, demo trên chart.",run_how_to_trade_gold_for_beginners,Backlog
PP-0787,2.25,education_gap,education_gap,As a beginner what do I need to do? how can I trade successfully and on which platform?,0,0,https://www.youtube.com/watch?v=AY7fWmE1CBk,UgwEMTlqA7IfXsNj_Z54AaABAg.9p84S2GC6Hn9p8Ndg0S1D7,Short (trả lời comment): “As a beginner what do I need to do? how can I trade successfully and on which pl” → giải thích cực gọn cho người mới trong 45 giây.,run_XAUUSD_trading_strategy,Backlog
PP-0788,2.25,other_question_or_pain,other_question_or_pain,Hello brother have you started trading?,0,0,https://www.youtube.com/watch?v=AY7fWmE1CBk,Ugx1jNDQ7vg1YFELRA94AaABAg.9s67Idx-1uJ9x3Fzza47ff,Short (trả lời comment): “Hello brother have you started trading?” → câu trả lời thẳng + 1 bước hành động ngay.,run_XAUUSD_trading_strategy,Backlog
PP-0789,2.25,education_gap,education_gap,​@VivaanTraderssplease bhai thoda short mei bol doge kya legally kaise kare ? What u mean,0,0,https://www.youtube.com/watch?v=Er7rWHlwlqU,Ugy8XhwCpFn6oLkchlp4AaABAg.AaQ4Bh6FLq2AaQFza3H0Vu,Short (trả lời comment): “​@VivaanTraderssplease bhai thoda short mei bol doge kya legally kaise kare ? Wh” → giải thích cực gọn cho người mới trong 45 giây.,run_XAUUSD_trading_strategy,Backlog
PP-0790,2.25,strategy_rules,strategy_rules,"Gold trading strategy ka explanation bahut clear tha, especially supply-demand zones wala concept real trading ke liye kaafi helpful laga 👍",0,0,https://www.youtube.com/watch?v=AY7fWmE1CBk,UgyCON1lcJvBAFaP0xp4AaABAg,"Short (trả lời comment): “Gold trading strategy ka explanation bahut clear tha, especially supply-demand z” → chiến lược này dùng khung nào, áp dụng ra sao trong 60 giây.",run_XAUUSD_trading_strategy,Backlog
PP-0791,2.25,other_question_or_pain,other_question_or_pain,Boss you have opened up my understanding of certain things about trading I was ignorant to. Thanks for taking your time to help us understand these concepts. God bless you,0,0,https://www.youtube.com/watch?v=AY7fWmE1CBk,UgztWM6p46d0FpeQ0c14AaABAg,Short (trả lời comment): “Boss you have opened up my understanding of certain things about trading I was i” → câu trả lời thẳng + 1 bước hành động ngay.,run_XAUUSD_trading_strategy,Backlog
PP-0792,2.25,other_question_or_pain,other_question_or_pain,Do you need any assistance?,0,0,https://www.youtube.com/watch?v=4e1duYMKJhc,UgwtwUw0Zf8UMSK8N654AaABAg.ATf_ImFGnJlATi5lWaPMoM,Short (trả lời comment): “Do you need any assistance?” → câu trả lời thẳng + 1 bước hành động ngay.,yt_api_run_001,Backlog
PP-0793,2.25,other_question_or_pain,other_question_or_pain,I really appreciate that feedback! It means a lot to know my advice is hitting home and being helpful.,0,0,https://www.youtube.com/watch?v=p9DYQ-8_F7g,UgzNSpAyV74HrKmN6tp4AaABAg.AX6Cb9k_x7DAX6FyEzQGdy,Short (trả lời comment): “I really appreciate that feedback! It means a lot to know my advice is hitting h” → câu trả lời thẳng + 1 bước hành động ngay.,yt_api_run_001,Backlog
PP-0794,2.193,risk_management|education_gap,risk_management,waste of time you did not explain practical example of risk management and the link in the description does not have risk management related video,1,0,https://www.youtube.com/watch?v=-zrFkI1cm4o,Ugw0EjC1gcrpTFogqCt4AaABAg,Short (trả lời comment): mở bằng “waste of time you did not explain practical example of risk management and the l” → 3 bước quản lý vốn/stop loss cho XAUUSD.,run_forex_risk_management_stop_loss,Backlog
PP-0795,2.193,strategy_rules|education_gap,strategy_rules,"there’s indicator that show candle color of bigger time frames in multiple time frames, use that don’t need to draw line and much easier. they called “higher time frame box” something",1,0,https://www.youtube.com/watch?v=npfiV52dXoc,UgxQLYkPi_ESofmITMt4AaABAg,"Short (trả lời comment): “there’s indicator that show candle color of bigger time frames in multiple time ” → chiến lược này dùng khung nào, áp dụng ra sao trong 60 giây.",run_forex_risk_management_stop_loss,Backlog
PP-0796,2.193,risk_management|entry_timing,risk_management,"Mas Tama SL nya kecil sedikit resiko, bagaimana jika kena SL setipis mas Tama setelah itu berbalik profit apakah SL entry SL ertry SL entry, sedangkan, karna entry TDK mungkin langsung ngikut apa yg kita inginkan SL terlalu tipis membuat kita tidak mendapatkan profit,apakah ada solusi nya mas Tama,paham nga maksud saya",1,0,https://www.youtube.com/watch?v=v_8HUVzO-rw,Ugy1KGBFYw0DyJsrsyh4AaABAg,"Short (trả lời comment): mở bằng “Mas Tama SL nya kecil sedikit resiko, bagaimana jika kena SL setipis mas Tama se” → 3 bước quản lý vốn/stop loss cho XAUUSD.",run_forex_risk_management_stop_loss,Backlog
PP-0797,2.193,risk_management|education_gap,risk_management,"Or....you don't set your stop loss directly where the trend will retest....set it a little lower. However, I still like the advice in this video.",1,0,https://www.youtube.com/watch?v=JrDNeM9p2J4,UgzYCvvOVbwSLWyJuPV4AaABAg,Short (trả lời comment): mở bằng “Or....you don't set your stop loss directly where the trend will retest....set i” → 3 bước quản lý vốn/stop loss cho XAUUSD.,run_forex_risk_management_stop_loss,Backlog
PP-0798,2.193,strategy_rules|broker_platform,strategy_rules,"​@TheMovingAverage I am not able to send a screenshot. I am trading with Deriv MT5, I tried it with the minimum lot, 1, and won $19.23 hahaha I was so nervous! I think it works with Volatility 100 (1s) too I used it in the Demo with that one and it went up well, but I stopped monitoring and it came down back to $4.09 as i am writing this comment. But I think I will make some money with this strategy.",1,0,https://www.youtube.com/watch?v=MKJz4yURCEs,Ugw12HJ0_HNkezm96T14AaABAg.AQ5Nw2M4LaoAQ7VtxzkO2Q,"Short (trả lời comment): “​@TheMovingAverage I am not able to send a screenshot. I am trading with Deriv M” → chiến lược này dùng khung nào, áp dụng ra sao trong 60 giây.",run_gold_price_action_trading,Backlog
PP-0799,2.193,risk_management|education_gap,risk_management,"You try this kind of stop loss, you’re dead in less than 10 seconds, you’ll know how fast gold is,",1,0,https://www.youtube.com/watch?v=7HD5ZG2MmeQ,Ugx9h2X4lSusZrJpgsZ4AaABAg,"Short (trả lời comment): mở bằng “You try this kind of stop loss, you’re dead in less than 10 seconds, you’ll know” → 3 bước quản lý vốn/stop loss cho XAUUSD.",run_gold_price_action_trading,Backlog
PP-0800,2.193,risk_management|entry_timing,risk_management,"The timing of this video, in retrospect was amazing. Had anyone followed it, they would have had a very good year. Now, with gold consolidated and ranging, this technique may be a bit risky. May 2026.",1,0,https://www.youtube.com/watch?v=MKJz4yURCEs,UgxiDn9YCJ085i0NqLh4AaABAg,"Short (trả lời comment): mở bằng “The timing of this video, in retrospect was amazing. Had anyone followed it, the” → 3 bước quản lý vốn/stop loss cho XAUUSD.",run_gold_price_action_trading,Backlog
PP-0801,2.193,risk_management|strategy_rules,risk_management,Sl should be below the candle which break the high and strategy works only during opening of sessions,1,0,https://www.youtube.com/watch?v=7HD5ZG2MmeQ,UgyPU0ihrKSFTTA_OUl4AaABAg,Short (trả lời comment): mở bằng “Sl should be below the candle which break the high and strategy works only durin” → 3 bước quản lý vốn/stop loss cho XAUUSD.,run_gold_price_action_trading,Backlog
PP-0802,2.193,risk_management|education_gap,risk_management,"incorect.. kinda atleast. Its also called orderblock, and theres more to validating it than the break of high or low, but what he said is correct. And yes you still arent 100 percent sure, because you dont know if banks etc have indeed placed orders at the OB, or if theres a good amount of liquidity below it that it will slightly wick before continuing up or w/e",1,0,https://www.youtube.com/watch?v=Qgx3t-pmzN8,UgyhNqIy96ZVO3hhWK14AaABAg.9p8hadrVg039pCPhrgfzi7,"Short (trả lời comment): mở bằng “incorect.. kinda atleast. Its also called orderblock, and theres more to validat” → 3 bước quản lý vốn/stop loss cho XAUUSD.",run_gold_price_action_trading,Backlog
PP-0803,2.193,broker_platform|education_gap,broker_platform,what broker do you use to trade gold,1,0,https://www.youtube.com/watch?v=en8RMFRqSME,UgwBWgISYQLbsSfRf-l4AaABAg,Short (trả lời comment): “what broker do you use to trade gold” → spread/slippage/sàn cần kiểm tra gì trước khi chọn broker.,run_gold_scalping_strategy,Backlog
PP-0804,2.193,strategy_rules|education_gap,strategy_rules,How I get price action indicator access,1,0,https://www.youtube.com/watch?v=xXy2CBssQQA,Ugwrt_iZzWWEAqs4Byp4AaABAg,"Short (trả lời comment): “How I get price action indicator access” → chiến lược này dùng khung nào, áp dụng ra sao trong 60 giây.",run_gold_scalping_strategy,Backlog
PP-0805,2.193,strategy_rules|education_gap,strategy_rules,This 5-min gold scalping strategy is 🔥 loved how clear and practical it was! 📈 Thanks for showing your real method for consistent profits 🙌,1,0,https://www.youtube.com/watch?v=fSp-jMvNOhE,Ugx2LgRATVGswrbjpzd4AaABAg,"Short (trả lời comment): “This 5-min gold scalping strategy is 🔥 loved how clear and practical it was! 📈 T” → chiến lược này dùng khung nào, áp dụng ra sao trong 60 giây.",run_gold_scalping_strategy,Backlog
PP-0806,2.193,entry_timing|education_gap,entry_timing,"im sorry to say but you didnt mention how to entry with a low time frame for more accuracy. like 1,2,3,5 minutes time frame.",1,0,https://www.youtube.com/watch?v=en8RMFRqSME,Ugyhio3gcq5Mu_kwjld4AaABAg,"Short (trả lời comment): “im sorry to say but you didnt mention how to entry with a low time frame for mor” → 3 điểm xác nhận trước khi vào lệnh, demo trên chart.",run_gold_scalping_strategy,Backlog
PP-0807,2.193,entry_timing|strategy_rules,entry_timing,"Me: finds a “perfect” 1-min setup Also me: enters late, exits early, re-enters, stops out, cries",1,0,https://www.youtube.com/watch?v=_YVQN6_nkfs,Ugzv7wHe6tIEi-9hAjp4AaABAg.Ab5MZlYef1HAb5N1_Pabuo,"Short (trả lời comment): “Me: finds a “perfect” 1-min setup Also me: enters late, exits early, re-enters, ” → 3 điểm xác nhận trước khi vào lệnh, demo trên chart.",run_how_to_trade_gold_for_beginners,Backlog
PP-0808,2.193,psychology|education_gap,psychology,"Big props to you on your wins please how did you become successful, lately I find everything difficult how did you overcome fear of loosing facing same here...",1,0,https://www.youtube.com/watch?v=AY7fWmE1CBk,UgwEMTlqA7IfXsNj_Z54AaABAg.9p84S2GC6Hn9p88OYy4DQV,"Short (trả lời comment): “Big props to you on your wins please how did you become successful, lately I fin” → cách lấy lại kỷ luật sau chuỗi thua, 1 phút thực hành.",run_XAUUSD_trading_strategy,Backlog
PP-0809,2.193,strategy_rules|education_gap,strategy_rules,"Gold trading strategy ko itne clearly explain kiya, especially supply-demand zones wala part real trading me kaafi useful hai 🔥",1,0,https://www.youtube.com/watch?v=AY7fWmE1CBk,Ugx5DxQrGMlnDVOrSiJ4AaABAg,"Short (trả lời comment): “Gold trading strategy ko itne clearly explain kiya, especially supply-demand zon” → chiến lược này dùng khung nào, áp dụng ra sao trong 60 giây.",run_XAUUSD_trading_strategy,Backlog
PP-0810,2.193,risk_management|strategy_rules,risk_management,Supply and demand where institutions are waiting to absorb retail SL I pray for the day a YouTube trading guru actually posts a strategy that actual works,1,0,https://www.youtube.com/watch?v=AY7fWmE1CBk,UgyiIT7FtQFglcVdGpZ4AaABAg,Short (trả lời comment): mở bằng “Supply and demand where institutions are waiting to absorb retail SL I pray for ” → 3 bước quản lý vốn/stop loss cho XAUUSD.,run_XAUUSD_trading_strategy,Backlog
PP-0811,2.055,education_gap,education_gap,Pak bikin tutorial deposit sma witdraw di forex dong mksh🙏,0,4,https://www.youtube.com/watch?v=vRoToHC9STU,UgwaOaG0kSgzBvdx3hh4AaABAg,Short (trả lời comment): “Pak bikin tutorial deposit sma witdraw di forex dong mksh🙏” → giải thích cực gọn cho người mới trong 45 giây.,run_forex_entry_confirmation,Backlog
PP-0812,2.055,strategy_rules,strategy_rules,"I am currently doing a BackTest Analysis and I could say that this strategy , still works until now",0,4,https://www.youtube.com/watch?v=XBcMiYK7qYY,UgwfHedNkCjrAX1ylTZ4AaABAg,"Short (trả lời comment): “I am currently doing a BackTest Analysis and I could say that this strategy , st” → chiến lược này dùng khung nào, áp dụng ra sao trong 60 giây.",run_gold_scalping_strategy,Backlog
PP-0813,1.943,risk_management,risk_management,TTG Thanks for all your videos bro learned so much! I have been trading the past 2 years but failed and burnt so much money and after watching some of your videos I am slowly seeing some lights now.,1,0,https://www.youtube.com/watch?v=kis7l0y1JUg,UgwJ8TAI5N3TN0fuBS94AaABAg,Short (trả lời comment): mở bằng “TTG Thanks for all your videos bro learned so much! I have been trading the past” → 3 bước quản lý vốn/stop loss cho XAUUSD.,run_forex_entry_confirmation,Backlog
PP-0814,1.943,broker_platform,broker_platform,Tergantung broker tuu bang,1,0,https://www.youtube.com/watch?v=vRoToHC9STU,UgwaOaG0kSgzBvdx3hh4AaABAg.9aliPL4h8RE9amMshwlquz,Short (trả lời comment): “Tergantung broker tuu bang” → spread/slippage/sàn cần kiểm tra gì trước khi chọn broker.,run_forex_entry_confirmation,Backlog
PP-0815,1.943,broker_platform,broker_platform,@madielsullivantv8825 aku pke mt4 bg,1,0,https://www.youtube.com/watch?v=vRoToHC9STU,UgwaOaG0kSgzBvdx3hh4AaABAg.9aliPL4h8RE9am_SKM_HWh,Short (trả lời comment): “@madielsullivantv8825 aku pke mt4 bg” → spread/slippage/sàn cần kiểm tra gì trước khi chọn broker.,run_forex_entry_confirmation,Backlog
PP-0816,1.943,broker_platform,broker_platform,Iy mt4 tp brokernya apa..,1,0,https://www.youtube.com/watch?v=vRoToHC9STU,UgwaOaG0kSgzBvdx3hh4AaABAg.9aliPL4h8RE9an1kgUMKr2,Short (trả lời comment): “Iy mt4 tp brokernya apa..” → spread/slippage/sàn cần kiểm tra gì trước khi chọn broker.,run_forex_entry_confirmation,Backlog
PP-0817,1.943,risk_management,risk_management,"Keep it simple in the beginning. Buy something, like an index fund, and hold. Educate yourself in the meantime and elevate your risk tolerance over time.",1,0,https://www.youtube.com/watch?v=kis7l0y1JUg,UgwlqFYuBy8uEZcXzml4AaABAg.9lRpcD5rj7m9lRpnRAreQ5,"Short (trả lời comment): mở bằng “Keep it simple in the beginning. Buy something, like an index fund, and hold. Ed” → 3 bước quản lý vốn/stop loss cho XAUUSD.",run_forex_entry_confirmation,Backlog
PP-0818,1.943,broker_platform,broker_platform,Mas tama pake broker apa ya 🙏,0,3,https://www.youtube.com/watch?v=vRoToHC9STU,Ugx1dua_KjM8Q5oRpQd4AaABAg,Short (trả lời comment): “Mas tama pake broker apa ya 🙏” → spread/slippage/sàn cần kiểm tra gì trước khi chọn broker.,run_forex_entry_confirmation,Backlog
PP-0819,1.943,education_gap,education_gap,I missed so many good trades but what u taught today opened my eyes.Thanks sir God bless you more,1,0,https://www.youtube.com/watch?v=FccA87INVUE,UgxjT-9fHkOt-LRUaI54AaABAg,Short (trả lời comment): “I missed so many good trades but what u taught today opened my eyes.Thanks sir G” → giải thích cực gọn cho người mới trong 45 giây.,run_forex_entry_confirmation,Backlog
PP-0820,1.943,education_gap,education_gap,And what if price continues on a bullish trend without that pull back,1,0,https://www.youtube.com/watch?v=tS9o8aQjADY,Ugxr4jTcfnFUKWby3Ll4AaABAg.AN3G98q8loGANL-8YC3oMC,Short (trả lời comment): “And what if price continues on a bullish trend without that pull back” → giải thích cực gọn cho người mới trong 45 giây.,run_forex_entry_confirmation,Backlog
PP-0821,1.943,entry_timing,entry_timing,Can u pls make a video on entry models Em 1 Em 2 Em 3 I would appreciate Justin,1,0,https://www.youtube.com/watch?v=taBdnsItyiI,Ugy4QqfgbsZ5F7FpSp54AaABAg,"Short (trả lời comment): “Can u pls make a video on entry models Em 1 Em 2 Em 3 I would appreciate Justin” → 3 điểm xác nhận trước khi vào lệnh, demo trên chart.",run_forex_entry_confirmation,Backlog
PP-0822,1.943,education_gap,education_gap,Amazing information ! This is what I needed! It s exactly what happens to me allot! 😊🙈👍 thank you allot!!❤,1,0,https://www.youtube.com/watch?v=taBdnsItyiI,Ugz97_--efocqjE95st4AaABAg,Short (trả lời comment): “Amazing information ! This is what I needed! It s exactly what happens to me all” → giải thích cực gọn cho người mới trong 45 giây.,run_forex_entry_confirmation,Backlog
PP-0823,1.943,strategy_rules,strategy_rules,Please follow this advice - it will make me rich - because its just a single part of a complete strategy and if you do it like he said - thanks for your money :-),1,0,https://www.youtube.com/watch?v=tS9o8aQjADY,Ugzr8-KIZxUIHVmi6WJ4AaABAg,"Short (trả lời comment): “Please follow this advice - it will make me rich - because its just a single par” → chiến lược này dùng khung nào, áp dụng ra sao trong 60 giây.",run_forex_entry_confirmation,Backlog
PP-0824,1.943,psychology,psychology,💯 agreed,1,0,https://www.youtube.com/watch?v=JrDNeM9p2J4,UgwIlvbZn-cC_aY5GgR4AaABAg.9moLwc9Pm829q7a0sD6t4g,"Short (trả lời comment): “💯 agreed” → cách lấy lại kỷ luật sau chuỗi thua, 1 phút thực hành.",run_forex_risk_management_stop_loss,Backlog
PP-0825,1.943,broker_platform,broker_platform,mas broker ap yg bisa pake dana atau wallet yg lain semoga di jawab,1,0,https://www.youtube.com/watch?v=smtAdlhwFHA,UgwJ_UBojgT5JT9QVbd4AaABAg,Short (trả lời comment): “mas broker ap yg bisa pake dana atau wallet yg lain semoga di jawab” → spread/slippage/sàn cần kiểm tra gì trước khi chọn broker.,run_forex_risk_management_stop_loss,Backlog
PP-0826,1.943,education_gap,education_gap,I love the way you are so frank and honest because i have been following you for a while and it is about time you have shown us your losses which it has really motivate me. More so giving back to the family is the most precious thing that you have made. Thank you so much for coming out,1,0,https://www.youtube.com/watch?v=7f2bpEwiJCY,UgwgfknKihHm14GMyvl4AaABAg,Short (trả lời comment): “I love the way you are so frank and honest because i have been following you for” → giải thích cực gọn cho người mới trong 45 giây.,run_forex_risk_management_stop_loss,Backlog
PP-0827,1.943,risk_management,risk_management,Except your example is trading against the trend on the daily. Price can very easily continue trending and hit your SL.,1,0,https://www.youtube.com/watch?v=npfiV52dXoc,Ugx1Wdqwn50rZwyqU9h4AaABAg,Short (trả lời comment): mở bằng “Except your example is trading against the trend on the daily. Price can very ea” → 3 bước quản lý vốn/stop loss cho XAUUSD.,run_forex_risk_management_stop_loss,Backlog
PP-0828,1.943,education_gap,education_gap,"WHY,WHEN and HOW to spot liquidity",1,0,https://www.youtube.com/watch?v=_D1MYH6D7jc,Ugx2VUGOOHyAWUMsBIJ4AaABAg,"Short (trả lời comment): “WHY,WHEN and HOW to spot liquidity” → giải thích cực gọn cho người mới trong 45 giây.",run_forex_risk_management_stop_loss,Backlog
PP-0829,1.943,risk_management,risk_management,"Bhai ‘stop loss ko random nahi, invalidation point pe rakhna chahiye’ wali baat ne pura concept clear kar diya 🔥 ab samaj aa gaya risk management hi real game hai 👀",1,0,https://www.youtube.com/watch?v=_D1MYH6D7jc,UgxYTnM97iX9IWVlzxJ4AaABAg,"Short (trả lời comment): mở bằng “Bhai ‘stop loss ko random nahi, invalidation point pe rakhna chahiye’ wali baat ” → 3 bước quản lý vốn/stop loss cho XAUUSD.",run_forex_risk_management_stop_loss,Backlog
PP-0830,1.943,risk_management,risk_management,"thanks ❤️ experienced the tight SL yday on silver I was correct with the trade but my SL was still in the supply , took me out with a wick 💔 now I've learned my lesson 😊",1,0,https://www.youtube.com/watch?v=_D1MYH6D7jc,UgxbAEPUoxSrzdj6RJp4AaABAg,Short (trả lời comment): mở bằng “thanks ❤️ experienced the tight SL yday on silver I was correct with the trade b” → 3 bước quản lý vốn/stop loss cho XAUUSD.,run_forex_risk_management_stop_loss,Backlog
PP-0831,1.943,risk_management,risk_management,"Tergantung modal bang, kalo modal dikit sl semakin mepet rawan kena sl",1,0,https://www.youtube.com/watch?v=smtAdlhwFHA,Ugy9VUfGZp1kQwSd-ql4AaABAg.AJLsF089CQHAJLun3Xg-81,"Short (trả lời comment): mở bằng “Tergantung modal bang, kalo modal dikit sl semakin mepet rawan kena sl” → 3 bước quản lý vốn/stop loss cho XAUUSD.",run_forex_risk_management_stop_loss,Backlog
PP-0832,1.943,risk_management,risk_management,"Bhai ye short ekdum sharp hai risk samajh ke chaloge toh game long term jeetoge, warna ek galti sab khatam 📉🔥💯",1,0,https://www.youtube.com/watch?v=Dyg4lZo89sM,UgyTOZaFQCcvt8rQ4vd4AaABAg,"Short (trả lời comment): mở bằng “Bhai ye short ekdum sharp hai risk samajh ke chaloge toh game long term jeetoge,” → 3 bước quản lý vốn/stop loss cho XAUUSD.",run_forex_risk_management_stop_loss,Backlog
PP-0833,1.943,broker_platform,broker_platform,"mas, Tolong Review broker Legal Octa Pulse.. please 🙏",1,0,https://www.youtube.com/watch?v=v_8HUVzO-rw,Ugy_bYzSJnDlo4q-fUR4AaABAg,"Short (trả lời comment): “mas, Tolong Review broker Legal Octa Pulse.. please 🙏” → spread/slippage/sàn cần kiểm tra gì trước khi chọn broker.",run_forex_risk_management_stop_loss,Backlog
PP-0834,1.943,risk_management,risk_management,Always happening. my stop loss is behaving like my real trade and trade is happens like my stop loss direction .,1,0,https://www.youtube.com/watch?v=JrDNeM9p2J4,UgydRXFOy5OCLm-Zfn54AaABAg,Short (trả lời comment): mở bằng “Always happening. my stop loss is behaving like my real trade and trade is happe” → 3 bước quản lý vốn/stop loss cho XAUUSD.,run_forex_risk_management_stop_loss,Backlog
PP-0835,1.943,strategy_rules,strategy_rules,In hindsight we can finally see that indicators work,1,0,https://www.youtube.com/watch?v=JrDNeM9p2J4,UgykJMomP23Nl5gmDGt4AaABAg,"Short (trả lời comment): “In hindsight we can finally see that indicators work” → chiến lược này dùng khung nào, áp dụng ra sao trong 60 giây.",run_forex_risk_management_stop_loss,Backlog
PP-0836,1.943,risk_management,risk_management,Thankyou so much bro on the lot size part n risk per trade is just OP this coming week will be awesome 🔥😤💯📌,1,0,https://www.youtube.com/watch?v=7f2bpEwiJCY,Ugyratvh7KqBcOkcJ7N4AaABAg,Short (trả lời comment): mở bằng “Thankyou so much bro on the lot size part n risk per trade is just OP this comin” → 3 bước quản lý vốn/stop loss cho XAUUSD.,run_forex_risk_management_stop_loss,Backlog
PP-0837,1.943,strategy_rules,strategy_rules,This works for me because it's align with my strategy,1,0,https://www.youtube.com/watch?v=npfiV52dXoc,UgzHUtri9qqgUiyB8zd4AaABAg,"Short (trả lời comment): “This works for me because it's align with my strategy” → chiến lược này dùng khung nào, áp dụng ra sao trong 60 giây.",run_forex_risk_management_stop_loss,Backlog
PP-0838,1.943,risk_management,risk_management,@Dapa-s5h iya cent biar risk nya bisa 1% dengan modal kecil.. ada modal lagi baru ditambahin bertahap,1,0,https://www.youtube.com/watch?v=v_8HUVzO-rw,UgzusYQmjVwPEuYkhWt4AaABAg.AH6BOWuuRbHAHA1-QYzHgX,Short (trả lời comment): mở bằng “@Dapa-s5h iya cent biar risk nya bisa 1% dengan modal kecil.. ada modal lagi bar” → 3 bước quản lý vốn/stop loss cho XAUUSD.,run_forex_risk_management_stop_loss,Backlog
PP-0839,1.943,education_gap,education_gap,"I'm about to turn 40. I started day trading with 200$ This past february. I now have a portfolio worth 3k and thats after putting 2k into my bank account. Gotta find the right people to learn from. Cameron Ross is who I give all the credit to for my newfound abilities.... as well as having an odd natural understanding of price action before I knew what it was. Not everyone will have these results but once you learn how you want to trade, it becomes much much easier to forcast.",1,0,https://www.youtube.com/watch?v=0L6Rcgp6j7Y,Ugw7bJMyV8abUs3WF2Z4AaABAg.ALYQwc8hYE4AMT3Yv9OaNi,Short (trả lời comment): “I'm about to turn 40. I started day trading with 200$ This past february. I now ” → giải thích cực gọn cho người mới trong 45 giây.,run_gold_price_action_trading,Backlog
PP-0840,1.943,strategy_rules,strategy_rules,Best strategy ✅💲,1,0,https://www.youtube.com/watch?v=7HD5ZG2MmeQ,UgwWzgOwq6qqUAR7_nx4AaABAg,"Short (trả lời comment): “Best strategy ✅💲” → chiến lược này dùng khung nào, áp dụng ra sao trong 60 giây.",run_gold_price_action_trading,Backlog
PP-0841,1.943,entry_timing,entry_timing,This is an entry trade before the trend even starts!,1,0,https://www.youtube.com/watch?v=7HD5ZG2MmeQ,Ugx335M9D41-JkHeTDt4AaABAg,"Short (trả lời comment): “This is an entry trade before the trend even starts!” → 3 điểm xác nhận trước khi vào lệnh, demo trên chart.",run_gold_price_action_trading,Backlog
PP-0842,1.943,education_gap,education_gap,That’s why you wait for confirmation brother. Don’t just jump into the trade right away,1,0,https://www.youtube.com/watch?v=0L6Rcgp6j7Y,UgxN5Q8ku-cuFvC23O14AaABAg.9lbkPl1p22H9rfgbsZkuwV,Short (trả lời comment): “That’s why you wait for confirmation brother. Don’t just jump into the trade rig” → giải thích cực gọn cho người mới trong 45 giây.,run_gold_price_action_trading,Backlog
PP-0843,1.943,education_gap,education_gap,This is what I want to master. Pure price action,1,0,https://www.youtube.com/watch?v=5mw_y1HK_rI,Ugxs5fMCnLj8oFktatV4AaABAg,Short (trả lời comment): “This is what I want to master. Pure price action” → giải thích cực gọn cho người mới trong 45 giây.,run_gold_price_action_trading,Backlog
PP-0844,1.943,strategy_rules,strategy_rules,It literally says 15 minute timeframe 😂,1,0,https://www.youtube.com/watch?v=sK-_6uIGMck,Ugxv8oBVmj_m-q3bxAp4AaABAg.AH1RS49uPtkAJYW24Ns1gf,"Short (trả lời comment): “It literally says 15 minute timeframe 😂” → chiến lược này dùng khung nào, áp dụng ra sao trong 60 giây.",run_gold_price_action_trading,Backlog
PP-0845,1.943,strategy_rules,strategy_rules,Go checkout his livestreams he will give the setups there,1,0,https://www.youtube.com/watch?v=sK-_6uIGMck,UgyH7gHu24h7OK0c6EN4AaABAg.AKN1igtOmsQAMCf_988r3z,"Short (trả lời comment): “Go checkout his livestreams he will give the setups there” → chiến lược này dùng khung nào, áp dụng ra sao trong 60 giây.",run_gold_price_action_trading,Backlog
PP-0846,1.943,strategy_rules,strategy_rules,timeframe please,1,0,https://www.youtube.com/watch?v=MKJz4yURCEs,UgylGU9X0YUao-kTip94AaABAg.AKTi_S29sRNARrMFEnKtHb,"Short (trả lời comment): “timeframe please” → chiến lược này dùng khung nào, áp dụng ra sao trong 60 giây.",run_gold_price_action_trading,Backlog
PP-0847,1.943,entry_timing,entry_timing,Appreciate you're work but you have to enter at retest ❤,1,0,https://www.youtube.com/watch?v=5mw_y1HK_rI,Ugz7YqORcAyWrPmp4zx4AaABAg,"Short (trả lời comment): “Appreciate you're work but you have to enter at retest ❤” → 3 điểm xác nhận trước khi vào lệnh, demo trên chart.",run_gold_price_action_trading,Backlog
PP-0848,1.943,strategy_rules,strategy_rules,guys did u see the doji after the first HH ... thats your strategy for sell,1,0,https://www.youtube.com/watch?v=sK-_6uIGMck,UgzDVZFfVapZt0RFHMZ4AaABAg,"Short (trả lời comment): “guys did u see the doji after the first HH ... thats your strategy for sell” → chiến lược này dùng khung nào, áp dụng ra sao trong 60 giây.",run_gold_price_action_trading,Backlog
PP-0849,1.943,risk_management,risk_management,Gold hunts SL,1,0,https://www.youtube.com/watch?v=7HD5ZG2MmeQ,UgzlWtojcuG8xz5XR_d4AaABAg,Short (trả lời comment): mở bằng “Gold hunts SL” → 3 bước quản lý vốn/stop loss cho XAUUSD.,run_gold_price_action_trading,Backlog
PP-0850,1.943,strategy_rules,strategy_rules,The great Pat. Iđ from Nord Mecedonija end I love this pull back strategy. God blass You🙏,1,0,https://www.youtube.com/watch?v=nCBF6wrOKic,UgwGKKmZXaAO0ELC5zB4AaABAg,"Short (trả lời comment): “The great Pat. Iđ from Nord Mecedonija end I love this pull back strategy. God b” → chiến lược này dùng khung nào, áp dụng ra sao trong 60 giây.",run_gold_scalping_strategy,Backlog
PP-0851,1.943,risk_management,risk_management,I have a algo that does the same thing while I sleep its awesome,1,0,https://www.youtube.com/watch?v=I29peidTQxU,UgwIjzrfIY7Ch8VIbJJ4AaABAg,Short (trả lời comment): mở bằng “I have a algo that does the same thing while I sleep its awesome” → 3 bước quản lý vốn/stop loss cho XAUUSD.,run_gold_scalping_strategy,Backlog
PP-0852,1.943,strategy_rules,strategy_rules,"​@quantumprotocolmanThis comment is about technical analysis, not this specific strategy. And you may see that technical analysis works in the long run. Rr>wr",1,0,https://www.youtube.com/watch?v=I29peidTQxU,UgwNaMEeh_GPh76xfY94AaABAg.ASpB8SaNAlmAT2Spew4yPz,"Short (trả lời comment): “​@quantumprotocolmanThis comment is about technical analysis, not this specific ” → chiến lược này dùng khung nào, áp dụng ra sao trong 60 giây.",run_gold_scalping_strategy,Backlog
PP-0853,1.943,education_gap,education_gap,"Hi buddy, I want to know about Liquidity Map, Liquidity Heatmap. how to use these two tools with SMC. please explain one by one ❤",1,0,https://www.youtube.com/watch?v=xXy2CBssQQA,UgwYwtgyQ4gEx3UlD4V4AaABAg,"Short (trả lời comment): “Hi buddy, I want to know about Liquidity Map, Liquidity Heatmap. how to use thes” → giải thích cực gọn cho người mới trong 45 giây.",run_gold_scalping_strategy,Backlog
PP-0854,1.943,strategy_rules,strategy_rules,Whole channel is a scam like that. Never given a useful strategy,1,0,https://www.youtube.com/watch?v=XBcMiYK7qYY,Ugwan0buuzLPbi2_IJR4AaABAg.A0sbCkQK_YHARy5NwfURmx,"Short (trả lời comment): “Whole channel is a scam like that. Never given a useful strategy” → chiến lược này dùng khung nào, áp dụng ra sao trong 60 giây.",run_gold_scalping_strategy,Backlog
PP-0855,1.943,strategy_rules,strategy_rules,bro your is strategy is really good then let try it out,1,0,https://www.youtube.com/watch?v=nCBF6wrOKic,UgwfAs9t1HF7O94TAlp4AaABAg,"Short (trả lời comment): “bro your is strategy is really good then let try it out” → chiến lược này dùng khung nào, áp dụng ra sao trong 60 giây.",run_gold_scalping_strategy,Backlog
PP-0856,1.943,strategy_rules,strategy_rules,Damn thanks mate this strategy added 100k 🥳 ......... In my debt,1,0,https://www.youtube.com/watch?v=I29peidTQxU,UgwvP7Jw3GN3XoMoSER4AaABAg,"Short (trả lời comment): “Damn thanks mate this strategy added 100k 🥳 ......... In my debt” → chiến lược này dùng khung nào, áp dụng ra sao trong 60 giây.",run_gold_scalping_strategy,Backlog
PP-0857,1.943,education_gap,education_gap,​@mariamamch4340 what currency did you trade,1,0,https://www.youtube.com/watch?v=XBcMiYK7qYY,UgxE363Oz35usSyKH1l4AaABAg.9yrRE3Nw0TlA74v5h41oWB,Short (trả lời comment): “​@mariamamch4340 what currency did you trade” → giải thích cực gọn cho người mới trong 45 giây.,run_gold_scalping_strategy,Backlog
PP-0858,1.943,education_gap,education_gap,How to know a trading range,1,0,https://www.youtube.com/watch?v=xXy2CBssQQA,UgxPs0bFEHwN48Zmmtt4AaABAg,Short (trả lời comment): “How to know a trading range” → giải thích cực gọn cho người mới trong 45 giây.,run_gold_scalping_strategy,Backlog
PP-0859,1.943,strategy_rules,strategy_rules,"The indicators are only valid on that specific timeframe, so not paralel from each other.",1,0,https://www.youtube.com/watch?v=XBcMiYK7qYY,UgxZgBay0P4YfPVY0kt4AaABAg.9_I5sXPnXRZ9tz0B8sT8tZ,"Short (trả lời comment): “The indicators are only valid on that specific timeframe, so not paralel from ea” → chiến lược này dùng khung nào, áp dụng ra sao trong 60 giây.",run_gold_scalping_strategy,Backlog
PP-0860,1.943,strategy_rules,strategy_rules,At this point you'll have to drop a full strategy because wow,1,0,https://www.youtube.com/watch?v=nCBF6wrOKic,UgyVaHugcqIBGoX5Msx4AaABAg,"Short (trả lời comment): “At this point you'll have to drop a full strategy because wow” → chiến lược này dùng khung nào, áp dụng ra sao trong 60 giây.",run_gold_scalping_strategy,Backlog
PP-0861,1.943,risk_management,risk_management,"After long waiting,,,, thankyou MY MENTOR SMART RISK",1,0,https://www.youtube.com/watch?v=xXy2CBssQQA,Ugyu_YLxHg6lt54UaT94AaABAg,"Short (trả lời comment): mở bằng “After long waiting,,,, thankyou MY MENTOR SMART RISK” → 3 bước quản lý vốn/stop loss cho XAUUSD.",run_gold_scalping_strategy,Backlog
PP-0862,1.943,education_gap,education_gap,"Unique about me, is started career as an accountant and then when I was getting ready to take my CPA exam, I stopped and realized I hated what I was doing, and so I made my hobby my career, and spent the next 30 years in Fortune 100/500 IT consulting and enjoyed it. Now I am looking at this and it looks fun and profitable.",1,0,https://www.youtube.com/watch?v=nCBF6wrOKic,Ugz70g-KPrq4m7LjHG54AaABAg,"Short (trả lời comment): “Unique about me, is started career as an accountant and then when I was getting ” → giải thích cực gọn cho người mới trong 45 giây.",run_gold_scalping_strategy,Backlog
PP-0863,1.943,strategy_rules,strategy_rules,Great strategy 👍🏻,1,0,https://www.youtube.com/watch?v=nCBF6wrOKic,UgzK7htVz8HzIgvQ82t4AaABAg,"Short (trả lời comment): “Great strategy 👍🏻” → chiến lược này dùng khung nào, áp dụng ra sao trong 60 giây.",run_gold_scalping_strategy,Backlog
PP-0864,1.943,education_gap,education_gap,"Depends on how much you have in the account,and how many trades you open,and also how many pips you get for each trade",1,0,https://www.youtube.com/watch?v=fSp-jMvNOhE,UgzKXeQyMoaZYqjBGLZ4AaABAg.A4_2ksH87FcA5l82VGhBgr,"Short (trả lời comment): “Depends on how much you have in the account,and how many trades you open,and als” → giải thích cực gọn cho người mới trong 45 giây.",run_gold_scalping_strategy,Backlog
PP-0865,1.943,strategy_rules,strategy_rules,Great strategy,1,0,https://www.youtube.com/watch?v=nCBF6wrOKic,Ugz_ub9LnkIuZ87zsIN4AaABAg,"Short (trả lời comment): “Great strategy” → chiến lược này dùng khung nào, áp dụng ra sao trong 60 giây.",run_gold_scalping_strategy,Backlog
PP-0866,1.943,strategy_rules,strategy_rules,So good strategy bro....😮❤,1,0,https://www.youtube.com/watch?v=I29peidTQxU,UgzgKJI5S9wdzd0Lksl4AaABAg,"Short (trả lời comment): “So good strategy bro....😮❤” → chiến lược này dùng khung nào, áp dụng ra sao trong 60 giây.",run_gold_scalping_strategy,Backlog
PP-0867,1.943,risk_management,risk_management,I thought exactly the same thing... I think he means a lot size of 15.0 not 0.15 😅,1,0,https://www.youtube.com/watch?v=en8RMFRqSME,UgztmfvgmNdhpn-s-hJ4AaABAg.A__0UuT4sHzA__Iw4le9lT,Short (trả lời comment): mở bằng “I thought exactly the same thing... I think he means a lot size of 15.0 not 0.15” → 3 bước quản lý vốn/stop loss cho XAUUSD.,run_gold_scalping_strategy,Backlog
PP-0868,1.943,education_gap,education_gap,That’s actually smart. Doing it alone with emotions is how most people lose. You need someone who actually understands the market and is professional with placing trades. That’s the key.,1,0,https://www.youtube.com/watch?v=_YVQN6_nkfs,Ugx7eBceMIXuxeY0fMB4AaABAg.AbP0Q4_sbsgAbP1cm28L8K,Short (trả lời comment): “That’s actually smart. Doing it alone with emotions is how most people lose. You” → giải thích cực gọn cho người mới trong 45 giây.,run_how_to_trade_gold_for_beginners,Backlog
PP-0869,1.943,strategy_rules,strategy_rules,this is awaresome gold strategy,1,0,https://www.youtube.com/watch?v=X82qlU1cgLI,UgxgcR_MTd_8gNo0CMd4AaABAg,"Short (trả lời comment): “this is awaresome gold strategy” → chiến lược này dùng khung nào, áp dụng ra sao trong 60 giây.",run_how_to_trade_gold_for_beginners,Backlog
PP-0870,1.943,education_gap,education_gap,"Just here smiling, how i had the exact set up on gold as you,this was amazingly beautiful. Thank you so much for this wonderful lessons, May God keep blessing you,",1,0,https://www.youtube.com/watch?v=X82qlU1cgLI,Ugxoy6Td_YMOqOL5jcN4AaABAg,"Short (trả lời comment): “Just here smiling, how i had the exact set up on gold as you,this was amazingly ” → giải thích cực gọn cho người mới trong 45 giây.",run_how_to_trade_gold_for_beginners,Backlog
PP-0871,1.943,education_gap,education_gap,How can I start trading gold,1,0,https://www.youtube.com/watch?v=udvUjY5YLwo,UgxsNzOX0ta4tCVEI114AaABAg,Short (trả lời comment): “How can I start trading gold” → giải thích cực gọn cho người mới trong 45 giây.,run_how_to_trade_gold_for_beginners,Backlog
PP-0872,1.943,entry_timing,entry_timing,Top commenter tapped in,1,0,https://www.youtube.com/watch?v=X82qlU1cgLI,Ugxt8Nfeqv3CCR56E1x4AaABAg,"Short (trả lời comment): “Top commenter tapped in” → 3 điểm xác nhận trước khi vào lệnh, demo trên chart.",run_how_to_trade_gold_for_beginners,Backlog
PP-0873,1.943,education_gap,education_gap,Plz I need someone to put me how to trade gold ......I am tired of wasting my account Everytime,1,0,https://www.youtube.com/watch?v=udvUjY5YLwo,Ugy-MSlrc3Vl72nFkeV4AaABAg.9Ex4UVRIElp9_UJAoRwYXj,Short (trả lời comment): “Plz I need someone to put me how to trade gold ......I am tired of wasting my ac” → giải thích cực gọn cho người mới trong 45 giây.,run_how_to_trade_gold_for_beginners,Backlog
PP-0874,1.943,education_gap,education_gap,"Gold has always done exactly what it said it would,,, if it had a voice",1,0,https://www.youtube.com/watch?v=oc2zqnvsqi0,UgyCF-oqx-FqsJggyQd4AaABAg,"Short (trả lời comment): “Gold has always done exactly what it said it would,,, if it had a voice” → giải thích cực gọn cho người mới trong 45 giây.",run_how_to_trade_gold_for_beginners,Backlog
PP-0875,1.943,education_gap,education_gap,"I get you. Trading _is_ real, but right now a lot of crypto investors are struggling. The difference for me was getting proper mentorship instead of trying to figure it out alone. I know someone — Shirley Hopkins. She’s really good at studying the markets and building strategies. She saved me years of trial and error. What I learned from her is how she explains things in real time. With her guidance I don’t panic if the market goes up or down because I actually understand the plan.",1,0,https://www.youtube.com/watch?v=_YVQN6_nkfs,UgyE-3962Fz-0tcVMGx4AaABAg.AbLRhmSUDbNAbLS74MmRnQ,"Short (trả lời comment): “I get you. Trading _is_ real, but right now a lot of crypto investors are strugg” → giải thích cực gọn cho người mới trong 45 giây.",run_how_to_trade_gold_for_beginners,Backlog
PP-0876,1.943,education_gap,education_gap,"I’m thinking of starting with €5,000 and just seeing how it goes. I really need to bounce back from my losses.",1,0,https://www.youtube.com/watch?v=_YVQN6_nkfs,UgyE-3962Fz-0tcVMGx4AaABAg.AbLRhmSUDbNAbLSzMsIj7j,"Short (trả lời comment): “I’m thinking of starting with €5,000 and just seeing how it goes. I really need ” → giải thích cực gọn cho người mới trong 45 giây.",run_how_to_trade_gold_for_beginners,Backlog
PP-0877,1.943,strategy_rules,strategy_rules,"I love your no indicator methods......In the past, I have tried so many........ You are always so laid back and calm when you are trading......I am definitely working on carrying this mindset into my trading journey.....Stress free over here..... Your strategies are so simple.... Thanks for all the gems, as always. I am working on not over complicating my trading ❤.",1,0,https://www.youtube.com/watch?v=X82qlU1cgLI,UgyEjnAqPX6THwkTre14AaABAg,"Short (trả lời comment): “I love your no indicator methods......In the past, I have tried so many........ ” → chiến lược này dùng khung nào, áp dụng ra sao trong 60 giây.",run_how_to_trade_gold_for_beginners,Backlog
PP-0878,1.943,strategy_rules,strategy_rules,i just shocked about this strategy,1,0,https://www.youtube.com/watch?v=X82qlU1cgLI,UgyIAvD3-2UhxMBGmEd4AaABAg,"Short (trả lời comment): “i just shocked about this strategy” → chiến lược này dùng khung nào, áp dụng ra sao trong 60 giây.",run_how_to_trade_gold_for_beginners,Backlog
PP-0879,1.943,strategy_rules,strategy_rules,"Your explanation is simple and clear,.. No complication over here. Your charts, very clean.. No magic indicator, just good analysis then followed by OBLITERATION of the market!! Nice one Tino❤🔥🔥",1,0,https://www.youtube.com/watch?v=X82qlU1cgLI,UgyVoBigJEa0WB7zf3R4AaABAg,"Short (trả lời comment): “Your explanation is simple and clear,.. No complication over here. Your charts, ” → chiến lược này dùng khung nào, áp dụng ra sao trong 60 giây.",run_how_to_trade_gold_for_beginners,Backlog
PP-0880,1.943,education_gap,education_gap,Where and on what platform I can trade gold daily,1,0,https://www.youtube.com/watch?v=udvUjY5YLwo,UgyyuAan-Lgbb2Gz6ZJ4AaABAg,Short (trả lời comment): “Where and on what platform I can trade gold daily” → giải thích cực gọn cho người mới trong 45 giây.,run_how_to_trade_gold_for_beginners,Backlog
PP-0881,1.943,strategy_rules,strategy_rules,I have tried this strategy bro...it's actually making sense a lot to me. But through my testing process I found out that it's working better on EURO/USD bcz that market respects support and resistance...it's not that volatile. This strategy is worth trying out. Thank you!,1,0,https://www.youtube.com/watch?v=X82qlU1cgLI,Ugz2xkoNMubE0YQjtTR4AaABAg,"Short (trả lời comment): “I have tried this strategy bro...it's actually making sense a lot to me. But thr” → chiến lược này dùng khung nào, áp dụng ra sao trong 60 giây.",run_how_to_trade_gold_for_beginners,Backlog
PP-0882,1.943,risk_management,risk_management,Translate Indonesia sir,1,0,https://www.youtube.com/watch?v=oc2zqnvsqi0,UgzfWoQsr5F72OzyepB4AaABAg,Short (trả lời comment): mở bằng “Translate Indonesia sir” → 3 bước quản lý vốn/stop loss cho XAUUSD.,run_how_to_trade_gold_for_beginners,Backlog
PP-0883,1.943,strategy_rules,strategy_rules,Good Strategy Bro... Love from India,1,0,https://www.youtube.com/watch?v=AY7fWmE1CBk,Ugx6Wdp22obnxmS1Hjd4AaABAg,"Short (trả lời comment): “Good Strategy Bro... Love from India” → chiến lược này dùng khung nào, áp dụng ra sao trong 60 giây.",run_XAUUSD_trading_strategy,Backlog
PP-0884,1.943,strategy_rules,strategy_rules,Rajput bhai ki strategy bhi aisi hain 🙂🫴,1,0,https://www.youtube.com/watch?v=Er7rWHlwlqU,UgySj9sqef_qjamYA2F4AaABAg,"Short (trả lời comment): “Rajput bhai ki strategy bhi aisi hain 🙂🫴” → chiến lược này dùng khung nào, áp dụng ra sao trong 60 giây.",run_XAUUSD_trading_strategy,Backlog
PP-0885,1.943,education_gap,education_gap,"plz do a video where you explain the tools in trading view like the long position, short position or how to read pips on these tools plz",1,0,https://www.youtube.com/watch?v=AY7fWmE1CBk,Ugz8N9B9ic-TTWn25eJ4AaABAg,Short (trả lời comment): “plz do a video where you explain the tools in trading view like the long positio” → giải thích cực gọn cho người mới trong 45 giây.,run_XAUUSD_trading_strategy,Backlog
PP-0886,1.943,strategy_rules,strategy_rules,"Going through your old videos 😅😅 you combining support and resistance, demand and supply, your trading strategy of now (market mechanics) is way better",1,0,https://www.youtube.com/watch?v=AY7fWmE1CBk,UgzXVN8kiAsCzPnQMc54AaABAg,"Short (trả lời comment): “Going through your old videos 😅😅 you combining support and resistance, demand an” → chiến lược này dùng khung nào, áp dụng ra sao trong 60 giây.",run_XAUUSD_trading_strategy,Backlog
PP-0887,1.943,strategy_rules,strategy_rules,Everyone has the only trading strategy u only need but they don't have the ability to do all the other important steps to execute the entire plan for u,1,0,https://www.youtube.com/watch?v=AY7fWmE1CBk,UgzxKneyYJ6fapyei5l4AaABAg,"Short (trả lời comment): “Everyone has the only trading strategy u only need but they don't have the abili” → chiến lược này dùng khung nào, áp dụng ra sao trong 60 giây.",run_XAUUSD_trading_strategy,Backlog
PP-0888,1.847,risk_management|education_gap,risk_management,"Most people start with a risk level, then whether they win or lose, they usually increase the amount of risk they take. Not a sound tactic without determining what your goal is and if that objective is a reasonable outcome.",0,1,https://www.youtube.com/watch?v=Dyg4lZo89sM,Ugz43kzqL1a6tltV3dV4AaABAg,"Short (trả lời comment): mở bằng “Most people start with a risk level, then whether they win or lose, they usually” → 3 bước quản lý vốn/stop loss cho XAUUSD.",run_forex_risk_management_stop_loss,Backlog
PP-0889,1.847,strategy_rules|education_gap,strategy_rules,"may I ask if I follow this strategy, how much percentage my account potentially can grow in a month.",0,1,https://www.youtube.com/watch?v=fSp-jMvNOhE,UgzKXeQyMoaZYqjBGLZ4AaABAg,"Short (trả lời comment): “may I ask if I follow this strategy, how much percentage my account potentially ” → chiến lược này dùng khung nào, áp dụng ra sao trong 60 giây.",run_gold_scalping_strategy,Backlog
PP-0890,1.847,strategy_rules|education_gap,strategy_rules,How to get this indicator,0,1,https://www.youtube.com/watch?v=NW53PqrXCXA,UgzjclDpi-sLsF9DtcB4AaABAg,"Short (trả lời comment): “How to get this indicator” → chiến lược này dùng khung nào, áp dụng ra sao trong 60 giây.",run_XAUUSD_trading_strategy,Backlog
PP-0891,1.799,entry_timing,entry_timing,Is it okay to enter a trade without a liquidity forming like this or should I wait for liquidity first after choch,0,2,https://www.youtube.com/watch?v=sK-_6uIGMck,UgxLRT0fY4aomQNq5xp4AaABAg,"Short (trả lời comment): “Is it okay to enter a trade without a liquidity forming like this or should I wa” → 3 điểm xác nhận trước khi vào lệnh, demo trên chart.",run_gold_price_action_trading,Backlog
PP-0892,1.75,risk_management|strategy_rules|education_gap,risk_management,How to use SL❎ A new strategy ✅,0,0,https://www.youtube.com/watch?v=npfiV52dXoc,Ugw8zbE79bPvuOQj5_d4AaABAg,Short (trả lời comment): mở bằng “How to use SL❎ A new strategy ✅” → 3 bước quản lý vốn/stop loss cho XAUUSD.,run_forex_risk_management_stop_loss,Backlog
PP-0893,1.75,risk_management|strategy_rules|education_gap,risk_management,"I think you have the wrong idea. This does sometimes work, but it's not really predictable. What is predictable though is that price likes to test levels and take out stop losses. So maybe buy into a resistance and sell into support. Only use higher timeframe support and resistance as profit targets on the low timeframes.",0,0,https://www.youtube.com/watch?v=Qgx3t-pmzN8,UgyQtQNp1jajyj3GHAt4AaABAg.9obGusORWaV9tpTHCiNysL,"Short (trả lời comment): mở bằng “I think you have the wrong idea. This does sometimes work, but it's not really p” → 3 bước quản lý vốn/stop loss cho XAUUSD.",run_gold_price_action_trading,Backlog
PP-0894,1.75,risk_management|strategy_rules|education_gap,risk_management,thanks for sharing. seems easy to replicate. what if i buy a stock after the green indicator. should i exit if i see red engulfing candle coming soon after (though not reaching my stop loss),0,0,https://www.youtube.com/watch?v=XBcMiYK7qYY,UgwmhQw2FGSJgua1L9h4AaABAg,Short (trả lời comment): mở bằng “thanks for sharing. seems easy to replicate. what if i buy a stock after the gre” → 3 bước quản lý vốn/stop loss cho XAUUSD.,run_gold_scalping_strategy,Backlog
PP-0895,1.75,risk_management|strategy_rules|education_gap,risk_management,@andresvega6001 moron lol obviously never backtested it either backtested on every time frame account blown everytime obviously all these comments are from bots i have tried several of this channels strategies every single 1 doesnt work this kid has no idea what hes talking about how about he shows us him trading this strategy live an not cherry picking the 1/100 trades that actually worked out,0,0,https://www.youtube.com/watch?v=XBcMiYK7qYY,UgwsVGT7f22vey1M7z94AaABAg.A4suUUiXIXgAE_GV_69YPx,Short (trả lời comment): mở bằng “@andresvega6001 moron lol obviously never backtested it either backtested on eve” → 3 bước quản lý vốn/stop loss cho XAUUSD.,run_gold_scalping_strategy,Backlog
PP-0896,1.75,risk_management|strategy_rules|education_gap,risk_management,"Clear and well-structured breakdown of the strategy. The way you explain entries, structure, and risk management makes it easy to follow even for beginners. Solid value packed into a short video.",0,0,https://www.youtube.com/watch?v=nCBF6wrOKic,Ugwu-LyCwDOwwHSeVN54AaABAg,Short (trả lời comment): mở bằng “Clear and well-structured breakdown of the strategy. The way you explain entries” → 3 bước quản lý vốn/stop loss cho XAUUSD.,run_gold_scalping_strategy,Backlog
PP-0897,1.75,strategy_rules|broker_platform|education_gap,strategy_rules,@ridershortz8129 how do you setup on mt5,0,0,https://www.youtube.com/watch?v=fSp-jMvNOhE,UgyEVh_KhD9GiSxxjWd4AaABAg.ABN8z66n49NACMov3W3OhJ,"Short (trả lời comment): “@ridershortz8129 how do you setup on mt5” → chiến lược này dùng khung nào, áp dụng ra sao trong 60 giây.",run_gold_scalping_strategy,Backlog
PP-0898,1.75,risk_management|entry_timing|psychology,risk_management,"Honestly he’s different. His whole focus is risk management. He makes you stay disciplined so you don’t over trade, and he gives you a clear blueprint for when to enter. No guessing at all.",0,0,https://www.youtube.com/watch?v=XBcMiYK7qYY,Ugylq_YVpcNSVKPrxpJ4AaABAg.AbLYzW5SZoqAbL_3LlaSOf,Short (trả lời comment): mở bằng “Honestly he’s different. His whole focus is risk management. He makes you stay d” → 3 bước quản lý vốn/stop loss cho XAUUSD.,run_gold_scalping_strategy,Backlog
PP-0899,1.75,risk_management|strategy_rules|psychology,risk_management,Gng yall genuinely don't need a fancy indicator or a special trading course yall just need to learn all market patterns don't revenge trade and use risk management,0,0,https://www.youtube.com/watch?v=xXy2CBssQQA,UgztL3A9up67sda4Rlp4AaABAg,Short (trả lời comment): mở bằng “Gng yall genuinely don't need a fancy indicator or a special trading course yall” → 3 bước quản lý vốn/stop loss cho XAUUSD.,run_gold_scalping_strategy,Backlog
PP-0900,1.75,risk_management|strategy_rules|education_gap,risk_management,"@TraderNick Thnak you for prompt reply ! the one thing I noticed about GOLD's chart pattern ( last 50 years history , 1970 after ) it is a very Anti-Fragile asset , meaning when ""Black swan"" events( 2008 and 2020 ) hit , it only dropped 15 % and Most importantly it recovered SUPER fast ( within 6 months ) ....other assets like S&p 500 or IWM dropped more than 30%-50% and took them 3-4 years to recover ( except V shape recovery of 2020 ) .... I think THE next "" black swan event"" is going to be THE worse one and The recovery time would be ( 12 - 20 years, like Japan stock market crash ) and based on what I have seen from GOLD , it can be a solid anti fragile asset for ""wheel strategy"" and selling Cover calls and at the SAME time PRESERVATION of your asset during black swan events ....obviously , as you mentioned when the world is at peace GOLD stays low ( inactive) for long time , but I believe STRONGLY the world is going toward more wars and disorders mainly due to global inflation and natural resource scarcity and competition . I think, we are going to have a small pull back exactly to level that you mentioned in your First video , at that price $ 2280 . At that price i will take action",0,0,https://www.youtube.com/watch?v=oc2zqnvsqi0,UgwgaUJDH_1TBvtZlHB4AaABAg.A5Xb30bc2Y_A5YielSdeZA,Short (trả lời comment): mở bằng “@TraderNick Thnak you for prompt reply ! the one thing I noticed about GOLD's ch” → 3 bước quản lý vốn/stop loss cho XAUUSD.,run_how_to_trade_gold_for_beginners,Backlog
PP-0901,1.75,entry_timing|psychology|education_gap,entry_timing,@FIT2BETIED100 I’m glad you did dude Never ever sell in fomo if you didn’t get a great entry at the top of the 30 min chart or the 5 min chart you have about a 90% chance of losing once you get into profit and have a $10 gold price gap use a zero stop when shorting. Shorting gold is super dangerous at the moment just count how many green days vs red this year. If you can’t see it dropping significantly just take profit at the next low,0,0,https://www.youtube.com/watch?v=oc2zqnvsqi0,UgyGL5JT7k2fe7JCCSl4AaABAg.ADMQTFrPodFAQ4X2UpNkG-,"Short (trả lời comment): “@FIT2BETIED100 I’m glad you did dude Never ever sell in fomo if you didn’t get a” → 3 điểm xác nhận trước khi vào lệnh, demo trên chart.",run_how_to_trade_gold_for_beginners,Backlog
PP-0902,1.75,risk_management|entry_timing|strategy_rules|education_gap,risk_management,"That’s the difference Rolando Mario. strategy is 100% rules-based. He teaches you what to look for, how to enter early, and where to manage risk. It’s built for speed, but also built to protect your capital.",0,0,https://www.youtube.com/watch?v=_YVQN6_nkfs,Ugzv7wHe6tIEi-9hAjp4AaABAg.Ab5MZlYef1HAb5NAnT3O5e,Short (trả lời comment): mở bằng “That’s the difference Rolando Mario. strategy is 100% rules-based. He teaches yo” → 3 bước quản lý vốn/stop loss cho XAUUSD.,run_how_to_trade_gold_for_beginners,Backlog
PP-0903,1.597,entry_timing,entry_timing,Ajarkan cara marking Breakout - Pulback - Entry bang,0,1,https://www.youtube.com/watch?v=vRoToHC9STU,UgyjBDgff8JtaWWwcgF4AaABAg,"Short (trả lời comment): “Ajarkan cara marking Breakout - Pulback - Entry bang” → 3 điểm xác nhận trước khi vào lệnh, demo trên chart.",run_forex_entry_confirmation,Backlog
PP-0904,1.597,education_gap,education_gap,how do you chose your profits confirmation,0,1,https://www.youtube.com/watch?v=IyrbbmKv3RE,Ugyx1XPvAa-3CFGjXcx4AaABAg,Short (trả lời comment): “how do you chose your profits confirmation” → giải thích cực gọn cho người mới trong 45 giây.,run_forex_entry_confirmation,Backlog
PP-0905,1.597,risk_management,risk_management,"Sehat sllu mas Tama,trimakasih ilmunya",0,1,https://www.youtube.com/watch?v=vRoToHC9STU,Ugzm1KBkpPxoHKUZGuB4AaABAg,"Short (trả lời comment): mở bằng “Sehat sllu mas Tama,trimakasih ilmunya” → 3 bước quản lý vốn/stop loss cho XAUUSD.",run_forex_entry_confirmation,Backlog
PP-0906,1.597,risk_management,risk_management,"Saya mulai belajar risk management dari Propfirm, semoga emosi bisa terkontrol sampai Live trade",0,1,https://www.youtube.com/watch?v=v_8HUVzO-rw,UgxmlslH84CZzMAlE0R4AaABAg,"Short (trả lời comment): mở bằng “Saya mulai belajar risk management dari Propfirm, semoga emosi bisa terkontrol s” → 3 bước quản lý vốn/stop loss cho XAUUSD.",run_forex_risk_management_stop_loss,Backlog
PP-0907,1.597,risk_management,risk_management,Skill modal pengalaman mental is KING tapi risk management is KINGKONG..risk management most important thing to be our concern..trims mas tama!,0,1,https://www.youtube.com/watch?v=smtAdlhwFHA,UgyA7uwKMHMa47kEuRh4AaABAg,Short (trả lời comment): mở bằng “Skill modal pengalaman mental is KING tapi risk management is KINGKONG..risk man” → 3 bước quản lý vốn/stop loss cho XAUUSD.,run_forex_risk_management_stop_loss,Backlog
PP-0908,1.597,risk_management,risk_management,"Hafiz bhai, there are no links in the description for stop loss, take profit, stop limit.",0,1,https://www.youtube.com/watch?v=-zrFkI1cm4o,UgyGM31JIXdc7lIJODp4AaABAg,"Short (trả lời comment): mở bằng “Hafiz bhai, there are no links in the description for stop loss, take profit, st” → 3 bước quản lý vốn/stop loss cho XAUUSD.",run_forex_risk_management_stop_loss,Backlog
PP-0909,1.597,education_gap,education_gap,my experience in trading was 3 years but how to pick a trade,0,1,https://www.youtube.com/watch?v=-zrFkI1cm4o,UgzYWQUSmUoX9gLijER4AaABAg,Short (trả lời comment): “my experience in trading was 3 years but how to pick a trade” → giải thích cực gọn cho người mới trong 45 giây.,run_forex_risk_management_stop_loss,Backlog
PP-0910,1.597,risk_management,risk_management,"Kalau saya lebih kecil lagi mas tama, kurang dari 1%. Seperti 0,3-0,5% per trade, karena saya harus menekan dropdawn dan daily loss. Saya ikut challange prop firm soalnya. Setelah mengikuti propfirm saya lebih disiplin dalam hal mengelola equity dan risk nya.",0,1,https://www.youtube.com/watch?v=v_8HUVzO-rw,Ugz_aDs2fEKInCFtjed4AaABAg,"Short (trả lời comment): mở bằng “Kalau saya lebih kecil lagi mas tama, kurang dari 1%. Seperti 0,3-0,5% per trade” → 3 bước quản lý vốn/stop loss cho XAUUSD.",run_forex_risk_management_stop_loss,Backlog
PP-0911,1.597,risk_management,risk_management,Kenapa harus pake risk 1:2 kenapa ngga 1:3 atau 1:4,0,1,https://www.youtube.com/watch?v=smtAdlhwFHA,UgzdC5A_9KNkEmUwNY14AaABAg,Short (trả lời comment): mở bằng “Kenapa harus pake risk 1:2 kenapa ngga 1:3 atau 1:4” → 3 bước quản lý vốn/stop loss cho XAUUSD.,run_forex_risk_management_stop_loss,Backlog
PP-0912,1.597,entry_timing,entry_timing,Good advice only entering if your bias is in a discount leads to better RR unless it’s a break in the trend,0,1,https://www.youtube.com/watch?v=npfiV52dXoc,Ugzno672h84UCz1fHM54AaABAg,"Short (trả lời comment): “Good advice only entering if your bias is in a discount leads to better RR unles” → 3 điểm xác nhận trước khi vào lệnh, demo trên chart.",run_forex_risk_management_stop_loss,Backlog
PP-0913,1.597,strategy_rules,strategy_rules,Indicator name,0,1,https://www.youtube.com/watch?v=3E7k47dZeWk,UgwfEpj_vaDaQ0dwaLJ4AaABAg,"Short (trả lời comment): “Indicator name” → chiến lược này dùng khung nào, áp dụng ra sao trong 60 giây.",run_gold_price_action_trading,Backlog
PP-0914,1.597,strategy_rules,strategy_rules,Great price action strategy with humor,0,1,https://www.youtube.com/watch?v=0L6Rcgp6j7Y,UgwsWcmDEomTJc5WL7V4AaABAg,"Short (trả lời comment): “Great price action strategy with humor” → chiến lược này dùng khung nào, áp dụng ra sao trong 60 giây.",run_gold_price_action_trading,Backlog
PP-0915,1.597,education_gap,education_gap,"How to define area of demand , which candle to choose",0,1,https://www.youtube.com/watch?v=7HD5ZG2MmeQ,Ugxe174lAIooAjuJFJd4AaABAg,"Short (trả lời comment): “How to define area of demand , which candle to choose” → giải thích cực gọn cho người mới trong 45 giây.",run_gold_price_action_trading,Backlog
PP-0916,1.597,education_gap,education_gap,How to get signal,0,1,https://www.youtube.com/watch?v=3E7k47dZeWk,UgxfILCV61okW1lJqMR4AaABAg,Short (trả lời comment): “How to get signal” → giải thích cực gọn cho người mới trong 45 giây.,run_gold_price_action_trading,Backlog
PP-0917,1.597,education_gap,education_gap,This script is locked in trading view how i got access please reply i wants it,0,1,https://www.youtube.com/watch?v=3E7k47dZeWk,Ugy5IkWv7p4VLXmOuRx4AaABAg,Short (trả lời comment): “This script is locked in trading view how i got access please reply i wants it” → giải thích cực gọn cho người mới trong 45 giây.,run_gold_price_action_trading,Backlog
PP-0918,1.597,strategy_rules,strategy_rules,i want this indicator,0,1,https://www.youtube.com/watch?v=3E7k47dZeWk,Ugyb6dToXb52I6Gz6lJ4AaABAg,"Short (trả lời comment): “i want this indicator” → chiến lược này dùng khung nào, áp dụng ra sao trong 60 giây.",run_gold_price_action_trading,Backlog
PP-0919,1.597,strategy_rules,strategy_rules,Please can I get the strategy,0,1,https://www.youtube.com/watch?v=3E7k47dZeWk,Ugza5k1I8vSJxUpPggh4AaABAg,"Short (trả lời comment): “Please can I get the strategy” → chiến lược này dùng khung nào, áp dụng ra sao trong 60 giây.",run_gold_price_action_trading,Backlog
PP-0920,1.597,strategy_rules,strategy_rules,"I'm using the same strategy and it's working, but not all times.",0,1,https://www.youtube.com/watch?v=I29peidTQxU,Ugxr9t-MdHl8jlkbAfN4AaABAg,"Short (trả lời comment): “I'm using the same strategy and it's working, but not all times.” → chiến lược này dùng khung nào, áp dụng ra sao trong 60 giây.",run_gold_scalping_strategy,Backlog
PP-0921,1.597,strategy_rules,strategy_rules,DELTA/ RSI DIVERGENCE WILL BE GAME CHANGER TO YOUR CURRENT STRATEGY,0,1,https://www.youtube.com/watch?v=xXy2CBssQQA,UgyrfbjSNbZGfKuIBMV4AaABAg,"Short (trả lời comment): “DELTA/ RSI DIVERGENCE WILL BE GAME CHANGER TO YOUR CURRENT STRATEGY” → chiến lược này dùng khung nào, áp dụng ra sao trong 60 giây.",run_gold_scalping_strategy,Backlog
PP-0922,1.597,strategy_rules,strategy_rules,"this strategy is great, tried it with liquidity strategy indicators and it really paints a picture on price movements.",0,1,https://www.youtube.com/watch?v=XBcMiYK7qYY,Ugyz0WzGQ126vmU6AMx4AaABAg,"Short (trả lời comment): “this strategy is great, tried it with liquidity strategy indicators and it reall” → chiến lược này dùng khung nào, áp dụng ra sao trong 60 giây.",run_gold_scalping_strategy,Backlog
PP-0923,1.597,strategy_rules,strategy_rules,If you want MORE OF AN EDGE with divergences change pivot lookback left and right to 5 with this particular RSI Strategy💥,0,1,https://www.youtube.com/watch?v=XBcMiYK7qYY,UgzV0F5nKHsPWUyt5b94AaABAg,"Short (trả lời comment): “If you want MORE OF AN EDGE with divergences change pivot lookback left and righ” → chiến lược này dùng khung nào, áp dụng ra sao trong 60 giây.",run_gold_scalping_strategy,Backlog
PP-0924,1.597,education_gap,education_gap,Show your losses so we can learn from them too,0,1,https://www.youtube.com/watch?v=en8RMFRqSME,UgztdIOYG0Tjy_yj_lF4AaABAg,Short (trả lời comment): “Show your losses so we can learn from them too” → giải thích cực gọn cho người mới trong 45 giây.,run_gold_scalping_strategy,Backlog
PP-0925,1.597,education_gap,education_gap,Hi David how do you know when to put as buy or sell in your trade,0,1,https://www.youtube.com/watch?v=udvUjY5YLwo,Ugw1MrG-YILdHRcUEXp4AaABAg,Short (trả lời comment): “Hi David how do you know when to put as buy or sell in your trade” → giải thích cực gọn cho người mới trong 45 giây.,run_how_to_trade_gold_for_beginners,Backlog
PP-0926,1.597,education_gap,education_gap,🌼gold full drop what time,0,1,https://www.youtube.com/watch?v=udvUjY5YLwo,Ugx2M1dP1S8cdkzNyaZ4AaABAg,Short (trả lời comment): “🌼gold full drop what time” → giải thích cực gọn cho người mới trong 45 giây.,run_how_to_trade_gold_for_beginners,Backlog
PP-0927,1.597,strategy_rules,strategy_rules,"Thank you for information. Yes, daily timeframe seems best, hence it is easy to identify the support and resistance levels for your technical indicators. My XAUUSD EA program works most proficient and accurate on the daily timeframe. ADX, CCI, ATR and Momentum is good for Gold / USD.",0,1,https://www.youtube.com/watch?v=E0YMb62jY64,UgxVU2szv2fQDtcBnrV4AaABAg,"Short (trả lời comment): “Thank you for information. Yes, daily timeframe seems best, hence it is easy to ” → chiến lược này dùng khung nào, áp dụng ra sao trong 60 giây.",run_how_to_trade_gold_for_beginners,Backlog
PP-0928,1.597,broker_platform,broker_platform,Boss which broker good I want to open account,0,1,https://www.youtube.com/watch?v=G0o72fvqHis,UgxdOqZ6xmdcOch9Twh4AaABAg,Short (trả lời comment): “Boss which broker good I want to open account” → spread/slippage/sàn cần kiểm tra gì trước khi chọn broker.,run_XAUUSD_trading_strategy,Backlog
PP-0929,1.597,strategy_rules,strategy_rules,"Awesome strategy, bro! Really appreciate all your guidance and support",0,1,https://www.youtube.com/watch?v=RRK4bjdS7ks,UgzQpQRVYV0HB2s-loR4AaABAg,"Short (trả lời comment): “Awesome strategy, bro! Really appreciate all your guidance and support” → chiến lược này dùng khung nào, áp dụng ra sao trong 60 giây.",run_XAUUSD_trading_strategy,Backlog
PP-0930,1.597,education_gap,education_gap,Very straightforward and interesting video of explaining what we’re looking at 💯🔥 Great job 👍,0,1,https://www.youtube.com/watch?v=p9DYQ-8_F7g,Ugza--k8q9yzKv28Jm14AaABAg,Short (trả lời comment): “Very straightforward and interesting video of explaining what we’re looking at 💯” → giải thích cực gọn cho người mới trong 45 giây.,yt_api_run_001,Backlog
PP-0931,1.5,risk_management|entry_timing,risk_management,"As a beginner investor, it’s essential for you to have a mentor to keep you accountable. Chris James Cooks is my trade analyst, he has guided me to identify key market trends, pinpointed strategic entry points, and provided risk assessments, ensuring my trades decisions align with market dynamics for optimal returns .",0,0,https://www.youtube.com/watch?v=tS9o8aQjADY,Ugw47f4UJ0eb3ABxQ9R4AaABAg.AXJUeaDUjk4AXJVH_FZG_x,"Short (trả lời comment): mở bằng “As a beginner investor, it’s essential for you to have a mentor to keep you acco” → 3 bước quản lý vốn/stop loss cho XAUUSD.",run_forex_entry_confirmation,Backlog
PP-0932,1.5,entry_timing|education_gap,entry_timing,"One thing I've learned from the market is that success isn't just about timing, it's about spotting the right opportunities and having the right mentor by your side. That's what also keeps you steady during dips like this.",0,0,https://www.youtube.com/watch?v=tS9o8aQjADY,Ugw47f4UJ0eb3ABxQ9R4AaABAg.AXJUeaDUjk4AXJVPEG48yh,"Short (trả lời comment): “One thing I've learned from the market is that success isn't just about timing, ” → 3 điểm xác nhận trước khi vào lệnh, demo trên chart.",run_forex_entry_confirmation,Backlog
PP-0933,1.5,entry_timing|education_gap,entry_timing,"how the hell we can entry, when the candle is already drawed bruhh, u kidding me 7:15",0,0,https://www.youtube.com/watch?v=FccA87INVUE,UgwMY9g8-PhnghP-_mR4AaABAg,"Short (trả lời comment): “how the hell we can entry, when the candle is already drawed bruhh, u kidding me” → 3 điểm xác nhận trước khi vào lệnh, demo trên chart.",run_forex_entry_confirmation,Backlog
PP-0934,1.5,strategy_rules|education_gap,strategy_rules,"Hello bro, Can you explain how to trade on 4hrs timeframe without missing out. It is my pleasure if you can talk on it. Thanks",0,0,https://www.youtube.com/watch?v=FccA87INVUE,Ugwn01ANfSTkkGu6wbF4AaABAg,"Short (trả lời comment): “Hello bro, Can you explain how to trade on 4hrs timeframe without missing out. I” → chiến lược này dùng khung nào, áp dụng ra sao trong 60 giây.",run_forex_entry_confirmation,Backlog
PP-0935,1.5,entry_timing|education_gap,entry_timing,this guy is honest how you find entry's thats rare,0,0,https://www.youtube.com/watch?v=kis7l0y1JUg,Ugx9g3reEGWu0U4smP94AaABAg,"Short (trả lời comment): “this guy is honest how you find entry's thats rare” → 3 điểm xác nhận trước khi vào lệnh, demo trên chart.",run_forex_entry_confirmation,Backlog
PP-0936,1.5,entry_timing|education_gap,entry_timing,Love how you broke this down! Makes me think about how Rumora works for me. Gaining visibility in a crowded market is just like finding the perfect entry points!,0,0,https://www.youtube.com/watch?v=tS9o8aQjADY,UgxGEmDaFrq2fCRMbG54AaABAg,"Short (trả lời comment): “Love how you broke this down! Makes me think about how Rumora works for me. Gain” → 3 điểm xác nhận trước khi vào lệnh, demo trên chart.",run_forex_entry_confirmation,Backlog
PP-0937,1.5,strategy_rules|education_gap,strategy_rules,Hey what happend with ur indicator are u gonna let more people buy it and can u put a trial of 2 to 5 days or a less payment to test it like for $20 dollars 1 week,0,0,https://www.youtube.com/watch?v=IyrbbmKv3RE,Ugxw8qSJl1bieffXnSh4AaABAg,"Short (trả lời comment): “Hey what happend with ur indicator are u gonna let more people buy it and can u ” → chiến lược này dùng khung nào, áp dụng ra sao trong 60 giây.",run_forex_entry_confirmation,Backlog
PP-0938,1.5,strategy_rules|education_gap,strategy_rules,Finally! A trader who knows how to trade without indicators! 😊,0,0,https://www.youtube.com/watch?v=tS9o8aQjADY,UgxwrCf3oKdOwk9z9fJ4AaABAg,"Short (trả lời comment): “Finally! A trader who knows how to trade without indicators! 😊” → chiến lược này dùng khung nào, áp dụng ra sao trong 60 giây.",run_forex_entry_confirmation,Backlog
PP-0939,1.5,risk_management|education_gap,risk_management,OMG Winp Token!!! 00:35 Dude seriously what an awesome video can appreciate how much work went into this quality quality quality much love from Australia,0,0,https://www.youtube.com/watch?v=kis7l0y1JUg,UgyPQ6POg-wFElsaXFx4AaABAg,Short (trả lời comment): mở bằng “OMG Winp Token!!! 00:35 Dude seriously what an awesome video can appreciate how ” → 3 bước quản lý vốn/stop loss cho XAUUSD.,run_forex_entry_confirmation,Backlog
PP-0940,1.5,strategy_rules|education_gap,strategy_rules,"Please what is the timeframe, it very important",0,0,https://www.youtube.com/watch?v=FccA87INVUE,UgySpBC9Wfggu5q0d1h4AaABAg,"Short (trả lời comment): “Please what is the timeframe, it very important” → chiến lược này dùng khung nào, áp dụng ra sao trong 60 giây.",run_forex_entry_confirmation,Backlog
PP-0941,1.5,strategy_rules|education_gap,strategy_rules,@propertymaintenancesouthwe3111 took me over 2 years to build and it was done using AI but with my own strategy.. just took a lot of work to get AI to build what's in my head,0,0,https://www.youtube.com/watch?v=tS9o8aQjADY,Ugz4IJ4XZtjSENF9PRh4AaABAg.AJBk9K4CLBEARCUMV6p33D,"Short (trả lời comment): “@propertymaintenancesouthwe3111 took me over 2 years to build and it was done us” → chiến lược này dùng khung nào, áp dụng ra sao trong 60 giây.",run_forex_entry_confirmation,Backlog
PP-0942,1.5,strategy_rules|education_gap,strategy_rules,"@ksawis_ its all probabilities, as i said there is no holy grail. You need a system that gives you higher probabilities, then you need balls of steel to stick to that trade. if you know nothing about fundamentals and technical analysis then go to babypips and study every tutorial on that website. Take away from that knowledge what setups give you higher probabilities of a profitable trade. Good luck",0,0,https://www.youtube.com/watch?v=tS9o8aQjADY,UgzC866k6Mgm_xpRjb14AaABAg.AJ5QmpyNPsDAJ6BUlG7Hfr,"Short (trả lời comment): “@ksawis_ its all probabilities, as i said there is no holy grail. You need a sys” → chiến lược này dùng khung nào, áp dụng ra sao trong 60 giây.",run_forex_entry_confirmation,Backlog
PP-0943,1.5,entry_timing|strategy_rules,entry_timing,3AM. I have a similar setup on 5min but just need an extra confirmation instead of entering and waiting. Now I can go on 1min and confirm. Thanks my man,0,0,https://www.youtube.com/watch?v=4tFcM7NcefU,UgzHAjc0z2FWVvrpM_N4AaABAg,"Short (trả lời comment): “3AM. I have a similar setup on 5min but just need an extra confirmation instead ” → 3 điểm xác nhận trước khi vào lệnh, demo trên chart.",run_forex_entry_confirmation,Backlog
PP-0944,1.5,risk_management|entry_timing,risk_management,"@dalisay5558 I use stochastic, RSI, accumulation swing along with bollingers, MACD and mark the support resistance with the Trend 📉 line crossing... I always do the wrong thing, whenever I enter the trend 📈 reverses & if by any means i don't add stop loss then I am gone... Whereas when I take a stock with less volume below 200D Avg. And I buy a small lot, that one goes breakout but since I have added a small lot the profit ain't gonna be much. I am a bit frustrated currently and have stopped taking trades for few days till then observation only",0,0,https://www.youtube.com/watch?v=JrDNeM9p2J4,Ugw2uafwZ0pQNv1ftrF4AaABAg.A04zwHxOOFVA07LbaYjZvS,"Short (trả lời comment): mở bằng “@dalisay5558 I use stochastic, RSI, accumulation swing along with bollingers, MA” → 3 bước quản lý vốn/stop loss cho XAUUSD.",run_forex_risk_management_stop_loss,Backlog
PP-0945,1.5,risk_management|education_gap,risk_management,"Best explanation I see so far on Risk mgt, well explained..... Thanks alot Una do well",0,0,https://www.youtube.com/watch?v=7f2bpEwiJCY,Ugw5-zAf57uthF3P-sR4AaABAg,"Short (trả lời comment): mở bằng “Best explanation I see so far on Risk mgt, well explained..... Thanks alot Una d” → 3 bước quản lý vốn/stop loss cho XAUUSD.",run_forex_risk_management_stop_loss,Backlog
PP-0946,1.5,entry_timing|education_gap,entry_timing,The order block trade I tride but what should be the conformation to place an entry for sell and buy,0,0,https://www.youtube.com/watch?v=_D1MYH6D7jc,UgwIa52E5Pcdo04JFgN4AaABAg,"Short (trả lời comment): “The order block trade I tride but what should be the conformation to place an en” → 3 điểm xác nhận trước khi vào lệnh, demo trên chart.",run_forex_risk_management_stop_loss,Backlog
PP-0947,1.5,risk_management|broker_platform,risk_management,bhai aik video proper stop loss and take prophet ki bana da mt4 ki,0,0,https://www.youtube.com/watch?v=-zrFkI1cm4o,UgwPycFDrjoWGjBr3iF4AaABAg,Short (trả lời comment): mở bằng “bhai aik video proper stop loss and take prophet ki bana da mt4 ki” → 3 bước quản lý vốn/stop loss cho XAUUSD.,run_forex_risk_management_stop_loss,Backlog
PP-0948,1.5,broker_platform|education_gap,broker_platform,Great video bro! Maybe next video to explain us about the spread and conmisssion!!!,0,0,https://www.youtube.com/watch?v=7f2bpEwiJCY,UgwWhz3wn5PkX9aallp4AaABAg,Short (trả lời comment): “Great video bro! Maybe next video to explain us about the spread and conmisssion” → spread/slippage/sàn cần kiểm tra gì trước khi chọn broker.,run_forex_risk_management_stop_loss,Backlog
PP-0949,1.5,risk_management|entry_timing,risk_management,"My guy Geek , I love ur energy and methods of teaching. I been watching ur vids for a while now . Though I would like to correct ur math real quick ♧ In chapter 3 , when calculating the lot size for the 2nd example ur risk ratio was 1% in account 10 000 the resulting amount to trade on the position size calculator was $100 . You entered a thousand dollars instead ♤ in the example of course. ◇♡",0,0,https://www.youtube.com/watch?v=7f2bpEwiJCY,UgwqAh3geI6nLPRVFVd4AaABAg,"Short (trả lời comment): mở bằng “My guy Geek , I love ur energy and methods of teaching. I been watching ur vids ” → 3 bước quản lý vốn/stop loss cho XAUUSD.",run_forex_risk_management_stop_loss,Backlog
PP-0950,1.5,entry_timing|education_gap,entry_timing,"​@vaurera If you use fibonnici you'll see that there's a liquidity area between the 61 and 50 levels, people tend to buy as price touch those lbls and that's a huge mistake as the levels aren't individual, both act as a single zone for liquidity, price almost always sweep that area clean before reversing and going to the intended direction. I used to get stopped out alot because of this shit until I learnt this, I still get stopped out but not as much as I used to, so I catch way more moves. Just treat those two areas as a single gap and watch how price behaves around them before u enter, wait for the sweep and you're clear",0,0,https://www.youtube.com/watch?v=JrDNeM9p2J4,UgwqqZaDwmGS09uEiOZ4AaABAg.9nYEizM2YJCAVmUTMIh5ZG,"Short (trả lời comment): “​@vaurera If you use fibonnici you'll see that there's a liquidity area between ” → 3 điểm xác nhận trước khi vào lệnh, demo trên chart.",run_forex_risk_management_stop_loss,Backlog
PP-0951,1.5,risk_management|education_gap,risk_management,"I loved the way you explained trailing SL and SL. Execution speed is also very important and that's was gets me a little worried. Anyway I'm gonna try and apply this on my trades with Market101 and see how it goes. Thank you for this, let's see the effectiveness now.",0,0,https://www.youtube.com/watch?v=_D1MYH6D7jc,UgwwTh1l1_u7TCH4Q_l4AaABAg,Short (trả lời comment): mở bằng “I loved the way you explained trailing SL and SL. Execution speed is also very i” → 3 bước quản lý vốn/stop loss cho XAUUSD.,run_forex_risk_management_stop_loss,Backlog
PP-0952,1.5,strategy_rules|education_gap,strategy_rules,"This is similar to my forex strategy, however mine has defined bounds that may or may not align perfectly with this depending on situation. This is a decent guideline, but by no means is this a restriction, and its effectiveness is minimal. (Btw my trading strat is 94 pages long)",0,0,https://www.youtube.com/watch?v=npfiV52dXoc,UgxS1DXIPTvklukGxiV4AaABAg,"Short (trả lời comment): “This is similar to my forex strategy, however mine has defined bounds that may o” → chiến lược này dùng khung nào, áp dụng ra sao trong 60 giây.",run_forex_risk_management_stop_loss,Backlog
PP-0953,1.5,entry_timing|education_gap,entry_timing,"Saya pakai akun cent, depo cuma $10, max lot 0.10 aman dan tenteram sanak, sambil belajar why not",0,0,https://www.youtube.com/watch?v=v_8HUVzO-rw,Ugxkxxf2gmqV3PFCq9p4AaABAg,"Short (trả lời comment): “Saya pakai akun cent, depo cuma $10, max lot 0.10 aman dan tenteram sanak, sambi” → 3 điểm xác nhận trước khi vào lệnh, demo trên chart.",run_forex_risk_management_stop_loss,Backlog
PP-0954,1.5,risk_management|entry_timing,risk_management,"""Your stop loss is my entry price."" I use stop loss judiciously so that momentary volatility doesn't allow for my bags to be snatched away from me at a discount.",0,0,https://www.youtube.com/watch?v=npfiV52dXoc,Ugxx4DjE35WG1esZxeF4AaABAg,"Short (trả lời comment): mở bằng “""Your stop loss is my entry price."" I use stop loss judiciously so that momentar” → 3 bước quản lý vốn/stop loss cho XAUUSD.",run_forex_risk_management_stop_loss,Backlog
PP-0955,1.5,risk_management|entry_timing,risk_management,"Pilih pairnya di mata uang,dan kecilin lot,dijamin SL bisa lebar walau 1% Setelah entry biarin aja sampe TP/Loss",0,0,https://www.youtube.com/watch?v=smtAdlhwFHA,Ugy9VUfGZp1kQwSd-ql4AaABAg.AJLsF089CQHAJME7tPznCn,"Short (trả lời comment): mở bằng “Pilih pairnya di mata uang,dan kecilin lot,dijamin SL bisa lebar walau 1% Setela” → 3 bước quản lý vốn/stop loss cho XAUUSD.",run_forex_risk_management_stop_loss,Backlog
PP-0956,1.5,strategy_rules|education_gap,strategy_rules,"Yeah, but why bother with price action if you have a ""magic"" indicator xD",0,0,https://www.youtube.com/watch?v=JrDNeM9p2J4,UgyJ635DIUg-Nsozret4AaABAg.9q64mFauNKfA9yD9-X4dbP,"Short (trả lời comment): “Yeah, but why bother with price action if you have a ""magic"" indicator xD” → chiến lược này dùng khung nào, áp dụng ra sao trong 60 giây.",run_forex_risk_management_stop_loss,Backlog
PP-0957,1.5,risk_management|broker_platform,risk_management,Kalo SL nya sering slippage gimana mas.. Gak bisa konsisten di risk 1% dong jadinya,0,0,https://www.youtube.com/watch?v=smtAdlhwFHA,UgyLgvGtpmdhpLJCMzx4AaABAg,Short (trả lời comment): mở bằng “Kalo SL nya sering slippage gimana mas.. Gak bisa konsisten di risk 1% dong jadi” → 3 bước quản lý vốn/stop loss cho XAUUSD.,run_forex_risk_management_stop_loss,Backlog
PP-0958,1.5,risk_management|strategy_rules,risk_management,This can make sense but i don’t like the concept. The moment you cut your risk in half the time it takes to get back up is doubled. I prefer keeping same risk every time static 1% with occasional higher risk when in profit. It’s better to refine strategy and cherry pick set ups and don’t exectute or stay in a trade if its invalidated or market conditions are garbage.,0,0,https://www.youtube.com/watch?v=Dyg4lZo89sM,Ugy_i_-aWNzNmq2sxAt4AaABAg,Short (trả lời comment): mở bằng “This can make sense but i don’t like the concept. The moment you cut your risk i” → 3 bước quản lý vốn/stop loss cho XAUUSD.,run_forex_risk_management_stop_loss,Backlog
PP-0959,1.5,risk_management|education_gap,risk_management,"Why would you bump your risk management to 2% if your account is already scaling @ 1%. 1 lost ( that will eventually happen), will knock you back down to starting point.",0,0,https://www.youtube.com/watch?v=Dyg4lZo89sM,Ugyj3fbo8FDn1yizD_94AaABAg,Short (trả lời comment): mở bằng “Why would you bump your risk management to 2% if your account is already scaling” → 3 bước quản lý vốn/stop loss cho XAUUSD.,run_forex_risk_management_stop_loss,Backlog
PP-0960,1.5,risk_management|education_gap,risk_management,Thanks for making this video tradinggeek.. i suggested for this risk management video when u made a post about what videos u shud be making on few weeks ago.. Ur videos have changed my way of improving my trading into more safer and profitable slowly.. All big thanks to you. U deserve more likes and subcribers tradinggeek! 🙏,0,0,https://www.youtube.com/watch?v=7f2bpEwiJCY,Ugz-salbc8aVoInqyIl4AaABAg,Short (trả lời comment): mở bằng “Thanks for making this video tradinggeek.. i suggested for this risk management ” → 3 bước quản lý vốn/stop loss cho XAUUSD.,run_forex_risk_management_stop_loss,Backlog
PP-0961,1.5,entry_timing|education_gap,entry_timing,No matter what you do just enter long positive below,0,0,https://www.youtube.com/watch?v=npfiV52dXoc,Ugz56xa1r66f9A5u9c94AaABAg,"Short (trả lời comment): “No matter what you do just enter long positive below” → 3 điểm xác nhận trước khi vào lệnh, demo trên chart.",run_forex_risk_management_stop_loss,Backlog
PP-0962,1.5,risk_management|education_gap,risk_management,"if it seems to go further than your TP, let it run, drag SL higher slowly. That way you will make more than what you lose",0,0,https://www.youtube.com/watch?v=JrDNeM9p2J4,UgzLZMcSIVOpR1DJ5Ph4AaABAg.9w_VfC-TPfGA966p4wuNGu,"Short (trả lời comment): mở bằng “if it seems to go further than your TP, let it run, drag SL higher slowly. That ” → 3 bước quản lý vốn/stop loss cho XAUUSD.",run_forex_risk_management_stop_loss,Backlog
PP-0963,1.5,risk_management|psychology,risk_management,Almost every nail biter trade I’m in where I gotta stomach significant drawdown is when I try to buy the breakout… I rarely do it but I regret it every time. FOMO is a motherfucker,0,0,https://www.youtube.com/watch?v=JrDNeM9p2J4,UgzOG26SL9fsu8u_-114AaABAg.9u8l1C8Y766A2hul7RN9i7,Short (trả lời comment): mở bằng “Almost every nail biter trade I’m in where I gotta stomach significant drawdown ” → 3 bước quản lý vốn/stop loss cho XAUUSD.,run_forex_risk_management_stop_loss,Backlog
PP-0964,1.5,risk_management|education_gap,risk_management,this was so good. explained what risk reward ratio is perfectly and factors needed,0,0,https://www.youtube.com/watch?v=7f2bpEwiJCY,UgzgQni8OmuZbWDY-ax4AaABAg,Short (trả lời comment): mở bằng “this was so good. explained what risk reward ratio is perfectly and factors need” → 3 bước quản lý vốn/stop loss cho XAUUSD.,run_forex_risk_management_stop_loss,Backlog
PP-0965,1.5,strategy_rules|education_gap,strategy_rules,What is the name of the liquidity indicator you use,0,0,https://www.youtube.com/watch?v=sK-_6uIGMck,Ugw5ZREWm9rBjmqkTyh4AaABAg,"Short (trả lời comment): “What is the name of the liquidity indicator you use” → chiến lược này dùng khung nào, áp dụng ra sao trong 60 giây.",run_gold_price_action_trading,Backlog
PP-0966,1.5,strategy_rules|education_gap,strategy_rules,Give us more information on how to become successful in trading and investment using right setups and strategies.,0,0,https://www.youtube.com/watch?v=0L6Rcgp6j7Y,UgwCULZbsiaecMPplP54AaABAg.AIphgKUjIjfANoQejEy7_m,"Short (trả lời comment): “Give us more information on how to become successful in trading and investment u” → chiến lược này dùng khung nào, áp dụng ra sao trong 60 giây.",run_gold_price_action_trading,Backlog
PP-0967,1.5,broker_platform|education_gap,broker_platform,Hi pls what broker can I use to do all this,0,0,https://www.youtube.com/watch?v=Qgx3t-pmzN8,UgwExoIItkRdtLC2JG14AaABAg.9qr_mmWQHxE9qu0KBs6fdl,Short (trả lời comment): “Hi pls what broker can I use to do all this” → spread/slippage/sàn cần kiểm tra gì trước khi chọn broker.,run_gold_price_action_trading,Backlog
PP-0968,1.5,strategy_rules|education_gap,strategy_rules,What time frame is that setup on,0,0,https://www.youtube.com/watch?v=sK-_6uIGMck,UgwRj94opnjp0j7Dp2R4AaABAg,"Short (trả lời comment): “What time frame is that setup on” → chiến lược này dùng khung nào, áp dụng ra sao trong 60 giây.",run_gold_price_action_trading,Backlog
PP-0969,1.5,strategy_rules|education_gap,strategy_rules,"HEY, I REALLY ENJOYED LEARNING FROM THIS VID. I WOULD LIKE TO ASK ABOUT RECOMMENDED TIMEFRAME FOR CHECKING THOSE PULLBACKS ,USING THE SAME FIBONACCI SETTINGS. AND ALSO FOR THE FIRST 3 PRICE ACTIONS SKILLS, WHAT IS THE RECOMMENDED TIMEFRAME.... PEACE!😉",0,0,https://www.youtube.com/watch?v=0L6Rcgp6j7Y,UgwSvUqj-f5arXe-Lrh4AaABAg,"Short (trả lời comment): “HEY, I REALLY ENJOYED LEARNING FROM THIS VID. I WOULD LIKE TO ASK ABOUT RECOMMEN” → chiến lược này dùng khung nào, áp dụng ra sao trong 60 giây.",run_gold_price_action_trading,Backlog
PP-0970,1.5,strategy_rules|education_gap,strategy_rules,"​@tradingwalkit's all about money. Why don't you shove it up your Æss and leave us the hell alone. You got a strategy and you don't want to give it out for free, please use it. Mugu.",0,0,https://www.youtube.com/watch?v=3E7k47dZeWk,Ugx-rBw5OfI-x9TFXlN4AaABAg.AIAGxaHLOEAANRqQmOA5UJ,"Short (trả lời comment): “​@tradingwalkit's all about money. Why don't you shove it up your Æss and leave ” → chiến lược này dùng khung nào, áp dụng ra sao trong 60 giây.",run_gold_price_action_trading,Backlog
PP-0971,1.5,strategy_rules|education_gap,strategy_rules,What timeframe do you use,0,0,https://www.youtube.com/watch?v=sK-_6uIGMck,UgxewgyYReCbWjDZ0_l4AaABAg,"Short (trả lời comment): “What timeframe do you use” → chiến lược này dùng khung nào, áp dụng ra sao trong 60 giây.",run_gold_price_action_trading,Backlog
PP-0972,1.5,entry_timing|strategy_rules,entry_timing,Supply and demand alone as a strategy is as good as a strategy as entering when your pet dog barks,0,0,https://www.youtube.com/watch?v=Qgx3t-pmzN8,Ugy1iYK1RFIXKe0Yv9l4AaABAg,"Short (trả lời comment): “Supply and demand alone as a strategy is as good as a strategy as entering when ” → 3 điểm xác nhận trước khi vào lệnh, demo trên chart.",run_gold_price_action_trading,Backlog
PP-0973,1.5,strategy_rules|education_gap,strategy_rules,"Correction: that was my Karen talking, you explained it in the last 3 seconds of the video But this would be a case of you re-evaluating the trade at the secondary buy point because I can very well drop dead This is called a “tea pot” strategy but the tea pot strategy requires some more poi so be careful, I have lost a lot of “tea cups” (this strategy) because The market decided to break low or have a low plummet before shooting to the expected TP",0,0,https://www.youtube.com/watch?v=Qgx3t-pmzN8,Ugyr-iJKTHKuqvKwuaF4AaABAg.9oUWnhgTUFC9oUXK6WEBw3,"Short (trả lời comment): “Correction: that was my Karen talking, you explained it in the last 3 seconds of” → chiến lược này dùng khung nào, áp dụng ra sao trong 60 giây.",run_gold_price_action_trading,Backlog
PP-0974,1.5,entry_timing|education_gap,entry_timing,"Well, when it’s explained, when the market gets into 0.5 use the rectangle to draw btwn 0.5 and 0.6 And expect a huge move up out of your rectangle after that candle is closed, enter the market with your stops below 0.6 make sure your give a breathing space",0,0,https://www.youtube.com/watch?v=0L6Rcgp6j7Y,UgzG-DPtklLd-boqYQV4AaABAg.9tiow_vEZKgAHmU0LL8J73,"Short (trả lời comment): “Well, when it’s explained, when the market gets into 0.5 use the rectangle to dr” → 3 điểm xác nhận trước khi vào lệnh, demo trên chart.",run_gold_price_action_trading,Backlog
PP-0975,1.5,strategy_rules|education_gap,strategy_rules,"​@tradingwalk what indicators or strategy is that , I'm interested pls",0,0,https://www.youtube.com/watch?v=3E7k47dZeWk,UgzNG3OlOOd5uAEa6EZ4AaABAg.AIRLq2rqeQRAOm4CHa55OI,"Short (trả lời comment): “​@tradingwalk what indicators or strategy is that , I'm interested pls” → chiến lược này dùng khung nào, áp dụng ra sao trong 60 giây.",run_gold_price_action_trading,Backlog
PP-0976,1.5,strategy_rules|education_gap,strategy_rules,What timeframe did you use,0,0,https://www.youtube.com/watch?v=xXy2CBssQQA,UgwpzcR4uybkkqzC9r94AaABAg,"Short (trả lời comment): “What timeframe did you use” → chiến lược này dùng khung nào, áp dụng ra sao trong 60 giây.",run_gold_scalping_strategy,Backlog
PP-0977,1.5,strategy_rules|education_gap,strategy_rules,"I have backtested this strategy, and it doesn't perform as claimed. Check out my channel for a video of the backtest and many others, showcasing the real results.",0,0,https://www.youtube.com/watch?v=XBcMiYK7qYY,UgwsVGT7f22vey1M7z94AaABAg.A4suUUiXIXgA53y8XUj9Ur,"Short (trả lời comment): “I have backtested this strategy, and it doesn't perform as claimed. Check out my” → chiến lược này dùng khung nào, áp dụng ra sao trong 60 giây.",run_gold_scalping_strategy,Backlog
PP-0978,1.5,risk_management|education_gap,risk_management,"It's not a small correction, It's a huge correction. Whoever made this video is extremely ignorant on what a trend is, hence I stopped the video at the beginning cause I couldn't take whatever a person this ignorant has to say seriously",0,0,https://www.youtube.com/watch?v=XBcMiYK7qYY,UgyDjIg41KWqNDOcAGt4AaABAg.A6nkPR0EES8AU8RO_3Pmbv,"Short (trả lời comment): mở bằng “It's not a small correction, It's a huge correction. Whoever made this video is ” → 3 bước quản lý vốn/stop loss cho XAUUSD.",run_gold_scalping_strategy,Backlog
PP-0979,1.5,strategy_rules|education_gap,strategy_rules,"I started learning trading in 2022. Since then I have been looking for my path, a good instructor, a good strategy. You are the first one who explains the most clearly despite my language barrier, and I like your strategy the best of all! I am very grateful that I found you today. Thank you very much!",0,0,https://www.youtube.com/watch?v=xXy2CBssQQA,UgySAJMrwvx2jA5_2YR4AaABAg.AZALJpEFr1SAZALdb5mTI4,"Short (trả lời comment): “I started learning trading in 2022. Since then I have been looking for my path, ” → chiến lược này dùng khung nào, áp dụng ra sao trong 60 giây.",run_gold_scalping_strategy,Backlog
PP-0980,1.5,risk_management|entry_timing,risk_management,"As a beginner investor, it’s essential for you to have a mentor to keep you accountable. Chris James is my trade analyst, he has guided me to identify key market trends, pinpointed strategic entry points, and provided risk assessments, ensuring my trades decisions align with market dynamics for optimal returns .",0,0,https://www.youtube.com/watch?v=xXy2CBssQQA,UgyV2ZkypBwcmgaP1Q14AaABAg.AUs7nit6kdEAUs8Nwt3-AR,"Short (trả lời comment): mở bằng “As a beginner investor, it’s essential for you to have a mentor to keep you acco” → 3 bước quản lý vốn/stop loss cho XAUUSD.",run_gold_scalping_strategy,Backlog
PP-0981,1.5,risk_management|education_gap,risk_management,"Someone told me. Without downside rules, you’re just throwing progress away. That’s exactly what’s happening to me live. I understand tutorials, but I panic and can’t cut bad entries. I need someone to walk me through risk management in real time.",0,0,https://www.youtube.com/watch?v=XBcMiYK7qYY,Ugylq_YVpcNSVKPrxpJ4AaABAg.AbLYzW5SZoqAbLZR4yQLxe,"Short (trả lời comment): mở bằng “Someone told me. Without downside rules, you’re just throwing progress away. Tha” → 3 bước quản lý vốn/stop loss cho XAUUSD.",run_gold_scalping_strategy,Backlog
PP-0982,1.5,risk_management|strategy_rules,risk_management,That exact loop killed my motivation for months. I kept giving back progress until I connected with Mario. He walked me through risk in real time on live setups and everything finally clicked.,0,0,https://www.youtube.com/watch?v=XBcMiYK7qYY,Ugylq_YVpcNSVKPrxpJ4AaABAg.AbLYzW5SZoqAbLZtO6piI1,Short (trả lời comment): mở bằng “That exact loop killed my motivation for months. I kept giving back progress unt” → 3 bước quản lý vốn/stop loss cho XAUUSD.,run_gold_scalping_strategy,Backlog
PP-0983,1.5,risk_management|entry_timing,risk_management,"As a beginner investor, it’s essential for you to have a mentor to keep you accountable. James Heights is my trade analyst, he has guided me to identify key market trends, pinpointed strategic entry points, and provided risk assessments, ensuring my trades decisions align with market dynamics for optimal returns .",0,0,https://www.youtube.com/watch?v=_YVQN6_nkfs,UgxS6_bG6aVLTaQ72KN4AaABAg.AbQK1konWYFAbQKFNuAcq0,"Short (trả lời comment): mở bằng “As a beginner investor, it’s essential for you to have a mentor to keep you acco” → 3 bước quản lý vốn/stop loss cho XAUUSD.",run_how_to_trade_gold_for_beginners,Backlog
PP-0984,1.5,entry_timing|education_gap,entry_timing,This actually made S&R make sense I always knew the concept but never knew how to apply it in real trades until now. Tried marking levels the way you showed and my entry timing definitely feels cleaner 👌📈,0,0,https://www.youtube.com/watch?v=oc2zqnvsqi0,UgxvLEk80vdpHtMqell4AaABAg,"Short (trả lời comment): “This actually made S&R make sense I always knew the concept but never knew how t” → 3 điểm xác nhận trước khi vào lệnh, demo trên chart.",run_how_to_trade_gold_for_beginners,Backlog
PP-0985,1.5,entry_timing|strategy_rules,entry_timing,"I can relate. Things didn't really start to click for me until I stopped relying on indicators and started learning session timing from Mario. That shift made me realize timing matters just as much, if not more, than the price level. It completely changed the way I look at the market.",0,0,https://www.youtube.com/watch?v=_YVQN6_nkfs,UgxzvKXSM7s4kWVpJuh4AaABAg.AbNd7lUidfzAbNdgwrucS0,"Short (trả lời comment): “I can relate. Things didn't really start to click for me until I stopped relying” → 3 điểm xác nhận trước khi vào lệnh, demo trên chart.",run_how_to_trade_gold_for_beginners,Backlog
PP-0986,1.5,broker_platform|education_gap,broker_platform,What is best brokers.small spread and a big lavreg,0,0,https://www.youtube.com/watch?v=oc2zqnvsqi0,Ugy1Upjj22dy8lTRSCl4AaABAg,Short (trả lời comment): “What is best brokers.small spread and a big lavreg” → spread/slippage/sàn cần kiểm tra gì trước khi chọn broker.,run_how_to_trade_gold_for_beginners,Backlog
PP-0987,1.5,risk_management|entry_timing,risk_management,"I was stuck in that same cycle until I found Rolando Mario. He’s the only mentor I’ve seen who breaks down 1-minute scalping with structure, not just flashy wins. He teaches exact entry timing, stop placement, and risk control so you’re not just guessing.",0,0,https://www.youtube.com/watch?v=_YVQN6_nkfs,Ugzv7wHe6tIEi-9hAjp4AaABAg.Ab5MZlYef1HAb5MywvBy0S,Short (trả lời comment): mở bằng “I was stuck in that same cycle until I found Rolando Mario. He’s the only mentor” → 3 bước quản lý vốn/stop loss cho XAUUSD.,run_how_to_trade_gold_for_beginners,Backlog
PP-0988,1.5,strategy_rules|education_gap,strategy_rules,can you please tell me what is your strategy to pass ftmo challenge. I want to try it one day.,0,0,https://www.youtube.com/watch?v=AY7fWmE1CBk,Ugw0uvaA9l3W9ytTSbZ4AaABAg.9qreJ9F4qwH9xnq9Gh1Q9-,"Short (trả lời comment): “can you please tell me what is your strategy to pass ftmo challenge. I want to t” → chiến lược này dùng khung nào, áp dụng ra sao trong 60 giây.",run_XAUUSD_trading_strategy,Backlog
PP-0989,1.5,strategy_rules|education_gap,strategy_rules,Very useful !!! hope can see more these type of skills & strategy tutorial. 😍😍😍😍,0,0,https://www.youtube.com/watch?v=AY7fWmE1CBk,UgyCjKaueNMBA-mKHyh4AaABAg,"Short (trả lời comment): “Very useful !!! hope can see more these type of skills & strategy tutorial. 😍😍😍😍” → chiến lược này dùng khung nào, áp dụng ra sao trong 60 giây.",run_XAUUSD_trading_strategy,Backlog
PP-0990,1.5,risk_management|education_gap,risk_management,bro i am in your crypto group and i have 50k capital how much shoulld i risk per trade given ny you,0,0,https://www.youtube.com/watch?v=Er7rWHlwlqU,UgyYg3rgEh23lEgbp0x4AaABAg,Short (trả lời comment): mở bằng “bro i am in your crypto group and i have 50k capital how much shoulld i risk per” → 3 bước quản lý vốn/stop loss cho XAUUSD.,run_XAUUSD_trading_strategy,Backlog
PP-0991,1.25,risk_management,risk_management,"Trading without proper guidance is one of the biggest challenges for beginners. Without a qualified advisor, many traders either remain stuck or face losses that slow their progress.",0,0,https://www.youtube.com/watch?v=tS9o8aQjADY,Ugw47f4UJ0eb3ABxQ9R4AaABAg.AXJUeaDUjk4AXJVMLZ3DcF,Short (trả lời comment): mở bằng “Trading without proper guidance is one of the biggest challenges for beginners. ” → 3 bước quản lý vốn/stop loss cho XAUUSD.,run_forex_entry_confirmation,Backlog
PP-0992,1.25,entry_timing,entry_timing,"perfect timing for me, thanks a bunch! 😊",0,0,https://www.youtube.com/watch?v=tS9o8aQjADY,Ugw7NGl2NlK7n4aBokF4AaABAg,"Short (trả lời comment): “perfect timing for me, thanks a bunch! 😊” → 3 điểm xác nhận trước khi vào lệnh, demo trên chart.",run_forex_entry_confirmation,Backlog
PP-0993,1.25,psychology,psychology,"Trading is 80% battling your own brain, 20% revenge clicking 😓 If I just followed my plan instead of chasing every feeling I had, I’d be on a yacht right now.",0,0,https://www.youtube.com/watch?v=tS9o8aQjADY,UgwDpq26W2yMA6yAwRh4AaABAg.AZXO5pAlyX-AZXOKlt8dbd,"Short (trả lời comment): “Trading is 80% battling your own brain, 20% revenge clicking 😓 If I just followe” → cách lấy lại kỷ luật sau chuỗi thua, 1 phút thực hành.",run_forex_entry_confirmation,Backlog
PP-0994,1.25,risk_management,risk_management,Yes got SL exactly same but with high rr I am still taking payout consistently,0,0,https://www.youtube.com/watch?v=taBdnsItyiI,UgwMUONOIOFMY3oTGpx4AaABAg,Short (trả lời comment): mở bằng “Yes got SL exactly same but with high rr I am still taking payout consistently” → 3 bước quản lý vốn/stop loss cho XAUUSD.,run_forex_entry_confirmation,Backlog
PP-0995,1.25,education_gap,education_gap,"Every trade will and can be different, indexes dip, news, catalyst, internal news, insiders, institutional sweep, etc etc. SET YOUR OWN RULES, know what you need, know what you want.",0,0,https://www.youtube.com/watch?v=IyrbbmKv3RE,UgwRPKSXtZoqe73WqqF4AaABAg,"Short (trả lời comment): “Every trade will and can be different, indexes dip, news, catalyst, internal new” → giải thích cực gọn cho người mới trong 45 giây.",run_forex_entry_confirmation,Backlog
PP-0996,1.25,psychology,psychology,Agreed,0,0,https://www.youtube.com/watch?v=kis7l0y1JUg,UgwUg70bipEdDf3q85d4AaABAg.A2vM2DsFil4AC4pOGwqcgR,"Short (trả lời comment): “Agreed” → cách lấy lại kỷ luật sau chuỗi thua, 1 phút thực hành.",run_forex_entry_confirmation,Backlog
PP-0997,1.25,education_gap,education_gap,"Yes, I know him. I actually followed his signals, and that experience really changed how I trade.",0,0,https://www.youtube.com/watch?v=IyrbbmKv3RE,UgwXvR7RRHmrpIFKEHN4AaABAg.AYTy4ojAvwXAYU494ZMnz9,"Short (trả lời comment): “Yes, I know him. I actually followed his signals, and that experience really cha” → giải thích cực gọn cho người mới trong 45 giây.",run_forex_entry_confirmation,Backlog
PP-0998,1.25,strategy_rules,strategy_rules,Love this guy is strategy,0,0,https://www.youtube.com/watch?v=IyrbbmKv3RE,Ugwc3CXdyh-OmxHv5rJ4AaABAg,"Short (trả lời comment): “Love this guy is strategy” → chiến lược này dùng khung nào, áp dụng ra sao trong 60 giây.",run_forex_entry_confirmation,Backlog
PP-0999,1.25,strategy_rules,strategy_rules,"​@gurzmnnab1 Trust me, master one strategy at a time",0,0,https://www.youtube.com/watch?v=tS9o8aQjADY,UgwtL6_8PtLkEN26RUV4AaABAg.AJE3qlyKY83AVscoqE8tyR,"Short (trả lời comment): “​@gurzmnnab1 Trust me, master one strategy at a time” → chiến lược này dùng khung nào, áp dụng ra sao trong 60 giây.",run_forex_entry_confirmation,Backlog
PP-1000,1.25,entry_timing,entry_timing,If you don't want to be missing entries then use model one entry model,0,0,https://www.youtube.com/watch?v=4tFcM7NcefU,UgwtnhUhVv7Lean1FS94AaABAg,"Short (trả lời comment): “If you don't want to be missing entries then use model one entry model” → 3 điểm xác nhận trước khi vào lệnh, demo trên chart.",run_forex_entry_confirmation,Backlog
PP-1001,1.25,broker_platform,broker_platform,"Nggak mau di bilang mas tapi klo seperti tes"" broker dia udh tes banyak broker salahsatunya Octa",0,0,https://www.youtube.com/watch?v=vRoToHC9STU,Ugx1dua_KjM8Q5oRpQd4AaABAg.9alcNZgEeeZ9alfC4MraA9,"Short (trả lời comment): “Nggak mau di bilang mas tapi klo seperti tes"" broker dia udh tes banyak broker s” → spread/slippage/sàn cần kiểm tra gì trước khi chọn broker.",run_forex_entry_confirmation,Backlog
PP-1002,1.25,broker_platform,broker_platform,"My first investment with Mr Carlos gave me profit of over $24,000 Us dollars and ever since then he has never failed to deliver and I can even say he is the most sincere broker I have known",0,0,https://www.youtube.com/watch?v=kis7l0y1JUg,Ugx2BT0ZLeoi15tFd5Z4AaABAg.9gbm1W9cv6W9gbmbnA_pY7,"Short (trả lời comment): “My first investment with Mr Carlos gave me profit of over $24,000 Us dollars and” → spread/slippage/sàn cần kiểm tra gì trước khi chọn broker.",run_forex_entry_confirmation,Backlog
PP-1003,1.25,risk_management,risk_management,"Mr Carlos is obviously the best, I invested $3,000 and he made profit of $28,000 for me just in 15 days",0,0,https://www.youtube.com/watch?v=kis7l0y1JUg,Ugx2BT0ZLeoi15tFd5Z4AaABAg.9gbm1W9cv6W9gbmiaylbch,"Short (trả lời comment): mở bằng “Mr Carlos is obviously the best, I invested $3,000 and he made profit of $28,000” → 3 bước quản lý vốn/stop loss cho XAUUSD.",run_forex_entry_confirmation,Backlog
PP-1004,1.25,education_gap,education_gap,just what i needed to get better at trading 🙌,0,0,https://www.youtube.com/watch?v=tS9o8aQjADY,Ugx9RvvboTUf3j8YRU54AaABAg,Short (trả lời comment): “just what i needed to get better at trading 🙌” → giải thích cực gọn cho người mới trong 45 giây.,run_forex_entry_confirmation,Backlog
PP-1005,1.25,entry_timing,entry_timing,your entry not trigger ..,0,0,https://www.youtube.com/watch?v=4tFcM7NcefU,UgxF-GxzUl4XZg-XG7t4AaABAg,"Short (trả lời comment): “your entry not trigger ..” → 3 điểm xác nhận trước khi vào lệnh, demo trên chart.",run_forex_entry_confirmation,Backlog
PP-1006,1.25,broker_platform,broker_platform,"She is my family's personal broker and also a personal broker in many families I'm United States, she's a licensed broker and a FINRA AGENT in United states.",0,0,https://www.youtube.com/watch?v=kis7l0y1JUg,UgxMqdqbcd5IgHrKkW94AaABAg.A08LbJnZystA08Lr2p4rSj,Short (trả lời comment): “She is my family's personal broker and also a personal broker in many families I” → spread/slippage/sàn cần kiểm tra gì trước khi chọn broker.,run_forex_entry_confirmation,Backlog
PP-1007,1.25,entry_timing,entry_timing,Entering trades based on confirmation instead of predictions is such an important lesson. This mindset alone can save traders from so many unnecessary losses. Great explanation! 📈🔥,0,0,https://www.youtube.com/watch?v=taBdnsItyiI,UgxfUJ1Hgx812NOiR214AaABAg,"Short (trả lời comment): “Entering trades based on confirmation instead of predictions is such an importan” → 3 điểm xác nhận trước khi vào lệnh, demo trên chart.",run_forex_entry_confirmation,Backlog
PP-1008,1.25,strategy_rules,strategy_rules,"Depending on scattered advice online only stretched losses further. The shift happened once consistent, logical guidance replaced guesswork. Understanding the purpose behind each setup made trading feel grounded instead of uncertain.",0,0,https://www.youtube.com/watch?v=tS9o8aQjADY,UgxjjB-vAt43_HB9O754AaABAg.AXfOJk06U8oAXfOTwpqG6P,"Short (trả lời comment): “Depending on scattered advice online only stretched losses further. The shift ha” → chiến lược này dùng khung nào, áp dụng ra sao trong 60 giây.",run_forex_entry_confirmation,Backlog
PP-1009,1.25,education_gap,education_gap,"For me it was Piers Wyn. I trade alongside him, and with his mentorship, I know exactly what to do. Losing trades aren't part of my story anymore",0,0,https://www.youtube.com/watch?v=tS9o8aQjADY,UgxjjB-vAt43_HB9O754AaABAg.AXfOJk06U8oAXfOVLyCpuC,"Short (trả lời comment): “For me it was Piers Wyn. I trade alongside him, and with his mentorship, I know ” → giải thích cực gọn cho người mới trong 45 giây.",run_forex_entry_confirmation,Backlog
PP-1010,1.25,education_gap,education_gap,"Just what I needed,,,,, thanks King,,, off to backtest now",0,0,https://www.youtube.com/watch?v=kis7l0y1JUg,UgxkxeqPkVq4aZxw_C94AaABAg,"Short (trả lời comment): “Just what I needed,,,,, thanks King,,, off to backtest now” → giải thích cực gọn cho người mới trong 45 giây.",run_forex_entry_confirmation,Backlog
PP-1011,1.25,education_gap,education_gap,"Wow! This is so amazing, please how do I get in touch with Richard Scote, I would love to trade with him",0,0,https://www.youtube.com/watch?v=kis7l0y1JUg,Ugxv9wWI-iRHBUcYn3V4AaABAg.9gMVm8-F9lM9gMWiODV_mU,"Short (trả lời comment): “Wow! This is so amazing, please how do I get in touch with Richard Scote, I woul” → giải thích cực gọn cho người mới trong 45 giây.",run_forex_entry_confirmation,Backlog
PP-1012,1.25,risk_management,risk_management,Always takes my SL by ticks then runs in my direction,0,0,https://www.youtube.com/watch?v=taBdnsItyiI,Ugxx4t3TJOeHatLnFgJ4AaABAg.AOLk8p1PIaZAOM42YQO7H8,Short (trả lời comment): mở bằng “Always takes my SL by ticks then runs in my direction” → 3 bước quản lý vốn/stop loss cho XAUUSD.,run_forex_entry_confirmation,Backlog
PP-1013,1.25,education_gap,education_gap,This is not the first time i am hearing of this woman and her exploit trading world but i have no idea on how to reach her😢😢,0,0,https://www.youtube.com/watch?v=kis7l0y1JUg,Ugy4Kyf42xLIfwE1wk94AaABAg.9mWEQgCT_i89mWEynzkvZq,Short (trả lời comment): “This is not the first time i am hearing of this woman and her exploit trading wo” → giải thích cực gọn cho người mới trong 45 giây.,run_forex_entry_confirmation,Backlog
PP-1014,1.25,entry_timing,entry_timing,U leave that entry,0,0,https://www.youtube.com/watch?v=FccA87INVUE,UgyCp7t2Ze4MLvPiZON4AaABAg.AE7klgs0SMyAGrQSjALozG,"Short (trả lời comment): “U leave that entry” → 3 điểm xác nhận trước khi vào lệnh, demo trên chart.",run_forex_entry_confirmation,Backlog
PP-1015,1.25,entry_timing,entry_timing,Iya tapi tidak selalu. Tetap tggu konfirmasi aja kalau mau entry,0,0,https://www.youtube.com/watch?v=vRoToHC9STU,UgyWfojOU1gPdiQj57N4AaABAg.9albEg4DawU9alfWqtcX0v,"Short (trả lời comment): “Iya tapi tidak selalu. Tetap tggu konfirmasi aja kalau mau entry” → 3 điểm xác nhận trước khi vào lệnh, demo trên chart.",run_forex_entry_confirmation,Backlog
PP-1016,1.25,education_gap,education_gap,"Honestly it has been different for me, Just closed a really good trade today and I'm honestly proud of how far I've come. The growth is showing for real",0,0,https://www.youtube.com/watch?v=tS9o8aQjADY,Ugya8W-oTByQYDJ4AKV4AaABAg.ARBIBqUMNdBARBIN1MXEYT,"Short (trả lời comment): “Honestly it has been different for me, Just closed a really good trade today and” → giải thích cực gọn cho người mới trong 45 giây.",run_forex_entry_confirmation,Backlog
PP-1017,1.25,risk_management,risk_management,bro we are still watching ur video after 1 year aslo . ur good bro thx for teaching us,0,0,https://www.youtube.com/watch?v=kis7l0y1JUg,UgybMThaqcJV_e_7HSt4AaABAg,Short (trả lời comment): mở bằng “bro we are still watching ur video after 1 year aslo . ur good bro thx for teach” → 3 bước quản lý vốn/stop loss cho XAUUSD.,run_forex_entry_confirmation,Backlog
PP-1018,1.25,strategy_rules,strategy_rules,now i am trying the third strategy in live. I hope t smash everything,0,0,https://www.youtube.com/watch?v=kis7l0y1JUg,UgydEOvMR8iQWa75K7J4AaABAg,"Short (trả lời comment): “now i am trying the third strategy in live. I hope t smash everything” → chiến lược này dùng khung nào, áp dụng ra sao trong 60 giây.",run_forex_entry_confirmation,Backlog
PP-1019,1.25,education_gap,education_gap,MAAANNNNNNNNNNN lol why ur video popped up right as im backtesting and look at that . thanks,0,0,https://www.youtube.com/watch?v=4tFcM7NcefU,Ugyfvv9fnajAvvNhdo14AaABAg,Short (trả lời comment): “MAAANNNNNNNNNNN lol why ur video popped up right as im backtesting and look at t” → giải thích cực gọn cho người mới trong 45 giây.,run_forex_entry_confirmation,Backlog
PP-1020,1.25,risk_management,risk_management,20% sl and 80% target works in only trending market,0,0,https://www.youtube.com/watch?v=IyrbbmKv3RE,Ugyh-028HKY-6I1Gh7V4AaABAg,Short (trả lời comment): mở bằng “20% sl and 80% target works in only trending market” → 3 bước quản lý vốn/stop loss cho XAUUSD.,run_forex_entry_confirmation,Backlog
PP-1021,1.25,education_gap,education_gap,I’ve been trying to do that but I honestly don’t even know what 'institutional flow' looks like on a chart. Everything just looks like random candles to me right now.,0,0,https://www.youtube.com/watch?v=tS9o8aQjADY,UgyihRFxkiUXUXOTb7x4AaABAg.AZhHHr3xWETAZhHe7U0WWO,Short (trả lời comment): “I’ve been trying to do that but I honestly don’t even know what 'institutional f” → giải thích cực gọn cho người mới trong 45 giây.,run_forex_entry_confirmation,Backlog
PP-1022,1.25,strategy_rules,strategy_rules,​@FGX_TRADESgather info and work with any strategy that you flow with best.,0,0,https://www.youtube.com/watch?v=kis7l0y1JUg,UgyntZMzIESD2UtM5ut4AaABAg.9gbWsprE4t1AOi6-bk1ioH,"Short (trả lời comment): “​@FGX_TRADESgather info and work with any strategy that you flow with best.” → chiến lược này dùng khung nào, áp dụng ra sao trong 60 giây.",run_forex_entry_confirmation,Backlog
PP-1023,1.25,strategy_rules,strategy_rules,"​@FGX_TRADESmake one mentor observe his or her life ,test his/her strategy ,only watch his or her videos , learn from one mentor",0,0,https://www.youtube.com/watch?v=kis7l0y1JUg,UgyntZMzIESD2UtM5ut4AaABAg.9gbWsprE4t1AUXvufjmjYD,"Short (trả lời comment): “​@FGX_TRADESmake one mentor observe his or her life ,test his/her strategy ,only” → chiến lược này dùng khung nào, áp dụng ra sao trong 60 giây.",run_forex_entry_confirmation,Backlog
PP-1024,1.25,entry_timing,entry_timing,When you were giving the examples of when people enter bad trade you were talking about me 😂😂😂😂🤣🤣 oh my days,0,0,https://www.youtube.com/watch?v=taBdnsItyiI,Ugz1ZlR8Vej1qben4Td4AaABAg,"Short (trả lời comment): “When you were giving the examples of when people enter bad trade you were talkin” → 3 điểm xác nhận trước khi vào lệnh, demo trên chart.",run_forex_entry_confirmation,Backlog
PP-1025,1.25,broker_platform,broker_platform,I think I'm blessed because if not I wouldn't have met someone who is as spectacular as expert Mrs Bianca I think she is the best broker I ever seen,0,0,https://www.youtube.com/watch?v=kis7l0y1JUg,Ugz3IjtTI_5ggxbu5zJ4AaABAg.9muq4M8J5Ji9muqV1uEArB,Short (trả lời comment): “I think I'm blessed because if not I wouldn't have met someone who is as spectac” → spread/slippage/sàn cần kiểm tra gì trước khi chọn broker.,run_forex_entry_confirmation,Backlog
PP-1026,1.25,education_gap,education_gap,"I still wonder how she gets her analysis, I got profit of $28, 609 with a capital of $4000 in 16 days of trading with her",0,0,https://www.youtube.com/watch?v=kis7l0y1JUg,Ugz3IjtTI_5ggxbu5zJ4AaABAg.9muq4M8J5Ji9muqkNJuC1J,"Short (trả lời comment): “I still wonder how she gets her analysis, I got profit of $28, 609 with a capita” → giải thích cực gọn cho người mới trong 45 giây.",run_forex_entry_confirmation,Backlog
PP-1027,1.25,risk_management,risk_management,See sl size 😢😢,0,0,https://www.youtube.com/watch?v=4tFcM7NcefU,Ugz44aksBs3FEmQlBgp4AaABAg,Short (trả lời comment): mở bằng “See sl size 😢😢” → 3 bước quản lý vốn/stop loss cho XAUUSD.,run_forex_entry_confirmation,Backlog
PP-1028,1.25,education_gap,education_gap,Except that youtube trader influencers always show trades that has gone well for them. It's very easy to sound smart in hind sight.,0,0,https://www.youtube.com/watch?v=4tFcM7NcefU,Ugz6bypWsyIobkDuWuh4AaABAg.A8VV3YQVSVCAXU0a8oc-Vf,Short (trả lời comment): “Except that youtube trader influencers always show trades that has gone well for” → giải thích cực gọn cho người mới trong 45 giây.,run_forex_entry_confirmation,Backlog
PP-1029,1.25,education_gap,education_gap,"@ksawis_ Trades are taken on probabilities, nothing is 100%. thats why you must always use Stops, you should have a system that fits your style of trading that also gives you higher probabilities than other systems you learn and test (key word 'TEST' - not with live trading). If you know nothing about trading then go to babypips and learn everything on that site.",0,0,https://www.youtube.com/watch?v=tS9o8aQjADY,UgzC866k6Mgm_xpRjb14AaABAg.AJ5QmpyNPsDAJ6YATEvtDD,"Short (trả lời comment): “@ksawis_ Trades are taken on probabilities, nothing is 100%. thats why you must ” → giải thích cực gọn cho người mới trong 45 giây.",run_forex_entry_confirmation,Backlog
PP-1030,1.25,education_gap,education_gap,"Am from kenya how will join your class, please .am new in trading and am not making anything",0,0,https://www.youtube.com/watch?v=4tFcM7NcefU,UgzDmmf-zZh6hT-T7XJ4AaABAg,"Short (trả lời comment): “Am from kenya how will join your class, please .am new in trading and am not mak” → giải thích cực gọn cho người mới trong 45 giây.",run_forex_entry_confirmation,Backlog
PP-1031,1.25,psychology,psychology,"My First trade & investment with Ms Bridget Denison gave me $46,300 and that has made me invest without the fear of losing, I got four of my friends that I referred to her and They are making profits just like me_ May God bless Ms Bridget Denison.",0,0,https://www.youtube.com/watch?v=kis7l0y1JUg,UgzNJQCKPR89XLwADKN4AaABAg.9hz_zTBCjhc9hzc_gHMoZv,"Short (trả lời comment): “My First trade & investment with Ms Bridget Denison gave me $46,300 and that has” → cách lấy lại kỷ luật sau chuỗi thua, 1 phút thực hành.",run_forex_entry_confirmation,Backlog
PP-1032,1.25,entry_timing,entry_timing,i noticed on the second bearish conservative you could have entered the bearish engulfing on the double top,0,0,https://www.youtube.com/watch?v=FccA87INVUE,UgzUdE5kzgmPKFBCV7l4AaABAg,"Short (trả lời comment): “i noticed on the second bearish conservative you could have entered the bearish ” → 3 điểm xác nhận trước khi vào lệnh, demo trên chart.",run_forex_entry_confirmation,Backlog
PP-1033,1.25,risk_management,risk_management,"it's obvious. a lot of people remain poor due to ignorance, it's better to take risks and make sacrifices than to stay poor",0,0,https://www.youtube.com/watch?v=kis7l0y1JUg,UgzV1KExPdTnuK5nYA94AaABAg.9mqD5hKPXlE9mqDlxVMrtW,"Short (trả lời comment): mở bằng “it's obvious. a lot of people remain poor due to ignorance, it's better to take ” → 3 bước quản lý vốn/stop loss cho XAUUSD.",run_forex_entry_confirmation,Backlog
PP-1034,1.25,strategy_rules,strategy_rules,"The best strategy to use in trading is to trade a professional who understands the market quite well, that way maximum profit is guaranteed. Because I have learned along the way of my investment that research and analysis are important, note that experience is more needed, than luck when it comes to the financial market.",0,0,https://www.youtube.com/watch?v=kis7l0y1JUg,UgzV1KExPdTnuK5nYA94AaABAg.9mqD5hKPXlE9mqEXx2VLIv,"Short (trả lời comment): “The best strategy to use in trading is to trade a professional who understands t” → chiến lược này dùng khung nào, áp dụng ra sao trong 60 giây.",run_forex_entry_confirmation,Backlog
PP-1035,1.25,entry_timing,entry_timing,"dude, i just lost my first trade of the challenge, and just opened the video and hear the ''confirmation entry'' song. and i started to laugh. thanks for changing my mood :D",0,0,https://www.youtube.com/watch?v=IyrbbmKv3RE,UgzVr4nv4vcZBTWxXSF4AaABAg,"Short (trả lời comment): “dude, i just lost my first trade of the challenge, and just opened the video and” → 3 điểm xác nhận trước khi vào lệnh, demo trên chart.",run_forex_entry_confirmation,Backlog
PP-1036,1.25,risk_management,risk_management,trading in the financial market is very volatile and risky to trade that's the reason most investors trade with a professionals,0,0,https://www.youtube.com/watch?v=kis7l0y1JUg,UgzdnjhroPSQNazXVbR4AaABAg.9nPJUKrXao09nPLCoXkAF_,Short (trả lời comment): mở bằng “trading in the financial market is very volatile and risky to trade that's the r” → 3 bước quản lý vốn/stop loss cho XAUUSD.,run_forex_entry_confirmation,Backlog
PP-1037,1.25,strategy_rules,strategy_rules,Trading with an expert is the best strategy for newbies and busy investors who have little or no time to monitor trade,0,0,https://www.youtube.com/watch?v=kis7l0y1JUg,UgzdnjhroPSQNazXVbR4AaABAg.9nPJUKrXao09nPLNj7m8iP,"Short (trả lời comment): “Trading with an expert is the best strategy for newbies and busy investors who h” → chiến lược này dùng khung nào, áp dụng ra sao trong 60 giây.",run_forex_entry_confirmation,Backlog
PP-1038,1.25,education_gap,education_gap,"thanks sir for the quality information given out to us here, sir, for the 3-candle price action confirmation, what is best TF for day trader also is it neccessary to come to LTF when using the 3-candle price action confirmation.",0,0,https://www.youtube.com/watch?v=FccA87INVUE,Ugzl9njJlmMjU3NZcst4AaABAg,"Short (trả lời comment): “thanks sir for the quality information given out to us here, sir, for the 3-cand” → giải thích cực gọn cho người mới trong 45 giây.",run_forex_entry_confirmation,Backlog
PP-1039,1.25,entry_timing,entry_timing,finally can understand the entry points,0,0,https://www.youtube.com/watch?v=tS9o8aQjADY,UgzqrYK11GHONz3HJuJ4AaABAg,"Short (trả lời comment): “finally can understand the entry points” → 3 điểm xác nhận trước khi vào lệnh, demo trên chart.",run_forex_entry_confirmation,Backlog
PP-1040,1.25,education_gap,education_gap,just what i needed to level up my trades,0,0,https://www.youtube.com/watch?v=tS9o8aQjADY,UgzuVBKxTgxJJSvuhrl4AaABAg,Short (trả lời comment): “just what i needed to level up my trades” → giải thích cực gọn cho người mới trong 45 giây.,run_forex_entry_confirmation,Backlog
PP-1041,1.25,broker_platform,broker_platform,"mas tama, coba review broker luar ""fortuno market"" saya masih akun demo sih disana, cuma disana juga disediain berita/news terus ada kalender yg juga ada bar impactnya ngaruh atau tidaknya ke pair yg dimaksud terima kasih semoga dibuatin videonya",0,0,https://www.youtube.com/watch?v=smtAdlhwFHA,Ugw1lD0ybWolg0CHWMx4AaABAg,"Short (trả lời comment): “mas tama, coba review broker luar ""fortuno market"" saya masih akun demo sih disa” → spread/slippage/sàn cần kiểm tra gì trước khi chọn broker.",run_forex_risk_management_stop_loss,Backlog
PP-1042,1.25,education_gap,education_gap,"""Average True Range"" is the average price movement for a default 14 time periods. On the hourly chart the average true range shows the last 14 hours of pip movements or ""volatility"".",0,0,https://www.youtube.com/watch?v=JrDNeM9p2J4,Ugw8uhsG7RHMPq3IjO54AaABAg,"Short (trả lời comment): “""Average True Range"" is the average price movement for a default 14 time periods” → giải thích cực gọn cho người mới trong 45 giây.",run_forex_risk_management_stop_loss,Backlog
PP-1043,1.25,risk_management,risk_management,Yes. I’m backtesting it and it gives profit quicker instead of using a wide sl. Though we can hit sl quicker too but over time we’ll be profitable because of higher risk to reward trades,0,0,https://www.youtube.com/watch?v=_D1MYH6D7jc,UgwAIdgO0tvjMaHaDXp4AaABAg.A9mDDy95_GmAKXgKsdACqU,Short (trả lời comment): mở bằng “Yes. I’m backtesting it and it gives profit quicker instead of using a wide sl. ” → 3 bước quản lý vốn/stop loss cho XAUUSD.,run_forex_risk_management_stop_loss,Backlog
PP-1044,1.25,education_gap,education_gap,@Someinternettraderthat’s not what he meant,0,0,https://www.youtube.com/watch?v=Dyg4lZo89sM,UgwEivCaU_2Sd0bU_hN4AaABAg.9x6dZ2T7pwW9x7aQ4UATbH,Short (trả lời comment): “@Someinternettraderthat’s not what he meant” → giải thích cực gọn cho người mới trong 45 giây.,run_forex_risk_management_stop_loss,Backlog
PP-1045,1.25,strategy_rules,strategy_rules,I don't see that indicator,0,0,https://www.youtube.com/watch?v=JrDNeM9p2J4,UgwGcr5nDylTLZ9iDP94AaABAg.9iHt44Gb6zb9tSCSsFV0yk,"Short (trả lời comment): “I don't see that indicator” → chiến lược này dùng khung nào, áp dụng ra sao trong 60 giây.",run_forex_risk_management_stop_loss,Backlog
PP-1046,1.25,entry_timing,entry_timing,I love Ur contents istan. Can I get a video on the 3 candle entry and a top down analysis video 🙏🙏,0,0,https://www.youtube.com/watch?v=_D1MYH6D7jc,UgwM96TmKCpVBmDxp9d4AaABAg,"Short (trả lời comment): “I love Ur contents istan. Can I get a video on the 3 candle entry and a top down” → 3 điểm xác nhận trước khi vào lệnh, demo trên chart.",run_forex_risk_management_stop_loss,Backlog
PP-1047,1.25,risk_management,risk_management,nowadays market just don't liquidate fvg but it liquidate even below the fvg where most of the retailers place sl,0,0,https://www.youtube.com/watch?v=npfiV52dXoc,UgwNf2I4AqVUxovhSHV4AaABAg,Short (trả lời comment): mở bằng “nowadays market just don't liquidate fvg but it liquidate even below the fvg whe” → 3 bước quản lý vốn/stop loss cho XAUUSD.,run_forex_risk_management_stop_loss,Backlog
PP-1048,1.25,risk_management,risk_management,Ye risk management tha Jo Apne btya hai abi,0,0,https://www.youtube.com/watch?v=-zrFkI1cm4o,UgwO68oPYhJb2o96uxh4AaABAg,Short (trả lời comment): mở bằng “Ye risk management tha Jo Apne btya hai abi” → 3 bước quản lý vốn/stop loss cho XAUUSD.,run_forex_risk_management_stop_loss,Backlog
PP-1049,1.25,education_gap,education_gap,the best fundamental of trading tutorial for new traders to learn. Once traders understood this most important factor in trading then you will have much better success in this field.,0,0,https://www.youtube.com/watch?v=_D1MYH6D7jc,UgwQ7so7FOi9tRs7osl4AaABAg,Short (trả lời comment): “the best fundamental of trading tutorial for new traders to learn. Once traders ” → giải thích cực gọn cho người mới trong 45 giây.,run_forex_risk_management_stop_loss,Backlog
PP-1050,1.25,strategy_rules,strategy_rules,first determine the daily bias by considering previous day daily candle and then take long or short based on bias because if daily bias is short but the daily candle at the beginning of the day is short then the strategy might get messed up,0,0,https://www.youtube.com/watch?v=npfiV52dXoc,UgwX24jJX4gVzbxWyct4AaABAg,"Short (trả lời comment): “first determine the daily bias by considering previous day daily candle and then” → chiến lược này dùng khung nào, áp dụng ra sao trong 60 giây.",run_forex_risk_management_stop_loss,Backlog
PP-1051,1.25,risk_management,risk_management,Hey bruh i wanna purchase the signal but you all out of slots,0,0,https://www.youtube.com/watch?v=JrDNeM9p2J4,UgwYPs3eLw2LRLB7dN54AaABAg.9e24jFBuIkq9fgMYkexV2q,Short (trả lời comment): mở bằng “Hey bruh i wanna purchase the signal but you all out of slots” → 3 bước quản lý vốn/stop loss cho XAUUSD.,run_forex_risk_management_stop_loss,Backlog
PP-1052,1.25,risk_management,risk_management,"Thank you bruh, your videos have changed my trading live. Best video on Risk management ❤",0,0,https://www.youtube.com/watch?v=7f2bpEwiJCY,UgwZahKaRNRTDBl2bNF4AaABAg,"Short (trả lời comment): mở bằng “Thank you bruh, your videos have changed my trading live. Best video on Risk man” → 3 bước quản lý vốn/stop loss cho XAUUSD.",run_forex_risk_management_stop_loss,Backlog
PP-1053,1.25,education_gap,education_gap,"My handsome brother ❤️ thank you so much for teaching us 💝 with your knowledge...m learning from you day by day watching your videos.kept up your kind and loving work, nature in teaching US how to be a profitable traders love you big ❤️🕊️",0,0,https://www.youtube.com/watch?v=7f2bpEwiJCY,Ugw_EExoOLKOTV35V9l4AaABAg,Short (trả lời comment): “My handsome brother ❤️ thank you so much for teaching us 💝 with your knowledge..” → giải thích cực gọn cho người mới trong 45 giây.,run_forex_risk_management_stop_loss,Backlog
PP-1054,1.25,strategy_rules,strategy_rules,I'm currently holding usdjpy using your demand and supply strategy and it's on good profit. It will take days to hit TP. Tnks for the insight,0,0,https://www.youtube.com/watch?v=_D1MYH6D7jc,UgwhQO2_hkZhO3rdPQN4AaABAg,"Short (trả lời comment): “I'm currently holding usdjpy using your demand and supply strategy and it's on g” → chiến lược này dùng khung nào, áp dụng ra sao trong 60 giây.",run_forex_risk_management_stop_loss,Backlog
PP-1055,1.25,risk_management,risk_management,Starting using ATRs for SL placement for one of my strategies. Works pretty well as you can also identify failed trades before it hits SL. Decreasing the amount of losing trades which hit full loss.,0,0,https://www.youtube.com/watch?v=_D1MYH6D7jc,UgwjbqDxYFqSj4DbNjR4AaABAg,Short (trả lời comment): mở bằng “Starting using ATRs for SL placement for one of my strategies. Works pretty well” → 3 bước quản lý vốn/stop loss cho XAUUSD.,run_forex_risk_management_stop_loss,Backlog
PP-1056,1.25,risk_management,risk_management,Bro which tranding is halal in islam,0,0,https://www.youtube.com/watch?v=-zrFkI1cm4o,Ugx3EbdyiRW6wJqCRxx4AaABAg.A7gSKyb7oFHA7lWr1Z4SBl,Short (trả lời comment): mở bằng “Bro which tranding is halal in islam” → 3 bước quản lý vốn/stop loss cho XAUUSD.,run_forex_risk_management_stop_loss,Backlog
PP-1057,1.25,risk_management,risk_management,Haram bhai​@Islamf4u,0,0,https://www.youtube.com/watch?v=-zrFkI1cm4o,Ugx3EbdyiRW6wJqCRxx4AaABAg.A7gSKyb7oFHA7ttONabjd5,Short (trả lời comment): mở bằng “Haram bhai​@Islamf4u” → 3 bước quản lý vốn/stop loss cho XAUUSD.,run_forex_risk_management_stop_loss,Backlog
PP-1058,1.25,education_gap,education_gap,Copy k baad profit kb show hota,0,0,https://www.youtube.com/watch?v=-zrFkI1cm4o,UgxAkyEgVceiEZqRs8l4AaABAg,Short (trả lời comment): “Copy k baad profit kb show hota” → giải thích cực gọn cho người mới trong 45 giây.,run_forex_risk_management_stop_loss,Backlog
PP-1059,1.25,strategy_rules,strategy_rules,Best videos so far... I like the trailing the take profit strategy,0,0,https://www.youtube.com/watch?v=_D1MYH6D7jc,UgxCGcLaKKUv4IJhoK14AaABAg,"Short (trả lời comment): “Best videos so far... I like the trailing the take profit strategy” → chiến lược này dùng khung nào, áp dụng ra sao trong 60 giây.",run_forex_risk_management_stop_loss,Backlog
PP-1060,1.25,risk_management,risk_management,STOP LOSS MATTERS,0,0,https://www.youtube.com/watch?v=v_8HUVzO-rw,UgxFRo1V8bY6zHXuRa14AaABAg,Short (trả lời comment): mở bằng “STOP LOSS MATTERS” → 3 bước quản lý vốn/stop loss cho XAUUSD.,run_forex_risk_management_stop_loss,Backlog
PP-1061,1.25,risk_management,risk_management,"Yh, I would risk 0.25% and try to hit 6% for the month",0,0,https://www.youtube.com/watch?v=Dyg4lZo89sM,UgxMuRJcIwCs9gKzsJx4AaABAg.APC2LmAYRTNAR9yhH9BF_D,"Short (trả lời comment): mở bằng “Yh, I would risk 0.25% and try to hit 6% for the month” → 3 bước quản lý vốn/stop loss cho XAUUSD.",run_forex_risk_management_stop_loss,Backlog
PP-1062,1.25,risk_management,risk_management,I only risk 0.1 % above that is crazy,0,0,https://www.youtube.com/watch?v=Dyg4lZo89sM,UgxMuRJcIwCs9gKzsJx4AaABAg.APC2LmAYRTNAU51VDAV3E7,Short (trả lời comment): mở bằng “I only risk 0.1 % above that is crazy” → 3 bước quản lý vốn/stop loss cho XAUUSD.,run_forex_risk_management_stop_loss,Backlog
PP-1063,1.25,strategy_rules,strategy_rules,"Thanks you, I feel like I'm going to be Price Actions strategy and multimillionaire . Thank you again",0,0,https://www.youtube.com/watch?v=7f2bpEwiJCY,UgxRkV7piM55W24hlFp4AaABAg,"Short (trả lời comment): “Thanks you, I feel like I'm going to be Price Actions strategy and multimilliona” → chiến lược này dùng khung nào, áp dụng ra sao trong 60 giây.",run_forex_risk_management_stop_loss,Backlog
PP-1064,1.25,risk_management,risk_management,Great job sirbthank you so much for more information about risk management,0,0,https://www.youtube.com/watch?v=-zrFkI1cm4o,UgxXF7WYhnEio8uOe354AaABAg,Short (trả lời comment): mở bằng “Great job sirbthank you so much for more information about risk management” → 3 bước quản lý vốn/stop loss cho XAUUSD.,run_forex_risk_management_stop_loss,Backlog
PP-1065,1.25,broker_platform,broker_platform,"pak aditama, coba trading pakai mt5 versi terbaru karna saya bingung chandle nya tidak seperti sebelumnya versi sekarang chandle bergerak lebih tenang di mt5",0,0,https://www.youtube.com/watch?v=v_8HUVzO-rw,Ugx_RRRnGA2g-upH56J4AaABAg,"Short (trả lời comment): “pak aditama, coba trading pakai mt5 versi terbaru karna saya bingung chandle nya” → spread/slippage/sàn cần kiểm tra gì trước khi chọn broker.",run_forex_risk_management_stop_loss,Backlog
PP-1066,1.25,broker_platform,broker_platform,Maaf pak tama saya pemula 🙏 Apakah bagus broker forex mitrade pak yang langsung ada buy and long nya tanpa pake meta 4 / 5.,0,0,https://www.youtube.com/watch?v=v_8HUVzO-rw,UgxaW0LW280r8fjZfit4AaABAg,Short (trả lời comment): “Maaf pak tama saya pemula 🙏 Apakah bagus broker forex mitrade pak yang langsung ” → spread/slippage/sàn cần kiểm tra gì trước khi chọn broker.,run_forex_risk_management_stop_loss,Backlog
PP-1067,1.25,risk_management,risk_management,Risk management is necessary and it is the backbone of profitability in the long run.,0,0,https://www.youtube.com/watch?v=7f2bpEwiJCY,UgxblUtFVc9ibfxsY_x4AaABAg,Short (trả lời comment): mở bằng “Risk management is necessary and it is the backbone of profitability in the long” → 3 bước quản lý vốn/stop loss cho XAUUSD.,run_forex_risk_management_stop_loss,Backlog
PP-1068,1.25,risk_management,risk_management,"mas modal 1jt mau pasang posisi risk 100rb juga bisa. ada namanya leverage. berrapa lot yg dimasukan bergantubg besaran SL. cara hitung nya bisa pakai ""babypips forex calculator"" semoga membantu",0,0,https://www.youtube.com/watch?v=v_8HUVzO-rw,UgxeC-K2dthZDYZQK8x4AaABAg.AHNbLX0zUrqAHyAAMCv4xx,Short (trả lời comment): mở bằng “mas modal 1jt mau pasang posisi risk 100rb juga bisa. ada namanya leverage. berr” → 3 bước quản lý vốn/stop loss cho XAUUSD.,run_forex_risk_management_stop_loss,Backlog
PP-1069,1.25,risk_management,risk_management,Only if you have a static drawdown,0,0,https://www.youtube.com/watch?v=Dyg4lZo89sM,UgxlKyXiMYH32o7CtrB4AaABAg,Short (trả lời comment): mở bằng “Only if you have a static drawdown” → 3 bước quản lý vốn/stop loss cho XAUUSD.,run_forex_risk_management_stop_loss,Backlog
PP-1070,1.25,education_gap,education_gap,"Awwow .. Bundles of Thanks BRO ,,, Literally No one can explain like this. Amazing Way❤️🤗alot kf respect for u .",0,0,https://www.youtube.com/watch?v=7f2bpEwiJCY,UgxrMFJdTPysaR_3MNF4AaABAg,"Short (trả lời comment): “Awwow .. Bundles of Thanks BRO ,,, Literally No one can explain like this. Amazi” → giải thích cực gọn cho người mới trong 45 giây.",run_forex_risk_management_stop_loss,Backlog
PP-1071,1.25,risk_management,risk_management,Nah to be honest i have already tried this on the Forex market and it doesnt work you will get stopped out..the market manipulation is out of control! The big banks and smart money can see where all the retailer have their stop loss and take prof..so the will always swing low and wipe out the retailer traders before continuing on the uptrend..ive seen it a thousand times,0,0,https://www.youtube.com/watch?v=JrDNeM9p2J4,Ugy-xWs3Fyd4XtPK8J54AaABAg.9if4CQnJVDF9j6BDKNn5-3,Short (trả lời comment): mở bằng “Nah to be honest i have already tried this on the Forex market and it doesnt wor” → 3 bước quản lý vốn/stop loss cho XAUUSD.,run_forex_risk_management_stop_loss,Backlog
PP-1072,1.25,psychology,psychology,Kalo cuman fomo mending out dari trading,0,0,https://www.youtube.com/watch?v=v_8HUVzO-rw,Ugy7TOBUO5fIT6bmMgt4AaABAg.AH74PzSZlH-AHAAeTM9Wdv,"Short (trả lời comment): “Kalo cuman fomo mending out dari trading” → cách lấy lại kỷ luật sau chuỗi thua, 1 phút thực hành.",run_forex_risk_management_stop_loss,Backlog
PP-1073,1.25,education_gap,education_gap,What impresses me most about Rachael Campbell is how well she explains basic concept of winning before actually letting you use her trade signals. This goes a long way to ensure winning trades.,0,0,https://www.youtube.com/watch?v=npfiV52dXoc,UgyBao0bIpRsCdby8P94AaABAg.A3TugkoeESwA75f4gcA25G,Short (trả lời comment): “What impresses me most about Rachael Campbell is how well she explains basic con” → giải thích cực gọn cho người mới trong 45 giây.,run_forex_risk_management_stop_loss,Backlog
PP-1074,1.25,broker_platform,broker_platform,"@wildantbkchannel9929 broker yang dipakai apa ya mas, yg ada akun centnya",0,0,https://www.youtube.com/watch?v=smtAdlhwFHA,UgyCFgdsU2HpRx4wINx4AaABAg.AJMbWpZZqEJAJNBi2RzXSh,"Short (trả lời comment): “@wildantbkchannel9929 broker yang dipakai apa ya mas, yg ada akun centnya” → spread/slippage/sàn cần kiểm tra gì trước khi chọn broker.",run_forex_risk_management_stop_loss,Backlog
PP-1075,1.25,risk_management,risk_management,We are understanding risk manegment so you reffrel dhe raha,0,0,https://www.youtube.com/watch?v=-zrFkI1cm4o,UgyCFsT4hNgWaBxPOad4AaABAg,Short (trả lời comment): mở bằng “We are understanding risk manegment so you reffrel dhe raha” → 3 bước quản lý vốn/stop loss cho XAUUSD.,run_forex_risk_management_stop_loss,Backlog
PP-1076,1.25,risk_management,risk_management,This was a good education video about risk management my brother.😌😌,0,0,https://www.youtube.com/watch?v=7f2bpEwiJCY,UgyD6gEpNFwOcy5ALGZ4AaABAg,Short (trả lời comment): mở bằng “This was a good education video about risk management my brother.😌😌” → 3 bước quản lý vốn/stop loss cho XAUUSD.,run_forex_risk_management_stop_loss,Backlog
PP-1077,1.25,risk_management,risk_management,i put my stop loss higher above est liquidation.,0,0,https://www.youtube.com/watch?v=_D1MYH6D7jc,UgyM_EAFn-6RhtitoeF4AaABAg,Short (trả lời comment): mở bằng “i put my stop loss higher above est liquidation.” → 3 bước quản lý vốn/stop loss cho XAUUSD.,run_forex_risk_management_stop_loss,Backlog
PP-1078,1.25,risk_management,risk_management,"Saya bisa 5% perhari.., bisa 60 OP dengan SL",0,0,https://www.youtube.com/watch?v=smtAdlhwFHA,UgyOT-_NPlxKjMp4lJZ4AaABAg.AJLt1wMO_sPAJOJ0XcHpaH,"Short (trả lời comment): mở bằng “Saya bisa 5% perhari.., bisa 60 OP dengan SL” → 3 bước quản lý vốn/stop loss cho XAUUSD.",run_forex_risk_management_stop_loss,Backlog
PP-1079,1.25,risk_management,risk_management,Me jab trade keta lo 1.2 risk reward par .. agar stop los 20 pips par laga keta hun tab bhi profit 10 pips par band karna parta he.. iska koi hal...,0,0,https://www.youtube.com/watch?v=-zrFkI1cm4o,UgybeH0DxF5QtAVN-Jl4AaABAg,Short (trả lời comment): mở bằng “Me jab trade keta lo 1.2 risk reward par .. agar stop los 20 pips par laga keta ” → 3 bước quản lý vốn/stop loss cho XAUUSD.,run_forex_risk_management_stop_loss,Backlog
PP-1080,1.25,risk_management,risk_management,"You have to decrement the budget with the new stop loss , that’s called money management",0,0,https://www.youtube.com/watch?v=JrDNeM9p2J4,UgylgWr8UPieExjiEZ14AaABAg.9dLbw_CqmKcAUBxwLFzorU,"Short (trả lời comment): mở bằng “You have to decrement the budget with the new stop loss , that’s called money ma” → 3 bước quản lý vốn/stop loss cho XAUUSD.",run_forex_risk_management_stop_loss,Backlog
PP-1081,1.25,strategy_rules,strategy_rules,@abdusillah4232Been working great for me I’ve ben busy so haven’t traded in a few days but I’m gonna get in tomorrow I haven’t lost a trade with this strategy yet though,0,0,https://www.youtube.com/watch?v=npfiV52dXoc,UgymJDXoLnVHwjMs8vB4AaABAg.ACkzjqPb7PHAN9FPCY-OPJ,"Short (trả lời comment): “@abdusillah4232Been working great for me I’ve ben busy so haven’t traded in a fe” → chiến lược này dùng khung nào, áp dụng ra sao trong 60 giây.",run_forex_risk_management_stop_loss,Backlog
PP-1082,1.25,risk_management,risk_management,BUy n Sell bareng2 kasih SL 20 pips TP 50 pips,0,0,https://www.youtube.com/watch?v=v_8HUVzO-rw,UgyspuepVsUI953NTg54AaABAg,Short (trả lời comment): mở bằng “BUy n Sell bareng2 kasih SL 20 pips TP 50 pips” → 3 bước quản lý vốn/stop loss cho XAUUSD.,run_forex_risk_management_stop_loss,Backlog
PP-1083,1.25,risk_management,risk_management,bhai Binnance pa accounts odane k baad risk manegement yaad aai,0,0,https://www.youtube.com/watch?v=-zrFkI1cm4o,Ugyw7_C6rYz8fx-B_H94AaABAg,Short (trả lời comment): mở bằng “bhai Binnance pa accounts odane k baad risk manegement yaad aai” → 3 bước quản lý vốn/stop loss cho XAUUSD.,run_forex_risk_management_stop_loss,Backlog
PP-1084,1.25,risk_management,risk_management,"THANKS, I LEARNED ALOT, THIS RISK MANAGEMENT THING HAS BEEN DIFFICULT FOR ME BUT ITS CLEAR NOW.",0,0,https://www.youtube.com/watch?v=7f2bpEwiJCY,Ugz6J_qsbVn9MBEHmkp4AaABAg,"Short (trả lời comment): mở bằng “THANKS, I LEARNED ALOT, THIS RISK MANAGEMENT THING HAS BEEN DIFFICULT FOR ME BUT” → 3 bước quản lý vốn/stop loss cho XAUUSD.",run_forex_risk_management_stop_loss,Backlog
PP-1085,1.25,strategy_rules,strategy_rules,nice setup,0,0,https://www.youtube.com/watch?v=npfiV52dXoc,Ugz9RYH82F95MY9sqGN4AaABAg,"Short (trả lời comment): “nice setup” → chiến lược này dùng khung nào, áp dụng ra sao trong 60 giây.",run_forex_risk_management_stop_loss,Backlog
PP-1086,1.25,education_gap,education_gap,"Bro you explain everything looks so fookin easy , i watched all the ICT videos and I know all his concepts and I m about to finish all your videos as well and my concepts get clearer and clearer. But when I see the love markety brains fcuks me up really bad, to and extent that it made me doubt that can I be a trader for real . But every single day I wake up and look at life in a different way . With new motivation. Thanks for the videos man. I will be a really good trader for sure.",0,0,https://www.youtube.com/watch?v=_D1MYH6D7jc,UgzBtHdCoVYnSeeCzdR4AaABAg,"Short (trả lời comment): “Bro you explain everything looks so fookin easy , i watched all the ICT videos a” → giải thích cực gọn cho người mới trong 45 giây.",run_forex_risk_management_stop_loss,Backlog
PP-1087,1.25,risk_management,risk_management,Setelah menerapkan risk 1% dgn SL range pips 100 pips trading jauh lbh tenang...profit tetap dapattt. modal 1.000 lot size 0.01,0,0,https://www.youtube.com/watch?v=v_8HUVzO-rw,UgzJ56yUxiW7hfId_B14AaABAg,Short (trả lời comment): mở bằng “Setelah menerapkan risk 1% dgn SL range pips 100 pips trading jauh lbh tenang...” → 3 bước quản lý vốn/stop loss cho XAUUSD.,run_forex_risk_management_stop_loss,Backlog
PP-1088,1.25,risk_management,risk_management,The best video about the risk management in the whole internet ✨,0,0,https://www.youtube.com/watch?v=7f2bpEwiJCY,UgzKm-5GEaWsKl8oxyN4AaABAg,Short (trả lời comment): mở bằng “The best video about the risk management in the whole internet ✨” → 3 bước quản lý vốn/stop loss cho XAUUSD.,run_forex_risk_management_stop_loss,Backlog
PP-1089,1.25,risk_management,risk_management,"dude 1 to 1 risk reward ratio. Dont let it be hit. If it works add a little bit to a trade, then you are at least break even, which is better than 90% of Traders",0,0,https://www.youtube.com/watch?v=JrDNeM9p2J4,UgzLZMcSIVOpR1DJ5Ph4AaABAg.9w_VfC-TPfGA966juhLxkI,Short (trả lời comment): mở bằng “dude 1 to 1 risk reward ratio. Dont let it be hit. If it works add a little bit ” → 3 bước quản lý vốn/stop loss cho XAUUSD.,run_forex_risk_management_stop_loss,Backlog
PP-1090,1.25,risk_management,risk_management,"This is the best SL, TP lesson video I've ever seen.🙏",0,0,https://www.youtube.com/watch?v=_D1MYH6D7jc,UgzVhDz1A5LoZq9EoMN4AaABAg,"Short (trả lời comment): mở bằng “This is the best SL, TP lesson video I've ever seen.🙏” → 3 bước quản lý vốn/stop loss cho XAUUSD.",run_forex_risk_management_stop_loss,Backlog
PP-1091,1.25,risk_management,risk_management,risk management kesy krte hai wo btao logo ko views lene kay lia shoru hote hai 95 Parson YouTubers ..,0,0,https://www.youtube.com/watch?v=-zrFkI1cm4o,UgzYo5Lizp4Mfgncocd4AaABAg,Short (trả lời comment): mở bằng “risk management kesy krte hai wo btao logo ko views lene kay lia shoru hote hai ” → 3 bước quản lý vốn/stop loss cho XAUUSD.,run_forex_risk_management_stop_loss,Backlog
PP-1092,1.25,risk_management,risk_management,The best risk management video ive ever seen thankssssss,0,0,https://www.youtube.com/watch?v=7f2bpEwiJCY,UgzZFEimWMFS5RkTGvt4AaABAg,Short (trả lời comment): mở bằng “The best risk management video ive ever seen thankssssss” → 3 bước quản lý vốn/stop loss cho XAUUSD.,run_forex_risk_management_stop_loss,Backlog
PP-1093,1.25,strategy_rules,strategy_rules,The best strategy ever,0,0,https://www.youtube.com/watch?v=npfiV52dXoc,UgzaA3QboSHRhQmUqRt4AaABAg,"Short (trả lời comment): “The best strategy ever” → chiến lược này dùng khung nào, áp dụng ra sao trong 60 giây.",run_forex_risk_management_stop_loss,Backlog
PP-1094,1.25,risk_management,risk_management,"@gaming_oleng 1% itu kerugian : 2% itu keuntungan, nembus profit 2% aja udh senam jantung,, apalagi profitnya di bikin 3% atau 4%, dan perlu diingat metode 1:3 atau metode 1:4 jarang kena Tp setiap hari,, yang jadi masalahnya lagi apakah mental psikologi mu aman,, jika 5 hari berturut-turut SL terus. Selain money management, psikologi juga harus di management",0,0,https://www.youtube.com/watch?v=smtAdlhwFHA,UgzdC5A_9KNkEmUwNY14AaABAg.AJMU2DXfZIXAJOk7fPB6yU,"Short (trả lời comment): mở bằng “@gaming_oleng 1% itu kerugian : 2% itu keuntungan, nembus profit 2% aja udh sena” → 3 bước quản lý vốn/stop loss cho XAUUSD.",run_forex_risk_management_stop_loss,Backlog
PP-1095,1.25,risk_management,risk_management,Analisa gold... Minimal tahan brapa pips sih mas.. Aku nahan 20pips kna SL TRus... Dah aku tetapin -20pips + 40pips... .. Kebanyakn kna sl dlu baru up,0,0,https://www.youtube.com/watch?v=smtAdlhwFHA,Ugzk14EUvup1j1Vf92p4AaABAg,Short (trả lời comment): mở bằng “Analisa gold... Minimal tahan brapa pips sih mas.. Aku nahan 20pips kna SL TRus.” → 3 bước quản lý vốn/stop loss cho XAUUSD.,run_forex_risk_management_stop_loss,Backlog
PP-1096,1.25,risk_management,risk_management,@owljan I finally got the courage to do a trailing stop the other day. Had I seen this comment earlier I would have done a stop loss instead. Oh well. Next time.,0,0,https://www.youtube.com/watch?v=JrDNeM9p2J4,UgznaQzz9Ek_LFk182h4AaABAg.9u4fsv48pTd9wsh-u12VAi,Short (trả lời comment): mở bằng “@owljan I finally got the courage to do a trailing stop the other day. Had I see” → 3 bước quản lý vốn/stop loss cho XAUUSD.,run_forex_risk_management_stop_loss,Backlog
PP-1097,1.25,risk_management,risk_management,saya modal dari 300rb an. tapi liat presentase trnyata slama 6 bulan ini profit. dan sedikit2 modal diperbesar,0,0,https://www.youtube.com/watch?v=v_8HUVzO-rw,UgzusYQmjVwPEuYkhWt4AaABAg.AH6BOWuuRbHAH6QyNlLyXn,Short (trả lời comment): mở bằng “saya modal dari 300rb an. tapi liat presentase trnyata slama 6 bulan ini profit.” → 3 bước quản lý vốn/stop loss cho XAUUSD.,run_forex_risk_management_stop_loss,Backlog
PP-1098,1.25,education_gap,education_gap,"Bro you said you made 2000 in 1 hr, but it says 15 min time frame with CHOCH model & you are showing 5 min charts, bro are you ok.......!!!",0,0,https://www.youtube.com/watch?v=sK-_6uIGMck,Ugw5dxNtqMuOpW2x46h4AaABAg,"Short (trả lời comment): “Bro you said you made 2000 in 1 hr, but it says 15 min time frame with CHOCH mod” → giải thích cực gọn cho người mới trong 45 giây.",run_gold_price_action_trading,Backlog
PP-1099,1.25,education_gap,education_gap,show trading History,0,0,https://www.youtube.com/watch?v=sK-_6uIGMck,Ugw8gVDzOzjKdssamWt4AaABAg,Short (trả lời comment): “show trading History” → giải thích cực gọn cho người mới trong 45 giây.,run_gold_price_action_trading,Backlog
PP-1100,1.25,risk_management,risk_management,Pips stop loss doesn't matter. It’s your rr & % risk newbie,0,0,https://www.youtube.com/watch?v=7HD5ZG2MmeQ,UgwC1moC3V4Da5cpLvN4AaABAg.AG4qMJjgcwjAHXewnERJMG,Short (trả lời comment): mở bằng “Pips stop loss doesn't matter. It’s your rr & % risk newbie” → 3 bước quản lý vốn/stop loss cho XAUUSD.,run_gold_price_action_trading,Backlog
PP-1101,1.25,risk_management,risk_management,ofc u cant always win thats where risk management comes in,0,0,https://www.youtube.com/watch?v=sK-_6uIGMck,UgwCYd7dgmuWULO66Th4AaABAg.AG_bR2QmnmMAGf5HlZ4MEy,Short (trả lời comment): mở bằng “ofc u cant always win thats where risk management comes in” → 3 bước quản lý vốn/stop loss cho XAUUSD.,run_gold_price_action_trading,Backlog
PP-1102,1.25,psychology,psychology,"@markg6461yes agreed, i have tried it",0,0,https://www.youtube.com/watch?v=3E7k47dZeWk,UgwOHxT7ne_YYF3Of8l4AaABAg.AG5wdF3W3EKAOX7_45nGMB,"Short (trả lời comment): “@markg6461yes agreed, i have tried it” → cách lấy lại kỷ luật sau chuỗi thua, 1 phút thực hành.",run_gold_price_action_trading,Backlog
PP-1103,1.25,risk_management,risk_management,Instantly hits sl,0,0,https://www.youtube.com/watch?v=7HD5ZG2MmeQ,UgwRHI67v0CqlTKogop4AaABAg,Short (trả lời comment): mở bằng “Instantly hits sl” → 3 bước quản lý vốn/stop loss cho XAUUSD.,run_gold_price_action_trading,Backlog
PP-1104,1.25,education_gap,education_gap,"He´s a master on recorded charts, that is why he does not need the entire candle",0,0,https://www.youtube.com/watch?v=sK-_6uIGMck,UgwRWYEWN79airpo4114AaABAg.ALdNr-Gajo9AV1XAJIzyeG,"Short (trả lời comment): “He´s a master on recorded charts, that is why he does not need the entire candle” → giải thích cực gọn cho người mới trong 45 giây.",run_gold_price_action_trading,Backlog
PP-1105,1.25,strategy_rules,strategy_rules,CAN YOU HIGHLIGHT TIMEFRAMES,0,0,https://www.youtube.com/watch?v=7HD5ZG2MmeQ,UgwrTrTM1Ru052iBcWh4AaABAg,"Short (trả lời comment): “CAN YOU HIGHLIGHT TIMEFRAMES” → chiến lược này dùng khung nào, áp dụng ra sao trong 60 giây.",run_gold_price_action_trading,Backlog
PP-1106,1.25,strategy_rules,strategy_rules,"that looks liquidity to me then reverse continue upside. for me its invalid setup to sell, for me i want the strong breakout body close under the wick and then retest on the nearest supply , bearish OB, FVG. i will never ever sell on that wick go back to the zones",0,0,https://www.youtube.com/watch?v=sK-_6uIGMck,UgwrrFvLc8sraDWN8Dd4AaABAg,"Short (trả lời comment): “that looks liquidity to me then reverse continue upside. for me its invalid setu” → chiến lược này dùng khung nào, áp dụng ra sao trong 60 giây.",run_gold_price_action_trading,Backlog
PP-1107,1.25,strategy_rules,strategy_rules,Wow superb strategy,0,0,https://www.youtube.com/watch?v=0L6Rcgp6j7Y,UgwuWFNjwdA0LLtU0wF4AaABAg,"Short (trả lời comment): “Wow superb strategy” → chiến lược này dùng khung nào, áp dụng ra sao trong 60 giây.",run_gold_price_action_trading,Backlog
PP-1108,1.25,education_gap,education_gap,"Learning from Demitry Jenkins has transformed how I approach trading. By trading the same sessions and following his structured framework, I’m able to maintain clarity and make deliberate decisions even in fast-moving market conditions.",0,0,https://www.youtube.com/watch?v=Qgx3t-pmzN8,UgwwyU3sQfKgSbzFlAh4AaABAg.AUu-yQtr-5oAUu04YxDbrZ,Short (trả lời comment): “Learning from Demitry Jenkins has transformed how I approach trading. By trading” → giải thích cực gọn cho người mới trong 45 giây.,run_gold_price_action_trading,Backlog
PP-1109,1.25,entry_timing,entry_timing,Timing the Top Fishing the Bottom 📊,0,0,https://www.youtube.com/watch?v=Qgx3t-pmzN8,Ugx3D96zmovdegdFGz54AaABAg,"Short (trả lời comment): “Timing the Top Fishing the Bottom 📊” → 3 điểm xác nhận trước khi vào lệnh, demo trên chart.",run_gold_price_action_trading,Backlog
PP-1110,1.25,education_gap,education_gap,What if it breaks it with a wick or what if it breaks it with a red candle do it matter..is a break a break,0,0,https://www.youtube.com/watch?v=Qgx3t-pmzN8,UgxKzRF6aTS36nih-gt4AaABAg,Short (trả lời comment): “What if it breaks it with a wick or what if it breaks it with a red candle do it” → giải thích cực gọn cho người mới trong 45 giây.,run_gold_price_action_trading,Backlog
PP-1111,1.25,entry_timing,entry_timing,Well entertained... validatedddd,0,0,https://www.youtube.com/watch?v=Qgx3t-pmzN8,UgxMOMr93LN2O4GrN4h4AaABAg,"Short (trả lời comment): “Well entertained... validatedddd” → 3 điểm xác nhận trước khi vào lệnh, demo trên chart.",run_gold_price_action_trading,Backlog
PP-1112,1.25,strategy_rules,strategy_rules,@tradingwalkhey i purchased your 10x trading indicator but havent received any mail from you,0,0,https://www.youtube.com/watch?v=3E7k47dZeWk,UgxVzhWq1tae0WiBF5F4AaABAg.AWIKLp1MlvdAYxv80lwGqP,"Short (trả lời comment): “@tradingwalkhey i purchased your 10x trading indicator but havent received any m” → chiến lược này dùng khung nào, áp dụng ra sao trong 60 giây.",run_gold_price_action_trading,Backlog
PP-1113,1.25,education_gap,education_gap,and how would decide in which dierction to open trade. i meean up or down,0,0,https://www.youtube.com/watch?v=7HD5ZG2MmeQ,UgxcOsvuL1lDx27lzR54AaABAg.ABkmbb-xZCsABkml59nYBt,Short (trả lời comment): “and how would decide in which dierction to open trade. i meean up or down” → giải thích cực gọn cho người mới trong 45 giây.,run_gold_price_action_trading,Backlog
PP-1114,1.25,strategy_rules,strategy_rules,"It's hilarious, people trade with chart setups, they are just price history represented on a chart, and they have zero influence on feature price.",0,0,https://www.youtube.com/watch?v=Qgx3t-pmzN8,Ugxiojeq_QZUZcnkcFx4AaABAg.9ocQuAsn5B29tNFFzvMyYK,"Short (trả lời comment): “It's hilarious, people trade with chart setups, they are just price history repr” → chiến lược này dùng khung nào, áp dụng ra sao trong 60 giây.",run_gold_price_action_trading,Backlog
PP-1115,1.25,strategy_rules,strategy_rules,Tell me indicator any good suggest,0,0,https://www.youtube.com/watch?v=sK-_6uIGMck,UgxlF2WFhtCnXnqnjp14AaABAg,"Short (trả lời comment): “Tell me indicator any good suggest” → chiến lược này dùng khung nào, áp dụng ra sao trong 60 giây.",run_gold_price_action_trading,Backlog
PP-1116,1.25,risk_management,risk_management,That's basically resistance and we have OB previously that gave both bos and choch so after it swept the inducement it will obv reverse,0,0,https://www.youtube.com/watch?v=sK-_6uIGMck,Ugxu-W1IBxLXeyYX8it4AaABAg,Short (trả lời comment): mở bằng “That's basically resistance and we have OB previously that gave both bos and cho” → 3 bước quản lý vốn/stop loss cho XAUUSD.,run_gold_price_action_trading,Backlog
PP-1117,1.25,risk_management,risk_management,Rsi is misleading,0,0,https://www.youtube.com/watch?v=sK-_6uIGMck,Ugy53zDuW8pvDqpNJaR4AaABAg.AFMlbeonlyZAFuktctByQt,Short (trả lời comment): mở bằng “Rsi is misleading” → 3 bước quản lý vốn/stop loss cho XAUUSD.,run_gold_price_action_trading,Backlog
PP-1118,1.25,risk_management,risk_management,Risky,0,0,https://www.youtube.com/watch?v=7HD5ZG2MmeQ,UgyBmhflxLKFJW_uaFd4AaABAg,Short (trả lời comment): mở bằng “Risky” → 3 bước quản lý vốn/stop loss cho XAUUSD.,run_gold_price_action_trading,Backlog
PP-1119,1.25,risk_management,risk_management,obviously xd,0,0,https://www.youtube.com/watch?v=Qgx3t-pmzN8,UgyRkQFJAmxHXmeV8ld4AaABAg.9p7WqXj7QKS9pCP0-PZ9BL,Short (trả lời comment): mở bằng “obviously xd” → 3 bước quản lý vốn/stop loss cho XAUUSD.,run_gold_price_action_trading,Backlog
PP-1120,1.25,strategy_rules,strategy_rules,lower timeframe,0,0,https://www.youtube.com/watch?v=3E7k47dZeWk,UgyfUYqPJTRh4Pj9ZkR4AaABAg.ARfq5hHDSQDAa_eGtQB38u,"Short (trả lời comment): “lower timeframe” → chiến lược này dùng khung nào, áp dụng ra sao trong 60 giây.",run_gold_price_action_trading,Backlog
PP-1121,1.25,strategy_rules,strategy_rules,That only happens some of the time and it depends on the timeframe you're trading. Supply and demand works like this more often than not when it's set up like this. If you see price approaching a supply or demand with a huge amount of momentum then it's most likely safe to say it's going to break through that zone and target another area before reversing. Move with price action don't try to predict the market,0,0,https://www.youtube.com/watch?v=Qgx3t-pmzN8,UgyhNqIy96ZVO3hhWK14AaABAg.9p8hadrVg03A9XKMbSKkfj,"Short (trả lời comment): “That only happens some of the time and it depends on the timeframe you're tradin” → chiến lược này dùng khung nào, áp dụng ra sao trong 60 giây.",run_gold_price_action_trading,Backlog
PP-1122,1.25,strategy_rules,strategy_rules,Awesome trading strategy for all who wants to make easy money,0,0,https://www.youtube.com/watch?v=0L6Rcgp6j7Y,UgynWhzK0Kf7Sa7dcyR4AaABAg,"Short (trả lời comment): “Awesome trading strategy for all who wants to make easy money” → chiến lược này dùng khung nào, áp dụng ra sao trong 60 giây.",run_gold_price_action_trading,Backlog
PP-1123,1.25,strategy_rules,strategy_rules,"more for Gold, i Love it, Perfect Strategys my Friend, i send you Love",0,0,https://www.youtube.com/watch?v=7HD5ZG2MmeQ,UgyoZ6RQf_Z3Rsd5cw54AaABAg,"Short (trả lời comment): “more for Gold, i Love it, Perfect Strategys my Friend, i send you Love” → chiến lược này dùng khung nào, áp dụng ra sao trong 60 giây.",run_gold_price_action_trading,Backlog
PP-1124,1.25,strategy_rules,strategy_rules,Best strategy is to learning the fundamentals and get in the market paper trading and learn,0,0,https://www.youtube.com/watch?v=Qgx3t-pmzN8,Ugz-_cEJFdx3wXVNTH94AaABAg,"Short (trả lời comment): “Best strategy is to learning the fundamentals and get in the market paper tradin” → chiến lược này dùng khung nào, áp dụng ra sao trong 60 giây.",run_gold_price_action_trading,Backlog
PP-1125,1.25,education_gap,education_gap,Can u pls tell me how to know the difference between area of value and support,0,0,https://www.youtube.com/watch?v=5mw_y1HK_rI,Ugz0BRetn3xFzb4P6hV4AaABAg,Short (trả lời comment): “Can u pls tell me how to know the difference between area of value and support” → giải thích cực gọn cho người mới trong 45 giây.,run_gold_price_action_trading,Backlog
PP-1126,1.25,entry_timing,entry_timing,its much simpler to enter the trade with the same outcome if you understand liquidity,0,0,https://www.youtube.com/watch?v=5mw_y1HK_rI,Ugz1DgEjN5yKSBODlUJ4AaABAg,"Short (trả lời comment): “its much simpler to enter the trade with the same outcome if you understand liqu” → 3 điểm xác nhận trước khi vào lệnh, demo trên chart.",run_gold_price_action_trading,Backlog
PP-1127,1.25,education_gap,education_gap,"What impresses me most about his approach is the transparency. He gives clients direct access to the trading platform, allowing us to monitor every trade in real-time. It’s rare to find that level of openness.",0,0,https://www.youtube.com/watch?v=0L6Rcgp6j7Y,UgzKx1YysG8FXwPg_9B4AaABAg.AVpJWolAwR5AVpK0Qh-O3x,Short (trả lời comment): “What impresses me most about his approach is the transparency. He gives clients ” → giải thích cực gọn cho người mới trong 45 giây.,run_gold_price_action_trading,Backlog
PP-1128,1.25,strategy_rules,strategy_rules,Every indicator is a lagging indicator,0,0,https://www.youtube.com/watch?v=fSp-jMvNOhE,Ugw4BAUaNQAuMI96cTN4AaABAg.A9TBfCAksD7AMFCbTdh4F2,"Short (trả lời comment): “Every indicator is a lagging indicator” → chiến lược này dùng khung nào, áp dụng ra sao trong 60 giây.",run_gold_scalping_strategy,Backlog
PP-1129,1.25,strategy_rules,strategy_rules,"@aiwld93 15 min, but the same principles apply on any timeframe.",0,0,https://www.youtube.com/watch?v=XBcMiYK7qYY,Ugw63BBtNGa9gMUKBNF4AaABAg.A0c71u9DWyIA2eq2t6v4TM,"Short (trả lời comment): “@aiwld93 15 min, but the same principles apply on any timeframe.” → chiến lược này dùng khung nào, áp dụng ra sao trong 60 giây.",run_gold_scalping_strategy,Backlog
PP-1130,1.25,strategy_rules,strategy_rules,"Thank you so much ❤️, i wii try this strategy",0,0,https://www.youtube.com/watch?v=I29peidTQxU,UgwLTe5TeT_gOo3sE3h4AaABAg,"Short (trả lời comment): “Thank you so much ❤️, i wii try this strategy” → chiến lược này dùng khung nào, áp dụng ra sao trong 60 giây.",run_gold_scalping_strategy,Backlog
PP-1131,1.25,strategy_rules,strategy_rules,In the 2nd strategy... The price didn't respect your Breaker Break Or didn't went for OB either,0,0,https://www.youtube.com/watch?v=xXy2CBssQQA,UgwOWvFXRpqPingQzn14AaABAg,"Short (trả lời comment): “In the 2nd strategy... The price didn't respect your Breaker Break Or didn't wen” → chiến lược này dùng khung nào, áp dụng ra sao trong 60 giây.",run_gold_scalping_strategy,Backlog
PP-1132,1.25,strategy_rules,strategy_rules,Good strategy wow,0,0,https://www.youtube.com/watch?v=nCBF6wrOKic,UgwigK1vwwDWBs5-oxF4AaABAg,"Short (trả lời comment): “Good strategy wow” → chiến lược này dùng khung nào, áp dụng ra sao trong 60 giây.",run_gold_scalping_strategy,Backlog
PP-1133,1.25,strategy_rules,strategy_rules,Good Trading strategy for scalping.,0,0,https://www.youtube.com/watch?v=en8RMFRqSME,UgwtkuNE4JVeKI-vjfN4AaABAg,"Short (trả lời comment): “Good Trading strategy for scalping.” → chiến lược này dùng khung nào, áp dụng ra sao trong 60 giây.",run_gold_scalping_strategy,Backlog
PP-1134,1.25,strategy_rules,strategy_rules,"The breaker block logic in Strategy 2 is fascinating because it uses 'failure' supply/demand to pull the new action. Normally, everyone will just look for a ending OB, but the 1H demand zone tap (09:45) to create a 5m breaker is significantly higher probability. Essentially trapping the early sellers",0,0,https://www.youtube.com/watch?v=xXy2CBssQQA,Ugwvg4rTByIp2oHZ6vx4AaABAg.AV8zbtWToMwAV9-mBhjV_f,"Short (trả lời comment): “The breaker block logic in Strategy 2 is fascinating because it uses 'failure' s” → chiến lược này dùng khung nào, áp dụng ra sao trong 60 giây.",run_gold_scalping_strategy,Backlog
PP-1135,1.25,risk_management,risk_management,"That’s it! I have been trying to educate my son on this very thing. Actually, I was researching Juniper Broz’s approach toward portfolio building for various degrees of volatility. Her method of approaching the risk management in a mechanical way is almost identical. She is an RIA, and hence, risk management plays a pivotal role for her.",0,0,https://www.youtube.com/watch?v=xXy2CBssQQA,Ugwvg4rTByIp2oHZ6vx4AaABAg.AV8zbtWToMwAV95fs2B4gm,"Short (trả lời comment): mở bằng “That’s it! I have been trying to educate my son on this very thing. Actually, I ” → 3 bước quản lý vốn/stop loss cho XAUUSD.",run_gold_scalping_strategy,Backlog
PP-1136,1.25,strategy_rules,strategy_rules,The person is just trying to to sell indicator that all.,0,0,https://www.youtube.com/watch?v=xXy2CBssQQA,Ugwy5W0NESYMCdQZBpB4AaABAg,"Short (trả lời comment): “The person is just trying to to sell indicator that all.” → chiến lược này dùng khung nào, áp dụng ra sao trong 60 giây.",run_gold_scalping_strategy,Backlog
PP-1137,1.25,strategy_rules,strategy_rules,"Guys, just checked that with ONTUSDT (short, 3.21% at least) and BIDUSDT (long, 1.35% at least) — both worked!! ONT just dropped immediately whereas BID returned to the borderline for a while and after went up But I used 5mins timeframe (not 15mins) Wow I’m impressed",0,0,https://www.youtube.com/watch?v=I29peidTQxU,Ugx0dATsHBTHWD3Tk9d4AaABAg.AMD58w5n1XQAMFTeZtpFQ6,"Short (trả lời comment): “Guys, just checked that with ONTUSDT (short, 3.21% at least) and BIDUSDT (long, ” → chiến lược này dùng khung nào, áp dụng ra sao trong 60 giây.",run_gold_scalping_strategy,Backlog
PP-1138,1.25,strategy_rules,strategy_rules,Great strategy but im not sure if it will work for me (been trading with Hola Prime Markets),0,0,https://www.youtube.com/watch?v=en8RMFRqSME,Ugx5l9WHxZ-jCmhUFOp4AaABAg,"Short (trả lời comment): “Great strategy but im not sure if it will work for me (been trading with Hola Pr” → chiến lược này dùng khung nào, áp dụng ra sao trong 60 giây.",run_gold_scalping_strategy,Backlog
PP-1139,1.25,strategy_rules,strategy_rules,Tjr strategy,0,0,https://www.youtube.com/watch?v=xXy2CBssQQA,UgxWvfTdAzTQl_kQ-At4AaABAg,"Short (trả lời comment): “Tjr strategy” → chiến lược này dùng khung nào, áp dụng ra sao trong 60 giây.",run_gold_scalping_strategy,Backlog
PP-1140,1.25,risk_management,risk_management,Download video .. use online video translater like evernote or other ai video translater,0,0,https://www.youtube.com/watch?v=en8RMFRqSME,UgxcOZtC59nSumDgWqV4AaABAg.A_pp4oz1kGuAa6HkaYuYoJ,Short (trả lời comment): mở bằng “Download video .. use online video translater like evernote or other ai video tr” → 3 bước quản lý vốn/stop loss cho XAUUSD.,run_gold_scalping_strategy,Backlog
PP-1141,1.25,entry_timing,entry_timing,Just letting yall know i did scale down to the 1 min after marking the 15 min candle bc on the 5 minute there was not enough movement and i just checked the 5 min and there is no way i would have ever entered looking at that time frame,0,0,https://www.youtube.com/watch?v=I29peidTQxU,Ugxf0Y-juowq5Sa9GVd4AaABAg.ATSW3wKp8lrATSWL4nDU2P,"Short (trả lời comment): “Just letting yall know i did scale down to the 1 min after marking the 15 min ca” → 3 điểm xác nhận trước khi vào lệnh, demo trên chart.",run_gold_scalping_strategy,Backlog
PP-1142,1.25,strategy_rules,strategy_rules,"Hi , I am from Malaysia, very nice explanation..will do my best to adapt your strategy. TQVM",0,0,https://www.youtube.com/watch?v=nCBF6wrOKic,UgxfzxEnMX-I8QRnJrp4AaABAg,"Short (trả lời comment): “Hi , I am from Malaysia, very nice explanation..will do my best to adapt your st” → chiến lược này dùng khung nào, áp dụng ra sao trong 60 giây.",run_gold_scalping_strategy,Backlog
PP-1143,1.25,strategy_rules,strategy_rules,"For real though, watching setups unfold live hits different.",0,0,https://www.youtube.com/watch?v=xXy2CBssQQA,Ugxmcl63e3_pP2Q4ypp4AaABAg.AYMNWsKd14KAYMOcQUoB08,"Short (trả lời comment): “For real though, watching setups unfold live hits different.” → chiến lược này dùng khung nào, áp dụng ra sao trong 60 giây.",run_gold_scalping_strategy,Backlog
PP-1144,1.25,psychology,psychology,Target the nearest liquidity and grab the cleanest move. Keeping it disciplined as I trade with Hola Prime is game changing.,0,0,https://www.youtube.com/watch?v=en8RMFRqSME,UgxoQLD9ide9QA72jx54AaABAg,"Short (trả lời comment): “Target the nearest liquidity and grab the cleanest move. Keeping it disciplined ” → cách lấy lại kỷ luật sau chuỗi thua, 1 phút thực hành.",run_gold_scalping_strategy,Backlog
PP-1145,1.25,entry_timing,entry_timing,"I've been in touch with a financial analyst ever since I started investing. Knowing today's culture The challenge is knowing when to purchase or sell when investing in stocks, which is pretty simple. On my portfolio, which has grown over 90% in a little over a year, my advisr chooses entry and exit orders.",0,0,https://www.youtube.com/watch?v=XBcMiYK7qYY,UgxupadMDmra0qYDLSV4AaABAg.ALn5TdMnsNnALn5xOanGGF,"Short (trả lời comment): “I've been in touch with a financial analyst ever since I started investing. Know” → 3 điểm xác nhận trước khi vào lệnh, demo trên chart.",run_gold_scalping_strategy,Backlog
PP-1146,1.25,strategy_rules,strategy_rules,"There is no strategy that can deal with all stocks, because every stock is affected by the market, and some stocks are even opposites!",0,0,https://www.youtube.com/watch?v=XBcMiYK7qYY,UgxxIvg8JKAzofCssm54AaABAg.9_uV7NDOeWU9vIq0vu-y68,"Short (trả lời comment): “There is no strategy that can deal with all stocks, because every stock is affec” → chiến lược này dùng khung nào, áp dụng ra sao trong 60 giây.",run_gold_scalping_strategy,Backlog
PP-1147,1.25,strategy_rules,strategy_rules,best strategy for crypto,0,0,https://www.youtube.com/watch?v=xXy2CBssQQA,Ugy7pxbdXhiVaYzeIjB4AaABAg,"Short (trả lời comment): “best strategy for crypto” → chiến lược này dùng khung nào, áp dụng ra sao trong 60 giây.",run_gold_scalping_strategy,Backlog
PP-1148,1.25,strategy_rules,strategy_rules,I love your strategy❤❤🎉im hoping soon im the 1 you pick me for free access VIP Bro...,0,0,https://www.youtube.com/watch?v=nCBF6wrOKic,Ugy8quLI4MFGKhs1AE54AaABAg.AOuMHFOVAxMAOvrUs-96CJ,"Short (trả lời comment): “I love your strategy❤❤🎉im hoping soon im the 1 you pick me for free access VIP B” → chiến lược này dùng khung nào, áp dụng ra sao trong 60 giây.",run_gold_scalping_strategy,Backlog
PP-1149,1.25,strategy_rules,strategy_rules,"@bjarnij3782 At the video 0:13 seconds, the author mentioned ""All time frames"". I will also have to experiment with a few timeframes and see. Let's learn together.",0,0,https://www.youtube.com/watch?v=XBcMiYK7qYY,UgyK9H60DLQiFiRS5DZ4AaABAg.9UKXne7iGtJA27P_IfqeRZ,"Short (trả lời comment): “@bjarnij3782 At the video 0:13 seconds, the author mentioned ""All time frames"". ” → chiến lược này dùng khung nào, áp dụng ra sao trong 60 giây.",run_gold_scalping_strategy,Backlog
PP-1150,1.25,strategy_rules,strategy_rules,Greatest strategy of Gold,0,0,https://www.youtube.com/watch?v=xXy2CBssQQA,UgyYGsSPyaRBxWSHgTV4AaABAg.AU_yf-iANXVAUbXkflRQh7,"Short (trả lời comment): “Greatest strategy of Gold” → chiến lược này dùng khung nào, áp dụng ra sao trong 60 giây.",run_gold_scalping_strategy,Backlog
PP-1151,1.25,risk_management,risk_management,"Tried 1m gold scalps before, blew accounts chasing. these smc pullback rules actually slowed me down enough to see the levels.",0,0,https://www.youtube.com/watch?v=xXy2CBssQQA,Ugz9f98ZGaXhKvrJgfV4AaABAg,"Short (trả lời comment): mở bằng “Tried 1m gold scalps before, blew accounts chasing. these smc pullback rules act” → 3 bước quản lý vốn/stop loss cho XAUUSD.",run_gold_scalping_strategy,Backlog
PP-1152,1.25,strategy_rules,strategy_rules,It works at any timeframe as mentioned in the beginning of the video,0,0,https://www.youtube.com/watch?v=XBcMiYK7qYY,UgzDQvB_rDcf1OIgqQx4AaABAg.9UlyhSMx8rY9tz-enk8Vq4,"Short (trả lời comment): “It works at any timeframe as mentioned in the beginning of the video” → chiến lược này dùng khung nào, áp dụng ra sao trong 60 giây.",run_gold_scalping_strategy,Backlog
PP-1153,1.25,strategy_rules,strategy_rules,Thank you for good strategy ❤❤❤,0,0,https://www.youtube.com/watch?v=xXy2CBssQQA,UgzGjk2GHqEhayW1MwZ4AaABAg,"Short (trả lời comment): “Thank you for good strategy ❤❤❤” → chiến lược này dùng khung nào, áp dụng ra sao trong 60 giây.",run_gold_scalping_strategy,Backlog
PP-1154,1.25,strategy_rules,strategy_rules,"That sounds like a neat, fun, rewarding and very SAFE strategy I am going to have to try that out.",0,0,https://www.youtube.com/watch?v=XBcMiYK7qYY,UgzbioWrlg0swRcgY-x4AaABAg.A9oCzpWCnMYANZREUI10RQ,"Short (trả lời comment): “That sounds like a neat, fun, rewarding and very SAFE strategy I am going to hav” → chiến lược này dùng khung nào, áp dụng ra sao trong 60 giây.",run_gold_scalping_strategy,Backlog
PP-1155,1.25,risk_management,risk_management,"​​@anthonycooper6927It's been a roller coaster to be honest. Some profits here and there as well as some losses. Overall, you just have to manage risk because gold will reward you a lot.",0,0,https://www.youtube.com/watch?v=nCBF6wrOKic,UgzfEoznJogWf_lPA9B4AaABAg.AOxTpEi4ECWAPsT_gQwvku,Short (trả lời comment): mở bằng “​​@anthonycooper6927It's been a roller coaster to be honest. Some profits here a” → 3 bước quản lý vốn/stop loss cho XAUUSD.,run_gold_scalping_strategy,Backlog
PP-1156,1.25,education_gap,education_gap,This is simply GREAT! I finally understan HOW the market takes out my hard earned money! Now I can take it back because of this AWESOME straight to the point teaching... Thanks a lot master!,0,0,https://www.youtube.com/watch?v=en8RMFRqSME,UgztiAowxUxvXrXMMfB4AaABAg,Short (trả lời comment): “This is simply GREAT! I finally understan HOW the market takes out my hard earne” → giải thích cực gọn cho người mới trong 45 giây.,run_gold_scalping_strategy,Backlog
PP-1157,1.25,risk_management,risk_management,@Blushwithitunu risked 350k on a trade. lol slaving away making youtube videos lol,0,0,https://www.youtube.com/watch?v=en8RMFRqSME,UgzxSdAcbdDhSVJUjPJ4AaABAg.A_44_FUvDY9AabpKYY1nsJ,Short (trả lời comment): mở bằng “@Blushwithitunu risked 350k on a trade. lol slaving away making youtube videos l” → 3 bước quản lý vốn/stop loss cho XAUUSD.,run_gold_scalping_strategy,Backlog
PP-1158,1.25,broker_platform,broker_platform,​@Kendra11_FXHEADWAY BROKER,0,0,https://www.youtube.com/watch?v=I29peidTQxU,Ugzxva6KLFRMXAbcqz94AaABAg.AYwOHYR6XS-AYyfU2kuK6i,Short (trả lời comment): “​@Kendra11_FXHEADWAY BROKER” → spread/slippage/sàn cần kiểm tra gì trước khi chọn broker.,run_gold_scalping_strategy,Backlog
PP-1159,1.25,entry_timing,entry_timing,Oh wow so every commenter missed the January 2026 rally,0,0,https://www.youtube.com/watch?v=oc2zqnvsqi0,Ugw1UuxuagUhf1BVsWN4AaABAg,"Short (trả lời comment): “Oh wow so every commenter missed the January 2026 rally” → 3 điểm xác nhận trước khi vào lệnh, demo trên chart.",run_how_to_trade_gold_for_beginners,Backlog
PP-1160,1.25,strategy_rules,strategy_rules,I’m chocked about this strategy I’m waiting only for result,0,0,https://www.youtube.com/watch?v=X82qlU1cgLI,UgwEO9nd36NdFQ74tZV4AaABAg,"Short (trả lời comment): “I’m chocked about this strategy I’m waiting only for result” → chiến lược này dùng khung nào, áp dụng ra sao trong 60 giây.",run_how_to_trade_gold_for_beginners,Backlog
PP-1161,1.25,strategy_rules,strategy_rules,I love trading gold. Think I have found a good strategy.,0,0,https://www.youtube.com/watch?v=X82qlU1cgLI,UgwG8IXwAicq_ewBRnF4AaABAg,"Short (trả lời comment): “I love trading gold. Think I have found a good strategy.” → chiến lược này dùng khung nào, áp dụng ra sao trong 60 giây.",run_how_to_trade_gold_for_beginners,Backlog
PP-1162,1.25,risk_management,risk_management,"gold trading tips simple aur practical the, especially risk management wali baat useful lagi 👍",0,0,https://www.youtube.com/watch?v=oc2zqnvsqi0,UgwJDOWLVSObXJ_mFfh4AaABAg,"Short (trả lời comment): mở bằng “gold trading tips simple aur practical the, especially risk management wali baat” → 3 bước quản lý vốn/stop loss cho XAUUSD.",run_how_to_trade_gold_for_beginners,Backlog
PP-1163,1.25,broker_platform,broker_platform,@sophiechristine8094 You are right the market is profiting if you are really a good broker or account manager 😄😄,0,0,https://www.youtube.com/watch?v=udvUjY5YLwo,UgwP5uwpd6Xc-SpLOHF4AaABAg.9UOA6bmauBu9UOEiulDEMz,Short (trả lời comment): “@sophiechristine8094 You are right the market is profiting if you are really a g” → spread/slippage/sàn cần kiểm tra gì trước khi chọn broker.,run_how_to_trade_gold_for_beginners,Backlog
PP-1164,1.25,education_gap,education_gap,@charlesbanda7714 It really is difficult for me to give financial advice to anyone. I've been long every time Brent oil dipped. Took profits every time I made like 2x - 3x what I stake. Today's news from OPEC just gave me more gains. But I honestly don't know how the markets will react when the supply is increased. When the supply increases and I buy the dip... That will be a bummer. So I just try to keep up to speed with the news on oil. That's it!,0,0,https://www.youtube.com/watch?v=udvUjY5YLwo,UgwSWyqouhc9Em2i6t14AaABAg.9ExZmDYReAM9KU3WpSxFn0,Short (trả lời comment): “@charlesbanda7714 It really is difficult for me to give financial advice to anyo” → giải thích cực gọn cho người mới trong 45 giây.,run_how_to_trade_gold_for_beginners,Backlog
PP-1165,1.25,broker_platform,broker_platform,Use trading view for charting and mt5 or OANDA for entries and exit,0,0,https://www.youtube.com/watch?v=oc2zqnvsqi0,Ugwg_mPOyCralb61yZp4AaABAg.AMz7Dz89oRKAS0nOcdeNbC,Short (trả lời comment): “Use trading view for charting and mt5 or OANDA for entries and exit” → spread/slippage/sàn cần kiểm tra gì trước khi chọn broker.,run_how_to_trade_gold_for_beginners,Backlog
PP-1166,1.25,education_gap,education_gap,I need someone who will willing teach me how to trade,0,0,https://www.youtube.com/watch?v=udvUjY5YLwo,UgwnYkqWjmeo1b9v4q94AaABAg,Short (trả lời comment): “I need someone who will willing teach me how to trade” → giải thích cực gọn cho người mới trong 45 giây.,run_how_to_trade_gold_for_beginners,Backlog
PP-1167,1.25,education_gap,education_gap,I wanna learn more about trading. all what I learn from you is got it.but i want to be one of your best professional student that you will be proud of,0,0,https://www.youtube.com/watch?v=_YVQN6_nkfs,UgwvYWjGny1it5td3X54AaABAg,Short (trả lời comment): “I wanna learn more about trading. all what I learn from you is got it.but i want” → giải thích cực gọn cho người mới trong 45 giây.,run_how_to_trade_gold_for_beginners,Backlog
PP-1168,1.25,education_gap,education_gap,The lights came on for me after you said rookie mistake. I`m not even trading yet. That's exactly what I thought I was going to do. Thank you. On part 1 for 2 days now. Who cares :),0,0,https://www.youtube.com/watch?v=_YVQN6_nkfs,UgxC-l_2r_M9xSfvQXV4AaABAg,Short (trả lời comment): “The lights came on for me after you said rookie mistake. I`m not even trading ye” → giải thích cực gọn cho người mới trong 45 giây.,run_how_to_trade_gold_for_beginners,Backlog
PP-1169,1.25,education_gap,education_gap,How to open my account for trading,0,0,https://www.youtube.com/watch?v=udvUjY5YLwo,UgxNytqekWdj3Fkqzah4AaABAg,Short (trả lời comment): “How to open my account for trading” → giải thích cực gọn cho người mới trong 45 giây.,run_how_to_trade_gold_for_beginners,Backlog
PP-1170,1.25,broker_platform,broker_platform,​@Movie.Boy71 mt4 or mt5 But you need a broker tho. Find one that works for you,0,0,https://www.youtube.com/watch?v=X82qlU1cgLI,UgxgN4LUR2kKvrcRKXp4AaABAg.ADvqTW_2eAnAWf4Kd89azk,Short (trả lời comment): “​@Movie.Boy71 mt4 or mt5 But you need a broker tho. Find one that works for you” → spread/slippage/sàn cần kiểm tra gì trước khi chọn broker.,run_how_to_trade_gold_for_beginners,Backlog
PP-1171,1.25,education_gap,education_gap,How much money need for gold trading,0,0,https://www.youtube.com/watch?v=udvUjY5YLwo,UgxkkZ1purRniUc1FL54AaABAg,Short (trả lời comment): “How much money need for gold trading” → giải thích cực gọn cho người mới trong 45 giây.,run_how_to_trade_gold_for_beginners,Backlog
PP-1172,1.25,education_gap,education_gap,not many content creators mention this part of trading they always tell people how you could win only with strategies alone,0,0,https://www.youtube.com/watch?v=oc2zqnvsqi0,Ugxkl4YDXLqGl43knDh4AaABAg,Short (trả lời comment): “not many content creators mention this part of trading they always tell people h” → giải thích cực gọn cho người mới trong 45 giây.,run_how_to_trade_gold_for_beginners,Backlog
PP-1173,1.25,education_gap,education_gap,My sister thanks for the knowledge am seeing progress on my journey just by watching your videos here on YT you make trading looks so easy don't stop what you doing 😊❤,0,0,https://www.youtube.com/watch?v=X82qlU1cgLI,Ugxr-46TpJHhjV-I5Lp4AaABAg,Short (trả lời comment): “My sister thanks for the knowledge am seeing progress on my journey just by watc” → giải thích cực gọn cho người mới trong 45 giây.,run_how_to_trade_gold_for_beginners,Backlog
PP-1174,1.25,education_gap,education_gap,Hi I'm a beginner in fx trading so I trade gold so what I would like to knw is can I place a chart without using technical analysis by just watching the candles,0,0,https://www.youtube.com/watch?v=udvUjY5YLwo,Ugxs1iR4_yIl0ClzM5Z4AaABAg,Short (trả lời comment): “Hi I'm a beginner in fx trading so I trade gold so what I would like to knw is c” → giải thích cực gọn cho người mới trong 45 giây.,run_how_to_trade_gold_for_beginners,Backlog
PP-1175,1.25,education_gap,education_gap,I know exactly how that feels. I actually quit trading for two weeks because the stress was too much. It's a dark place when you're putting in the work every day and still seeing zero results.,0,0,https://www.youtube.com/watch?v=_YVQN6_nkfs,UgxzvKXSM7s4kWVpJuh4AaABAg.AbNd7lUidfzAbNdczVLGTk,Short (trả lời comment): “I know exactly how that feels. I actually quit trading for two weeks because the” → giải thích cực gọn cho người mới trong 45 giây.,run_how_to_trade_gold_for_beginners,Backlog
PP-1176,1.25,strategy_rules,strategy_rules,Gold and forex setups feel cleaner when volatility spikes.,0,0,https://www.youtube.com/watch?v=oc2zqnvsqi0,UgyBBJBhD1v_rTVUZ8V4AaABAg,"Short (trả lời comment): “Gold and forex setups feel cleaner when volatility spikes.” → chiến lược này dùng khung nào, áp dụng ra sao trong 60 giây.",run_how_to_trade_gold_for_beginners,Backlog
PP-1177,1.25,broker_platform,broker_platform,​@Movie.Boy71tradingview,0,0,https://www.youtube.com/watch?v=oc2zqnvsqi0,UgydlJN5rjJJZR7YMhV4AaABAg.A1wJe48Hh_2APBapb7CRtU,Short (trả lời comment): “​@Movie.Boy71tradingview” → spread/slippage/sàn cần kiểm tra gì trước khi chọn broker.,run_how_to_trade_gold_for_beginners,Backlog
PP-1178,1.25,education_gap,education_gap,I am only 10 years And I what to be a pational trader,0,0,https://www.youtube.com/watch?v=oc2zqnvsqi0,UgymAMmxSK3FuH836A94AaABAg,Short (trả lời comment): “I am only 10 years And I what to be a pational trader” → giải thích cực gọn cho người mới trong 45 giây.,run_how_to_trade_gold_for_beginners,Backlog
PP-1179,1.25,broker_platform,broker_platform,Tradingview,0,0,https://www.youtube.com/watch?v=udvUjY5YLwo,Ugyw-45vZbQ-B5jFF7B4AaABAg.9S_iBjPdgyY9_p9r75GfjK,Short (trả lời comment): “Tradingview” → spread/slippage/sàn cần kiểm tra gì trước khi chọn broker.,run_how_to_trade_gold_for_beginners,Backlog
PP-1180,1.25,risk_management,risk_management,This is day four of studying and I have a lot of more to do. Definitely want to take this seriously and make a career out of it. If it works out great if it doesn't at least I tried.,0,0,https://www.youtube.com/watch?v=_YVQN6_nkfs,UgzDtVrWHHA1BesOzsV4AaABAg,Short (trả lời comment): mở bằng “This is day four of studying and I have a lot of more to do. Definitely want to ” → 3 bước quản lý vốn/stop loss cho XAUUSD.,run_how_to_trade_gold_for_beginners,Backlog
PP-1181,1.25,broker_platform,broker_platform,Which broker u use am looking for broker that I can access xauusd in meta trader 4 and 5 let me know thank you,0,0,https://www.youtube.com/watch?v=oc2zqnvsqi0,UgzGA4ziH5YQRoynYbR4AaABAg.A9JMPdnsvx2ADW6TZqSvex,Short (trả lời comment): “Which broker u use am looking for broker that I can access xauusd in meta trader” → spread/slippage/sàn cần kiểm tra gì trước khi chọn broker.,run_how_to_trade_gold_for_beginners,Backlog
PP-1182,1.25,education_gap,education_gap,teach me how to trade please,0,0,https://www.youtube.com/watch?v=oc2zqnvsqi0,UgzGA4ziH5YQRoynYbR4AaABAg.A9JMPdnsvx2AVe6Q129joQ,Short (trả lời comment): “teach me how to trade please” → giải thích cực gọn cho người mới trong 45 giây.,run_how_to_trade_gold_for_beginners,Backlog
PP-1183,1.25,education_gap,education_gap,"Just started to trade GC recently. You are the third person I checked on YouTube looking for some ideas. Other guys weren’t confident about what they were talking about and left a lot of room for interpretation, hence leaving out responsibility for their words so I just turned off their videos. While watching your video only after first minute I can attest that I also noticed that GC moves in bursts of volume and it is an opportunity to make a trade. You sound like a confident speaker that has some knowledge to share. Thanks for the content! edited: Finished watching the video in full. Couldn’t agree more that shorting a rip on GC is one of the worst ideas there is. Overall loved your insights. Will investigate your channel further.",0,0,https://www.youtube.com/watch?v=oc2zqnvsqi0,UgzTNjitDHqaUY32CN14AaABAg,Short (trả lời comment): “Just started to trade GC recently. You are the third person I checked on YouTube” → giải thích cực gọn cho người mới trong 45 giây.,run_how_to_trade_gold_for_beginners,Backlog
PP-1184,1.25,risk_management,risk_management,Think I'll re watch the video and start again as orders in general is slightly confusing some parts but love the video thank you,0,0,https://www.youtube.com/watch?v=_YVQN6_nkfs,UgzZmXqUl2lg3q035J54AaABAg,Short (trả lời comment): mở bằng “Think I'll re watch the video and start again as orders in general is slightly c” → 3 bước quản lý vốn/stop loss cho XAUUSD.,run_how_to_trade_gold_for_beginners,Backlog
PP-1185,1.25,strategy_rules,strategy_rules,Nice and clear strategy,0,0,https://www.youtube.com/watch?v=X82qlU1cgLI,UgzcEycOPZHis4VoiCR4AaABAg,"Short (trả lời comment): “Nice and clear strategy” → chiến lược này dùng khung nào, áp dụng ra sao trong 60 giây.",run_how_to_trade_gold_for_beginners,Backlog
PP-1186,1.25,education_gap,education_gap,​I’ve been trying to do that but I honestly don’t even know what 'institutional flow' looks like on a chart. Everything just looks like random candles to me right now.,0,0,https://www.youtube.com/watch?v=_YVQN6_nkfs,UgzlqZb_xa9pkmK78xp4AaABAg.AbLiuOWill8AbLjIzu0KSZ,Short (trả lời comment): “​I’ve been trying to do that but I honestly don’t even know what 'institutional ” → giải thích cực gọn cho người mới trong 45 giây.,run_how_to_trade_gold_for_beginners,Backlog
PP-1187,1.25,risk_management,risk_management,Your sl is on another level,0,0,https://www.youtube.com/watch?v=AY7fWmE1CBk,UgwEAVzUpmIO-zdbTu54AaABAg,Short (trả lời comment): mở bằng “Your sl is on another level” → 3 bước quản lý vốn/stop loss cho XAUUSD.,run_XAUUSD_trading_strategy,Backlog
PP-1188,1.25,strategy_rules,strategy_rules,Indicator kb aa rha hai bhaiya ❤,0,0,https://www.youtube.com/watch?v=Er7rWHlwlqU,UgwIAT0QRKLARgr5shh4AaABAg,"Short (trả lời comment): “Indicator kb aa rha hai bhaiya ❤” → chiến lược này dùng khung nào, áp dụng ra sao trong 60 giây.",run_XAUUSD_trading_strategy,Backlog
PP-1189,1.25,strategy_rules,strategy_rules,"I agree with you, Indeed Mr Brian trading is one of the best traders in the world, I have made so much profits from trading with his recommended strategy",0,0,https://www.youtube.com/watch?v=AY7fWmE1CBk,UgwKDs9fKDnEUGy0mnp4AaABAg.AEOgxXpJly8AEOh_6YEs2j,"Short (trả lời comment): “I agree with you, Indeed Mr Brian trading is one of the best traders in the worl” → chiến lược này dùng khung nào, áp dụng ra sao trong 60 giây.",run_XAUUSD_trading_strategy,Backlog
PP-1190,1.25,education_gap,education_gap,How do you trade MA with different time frames,0,0,https://www.youtube.com/watch?v=AY7fWmE1CBk,UgwR4WXUmm7m91mK3N94AaABAg.9j30NIWelio9j3Cj8L8aim,Short (trả lời comment): “How do you trade MA with different time frames” → giải thích cực gọn cho người mới trong 45 giây.,run_XAUUSD_trading_strategy,Backlog
PP-1191,1.25,strategy_rules,strategy_rules,Another video for supply and demand strategy your the best bro,0,0,https://www.youtube.com/watch?v=AY7fWmE1CBk,Ugwj4akPd3rKqaKzRgp4AaABAg,"Short (trả lời comment): “Another video for supply and demand strategy your the best bro” → chiến lược này dùng khung nào, áp dụng ra sao trong 60 giây.",run_XAUUSD_trading_strategy,Backlog
PP-1192,1.25,strategy_rules,strategy_rules,Bhai Liquidity Ka Complete Video Lao Vo Samje Gai To Ye Strategy Trade Karege,0,0,https://www.youtube.com/watch?v=Er7rWHlwlqU,UgwzH-I6rcOrr9zB3K94AaABAg,"Short (trả lời comment): “Bhai Liquidity Ka Complete Video Lao Vo Samje Gai To Ye Strategy Trade Karege” → chiến lược này dùng khung nào, áp dụng ra sao trong 60 giây.",run_XAUUSD_trading_strategy,Backlog
PP-1193,1.25,strategy_rules,strategy_rules,"Bhai, mujhe bhi pata hai ye strategy. Iska matlab ye nahi sabko pata hai lodu chand. Sirf tere liye video nahi banaya usne",0,0,https://www.youtube.com/watch?v=Er7rWHlwlqU,UgxqCKnffF9K-BidOIB4AaABAg.AaMimXScYqIAaymbWYT4M_,"Short (trả lời comment): “Bhai, mujhe bhi pata hai ye strategy. Iska matlab ye nahi sabko pata hai lodu ch” → chiến lược này dùng khung nào, áp dụng ra sao trong 60 giây.",run_XAUUSD_trading_strategy,Backlog
PP-1194,1.25,strategy_rules,strategy_rules,They don't tell us the real market strategy.,0,0,https://www.youtube.com/watch?v=AY7fWmE1CBk,Ugxs84oo9SgqJg3EWY54AaABAg.AH2XfwCxMwUAYbYM8lJche,"Short (trả lời comment): “They don't tell us the real market strategy.” → chiến lược này dùng khung nào, áp dụng ra sao trong 60 giây.",run_XAUUSD_trading_strategy,Backlog
PP-1195,1.25,entry_timing,entry_timing,@sh09123 the structure didnt break too when he entry the trade,0,0,https://www.youtube.com/watch?v=AY7fWmE1CBk,UgyIUUwD0YyWVBEND8J4AaABAg.A0mEl73m2WLA7fRhzSXEfB,"Short (trả lời comment): “@sh09123 the structure didnt break too when he entry the trade” → 3 điểm xác nhận trước khi vào lệnh, demo trên chart.",run_XAUUSD_trading_strategy,Backlog
PP-1196,1.25,strategy_rules,strategy_rules,Awesome strategy breakdown! 📈 Really clear explanation of the gold trading method definitely gave me new ideas to refine my approach. Thanks for sharing!,0,0,https://www.youtube.com/watch?v=AY7fWmE1CBk,UgymoCE3ZLmm51Pi2SF4AaABAg,"Short (trả lời comment): “Awesome strategy breakdown! 📈 Really clear explanation of the gold trading metho” → chiến lược này dùng khung nào, áp dụng ra sao trong 60 giây.",run_XAUUSD_trading_strategy,Backlog
PP-1197,1.25,education_gap,education_gap,Please guide me on how to start trading,0,0,https://www.youtube.com/watch?v=AY7fWmE1CBk,Ugz-q_0q7dq41xaOhbR4AaABAg.9oweV7EECIl9x3GO9erTG5,Short (trả lời comment): “Please guide me on how to start trading” → giải thích cực gọn cho người mới trong 45 giây.,run_XAUUSD_trading_strategy,Backlog
PP-1198,1.25,broker_platform,broker_platform,"My first investment with Mrs Muthia gave me profit of over $24,000 Us dollars and ever since then she has never failed to deliver and I can even say she's the most sincere broker I have known",0,0,https://www.youtube.com/watch?v=AY7fWmE1CBk,UgzE1YkwuedfCRyjgst4AaABAg.9j5fJdkCw2c9j69G2-Y8i5,"Short (trả lời comment): “My first investment with Mrs Muthia gave me profit of over $24,000 Us dollars an” → spread/slippage/sàn cần kiểm tra gì trước khi chọn broker.",run_XAUUSD_trading_strategy,Backlog
PP-1199,1.25,psychology,psychology,My first experience with her gave me the assurance that has made me to invest without fear of loosing,0,0,https://www.youtube.com/watch?v=AY7fWmE1CBk,UgzE1YkwuedfCRyjgst4AaABAg.9j5fJdkCw2c9j8hUExLzeK,"Short (trả lời comment): “My first experience with her gave me the assurance that has made me to invest wi” → cách lấy lại kỷ luật sau chuỗi thua, 1 phút thực hành.",run_XAUUSD_trading_strategy,Backlog
PP-1200,1.25,strategy_rules,strategy_rules,Bhai btc ka strategy batao,0,0,https://www.youtube.com/watch?v=Er7rWHlwlqU,UgzbxRoR92Jspfmh7g54AaABAg,"Short (trả lời comment): “Bhai btc ka strategy batao” → chiến lược này dùng khung nào, áp dụng ra sao trong 60 giây.",run_XAUUSD_trading_strategy,Backlog
PP-1201,1.25,risk_management,risk_management,13:59 bhai pehle to 2nd hight lvl pe sl rkhte the abhi 1st high pe aise to RR bada hoga ye sl wala trade tha,0,0,https://www.youtube.com/watch?v=Er7rWHlwlqU,Ugzhjx-eB403Tmyz0uh4AaABAg,Short (trả lời comment): mở bằng “13:59 bhai pehle to 2nd hight lvl pe sl rkhte the abhi 1st high pe aise to RR ba” → 3 bước quản lý vốn/stop loss cho XAUUSD.,run_XAUUSD_trading_strategy,Backlog
PP-1202,1.25,strategy_rules,strategy_rules,Thank you Vivaan bhai ..ye to kamal ki strategy he,0,0,https://www.youtube.com/watch?v=Er7rWHlwlqU,UgzyD1kyDMFewDgPokl4AaABAg,"Short (trả lời comment): “Thank you Vivaan bhai ..ye to kamal ki strategy he” → chiến lược này dùng khung nào, áp dụng ra sao trong 60 giây.",run_XAUUSD_trading_strategy,Backlog
PP-1203,1.25,strategy_rules,strategy_rules,Does this apply on every timeframe,0,0,https://www.youtube.com/watch?v=pFYFLVlZqRg,UgxMQsvUYGu0Na_XM4t4AaABAg,"Short (trả lời comment): “Does this apply on every timeframe” → chiến lược này dùng khung nào, áp dụng ra sao trong 60 giây.",yt_api_run_001,Backlog
PP-1204,1.25,psychology,psychology,Respect the discipline,0,0,https://www.youtube.com/watch?v=p9DYQ-8_F7g,UgxlG7HpQXU39uOgn-V4AaABAg,"Short (trả lời comment): “Respect the discipline” → cách lấy lại kỷ luật sau chuỗi thua, 1 phút thực hành.",yt_api_run_001,Backlog
